id,drcog_id,latitude,longitude,crashtime,time,crashtype,numbkilled,numbinjurd,drcoglocat,rdconditin,lightngcon,roadcntgrd,weatherco,location,roaddescrp,schoolzone,constrzone,splimit,bikeinv,sctrinv,pedinv,motoinv,svrty,rdsystem,ttlvehcls,hcf
,2019-00984,39.676581,-104.946561,5/5/2019 12:49,12:49,3,0,0,WARREN AVENUE EAST & MADISON STREET SOUTH,1,1,0,0,1,1,,0,25,0,0,0,0,0,4,2,1
,2019-00985,39.625326,-104.9089095,8/28/2019 15:07,15:07,3,0,1,NIAGARA STREET SOUTH & CHENANGO AVENUE EAST,1,1,0,0,1,1,,0,25,0,0,0,1,2,4,2,13
,2019-00986,39.747497,-105.018116,1/10/2019 17:18,17:18,12,0,0,I25 & 23RD AVENUE WEST,1,3,1,0,1,4,,0,55,0,0,0,0,0,1,2,3
,2019-00989,39.696588,-104.8706325,6/5/2019 11:02,11:02,15,0,0,MISSISSIPPI AVENUE 10000 BLOCK EAST & FULTON STREET SOUTH,1,1,0,0,1,4,,0,,0,0,0,0,0,4,2,13
,2019-00990,39.778344,-104.9793615,5/8/2019 18:00,18:00,3,0,0,WASHINGTON STREET NORTH & 45TH AVENUE EAST,2,1,0,1,1,1,,0,30,0,0,0,0,0,4,2,13
,2019-00991,39.778106,-104.989193,12/8/2019 2:05,2:05,5,0,0,I25 NORTHBOUND OFF RAMP SPLIT GORE POINT TO & I70 EB/WB,1,3,0,0,2,7,,0,,0,0,0,0,0,1,1,13
,2019-00992,39.740086,-104.940612,7/11/2019 0:09,0:09,12,0,0,COLFAX AVENUE EAST & COLORADO BOULEVARD NORTH,1,3,0,0,1,1,,0,30,0,0,0,0,0,2,2,13
,2019-00993,39.753063,-104.9854905,10/28/2019 19:10,19:10,12,0,0,PARK AVENUE WEST & CHAMPA STREET,6,3,0,0,1,1,,0,35,0,0,0,0,0,4,2,13
,2019-00995,39.73816,-105.053215,6/3/2019 16:30,16:30,12,0,0,SHERIDAN BOULEVARD 1300 BLOCK NORTH & 14TH AVENUE WEST,2,1,0,1,1,3,,0,,0,0,0,0,0,2,2,13
,2019-00999,39.736878,-104.979881,12/28/2019 10:19,10:19,6,0,0,13TH AVENUE EAST & PEARL STREET NORTH,4,1,3,2,1,4,,0,,0,0,0,0,0,4,2,13
,2019-01003,39.776859,-104.8469535,11/12/2019 7:50,7:50,15,0,0,PEORIA STREET NORTH & 44TH AVENUE EAST,1,1,0,0,1,1,,0,35,0,0,0,0,0,4,2,13
,2019-01004,39.725379,-105.005619,3/17/2019 16:56,16:56,5,0,2,SIXTH AVENUE WEST & OSAGE STREET NORTH,1,1,0,0,2,1,,0,30,0,0,0,0,2,4,1,7
,2019-01005,39.73563,-104.90346,4/26/2019 19:55,19:55,5,0,0,QUEBEC STREET NORTH & 12TH AVENUE EAST,1,3,1,0,3,1,,0,30,0,0,0,0,0,4,1,2
,2019-01014,39.73311,-105.053238,1/4/2019 18:20,18:20,12,0,0,HIGHWAY 95 & MM 10,1,3,0,0,1,3,,0,45,0,0,0,0,0,2,2,3
,2019-01015,39.76312069,-104.902749,4/4/2019 7:30,7:30,12,0,0,QUEBEC STREET NORTH & 1700 BLOCK,1,1,0,0,1,4,,0,30,0,0,0,0,0,4,3,7
,2019-01016,39.674106,-104.9036895,9/14/2019 4:00,4:00,5,0,0,QUEBEC STREET SOUTH & WESLEY AVENUE EAST,1,3,0,0,2,4,,0,45,0,0,0,0,0,4,1,6
,2019-01017,39.76312069,-104.902749,4/20/2019 5:52,5:52,5,0,0,QUEBEC STREET & 1700 BLOCK NORTH,1,2,0,0,3,4,,0,35,0,0,0,0,0,4,1,2
,2019-01019,39.687564,-104.940549,10/7/2019 21:31,21:31,11,0,1,COLORADO BOULEVARD SOUTH & IOWA AVENUE,1,3,1,0,1,1,,0,35,0,0,1,0,1,2,2,13
,2019-01022,39.73311,-105.053238,6/1/2019 11:18,11:18,3,0,0,SHERIDAN BOULEVARD NORTH & 10TH AVENUE WEST,1,1,1,0,1,1,,0,35,0,0,0,0,0,2,2,13
,2019-01025,39.689325,-104.896719,1/31/2019 20:08,20:08,12,0,0,QUEBEC WAY SOUTH & FLORIDA AVENUE EAST,5,3,0,0,1,1,,0,30,0,0,0,0,0,4,2,14
,2019-01034,39.624183,-105.093171,4/13/2019 12:09,12:09,12,0,0,BELLEVIEW AVENUE WEST & CODY STREET SOUTH,1,1,0,0,1,3,,0,35,0,0,0,0,0,4,2,3
,2019-01039,39.71835,-104.9745915,2/15/2019 16:20,16:20,15,0,0,SPEER BOULEVARD EAST & CORONA STREET NORTH,1,1,0,0,1,3,,0,30,0,0,0,0,0,4,2,13
,2019-01046,39.670866,-104.8660605,6/30/2019 2:17,2:17,6,0,0,HAVANA STREET SOUTH & PARKER ROAD SOUTH,1,1,0,0,1,4,,0,40,0,0,0,0,0,2,2,5
,2019-01047,39.707469,-104.8659885,10/15/2019 13:03,13:03,15,0,1,HAVANA STREET SOUTH & VIRGINIA AVENUE EAST,1,1,0,0,1,3,,0,40,0,0,0,0,1,2,2,13
,2019-01048,39.670866,-104.8660605,11/5/2019 17:07,17:07,12,0,0,PARKER ROAD SOUTH & HAVANA STREET SOUTH,1,2,1,0,1,3,,0,45,0,0,0,0,0,2,2,14
,2019-01050,39.718377,-105.0532785,8/26/2019 16:33,16:33,12,0,1,SHERIDAN BOULEVARD & FIRST AVENUE WEST,1,2,0,0,1,1,,0,40,0,0,0,0,2,2,3,5
,2019-01055,39.729132,-104.9407785,11/18/2019 18:18,18:18,15,0,0,COLORADO BOULEVARD NORTH & EIGHTH AVENUE EAST / 800 BLOCK NORTH,1,2,0,0,1,4,,0,35,0,0,0,0,0,2,2,13
,2019-01066,39.797559,-104.8325085,1/1/2019 11:22,11:22,5,0,0,VICTOR STREET NORTH & RANDOLPH PLACE EAST,5,3,1,2,4,1,,0,25,0,0,0,0,0,4,1,13
,2019-01099,39.631455,-105.02541,5/9/2019 9:00,9:00,3,0,0,FEDERAL BOULEVARD SOUTH & UNION AVENUE WEST,2,1,0,1,1,1,,0,30,0,0,0,0,0,2,2,13
,2019-01100,39.631455,-105.02541,12/17/2019 9:35,9:35,3,0,0,FEDERAL BOULEVARD SOUTH & UNION AVENUE WEST,1,1,0,0,1,1,,0,35,0,0,0,0,0,2,2,10
,2019-01104,39.711339,-105.0532605,2/23/2019 20:53,20:53,15,0,3,SHERIDAN BOULEVARD SOUTH & ALAMEDA AVENUE WEST,1,3,0,0,1,1,,0,35,0,0,0,0,2,2,3,13
,2019-01105,39.711339,-105.0532605,7/15/2019 9:33,9:33,9,0,1,ALAMEDA AVENUE WEST & SHERIDAN BOULEVARD SOUTH,1,1,1,0,1,1,,0,40,0,0,0,1,2,2,1,13
,2019-01125,39.707469,-104.8659885,1/25/2019 13:06,13:06,12,0,0,HAVANA STREET SOUTH & VIRGINIA AVENUE EAST,1,1,0,0,1,1,,0,45,0,0,0,0,0,2,2,1
,2019-01128,39.729465,-105.053238,4/14/2019 23:00,23:00,3,0,0,SHERIDAN BOULEVARD NORTH & EIGHTH AVENUE WEST,1,3,1,0,1,2,,0,,0,0,0,0,0,2,2,13
,2019-01130,39.639663,-104.885019,9/4/2019 18:01,18:01,12,0,0,YOSEMITE STREET SOUTH & I225 NORTHBOUND ON RAMP,1,1,0,0,1,1,,0,40,0,0,0,0,0,1,2,13
,2019-01131,39.639303,-104.885028,1/5/2019 14:06,14:06,12,0,1,I225 & YOSEMITE STREET WB OFF RAMP GORE POINT,1,1,0,0,1,4,,0,65,0,0,0,0,2,1,2,13
,2019-01158,39.72042,-105.0532695,8/27/2019 21:14,21:14,12,0,0,SHERIDAN BOULEVARD & SECOND AVENUE WEST,1,3,1,0,1,1,,0,35,0,0,0,0,0,2,3,3
,2019-01170,39.791124,-105.0346305,12/12/2019 6:38,6:38,12,0,0,52ND AVENUE & LOWELL BOULEVARD,1,2,1,0,1,3,,0,30,0,0,0,0,0,4,2,13
,2019-01175,39.667779,-105.0532605,6/11/2019 9:30,9:30,3,0,0,SHERIDAN BOULEVARD SOUTH & YALE AVENUE WEST,1,1,1,0,1,1,,0,40,0,0,0,0,0,2,2,3
,2019-01196,39.662829,-105.081462,7/21/2019 21:30,21:30,14,0,2,WADSWORTH BOULEVARD SOUTH & DARTMOUTH AVENUE,1,2,0,0,1,4,,0,35,0,0,0,0,2,2,3,5
,2019-01198,39.702033,-104.9407695,7/1/2019 9:51,9:51,12,0,0,COLORADO BOULEVARD SOUTH & OHIO AVENUE,1,1,0,0,1,3,,0,35,0,0,0,0,0,2,2,1
,2019-01200,39.700431,-105.053238,2/17/2019 19:35,19:35,1,0,0,SHERIDAN BOULEVARD SOUTH & KENTUCKY AVENUE WEST,4,3,0,2,1,1,,0,35,0,0,0,0,0,2,2,13
,2019-01205,39.653307,-105.032151,9/10/2019 12:20,12:20,12,0,0,HAMPDEN AVENUE WEST & LOWELL BOULEVARD SOUTH / KNOX COURT,1,1,0,0,1,4,,0,55,0,0,0,0,0,2,2,1
,2019-01211,39.629448,-105.096348,10/20/2019 6:49,6:49,5,0,0,SARATOGA PLACE WEST & DUDLEY STREET SOUTH,1,2,0,0,3,1,,0,25,0,0,0,0,0,4,1,7
,2019-01212,39.723435,-104.9837895,3/31/2019 2:35,2:35,12,0,0,SPEER BOULEVARD EAST & GRANT STREET NORTH,1,3,0,0,1,1,,0,30,0,0,0,0,0,4,2,5
,2019-01213,39.761586,-104.897601,6/11/2019 0:05,0:05,6,0,0,SPRUCE STREET & 3800 BLOCK SOUTH,1,4,0,5,1,4,,0,25,0,0,0,0,0,4,2,7
,2019-01215,39.785877,-104.8918815,5/11/2019 15:00,15:00,6,0,0,VALENTIA NORTH & 1700 BLOCK NORTH,1,1,0,0,1,4,,0,,0,0,0,0,0,4,2,13
,2019-01216,39.6780885,-104.963004,11/20/2019 12:50,12:50,6,0,0,VINE STREET SOUTH & 2400 BLOCK SOUTH,1,1,0,0,1,2,,0,25,0,0,0,0,0,4,2,13
,2019-01217,39.707478,-104.973381,11/22/2019 9:11,9:11,14,0,0,VIRGINIA AVENUE EAST & DOWNING STREET SOUTH,2,1,0,2,1,1,,0,25,0,0,0,0,0,4,2,13
,2019-01218,39.785436,-104.884983,2/19/2019 13:57,13:57,5,0,0,YOSEMITE SOUTH & 4500 BLOCK NORTH,1,1,0,0,1,4,,0,30,0,0,0,0,0,4,1,1
,2019-01263,39.76571276,-104.9474697,9/13/2019 19:00,19:00,6,0,0,COOK STREET NORTH & 35TH AVENUE EAST,1,4,0,0,1,4,,0,25,0,0,0,0,0,4,2,13
,2019-01265,39.71110912,-104.9481476,7/20/2019 22:35,22:35,5,0,0,CHERRY CREEK DRIVE NORTH EAST & ALAMEDA AVENUE EAST,1,3,0,0,2,3,,0,35,0,0,0,0,0,4,1,9
,2019-01269,39.7368146,-104.960477,3/20/2019 18:10,18:10,6,0,0,13TH AVENUE EAST & GAYLORD STREET NORTH,1,3,0,0,1,4,,0,30,0,0,0,0,0,4,2,1
,2019-01270,39.72452735,-105.034885,3/7/2019 14:21,14:21,6,0,0,FIFTH AVENUE WEST & LOWELL BOULEVARD NORTH,1,1,1,0,1,4,,0,25,0,0,0,0,0,4,2,2
,2019-01271,39.72561506,-104.9124599,9/10/2019 10:16,10:16,5,0,1,SIXTH AVENUE EAST & MONACO STREET NORTH,1,1,0,0,2,3,,0,30,0,0,0,0,1,4,1,14
,2019-01272,39.79831243,-104.8612249,12/23/2019 7:11,7:11,5,0,0,56TH AVENUE & 10900 BLOCK EAST,1,2,0,0,3,2,,0,40,0,0,0,0,0,4,2,3
,2019-01273,39.71119053,-104.9954969,10/4/2019 15:25,15:25,12,0,0,ALAMEDA AVENUE WEST & SANTA FE DRIVE SOUTH,1,1,0,0,1,3,,0,35,0,0,0,0,0,4,2,13
,2019-01274,39.74469301,-104.9963158,8/9/2019 10:17,10:17,12,0,0,CHAMPA STREET & 14TH STREET,1,1,0,0,1,4,,0,30,0,0,0,0,0,4,2,13
,2019-01275,39.62926343,-105.0399569,8/21/2019 23:38,23:38,5,0,0,GRAND WEST & PERRY STREET SOUTH,1,3,0,0,1,4,,0,20,0,0,0,0,0,4,1,14
,2019-01276,39.6551338,-104.8701126,8/3/2019 16:32,16:32,6,0,0,GIRARD AVENUE EAST & GELENA STREET EAST,1,1,0,0,1,4,,0,35,0,0,0,0,0,4,2,1
,2019-01277,39.74598,-104.998068,4/28/2019 2:25,2:25,6,0,0,14TH STREET 1000 BLOCK & ARAPAHOE STREET,1,3,0,0,1,1,,0,30,0,0,0,0,0,4,2,1
,2019-01278,39.76299457,-105.0332162,10/18/2019 17:30,17:30,6,0,0,MONCRIEFF PLACE WEST & LOWELL BOULEVARD NORTH,1,2,0,0,1,4,,0,25,0,0,0,0,0,4,2,13
,2019-01283,39.77763312,-104.76159,1/2/2019 16:05,16:05,6,0,0,ENSENADA 4500 BLOCK NORTH & CHAFFEE PLACE EAST,4,1,1,0,1,4,,0,25,0,0,0,0,0,4,2,13
,2019-01284,39.70941273,-105.025419,1/29/2019 9:09,9:09,5,0,0,DAKOTA AVENUE 3000 WEST & FEDERAL BOULEVARD SOUTH,5,1,0,0,3,4,,0,,0,0,0,0,0,4,1,13
,2019-01285,39.72026449,-105.0227827,11/10/2019 15:32,15:32,6,0,1,SECOND AVENUE WEST & DECATUR STREET NORTH,1,1,0,0,1,4,,0,,0,0,0,0,1,4,2,13
,2019-01286,39.7868157,-104.7645137,7/10/2019 23:23,23:23,6,0,0,CATHAY STREET NORTH & 50TH AVENUE EAST,1,3,0,0,1,4,,0,25,0,0,0,0,0,4,2,5
,2019-01287,39.76196148,-105.0346092,9/6/2019 18:45,18:45,6,0,0,LOWELL BOULEVARD NORTH & 32ND AVENUE WEST,1,2,0,0,1,4,,0,25,0,0,0,0,0,4,2,1
,2019-01288,39.70648058,-105.0038466,2/18/2019 13:19,13:19,5,0,0,NAVAJO STREET SOUTH & CUSTER PLACE WEST,5,1,1,0,3,4,,0,25,0,0,0,0,0,4,1,13
,2019-01289,39.73687838,-104.979901,6/28/2019 20:13,20:13,15,0,0,PEARL STREET NORTH & 13TH AVENUE EAST,1,3,0,0,1,4,,0,30,0,0,0,0,0,4,2,13
,2019-01290,39.73168722,-104.9034692,8/15/2019 15:12,15:12,12,0,0,QUEBEC STREET NORTH & 10TH AVENUE EAST,1,1,0,0,1,2,,0,30,0,0,0,0,0,4,2,1
,2019-01291,39.76063019,-104.9659531,10/18/2019 19:13,19:13,6,0,0,WILLIAMS STREET NORTH & 31ST AVENUE EAST,1,1,0,0,1,4,,0,25,0,0,0,0,0,4,2,13
,2019-01292,39.69605469,-105.0437296,2/14/2019 3:38,3:38,6,0,0,TENNYSON STREET SOUTH & MISSISSIPPI AVENUE WEST,1,3,0,0,1,4,,0,25,0,0,0,0,0,4,2,5
,2019-01293,39.67233067,-104.9593871,5/7/2019 1:05,1:05,5,0,0,UNIVERSITY BOULEVARD SOUTH & WESLEY AVENUE EAST,1,3,0,0,3,4,,0,30,0,0,0,0,0,4,1,13
,2019-01297,39.74274514,-105.0315962,11/2/2019 2:00,2:00,6,0,0,16TH AVENUE WEST & JULIAN STREET NORTH,5,3,0,0,1,4,,0,25,0,0,0,0,0,4,3,13
,2019-01298,39.71935216,-104.9827004,3/30/2019 15:45,15:45,3,0,0,SECOND AVENUE EAST & ALLEY EAST,1,1,1,0,1,5,,0,,0,0,0,0,0,4,2,13
,2019-01299,39.77114444,-105.0445602,9/13/2019 11:53,11:53,6,0,0,39TH AVENUE WEST & TENNYSON STREET NORTH,1,1,1,0,1,5,,0,25,0,0,0,0,0,4,2,13
,2019-01300,39.77883526,-104.8246996,9/29/2019 13:24,13:24,5,0,1,ANDREWS DRIVE EAST & 46TH AVENUE EAST,1,1,0,0,2,1,,0,25,0,0,0,0,1,4,1,14
,2019-01301,39.76448997,-104.9598396,6/22/2019 14:17,14:17,6,0,0,BRUCE RANDOLPH AVENUE EAST & YORK STREET NORTH,1,1,0,0,1,4,,0,35,0,0,0,0,0,4,2,14
,2019-01302,39.67859641,-105.0345381,6/27/2019 17:16,17:16,12,0,0,EVANS AVENUE WEST & LOWELL BOULEVARD SOUTH,1,1,0,0,1,3,,0,35,0,0,0,0,0,4,2,1
,2019-01303,39.68934315,-104.9274774,1/29/2019 17:44,17:44,8,0,0,FLORIDA AVENUE EAST & FILBERT WAY SOUTH,10,3,0,0,1,4,,0,35,0,0,0,0,0,4,2,7
,2019-01304,39.70038497,-105.0275669,9/3/2019 21:56,21:56,12,0,1,KENTUCKY AVENUE WEST & HAZEL COURT,1,3,0,0,1,3,,0,25,0,0,0,1,1,4,2,13
,2019-01305,39.7356242,-104.9084955,1/18/2019 12:38,12:38,5,0,0,ONEIDA STREET NORTH & 12TH AVENUE EAST,4,1,1,2,2,4,,0,30,0,0,0,0,0,4,1,1
,2019-01310,39.6932051,-105.0174662,10/28/2019 18:10,18:10,6,0,0,BEACH COURT SOUTH & LOUISIANA AVENUE WEST,10,4,0,0,1,4,,0,25,0,0,0,0,0,4,2,13
,2019-01311,39.7012862,-105.0203754,7/2/2019 3:47,3:47,6,0,0,CLAY STREET SOUTH & TENNESSEE AVENUE,1,4,0,0,1,4,,0,25,0,0,0,0,0,4,2,1
,2019-01312,39.68371037,-104.8965818,8/3/2019 0:18,0:18,6,0,0,TRENTON STREET SOUTH & COLORADO AVENUE EAST,1,3,0,0,1,4,,0,25,0,0,0,0,0,4,2,5
,2019-01313,39.69672883,-105.0087098,7/9/2019 19:00,19:00,6,0,0,RARITAN STREET SOUTH & MISSISSIPPI AVENUE WEST,1,1,1,0,1,4,,0,25,0,0,0,0,0,4,2,12
,2019-01314,39.68816801,-105.0452025,8/20/2019 22:39,22:39,6,0,0,UTICA STREET 1500 SOUTH & IOWA AVENUE WEST,1,3,0,0,1,4,,0,25,0,0,0,0,0,4,2,1
,2019-01315,39.74309213,-104.9634647,1/10/2019 22:47,22:47,6,0,0,RACE STREET 1700 BLOCK NORTH & 18TH AVENUE EAST,1,3,0,0,1,4,,0,30,0,0,0,0,0,4,2,13
,2019-01323,39.70946554,-105.0396131,1/18/2019 12:00,12:00,6,0,0,DAKOTA AVENUE WEST 3900 BLOCK & PERRY STREET SOUTH,4,1,0,2,1,3,,0,,0,0,0,0,0,4,2,13
,2019-01324,39.67846387,-104.9312567,2/19/2019 18:50,18:50,12,0,1,EVANS AVENUE EAST & DAHLIA STREET SOUTH,4,3,0,2,1,4,,0,35,0,0,0,0,2,4,2,13
,2019-01332,39.73348022,-104.9741135,11/13/2019 17:00,17:00,6,0,0,CORONA STREET NORTH & 11TH AVENUE EAST,1,2,0,0,1,4,,0,25,0,0,0,0,0,4,2,13
,2019-01333,39.76914373,-105.0005883,5/23/2019 5:55,5:55,6,0,0,KALAMATH STREET NORTH & 38TH AVENUE WEST,1,1,0,0,1,2,,0,25,0,0,0,0,0,4,2,1
,2019-01334,39.78687594,-105.0357859,11/5/2019 20:20,20:20,6,0,0,MEADE STREET NORTH & 50TH AVENUE WEST,1,3,0,0,1,4,,0,25,0,0,0,0,0,4,3,13
,2019-01335,39.77800018,-104.9129011,10/25/2019 17:06,17:06,12,0,0,MONACO STREET NORTH & STAPLETON DRIVE EAST,1,1,0,0,1,3,,0,30,0,0,0,0,0,4,2,13
,2019-01342,39.73657225,-105.0327654,11/11/2019 21:35,21:35,6,0,0,13TH AVENUE WEST & KNOX COURT NORTH,5,3,0,0,1,4,,0,25,0,0,0,0,0,4,4,13
,2019-01343,39.68949917,-105.0215555,10/7/2019 10:21,10:21,15,0,0,FLORIDA AVENUE WEST & DALE COURT SOUTH,1,1,1,0,1,4,,0,25,0,0,0,0,0,4,2,13
,2019-01346,39.718161,-105.0457185,10/10/2019 18:33,18:33,3,0,2,VRAIN STREET NORTH & FIRST AVENUE WEST,1,3,0,0,1,1,,0,25,0,0,0,0,2,4,2,7
,2019-01353,39.696309,-104.8974705,5/17/2019 0:20,0:20,5,0,0,MISSISSIPPI AVENUE EAST & PARKER ROAD SOUTH,1,3,0,0,3,4,,0,,0,0,0,0,0,4,1,13
,2019-01355,39.660219,-104.8663575,8/19/2019 12:00,12:00,5,0,0,DARTMOUTH AVENUE EAST & HAVANA STREET SOUTH,1,3,0,0,3,4,,0,35,0,0,0,0,0,4,1,1
,2019-01367,39.711183,-105.01103,12/31/2019 15:02,15:02,5,0,0,ALAMEDA AVENUE WEST & TEJON STREET SOUTH,1,1,0,0,2,4,,0,30,0,0,0,0,0,2,1,3
,2019-01371,39.740007,-104.986199,10/3/2019 8:15,8:15,15,0,0,LINCOLN STREET NORTH & COLFAX AVENUE EAST,1,1,0,0,1,1,,0,30,0,0,0,0,0,2,2,13
,2019-01373,39.764052,-104.8916925,11/16/2019 1:00,1:00,6,0,0,VALENTIA STREET & 1500 BLOCK NORTH,1,2,0,0,1,4,,0,,0,0,0,0,0,4,2,13
,2019-01377,39.779712,-104.971136,2/21/2019 13:23,13:23,5,0,1,I70 & I70 EASTBOUND EXIT GORE POINT TO BRIGHTON BOULEVARD NORTH,1,1,0,0,3,4,,0,55,0,0,0,0,1,1,1,1
,2019-01378,39.779525,-104.975636,7/16/2019 10:34,10:34,12,0,0,I70 & WASHINGTON STREET NORTH,1,1,0,0,1,4,,0,65,0,0,0,0,0,1,2,13
,2019-01380,39.779821,-104.9686,4/3/2019 21:59,21:59,5,0,0,I70 & BRIGHTON BOULEVARD NORTH,1,3,0,0,3,4,,0,55,0,0,0,0,0,1,1,1
,2019-01385,39.775623,-104.865778,6/17/2019 21:45,21:45,12,0,1,I70 & HAVANA STREET NORTH,1,3,0,0,1,4,,1,55,0,0,0,0,1,1,2,13
,2019-01391,39.696642,-104.8659885,3/19/2019 11:05,11:05,1,0,0,HAVANA STREET SOUTH & MISSISSIPPI AVENUE EAST,1,1,0,0,1,2,,0,30,0,0,0,0,0,2,2,13
,2019-01393,39.740427,-105.053202,8/17/2019 13:31,13:31,3,0,0,HIGHWAY 40 / COLFAX AVENUE WEST & HIGHWAY 95 / SHERIDAN BOULEVARD NORTH,1,1,0,0,1,1,,0,30,0,0,0,0,0,2,2,13
,2019-01394,39.73925374,-105.0213057,1/10/2019 2:45,2:45,6,0,0,MORRISON ROAD & 4200 BLOCK WEST,1,3,0,0,1,4,,0,30,0,0,0,0,0,4,4,3
,2019-01396,39.697189,-104.89975,9/17/2019 7:59,7:59,1,0,0,PARKER ROAD SOUTH & 1090 SOUTH PARKER ROAD,1,1,0,0,1,2,,0,35,0,0,0,0,0,2,2,13
,2019-01397,39.740211,-104.88465,3/8/2019 16:55,16:55,1,0,1,COLFAX AVENUE EAST & YOSEMITE STREET NORTH,1,1,0,0,1,1,,0,30,0,0,0,0,1,2,2,5
,2019-01398,39.708953,-104.930838,12/6/2019 11:27,11:27,12,0,2,LEETSDALE DRIVE 4800 BLOCK & DAHLIA STREET SOUTH,1,1,0,0,1,4,,0,30,0,0,0,0,1,2,2,13
,2019-01399,39.624219,-104.91192,10/7/2019 17:31,17:31,15,0,0,BELLEVIEW AVENUE EAST & MONACO STREET SOUTH,1,1,0,0,1,4,,0,35,0,0,0,0,0,2,2,13
,2019-01402,39.696759,-105.05322,10/24/2019 18:21,18:21,12,0,0,SHERIDAN BOULEVARD SOUTH & MISSISSIPPI AVENUE WEST,1,3,0,0,1,3,,0,35,0,0,0,0,0,2,2,13
,2019-01403,39.73925374,-105.0213057,2/19/2019 15:05,15:05,6,0,0,MORRISON ROAD & 4545 BLOCK,4,1,0,2,1,4,,0,30,0,0,0,0,0,4,2,3
,2019-01404,39.678616,-105.025049,1/25/2019 14:50,14:50,15,0,0,FEDERAL BOULEVARD SOUTH & EVANS AVENUE WEST,5,1,0,2,1,1,,0,,0,0,0,0,0,2,2,13
,2019-01408,39.716613,-105.0532695,11/23/2019 18:35,18:35,5,0,0,SHERIDAN BOULEVARD SOUTH & 4550 SHERIDAN BOULEVARD,1,3,1,0,2,4,,0,35,0,0,0,0,0,2,1,10
,2019-01409,39.726183,-105.053139,5/2/2019 8:50,8:50,12,0,0,SHERIDAN BOULEVARD NORTH & SIXTH AVENUE WB RAMPS,1,1,0,0,1,1,,0,35,0,0,0,0,0,2,2,14
,2019-01416,39.696921,-105.053229,5/9/2019 16:00,16:00,12,0,0,MORRISON ROAD 5100 BLOCK & SHERIDAN BOULEVARD SOUTH,2,1,1,1,1,4,,0,25,0,0,0,0,0,4,2,13
,2019-01418,39.793949,-104.956309,7/5/2019 18:13,18:13,5,0,0,BRIGHTON BOULEVARD NORTH & YORK STREET,2,1,0,1,3,1,,0,35,0,0,0,0,0,2,1,1
,2019-01420,39.635253,-105.0823395,7/8/2019 20:00,20:00,5,0,0,WADSWORTH BOULEVARD SOUTH & 2690 SOUTH WADSWORTH BOULEVARD,1,4,1,0,2,4,,0,40,0,0,0,0,0,2,1,5
,2019-01424,39.72555,-104.8753485,12/8/2019 11:10,11:10,12,0,1,SIXTH AVENUE EAST & DAYTON STREET NORTH,1,1,0,0,1,1,,0,35,0,0,0,0,1,2,2,3
,2019-01425,39.670866,-104.8660605,10/3/2019 12:20,12:20,12,0,0,HAVANA STREET SOUTH & PARKER ROAD SOUTH,1,1,0,0,1,3,,0,45,0,0,0,0,0,2,2,12
,2019-01427,39.653046,-104.8756995,3/4/2019 14:15,14:15,12,0,0,HAMPDEN AVENUE EAST & DAYTON STREET SOUTH,1,1,0,0,1,4,,0,35,0,0,0,0,0,2,2,13
,2019-01436,39.77322887,-104.8298405,7/9/2019 7:09,7:09,15,0,0,I70 WB ON RAMP LOOP ENTRANCE GORE POINT FROM & I225 NORTHBOUND,1,1,0,0,1,7,,1,55,0,0,0,0,0,1,2,1
,2019-01454,39.692817,-105.053193,1/18/2019 21:55,21:55,3,0,3,SHERIDAN BOULEVARD SOUTH & LOUISIANA AVENUE WEST,5,3,1,2,1,1,,0,35,0,0,0,0,2,2,2,14
,2019-01455,39.700431,-105.053238,12/3/2019 13:23,13:23,15,0,0,SHERIDAN BOULEVARD SOUTH & KENTUCKY AVENUE WEST,2,1,1,0,1,3,,0,35,0,0,0,0,0,2,2,3
,2019-01456,39.706884,-105.0532515,5/29/2019 18:47,18:47,12,0,1,SHERIDAN BOULEVARD SOUTH & BINGHAM PLACE WEST,1,1,0,0,1,4,,0,35,0,0,0,0,1,2,2,3
,2019-01457,39.743397,-105.034606,12/29/2019 0:05,0:05,6,0,0,17TH AVENUE WEST & LOWELL BOULEVARD NORTH,4,3,0,0,1,4,,0,25,0,0,0,0,0,4,2,13
,2019-01458,39.748932,-105.0012495,5/12/2019 17:06,17:06,10,0,0,14TH COURT & BLAKE STREET,1,1,0,0,1,1,,0,25,0,0,0,0,0,4,2,13
,2019-01467,39.744792,-104.989203,1/28/2019 15:25,15:25,15,0,0,17TH STREET & GLENARM PLACE,4,1,0,2,1,1,,0,30,0,0,0,0,0,4,2,13
,2019-01468,39.74481,-104.9861205,10/10/2019 22:45,22:45,12,0,0,18TH AVENUE EAST & LINCOLN STREET NORTH,1,3,1,0,1,1,,0,30,0,0,0,0,0,4,2,13
,2019-01471,39.667572,-104.9453505,9/3/2019 18:00,18:00,3,0,0,YALE AVENUE EAST & MONROE STREET SOUTH,1,1,0,0,1,1,,0,30,0,0,0,0,0,4,2,13
,2019-01472,39.732039,-104.974101,10/21/2019 10:49,10:49,2,0,0,CORONA STREET NORTH & 10TH AVENUE EAST,1,1,1,0,1,1,,0,30,1,0,0,0,0,4,2,13
,2019-01474,39.712393,-104.999602,4/4/2019 1:59,1:59,5,0,2,I25 & ALAMEDA AVENUE WEST,1,3,0,0,3,4,,0,65,0,0,0,0,3,1,1,5
,2019-01480,39.685905,-105.020361,1/18/2019 15:46,15:46,11,0,0,MEXICO AVENUE WEST & CLAY STREET SOUTH,2,1,0,2,1,1,,0,25,0,0,1,0,0,4,2,3