id,drcog_id,latitude,longitude,crashtime,time,crashtype,numbkilled,numbinjurd,drcoglocat,rdconditin,lightngcon,roadcntgrd,weatherco,location,roaddescrp,schoolzone,constrzone,splimit,bikeinv,sctrinv,pedinv,motoinv,svrty,rdsystem,ttlvehcls,hcf
,2019-10955,39.75057198,-104.9873896,5/31/2019 16:35,16:35,12,0,0,BROADWAY 2100 BLOCK NORTH & 21ST STREET,1,1,0,0,1,4,,0,35,0,0,0,0,0,4,2,13
,2019-10956,39.71936938,-104.9874982,3/3/2019 9:05,9:05,15,0,0,BROADWAY STREET NORTH & SECOND AVENUE EAST,4,1,0,0,1,4,,0,30,0,0,0,0,0,4,2,8
,2019-10957,39.71936938,-104.9874982,5/20/2019 13:40,13:40,12,0,0,BROADWAY STREET NORTH 200 BLOCK & SECOND AVENUE WEST,2,1,0,1,1,4,,0,30,0,0,0,0,0,4,2,13
,2019-10958,39.73756737,-104.9953047,7/25/2019 13:03,13:03,6,0,0,FOX STREET NORTH & 13TH AVENUE WEST,1,1,0,0,1,4,,0,25,0,0,0,0,0,4,2,1
,2019-10959,39.72909482,-104.987404,3/23/2019 19:53,19:53,6,0,0,BROADWAY STREET NORTH 800 BLOCK & EIGHTH STREET EAST,1,3,0,0,1,4,,0,30,0,0,0,0,0,4,2,5
,2019-10960,39.71142414,-104.9875679,8/15/2019 10:48,10:48,15,0,1,BROADWAY STREET SOUTH & ALAMEDA AVENUE EAST,1,1,0,0,1,3,,0,30,0,0,0,0,1,4,2,8
,2019-10961,39.71142414,-104.9875679,9/6/2019 18:14,18:14,15,0,0,BROADWAY SOUTH & ALAMEDA AVENUE EAST,1,1,0,0,1,4,,0,35,0,0,0,0,0,4,2,13
,2019-10962,39.71832963,-104.9473771,7/31/2019 8:25,8:25,5,0,0,COOK STREET NORTH & FIRST AVENUE EAST,1,1,0,0,1,4,,1,25,0,0,0,0,0,4,1,13
,2019-10963,39.69511734,-104.9874461,10/7/2019 15:45,15:45,12,0,0,BROADWAY STREET SOUTH & ARIZONA AVENUE WEST,1,1,0,0,1,4,,0,35,0,0,0,0,0,4,2,13
,2019-10964,39.69157275,-104.9874777,3/7/2019 7:04,7:04,5,0,0,BROADWAY 1300 BLOCK SOUTH & ARKANSAS AVENUE EAST,5,1,0,0,3,4,,0,35,0,0,0,0,0,4,1,13
,2019-10965,39.74904832,-104.9875258,2/17/2019 14:05,14:05,12,0,0,BROADWAY 2000 BLOCK NORTH & CALIFORNIA STREET,1,1,0,0,1,3,,0,30,0,0,0,0,0,4,2,13
,2019-10966,39.7548687,-104.8904007,5/5/2019 21:26,21:26,5,0,0,CENTRAL PARK BOULEVARD 2600 BLOCK NORTH & 26TH AVENUE EAST,1,3,0,0,3,4,,0,40,0,0,0,0,0,4,1,14
,2019-10967,39.70573032,-104.9875578,4/8/2019 2:53,2:53,12,0,1,BROADWAY STREET SOUTH & CENTER AVENUE EAST,1,3,3,0,1,4,,0,30,0,0,0,0,1,4,2,14
,2019-10968,39.74123747,-104.9873921,6/2/2019 9:00,9:00,6,0,0,BROADWAY STREET NORTH & COLFAX AVENUE,1,1,0,0,1,4,,0,30,0,0,0,0,0,4,2,13
,2019-10969,39.68447506,-104.9875423,6/15/2019 11:05,11:05,6,0,0,BROADWAY STREET 1700 BLOCK SOUTH & COLORADO AVENUE EAST,1,1,0,0,1,4,,0,35,0,0,0,0,0,4,2,13
,2019-10970,39.75312091,-104.9874095,6/2/2019 7:10,7:10,15,0,0,BROADWAY 2100 BLOCK NORTH & CURTIS STREET,1,1,0,0,1,4,,0,30,0,0,0,0,0,4,2,13
,2019-10971,39.70954245,-104.9875944,1/16/2019 19:48,19:48,15,0,1,BROADWAY STREET SOUTH & DAKOTA AVENUE EAST,1,3,0,0,1,3,,0,30,0,0,0,0,1,4,2,1
,2019-10972,39.6785529,-104.9875673,1/31/2019 22:37,22:37,12,0,0,BROADWAY STREET SOUTH & EVANS AVENUE EAST,1,3,0,0,1,4,,0,35,0,0,0,0,0,4,2,5
,2019-10973,39.74484782,-104.9775622,8/22/2019 2:56,2:56,6,0,0,CLARKSON STREET NORTH & 18TH AVENUE EAST,1,4,0,0,1,4,,0,30,0,0,0,0,0,4,6,5
,2019-10975,39.68810101,-104.987509,10/18/2019 6:49,6:49,12,0,0,BROADWAY STREET 1500 BLOCK SOUTH & IOWA AVENUE WEST,1,1,0,0,1,4,,0,30,0,0,0,0,0,4,2,13
,2019-10976,39.70559375,-104.9221503,7/2/2019 9:25,9:25,5,0,0,CENTER AVENUE EAST & HOLLY STREET SOUTH,1,1,0,0,2,4,,0,30,0,0,0,0,0,4,1,3
,2019-10977,39.71756243,-104.9875049,10/15/2019 11:00,11:00,12,0,0,BROADWAY STREET 000 BLOCK NORTH & IRVINGTON PLACE WEST,1,1,0,0,1,3,,0,30,0,0,0,0,0,4,2,1
,2019-10978,39.68239043,-104.9875656,9/13/2019 15:34,15:34,15,0,0,BROADWAY STREET SOUTH & JEWELL AVENUE EAST,1,1,0,0,1,4,,0,35,0,0,0,0,0,4,2,13
,2019-10979,39.75558891,-104.9874344,6/26/2019 4:25,4:25,12,0,0,BROADWAY STREET NORTH 1200 BLOCK & LAWRENCE STREET,1,3,1,0,1,4,,0,35,0,0,0,0,0,4,2,1
,2019-10980,39.75560258,-104.9874166,9/20/2019 8:06,8:06,12,0,1,BROADWAY STREET NORTH & LAWRENCE STREET,1,1,0,0,1,3,,0,30,0,0,0,0,1,4,2,3
,2019-10981,39.69301926,-104.9874683,5/25/2019 17:30,17:30,12,0,0,BROADWAY STREET SOUTH & LOUISIANA AVENUE EAST,1,1,0,0,1,3,,0,35,0,0,0,0,0,4,2,13
,2019-10982,39.69663426,-104.9874308,7/31/2019 7:34,7:34,12,0,0,BROADWAY STREET SOUTH & MISSISSIPPI AVENUE WEST,1,1,0,0,1,3,,0,35,0,0,0,0,0,4,2,1
,2019-10983,39.69863879,-104.9874558,4/21/2019 12:30,12:30,6,0,0,BROADWAY STREET 900 BLOCK SOUTH & TENNESSEE AVENUE EAST,1,1,0,0,1,4,,0,30,0,0,0,0,0,4,2,2
,2019-10984,39.69875134,-104.9874572,11/14/2019 8:10,8:10,12,0,0,BROADWAY STREET SOUTH & TENNESSEE AVENUE EAST,1,1,0,0,1,4,,0,35,0,0,0,0,0,4,3,3
,2019-10985,39.66948479,-104.9875294,1/3/2019 10:40,10:40,12,0,0,BROADWAY SOUTH & VASSAR AVENUE EAST,1,1,0,0,1,4,,0,25,0,0,0,0,0,4,2,13
,2019-10986,39.74739632,-104.9873444,6/23/2019 11:33,11:33,15,0,0,BROADWAY STREET 1900 BLOCK NORTH & WELTON STREET,1,1,0,0,1,2,,0,30,0,0,0,0,0,4,2,8
,2019-10987,39.6677893,-104.9875821,11/17/2019 16:41,16:41,6,0,0,BROADWAY STREET SOUTH & YALE AVENUE EAST,1,2,0,0,1,3,,0,30,0,0,0,0,0,4,2,2
,2019-10988,39.70959735,-104.9875934,11/22/2019 19:16,19:16,15,0,0,BRODWAY STREET 300 BLOCK SOUTH & DAKOTA AVENUE EAST,1,3,0,0,1,4,,0,30,0,0,0,0,0,4,2,13
,2019-10990,39.78841488,-104.8272461,7/18/2019 19:29,19:29,3,0,0,CARSON STREET NORTH & 51ST AVENUE EAST,1,1,0,0,1,1,,0,25,0,0,0,1,0,4,2,13
,2019-10991,39.77322025,-104.8098796,2/19/2019 7:52,7:52,12,0,0,CHAMBERS ROAD NORTH & 40TH AVENUE EAST,1,1,0,2,1,1,,0,40,0,0,0,0,0,4,2,7
,2019-10992,39.77504991,-104.809682,5/8/2019 10:35,10:35,12,0,0,CHAMBERS ROAD 4000 BLOCK NORTH & 40TH AVENUE EAST,2,1,1,1,1,4,,0,35,0,0,0,0,0,4,2,14
,2019-10993,39.77326967,-104.8098801,5/10/2019 20:16,20:16,12,0,0,CHAMBERS ROAD NORTH & 40TH AVENUE EAST,1,3,0,0,1,4,,0,40,0,0,0,0,0,4,2,13
,2019-10994,39.77414809,-104.8098889,7/18/2019 6:35,6:35,3,0,0,CHAMBERS ROAD NORTH & 40TH AVENUE EAST,1,1,0,0,1,2,,0,30,0,0,0,0,0,4,2,14
,2019-10995,39.77802025,-104.8098835,11/22/2019 5:48,5:48,12,0,1,CHAMBERS ROAD NORTH & 46TH AVENUE EAST,5,2,0,0,1,4,,0,40,0,0,0,0,1,4,2,13
,2019-10996,39.77527714,-104.8098989,6/3/2019 12:20,12:20,15,0,0,CHAMBERS ROAD NORTH & ANDREWS DRIVE EAST,1,1,0,0,1,4,,0,,0,0,0,0,0,4,2,13
,2019-10997,39.75775738,-104.9794788,1/24/2019 12:48,12:48,12,0,0,CHAMPA STREET & 28TH STREET,4,1,0,0,1,3,,0,25,0,0,0,0,0,4,2,1
,2019-10998,39.75498784,-104.9855558,2/21/2019 16:28,16:28,12,0,1,CHAMPA STREET & PARK AVENUE WEST,1,3,0,0,1,4,,0,30,0,0,0,0,1,4,2,8
,2019-10999,39.7419575,-104.9998567,2/8/2019 17:04,17:04,12,0,1,CHAMPA STREET & SPEER BOULEVARD NORTH,6,1,0,0,1,4,,0,30,0,0,0,0,2,4,2,10
,2019-11000,39.73759456,-104.9916518,8/6/2019 18:28,18:28,3,0,0,CHEROKEE STREET NORTH & 12TH AVENUE WEST,1,1,0,0,1,2,,0,25,0,0,0,0,0,4,2,8
,2019-11001,39.72419237,-104.9921596,4/29/2019 14:51,14:51,3,0,0,CHEROKEE STREET 500 BLOCK & FIFTH AVENUE EAST,1,1,0,0,1,2,,0,25,0,0,0,0,0,4,2,13
,2019-11002,39.74022253,-105.0509327,9/13/2019 1:30,1:30,6,0,0,YATES STREET NORTH & COLFAX AVENUE WEST,1,3,0,0,1,4,,0,25,0,0,0,0,0,4,2,3
,2019-11003,39.71144265,-104.9923946,8/7/2019 19:30,19:30,3,0,0,CHEROKEE STREET & ALAMEDA AVENUE,1,1,0,0,1,5,,0,,0,0,0,0,0,4,2,13
,2019-11004,39.7636358,-104.9343966,7/11/2019 13:02,13:02,6,0,1,CHERRY STREET NORTH & 33RD AVENUE EAST,1,1,0,0,1,4,,0,,0,0,0,0,1,4,2,13
,2019-11005,39.73388069,-104.9775897,3/23/2019 11:30,11:30,6,0,0,CLARKSON STREET NORTH 1100 BLOCK & 11TH AVENUE EAST,1,3,0,0,1,4,,0,25,0,0,0,0,0,4,2,13
,2019-11006,39.727621,-104.9775643,8/24/2019 13:13,13:13,6,0,0,CLARKSON STREET NORTH & SEVENTH AVENUE EAST,1,1,1,0,1,4,,0,30,0,0,0,0,0,4,2,1
,2019-11007,39.76960322,-105.0205286,4/11/2019 0:00,0:00,6,0,0,CLAY STREET 3800 BLOCK NORTH & 38TH AVENUE WEST,1,1,0,0,1,4,,0,25,0,0,0,0,0,4,2,8
,2019-11008,39.76979348,-105.0205314,11/23/2019 12:58,12:58,15,0,0,CLAY STREET NORTH & 38TH AVENUE WEST,1,1,0,0,1,4,,0,25,0,0,0,0,0,4,2,13
,2019-11009,39.70208535,-105.0203522,5/17/2019 14:16,14:16,15,0,0,CLAY STREET SOUTH & OHIO AVENUE WEST,1,1,0,0,1,4,,0,25,0,0,0,0,0,4,2,5
,2019-11010,39.71625344,-104.9351212,3/23/2019 12:47,12:47,6,0,0,CLERMONT STREET NORTH & 648 CLERMONT STREET NORTH,1,1,0,0,1,2,,0,30,0,0,0,0,0,4,2,13
,2019-11011,39.74752398,-104.9350515,10/2/2019 9:47,9:47,5,0,0,CLERMONT STREET NORTH & MONTVIEW BOULEVARD EAST,1,1,0,0,1,3,,0,25,0,0,0,0,0,4,1,14
,2019-11012,39.7603035,-104.9573313,7/29/2019 1:00,1:00,6,0,0,COLUMBINE STREET NORTH & 30TH AVENUE EAST,1,3,0,0,1,4,,0,25,0,0,0,0,0,4,2,13
,2019-11013,39.77771959,-104.9571553,4/13/2019 23:40,23:40,6,0,1,COLUMBINE STREET NORTH & 44TH AVENUE,1,3,0,0,1,3,,0,35,0,0,0,0,1,4,4,5
,2019-11014,39.71708101,-104.9745855,7/15/2019 11:45,11:45,15,0,0,CORONA STREET NORTH & ELLSWORTH AVENUE EAST,1,1,0,0,1,4,,0,25,0,0,0,0,0,4,2,13
,2019-11015,39.69295902,-104.9558228,5/27/2019 11:45,11:45,6,0,0,ELIZABETH STREET & LOUISIANA AVENUE EAST,1,1,0,0,1,4,,0,25,0,0,0,0,0,4,2,13
,2019-11016,39.76212293,-104.9754733,11/27/2019 8:59,8:59,12,0,0,CURTIS STREET 3200 BLOCK & 32ND STREET,5,1,1,0,1,3,,0,30,0,0,0,0,0,4,2,14
,2019-11017,39.76212293,-104.9754733,11/27/2019 9:42,9:42,12,0,0,CURTIS STREET 3200 BLOCK & 32ND STREET,5,1,1,0,1,3,,0,30,0,0,0,0,0,4,2,14
,2019-11018,39.76475854,-104.931849,4/26/2019 2:01,2:01,6,0,0,DAHLIA STREET NORTH & BRUCE RANDOLPH AVENUE EAST,1,3,0,0,1,4,,0,25,0,0,0,0,0,4,2,13
,2019-11019,39.78627206,-104.8762649,1/17/2019 22:00,22:00,6,0,0,DALLAS STREET 4900 NORTH & NORTHFIELD BOULEVARD EAST,1,3,0,0,1,4,,0,,0,0,0,0,0,4,2,13
,2019-11020,39.7038582,-104.8753386,1/29/2019 9:20,9:20,1,0,0,DAYTON STREET 600 BLOCK SOUTH & EXPOSITION AVENUE EAST,5,1,0,0,1,2,,0,35,0,0,0,0,0,4,2,13
,2019-11021,39.72946301,-105.0217151,3/4/2019 12:26,12:26,12,0,0,DECATUR STREET NORTH 800 BLOCK & EIGHTH AVENUE WEST,2,1,0,0,1,4,,0,25,0,0,0,0,0,4,2,13
,2019-11022,39.72951791,-105.0217155,5/23/2019 13:37,13:37,12,0,0,DECATUR STREET NORTH & EIGHTH AVENUE WEST,1,1,1,0,1,4,,0,30,0,0,0,0,0,4,2,13
,2019-11023,39.7297238,-105.021717,7/26/2019 15:00,15:00,12,0,0,DECATUR STREET NORTH & EIGHTH AVENUE WEST,1,1,0,0,1,2,,0,25,0,0,0,0,0,4,2,13
,2019-11024,39.67969515,-105.0572468,11/26/2019 15:22,15:22,6,0,0,DEPEW STREET 2000 BLOCK SOUTH & EVANS AVENUE WEST,5,1,1,0,1,4,,0,30,0,0,0,0,0,4,2,14
,2019-11025,39.71839004,-104.9928121,5/25/2019 18:19,18:19,6,0,0,DELAWARE STREET NORTH & FIRST AVENUE WEST,1,1,0,0,1,2,,0,20,0,0,0,0,0,4,2,7
,2019-11026,39.74259929,-104.9547723,3/6/2019 7:15,7:15,1,0,0,DETROIT STREET 1600 BLOCK NORTH & 16TH AVENUE EAST,5,1,1,0,1,4,,0,25,0,0,0,0,0,4,2,14
,2019-11027,39.72120663,-104.9546277,9/5/2019 15:22,15:22,6,0,0,DETROIT STREET NORTH & THIRD AVENUE EAST,1,1,0,0,1,4,,0,25,0,0,0,0,0,4,2,14
,2019-11028,39.72163488,-104.954628,9/24/2019 15:15,15:15,6,0,0,DETROIT STREET NORTH & THIRD AVENUE EAST,1,1,0,0,1,4,,0,30,0,0,0,0,0,4,2,13
,2019-11029,39.74791507,-104.9328428,6/20/2019 6:56,6:56,5,0,1,DEXTER STREET 2000 BLOCK NORTH & MONTVIEW BOULEVARD EAST,1,1,0,0,2,4,,0,25,0,0,0,0,1,4,1,10
,2019-11030,39.72568641,-104.9729161,4/5/2019 23:00,23:00,6,0,0,DOWNING STREET NORTH 600 BLOCK & SIXTH AVENUE,1,1,1,0,1,4,,0,,0,0,0,0,0,4,2,13
,2019-11031,39.68033251,-104.9734218,5/14/2019 12:45,12:45,12,0,0,DOWNING 1900 BLOCK SOUTH & ASBURY AVENUE EAST,1,1,0,0,1,3,,0,30,0,0,0,0,0,4,2,3
,2019-11032,39.71472896,-104.9733924,1/30/2019 11:35,11:35,5,0,0,DOWNING STREET SOUTH & BAYAUD AVENUE EAST,2,1,0,0,2,2,,0,35,0,0,0,0,0,4,1,13
,2019-11033,39.73536234,-104.9280698,2/15/2019 19:31,19:31,6,0,0,FAIRFAX STREET NORTH & 12TH AVENUE EAST,1,4,0,0,1,4,,0,25,0,0,0,0,0,4,2,14
,2019-11034,39.67871285,-104.9734291,1/7/2019 11:24,11:24,12,0,0,DOWNING STREET 2000 BLOCK SOUTH & EVANS AVENUE EAST,1,1,0,0,1,3,,0,30,0,0,0,0,0,4,2,13
,2019-11035,39.7621728,-104.9733417,1/26/2019 12:00,12:00,12,0,0,DOWNING STREET 3200 NORTH & MLK BOULEVARD EAST,1,1,0,0,1,4,,0,,0,0,0,0,0,4,2,13
,2019-11036,39.67224075,-104.9734579,3/9/2019 10:21,10:21,6,0,0,DOWNING STREET 2400 BLOCK SOUTH & HARVARD AVENUE EAST,1,1,0,0,1,4,,0,30,0,0,0,0,0,4,2,13
,2019-11037,39.67751244,-104.973445,10/23/2019 20:20,20:20,3,0,0,DOWNING STREET SOUTH & WARREN AVENUE EAST,4,3,0,2,1,2,,0,30,0,0,0,0,0,4,2,13
,2019-11038,39.62559824,-104.8898255,10/10/2019 10:17,10:17,5,0,0,DTC BOULEVARD 5000 BLOCK & BELLEVIEW AVENUE EAST,5,1,0,2,3,4,,0,35,0,0,0,0,0,4,1,7
,2019-11039,39.71360705,-104.9935483,9/7/2019 19:51,19:51,6,0,0,ELATI STREET SOUTH & CEDAR AVENUE WEST,1,3,0,0,1,2,,0,25,0,0,0,0,0,4,2,14
,2019-11040,39.78924559,-105.0239444,8/31/2019 17:10,17:10,9,0,1,ELIOT STREET NORTH & 51ST AVENUE WEST,1,1,0,0,1,4,,0,25,0,0,0,0,2,4,1,7
,2019-11041,39.73850326,-104.9562726,9/29/2019 12:00,12:00,6,0,0,ELIZABETH STREET NORTH & 14TH AVENUE EAST,1,1,0,0,1,4,,0,25,0,0,0,0,0,4,2,7
,2019-11042,39.69476927,-104.9558308,5/10/2019 19:02,19:02,6,0,0,ELIZABETH SOUTH & ARIZONA AVENUE EAST,1,1,0,0,1,4,,0,25,0,0,0,0,0,4,2,13
,2019-11043,39.76179468,-104.9560407,1/10/2019 10:40,10:40,6,0,0,ELIZABETH STREET 3200 BLOCK NORTH & MLK BOULEVARD,1,1,1,0,1,4,,0,25,0,0,0,0,0,4,2,3
,2019-11044,39.74340396,-104.9761516,5/17/2019 18:21,18:21,6,0,0,EMERSON STREET NORTH & 17TH AVENUE EAST,2,1,0,1,1,4,,0,25,0,0,0,0,0,4,2,8
,2019-11045,39.71850632,-104.9769833,3/10/2019 9:40,9:40,15,0,0,EMERSON STREET NORTH & FIRST AVENUE EAST,1,1,0,0,1,4,,0,30,0,0,0,0,0,4,2,13
,2019-11046,39.77561983,-104.8192695,8/5/2019 5:15,5:15,6,0,0,EUGENE WAY NORTH & ANDREWS DRIVE EAST,1,3,0,0,1,4,,0,25,0,0,0,0,0,4,2,1
,2019-11047,39.6785529,-104.9875673,7/19/2019 23:09,23:09,12,0,0,EVANS AVENUE EAST & BROADWAY STREET SOUTH,1,3,0,0,1,4,,0,35,0,0,0,0,0,4,2,12
,2019-11048,39.67864652,-104.9593928,8/5/2019 14:05,14:05,12,0,0,EVANS AVENUE EAST & UNIVERSITY BOULEVARD SOUTH,1,3,0,0,1,4,,0,25,0,0,0,0,0,4,2,1
,2019-11049,39.7384148,-104.9280699,7/31/2019 10:49,10:49,6,0,0,FAIRFAX STREET NORTH & 14TH AVENUE EAST,1,1,0,0,1,3,,0,25,0,0,0,0,0,4,2,14
,2019-11050,39.6753751,-104.9187956,1/31/2019 23:00,23:00,6,0,0,JASMINE STREET 2200 BLOCK SOUTH & ILIFF AVENUE EAST,5,3,0,0,1,4,,0,25,0,0,0,0,0,4,3,1
,2019-11051,39.71137608,-104.8929604,4/1/2019 11:20,11:20,10,0,0,FAIRMOUNT DRIVE & 100 BLOCK EAST,1,1,0,0,1,2,,0,30,0,0,0,0,0,4,2,3
,2019-11052,39.692954,-104.9535287,9/19/2019 11:00,11:00,5,0,0,FILLMORE STREET NORTH & LOUISIANA AVENUE EAST,1,1,0,0,3,5,,0,25,0,0,0,0,0,4,1,13
,2019-11053,39.69677623,-104.9535238,3/8/2019 9:12,9:12,6,0,0,FILLMORE WAY 1000 BLOCK SOUTH & MISSISSIPPI AVENUE EAST,1,1,0,0,1,4,,0,25,0,0,0,0,0,4,2,7
,2019-11054,39.6766809,-104.9687419,10/19/2019 7:21,7:21,6,0,0,FRANKLIN STREET 2100 BLOCK SOUTH & WARREN AVENUE EAST,1,1,0,0,1,4,,0,,0,0,0,0,0,4,2,13
,2019-11055,39.74123714,-104.944204,7/14/2019 10:00,10:00,6,0,0,GARFIELD STREET  & COLFAX AVENUE EAST,1,1,0,0,1,4,,0,30,0,0,0,1,0,4,2,13
,2019-11056,39.74565168,-104.9684387,10/16/2019 15:38,15:38,6,0,0,FRANKLIN STREET NORTH & 18TH AVENUE EAST,1,1,0,0,1,4,,0,30,0,0,0,0,0,4,2,8
,2019-11057,39.74703985,-104.9684322,6/13/2019 13:58,13:58,12,0,1,FRANKLIN STREET NORTH & 19TH AVENUE EAST,1,1,0,0,1,4,,0,30,0,0,0,0,2,4,2,1
,2019-11058,39.68226226,-104.9687275,4/30/2019 17:15,17:15,6,0,0,FRANKLIN STREET SOUTH & JEWELL AVENUE EAST,2,1,0,1,1,4,,0,25,0,0,0,0,0,4,2,13
,2019-11059,39.78052883,-104.8115401,7/10/2019 9:40,9:40,6,0,0,FRASER WAY NORTH & BOLLING DRIVE EAST,1,1,0,0,1,3,,0,25,0,0,0,0,0,4,2,1
,2019-11060,39.77076763,-104.7569172,5/11/2019 10:40,10:40,12,0,0,FUNDY STREET NORTH & 40TH AVENUE EAST,1,1,0,0,1,4,,0,25,0,0,0,0,0,4,2,13
,2019-11061,39.65422666,-104.8691405,3/16/2019 14:32,14:32,5,0,0,GALENA STREET 3400 BLOCK SOUTH & HAMILTON PLACE EAST,1,1,0,0,3,4,,0,25,0,0,0,0,0,4,1,3
,2019-11062,39.69341169,-104.9441884,7/15/2019 19:35,19:35,6,0,0,GARFIELD STREET SOUTH & LOUISIANA AVENUE EAST,1,1,0,0,1,4,,0,25,0,0,0,0,0,4,2,13
,2019-11063,39.738483,-105.0393195,1/25/2019 13:43,13:43,3,0,0,PERRY STREET NORTH & 14TH STREET WEST,1,1,0,0,1,1,,0,25,0,0,0,0,0,4,2,13
,2019-11064,39.75792067,-104.8677273,12/2/2019 14:10,14:10,5,0,0,GENEVA COURT NORTH & 28TH PLACE EAST,6,1,0,0,3,4,,0,25,0,0,0,0,0,4,1,13
,2019-11065,39.69505356,-104.9675253,5/12/2019 16:00,16:00,6,0,0,GILPN STREET SOUTH & ARIZONA AVENUE EAST,1,1,0,0,1,4,,0,30,0,0,0,0,0,4,2,2
,2019-11066,39.73847904,-104.9835945,11/23/2019 14:58,14:58,10,0,0,GRANT STREET NORTH & 14TH AVENUE EAST,1,1,0,0,1,2,,0,30,0,0,0,0,0,4,2,13
,2019-11067,39.73098594,-104.9835958,12/2/2019 18:08,18:08,6,0,0,GRANT STREET 900 BLOCK NORTH & NINTH AVENUE EAST,4,3,0,0,1,4,,0,30,0,0,0,0,0,4,2,13
,2019-11068,39.74011768,-104.9835798,7/26/2019 17:43,17:43,6,0,0,GRANT STREET NORTH & COLFAX AVENUE EAST,1,1,0,0,1,4,,0,25,0,0,0,0,0,4,2,14
,2019-11069,39.74306877,-104.983589,8/6/2019 16:54,16:54,15,0,0,GRANT STREET NORTH & COLFAX AVENUE EAST,1,1,0,0,1,4,,0,30,0,0,0,0,0,4,2,8
,2019-11070,39.74041965,-104.9835817,10/23/2019 16:16,16:16,12,0,0,GRANT STREET NORTH & COLFAX AVENUE EAST,1,1,0,1,1,4,,0,30,0,0,0,0,0,4,2,8
,2019-11071,39.76047688,-104.9971586,4/30/2019 13:00,13:00,6,0,0,HURON STREET NORTH & 29TH AVENUE WEST,1,1,0,0,1,4,,0,30,0,0,0,0,0,4,2,13
,2019-11072,39.74068812,-104.9418763,6/23/2019 22:30,22:30,6,0,0,HARRISON STREET 1500 BLOCK NORTH & COLFAX AVENUE EAST,1,3,0,0,1,4,,0,25,0,0,0,0,0,4,2,13
,2019-11073,39.79614767,-104.8659072,8/8/2019 15:44,15:44,12,0,1,HAVANA STREET NORTH  & 51ST AVENUE EAST,1,1,0,0,1,4,,0,40,0,0,0,0,2,4,2,13
,2019-11074,39.76850109,-104.8657535,7/10/2019 17:27,17:27,12,0,0,HAVANA STREET NORTH  & SMITH ROAD EAST,1,1,0,0,1,3,,0,30,0,0,0,0,0,4,2,1
,2019-11075,39.74016876,-104.9647686,1/22/2019 14:00,14:00,3,0,0,HIGH STREET 1500 NORTH & COLFAX AVENUE EAST,1,1,0,0,1,2,,0,,0,0,0,0,0,4,2,13
,2019-11077,39.68104341,-104.922271,9/11/2019 9:37,9:37,6,0,0,HOLLY STREET SOUTH & ASBURY AVENUE EAST,1,1,0,0,1,4,,0,30,0,0,0,0,0,4,2,13
,2019-11078,39.6959703,-104.9222209,7/3/2019 13:05,13:05,12,0,1,HOLLY STREET SOUTH & CHERRY CREEK SOUTH DRIVE EAST,1,1,0,0,1,2,,0,30,0,0,0,0,1,4,2,6
,2019-11079,39.67853526,-104.9222664,6/22/2019 17:43,17:43,12,0,0,HOLLY STREET SOUTH 2000 BLOCK & EVANS AVENUE EAST,1,1,0,1,1,1,,0,30,0,0,0,0,0,4,2,13
,2019-11080,39.70064475,-104.9216328,5/3/2019 18:10,18:10,12,0,1,HOLLY STREET 800 BLOCK SOUTH & KENTUCKY AVENUE EAST,1,1,0,0,1,4,,0,30,0,0,0,1,1,4,2,13
,2019-11081,39.77893689,-104.9222922,9/23/2019 16:00,16:00,15,0,0,HOLLY STREET NORTH & STAPLETON DRIVE NORTH EAST,1,1,0,0,1,4,,0,25,0,0,0,0,0,4,2,13
,2019-11082,39.6970884,-105.0284829,8/23/2019 8:33,8:33,6,0,0,HOOKER STREET SOUTH & MISSISSIPPI AVENUE WEST,1,1,0,0,1,4,,0,25,0,0,0,0,0,4,2,13
,2019-11083,39.73049132,-104.9694675,5/16/2019 7:16,7:16,14,0,0,HUMBOLDT STREET NORTH & NINTH AVENUE EAST,1,1,0,0,1,3,,0,25,0,0,0,0,0,4,2,13
,2019-11084,39.73079255,-104.9976046,8/15/2019 19:00,19:00,6,0,0,INCA STREET 900 BLOCK NORTH & NINTH AVENUE WEST,1,1,0,0,1,4,,0,30,0,0,0,0,0,4,2,13
,2019-11085,39.68760687,-104.9875125,1/17/2019 17:49,17:49,12,0,1,BROADWAY STREET SOUTH & IOWA AVENUE EAST,1,2,0,0,1,3,,0,,0,0,0,0,1,4,4,13
,2019-11086,39.71683276,-105.0300168,3/24/2019 22:22,22:22,6,0,0,IRVING STREET NORTH & ELLSWORTH AVENUE WEST,1,3,0,0,1,4,,0,25,0,0,0,0,0,4,2,13
,2019-11087,39.75568874,-104.9429625,7/20/2019 19:21,19:21,6,0,0,JACKSON STREET NORTH & 27TH AVENUE EAST,2,1,0,0,1,4,,0,25,0,0,0,0,0,4,2,5
,2019-11088,39.83460349,-104.6929242,12/16/2019 13:45,13:45,12,0,0,JACKSON GAP STREET 7500 & 75TH AVENUE,1,1,0,0,1,4,,0,,0,0,0,0,0,4,3,7
,2019-11089,39.8273949,-104.6930089,12/12/2019 3:50,3:50,12,0,0,JACKSON GAP 7800 BLOCK & JACKSON GAP,1,3,0,0,1,1,,0,35,0,0,0,0,0,4,2,13