id,drcog_id,latitude,longitude,crashtime,time,crashtype,numbkilled,numbinjurd,drcoglocat,rdconditin,lightngcon,roadcntgrd,weatherco,location,roaddescrp,schoolzone,constrzone,splimit,bikeinv,sctrinv,pedinv,motoinv,svrty,rdsystem,ttlvehcls,hcf
,2019-11090,39.83373798,-104.6929287,6/29/2019 20:01,20:01,12,0,0,JACKSON GAP STREET NORTH 7600 BLOCK & PENA BOULEVARD,1,2,0,0,1,3,,0,35,0,0,0,0,0,4,2,13
,2019-11091,39.83360626,-104.6929317,10/10/2019 14:42,14:42,1,0,1,JACKSON GAP STREET 7550 BLOCK & PENA BOULEVARD,2,1,0,0,1,1,,0,,0,0,0,0,1,4,2,7
,2019-11092,39.74569082,-104.9861189,10/22/2019 13:30,13:30,6,0,0,LINCOLN STREET 1800 BLOCK NORTH & 18TH AVENUE EAST,1,1,0,0,1,4,,0,30,0,0,0,0,0,4,2,13
,2019-11093,39.83360626,-104.6929317,11/9/2019 17:00,17:00,10,0,1,JACKSON GAP STREET & PENA BOULEVARD,1,2,0,0,1,4,,0,45,0,0,0,0,1,4,2,13
,2019-11094,39.76268631,-104.9188121,6/12/2019 13:10,13:10,6,0,1,JASMINE STREET 3200 BLOCK NORTH & MLK BOULEVARD EAST,1,1,0,0,1,4,,0,25,0,0,0,0,2,4,3,2
,2019-11095,39.79490908,-104.8039421,5/24/2019 15:52,15:52,6,0,0,JASPER STREET NORTH & OLMSTEAD PLACE EAST,1,1,0,0,1,4,,0,25,0,0,0,0,0,4,2,13
,2019-11096,39.68543605,-105.0308502,2/3/2019 4:55,4:55,6,0,0,JAVA WAY 1600 BLOCK SOUTH & COLORADO AVENUE WEST,1,3,1,0,1,4,,0,25,0,0,0,0,0,4,3,13
,2019-11097,39.70091508,-104.9581594,10/31/2019 12:48,12:48,6,0,0,JOSEPHINE STREET SOUTH & KENTUCKY AVENUE EAST,6,1,1,0,1,4,,0,25,0,0,0,0,0,4,2,13
,2019-11098,39.76325553,-105.0322689,2/1/2019 18:20,18:20,6,0,0,JULIAN STREET 3250 BLOCK NORTH & MONCRIEF PLACE WEST,2,4,0,0,3,4,,0,25,0,0,0,0,0,4,2,5
,2019-11099,39.73414622,-105.0001563,3/1/2019 21:47,21:47,6,0,0,KALAMATH STREET 1100 BLOCK NORTH & 11TH AVENUE WEST,1,3,0,0,1,4,,0,35,0,0,0,0,0,4,3,5
,2019-11100,39.7275287,-105.0001901,2/1/2019 17:30,17:30,12,0,0,KALAMATH STREET NORTH & SEVENTH AVENUE WEST,1,1,0,0,1,1,,0,30,0,0,0,0,0,4,2,13
,2019-11101,39.73092977,-105.0001664,7/3/2019 15:20,15:20,15,0,0,KALAMATH STREET NORTH 900 BLOCK & NINTH AVENUE WEST,1,1,1,0,1,4,,0,30,0,0,0,0,0,4,2,13
,2019-11102,39.74080073,-105.0001348,9/26/2019 14:40,14:40,12,0,0,KALAMATH STREET NORTH & COLFAX AVENUE WEST,1,1,0,0,1,4,,0,35,0,0,0,0,0,4,2,13
,2019-11103,39.73879968,-104.9172643,3/25/2019 12:55,12:55,6,0,0,KEARNEY STREET NORTH 1400 BLOCK & 14TH AVENUE EAST,1,1,0,0,1,4,,0,25,0,0,0,0,0,4,2,13
,2019-11104,39.77418772,-104.8016321,8/24/2019 11:20,11:20,10,0,0,KITTREDGE STREET NORTH & 40TH AVENUE EAST,1,1,0,0,1,2,,0,30,0,0,0,0,0,4,2,7
,2019-11105,39.72509993,-105.0325258,9/25/2019 12:15,12:15,12,0,0,KNOX COURT NORTH & SIXTH AVENUE WEST,1,1,0,0,1,2,,0,25,0,0,0,0,0,4,2,3
,2019-11106,39.7448888,-104.9860644,11/20/2019 16:20,16:20,15,0,0,LINCOLN STREET 1800 BLOCK NORTH & 18TH AVENUE EAST,2,3,0,1,1,4,,0,25,0,0,0,0,0,4,2,13
,2019-11107,39.71704414,-105.032472,9/30/2019 7:58,7:58,12,0,0,KNOX COURT 000 BLOCK NORTH & ELLSWORTH AVENUE WEST,1,1,0,0,1,4,,0,30,0,0,0,0,0,4,2,14
,2019-11108,39.74068397,-104.9163304,1/8/2019 14:40,14:40,12,0,0,KRAMERIA STREET 1500 BLOCK NORTH & COLFAX AVENUE EAST,1,1,0,0,1,2,,0,25,0,0,0,0,0,4,2,7
,2019-11109,39.70971921,-104.9710369,5/16/2019 7:07,7:07,3,0,0,LAFAYETTE STREET SOUTH & 400 BLOCK SOUTH,1,1,0,0,1,2,,0,25,0,0,0,0,0,4,3,13
,2019-11110,39.76101374,-104.9708844,3/19/2019 19:17,19:17,12,0,0,LAFAYETTE 3100 BLOCK & ALLEY WEST,1,3,0,0,1,5,,0,,0,0,0,0,0,4,2,13
,2019-11111,39.7419125,-104.9709603,6/5/2019 19:23,19:23,6,0,0,LAFAYETTE STREET NORTH & PARK AVENUE WEST,1,1,0,0,1,4,,0,30,0,0,0,0,0,4,2,5
,2019-11112,39.67683576,-104.9710975,6/28/2019 15:17,15:17,6,0,0,LAFAYETTE STREET SOUTH & WARREN AVENUE EAST,1,1,0,0,1,4,,0,25,0,0,0,0,0,4,2,13
,2019-11113,39.7113932,-104.9129365,5/21/2019 12:50,12:50,12,0,0,LAMEDA AVENUE EAST & MONACO STREET SOUTH,1,1,0,0,1,3,,0,35,0,0,0,0,0,4,2,13
,2019-11114,39.74929726,-104.9973126,2/17/2019 19:45,19:45,15,0,0,LARIMER STREET & 16TH STREET,4,3,0,2,1,3,,0,30,0,0,0,0,0,4,2,1
,2019-11115,39.75671733,-104.9878191,2/9/2019 0:50,0:50,12,0,1,LARIMER STREET 2400 BLOCK & 24TH STREET,4,3,0,0,1,4,,0,30,0,0,0,0,1,4,4,5
,2019-11116,39.75697002,-104.9874068,1/29/2019 14:06,14:06,12,0,0,LARIMER STREET & BROADWAY STREET NORTH,1,1,0,0,1,3,,0,30,0,0,0,0,0,4,2,1
,2019-11117,39.73552889,-104.9861242,3/18/2019 14:40,14:40,12,0,0,LINCOLN STREET 1200 BLOCK NORTH & 12TH AVENUE,1,1,0,0,1,4,,0,35,0,0,0,0,0,4,3,14
,2019-11118,39.73550144,-104.9861241,6/23/2019 18:45,18:45,12,0,0,LINCOLN STREET 1200 BLOCK NORTH & 12TH AVENUE EAST,1,1,0,0,1,4,,0,35,0,0,0,0,0,4,3,8
,2019-11119,39.73544653,-104.9861239,10/5/2019 16:52,16:52,12,0,1,LINCOLN STREET 1200 BLOCK NORTH & 12TH AVENUE EAST,1,1,0,0,1,4,,0,30,0,0,0,0,1,4,3,3
,2019-11120,39.72281893,-104.9862336,3/7/2019 19:10,19:10,15,0,0,LINCOLN STREET NORTH & FOURTH AVENUE EAST,1,4,0,0,1,4,,0,30,0,0,0,0,0,4,2,1
,2019-11121,39.73045094,-104.9861386,6/4/2019 7:35,7:35,15,0,0,LINCOLN STREET 900 BLOCK NORTH & NINTH AVENUE NORTH,1,1,0,0,1,4,,0,30,0,0,0,0,0,4,2,13
,2019-11122,39.78938014,-105.0346007,2/8/2019 12:48,12:48,6,0,0,LOWELL BOULEVARD NORTH & 51ST AVENUE WEST,1,1,0,0,1,4,,0,35,0,0,0,0,0,4,2,13
,2019-11123,39.7077756,-104.9863959,2/15/2019 9:07,9:07,15,0,0,LINCOLN STREET 400 BLOCK SOUTH & VIRGINIA AVENUE EAST,1,1,0,0,1,4,,0,30,0,0,0,0,0,4,2,13
,2019-11124,39.74410342,-104.9823287,6/26/2019 21:30,21:30,6,0,0,LOGAN STREET NORTH & 17TH AVENUE EAST,1,3,0,0,1,4,,0,25,0,0,0,0,0,4,3,5
,2019-11125,39.78992903,-104.9828648,7/4/2019 14:00,14:00,6,0,0,LOGAN STREET NORTH & 51ST AVENUE WEST,1,1,0,0,1,4,,0,25,0,0,0,0,0,4,2,13
,2019-11126,39.72742429,-104.9823647,9/13/2019 13:42,13:42,15,0,0,LOGAN STREET NORTH & SEVENTH AVENUE EAST,1,1,1,0,1,4,,0,30,0,0,0,0,0,4,2,13
,2019-11127,39.7308579,-104.9822534,8/10/2019 10:06,10:06,12,0,0,LOGAN STREET 900 BLOCK NORTH & NINTH AVENUE EAST,1,1,0,0,1,4,,0,30,0,0,0,0,0,4,2,13
,2019-11128,39.71351712,-104.9828222,9/9/2019 16:52,16:52,6,0,0,LOGAN STREET SOUTH & CEDAR AVENUE EAST,1,1,0,0,1,4,,0,30,0,0,0,0,0,4,3,7
,2019-11129,39.68764876,-104.9827982,5/26/2019 13:00,13:00,6,0,0,LOGAN STREET SOUTH & IOWA AVENUE EAST,1,1,0,0,1,4,,0,30,0,0,0,0,0,4,2,13
,2019-11130,39.71668774,-104.9826317,10/25/2019 22:00,22:00,6,0,0,LOGAN STREET 1100 BLOCK NORTH & LOGAN STREET NORTH,1,3,0,0,1,4,,0,,0,0,0,0,0,4,2,13
,2019-11131,39.71427162,-104.9828134,4/3/2019 21:14,21:14,15,0,0,LOGAN STREET 100 BLOCK & MAPLE AVENUE EAST,1,3,0,0,1,4,,0,30,0,0,0,0,0,4,2,13
,2019-11132,39.73334411,-105.0346271,4/28/2019 4:10,4:10,6,0,0,LOWELL BOULEVARD 1000 BLOCK NORTH & 10TH AVENUE WEST,1,3,1,0,1,4,,0,25,0,0,0,0,0,4,2,13
,2019-11133,39.73919966,-105.0346146,7/4/2019 12:35,12:35,6,0,0,LOWELL BOULEVARD NORTH 1400 BLOCK & 14TH AVENUE WEST,1,1,0,0,1,4,,0,,0,0,0,0,0,4,3,13
,2019-11134,39.67505237,-105.0377062,2/21/2019 2:12,2:12,6,0,0,OSCEOLA STREET SOUTH & ILIFF AVENUE WEST,1,3,1,0,1,4,,0,25,0,0,0,0,0,4,2,13
,2019-11135,39.76794453,-105.0346393,3/17/2019 22:23,22:23,6,0,0,LOWELL BOULEVARD NORTH & 37TH AVENUE WEST,1,3,0,0,1,4,,0,25,0,0,0,0,0,4,3,5
,2019-11136,39.76568025,-105.0346315,12/14/2019 12:56,12:56,3,0,0,LOWELL BOULEVARD & 4400 NORTH,1,1,0,0,1,3,,0,30,0,0,0,0,0,4,2,3
,2019-11137,39.72973279,-105.0351262,1/22/2019 13:41,13:41,6,0,0,LOWELL BOULEVARD 800 NORTH & EIGHTH AVENUE WEST,1,1,1,0,1,4,,0,25,0,0,0,0,0,4,2,13
,2019-11138,39.71404086,-105.034902,10/17/2019 5:47,5:47,6,0,1,LOWELL BOULEVARD SOUTH & CEDAR AVENUE WEST,1,3,0,0,1,4,,0,25,0,0,0,0,2,4,3,5
,2019-11139,39.6619027,-105.0351063,2/22/2019 19:41,19:41,12,0,0,LOWELL BOULEVARD SOUTH & DARTMOUTH AVENUE WEST,5,4,2,2,1,4,,0,35,0,0,0,0,0,4,2,13
,2019-11140,39.66263994,-105.0351011,10/29/2019 7:40,7:40,15,0,0,LOWELL BOULEVARD SOUTH & DARTMOUTH AVENUE WEST,5,1,1,2,1,4,,0,25,0,0,0,0,0,4,2,7
,2019-11141,39.69296578,-104.9719226,5/5/2019 11:51,11:51,6,0,0,MARION STREET 1300 BLOCK & 13TH AVENUE EAST,1,1,0,0,1,3,,0,25,0,0,0,0,0,4,2,13
,2019-11142,39.74946866,-104.9721405,6/6/2019 10:07,10:07,15,0,0,MARION STREET NORTH & 22ND AVENUE EAST,1,1,0,0,1,4,,0,25,0,0,0,0,0,4,2,13
,2019-11144,39.76335608,-104.9721021,4/7/2019 13:46,13:46,3,0,0,MARION STREET NORTH & 33RD AVENUE EAST,1,1,0,0,1,2,,0,25,0,0,0,0,0,4,2,7
,2019-11145,39.76842123,-104.972104,1/25/2019 17:57,17:57,12,0,0,MARION STREET NORTH & 37TH AVENUE EAST,1,3,0,0,1,4,,0,30,0,0,0,0,0,4,2,14
,2019-11146,39.7682566,-104.9721088,11/19/2019 16:50,16:50,15,0,0,MARION STREET NORTH & 37TH AVENUE EAST,1,2,0,0,1,4,,0,30,0,0,0,0,0,4,2,1
,2019-11147,39.75277776,-104.994547,3/20/2019 17:14,17:14,15,0,0,MARKET STREET 1900 BLOCK & 20TH STREET,1,1,0,0,1,4,,0,25,0,0,0,0,0,4,2,1
,2019-11148,39.73066427,-105.0028313,11/11/2019 12:46,12:46,3,0,1,MAROPOSA STREET 900 BLOCK NORTH & NINTH AVENUE WEST,2,1,1,0,1,1,,0,30,0,0,0,0,1,4,2,13
,2019-11149,39.74197727,-105.0358246,10/2/2019 12:45,12:45,15,0,0,MEADE STREET NORTH & CONEJOS PLACE WEST,1,1,0,0,1,4,,1,25,0,0,0,0,0,4,2,13
,2019-11150,39.78461218,-104.7979616,9/18/2019 17:44,17:44,5,0,1,MEMPHIS STREET NORTH & GREEN VALLEY RANCH BOULEVARD EAST,1,1,0,0,3,4,,0,25,0,0,0,0,2,4,1,10
,2019-11151,39.78433766,-104.7979631,10/4/2019 7:53,7:53,3,0,0,MEMPHIS STREET NORTH & GREEN VALLEY RANCH BOULEVARD EAST,1,1,0,0,1,2,,0,30,0,0,0,0,0,4,2,13
,2019-11152,39.74351603,-104.9647556,1/30/2019 16:11,16:11,3,0,0,MILE HIGH STREET 1600 BLOCK & OLD WEST COLFAX,1,1,0,0,1,2,,0,30,0,0,0,0,0,4,2,13
,2019-11153,39.72124352,-104.9522063,9/20/2019 10:22,10:22,15,0,0,MILWAUKEE STREET NORTH & THIRD AVENUE EAST,1,1,0,0,1,4,,0,25,0,0,0,0,0,4,2,13
,2019-11154,39.76017358,-104.9128605,11/22/2019 7:50,7:50,15,0,0,MONACO STREET NORTH & 30TH AVENUE EAST,5,1,0,2,1,4,,0,,0,0,0,0,0,4,2,13
,2019-11155,39.711339,-105.0532605,7/21/2019 13:36,13:36,12,0,0,SHERIDAN BOULEVARD SOUTH & ALAMEDA AVENUE WEST,1,1,0,0,1,1,,0,35,0,0,0,0,0,2,2,13
,2019-11156,39.67614795,-104.9222786,10/11/2019 14:00,14:00,6,0,0,HOLLY STREET SOUTH & ILIFF AVENUE EAST,1,1,0,0,1,4,,0,30,0,0,0,0,0,4,2,13
,2019-11157,39.71164022,-104.9129319,9/5/2019 7:43,7:43,12,0,0,MONACO STREET 200 BLOCK SOUTH & ALAMEDA AVENUE EAST,1,1,0,0,1,3,,0,35,0,0,0,0,0,4,2,5
,2019-11158,39.66274026,-104.9129908,10/11/2019 12:45,12:45,15,0,0,MONACO STREET SOUTH & CORNELL AVENUE EAST,1,1,0,0,1,3,,0,35,0,0,0,0,0,4,2,5
,2019-11159,39.65363573,-104.9128941,8/15/2019 8:15,8:15,12,0,0,MONACO STREET 3400 BLOCK SOUTH & HAMPDEN AVENUE EAST,1,1,0,0,1,4,,0,35,0,0,0,0,0,4,2,13
,2019-11160,39.70402437,-104.9129433,6/20/2019 7:10,7:10,12,0,0,MONACO STREET SOUTH 600 BLOCK & EXPOSITION AVENUE EAST,1,1,0,0,1,4,,0,30,0,0,0,0,0,4,2,13
,2019-11161,39.70443613,-104.9129476,8/20/2019 15:10,15:10,12,0,0,MONACO STREET SOUTH & EXPOSITION AVENUE EAST,1,1,0,0,1,4,,0,30,0,0,0,0,0,4,2,13
,2019-11162,39.77060185,-104.8486005,5/18/2019 8:19,8:19,3,0,0,PARIS STREET NORTH & 38TH AVENUE EAST,1,1,0,0,1,2,,0,25,0,0,0,0,0,4,2,14
,2019-11163,39.68954063,-104.9128961,1/13/2019 14:14,14:14,12,0,0,MONACO STREET 1400 BLOCK SOUTH & FLORIDA AVENUE EAST,1,1,0,0,1,3,,0,35,0,0,0,0,0,4,3,14
,2019-11164,39.65679923,-104.9129836,11/21/2019 17:17,17:17,1,0,1,MONACO STREET 3300 BLOCK SOUTH & GIRARD AVENUE SOUTH,2,3,0,2,1,4,,0,35,0,0,0,0,1,4,2,5
,2019-11165,39.70024471,-104.9129112,2/24/2019 13:44,13:44,12,0,0,MONACO STREET SOUTH & KENTUCKY AVENUE EAST,1,1,0,0,1,4,,0,30,0,0,0,0,0,4,2,1
,2019-11166,39.7002447,-104.9129106,9/10/2019 12:09,12:09,12,0,0,MONACO STREET SOUTH & KENTUCKY AVENUE EAST,1,1,0,0,1,3,,0,35,0,0,0,0,0,4,3,13
,2019-11167,39.70322637,-104.9129116,2/6/2019 14:20,14:20,12,0,1,MONACO STREET 700 BLOCK SOUTH & LEETSDALE DRIVE,4,1,1,2,1,4,,0,35,0,0,0,0,1,4,2,14
,2019-11168,39.69900901,-104.9128901,1/13/2019 18:28,18:28,6,0,0,MONACO STREET SOUTH & TENNESSEE AVENUE EAST,1,3,0,0,1,4,,0,30,0,0,0,0,0,4,2,13
,2019-11169,39.711339,-105.0532605,7/30/2019 12:30,12:30,15,0,0,SHERIDAN BOULEVARD SOUTH & ALAMEDA AVENUE WEST,1,1,0,0,1,3,,0,35,0,0,0,0,0,2,2,14
,2019-11170,39.62832506,-104.9112961,6/15/2019 20:07,20:07,12,0,0,MONACO STREET 4500 SOUTH & UNION AVENUE EAST,1,2,1,0,1,2,,0,40,0,0,0,0,0,4,2,1
,2019-11171,39.66811069,-104.9129472,1/9/2019 9:30,9:30,12,0,0,MONACO STREET SOUTH & YALE AVENUE EAST,1,1,0,0,1,3,,0,30,0,0,0,0,0,4,2,13
,2019-11172,39.69812648,-105.0513696,4/4/2019 9:47,9:47,6,0,0,MORRISON ROAD & TENNESSEE AVENUE WEST,1,1,1,0,1,4,,0,40,0,0,0,0,0,4,2,13
,2019-11173,39.73736612,-104.9752929,9/28/2019 22:30,22:30,6,0,0,OGDEN STREET NORTH & 13TH AVENUE EAST,1,3,0,0,1,2,,0,25,0,0,0,0,0,4,2,8
,2019-11174,39.73879001,-104.9081554,1/5/2019 16:15,16:15,12,0,3,ONEIDA STREET NORTH & 14TH AVENUE EAST,1,2,0,0,1,3,,0,25,0,0,0,0,1,4,3,3
,2019-11175,39.73919376,-105.0052296,3/18/2019 16:21,16:21,15,0,0,OSAGE STREET NORTH 1400 BLOCK & 14TH AVENUE WEST,1,1,0,0,1,4,,0,25,0,0,0,0,0,4,2,13
,2019-11176,39.770514,-104.8486002,10/11/2019 15:40,15:40,6,0,0,PARIS STREET NORTH & 38TH AVENUE EAST,1,1,0,0,1,4,,0,25,0,0,0,0,0,4,2,5
,2019-11177,39.76578122,-104.9948604,6/1/2019 17:30,17:30,12,0,0,PARK AVENUE WEST & GLOBEVILLE ROAD NORTH,1,1,0,0,1,1,,0,35,0,0,0,0,0,4,2,5
,2019-11178,39.69708842,-105.0390501,1/3/2019 17:12,17:12,6,0,0,PATTON COURT SOUTH & MISSISSIPPI AVENUE WEST,1,1,1,0,1,4,,0,25,0,0,0,0,0,4,2,1
,2019-11179,39.69703352,-105.0390501,6/28/2019 19:11,19:11,6,0,0,PATTON COURT SOUTH & MISSISSIPPI AVENUE EAST,1,1,0,0,1,4,,0,25,0,0,0,0,0,4,2,3
,2019-11180,39.7372207,-104.9798863,2/13/2019 21:30,21:30,6,0,0,PEARL STREET 1300 BLOCK NORTH & 13TH AVENUE EAST,1,3,0,0,1,4,,0,,0,0,0,0,0,4,2,13
,2019-11181,39.71486903,-104.9803307,7/22/2019 14:18,14:18,15,0,0,PEARL STREET SOUTH & BAYAUD AVENUE EAST,1,1,0,0,1,4,,0,25,0,0,0,0,0,4,2,7
,2019-11182,39.76469554,-105.0064445,1/20/2019 22:26,22:26,6,0,1,PECOS STREET NORTH & 34TH AVENUE WEST,1,3,0,0,1,4,,0,25,0,0,0,0,1,4,2,5
,2019-11183,39.77304387,-105.0064286,5/28/2019 7:35,7:35,12,0,0,PECOS STREET SOUTH NORTH 4100 BLOCK & 41ST AVENUE WEST,1,1,0,0,1,3,,0,35,0,0,0,0,0,4,2,14
,2019-11184,39.77588704,-105.0064336,7/29/2019 20:30,20:30,6,0,0,PECOS STREET NORTH & 43RD AVENUE WEST,1,2,0,0,1,4,,0,30,0,0,0,0,0,4,3,5
,2019-11185,39.83750607,-104.7719007,1/24/2019 9:00,9:00,5,0,0,PENA BOULEVARD INBOUND 7100 BLOCK & TOWER ROAD,4,1,1,2,3,4,,0,55,0,0,0,0,0,4,1,14
,2019-11186,39.75875243,-105.0393,3/8/2019 16:12,16:12,6,0,0,PERRY STREET 2900 BLOCK NORTH & 29TH AVENUE WEST,1,1,1,0,1,4,,0,25,0,0,0,0,0,4,2,13
,2019-11187,39.8361335,-104.7718928,4/10/2019 20:48,20:48,5,0,0,PENA BOULEVARD 7500 BLOCK & TOWER ROAD NORTH,10,3,0,2,3,4,,0,65,0,0,0,0,0,4,1,1
,2019-11188,39.83750607,-104.7719007,9/20/2019 6:05,6:05,12,0,3,PENA BOULEVARD INBOUND 7200 BLOCK & TOWER ROAD NORTH,1,2,1,0,1,3,,0,65,0,0,0,0,1,4,5,14
,2019-11189,39.73064821,-104.9810208,8/9/2019 7:35,7:35,6,0,1,PENNSYLVANIA STREET NORTH & NINTH AVENUE EAST,1,1,0,0,1,4,,0,25,0,0,0,0,2,4,3,2
,2019-11190,39.77165037,-104.8470315,1/7/2019 13:09,13:09,12,0,0,PEORIA STREET 3900 BLOCK NORTH & 39TH AVENUE EAST,1,1,1,0,1,4,,0,35,0,0,0,0,0,4,3,3
,2019-11191,39.7712367,-104.8470341,9/3/2019 21:00,21:00,1,0,0,PEORIA STREET NORTH & 39TH AVENUE EAST,1,3,0,0,1,2,,0,25,0,0,0,0,0,4,2,13
,2019-11192,39.77740789,-104.8470293,9/25/2019 22:30,22:30,10,0,0,PEORIA STREET NORTH & 44TH AVENUE EAST,1,3,0,0,1,2,,0,40,0,0,0,0,0,4,2,7
,2019-11193,39.77120924,-104.8470343,11/24/2019 22:05,22:05,5,0,0,PEORIA STREET 4700 BLOCK NORTH & PEORIA STREET NORTH,1,3,0,0,3,3,,0,35,0,0,0,0,0,4,1,5
,2019-11194,39.78813368,-104.8470723,1/9/2019 14:10,14:10,1,0,0,PEORIA STREET & 4600 BLOCK NORTH,1,1,0,0,1,2,,0,45,0,0,0,0,0,4,2,14
,2019-11195,39.78560824,-104.8470411,8/13/2019 12:18,12:18,1,0,0,PEORIA STREET 4800 BLOCK NORTH & 47TH AVENUE EAST,1,1,0,0,1,2,,0,35,0,0,0,0,0,4,2,7
,2019-11196,39.78623408,-104.8470471,2/22/2019 17:14,17:14,12,0,0,PEORIA STREET 4900 BLOCK NORTH & ANDREWS DRIVE EAST,4,2,0,2,1,3,,0,40,0,0,0,0,0,4,2,14
,2019-11197,39.73897716,-105.039313,10/4/2019 7:04,7:04,12,0,0,PERRY STREET NORTH & 14TH AVENUE WEST,1,1,0,0,1,2,,0,,0,0,0,0,0,4,2,13
,2019-11198,39.76224529,-105.0392962,11/20/2019 17:50,17:50,6,0,0,PERRY STREET NORTH & 32ND AVENUE WEST,2,3,0,2,1,4,,0,25,0,0,0,0,0,4,4,12
,2019-11199,39.76428242,-105.0393127,9/26/2019 17:10,17:10,6,0,0,PERRY STREET NORTH & 33RD AVENUE WEST,1,1,0,0,1,4,,0,25,0,0,0,0,0,4,3,3
,2019-11200,39.72509105,-105.0394557,8/11/2019 21:12,21:12,8,0,0,PERRY STREET NORTH & FIFTH AVENUE WEST,1,2,0,0,1,4,,0,25,0,0,0,0,0,4,4,3
,2019-11201,39.63873649,-105.0767818,1/24/2019 13:54,13:54,12,0,0,PIERCE STREET SOUTH & QUINCY AVENUE WEST,5,1,1,0,1,3,,0,30,0,0,0,0,0,4,2,3
,2019-11202,39.68944764,-105.0001409,2/15/2019 21:40,21:40,8,0,1,PLATTE RIVER 1400 BLOCK SOUTH & FLORIDA AVENUE WEST,1,3,0,0,1,4,,0,30,0,0,0,0,1,4,2,5
,2019-11203,39.75880268,-104.8989524,9/21/2019 18:00,18:00,6,0,0,SYRACUSE STREET NORTH & 29TH PLACE EAST,1,3,0,0,1,4,,0,25,0,0,0,0,0,4,2,13
,2019-11204,39.682678,-105.0018585,5/23/2019 14:51,14:51,6,0,0,PLATTE RIVER DRIVE SOUTH & JEWELL AVENUE WEST,3,1,0,0,1,4,,0,30,0,0,0,0,0,4,2,14
,2019-11205,39.76973175,-104.9045428,3/4/2019 17:00,17:00,6,0,0,POPLAR STREET 3800 BLOCK NORTH & 38TH AVENUE EAST,4,2,0,0,1,4,,0,25,0,0,0,0,0,4,2,5
,2019-11206,39.7318698,-104.9034626,6/5/2019 18:05,18:05,12,0,0,QUEBEC STREET NORTH & 10TH AVENUE EAST,1,1,0,0,1,3,,0,30,0,0,0,0,0,4,3,12
,2019-11207,39.73209193,-104.9034618,9/17/2019 14:38,14:38,12,0,1,QUEBEC STREET 1000 BLOCK NORTH & 10TH AVENUE EAST,1,1,0,0,1,4,,0,35,0,0,0,0,1,4,2,1
,2019-11208,39.7388959,-104.9034636,3/21/2019 19:38,19:38,12,0,0,QUEBEC STREET NORTH & 14TH AVENUE EAST,1,2,0,0,1,4,,0,30,0,0,0,0,0,4,2,8
,2019-11209,39.73896453,-104.9034633,12/10/2019 10:03,10:03,12,0,0,QUEBEC STREET NORTH & 14TH AVENUE EAST,1,1,0,0,1,3,,0,30,0,0,0,0,0,4,2,13
,2019-11210,39.74411572,-104.9034566,6/10/2019 17:38,17:38,12,0,1,QUEBEC STREET 1700 BLOCK NORTH & 17TH AVENUE EAST,1,1,0,0,1,4,,0,30,0,0,0,0,2,4,5,1
,2019-11211,39.71873642,-104.9036762,6/4/2019 18:16,18:16,15,0,0,QUEBEC STREET NORTH & FIRST AVENUE EAST,1,1,0,0,1,4,,0,35,0,0,0,0,0,4,2,1
,2019-11212,39.74863153,-104.9034509,8/22/2019 18:11,18:11,12,0,1,QUEBEC STREET NORTH  & 21ST AVENUE EAST,1,1,0,0,1,4,,0,30,0,0,0,0,1,4,2,13
,2019-11213,39.75262878,-104.9034243,12/2/2019 9:00,9:00,12,0,2,QUEBEC STREET NORTH & 24TH AVENUE EAST,2,1,0,0,1,4,,0,30,0,0,0,0,1,4,3,14
,2019-11214,39.75840704,-104.9033086,6/29/2019 20:53,20:53,12,0,0,QUEBEC STREET 2900 BLOCK NORTH & 29TH AVENUE EAST,1,3,0,0,1,4,,0,40,0,0,0,0,0,4,2,13
,2019-11215,39.75880883,-104.9033052,10/2/2019 4:08,4:08,6,0,0,QUEBEC STREET NORTH & 29TH AVENUE EAST,2,3,0,1,1,4,,0,35,0,0,0,0,0,4,3,2
,2019-11216,39.72023445,-104.9035888,1/29/2019 9:20,9:20,12,0,1,QUEBEC STREET NORTH & SECOND AVENUE EAST,5,1,0,0,1,3,,0,30,0,0,0,0,1,4,3,13
,2019-11217,39.72027753,-104.9035459,2/8/2019 8:36,8:36,12,0,0,QUEBEC STREET NORTH & SECOND AVENUE EAST,11,1,0,0,1,4,,0,35,0,0,0,0,0,4,2,13
,2019-11218,39.767381,-104.9025437,3/14/2019 19:19,19:19,12,0,3,QUEBEC STREET NORTH & 36TH AVENUE EAST,1,3,0,0,1,4,,0,35,0,0,0,0,1,4,2,13
,2019-11219,39.76752822,-104.9025364,6/13/2019 14:14,14:14,12,0,0,QUEBEC STREET NORTH & 36TH AVENUE EAST,1,1,0,0,1,3,,0,35,0,0,0,0,0,4,2,12
,2019-11220,39.76752822,-104.9025364,10/9/2019 7:45,7:45,12,0,0,QUEBEC STREET NORTH & 36TH AVENUE EAST,1,1,0,0,1,1,,0,45,0,0,0,0,0,4,2,13
,2019-11221,39.76752822,-104.9025364,11/16/2019 18:00,18:00,15,0,0,QUEBEC STREET NORTH & 36TH AVENUE EAST,1,3,0,0,1,1,,0,45,0,0,0,0,0,4,2,13
,2019-11222,39.76943075,-104.9024928,10/3/2019 9:00,9:00,15,0,0,QUEBEC STREET NORTH  & 38TH AVENUE EAST,1,1,0,0,1,3,,0,30,0,0,0,0,0,4,2,1