id,drcog_id,latitude,longitude,crashtime,time,crashtype,numbkilled,numbinjurd,drcoglocat,rdconditin,lightngcon,roadcntgrd,weatherco,location,roaddescrp,schoolzone,constrzone,splimit,bikeinv,sctrinv,pedinv,motoinv,svrty,rdsystem,ttlvehcls,hcf
,2019-11223,39.70414351,-104.9035027,10/9/2019 16:42,16:42,15,0,0,QUEBEC STREET SOUTH  & EXPOSITION AVENUE EAST,1,1,0,0,1,4,,0,35,0,0,0,0,0,4,2,14
,2019-11224,39.72954153,-104.9034687,5/27/2019 23:23,23:23,6,0,1,QUEBEC STREET NORTH & EIGHTH AVENUE EAST,6,3,1,2,1,4,,0,35,0,0,0,0,1,4,3,7
,2019-11225,39.72939054,-104.9034681,8/27/2019 7:04,7:04,12,0,0,QUEBEC STREET 800 BLOCK NORTH & EIGHTH AVENUE EAST,1,1,1,0,1,3,,0,30,0,0,0,0,0,4,2,14
,2019-11226,39.73004547,-104.9034676,9/27/2019 13:57,13:57,12,0,0,QUEBEC STREET NORTH & EIGHTH PLACE EAST,1,1,1,0,1,4,,0,,0,0,0,0,0,4,3,12
,2019-11227,39.74261341,-104.9034246,9/6/2019 18:23,18:23,12,0,0,QUEBEC STREET NORTH & BATAVIA PLACE EAST,2,1,1,1,1,1,,0,30,0,0,0,0,0,4,2,1
,2019-11228,39.66022199,-104.9021883,4/5/2019 9:11,9:11,15,0,0,QUEBEC STREET 2900 BLOCK SOUTH & DARTMOUTH AVENUE EAST,1,1,0,0,1,4,,0,30,0,0,0,0,0,4,3,7
,2019-11229,39.70388246,-104.903502,12/9/2019 15:34,15:34,14,0,0,QUEBEC STREET 800 BLOCK SOUTH & EXPOSITION AVENUE EAST,1,1,1,0,1,4,,0,35,0,0,0,0,0,4,2,13
,2019-11230,39.68263963,-104.9034124,3/31/2019 11:20,11:20,12,0,2,QUEBEC STREET 1800 BLOCK SOUTH & JEWELL AVENUE EAST,1,1,0,0,1,4,,0,35,0,0,0,0,1,4,2,14
,2019-11231,39.63895201,-104.9040536,7/20/2019 21:56,21:56,12,0,0,QUEBEC STREET SOUTH & KENTUCKY AVENUE EAST,1,4,0,0,1,4,,0,35,0,0,0,0,0,4,2,13
,2019-11232,39.69990455,-104.9035288,1/3/2019 14:55,14:55,15,0,0,QUEBEC STREET SOUTH & LEETSDALE DRIVE,1,1,1,0,1,2,,0,30,0,0,0,0,0,4,2,9
,2019-11233,39.74745166,-104.9034477,3/17/2019 10:15,10:15,12,0,0,QUEBEC STREET NORTH & MONTVIEW BOULEVARD EAST,1,1,0,0,1,3,,0,30,0,0,0,0,0,4,2,12
,2019-11234,39.71719062,-104.9037039,2/26/2019 18:31,18:31,8,0,1,QUEBEC STREET & LOWRY BOULEVARD EAST,1,3,0,0,1,3,,0,35,0,0,0,0,2,4,3,2
,2019-11235,39.74274008,-104.9622386,11/14/2019 15:50,15:50,5,0,0,VINE STREET NORTH & 16TH STREET EAST,1,1,0,0,1,4,,0,25,0,0,0,0,0,4,1,13
,2019-11236,39.76275154,-104.9027423,10/30/2019 15:35,15:35,12,0,0,QUEBEC STREET NORTH & MLK BOULEVARD EAST,9,1,0,0,1,4,,0,35,0,0,0,0,0,4,3,1
,2019-11237,39.74752028,-104.9034471,11/22/2019 13:43,13:43,12,0,0,QUEBEC STREET NORTH & MONTVIEW BOULEVARD EAST,1,1,0,0,1,3,,0,30,0,0,0,0,0,4,2,12
,2019-11238,39.75132829,-105.0404838,10/13/2019 3:30,3:30,5,0,0,QUITMAN STREET NORTH & 23RD AVENUE WEST,1,3,0,0,2,3,,0,25,0,0,0,0,0,4,1,13
,2019-11239,39.69321436,-105.0413921,7/7/2019 0:14,0:14,6,0,0,QUITMAN STREET SOUTH & LOUISIANA AVENUE WEST,1,4,0,0,1,4,,0,35,0,0,0,0,0,4,3,5
,2019-11240,39.76944802,-105.0080336,3/2/2019 11:50,11:50,6,0,0,QUIVAS STREET 3800 BLOCK NORTH & 38TH AVENUE WEST,1,1,0,0,1,4,,0,30,0,0,0,0,0,4,2,13
,2019-11241,39.69686924,-105.0065965,1/24/2019 9:11,9:11,12,0,0,QUIVAS STREET 1000 SOUTH & MISSISSIPPI AVENUE WEST,5,1,1,2,1,3,,0,25,0,0,0,0,0,4,2,14
,2019-11242,39.7562728,-104.900531,2/4/2019 13:41,13:41,15,0,0,ROSLYN STREET 2800 BLOCK NORTH & 28TH AVENUE EAST,1,1,1,0,1,4,,0,25,0,0,0,0,0,4,2,13
,2019-11243,39.74875982,-104.8950062,1/21/2019 13:37,13:37,6,0,0,TAMARAC STREET NORTH & 21ST AVENUE EAST,1,1,0,0,1,4,,0,,0,0,0,0,0,4,2,13
,2019-11244,39.73119551,-104.9986387,4/19/2019 11:48,11:48,15,0,0,SANTA FE DRIVE NORTH NORTHBOUND 900 BLOCK & NINTH AVENUE WEST,1,1,0,0,1,4,,0,35,0,0,0,0,0,4,2,14
,2019-11245,39.63980358,-105.0532987,11/10/2019 21:10,21:10,12,0,0,SHERIDAN BOULEVARD SOUTH  & QUINCY AVENUE WEST,1,3,0,0,1,3,,0,40,0,0,0,1,0,4,2,5
,2019-11246,39.7322998,-104.9848539,10/7/2019 10:55,10:55,6,0,0,SHERMAN STREET NORTH & 10TH AVENUE EAST,1,1,0,0,1,2,,0,30,0,0,0,0,0,4,2,13
,2019-11247,39.73410453,-104.9848566,10/11/2019 8:40,8:40,3,0,0,SHERMAN STREET NORTH & 11TH AVENUE EAST,1,1,0,0,1,2,,0,30,0,0,0,0,0,4,2,14
,2019-11248,39.78056488,-104.9846394,9/20/2019 17:49,17:49,12,0,0,SHERMAN STREET NORTH & 46TH AVENUE EAST,1,1,0,0,1,4,,0,25,0,0,0,0,0,4,2,5
,2019-11249,39.73072058,-104.9848684,8/5/2019 18:00,18:00,6,0,0,SHERMAN STREET NORTH & NINTH AVENUE EAST,1,1,0,0,1,3,,0,25,0,0,0,0,0,4,2,14
,2019-11250,39.71142464,-104.985188,2/26/2019 6:15,6:15,6,0,0,SHERMAN STREET 200 BLOCK SOUTH & ALAMEDA AVENUE EAST,1,2,0,0,1,4,,0,25,0,0,0,0,0,4,2,7
,2019-11251,39.68417037,-104.9851756,7/7/2019 13:53,13:53,6,0,0,SHERMAN STREET SOUTH & COLORADO AVENUE EAST,1,1,0,0,1,4,,0,30,0,0,0,0,0,4,2,7
,2019-11252,39.69679779,-104.9850735,9/13/2019 14:11,14:11,6,0,0,SHERMAN STREET NORTH & MISSISSIPPI AVENUE EAST,1,1,0,0,1,4,,0,25,0,0,0,0,0,4,2,13
,2019-11253,39.73697591,-104.9965556,5/10/2019 10:45,10:45,12,0,0,SPEER BOULEVARD NORTH & 13TH AVENUE WEST,1,1,0,0,1,4,,0,30,0,0,0,0,0,4,2,13
,2019-11254,39.72912985,-104.9907378,2/19/2019 5:52,5:52,15,0,0,SPEER BOULEVARD 800 BLOCK NORTH & EIGHTH AVENUE WEST,1,3,0,0,1,4,,0,35,0,0,0,0,0,4,2,13
,2019-11255,39.72914973,-104.9907537,6/14/2019 16:24,16:24,15,0,0,SPEER BOULEVARD & EIGHTH AVENUE WEST,1,1,0,0,1,4,,0,30,0,0,0,0,0,4,2,7
,2019-11256,39.74852654,-105.0034002,10/30/2019 8:55,8:55,12,0,0,SPEER BOULEVARD 1500 BLOCK NORTH & AURARIA PARKWAY,4,1,0,2,1,3,,0,30,0,0,0,0,0,4,2,13
,2019-11257,39.74861603,-105.0031596,1/19/2019 9:00,9:00,12,0,1,SPEER BOULEVARD NORTH & BLAKE STREET,1,1,0,0,1,4,,0,30,0,0,0,0,1,4,4,3
,2019-11258,39.75008687,-105.0049533,4/23/2019 7:26,7:26,12,0,0,SPEER BOULEVARD 1800 BLOCK NORTH & CHOPPER CIRCLE,1,1,1,0,1,4,,0,35,0,0,0,0,0,4,2,13
,2019-11259,39.75236042,-105.0075514,3/23/2019 16:33,16:33,12,0,0,SPEER BOULEVARD NORTH & ELITCH CIRCLE,1,1,0,0,1,4,,0,35,0,0,0,0,0,4,2,12
,2019-11260,39.74643549,-105.001445,5/19/2019 2:25,2:25,12,0,2,SPEER BOULEVARD NORTH & LARIMER STREET,1,3,0,0,1,1,,0,35,0,0,0,0,1,4,2,5
,2019-11261,39.72264216,-104.9826545,10/17/2019 21:11,21:11,15,0,0,SPEER BOULEVARD EAST & LOGAN STREET NORTH,1,3,0,0,1,4,,0,30,0,0,0,0,0,4,2,8
,2019-11262,39.76761319,-104.9771183,10/21/2019 12:50,12:50,6,0,0,BLAKE STREET 3400 BLOCK & 35TH STREET,1,1,0,0,1,4,,0,,0,0,0,0,0,4,2,13
,2019-11263,39.74778774,-105.0024035,7/24/2019 14:20,14:20,15,0,0,SPEER BOULEVARD NORTH & MARKET STREET,1,1,0,0,1,3,,0,35,0,0,0,0,0,4,2,13
,2019-11264,39.75025436,-105.0047395,12/2/2019 14:35,14:35,12,0,0,SPEER BOULEVARD 1800 BLOCK NORTH & WEWATTA STREET,2,1,1,0,1,4,,0,35,0,0,0,0,0,4,3,13
,2019-11265,39.73455851,-105.0153381,3/26/2019 14:16,14:16,3,0,0,STREET PAUL STREET & ALLEY NORTH,1,1,1,0,1,5,,0,10,0,0,0,0,0,4,2,3
,2019-11266,39.67853202,-104.950828,6/12/2019 16:55,16:55,15,0,0,STREET PAUL STREET SOUTH & EVANS AVENUE EAST,1,1,0,0,1,4,,0,25,0,0,0,0,0,4,2,1
,2019-11267,39.76892561,-104.9498976,9/5/2019 16:35,16:35,12,0,0,STEELE STREET NORTH & 37TH AVENUE EAST,1,1,0,0,1,4,,0,30,0,0,0,0,0,4,3,3
,2019-11268,39.77539652,-104.9497979,8/23/2019 17:00,17:00,12,0,0,STEELE STREET NORTH & 42ND AVENUE EAST,1,1,0,0,1,4,,0,35,0,0,0,0,0,4,2,13
,2019-11269,39.77647807,-104.9497968,4/4/2019 22:11,22:11,6,0,1,STEELE STREET NORTH & 43RD AVENUE EAST,1,3,0,0,1,4,,0,35,0,0,0,0,1,4,2,5
,2019-11270,39.68610978,-104.9500522,5/31/2019 11:58,11:58,6,0,0,STEELE STREET SOUTH & MEXICO AVENUE EAST,1,1,0,0,1,4,,0,25,0,0,0,0,0,4,2,8
,2019-11271,39.75916379,-104.9758529,11/27/2019 15:00,15:00,6,0,0,STOUT STREET 3000 BLOCK & 30TH STREET,1,1,0,0,1,4,,0,25,0,0,0,0,0,4,2,7
,2019-11272,39.65427539,-104.898733,7/2/2019 17:30,17:30,12,0,0,TAMARAC STREET SOUTH & GIRARD AVENUE EAST,1,1,0,0,1,4,,0,30,0,0,0,0,0,4,2,13
,2019-11273,39.718377,-105.0532785,7/14/2019 12:28,12:28,15,0,0,FIRST AVENUE WEST & SHERIDAN BOULEVARD,1,1,0,0,1,1,,0,35,0,0,0,0,0,2,2,13
,2019-11274,39.76686472,-105.0112013,1/7/2019 11:50,11:50,6,0,0,TEJON STREET NORTH & 36TH AVENUE WEST,1,1,0,0,1,4,,0,25,0,0,0,0,0,4,2,3
,2019-11275,39.78743675,-105.0439476,2/23/2019 14:20,14:20,12,0,0,TENNYSON STREET NORTH & 50TH AVENUE WEST,2,1,0,0,1,1,,0,35,0,0,0,0,0,4,2,13
,2019-11276,39.78784578,-105.0439482,8/19/2019 2:39,2:39,6,0,0,TENNYSON STREET 5000 NORTH & 50TH AVENUE WEST,1,3,0,0,1,4,,0,25,0,0,0,0,0,4,2,14
,2019-11277,39.68223813,-105.0442701,1/29/2019 8:59,8:59,6,0,0,TENNYSON SOUTH 1800 SOUTH & JEWELL AVENUE WEST,5,1,0,0,1,4,,0,30,0,0,0,0,0,4,2,13
,2019-11278,39.68278204,-105.0442627,12/6/2019 14:15,14:15,12,0,1,TENNYSON STREET 1800 BLOCK SOUTH & JEWELL AVENUE WEST,2,1,0,0,1,2,,0,25,0,0,0,0,2,4,3,13
,2019-11279,39.77766419,-104.9552997,4/8/2019 13:40,13:40,6,0,0,THOMPSON COURT NORTH & 44TH AVENUE EAST,1,1,0,0,1,4,,0,,0,0,0,0,0,4,2,13
,2019-11280,39.77820005,-104.9553045,10/22/2019 17:20,17:20,6,0,0,THOMPSON COURT NORTH & 44TH AVENUE EAST,1,1,0,0,1,4,,0,25,0,0,0,0,0,4,2,3
,2019-11281,39.77826571,-104.7721457,1/6/2019 8:35,8:35,12,0,1,TOWER ROAD 4500 BLOCK NORTH & 45TH AVENUE EAST,1,1,0,0,1,3,,0,40,0,0,0,0,2,4,2,13
,2019-11282,39.77813885,-104.7721464,8/15/2019 21:44,21:44,9,0,0,TOWER ROAD NORTH & 45TH AVENUE EAST,1,3,0,0,1,4,,0,40,0,0,0,0,0,4,1,13
,2019-11283,39.77827611,-104.7721457,8/15/2019 21:44,21:44,15,0,1,TOWER ROAD NORTH & 45TH AVENUE EAST,1,3,0,0,1,4,,0,40,0,0,0,0,1,4,2,1
,2019-11284,39.78819481,-104.7721377,5/28/2019 20:37,20:37,5,0,0,TOWER ROAD NORTH & 50TH AVENUE EAST,2,4,1,1,3,4,,0,45,0,0,0,0,0,4,1,14
,2019-11285,39.79488154,-104.7721488,1/2/2019 8:48,8:48,12,0,0,TOWER ROAD NORTH & 54TH AVENUE EAST,6,1,0,2,1,4,,0,40,0,0,0,0,0,4,2,13
,2019-11286,39.7388848,-104.8964168,2/3/2019 23:47,23:47,6,0,2,TRENTON STREET 1400 BLOCK NORTH & 14TH AVENUE EAST,1,3,0,0,1,4,,0,25,0,0,0,0,1,4,3,5
,2019-11287,39.79879203,-104.7721169,7/12/2019 23:16,23:16,12,0,0,TOWER ROAD NORTH & 56TH AVENUE EAST,1,4,0,0,1,4,,0,40,0,0,0,0,0,4,3,13
,2019-11288,39.79873713,-104.7721169,7/31/2019 8:45,8:45,12,0,0,TOWER ROAD NORTH & 56TH AVENUE EAST,1,1,1,0,1,4,,0,35,0,0,0,0,0,4,2,13
,2019-11289,39.81321006,-104.7721074,7/19/2019 17:07,17:07,12,0,0,TOWER ROAD NORTH 6400 BLOCK & 64TH AVENUE EAST,1,1,0,0,1,4,,0,,0,0,0,0,0,4,3,13
,2019-11290,39.81962124,-104.771994,10/10/2019 15:58,15:58,12,0,0,TOWER ROAD NORTH & 67TH AVENUE EAST,1,1,0,0,1,4,,0,45,0,0,0,0,0,4,3,5
,2019-11291,39.82200429,-104.7719467,10/3/2019 8:10,8:10,12,0,1,TOWER ROAD NORTH & 69TH AVENUE EAST,1,1,0,0,1,3,,0,45,0,0,0,0,1,4,2,8
,2019-11292,39.82372909,-104.7719144,11/26/2019 2:00,2:00,12,0,0,TOWER ROAD 7000 BLOCK NORTH & 70TH AVENUE EAST,5,3,0,2,1,4,,0,45,0,0,0,0,0,4,2,1
,2019-11293,39.78377409,-104.7721151,9/22/2019 12:40,12:40,12,0,0,TOWER ROAD NORTH & GREEN VALLEY RANCH BOULEVARD EAST,1,1,0,0,1,4,,0,45,0,0,0,0,0,4,2,7
,2019-11294,39.78415841,-104.7721173,4/2/2019 17:07,17:07,12,0,0,TOWER ROAD NORTH & GREEN VALLEY RANCH BOULEVARD EAST,1,1,1,0,1,3,,0,45,0,0,0,0,0,4,3,13
,2019-11295,39.83393738,-104.7718801,3/14/2019 6:00,6:00,1,0,0,TOWER ROAD NORTH 7400 BLOCK & PENA BOULEVARD,4,2,0,2,1,3,,0,45,0,0,0,0,0,4,2,1
,2019-11296,39.83366287,-104.7718785,9/25/2019 8:05,8:05,12,0,0,TOWER ROAD 7700 BLOCK NORTH & PENA BOULEVARD,1,1,0,0,1,4,,0,45,0,0,0,0,0,4,2,13
,2019-11297,39.83366287,-104.7718785,10/29/2019 16:53,16:53,9,0,0,TOWER ROAD NORTH & PENA BOULEVARD,1,1,0,2,1,4,,0,40,0,0,0,0,0,4,1,7
,2019-11298,39.73514943,-104.9752692,6/6/2019 2:29,2:29,6,0,0,12TH AVENUE EAST & OGDEN STREET NORTH,1,3,0,0,1,4,,0,30,0,0,0,0,0,4,2,13
,2019-11299,39.73592497,-104.8964165,9/25/2019 11:05,11:05,6,0,1,TRENTON STREET NORTH & 12TH STREET EAST,1,1,0,0,1,4,,0,25,0,0,0,0,1,4,2,6
,2019-11301,39.74060916,-104.8928644,7/26/2019 17:57,17:57,3,0,1,UINTA STREET NORTH & COLFAX AVENUE EAST,1,1,0,0,1,5,,0,15,0,0,0,0,1,4,3,7
,2019-11302,39.77192589,-105.0135219,6/20/2019 18:00,18:00,6,0,0,VALLEJO STREET NORTH & 40TH AVENUE WEST,1,1,0,0,1,4,,0,30,0,0,0,0,0,4,2,13
,2019-11303,39.72051457,-105.0121195,10/28/2019 13:45,13:45,12,0,0,UMATILLA STREET NORTH & SECOND AVENUE WEST,2,1,0,0,1,4,,0,25,0,0,0,0,0,4,2,13
,2019-11304,39.76275689,-104.8925376,4/17/2019 15:53,15:53,12,0,0,UNITA STREET NORTH & 3600 BLOCK NORTH,1,1,0,0,1,3,,0,30,0,0,0,0,0,4,2,14
,2019-11305,39.71846283,-104.9593058,7/12/2019 13:11,13:11,15,0,0,UNIVERSITY BOULEVARD NORTH 100 BLOCK & FIRST AVENUE EAST,1,1,0,0,1,4,,0,35,0,0,0,0,0,4,2,13
,2019-11306,39.71817698,-104.9591349,7/20/2019 15:28,15:28,12,0,0,UNIVERSITY BOULEVARD NORTH & FIRST AVENUE EAST,2,1,0,1,1,4,,0,35,0,0,0,0,0,4,2,13
,2019-11307,39.72277309,-104.9594447,7/30/2019 10:40,10:40,6,0,0,UNIVERSITY BOULEVARD NORTH  & FOURTH AVENUE EAST,1,1,0,0,1,4,,0,30,0,0,0,0,0,4,2,1
,2019-11308,39.72467705,-104.9594577,5/21/2019 3:47,3:47,5,0,0,UNIVERSITY BOULEVARD NORTH & FIFTH AVENUE EAST,6,3,0,2,2,4,,0,30,0,0,0,0,0,4,1,14
,2019-11309,39.69155952,-104.959344,4/28/2019 13:37,13:37,12,0,2,UNIVERSITY BOULEVARD 1300 BLOCK SOUTH & ARKANSAS AVENUE EAST,1,1,0,0,1,4,,0,30,0,0,0,0,1,4,3,3
,2019-11310,39.6827682,-104.9593702,5/20/2019 17:58,17:58,15,0,0,UNIVERSITY BOULEVARD SOUTH & BUCHTEL BOULEVARD EAST,2,2,1,1,1,4,,0,30,0,0,0,0,0,4,2,1
,2019-11311,39.71540931,-104.9593074,11/12/2019 17:37,17:37,12,0,1,UNIVERSITY BOULEVARD NORTH & CHERRY CREEK DRIVE NORTHEAST,1,3,0,0,1,4,,0,40,0,0,0,0,1,4,3,7
,2019-11312,39.67892104,-104.959392,1/16/2019 9:36,9:36,12,0,2,UNIVERSITY 2000 BLOCK SOUTH & EVANS AVENUE EAST,1,1,0,0,1,4,,0,30,0,0,0,0,1,4,3,13
,2019-11313,39.75186017,-105.0028104,3/5/2019 8:10,8:10,6,0,0,WEWATTA STREET 1500 BLOCK & 15TH STREET,2,1,0,0,1,4,,0,25,0,0,0,0,0,4,3,13
,2019-11314,39.67864652,-104.9593928,9/7/2019 19:32,19:32,12,0,1,UNIVERSITY BOULEVARD 2000 BLOCK SOUTH & EVANS AVENUE EAST,1,1,0,0,1,4,,0,30,0,0,0,0,1,4,2,1
,2019-11315,39.67864652,-104.9593928,12/7/2019 23:04,23:04,12,0,0,UNIVERSITY BOULEVARD 2000 BLOCK SOUTH & EVANS AVENUE EAST,1,3,0,0,1,2,,0,30,0,0,0,0,0,4,2,13
,2019-11316,39.67531078,-104.9593839,5/7/2019 9:30,9:30,12,0,2,UNIVERSITY BOULEVARD 2200 BLOCK SOUTH & ILIFF AVENUE EAST,1,1,0,0,1,3,,0,30,0,0,0,0,1,4,2,1
,2019-11317,39.67484258,-104.9594079,7/27/2019 11:18,11:18,12,0,0,UNIVERSITY BOULEVARD SOUTH  & ILIFF AVENUE EAST,1,1,0,0,1,3,,0,35,0,0,0,0,0,4,2,5
,2019-11318,39.70283854,-104.9593451,4/4/2019 8:20,8:20,12,0,1,UNIVERSITY BOULEVARD 700 BLOCK SOUTH & OHIO AVENUE EAST,1,1,0,0,1,4,,0,30,0,0,0,0,1,4,2,13
,2019-11319,39.70205151,-104.959334,4/9/2019 20:40,20:40,15,0,0,UNIVERSITY BOULEVARD SOUTH & OHIO AVENUE EAST,1,3,0,0,1,1,,0,35,0,0,0,0,0,4,2,13
,2019-11320,39.6681034,-104.9593835,6/25/2019 16:45,16:45,15,0,0,UNIVERSITY BOULEVARD SOUTH & YALE AVENUE EAST,1,1,0,0,1,3,,0,35,0,0,0,0,0,4,3,7
,2019-11321,39.76967251,-105.0451488,5/16/2019 10:55,10:55,6,0,0,UTICA STREET NORTH & 38TH AVENUE WEST,1,1,1,0,1,4,,0,30,0,0,0,0,0,4,2,13
,2019-11322,39.69720904,-104.8917204,6/7/2019 17:16,17:16,1,0,0,VALENTIA STREET SOUTH & MISSISSIPPI AVENUE EAST,1,1,0,0,1,2,,0,35,0,0,0,0,0,4,2,13
,2019-11323,39.74512996,-104.962234,9/24/2019 11:10,11:10,12,0,0,VINE STREET NORTH & 18TH AVENUE EAST,1,1,0,0,1,2,,0,30,0,0,0,0,0,4,2,13
,2019-11324,39.76057718,-104.9862151,1/23/2019 12:24,12:24,6,0,0,WALNUT STREET & 26TH STREET,1,1,0,0,1,4,,0,25,0,0,0,0,0,4,2,14
,2019-11325,39.77040037,-104.972054,11/7/2019 18:23,18:23,10,0,0,WALNUT STREET NORTH & 38TH STREET,1,3,0,0,1,2,,0,30,0,0,0,0,0,4,2,8
,2019-11326,39.75645061,-104.9898289,3/2/2019 10:40,10:40,12,0,0,WALNUT STREET & PARK AVENUE WEST,1,1,0,0,1,2,,0,30,0,0,0,0,0,4,2,7
,2019-11327,39.67745067,-104.9187837,3/8/2019 1:23,1:23,6,0,0,WARREN AVENUE EAST & JASMINE STREET SOUTH,1,3,1,0,1,4,,0,25,0,0,0,0,0,4,2,12
,2019-11328,39.73428335,-104.9786924,10/9/2019 17:05,17:05,6,0,0,WASHINGTON STREET NORTH & 11TH AVENUE EAST,1,1,0,0,1,4,,0,25,0,0,0,0,0,4,2,13
,2019-11329,39.78198765,-104.9786042,8/20/2019 13:02,13:02,10,0,0,WASHINGTON STREET NORTH & 47TH AVENUE EAST,1,1,0,0,1,2,,0,35,0,0,0,0,0,4,2,1
,2019-11330,39.78583656,-104.9782963,3/29/2019 12:00,12:00,6,0,0,WASHINGTON SOUTH NORTH 4900 BLOCK & 49TH AVENUE WEST,1,1,0,0,1,2,,0,35,0,0,0,0,0,4,2,14
,2019-11331,39.78575693,-104.9782971,10/16/2019 17:03,17:03,12,0,0,WASHINGTON STREET 4900 BLOCK NORTH & 49TH AVENUE WEST,1,1,0,0,1,4,,0,30,0,0,0,0,0,4,2,2
,2019-11332,39.78575421,-104.9782972,12/11/2019 16:15,16:15,6,0,1,WASHINGTON STREET NORTH & 49TH AVENUE EAST,1,2,0,0,1,4,,0,35,0,0,0,0,2,4,2,3
,2019-11333,39.78738724,-104.9782914,10/8/2019 4:48,4:48,1,0,0,WASHINGTON STREET NORTH & 50TH AVENUE EAST,1,3,0,0,1,2,,0,30,0,0,0,0,0,4,2,7
,2019-11334,39.78992286,-104.9782798,4/19/2019 7:35,7:35,12,0,1,WASHINGTON STREET 5100 BLOCK NORTH & 51ST AVENUE EAST,1,1,0,0,1,3,,0,35,0,0,0,0,1,4,2,13
,2019-11335,39.71124233,-104.979227,2/14/2019 19:30,19:30,12,0,1,WASHINGTON STREET SOUTH & ALAMEDA AVENUE EAST,1,3,0,0,1,3,,0,25,0,0,0,0,1,4,2,5
,2019-11336,39.71312935,-104.9792409,2/20/2019 12:49,12:49,6,0,0,WASHINGTON 100 BLOCK SOUTH & CEDAR AVENUE EAST,1,1,0,0,1,4,,0,25,0,0,0,0,0,4,2,13
,2019-11337,39.71328034,-104.9792409,8/26/2019 16:16,16:16,15,0,0,WASHINGTON STREET SOUTH & CEDAR AVENUE EAST,1,1,0,0,1,4,,0,25,0,0,0,0,0,4,2,1
,2019-11338,39.74726948,-104.9875343,3/12/2019 16:30,16:30,12,0,0,WELTON STREET & 19TH STREET,1,1,0,0,1,3,,0,30,0,0,0,0,0,4,2,8
,2019-11339,39.7551696,-105.0001523,10/8/2019 13:55,13:55,15,0,0,WEWATTA STREET 1800 BLOCK & 18TH STREET,1,1,1,0,1,4,,0,30,0,0,0,0,0,4,2,8
,2019-11340,39.75589408,-104.9986768,3/8/2019 22:12,22:12,12,0,1,WEWATTA STREET 1900 BLOCK & 19TH STREET,2,3,0,0,1,4,,0,30,0,0,0,0,1,4,2,5
,2019-11341,39.75029619,-105.0046861,8/22/2019 20:05,20:05,12,0,0,WEWATTA STREET & SPEER BOULEVARD NORTH,1,3,0,0,1,4,,0,35,0,0,0,0,0,4,2,13
,2019-11342,39.76078118,-104.9659533,9/16/2019 13:45,13:45,12,0,0,WILLIAMS STREET NORTH & 31ST AVENUE EAST,1,1,0,0,1,1,,0,30,0,0,0,0,0,4,2,14
,2019-11343,39.7271494,-104.9658692,11/11/2019 8:00,8:00,12,0,0,WILLIAMS STREET NORTH & SEVENTH AVENUE EAST,4,1,0,2,1,4,,0,30,0,0,0,0,0,4,2,7
,2019-11344,39.6790196,-104.9663988,4/12/2019 12:52,12:52,3,0,0,WILLIAMS STREET 2000 BLOCK SOUTH & EVANS AVENUE EAST,1,1,0,0,1,2,,0,,0,0,0,0,0,4,2,13
,2019-11345,39.7739416,-105.0486059,12/5/2019 14:50,14:50,14,0,0,WOLFF STREET 4100 BLOCK NORTH & 41ST AVENUE WEST,1,1,0,2,1,4,,0,25,0,0,0,0,0,4,2,13
,2019-11346,39.74055189,-105.0486722,1/8/2019 12:42,12:42,12,0,0,WOLFF STREET 1500 BLOCK NORTH & COLFAX AVENUE WEST,1,1,1,0,1,2,,0,25,0,0,0,0,0,4,2,13
,2019-11347,39.74051071,-105.048672,6/13/2019 21:02,21:02,12,0,0,WOLFF STREET 1500 BLOCK NORTH & COLFAX AVENUE WEST,1,3,0,0,1,4,,0,,0,0,0,0,0,4,2,13
,2019-11348,39.76810308,-105.014362,8/23/2019 22:08,22:08,6,0,0,WYANDO STREET NORTH & 37TH AVENUE WEST,1,4,0,0,1,4,,0,20,0,0,0,0,0,4,2,14
,2019-11349,39.75206336,-105.0007243,1/19/2019 20:20,20:20,6,0,0,WYNKOOP STREET 1600 BLOCK & 16TH STREET,1,4,0,0,1,4,,0,25,0,0,0,0,0,4,2,13
,2019-11350,39.78572353,-104.8342762,4/3/2019 18:04,18:04,6,0,0,XANADU STREET 4900 BLOCK NORTH & ANDREWS DRIVE EAST,1,1,0,0,1,4,,0,25,0,0,0,0,0,4,2,2
,2019-11351,39.79170309,-104.8296886,1/26/2019 0:30,0:30,5,0,0,XANADU STREET 5300 NORTH & ATCHISON WAY NORTH,11,1,0,0,2,4,,0,25,0,0,0,0,0,4,3,1
,2019-11352,39.68979719,-105.050031,10/10/2019 13:07,13:07,12,0,0,XAVIER STREET SOUTH & FLORIDA AVENUE WEST,1,1,1,0,1,2,,0,25,0,0,0,0,0,4,2,3
,2019-11353,39.73757948,-104.8858393,2/9/2019 5:37,5:37,6,0,0,XENIA STREET NORTH & 13TH AVENUE EAST,5,3,0,0,1,4,,0,25,0,0,0,0,0,4,2,13
,2019-11354,39.73752458,-104.8858398,9/7/2019 23:43,23:43,6,0,0,XENIA STREET NORTH & 13TH AVENUE EAST,1,3,0,0,1,4,,0,25,0,0,0,0,0,4,2,5
,2019-11355,39.70870489,-105.0508648,1/30/2019 12:10,12:10,5,0,0,YATES STREET SOUTH 400 BLOCK & ALASKA PLACE WEST,6,1,1,0,3,3,,0,25,0,0,0,0,0,4,1,1