id,drcog_id,latitude,longitude,crashtime,time,crashtype,numbkilled,numbinjurd,drcoglocat,rdconditin,lightngcon,roadcntgrd,weatherco,location,roaddescrp,schoolzone,constrzone,splimit,bikeinv,sctrinv,pedinv,motoinv,svrty,rdsystem,ttlvehcls,hcf
,2019-11356,39.68646188,-105.0510631,2/3/2019 1:52,1:52,6,0,0,YATES STREET 1600 BLOCK SOUTH & OREGON PLACE WEST,1,3,0,0,1,4,,0,25,0,0,0,0,0,4,3,3
,2019-11357,39.73531041,-104.9597918,5/17/2019 14:52,14:52,12,0,0,YORK STREET NORTH & 12TH AVENUE EAST,1,1,0,0,1,3,,0,25,0,0,0,0,0,4,2,13
,2019-11358,39.73504203,-104.959832,6/17/2019 8:18,8:18,12,0,0,YORK STREET NORTH & 12TH AVENUE EAST,1,1,0,0,1,3,,0,30,0,0,0,0,0,4,2,13
,2019-11359,39.74505747,-104.9597893,10/31/2019 12:55,12:55,12,0,1,YORK STREET NORTH & 18TH AVENUE EAST,2,1,0,0,6,4,,0,,0,0,0,0,1,3,2,13
,2019-11360,39.74511421,-104.9597892,11/8/2019 9:45,9:45,12,0,1,YORK STREET 1800 BLOCK NORTH & 18TH AVENUE EAST,1,1,0,0,1,4,,0,35,0,0,0,0,1,4,2,13
,2019-11362,39.77331298,-104.9594029,2/21/2019 15:10,15:10,12,0,0,YORK STREET NORTH & 40TH AVENUE EAST,1,1,0,0,1,4,,0,30,0,0,0,0,0,4,2,13
,2019-11363,39.78920137,-104.9592511,9/24/2019 15:55,15:55,1,0,0,YORK STREET NORTH & 51ST AVENUE EAST,1,1,0,0,1,2,,0,30,0,0,0,0,0,4,2,1
,2019-11364,39.72928729,-104.9601895,12/10/2019 13:01,13:01,12,0,0,YORK STREET NORTH & EIGHTH AVENUE EAST,1,1,0,0,1,3,,0,30,0,0,0,0,0,4,2,12
,2019-11365,39.68756663,-104.960538,9/1/2019 18:00,18:00,6,0,0,YORK STREET SOUTH & IOWA AVENUE EAST,1,1,0,0,1,4,,0,30,0,0,0,0,0,4,2,5
,2019-11366,39.62609531,-104.8852572,8/14/2019 12:26,12:26,12,0,1,YOSEMITE STREET SOUTH & BELLEVIEW AVENUE EAST,1,1,1,0,1,4,,0,35,0,0,0,0,1,4,3,5
,2019-11367,39.7317265,-105.0150836,1/16/2019 14:04,14:04,15,0,0,YUMA STREET 900 NORTH & MULBERRY PLACE WEST,1,1,1,0,1,4,,0,30,0,0,0,0,0,4,2,13
,2019-11368,39.76982914,-105.0520791,9/15/2019 12:53,12:53,6,0,0,ZENOBIA STREET NORTH & 38TH AVENUE WEST,1,1,0,0,1,4,,0,25,0,0,0,0,0,4,2,1
,2019-11369,39.72947482,-105.0159649,7/26/2019 8:58,8:58,12,0,0,ZUNI STREET NORTH & EIGHTH AVENUE WEST,1,1,0,0,1,4,,0,25,0,0,0,0,0,4,2,13
,2019-11370,39.75963306,-105.0158356,1/13/2019 19:56,19:56,12,0,0,ZUNI STREET NORTH & 30TH AVENUE WEST,1,3,0,0,1,1,,0,30,0,0,0,0,0,4,4,1
,2019-11371,39.75660929,-105.0158164,6/8/2019 12:07,12:07,12,0,0,ZUNI STREET NORTH & SPEER BOULEVARD NORTH / 2700 BLOCK WEST,1,1,0,0,1,4,,0,35,0,0,0,0,0,4,3,13
,2019-11372,39.75660929,-105.0158164,9/12/2019 12:54,12:54,15,0,0,ZUNI STREET NORTH & SPEER BOULEVARD NORTH,1,1,1,0,1,4,,0,30,0,0,0,0,0,4,2,13
,2019-11373,39.65969382,-105.0520488,5/31/2019 20:33,20:33,6,0,0,ZURICH COURT SOUTH 2900 BLOCK & CORNELL AVENUE WEST,1,4,1,0,1,4,,0,25,0,0,0,0,0,4,3,5
,2019-11451,39.74574794,-104.9977312,3/6/2019 8:12,8:12,6,0,0,ARAPAHOE STREET 1400 BLOCK & 15TH STREET,4,1,0,0,1,4,,0,25,0,0,0,0,0,4,2,14
,2019-11522,39.711186,-104.9482305,4/12/2019 14:09,14:09,12,0,0,ALAMEDA AVENUE EAST & CHERRY CREEK SOUTH DRIVE EAST,1,1,0,0,1,1,,0,,0,0,0,0,0,4,2,13
,2019-11536,39.68799123,-104.9722421,10/13/2019 16:30,16:30,6,0,0,MARION STREET 1500 BLOCK SOUTH & IOWA STREET EAST,1,1,1,0,1,4,,0,,0,0,0,0,0,4,2,13
,2019-11602,39.76546389,-104.9028032,10/14/2019 20:01,20:01,12,0,0,MLK BOULEVARD EAST & QUEBEC STREET NORTH,1,3,0,0,1,4,,0,35,0,0,0,0,0,4,3,13
,2019-11603,39.83419355,-104.6929183,9/16/2019 17:05,17:05,15,0,0,PENA BOULEVARD OUTBOUND 8000 BLOCK & JACKSON GAP STREET,1,1,0,0,1,4,,0,35,0,0,0,0,0,4,2,13
,2019-11604,39.79713259,-104.903391,9/19/2019 15:30,15:30,12,0,0,QUEBEC STREET NORTH & 53RD AVENUE EAST,1,1,0,0,1,4,,0,40,0,0,0,0,0,4,3,13
,2019-11605,39.69998141,-104.9035279,7/10/2019 13:39,13:39,12,0,0,QUEBEC STREET SOUTH 800 BLOCK & LEETSDALE DRIVE,1,1,1,0,1,4,,0,30,0,0,0,0,0,4,2,3
,2019-11606,39.70215565,-104.9035128,7/14/2019 22:48,22:48,5,0,0,QUEBEC STREET SOUTH & LEETSDALE DRIVE,1,3,0,0,3,4,,0,35,0,0,0,0,0,4,1,13
,2019-11607,39.62782375,-104.8947501,10/27/2019 14:21,14:21,3,0,0,ULSTER STREET SOUTH & BELLEVIEW AVENUE EAST,4,1,1,2,1,1,,0,35,0,0,0,0,0,4,2,13
,2019-11613,39.71295046,-104.9834543,8/19/2019 10:13,10:13,5,0,0,CEDAR AVENUE EAST & GRANT STREET SOUTH,1,1,0,0,2,5,,0,25,0,0,0,0,0,4,1,13
,2019-11614,39.73286686,-104.9257692,11/8/2019 0:32,0:32,6,0,0,11TH AVENUE EAST & GLENCOE STREET,1,3,0,0,1,4,,0,25,0,0,0,0,0,4,2,13
,2019-11616,39.75578697,-105.0010738,4/5/2019 20:37,20:37,6,0,0,18TH STREET & CHESTNUT PLACE,1,3,0,0,1,3,,0,25,0,0,0,0,0,4,2,14
,2019-11617,39.72533849,-104.9191357,10/12/2019 14:55,14:55,15,0,0,SIXTH AVENUE EAST  & IVY LANE NORTH,1,1,1,0,1,4,,0,30,0,0,0,0,0,4,2,13
,2019-11618,39.76447277,-104.9352568,1/1/2019 11:30,11:30,5,0,0,BRUCE RANDOLPH AVENUE EAST & BIRCH STREET NORTH,5,1,0,0,2,4,,0,30,0,0,0,0,0,4,1,13
,2019-11619,39.75933685,-104.9935896,10/10/2019 6:29,6:29,5,0,0,PARK AVENUE WEST & WEWATTA STREET,5,3,0,2,2,4,,0,30,0,0,0,0,0,4,1,13
,2019-11620,39.67541422,-105.0615476,2/1/2019 2:00,2:00,6,0,0,WARREN AVENUE 5900 BLOCK WEST & HARLAN STREET SOUTH,5,3,0,0,1,4,,0,25,0,0,0,0,0,4,3,13
,2019-11661,39.74031622,-104.9881807,11/15/2019 9:24,9:24,6,0,0,CHEYENNE PLACE & COLFAX AVENUE EAST,1,1,0,0,1,4,,0,25,0,0,0,0,0,4,2,13
,2019-11727,39.7572513,-105.0249001,7/20/2019 2:30,2:30,6,0,0,28TH AVENUE WEST & FEDERAL BOULEVARD,1,3,0,0,1,4,,0,25,0,0,0,0,0,4,2,13
,2019-11751,39.72563105,-104.9305217,4/17/2019 7:23,7:23,5,0,0,SIXTH AVENUE EAST & EUDORA STREET NORTH / 4900 BLOCK EAST,1,1,0,0,3,4,,0,30,0,0,0,0,0,4,1,1
,2019-11912,39.73688123,-104.9793682,5/4/2019 22:16,22:16,10,0,0,13TH AVENUE EAST & PEARL STREET NORTH,1,3,0,0,1,5,,0,30,0,0,0,0,0,4,2,13
,2019-11932,39.7713465,-104.8470334,6/1/2019 13:20,13:20,12,0,0,PEORIA STREET NORTH & 39TH AVENUE EAST,1,1,0,0,1,4,,0,35,0,0,0,0,0,4,2,5
,2019-11942,39.71027182,-105.029812,9/5/2019 11:23,11:23,6,0,0,IRVING STREET 300 BLOCK SOUTH & NEVADA PLACE,1,3,0,0,1,4,,0,25,0,0,0,0,0,4,2,13
,2019-12022,39.77901449,-105.006871,1/26/2019 0:05,0:05,6,0,0,CHAFFEE PLACE 1700 WEST & QUIETO COURT NORTH,1,3,0,0,1,4,,0,30,0,0,0,0,0,4,2,13
,2019-12049,39.66757174,-104.9406099,7/24/2019 9:19,9:19,15,0,0,YALE AVENUE  & COLORADO BOULEVARD SOUTH,1,1,0,0,1,3,,0,35,0,0,0,0,0,4,2,1
,2019-12050,39.73306805,-105.0483468,6/26/2019 20:30,20:30,6,0,0,10TH AVENUE WEST & WOLFF STREET NORTH,1,2,0,0,1,4,,0,30,0,0,0,0,0,4,2,13
,2019-12051,39.71142896,-104.9406274,9/23/2019 10:57,10:57,15,0,0,ALAMEDA AVENUE EAST  & COLORADO BOULEVARD SOUTH,1,1,0,0,1,3,,0,35,0,0,0,0,0,4,2,1
,2019-12052,39.76181003,-104.9401962,1/16/2019 13:51,13:51,12,0,0,MLK BOULEVARD EAST & COLORADO BOULEVARD NORTH,1,1,0,0,1,4,,0,,0,0,0,0,0,4,3,13
,2019-12053,39.73294026,-105.0318842,5/31/2019 15:16,15:16,3,0,0,10TH AVENUE WEST & KNOX COURT NORTH,1,1,0,0,1,2,,0,30,0,0,0,0,0,4,2,13
,2019-12054,39.73292913,-105.0321426,6/7/2019 10:35,10:35,3,0,0,10TH AVENUE WEST & KNOX COURT NORTH,1,1,0,0,1,3,,0,30,0,0,0,0,0,4,2,13
,2019-12055,39.73202774,-104.9808177,2/24/2019 9:29,9:29,12,0,0,10TH AVENUE EAST & PENNSYLVANIA STREET NORTH / 500 BLOCK EAST,5,1,0,0,1,4,,0,25,0,0,0,0,0,4,2,13
,2019-12056,39.73305611,-105.0473493,9/20/2019 7:20,7:20,12,0,0,10TH AVENUE WEST & WINONA COURT NORTH,1,1,0,0,1,2,,0,30,0,0,0,0,0,4,2,13
,2019-12057,39.73386163,-104.9901445,8/27/2019 7:46,7:46,12,0,0,11TH AVENUE 100 BLOCK WEST & BANNOCK STREET NORTH,1,1,0,0,1,4,,0,25,0,0,0,0,0,4,2,13
,2019-12058,39.7338641,-104.9922403,6/20/2019 17:55,17:55,3,0,0,11TH AVENUE WEST & DELAWARE STREET NORTH,1,1,0,0,1,2,,0,25,0,0,0,0,0,4,3,8
,2019-12059,39.73388336,-105.0248385,1/29/2019 8:54,8:54,10,0,0,11TH AVENUE 2900 WEST & FEDERAL BOULEVARD NORTH,1,1,0,0,1,4,,0,25,0,0,0,0,0,4,2,14
,2019-12060,39.73370401,-104.9819441,3/24/2019 18:44,18:44,3,0,0,11TH AVENUE 300 BLOCK EAST & LOGAN STREET NORTH,1,2,0,0,1,5,,0,25,0,0,0,0,0,4,2,7
,2019-12061,39.73367935,-104.9984223,4/4/2019 16:15,16:15,12,0,1,11TH AVENUE WEST & SANTA FE DRIVE NORTH,1,1,0,0,1,4,,0,30,0,0,0,0,1,4,3,13
,2019-12062,39.73384555,-104.9845135,7/24/2019 17:25,17:25,3,0,0,11TH AVENUE EAST & SHERMAN STREET NORTH,1,1,0,0,1,5,,0,30,0,0,0,0,0,4,2,13
,2019-12063,39.69306702,-105.0034913,7/23/2019 8:30,8:30,6,0,0,LOUISIANA AVENUE WEST & NAVAJO STREET SOUTH,1,4,0,0,1,4,,0,30,0,0,0,0,0,4,2,13
,2019-12064,39.73388388,-105.0250163,9/30/2019 15:50,15:50,12,0,0,11TH AVENUE WEST & FEDERAL BOULEVARD NORTH,1,1,0,0,1,4,,0,25,0,0,0,0,0,4,2,13
,2019-12065,39.73525871,-104.9915493,7/29/2019 17:15,17:15,12,0,0,12TH AVENUE WEST & CHEROKEE STREET NORTH,1,1,0,0,1,4,,0,25,0,0,0,0,0,4,2,13
,2019-12066,39.73514698,-104.9556642,5/26/2019 7:15,7:15,3,0,0,12TH AVENUE EAST & COLUMBINE STREET,1,1,0,0,1,5,,0,15,0,0,0,0,0,4,2,13
,2019-12067,39.73516246,-104.9716437,8/28/2019 8:25,8:25,3,0,1,12TH AVENUE EAST & CORONA STREET NORTH,1,1,0,0,1,5,,0,25,0,0,0,0,1,4,2,14
,2019-12068,39.7352581,-104.992769,5/15/2019 21:43,21:43,9,0,1,12TH AVENUE WEST & DELAWARE STREET NORTH,1,4,0,0,1,4,,1,30,0,0,0,0,2,4,1,1
,2019-12069,39.73515897,-104.9726074,4/19/2019 20:09,20:09,6,0,0,12TH AVENUE EAST & DOWNING STREET NORTH,1,4,0,0,1,4,,0,25,0,0,0,0,0,4,2,2
,2019-12070,39.7351466,-104.9760854,8/6/2019 8:50,8:50,3,0,0,12TH AVENUE EAST & EMERSON STREET NORTH,1,1,0,0,1,5,,0,25,0,0,0,0,0,4,2,13
,2019-12071,39.73515257,-104.958221,4/28/2019 8:56,8:56,3,0,0,12TH AVENUE EAST & JOSEPHINE STREET NORTH / 2400 BLOCK EAST,1,1,0,0,1,5,,0,25,0,0,0,0,0,4,2,13
,2019-12072,39.73515199,-104.9792802,2/22/2019 10:33,10:33,3,0,0,12TH AVENUE EAST & PENNSYLVANIA STREET NORTH / 500 BLOCK EAST,1,1,0,0,1,5,,0,5,0,0,0,0,0,4,2,14
,2019-12073,39.73687938,-105.0044613,5/12/2019 17:03,17:03,6,0,1,13TH AVENUE WEST & 1000 BLOCK WEST,1,1,0,0,1,4,,0,30,0,0,0,0,1,4,3,10
,2019-12074,39.73684984,-104.9872115,6/11/2019 16:40,16:40,12,0,0,13TH AVENUE EAST & BROADWAY STREET,1,1,0,0,1,3,,0,30,0,0,0,0,0,4,2,13
,2019-12075,39.73684984,-104.9872115,12/20/2019 21:09,21:09,12,0,1,13TH AVENUE 000 BLOCK EAST & BROADWAY STREET NORTH,1,3,0,0,1,4,,0,35,0,0,0,0,2,4,2,5
,2019-12076,39.73680965,-104.955059,2/2/2019 14:10,14:10,15,0,0,13TH AVENUE EAST & CLAYTON STREET NORTH,1,1,0,0,1,3,,0,30,0,0,0,0,0,4,2,13
,2019-12077,39.73689586,-105.010065,7/29/2019 17:03,17:03,3,0,0,13TH AVENUE WEST & SHOSHONE STREET NORTH,1,1,0,0,1,2,,0,25,0,0,0,0,0,4,2,14
,2019-12078,39.73687658,-104.9728612,9/12/2019 14:29,14:29,12,0,0,13TH AVENUE EAST & DOWNING STREET NORTH,1,1,0,0,1,4,,0,30,0,0,0,0,0,4,3,13
,2019-12079,39.74097306,-104.9939834,3/8/2019 12:12,12:12,15,0,0,13TH STREET 400 BLOCK & GLENARM PLACE,1,1,0,0,1,4,,0,25,0,0,0,0,0,4,2,13
,2019-12080,39.73688116,-104.9832226,10/27/2019 13:50,13:50,15,0,0,13TH AVENUE 300 BLOCK EAST & GRANT STREET NORTH,2,1,0,2,1,4,,0,30,0,0,0,0,0,4,2,13
,2019-12081,39.73675857,-104.9427111,2/14/2019 20:05,20:05,6,0,0,13TH AVENUE EAST & JACKSON STREET NORTH,1,3,0,0,1,4,,0,30,0,0,0,0,0,4,2,14
,2019-12082,39.73681257,-104.9585679,1/29/2019 13:25,13:25,12,0,0,13TH AVENUE & JOSEPHINE STREET NORTH,2,1,0,0,1,3,,0,30,0,0,0,0,0,4,2,5
,2019-12083,39.73681248,-104.9586034,4/9/2019 18:24,18:24,12,0,0,13TH AVENUE EAST & JOSEPHINE STREET NORTH,1,2,0,0,1,3,,0,30,0,0,0,0,0,4,2,3
,2019-12084,39.73681347,-104.9582834,8/9/2019 18:04,18:04,12,0,0,13TH AVENUE 2400 BLOCK EAST & JOSEPHINE STREET NORTH,1,1,0,0,1,4,,0,30,0,0,0,0,0,4,2,3
,2019-12085,39.73684763,-104.986099,2/6/2019 12:19,12:19,12,0,0,13TH AVENUE EAST & LINCOLN STREET NORTH,4,1,1,2,1,4,,0,30,0,0,0,0,0,4,2,14
,2019-12086,39.73684546,-104.9856012,10/28/2019 9:51,9:51,12,0,0,13TH AVENUE EAST & LINCOLN STREET NORTH,10,1,1,2,1,4,,0,30,0,0,0,0,0,4,2,14
,2019-12088,39.73679174,-104.9516981,3/30/2019 9:57,9:57,6,0,0,13TH AVENUE EAST & MILWAUKEE STREET NORTH,2,1,0,0,1,4,,0,30,0,0,0,0,0,4,1,13
,2019-12089,39.73686917,-104.9127669,10/10/2019 9:31,9:31,12,0,0,13TH AVENUE 6500 BLOCK EAST & MONACO STREET NORTH,4,1,0,2,1,1,,0,30,0,0,0,0,0,4,2,14
,2019-12090,39.7368649,-104.9749244,1/24/2019 10:58,10:58,3,0,2,13TH AVENUE EAST & OGDEN STREET NORTH,4,1,0,2,1,2,,0,10,0,0,0,0,1,4,2,13
,2019-12091,39.736881,-104.9785217,10/29/2019 11:40,11:40,15,0,0,13TH AVENUE 500 BLOCK EAST & WASHINGTON STREET NORTH,4,1,0,2,1,4,,0,30,0,0,0,0,0,4,2,7
,2019-12092,39.73837871,-104.9550084,8/9/2019 1:17,1:17,6,0,0,14TH AVENUE EAST & CLAYTON STREET NORTH,1,3,0,0,1,4,,0,30,0,0,0,0,0,4,3,5
,2019-12093,39.73841915,-104.9739453,1/26/2019 23:20,23:20,5,0,2,14TH AVENUE 1100 EAST & CORONA STREET NORTH,1,4,0,0,3,5,,0,30,0,0,0,0,1,4,1,9
,2019-12094,39.73845026,-104.99284,7/3/2019 6:30,6:30,6,0,0,14TH AVENUE WEST & DELAWARE STREET NORTH,1,1,0,0,1,4,,0,30,0,0,0,0,0,4,2,1
,2019-12095,39.73845003,-104.9927867,12/9/2019 12:00,12:00,12,0,0,14TH AVENUE 300 BLOCK WEST & DELAWARE STREET NORTH,1,1,0,0,1,4,,0,30,0,0,0,0,0,4,2,13
,2019-12096,39.73840287,-104.9730191,7/23/2019 10:00,10:00,6,0,0,14TH AVENUE EAST & DOWNING STREET NORTH,1,1,0,0,1,4,,0,30,0,0,0,0,0,4,2,14
,2019-12097,39.73839815,-104.9643854,2/28/2019 16:26,16:26,3,0,0,14TH AVENUE EAST & HIGH STREET NORTH,1,1,0,0,1,5,,0,20,0,0,0,0,0,4,2,13
,2019-12098,39.73852434,-105.0271852,6/18/2019 18:31,18:31,14,0,1,14TH AVENUE WEST & HOWARD PLACE WEST,1,1,1,0,1,4,,0,30,0,0,0,0,2,4,2,1
,2019-12099,39.73923853,-105.0294159,11/19/2019 8:24,8:24,3,0,1,14TH STREET WEST & IRVING STREET NORTH,1,1,0,0,1,2,,0,15,0,0,0,0,2,4,2,13
,2019-12101,39.73840936,-104.9703254,7/14/2019 2:08,2:08,6,0,0,14TH AVENUE EAST & LAFAYETTE STREET NORTH,1,3,1,0,1,4,,0,30,0,0,0,0,0,4,3,5
,2019-12102,39.73841984,-104.978727,4/15/2019 15:15,15:15,6,0,0,14TH AVENUE 700 BLOCK EAST & WASHINGTON STREET NORTH,1,1,0,0,1,3,,0,30,0,0,0,0,0,4,3,13
,2019-12103,39.75442663,-105.0064601,1/28/2019 6:57,6:57,1,0,1,15TH STREET 2100 BLOCK & LITTLE RAVEN STREET,4,1,0,2,1,4,,0,30,0,0,0,0,2,4,3,13
,2019-12104,39.75437244,-105.0065428,10/21/2019 19:00,19:00,6,0,0,15TH STREET & LITTLE RAVEN,1,3,0,0,1,4,,0,,0,0,0,0,0,4,2,13
,2019-12105,39.79778819,-104.7533029,1/25/2019 6:42,6:42,6,0,0,RANDOLPH PLACE 20059 EAST & HIMALAYA ROAD NORTH,5,1,1,0,1,4,,0,,0,0,0,0,0,4,2,13
,2019-12106,39.74325834,-104.9766635,7/30/2019 8:30,8:30,15,0,0,17TH AVENUE EAST & CLARKSON STREET NORTH,1,1,0,0,1,4,,0,30,0,0,0,0,0,4,2,7
,2019-12107,39.74374791,-104.9418908,9/3/2019 14:29,14:29,12,0,1,17TH AVENUE EAST & HARRISON STREET NORTH,1,1,0,0,1,2,,0,30,0,0,0,0,1,4,3,12
,2019-12108,39.74340736,-104.9173536,6/26/2019 8:00,8:00,12,0,1,17TH AVENUE EAST & KEARNEY STREET NORTH,1,1,0,0,1,4,,0,30,0,0,0,0,1,4,2,13
,2019-12109,39.74323931,-104.9714368,8/5/2019 10:10,10:10,10,0,0,17TH AVENUE EAST & MARION STREET NORTH,1,1,0,0,1,5,,0,30,0,0,0,0,0,4,2,13
,2019-12110,39.74323818,-104.9718813,12/6/2019 8:14,8:14,6,0,0,17TH AVENUE EAST & MARION STREET NORTH,2,1,0,0,2,4,,0,30,0,0,0,0,0,4,2,13
,2019-12111,39.74379795,-104.9521712,8/31/2019 6:00,6:00,6,0,1,17TH AVENUE EAST & MILWAUKEE STREET NORTH,1,2,0,0,1,4,,0,30,0,0,0,0,1,4,3,2
,2019-12112,39.74328013,-104.9810842,5/5/2019 20:45,20:45,6,0,0,17TH STREET EAST & PENNSYLVANIA STREET NORTH,1,2,0,0,1,4,,0,30,0,0,0,0,0,4,2,5
,2019-12114,39.74484695,-104.9772058,1/15/2019 12:55,12:55,15,0,0,18TH AVENUE 800 BLOCK EAST & CLARKSON COURT NORTH,1,1,0,0,1,4,,0,30,0,0,0,0,0,4,2,13
,2019-12115,39.74484432,-104.9761567,6/28/2019 7:05,7:05,12,0,0,18TH AVENUE EAST & EMERSON STREET NORTH,1,1,0,0,1,3,,0,30,0,0,0,0,0,4,2,13
,2019-12116,39.7448254,-104.9694158,11/19/2019 8:50,8:50,15,0,0,18TH AVENUE EAST & HUMBOLDT STREET NORTH,1,1,0,0,1,4,,0,30,0,0,0,0,0,4,2,1
,2019-12117,39.74486809,-104.9822657,6/12/2019 15:30,15:30,12,0,1,18TH AVENUE EAST & LOGAN STREET NORTH,1,1,0,0,1,3,,0,30,0,0,0,0,1,4,2,8
,2019-12118,39.74469914,-104.9596041,2/6/2019 8:18,8:18,12,0,0,18TH AVENUE EAST & YORK STREET NORTH / 2300 BLOCK EAST,5,1,0,2,1,4,,0,30,0,0,0,0,0,4,2,13
,2019-12119,39.783477,-105.002748,11/4/2019 6:00,6:00,5,0,1,I70 & PECOS STREET NORTH,1,1,1,0,2,4,,0,55,0,0,0,0,1,1,1,13
,2019-12120,39.74612293,-104.9386533,2/2/2019 2:36,2:36,5,0,0,19TH AVENUE EAST & ALBION STREET NORTH,1,3,0,0,1,4,,0,25,0,0,0,0,0,4,1,5
,2019-12121,39.74619278,-104.9872027,11/19/2019 12:10,12:10,3,0,0,19TH AVENUE EAST & BROADWAY STREET NORTH,1,1,1,0,1,2,,0,25,0,0,0,0,0,4,2,13
,2019-12122,39.71814278,-105.0349127,9/21/2019 23:44,23:44,6,0,1,FIRST AVENUE WEST & LOWELL BOULEVARD SOUTH,1,3,0,0,1,4,,0,30,0,0,0,0,1,4,2,5
,2019-12123,39.71863625,-104.9729561,3/18/2019 6:45,6:45,15,0,0,FIRST AVENUE EAST 1200 BLOCK & DOWNING STREET NORTH,1,1,0,0,1,4,,0,,0,0,0,0,0,4,2,13
,2019-12125,39.71815951,-105.0270652,10/14/2019 16:50,16:50,12,0,0,FIRST AVENUE 3100 WEST & HAZEL COURT SOUTH,1,1,0,0,1,3,,0,30,0,0,0,0,0,4,2,13
,2019-12126,39.71836392,-104.9652649,11/9/2019 18:59,18:59,12,0,0,FIRST AVENUE EAST & HIGH STREET NORTH,1,3,0,0,1,4,,0,35,0,0,0,0,0,4,2,5
,2019-12127,39.71834106,-104.9694279,9/15/2019 14:01,14:01,12,0,0,FIRST AVENUE EAST & HUMBOLDT STREET NORTH,1,1,0,0,1,4,,0,30,0,0,0,0,0,4,2,13
,2019-12128,39.71834864,-104.9591077,3/21/2019 18:22,18:22,12,0,0,FIRST AVENUE EAST & JOSEPHINE STREET NORTH,1,2,0,0,1,4,,0,30,0,0,0,0,0,4,2,13
,2019-12129,39.71833276,-104.982086,9/10/2019 10:10,10:10,3,0,0,FIRST AVENUE EAST & LOGAN STREET SOUTH,1,1,0,0,1,5,,0,25,0,0,0,0,0,4,3,13
,2019-12130,39.71815813,-105.0286863,10/5/2019 10:50,10:50,15,0,0,FIRST AVENUE 3200 BLOCK EAST & STREET PAUL STREET,1,1,0,0,1,4,,0,35,0,0,0,0,0,4,2,13
,2019-12131,39.71815989,-105.0263315,10/5/2019 12:44,12:44,12,0,0,FIRST AVENUE 3100 BLOCK EAST & STREET PAUL STREET,1,1,0,0,1,4,,0,35,0,0,0,0,0,4,2,13
,2019-12132,39.71815321,-104.9589629,4/1/2019 12:34,12:34,12,0,0,FIRST AVENUE EAST & UNIVERSITY BOULEVARD SOUTH,1,1,0,0,1,4,,0,30,0,0,0,0,0,4,3,13
,2019-12133,39.71818481,-104.9592385,7/3/2019 22:05,22:05,15,0,0,FIRST AVENUE EAST & UNIVERSITY BOULEVARD NORTH,1,3,0,0,1,4,,0,30,0,0,0,0,0,4,2,7
,2019-12134,39.75771065,-104.9985277,3/15/2019 17:24,17:24,12,0,0,20TH STREET & CHESTNUT PLACE,1,1,1,0,1,4,,0,35,0,0,0,0,0,4,2,14
,2019-12135,39.757702,-104.9982252,8/31/2019 22:53,22:53,12,0,0,20TH STREET & CHESTNUT STREET,1,3,0,0,1,4,,0,30,0,0,0,0,0,4,2,5
,2019-12136,39.74758932,-105.029938,11/10/2019 3:30,3:30,6,0,0,20TH AVENUE WEST & IRVING STREET NORTH,1,3,0,0,1,3,,0,25,0,0,0,0,0,4,2,3
,2019-12137,39.75288191,-104.9925096,2/18/2019 8:57,8:57,12,0,0,20TH STREET 1200 BLOCK & LARIMER STREET,4,1,0,2,1,4,,0,35,0,0,0,0,0,4,2,13
,2019-12138,39.75955722,-105.0015384,6/16/2019 16:14,16:14,15,0,0,20TH STREET 2000 BLOCK & LITTLE RAVEN STREET,1,1,0,0,1,4,,0,30,0,0,0,0,0,4,2,8
,2019-12139,39.75148466,-104.9857759,5/14/2019 19:37,19:37,15,0,0,22ND STREET & STOUT STREET,1,1,0,0,1,4,,0,30,0,0,0,0,0,4,2,13
,2019-12140,39.74881433,-104.9822579,10/28/2019 10:50,10:50,12,0,0,22ND STREET 300 BLOCK & TREMONT PLACE,5,1,1,2,1,3,,0,30,0,0,0,0,0,4,2,13
,2019-12141,39.75850508,-105.036437,1/18/2019 10:54,10:54,5,0,1,29TH AVENUE 3700 WEST & NEWTON STREET NORTH,2,1,0,2,2,4,,0,35,0,0,0,0,1,4,1,14
,2019-12142,39.75120668,-105.0204829,7/27/2019 17:20,17:20,15,0,0,23RD AVENUE WEST & CLAY STREET NORTH,1,1,0,0,1,4,,0,35,0,0,0,0,0,4,2,13
,2019-12143,39.7510113,-104.89792,4/26/2019 10:40,10:40,12,0,0,23RD AVENUE 3100 BLOCK EAST & DENVER ZOO ROAD,1,1,0,0,1,4,,0,30,0,0,0,0,0,4,2,10
,2019-12144,39.75071752,-104.9680573,7/1/2019 15:40,15:40,9,0,1,23RD AVENUE EAST & FRANKLIN STREET NORTH,2,1,0,1,1,4,,0,25,0,0,0,0,2,4,2,3
,2019-12145,39.75101078,-104.8978415,4/12/2019 8:00,8:00,3,0,0,23RD AVENUE 7700 BLOCK EAST & SYRACUSE STREET NORTH,1,1,0,0,1,2,,0,30,0,0,0,0,0,4,2,13