id,drcog_id,latitude,longitude,crashtime,time,crashtype,numbkilled,numbinjurd,drcoglocat,rdconditin,lightngcon,roadcntgrd,weatherco,location,roaddescrp,schoolzone,constrzone,splimit,bikeinv,sctrinv,pedinv,motoinv,svrty,rdsystem,ttlvehcls,hcf
,2019-12146,39.75071784,-104.9596975,2/6/2019 11:09,11:09,12,0,0,23RD AVENUE EAST & YORK STREET NORTH / 2300 BLOCK EAST,5,1,0,2,1,1,,0,30,0,0,0,0,0,4,2,14
,2019-12147,39.7532263,-104.9731586,2/8/2019 12:00,12:00,6,0,0,25TH AVENUE 1200 BLOCK EAST & DOWNING STREET NORTH,4,1,0,0,1,4,,0,30,0,0,0,0,0,4,2,13
,2019-12148,39.75983303,-104.9870034,2/3/2019 17:00,17:00,12,0,0,1400 BLOCK EAST 26TH STREET & BLAKE STREET,1,2,1,0,1,4,,0,25,0,0,0,0,0,4,2,13
,2019-12149,39.7560163,-105.0172761,5/30/2019 23:53,23:53,6,0,0,27TH AVENUE WEST & ALCOTT STREET NORTH,1,3,1,0,1,4,,0,25,0,0,0,0,0,4,3,3
,2019-12150,39.72570609,-105.0424559,11/11/2019 1:40,1:40,5,0,2,SIXTH AVENUE NORTH DRIVE 4200 BLOCK WEST & STUART STREET NORTH,2,3,0,2,3,4,,0,30,0,0,0,0,2,4,1,5
,2019-12151,39.76041157,-104.9829119,4/9/2019 18:45,18:45,6,0,0,28TH STREET & LARIMER STREET,1,2,0,0,1,3,,0,30,0,0,0,0,0,4,2,1
,2019-12152,39.75789292,-104.8903767,2/21/2019 19:30,19:30,5,0,0,29TH AVENUE EAST & CENTRAL PARK BOULEVARD NORTH,4,3,0,0,3,4,,0,25,0,0,0,0,0,4,1,3
,2019-12153,39.75844581,-104.9982369,3/17/2019 9:42,9:42,12,0,0,29TH AVENUE WEST & INCA STREET NORTH / 700 BLOCK WEST,1,1,0,0,1,4,,0,25,0,0,0,0,0,4,2,13
,2019-12154,39.75849561,-105.0322377,1/23/2019 17:30,17:30,12,0,0,29TH AVENUE WEST & JULIAN STREET NORTH,1,3,0,0,1,4,,0,35,0,0,0,0,0,4,3,13
,2019-12155,39.75847959,-105.0493384,3/6/2019 12:35,12:35,3,0,0,29TH AVENUE 4800 BLOCK WEST & XAVIER STREET NORTH,1,1,0,0,1,2,,0,30,0,0,0,0,0,4,2,13
,2019-12156,39.75822914,-104.9595776,5/8/2019 8:07,8:07,12,0,0,29TH AVENUE EAST & YORK STREET NORTH,2,1,0,1,1,3,,0,25,0,0,0,0,0,4,2,1
,2019-12157,39.71940139,-104.9545849,12/2/2019 11:01,11:01,5,0,0,SECOND AVENUE 2800 BLOCK EAST & DETROIT STREET NORTH,1,1,0,0,3,4,,0,,0,0,0,0,0,4,1,13
,2019-12158,39.71941118,-104.9532846,11/13/2019 11:04,11:04,6,0,0,SECOND AVENUE EAST & FILLMORE STREET NORTH,1,1,0,0,1,3,,0,25,0,0,0,0,0,4,2,13
,2019-12159,39.71942152,-104.9583226,1/23/2019 18:24,18:24,12,0,1,SECOND AVENUE EAST & JOSEPHINE STREET NORTH,1,3,0,0,1,3,,0,30,0,0,0,0,1,4,2,8
,2019-12160,39.71940827,-104.9516888,6/27/2019 10:44,10:44,3,0,1,SECOND AVENUE EAST & MILWAUKEE STREET NORTH,1,1,0,0,1,5,,0,25,0,0,0,0,1,4,2,13
,2019-12161,39.7202222,-105.0119388,6/27/2019 15:28,15:28,14,0,1,SECOND AVENUE WEST & UMATILLA STREET SOUTH,1,1,0,0,1,4,,0,25,0,0,0,0,2,4,2,13
,2019-12162,39.76650988,-104.9835851,10/25/2019 10:03,10:03,12,0,0,31ST STREET & BRIGHTON BOULEVARD NORTH,1,1,0,0,1,3,,1,25,0,0,0,0,0,4,2,13
,2019-12163,39.76213773,-105.034394,6/28/2019 19:09,19:09,6,0,0,32ND AVENUE WEST & LOWELL BOULEVARD NORTH,1,2,0,0,3,4,,0,25,0,0,0,0,0,4,3,5
,2019-12164,39.76213899,-105.0352354,7/9/2019 19:30,19:30,6,0,0,32ND AVENUE WEST & MEADE STREET NORTH,1,1,0,0,1,4,,0,25,0,0,0,0,0,4,2,14
,2019-12165,39.76212826,-105.0366813,5/22/2019 17:16,17:16,6,0,0,32ND AVENUE WEST & NEWTON STREET NORTH,1,1,1,0,1,4,,0,30,0,0,0,0,0,4,2,13
,2019-12166,39.76203538,-105.0080263,5/18/2019 19:35,19:35,12,0,0,32ND AVENUE WEST & QUIVAS STREET NORTH,1,1,0,0,1,2,,0,30,0,0,0,0,0,4,2,13
,2019-12167,39.76320631,-105.0236037,7/10/2019 14:30,14:30,6,0,0,33RD AVENUE WEST & ELIOT STREET NORTH,1,1,1,0,1,4,,0,30,0,0,0,0,0,4,3,13
,2019-12168,39.76383844,-104.9054476,9/20/2019 9:15,9:15,6,0,1,33RD AVENUE EAST & PONTIAC STREET NORTH,1,1,0,0,1,2,,0,30,0,0,0,0,2,4,2,3
,2019-12169,39.76581596,-105.0367928,10/29/2019 11:00,11:00,6,0,0,35TH AVENUE WEST & NEWTON STREET NORTH,4,1,0,2,1,4,,0,25,0,0,0,0,0,4,2,13
,2019-12170,39.76573213,-105.048058,3/3/2019 5:30,5:30,6,0,0,35TH AVENUE 4700 BLOCK WEST & WOLFF STREET NORTH,4,4,0,2,1,4,,0,25,0,0,0,0,0,4,3,13
,2019-12171,39.7657032,-105.0525271,4/5/2019 23:10,23:10,8,0,0,35TH AVENUE WEST & ZENOBIA STREET NORTH,1,3,0,0,1,3,,0,25,0,0,0,0,0,4,2,5
,2019-12172,39.77293876,-104.975394,11/19/2019 19:35,19:35,12,0,0,38TH STREET & BRIGHTON BOULEVARD NORTH,1,3,0,0,1,3,,0,30,0,0,0,0,0,4,2,1
,2019-12173,39.76665831,-104.8805345,11/25/2019 16:05,16:05,3,0,0,36TH AVENUE 7600 BLOCK EAST & SYRACUSE STREET NORTH,2,1,0,2,1,2,,0,30,0,0,0,0,0,4,2,7
,2019-12174,39.76814646,-104.9721112,10/3/2019 9:20,9:20,12,0,0,37TH AVENUE 1300 BLOCK EAST & MARION STREET NORTH,1,1,0,0,1,3,,0,25,0,0,0,0,0,4,2,3
,2019-12175,39.76756609,-105.043789,11/9/2019 10:30,10:30,6,0,0,37TH AVENUE WEST & TENNYSON STREET NORTH,1,1,0,0,1,2,,0,30,0,0,0,0,0,4,2,13
,2019-12176,39.78468113,-104.7553099,10/30/2019 1:45,1:45,6,0,0,48TH DRIVE EAST & HALIFAX COURT NORTH,4,4,0,2,1,3,,0,30,0,0,0,0,0,4,2,5
,2019-12177,39.76928988,-105.0252325,3/29/2019 14:15,14:15,15,0,0,38TH AVENUE WEST & FEDERAL BOULEVARD NORTH,1,1,0,0,1,3,,0,35,0,0,0,0,0,4,2,13
,2019-12178,39.76926823,-105.0248823,6/4/2019 9:35,9:35,15,0,0,38TH AVENUE WEST & FEDERAL BOULEVARD NORTH,1,1,0,0,1,4,,0,35,0,0,0,0,0,4,2,14
,2019-12179,39.76926513,-105.0250067,7/24/2019 15:20,15:20,12,0,1,38TH AVENUE WEST & FEDERAL BOULEVARD NORTH,1,1,0,0,1,4,,0,35,0,0,0,0,1,4,2,13
,2019-12180,39.76948399,-105.0328919,3/1/2019 16:00,16:00,12,0,0,38TH AVENUE WEST & KING STREET NORTH,1,2,0,0,1,4,,0,30,0,0,0,0,0,4,3,13
,2019-12181,39.76948399,-105.0328919,3/7/2019 12:05,12:05,12,0,0,38TH AVENUE WEST & KING STREET NORTH / 3400 BLOCK WEST,1,1,0,0,1,4,,0,35,0,0,0,0,0,4,3,13
,2019-12182,39.7695399,-105.0344359,11/1/2019 17:23,17:23,15,0,1,38TH AVENUE WEST & LOWELL BOULEVARD NORTH,1,3,0,0,1,4,,0,35,0,0,0,0,1,4,2,1
,2019-12183,39.76929164,-105.0134141,10/23/2019 10:05,10:05,15,0,0,38TH AVENUE WEST & VALLEJO STREET NORTH,1,1,0,0,1,3,,0,35,0,0,0,0,0,4,2,13
,2019-12184,39.77282979,-104.7958314,2/11/2019 8:47,8:47,12,0,0,40TH AVENUE EAST & AIRPORT BOULEVARD NORTH,1,1,0,0,1,4,,0,40,0,0,0,0,0,4,2,14
,2019-12185,39.77291862,-104.93958,9/23/2019 15:00,15:00,3,0,0,40TH AVENUE EAST & HIGHWAY 2 / COLORADO BOULEVARD NORTH,1,1,0,0,1,2,,0,25,0,0,0,0,0,4,2,1
,2019-12186,39.77289753,-104.9628684,6/5/2019 10:32,10:32,12,0,0,40TH AVENUE EAST & RACE STREET NORTH / 2000 BLOCK EAST,1,1,0,0,1,2,,0,30,0,0,0,0,0,4,2,3
,2019-12187,39.7729135,-104.9397578,9/26/2019 6:47,6:47,3,0,0,40TH AVENUE 3400 BLOCK EAST & COLORADO BOULEVARD NORTH,1,1,0,0,1,2,,0,25,0,0,0,0,0,4,2,13
,2019-12188,39.77293644,-105.0235564,2/8/2019 21:06,21:06,6,0,0,41ST AVENUE 2700 BLOCK WEST & ELIOT STREET NORTH,5,3,0,0,1,4,,0,25,0,0,0,0,0,4,2,7
,2019-12189,39.77660682,-105.0181973,6/7/2019 22:00,22:00,6,0,0,44TH AVENUE WEST & BRYANT STREET NORTH,1,3,1,0,1,4,,0,30,0,0,0,0,0,4,3,5
,2019-12190,39.7767234,-105.034615,3/12/2019 15:30,15:30,12,0,0,44TH AVENUE WEST & LOWELL BOULEVARD NORTH,1,1,0,0,1,1,,0,30,0,0,0,0,0,4,2,13
,2019-12191,39.77674679,-105.0343719,5/29/2019 14:10,14:10,3,0,0,44TH AVENUE WEST & LOWELL BOULEVARD NORTH,1,1,0,0,1,2,,0,35,0,0,0,0,0,4,2,13
,2019-12192,39.77654333,-105.0054198,3/8/2019 19:56,19:56,6,0,1,44TH AVENUE WEST & OSAGE STREET NORTH,2,3,0,1,1,3,,0,25,0,0,0,0,2,4,2,5
,2019-12193,39.77868758,-104.8647736,10/3/2019 15:40,15:40,15,0,0,45TH AVENUE 10500 BLOCK EAST & HAVANA STREET NORTH,1,1,0,0,1,4,,0,30,0,0,0,0,0,4,2,13
,2019-12194,39.77868694,-104.8652005,10/28/2019 13:10,13:10,12,0,0,45TH AVENUE EAST & HAVANA STREET NORTH,10,1,0,2,1,4,,0,30,0,0,0,0,0,4,2,14
,2019-12195,39.77881132,-104.8245123,7/7/2019 10:13,10:13,5,0,0,46TH AVENUE EAST & ANDREWS DRIVE EAST,1,1,0,0,3,4,,0,30,0,0,0,0,0,4,1,3
,2019-12196,39.77894253,-104.8189389,1/5/2019 18:20,18:20,6,0,0,46TH AVENUE EAST & DEARBORN STREET NORTH,1,3,0,0,1,4,,0,25,0,0,0,0,0,4,3,5
,2019-12197,39.77893923,-104.8200203,5/10/2019 1:30,1:30,6,0,1,46TH AVENUE EAST & DEARBORN STREET NORTH,1,3,0,0,1,4,,0,30,0,0,0,0,1,4,2,5
,2019-12198,39.78066878,-104.8414717,8/9/2019 14:05,14:05,6,0,0,46TH AVENUE EAST & TULSA COURT,1,1,0,0,1,4,,0,25,0,0,0,0,0,4,2,13
,2019-12199,39.78062615,-104.8246207,8/27/2019 16:36,16:36,6,0,0,47TH AVENUE EAST & DAVENPORT STREET NORTH,1,1,0,0,1,4,,0,20,0,0,0,0,0,4,2,14
,2019-12200,39.69676798,-105.0297401,3/17/2019 19:54,19:54,5,0,0,MISSISSIPPI AVENUE WEST & IRVING STREET SOUTH,1,2,0,0,3,4,,0,,0,0,0,0,0,4,1,5
,2019-12201,39.78227365,-104.8655652,12/3/2019 11:40,11:40,12,0,0,47TH AVENUE EAST & HAVANA STREET NORTH,1,1,0,0,1,1,,0,35,0,0,0,0,0,4,2,12
,2019-12202,39.78227389,-104.8657432,12/13/2019 16:53,16:53,12,0,0,47TH AVENUE EAST & HAVANA STREET NORTH,1,1,0,0,1,3,,0,30,0,0,0,0,0,4,2,13
,2019-12203,39.78238294,-104.8503462,12/6/2019 9:44,9:44,14,0,0,47TH AVENUE 11900 EAST & OAKLAND STREET NORTH,5,1,0,0,1,4,,0,30,0,0,0,0,0,4,2,13
,2019-12204,39.78391933,-104.9989508,10/10/2019 6:51,6:51,14,0,1,48TH AVENUE WEST & KALAMATH STREET NORTH,5,1,1,2,1,4,,0,30,0,0,0,0,2,4,2,13
,2019-12205,39.78370202,-104.9795929,12/5/2019 15:35,15:35,6,0,0,48TH AVENUE 600 BLOCK EAST & PEARL STREET NORTH,1,1,0,2,1,4,,0,25,0,0,0,0,0,4,2,13
,2019-12206,39.72254751,-104.985927,5/3/2019 11:37,11:37,6,0,0,FOURTH AVENUE 100 BLOCK EAST & LINCOLN STREET NORTH,1,1,0,0,1,4,,0,25,0,0,0,0,0,4,2,13
,2019-12207,39.78738958,-104.9869332,5/14/2019 11:36,11:36,6,0,0,50TH AVENUE EAST & LEAF COURT NORTH / 50 BLOCK EAST,1,1,1,0,1,4,,0,25,0,0,0,0,0,4,2,13
,2019-12208,39.78921788,-104.9850335,8/9/2019 13:00,13:00,6,0,0,51ST AVENUE EAST & SHERMAN STREET NORTH,1,1,0,0,1,4,,0,25,0,0,0,0,0,4,2,13
,2019-12209,39.78829295,-104.8149262,2/7/2019 14:16,14:16,15,0,0,52ND AVENUE 14700 EAST & EAGLE STREET NORTH,4,1,0,0,1,4,,0,25,0,0,0,0,0,4,2,7
,2019-12210,39.79098894,-104.9447742,10/29/2019 13:00,13:00,10,0,0,52ND AVENUE EAST & MONROE STREET NORTH,4,1,0,2,1,2,,0,30,0,0,0,0,0,4,3,14
,2019-12211,39.738348,-104.9483025,10/14/2019 8:45,8:45,10,0,0,14TH AVENUE EAST & ADAMS STREET NORTH,1,1,0,0,1,1,,0,35,0,0,0,0,0,4,2,13
,2019-12212,39.79194132,-104.7655847,3/5/2019 6:45,6:45,12,0,0,53RD AVENUE EAST & BISCAY COURT NORTH,6,1,0,0,1,2,,0,25,0,0,0,0,0,4,2,13
,2019-12213,39.79041996,-104.8122714,11/27/2019 11:50,11:50,3,0,0,53RD AVENUE EAST & FAIRPLAY STREET NORTH,5,1,0,0,1,3,,0,25,0,0,0,0,0,4,2,13
,2019-12214,39.79839796,-104.7863767,7/15/2019 13:08,13:08,12,0,0,56TH AVENUE EAST 17700 BLOCK & PENA BOULEVARD,1,1,0,0,1,4,,0,35,0,0,0,1,0,4,2,14
,2019-12215,39.79838434,-104.7855312,10/15/2019 18:11,18:11,5,0,1,56TH AVENUE EAST & PENA BOULEVARD,1,1,0,0,2,4,,0,40,0,0,0,0,1,4,1,5
,2019-12216,39.79814731,-104.8409267,9/26/2019 8:25,8:25,12,0,1,56TH AVENUE 12500 BLOCK EAST & REVERE STREET NORTH,1,1,0,0,1,4,,0,40,0,0,0,0,1,4,2,13
,2019-12217,39.83811599,-104.7142119,11/8/2019 11:04,11:04,3,0,0,78TH AVENUE EAST & GUN CLUB ROAD NORTH,1,1,0,0,1,2,,0,45,0,0,0,0,0,4,2,1
,2019-12218,39.79815013,-104.8412826,12/17/2019 17:32,17:32,12,0,2,56TH AVENUE EAST & REVERE STREET NORTH,1,3,0,0,1,4,,0,40,0,0,0,0,1,4,3,13
,2019-12219,39.79830466,-104.768979,8/10/2019 7:30,7:30,15,0,0,56TH AVENUE EAST & TOWER ROAD NORTH,1,1,0,0,1,4,,0,45,0,0,0,0,0,4,2,13
,2019-12220,39.72413804,-104.9887764,10/2/2019 9:39,9:39,14,0,0,FIFTH AVENUE WEST & ACOMA STREET NORTH,1,1,0,0,1,4,,0,25,0,0,0,0,0,4,2,13
,2019-12221,39.72401068,-105.050565,11/22/2019 18:03,18:03,6,0,0,FIFTH AVENUE WEST & YATES STREET NORTH,1,3,0,0,1,4,,0,25,0,0,0,0,0,4,2,3
,2019-12222,39.72380398,-105.0156622,4/8/2019 5:00,5:00,5,0,0,FIFTH AVENUE WEST & YUMA STREET NORTH / 2300 BLOCK WEST,1,3,0,0,2,4,,0,35,0,0,0,0,0,4,1,14
,2019-12223,39.74353517,-105.0112648,1/29/2019 9:51,9:51,12,0,0,FIFTH STREET & WALNUT STREET,5,1,0,0,1,3,,0,30,0,0,0,0,0,4,2,7
,2019-12225,39.72560401,-104.948401,7/6/2019 23:53,23:53,6,0,0,SIXTH AVENUE EAST  & ADAMS STREET NORTH,1,3,0,0,1,4,,0,35,0,0,0,0,0,4,3,13
,2019-12226,39.72562203,-104.9371561,11/12/2019 17:49,17:49,15,0,0,SIXTH AVENUE 4300 BLOCK EAST & BELLAIRE STREET NORTH,1,2,0,0,1,4,,0,30,0,0,0,0,0,4,2,1
,2019-12227,39.72564022,-104.9871769,10/19/2019 18:55,18:55,12,0,0,SIXTH AVENUE EAST  & BROADWAY STREET NORTH,1,3,0,0,1,4,,0,30,0,0,0,0,0,4,2,14
,2019-12228,39.72566813,-104.9918571,12/3/2019 6:45,6:45,12,0,0,SIXTH AVENUE 200 BLOCK WEST & CHEROKEE STREET NORTH,5,1,0,0,1,2,,0,30,0,0,0,0,0,4,2,13
,2019-12229,39.72564262,-104.9855988,4/20/2019 14:06,14:06,15,0,0,SIXTH AVENUE 100 BLOCK EAST & SPEER BOULEVARD,1,1,0,0,1,4,,0,30,0,0,0,0,0,4,2,13
,2019-12230,39.7257077,-104.9996362,8/15/2019 8:15,8:15,10,0,0,SIXTH AVENUE WEST  & KALAMATH STREET NORTH,1,1,1,0,1,5,,0,30,0,0,0,0,0,4,2,13
,2019-12231,39.72561377,-104.9861731,2/17/2019 22:20,22:20,15,0,0,SIXTH AVENUE EAST & LINCOLN STREET NORTH,4,3,0,2,1,4,,0,30,0,0,0,0,0,4,2,13
,2019-12232,39.72565831,-104.9104992,1/30/2019 7:35,7:35,12,0,0,SIXTH AVENUE EAST & NIAGARA STREET / 6700 BLOCK EAST,5,1,0,0,1,4,,0,30,0,0,0,0,0,4,2,7
,2019-12233,39.72562684,-104.9794266,10/17/2019 17:30,17:30,5,0,0,SIXTH AVENUE EAST  & PEARL STREET NORTH,1,2,0,0,2,5,,0,30,0,0,0,0,0,4,1,13
,2019-12234,39.71831724,-104.978754,2/15/2019 19:30,19:30,9,0,0,SIXTH AVENUE 700 BLOCK EAST 1 & WASHINGTON STREET NORTH,1,3,1,0,1,2,,0,25,0,0,0,0,0,4,1,13
,2019-12235,39.72560873,-104.9600228,7/10/2019 18:40,18:40,12,0,0,SIXTH AVENUE EAST & YORK STREET NORTH,1,1,1,0,1,4,,0,30,0,0,0,0,0,4,2,13
,2019-12236,39.7256095,-104.9599162,8/13/2019 16:00,16:00,12,0,0,SIXTH AVENUE 2300 BLOCK EAST & YORK STREET NORTH,1,1,0,0,1,4,,0,30,0,0,0,0,0,4,3,1
,2019-12237,39.83803171,-104.7022524,11/22/2019 12:40,12:40,1,0,0,78TH AVENUE EAST & CALAWBA COURT,1,1,0,0,1,3,,0,45,0,0,0,0,0,4,2,1
,2019-12238,39.83812327,-104.7151733,12/26/2019 16:02,16:02,12,0,0,78TH AVENUE 23000 BLOCK EAST & GUN CLUB ROAD NORTH,1,1,0,0,1,4,,0,45,0,0,0,0,0,4,2,1
,2019-12239,39.72751443,-105.0248774,6/6/2019 9:49,9:49,12,0,0,SEVENTH AVENUE 2900 BLOCK WEST & FEDERAL BOULEVARD NORTH,1,1,0,0,1,4,,0,25,0,0,0,0,0,4,2,13
,2019-12240,39.72727497,-104.9821608,5/2/2019 13:04,13:04,6,0,0,SEVENTH AVENUE EAST & LOGAN STREET NORTH,1,1,0,0,1,4,,0,30,0,0,0,0,0,4,2,13
,2019-12241,39.72827094,-105.0434778,3/8/2019 7:29,7:29,6,0,0,SEVENTH AVENUE WEST & TENNYSON STREET NORTH,1,1,0,0,1,4,,0,25,0,0,0,0,0,4,2,14
,2019-12242,39.72922817,-104.9369512,3/11/2019 18:00,18:00,14,0,0,EIGHTH AVENUE 4300 BLOCK EAST & BELLAIRE STREET NORTH,1,1,0,0,1,4,,0,30,0,0,0,0,0,4,2,13
,2019-12243,39.72922861,-104.9356439,9/13/2019 17:05,17:05,3,0,0,EIGHTH AVENUE EAST & BIRCH STREET NORTH,1,1,0,0,1,5,,0,30,0,0,0,0,0,4,2,1
,2019-12245,39.72908712,-104.9870565,8/29/2019 9:55,9:55,15,0,1,EIGHTH AVENUE EAST & BROADWAY STREET,1,1,1,0,1,4,,0,30,0,0,0,0,1,4,3,13
,2019-12246,39.72931311,-105.0184314,9/20/2019 16:25,16:25,15,0,0,EIGHTH AVENUE 2500 BLOCK WEST & BRYANT STREET NORTH,1,1,0,0,1,4,,0,35,0,0,0,0,0,4,2,8
,2019-12247,39.72906921,-104.976036,5/1/2019 10:35,10:35,12,0,0,EIGHTH AVENUE EAST & EMERSON STREET NORTH / 900 BLOCK EAST,1,1,0,0,1,4,,0,30,0,0,0,0,0,4,2,5
,2019-12248,39.72907795,-104.983599,1/15/2019 8:10,8:10,12,0,0,EIGHTH AVENUE EAST & GRANT STREET NORTH / 300 BLOCK EAST,1,1,0,0,1,1,,0,30,0,0,0,0,0,4,2,13
,2019-12249,39.72907223,-104.983254,3/21/2019 18:50,18:50,3,0,0,EIGHTH AVENUE EAST & GRANT STREET NORTH,1,2,0,0,1,5,,0,30,0,0,0,0,0,4,3,13
,2019-12250,39.72889755,-104.9975818,2/2/2019 1:12,1:12,15,0,0,EIGHTH AVENUE WEST & INCA STREET NORTH,1,3,0,0,1,4,,0,35,0,0,0,0,0,4,2,5
,2019-12251,39.72911402,-104.9589643,1/10/2019 13:20,13:20,12,0,0,EIGHTH AVENUE EAST & JOSEPHINE STREET NORTH / 2400 BLOCK EAST,1,1,0,0,1,3,,0,35,0,0,0,0,0,4,2,3
,2019-12252,39.72911421,-104.9587154,8/12/2019 9:30,9:30,12,0,0,EIGHTH AVENUE 2400 BLOCK EAST & JOSEPHINE STREET NORTH,1,1,0,0,1,4,,0,30,0,0,0,0,0,4,2,13
,2019-12253,39.72895147,-104.9975824,1/6/2019 2:38,2:38,15,0,0,EIGHTH AVENUE WEST & KALAMATH STREET NORTH,1,3,0,0,1,4,,0,25,0,0,0,0,0,4,2,5
,2019-12254,39.72907278,-104.9823812,3/9/2019 8:50,8:50,12,0,0,EIGHTH AVENUE EAST & LOGAN STREET NORTH,1,1,0,0,1,3,,0,25,0,0,0,0,0,4,2,13
,2019-12255,39.72908223,-104.9715123,7/23/2019 12:00,12:00,12,0,1,EIGHTH AVENUE EAST & MARION STREET NORTH,1,1,0,0,1,3,,0,30,0,0,0,0,1,4,2,13
,2019-12257,39.72905177,-104.9811237,6/26/2019 14:29,14:29,15,0,1,EIGHTH AVENUE EAST 500 BLOCK & PENNSYLVANIA STREET NORTH,1,1,0,0,1,4,,0,30,0,0,0,0,1,4,2,13
,2019-12258,39.72950921,-104.9006249,10/24/2019 12:53,12:53,5,0,0,EIGHTH AVENUE 7500 BLOCK EAST & ROSLYN STREET NORTH,1,1,1,0,2,1,,0,25,0,0,0,0,0,4,1,10
,2019-12259,39.72887271,-104.9905247,6/24/2019 8:49,8:49,12,0,0,EIGHTH AVENUE WEST 100 BLOCK & SPEER BOULEVARD NORTH,1,1,1,0,1,4,,0,30,0,0,0,0,0,4,2,13
,2019-12260,39.72933093,-105.0139879,5/31/2019 17:12,17:12,12,0,0,EIGHTH AVENUE WEST & WYANDOT STREET NORTH,1,1,0,0,1,4,,0,25,0,0,0,0,0,4,2,13
,2019-12261,39.78380236,-104.9474343,3/15/2019 7:30,7:30,15,0,0,48TH AVENUE EAST 3200 BLOCK & VASQUEZ BOULEVARD NORTH,1,1,0,0,1,3,,0,30,0,0,0,0,0,4,2,3
,2019-12262,39.7111699,-104.9898307,9/16/2019 12:14,12:14,12,0,1,ALAMEDA AVENUE 100 BLOCK WEST & BANNOCK STREET SOUTH,1,1,0,0,1,4,,0,30,0,0,0,0,1,4,2,13
,2019-12263,39.7113793,-104.9362572,2/25/2019 12:31,12:31,12,0,0,ALAMEDA AVENUE 4100 BLOCK EAST & BIRCH STREET SOUTH,1,1,1,0,1,4,,0,35,0,0,0,0,0,4,2,13
,2019-12264,39.7113793,-104.9362572,9/9/2019 8:42,8:42,12,0,0,ALAMEDA AVENUE 4400 BLOCK EAST & BIRCH STREET,1,1,1,0,1,4,,0,35,0,0,0,0,0,4,2,13
,2019-12265,39.71115795,-104.9875032,11/13/2019 12:18,12:18,12,0,0,ALAMEDA AVENUE EAST & BROADWAY STREET NORTH,1,1,0,0,1,3,,0,30,0,0,0,0,0,4,2,1
,2019-12266,39.71155491,-104.9404385,3/15/2019 7:50,7:50,15,0,0,ALAMEDA AVENUE EAST  & COLORADO BOULEVARD SOUTH,6,1,0,0,1,4,,0,30,0,0,0,0,0,4,2,13
,2019-12267,39.71120797,-104.9314361,6/16/2019 8:32,8:32,9,0,0,ALAMEDA AVENUE EAST  & DAHLIA STREET SOUTH,1,1,0,0,3,3,,0,35,0,0,0,0,0,4,1,12
,2019-12268,39.69531015,-104.91208,12/8/2019 20:55,20:55,6,0,0,ARIZONA AVENUE EAST & MONACO STREET SOUTH,1,4,0,0,1,4,,0,25,0,0,0,0,0,4,2,14
,2019-12269,39.70895755,-104.8751265,10/4/2019 15:41,15:41,15,0,0,ALAMEDA AVENUE EAST  & DAYTON STREET SOUTH,1,1,0,0,1,3,,0,35,0,0,0,0,0,4,2,8
,2019-12270,39.71110308,-104.9767028,12/2/2019 7:30,7:30,12,0,1,ALAMEDA AVENUE 900 BLOCK EAST & EMERSON STREET SOUTH,2,1,1,0,1,4,,0,30,0,0,0,0,1,4,2,7
,2019-12271,39.71114489,-104.9838235,8/31/2019 15:42,15:42,1,0,0,ALAMEDA AVENUE EAST  & GRANT STREET SOUTH,1,1,0,0,1,2,,0,30,0,0,0,0,0,4,2,8
,2019-12272,39.71120993,-104.9219236,2/23/2019 13:25,13:25,12,0,0,ALAMEDA AVENUE EAST & HOLLY STREET SOUTH,4,1,0,2,1,4,,0,35,0,0,0,0,0,4,2,3
,2019-12273,39.71136444,-104.9199619,8/15/2019 16:59,16:59,12,0,0,ALAMEDA AVENUE EAST & JERSEY STREET SOUTH,1,1,0,0,1,4,,0,40,0,0,0,0,0,4,2,12
,2019-12274,39.71115917,-104.9863016,11/12/2019 9:00,9:00,12,0,0,ALAMEDA AVENUE 100 BLOCK EAST & LINCOLN STREET SOUTH,1,1,0,0,1,3,,0,30,0,0,0,0,0,4,3,13
,2019-12275,39.7113913,-104.9141874,1/30/2019 8:20,8:20,15,0,0,ALAMEDA AVENUE EAST & LOCUST STREET SOUTH,1,1,1,0,1,4,,0,35,0,0,0,0,0,4,2,13
,2019-12276,39.71113831,-104.9826486,1/22/2019 8:15,8:15,12,0,0,ALAMEDA AVENUE EAST & LOGAN STREET SOUTH,5,1,0,2,1,4,,0,,0,0,0,0,0,4,2,13
,2019-12277,39.71135609,-104.9129339,5/8/2019 8:50,8:50,12,0,0,ALAMEDA AVENUE EAST 6500 BLOCK & MONACO STREET SOUTH,2,1,0,1,1,3,,0,35,0,0,0,0,0,4,2,1
,2019-12278,39.71111553,-104.9800277,4/20/2019 11:28,11:28,12,0,3,ALAMEDA AVENUE EAST 600 BLOCK & PEARL STREET SOUTH,1,1,0,0,1,4,,0,30,0,0,0,0,1,4,3,13
,2019-12279,39.71111797,-104.9802942,10/28/2019 7:22,7:22,14,0,0,ALAMEDA AVENUE EAST  & PEARL STREET SOUTH,5,1,0,2,1,4,,0,35,0,0,0,0,0,4,2,7