id,drcog_id,latitude,longitude,crashtime,time,crashtype,numbkilled,numbinjurd,drcoglocat,rdconditin,lightngcon,roadcntgrd,weatherco,location,roaddescrp,schoolzone,constrzone,splimit,bikeinv,sctrinv,pedinv,motoinv,svrty,rdsystem,ttlvehcls,hcf
,2019-12280,39.71214791,-105.0051961,12/16/2019 11:27,11:27,12,0,0,ALAMEDA BYERS 1500 BLOCK WEST & PECOS STREET SOUTH,5,1,0,0,1,5,,0,,0,0,0,0,0,4,2,13
,2019-12281,39.71121082,-104.9031454,10/4/2019 7:01,7:01,15,0,0,ALAMEDA AVENUE EAST  & QUEBEC STREET SOUTH,1,1,0,0,1,3,,0,35,0,0,0,0,0,4,2,5
,2019-12282,39.71116258,-104.9971259,2/28/2019 12:58,12:58,15,0,0,ALAMEDA AVENUE WEST 800 BLOCK & SANTA FE DRIVE SOUTH,1,1,0,0,1,4,,0,30,0,0,0,0,0,4,2,13
,2019-12283,39.71119342,-104.9968654,5/13/2019 4:00,4:00,15,0,0,ALAMEDA AVENUE WEST & SANTA FE DRIVE SOUTH,1,4,0,0,1,4,,0,35,0,0,0,0,0,4,2,7
,2019-12284,39.71114041,-104.9971154,11/8/2019 16:23,16:23,12,0,0,ALAMEDA AVENUE WEST  & SANTA FE DRIVE SOUTH,1,1,0,0,1,3,,0,30,0,0,0,0,0,4,2,13
,2019-12285,39.71118296,-104.9922199,9/17/2019 12:45,12:45,12,0,0,ALAMEDA AVENUE 100 BLOCK WEST & CHEROKEE STREET SOUTH,1,1,0,0,1,4,,0,35,0,0,0,0,0,4,3,13
,2019-12286,39.71100666,-104.9498531,12/2/2019 9:01,9:01,6,0,1,ALAMEDA AVENUE 3200 BLOCK EAST & STEELE STREET SOUTH,5,1,0,0,1,4,,0,30,0,0,0,0,1,4,2,7
,2019-12287,39.70855815,-105.0345159,5/14/2019 7:50,7:50,12,0,0,ALASKA PLACE WEST 3500 BLOCK & LOWELL BOULEVARD SOUTH,1,1,0,0,1,4,,0,25,0,0,0,0,0,4,2,13
,2019-12288,39.70894517,-105.0455453,2/26/2019 8:43,8:43,13,0,1,ALASKA PLACE WEST & UTICA STREET SOUTH,1,1,0,0,1,4,,0,5,0,0,0,0,2,4,2,3
,2019-12289,39.77648531,-104.8311946,3/28/2019 17:17,17:17,13,0,1,ALBROOK DRIVE 14200 BLOCK EAST & CRYSTAL STREET NORTH,1,1,0,0,1,4,,0,25,0,0,0,0,1,4,2,14
,2019-12290,39.66544802,-104.9402827,12/9/2019 11:44,11:44,3,0,0,AMHERST AVENUE 4100 BLOCK EAST & COLORADO BOULEVARD SOUTH,1,1,1,0,1,2,,0,25,0,0,0,0,0,4,2,13
,2019-12291,39.66533446,-105.0249444,7/18/2019 18:40,18:40,3,0,0,AMHERST AVENUE WEST & FEDERAL BOULEVARD SOUTH,1,1,0,0,1,2,,0,25,0,0,0,0,0,4,2,5
,2019-12292,39.66686234,-104.8985679,3/8/2019 11:11,11:11,12,0,1,AMHERST AVENUE EAST 7600 BLOCK & SYDNEY COURT SOUTH,1,1,0,0,1,4,,0,25,0,0,0,0,1,4,2,13
,2019-12293,39.77849324,-104.7710067,1/29/2019 8:56,8:56,3,0,2,ANDES STREET NORTH & ANDES WAY NORTH,5,1,0,0,1,1,,0,20,0,0,0,0,1,4,2,13
,2019-12294,39.6947798,-104.9812336,6/23/2019 12:19,12:19,6,0,0,ARIZONA AVENUE 500 BLOCK EAST & PENNSYLVANIA STREET SOUTH,1,1,0,0,1,4,,0,30,0,0,0,0,0,4,2,13
,2019-12295,39.69498049,-105.052678,3/21/2019 17:56,17:56,3,0,0,ARIZONA AVENUE WEST & SHERIDAN BOULEVARD SOUTH,1,1,0,0,1,5,,0,25,0,0,0,0,0,4,3,1
,2019-12296,39.69128455,-105.029197,9/23/2019 1:25,1:25,6,0,0,ARKANSAS AVENUE 3200 BLOCK WEST & IRVING STREET SOUTH,1,3,0,0,1,4,,0,25,0,0,0,0,0,4,3,13
,2019-12297,39.69117024,-104.9804386,8/8/2019 21:10,21:10,6,0,0,ARKANSAS AVENUE EAST & PEARL STREET SOUTH,1,3,0,0,1,4,,0,25,0,0,0,0,0,4,3,13
,2019-12298,39.69114361,-104.9639592,11/4/2019 16:10,16:10,6,0,0,ARKANSAS AVENUE EAST & RACE STREET SOUTH,1,1,0,0,1,4,,0,25,0,0,0,0,0,4,2,13
,2019-12299,39.68039417,-104.9298358,8/23/2019 23:54,23:54,6,0,0,ASBURY AVENUE EAST & DAHILA STREET SOUTH,1,3,0,0,1,4,,0,25,0,0,0,0,0,4,3,5
,2019-12300,39.74429109,-105.0104462,4/5/2019 15:41,15:41,15,0,0,AURARIA PARKWAY & 14TH STREET,1,1,1,0,1,4,,0,25,0,0,0,0,0,4,2,13
,2019-12301,39.74512582,-105.0093014,11/5/2019 12:38,12:38,15,0,0,AURARIA PARKWAY 700 BLOCK & SEVENTH STREET,1,1,1,0,1,4,,0,35,0,0,0,0,0,4,2,13
,2019-12302,39.79833156,-104.8783696,3/4/2019 8:15,8:15,5,0,0,CHESTER WAY NORTH & 56TH AVENUE EAST,5,1,0,0,2,4,,0,45,0,0,0,0,0,4,1,13
,2019-12303,39.74853176,-105.002921,9/16/2019 22:44,22:44,15,0,0,BLAKE STREET & SPEER BOULEVARD NORTH,1,3,0,0,1,4,,0,25,0,0,0,0,0,4,2,13
,2019-12304,39.678462,-104.9126255,12/12/2019 13:22,13:22,12,0,1,EVANS AVENUE EAST & MONACO STREET SOUTH,1,1,0,0,1,2,,0,,0,0,0,0,2,4,2,13
,2019-12305,39.76444834,-104.9405009,5/29/2019 10:40,10:40,3,0,1,BRUCE RANDOLPH AVENUE EAST & COLORADO BOULEVARD NORTH,1,1,1,0,1,2,,0,30,0,0,0,0,1,4,2,3
,2019-12306,39.76450666,-104.9691079,10/23/2019 8:30,8:30,3,0,1,BRUCE RANDOLPH AVENUE EAST & HUMBOLDT STREET NORTH,1,1,0,0,1,2,,0,25,0,0,0,0,2,4,2,13
,2019-12307,39.76446683,-104.949713,11/16/2019 14:16,14:16,12,0,0,BRUCE RANDOLPH 3200 BLOCK EAST & STEELE STREET NORTH,1,1,0,0,1,4,,0,30,0,0,0,0,0,4,2,12
,2019-12308,39.71215084,-105.0141465,1/27/2019 12:55,12:55,6,0,0,BYERS DRIVE 2300 WEST & YUMA STREET SOUTH,1,5,0,0,1,4,,0,30,0,0,0,0,0,4,2,13
,2019-12309,39.69572795,-104.980329,8/12/2019 11:40,11:40,15,0,0,BUCHTEL BOULEVARD EAST & PEARL STREET SOUTH,1,1,0,0,1,3,,0,30,0,0,0,0,0,4,2,1
,2019-12310,39.68273555,-104.9592778,8/17/2019 13:26,13:26,5,0,0,BUCHTEL BOULEVARD EAST & UNIVERSITY BOULEVARD SOUTH,1,1,0,0,3,1,,0,30,0,0,0,0,0,4,1,15
,2019-12311,39.71295118,-104.9835823,6/20/2019 9:33,9:33,6,0,0,CEDAR AVENUE EAST & GRANT STREET SOUTH,1,1,0,0,1,2,,0,25,0,0,0,0,0,4,2,13
,2019-12312,39.71291555,-104.9753745,5/3/2019 19:50,19:50,3,0,0,CEDAR AVENUE EAST & OGDEN STREET SOUTH,1,2,0,0,1,5,,0,20,0,0,0,0,0,4,2,13
,2019-12313,39.74474105,-104.9962537,2/3/2019 18:38,18:38,15,0,0,CHAMPA STREET & 14TH STREET,1,3,0,0,1,4,,0,30,0,0,0,0,0,4,2,7
,2019-12314,39.68491301,-104.903528,8/15/2019 14:06,14:06,12,0,0,CHERRY CREEK 7300 BLOCK EAST & QUEBEC STREET SOUTH,1,1,0,0,1,3,,0,35,0,0,0,0,0,4,2,10
,2019-12315,39.67845173,-104.935795,9/29/2019 4:25,4:25,5,0,0,COLORADO DRIVE EAST & BIRCH STREET SOUTH,1,3,0,0,2,4,,0,25,0,0,0,0,0,4,1,13
,2019-12316,39.66213398,-105.0176253,8/3/2019 23:26,23:26,6,0,1,CORNELL AVENUE WEST & BRYANT STREET SOUTH,1,1,0,0,1,4,,0,35,0,0,0,0,1,4,3,13
,2019-12317,39.66257548,-104.950167,6/5/2019 12:10,12:10,6,0,0,CORNELL AVENUE 3300 BLOCK EAST & SAINT PAUL STREET SOUTH,1,1,1,0,1,4,,0,25,0,0,0,0,0,4,2,7
,2019-12318,39.69664431,-104.9151965,12/14/2019 3:27,3:27,5,0,0,MISSISSIPPI AVENUE EAST & LEYDEN STREET SOUTH,1,3,0,0,3,4,,0,30,0,0,0,0,0,4,1,14
,2019-12319,39.65963986,-105.0531222,12/9/2019 8:36,8:36,12,0,0,CORNELL AVENUE 5100 BLOCK WEST & SHERIDAN BOULEVARD SOUTH,1,1,0,0,1,4,,0,25,0,0,0,0,0,4,2,13
,2019-12320,39.61831413,-105.089877,12/13/2019 11:24,11:24,3,0,0,CRESTLINE AVENUE 7700 BLOCK WEST & WADSWORTH AVENUE SOUTH,1,1,0,0,1,2,,0,25,0,0,0,0,0,4,2,13
,2019-12321,39.61830711,-105.0913764,12/14/2019 17:18,17:18,1,0,0,CRESTLINE AVENUE 8100 BLOCK WEST & WADSWORTH BOULEVARD SOUTH,1,2,0,0,1,2,,0,40,0,0,0,0,0,4,2,13
,2019-12322,39.61452494,-105.0965151,12/4/2019 18:00,18:00,15,0,0,CROSS DRIVE 8600 BLOCK WEST & ESTES STREET SOUTH,1,2,0,0,1,4,,0,40,0,0,0,0,0,4,2,14
,2019-12323,39.65616247,-105.0525232,6/24/2019 16:38,16:38,3,0,0,DARTMOUTH AVENUE WEST & SHERIDAN BOULEVARD SOUTH,1,1,0,0,1,2,,0,25,0,0,0,0,0,4,2,3
,2019-12324,39.65616288,-105.0527008,11/25/2019 16:07,16:07,3,0,0,DARTMOUTH AVENUE 5100 BLOCK WEST & SHERIDAN BOULEVARD SOUTH,2,1,0,2,1,2,,0,25,0,0,0,0,0,4,2,13
,2019-12325,39.6564867,-105.0502913,1/30/2019 13:45,13:45,3,0,0,DARTMOUTH AVENUE 5100 BLOCK & ZURICH COURT SOUTH,1,1,0,0,1,2,,0,30,0,0,0,0,0,4,2,7
,2019-12326,39.67846369,-104.9313989,8/15/2019 7:45,7:45,15,0,0,EVANS AVENUE EAST & DAHLIA STREET SOUTH,1,1,0,0,1,4,,0,35,0,0,0,0,0,4,2,13
,2019-12327,39.75449946,-104.973153,9/15/2019 18:12,18:12,1,0,1,DOWNING STREET NORTH & 26TH AVENUE EAST,1,1,0,0,1,3,,0,25,0,0,0,0,2,4,2,8
,2019-12328,39.71652905,-104.9778073,8/26/2019 15:01,15:01,6,0,0,ELLSWORTH AVENUE EAST & CLARKSON STREET NORTH,1,1,0,0,1,4,,0,25,0,0,0,0,0,4,2,7
,2019-12329,39.67845843,-104.9388789,8/6/2019 17:52,17:52,1,0,0,EVANS AVENUE EAST & ALBION STREET SOUTH,1,1,0,0,1,2,,0,35,0,0,0,0,0,4,2,13
,2019-12330,39.67866297,-105.0196059,3/25/2019 16:21,16:21,3,0,1,EVANS AVENUE WEST 2600 BLOCK & CLAY STREET SOUTH,1,1,0,0,1,2,,0,30,0,0,0,0,1,4,2,13
,2019-12331,39.67838447,-104.9548664,6/24/2019 16:40,16:40,12,0,0,EVANS AVENUE EAST 2700 BLOCK & CLAYTON STREET SOUTH,1,1,0,0,1,4,,0,35,0,0,0,0,0,4,2,13
,2019-12333,39.67845834,-104.9403878,2/13/2019 11:15,11:15,12,0,0,EVANS AVENUE EAST & COLORADO BOULEVARD SOUTH,1,1,0,0,1,3,,0,35,0,0,0,0,0,4,2,3
,2019-12334,39.67846926,-104.9396775,4/5/2019 17:05,17:05,3,0,1,EVANS AVENUE EAST 4100 BLOCK & COLORADO BOULEVARD SOUTH,1,1,0,0,1,3,,0,,0,0,0,0,1,4,2,13
,2019-12335,39.6784608,-104.940228,9/19/2019 8:51,8:51,3,0,0,EVANS AVENUE EAST & COLORADO BOULEVARD SOUTH,1,1,0,0,1,2,,0,15,0,0,0,0,0,4,2,7
,2019-12336,39.67846432,-104.9309015,1/7/2019 11:00,11:00,12,0,0,EVANS AVENUE EAST & DAHLIA STREET SOUTH / 5000 BLOCK EAST,1,1,0,0,1,4,,0,35,0,0,0,0,0,4,2,13
,2019-12337,39.67846583,-104.9294804,2/22/2019 12:25,12:25,3,0,2,EVANS AVENUE 5000 BLOCK EAST & DAHLIA STREET SOUTH,1,1,0,0,1,2,,0,35,0,0,0,0,1,4,2,1
,2019-12338,39.67846508,-104.9301909,3/11/2019 7:45,7:45,12,0,0,EVANS AVENUE EAST & DAHLIA STREET SOUTH / 4800 BLOCK EAST,1,1,0,0,1,3,,0,35,0,0,0,0,0,4,3,13
,2019-12339,39.67846364,-104.9314344,8/9/2019 11:29,11:29,12,0,1,EVANS AVENUE 4500 BLOCK EAST & DAHLIA STREET SOUTH,1,1,0,0,1,4,,0,35,0,0,0,0,1,4,3,12
,2019-12341,39.67850784,-104.9734307,12/10/2019 15:34,15:34,12,0,0,EVANS AVENUE EAST & DOWNING STREET SOUTH,1,1,0,0,1,4,,0,40,0,0,0,0,0,4,2,13
,2019-12342,39.67864549,-105.0246057,1/7/2019 6:52,6:52,3,0,0,EVANS AVENUE WEST & FEDERAL BOULEVARD SOUTH / 2900 BLOCK WEST,1,1,0,0,1,2,,0,30,0,0,0,0,0,4,2,13
,2019-12343,39.67864448,-105.0249255,8/29/2019 18:05,18:05,12,0,0,EVANS AVENUE WEST & FEDERAL BOULEVARD SOUTH,1,1,0,0,1,4,,0,35,0,0,0,0,0,4,2,1
,2019-12344,39.67848919,-104.9675698,10/25/2019 0:55,0:55,6,0,0,EVANS AVENUE EAST & GILPAN STREET SOUTH,1,3,0,0,1,4,,0,35,0,0,0,0,0,4,2,5
,2019-12345,39.67856193,-104.9839349,2/7/2019 10:39,10:39,12,0,0,EVANS AVENUE EAST & GRANT AVENUE SOUTH / 300 BLOCK EAST,10,1,0,0,1,4,,0,30,0,0,0,0,0,4,2,13
,2019-12346,39.67844405,-104.9251965,3/12/2019 12:30,12:30,15,0,0,EVANS AVENUE EAST & GRAPE STREET SOUTH,1,1,0,0,1,3,,0,35,0,0,0,0,0,4,2,13
,2019-12347,39.67844404,-104.9251965,8/27/2019 16:31,16:31,15,0,0,EVANS AVENUE EAST & GRAPE STREET SOUTH,1,1,0,0,1,4,,0,35,0,0,0,0,0,4,2,13
,2019-12348,39.67846506,-104.9215188,2/7/2019 18:00,18:00,15,0,0,EVANS AVENUE EAST & HOLLY STREET SOUTH,6,2,0,0,1,4,,0,40,0,0,0,0,0,4,2,13
,2019-12349,39.67847045,-104.9221227,7/13/2019 9:22,9:22,15,0,0,EVANS AVENUE & HOLLY STREET SOUTH,1,1,0,0,1,4,,0,45,0,0,0,0,0,4,2,13
,2019-12350,39.67846823,-104.921874,12/13/2019 17:22,17:22,3,0,0,EVANS AVENUE 5600 BLOCK EAST & HOLLY STREET SOUTH,1,2,0,0,1,2,,0,15,0,0,0,0,0,4,2,14
,2019-12351,39.67844432,-104.9234244,7/8/2019 9:39,9:39,12,0,0,EVANS AVENUE EAST 5500 BLOCK & HUDSON STREET SOUTH,1,1,0,0,1,3,,0,30,0,0,0,0,0,4,2,13
,2019-12353,39.67838834,-104.9433485,5/23/2019 15:42,15:42,12,0,0,EVANS AVENUE 3900 BLOCK EAST & JACKSON STREET SOUTH,1,1,0,0,1,4,,0,40,0,0,0,0,0,4,2,13
,2019-12354,39.67845641,-104.9187347,1/10/2019 7:42,7:42,12,0,0,EVANS AVENUE EAST & JASMINE STREET SOUTH,1,1,0,0,1,3,,0,35,0,0,0,0,0,4,3,13
,2019-12355,39.70388149,-104.9837828,9/20/2019 17:08,17:08,6,0,0,EXPOSITION AVENUE EAST & GRANT STREET SOUTH,1,1,0,0,1,4,,0,25,0,0,0,0,0,4,3,14
,2019-12356,39.67845734,-104.9183652,4/27/2019 12:13,12:13,15,0,0,EVANS AVENUE EAST & JASMINE STREET SOUTH / 5900 BLOCK EAST,1,1,0,0,1,4,,0,35,0,0,0,0,0,4,2,1
,2019-12357,39.67846313,-104.915348,11/14/2019 7:39,7:39,12,0,1,EVANS AVENUE 6300 BLOCK EAST & LEYDEN STREET SOUTH,1,1,0,0,1,4,,0,35,0,0,0,0,1,4,3,13
,2019-12358,39.67855529,-104.9862171,3/7/2019 18:35,18:35,12,0,0,EVANS AVENUE EAST & LINCOLN STREET SOUTH,1,3,0,0,1,4,,0,35,0,0,0,0,0,4,2,13
,2019-12359,39.67856493,-104.982836,4/25/2019 18:26,18:26,15,0,0,EVANS AVENUE EAST & LOGAN STREET SOUTH,1,1,0,0,1,3,,0,35,0,0,0,0,0,4,2,13
,2019-12360,39.67856527,-104.9827472,5/13/2019 14:10,14:10,12,0,0,EVANS AVENUE EAST 400 BLOCK & LOGAN STREET SOUTH,1,1,0,0,1,4,,0,35,0,0,0,0,0,4,2,12
,2019-12361,39.67856588,-104.9825873,8/27/2019 16:30,16:30,15,0,0,EVANS AVENUE 400 BLOCK EAST & LOGAN STREET SOUTH,1,1,0,0,1,4,,0,35,0,0,0,0,0,4,2,7
,2019-12362,39.67859664,-105.034343,10/8/2019 16:16,16:16,15,0,0,EVANS AVENUE WEST & LOWELL BOULEVARD SOUTH,1,1,0,0,1,3,,0,30,0,0,0,0,0,4,3,3
,2019-12363,39.67850833,-104.9722612,6/21/2019 14:46,14:46,12,0,2,EVANS AVENUE 1300 BLOCK EAST & MARION STREET SOUTH,2,1,0,1,1,4,,0,30,0,0,0,0,1,4,3,12
,2019-12364,39.67846189,-104.9125367,4/26/2019 15:17,15:17,12,0,0,EVANS AVENUE EAST 6500 BLOCK & MONACO STREET SOUTH,1,1,1,0,1,4,,0,40,0,0,0,0,0,4,3,14
,2019-12365,39.67852621,-104.9756477,10/23/2019 12:29,12:29,12,0,1,EVANS AVENUE EAST & OGDEN STREET SOUTH,1,1,0,0,1,4,,0,35,0,0,0,0,1,4,3,13
,2019-12366,39.79738058,-104.8374311,9/22/2019 0:59,0:59,6,0,0,RANDOLPH PLACE 12900 BLOCK EAST & ROBINS PLACE EAST,1,4,0,0,1,4,,0,,0,0,0,0,0,4,2,13
,2019-12367,39.67856001,-105.0049452,1/8/2019 8:40,8:40,3,0,1,EVANS AVENUE 1400 BLOCK WEST & OSAGE STREET SOUTH,1,1,1,0,1,2,,0,35,0,0,0,0,1,4,2,3
,2019-12368,39.67841595,-104.9635151,1/31/2019 8:19,8:19,15,0,1,EVANS AVENUE EAST 2100 BLOCK EAST  & RACE STREET SOUTH,1,1,0,0,1,4,,0,30,0,0,0,0,1,4,2,14
,2019-12369,39.67868135,-105.0153614,11/7/2019 17:00,17:00,3,0,0,EVANS AVENUE WEST & ZUNI STREET SOUTH,1,2,0,0,1,2,,0,15,0,0,0,0,0,4,2,3
,2019-12370,39.67866024,-105.011028,12/3/2019 9:30,9:30,12,0,0,EVANS AVENUE 1900 BLOCK WEST & TEJON STREET SOUTH,1,1,0,0,1,3,,0,35,0,0,0,0,0,4,2,1
,2019-12371,39.67842708,-104.9588668,10/2/2019 7:52,7:52,3,0,0,EVANS AVENUE EAST & UNIVERSITY BOULEVARD SOUTH,1,1,0,0,5,5,,0,35,0,0,0,0,0,4,2,13
,2019-12372,39.67842838,-104.9583339,10/3/2019 14:20,14:20,3,0,0,EVANS AVENUE EAST & UNIVERSITY BOULEVARD SOUTH,1,1,0,0,1,5,,0,20,0,0,0,0,0,4,2,13
,2019-12373,39.70384722,-104.9487493,5/20/2019 12:27,12:27,12,0,0,EXPOSITION AVENUE EAST & BELCARO DRIVE EAST,2,1,0,1,1,4,,0,35,0,0,0,0,0,4,2,13
,2019-12374,39.70386215,-104.9586392,4/24/2019 17:38,17:38,8,0,1,EXPOSITION AVENUE 2400 BLOCK EAST & UNIVERSITY BOULEVARD SOUTH,1,1,0,0,1,4,,0,25,0,0,0,0,1,4,2,2
,2019-12375,39.68930708,-104.937147,2/9/2019 16:50,16:50,12,0,0,FLORIDA AVENUE 4300 BLOCK EAST & BELLAIRE STREET SOUTH,1,2,0,0,1,4,,0,30,0,0,0,0,0,4,2,13
,2019-12376,39.68933874,-104.93505,7/9/2019 15:15,15:15,12,0,0,FLORIDA AVENUE EAST 4500 BLOCK & CLERMONT STREET SOUTH,1,1,0,0,1,3,,0,30,0,0,0,0,0,4,2,12
,2019-12377,39.68951375,-105.0231679,5/15/2019 17:30,17:30,12,0,0,FLORIDA AVENUE WEST & ELIOT STREET SOUTH,1,1,0,0,1,3,,0,30,0,0,0,0,0,4,2,13
,2019-12378,39.68949067,-105.0244419,5/6/2019 6:12,6:12,5,0,0,FLORIDA AVENUE 2900 BLOCK WEST & FEDERAL BOULEVARD SOUTH,1,1,0,0,2,4,,0,30,0,0,0,0,0,4,1,2
,2019-12379,39.68949055,-105.0243708,9/7/2019 20:06,20:06,1,0,0,FLORIDA AVENUE WEST & FEDERAL BOULEVARD SOUTH,1,3,0,0,1,2,,0,,0,0,0,0,0,4,2,13
,2019-12380,39.68945075,-105.0343731,7/25/2019 10:57,10:57,12,0,0,FLORIDA AVENUE WEST & LOWELL BOULEVARD SOUTH,1,1,0,0,1,3,,0,25,0,0,0,1,0,4,2,13
,2019-12381,39.68939176,-104.9799439,7/22/2019 11:11,11:11,6,0,0,FLORIDA AVENUE EAST & PEARL STREET SOUTH,1,1,0,0,1,2,,0,25,0,0,0,0,0,4,2,13
,2019-12382,39.65631543,-104.922694,4/24/2019 12:49,12:49,6,0,0,FLOYD AVENUE EAST & HOLLY STREET SOUTH,1,1,0,0,1,3,,0,25,0,0,0,0,0,4,2,14
,2019-12383,39.74979881,-105.0204204,9/4/2019 8:45,8:45,6,0,0,FRONT VIEW CRESENT DRIVE & CLAY STREET NORTH,1,1,0,0,1,3,,0,25,0,0,0,0,0,4,2,13
,2019-12384,39.78366289,-104.7611401,5/17/2019 9:10,9:10,12,0,1,GREEN VALLEY RANCH BOULEVARD EAST & FLANDERS WAY NORTH,1,1,0,0,1,4,,0,35,0,0,0,0,1,4,2,12
,2019-12385,39.78379436,-104.7946509,4/12/2019 15:40,15:40,12,0,0,GREEN VALLEY RANCH BOULEVARD EAST & MEMPHIS STREET NORTH,1,1,0,0,1,2,,0,45,0,0,0,0,0,4,2,13
,2019-12386,39.78364114,-104.7913562,2/5/2019 13:30,13:30,12,0,0,GREEN VALLEY RANCH BOULEVARD EAST & PENA BOULEVARD,1,1,0,0,1,1,,0,45,0,0,0,0,0,4,2,1
,2019-12387,39.78360938,-104.7721144,4/6/2019 12:16,12:16,12,0,0,GREEN VALLEY RANCH BOULEVARD EAST 18500 BLOCK & TOWER ROAD,1,1,0,0,1,4,,0,35,0,0,0,0,0,4,2,3
,2019-12388,39.78362916,-104.7711547,10/7/2019 16:52,16:52,3,0,0,GREEN VALLEY RANCH BOULEVARD EAST & TOWER ROAD NORTH,1,1,0,0,1,1,,0,35,0,0,0,0,0,4,3,13
,2019-12390,39.78362642,-104.7718663,10/13/2019 15:50,15:50,15,0,0,GREEN VALLEY RANCH BOULEVARD EAST & TOWER ROAD NORTH,1,1,0,0,1,4,,0,40,0,0,0,0,0,4,2,13
,2019-12391,39.78361846,-104.7741027,6/14/2019 12:15,12:15,12,0,0,GREEN VALLEY RANCH BOULEVARD EAST & YAMPA STREET NORTH,1,1,0,0,1,4,,0,25,0,0,0,0,0,4,2,14
,2019-12392,39.78366289,-104.7611401,11/24/2019 1:32,1:32,12,0,1,GREEN VALLEY RANCH BOULEVARD EAST & FLANDERS WAY NORTH,1,3,0,0,1,3,,0,40,0,0,0,0,1,4,2,3
,2019-12393,39.78185927,-104.7525496,11/4/2019 19:35,19:35,9,0,0,GREEN VALLEY RANCH BOULEVARD EAST & IRELAND STREET NORTH,1,3,0,0,1,4,,0,35,0,0,0,0,0,4,2,14
,2019-12394,39.78364026,-104.7911249,11/27/2019 19:03,19:03,12,0,0,GREEN VALLEY RANCH BOULEVARD EAST & PEAN BOULEVARD,5,3,0,0,1,4,,0,45,0,0,0,0,0,4,2,13
,2019-12395,39.78363972,-104.7909826,1/15/2019 12:50,12:50,12,0,0,GREEN VALLEY RANCH BOULEVARD EAST & PENA BOULEVARD,1,1,0,0,1,4,,0,,0,0,0,0,0,4,3,13
,2019-12396,39.78363924,-104.7908581,10/2/2019 17:00,17:00,1,0,1,GREEN VALLEY RANCH BOULEVARD EAST & PENA BOULEVARD NORTHBOUND ON RAMP,1,1,0,0,1,1,,0,,0,0,0,0,1,4,2,7
,2019-12397,39.78364865,-104.788902,10/9/2019 6:17,6:17,12,0,1,GREEN VALLEY RANCH BOULEVARD EAST & PENA BOULEVARD,1,1,0,0,1,4,,0,40,0,0,0,0,2,4,2,1
,2019-12398,39.7836406,-104.7912139,11/18/2019 12:35,12:35,15,0,0,GREEN VALLEY RANCH BOULEVARD EAST & PENA BOULEVARD,1,1,0,0,1,4,,0,40,0,0,0,0,0,4,2,13
,2019-12399,39.78363856,-104.7906802,11/27/2019 9:30,9:30,12,0,0,GREEN VALLEY RANCH BOULEVARD EAST & PENA BOULEVARD,11,1,0,0,1,4,,0,40,0,0,0,0,0,4,2,13
,2019-12400,39.65298276,-105.0619978,11/9/2019 21:28,21:28,5,0,0,HAMPDEN SOUTH FRONTAGE ROAD WEST & HARLAN STREET SOUTH,1,4,0,0,2,4,,0,35,0,0,0,0,0,4,1,7
,2019-12401,39.78363053,-104.7707989,4/15/2019 18:21,18:21,3,0,1,GREEN VALLEY RANCH BOULEVARD 18600 BLOCK EAST & TOWER ROAD NORTH,1,1,0,0,1,2,,0,35,0,0,0,0,1,4,2,13
,2019-12402,39.7327682,-104.9316289,7/9/2019 17:17,17:17,6,0,0,HALE PARKWAY EAST & DAHLIA STREET NORTH,1,1,0,0,1,4,,0,30,0,0,0,0,0,4,3,12
,2019-12403,39.6529817,-105.0665154,3/28/2019 21:00,21:00,5,0,0,HAMPDEN AVENUE 6300 BLOCK WEST & KENDALL STREET SOUTH,1,3,0,0,2,4,,0,,0,0,0,0,0,4,1,14
,2019-12404,39.67129916,-104.9789908,1/9/2019 16:40,16:40,15,0,0,HARVARD AVENUE 600 BLOCK EAST & WASHINGTON STREET SOUTH,1,2,0,0,1,4,,0,25,0,0,0,0,0,4,2,13
,2019-12405,39.79838645,-104.8657136,3/1/2019 7:35,7:35,8,0,0,HAVANA STREET NORTH & 56TH AVENUE EAST,1,1,0,0,1,4,,0,45,0,0,0,0,0,4,2,14
,2019-12407,39.67481934,-104.9336261,5/2/2019 7:57,7:57,1,0,1,ILIFF AVENUE 4600 BLOCK EAST & CHERRY STREET SOUTH,1,1,0,0,1,4,,0,25,0,0,0,0,1,4,2,13
,2019-12408,39.68750293,-104.9474903,3/8/2019 19:52,19:52,15,0,0,IOWA AVENUE 3500 BLOCK EAST & COOK STREET SOUTH,1,1,0,0,1,4,,0,20,0,0,0,0,0,4,2,13
,2019-12409,39.76940833,-105.0299693,7/17/2019 14:20,14:20,15,0,0,IRVING STREET NORTH & 38TH AVENUE WEST,1,1,0,0,1,3,,0,35,0,0,0,0,0,4,2,13
,2019-12410,39.71753845,-105.0244853,6/22/2019 11:35,11:35,8,0,0,IRVINGTON PLACE WEST & FEDERAL BOULEVARD NORTH,1,1,0,1,1,4,,0,30,0,0,0,0,0,4,2,13
,2019-12411,39.66770748,-105.0298689,1/18/2019 12:51,12:51,5,0,0,IRVING STREET SOUTH & YALE AVENUE WEST,4,1,0,0,3,4,,0,40,0,0,0,0,0,4,1,14
,2019-12412,39.68209074,-104.9372812,1/6/2019 1:35,1:35,5,0,0,JEWELL AVENUE 4300 BLOCK EAST & BELLAIRE STREET SOUTH,1,3,1,0,3,2,,0,30,0,0,0,0,0,4,1,8