id,drcog_id,latitude,longitude,crashtime,time,crashtype,numbkilled,numbinjurd,drcoglocat,rdconditin,lightngcon,roadcntgrd,weatherco,location,roaddescrp,schoolzone,constrzone,splimit,bikeinv,sctrinv,pedinv,motoinv,svrty,rdsystem,ttlvehcls,hcf
,2019-12413,39.68209074,-104.9372812,3/22/2019 21:37,21:37,6,0,0,JEWELL AVENUE EAST & BELLAIRE STREET SOUTH,2,3,0,1,1,4,,0,25,0,0,0,0,0,4,3,5
,2019-12414,39.68208037,-104.9330487,6/22/2019 16:26,16:26,6,0,0,JEWELL AVENUE EAST & DEXTER STREET SOUTH,1,1,0,0,1,4,,0,25,0,0,0,1,0,4,2,13
,2019-12415,39.68221389,-105.0297454,5/17/2019 13:15,13:15,12,0,0,JEWELL AVENUE WEST & IRVING STREET SOUTH,1,1,0,0,1,4,,0,,0,0,0,0,0,4,2,13
,2019-12416,39.7473578,-104.9980639,8/28/2019 8:27,8:27,15,0,0,LARIMER STREET & 14TH SR,1,1,0,0,1,4,,0,25,0,0,0,0,0,4,2,14
,2019-12417,39.723935,-104.8839033,4/16/2019 7:03,7:03,12,0,0,LOWRY BOULEVARD EAST & YOSEMITE STREET NORTH,1,1,0,0,1,1,,0,25,0,0,0,0,0,4,2,3
,2019-12418,39.646243,-104.9293914,9/13/2019 18:45,18:45,5,0,1,MANSFIELD STREET EAST & GLENCOE STREET SOUTH,1,1,0,0,1,4,,0,25,0,0,0,0,1,4,1,14
,2019-12419,39.75177136,-104.9958418,6/3/2019 17:11,17:11,5,0,0,MARKET STREET & 18TH STREET,2,1,0,1,2,4,,0,25,0,0,0,0,0,4,2,1
,2019-12420,39.76182888,-104.9394064,8/19/2019 22:30,22:30,12,0,0,MARTIN LUTHER KING BOULEVARD EAST & ALBION STREET NORTH,1,3,0,0,1,4,,0,35,0,0,0,0,0,4,2,5
,2019-12421,39.76185127,-104.922172,8/5/2019 9:38,9:38,12,0,0,MARTIN LUTHER KING BOULEVARD 5600 BLOCK EAST & HOLLY STREET NORTH,1,1,0,0,1,4,,0,35,0,0,0,0,0,4,2,13
,2019-12422,39.76182315,-104.9054173,8/29/2019 7:50,7:50,12,0,0,MARTIN LUTHER KING BOULEVARD EAST & PONTIAC STREET NORTH,1,1,0,0,1,4,,0,35,0,0,0,0,0,4,2,13
,2019-12423,39.76007017,-104.8686371,5/3/2019 12:50,12:50,15,0,0,MILK BOULEVARD EAST & GENEVA COURT NORTH / 10300 BLOCK EAST,1,1,0,0,1,4,,0,30,0,0,0,0,0,4,2,7
,2019-12424,39.76003905,-104.8955337,4/4/2019 21:21,21:21,12,0,0,MILK BOULEVARD EAST & TRENTON STREET NORTH / 7900 BLOCK EAST,1,3,0,0,1,2,,0,35,0,0,0,0,0,4,3,5
,2019-12425,39.69669664,-105.0015154,8/7/2019 10:05,10:05,12,0,0,MISSISSIPPI AVENUE 1100 BLOCK WEST & LIPAN STREET SOUTH,1,1,1,0,1,4,,0,30,0,0,0,0,0,4,2,13
,2019-12426,39.69672081,-105.0054618,9/24/2019 6:45,6:45,15,0,0,MISSISSIPPI AVENUE 1400 BLOCK WEST & PECOS STREET SOUTH,1,1,0,0,1,3,,0,30,0,0,0,0,0,4,2,13
,2019-12427,39.69658342,-104.8881569,10/18/2019 16:31,16:31,12,0,0,MISSISSIPPI AVENUE 9100 EAST & VALENCIA STREET SOUTH,1,1,0,0,1,4,,0,35,0,0,0,0,0,4,2,13
,2019-12428,39.69658502,-104.9626783,1/30/2019 18:45,18:45,3,0,0,MISSISSIPPI AVENUE 2100 EAST & VINE STREET SOUTH,4,4,0,0,1,5,,0,25,0,0,0,0,0,4,2,13
,2019-12429,39.69676242,-105.0153031,10/12/2019 12:47,12:47,12,0,0,MISSISSIPPI AVENUE WEST & ZUNI STREET SOUTH,1,1,0,0,1,3,,0,30,0,0,0,0,0,4,3,3
,2019-12430,39.75987521,-104.8905217,7/8/2019 12:35,12:35,12,0,1,MLK BOULEVARD EAST & CENTRAL PARK BOULEVARD NORTH,1,1,0,0,1,3,,0,35,0,0,0,0,1,4,2,13
,2019-12431,39.76197167,-104.9318277,7/9/2019 16:55,16:55,12,0,0,MLK BOULEVARD EAST & DAHLIA STREET NORTH,1,1,0,0,1,4,,0,35,0,0,0,0,0,4,2,1
,2019-12432,39.76184414,-104.9291576,6/7/2019 23:37,23:37,15,0,1,MLK BOULEVARD EAST & ELM STREET NORTH,1,3,0,0,1,1,,0,35,0,0,0,0,1,4,2,14
,2019-12434,39.76005807,-104.8664265,6/23/2019 11:55,11:55,10,0,0,MLK BOULEVARD EAST & GENEVA COURT NORTH,1,1,0,0,1,2,,0,35,0,0,0,0,0,4,2,14
,2019-12435,39.76198518,-104.9578513,7/8/2019 18:20,18:20,12,0,0,MLK BOULEVARD EAST & JOSEPHINE STREET NORTH,1,1,0,0,1,4,,0,30,0,0,0,0,0,4,3,1
,2019-12436,39.6984002,-104.9615993,8/16/2019 10:35,10:35,6,0,0,TENNESSEE AVENUE EAST & GAYLORD STREET SOUTH,1,1,0,0,1,4,,0,30,0,0,0,0,0,4,2,8
,2019-12437,39.74741469,-104.9233779,1/4/2019 14:27,14:27,12,0,0,MONTEVIEW BOULEVARD EAST & HUDSON STREET NORTH / 5500 BLOCK EAST,1,1,1,0,1,4,,0,30,0,0,0,0,0,4,2,13
,2019-12438,39.74746294,-104.8911366,3/13/2019 10:41,10:41,12,0,0,MONTEVIEW BOULEVARD EAST & VALENTIA STREET NORTH,4,1,0,2,1,4,,0,35,0,0,0,0,0,4,2,14
,2019-12439,39.74743698,-104.9058941,9/8/2019 16:20,16:20,10,0,0,MONTVIEW BOULEVARD EAST & OLIVE STREET NORTH,1,1,0,0,1,4,,0,30,0,0,0,0,0,4,2,13
,2019-12440,39.74743849,-104.9034478,11/21/2019 13:35,13:35,12,0,0,MONTVIEW BOULEVARD EAST & QUEBEC STREET NORTH,2,1,0,2,1,3,,0,30,0,0,0,0,0,4,2,1
,2019-12441,39.70470384,-105.0420196,1/2/2019 17:20,17:20,5,0,0,MORRISON ROAD & RALEIGH STREET SOUTH,1,2,0,0,2,4,,0,,0,0,0,0,0,4,2,13
,2019-12442,39.78551373,-104.8864873,4/5/2019 16:54,16:54,12,0,0,NORTHFIELD BOULEVARD EAST 8700 BLOCK & XANTHIA STREET,1,1,0,0,1,3,,0,35,0,0,0,0,0,4,2,1
,2019-12443,39.70101687,-104.873553,4/20/2019 13:09,13:09,6,0,0,OHIO AVENUE 10000 BLOCK EAST & DAYTON STREET,1,1,0,0,1,4,,0,15,0,0,0,0,0,4,2,3
,2019-12444,39.70222336,-105.0271739,5/26/2019 22:32,22:32,6,0,0,OHIO AVENUE WEST & HAZEL COURT SOUTH,1,4,0,0,1,4,,0,25,0,0,0,0,0,4,2,1
,2019-12445,39.70217441,-105.0433467,9/22/2019 7:27,7:27,6,0,0,OHIO AVENUE WEST & STUART STREET SOUTH,1,1,0,0,1,4,,0,25,0,0,0,0,0,4,2,13
,2019-12446,39.75934657,-104.9935755,10/26/2019 21:45,21:45,12,0,0,PARK AVENUE WEST 1800 BLOCK & DELGANY STREET,1,3,0,0,1,4,,0,35,0,0,0,0,0,4,2,3
,2019-12447,39.75573179,-104.988915,8/25/2019 13:15,13:15,12,0,0,PARK AVENUE WEST 1200 BLOCK & LARIMER STREET,1,1,0,0,1,3,,0,30,0,0,0,0,0,4,2,13
,2019-12448,39.75933685,-104.9935896,10/10/2019 6:29,6:29,15,0,0,PARK AVENUE WEST & WEWATTA STREET,5,3,0,2,1,4,,0,30,0,0,0,0,0,4,2,14
,2019-12449,39.75921922,-104.9934512,10/24/2019 15:29,15:29,12,0,2,PARK AVENUE WEST 1600 BLOCK & WEWATTA STREET,1,1,0,0,1,4,,0,30,0,0,0,0,1,4,3,7
,2019-12450,39.65496398,-105.0408755,8/8/2019 4:46,4:46,6,0,1,PATTON WAY SOUTH & RALEIGH STREET SOUTH,1,4,1,0,1,4,,0,25,0,0,0,0,1,4,2,3
,2019-12451,39.79836855,-104.783752,3/7/2019 6:50,6:50,15,0,0,PENA BOULEVARD INBOUND & 56TH AVENUE EAST,4,1,0,2,1,4,,0,35,0,0,0,0,0,4,2,13
,2019-12452,39.84859876,-104.6655819,1/7/2019 9:30,9:30,15,0,0,PENA INBOUND 8400 BLOCK & DOOR 601,1,1,0,0,1,4,,0,15,0,0,0,0,0,4,2,13
,2019-12453,39.78361229,-104.790479,2/21/2019 6:15,6:15,12,0,0,PENA BOULEVARD & GREEN VALLEY RANCH BOULEVARD EAST,1,1,0,0,1,4,,0,45,0,0,0,0,0,4,3,13
,2019-12454,39.78363942,-104.7860546,2/22/2019 7:35,7:35,12,0,0,PENA BOULEVARD & GREEN VALLEY RANCH BOULEVARD EAST,2,1,0,0,1,4,,0,45,0,0,0,0,0,4,3,13
,2019-12455,39.78363856,-104.7906802,5/20/2019 5:00,5:00,15,0,0,PENA BOULEVARD & GREEN VALLEY RANCH BOULEVARD,2,3,0,1,1,4,,0,55,0,0,0,0,0,4,2,1
,2019-12456,39.83344813,-104.68225,2/6/2019 13:40,13:40,15,0,0,PENA BOULEVARD 26780 BLOCK & JACKSON GAP STREET NORTH,4,1,0,2,1,4,,0,45,0,0,0,0,0,4,2,13
,2019-12457,39.83338811,-104.7718786,10/21/2019 9:03,9:03,12,0,0,PENA BOULEVARD OUTBOND 7500 BLOCK & TOWER ROAD NORTH,1,1,0,0,1,3,,0,45,0,0,0,0,0,4,2,1
,2019-12458,39.68758086,-104.9812472,8/28/2019 22:12,22:12,6,0,0,PENNSLYVANIA STREET SOUTH & IOWA AVENUE EAST,1,3,0,0,1,4,,0,25,0,0,0,0,0,4,2,7
,2019-12459,39.63866752,-105.0867715,5/17/2019 8:18,8:18,3,0,0,QUINCY AVENUE WEST & AMMONS STREET SOUTH,1,1,0,0,1,2,,0,15,0,0,0,0,0,4,2,13
,2019-12460,39.75629883,-105.0158284,3/26/2019 18:45,18:45,15,0,0,SPEER BOULEVARD NORTH & ZUNI STREET NORTH,1,1,0,0,1,3,,0,30,0,0,0,0,0,4,2,1
,2019-12461,39.78751503,-105.0340332,9/12/2019 16:04,16:04,5,0,1,REGIS BOULEVARD WEST & LOWELL BOULEVARD NORTH,1,1,0,0,2,4,,0,30,0,0,0,0,2,4,2,5
,2019-12462,39.73685443,-104.9964663,4/29/2019 17:59,17:59,12,0,0,SPEER BOULEVARD NORTH & 13TH AVENUE WEST,4,3,0,2,1,3,,0,30,0,0,0,0,0,4,2,1
,2019-12463,39.7241261,-104.9845526,11/24/2019 2:22,2:22,15,0,0,SPEER BOULEVARD EAST & FIFTH AVENUE EAST,1,3,0,0,1,4,,0,40,0,0,0,0,0,4,2,13
,2019-12464,39.76022954,-105.0251755,1/24/2019 10:40,10:40,12,0,0,SPEER BOULEVARD 2900 BLOCK NORTH & FEDERAL BOULEVARD NORTH,4,1,0,2,1,4,,0,30,0,0,0,0,0,4,2,13
,2019-12465,39.72340685,-104.9837732,10/28/2019 16:30,16:30,12,0,0,SPEER BOULEVARD EAST & GRANT STREET NORTH,4,1,1,2,1,4,,0,35,0,0,0,0,0,4,2,5
,2019-12466,39.72572463,-104.9861074,6/5/2019 9:09,9:09,12,0,3,SPEER BOULEVARD EAST & LINCOLN STREET NORTH,1,1,0,0,1,3,,0,30,0,0,0,0,1,4,2,3
,2019-12467,39.75028823,-105.0046963,6/26/2019 16:10,16:10,15,0,0,SPEER BOULEVARD NORTH & WEWATTA STREET,1,1,0,0,1,3,,0,30,0,0,0,0,0,4,2,8
,2019-12468,39.69496108,-105.010402,2/8/2019 14:37,14:37,5,0,0,TAOS WAY SOUTH & SHOSHONE STREET SOUTH,4,1,0,0,2,4,,0,25,0,0,0,0,0,4,1,1
,2019-12469,39.69819399,-105.0088479,2/11/2019 15:00,15:00,6,0,0,TENNESSEE STREET 1700 BLOCK WEST & RARITAN STREET SOUTH,5,1,0,0,1,4,,0,25,0,0,0,0,0,4,2,3
,2019-12470,39.78362916,-104.7711547,10/21/2019 12:03,12:03,1,0,2,TOWER ROAD NORTH & GREEN VALLEY RANCH BOULEVARD EAST,1,1,0,0,1,2,,0,30,0,0,0,0,1,4,3,13
,2019-12471,39.73681723,-104.9622082,9/27/2019 21:00,21:00,15,0,0,VINE STREET NORTH & 13TH AVENUE EAST,1,4,0,0,1,4,,0,25,0,0,0,0,0,4,2,13
,2019-12472,39.78302457,-104.8010168,8/21/2019 16:42,16:42,6,0,0,WARNER DRIVE EAST & KITTREDGE STREET,1,1,0,0,1,4,,0,20,0,0,0,0,0,4,2,3
,2019-12473,39.67664874,-104.9309903,10/29/2019 10:46,10:46,6,0,0,WARREN AVENUE EAST & DAHLIA STREET SOUTH,5,1,0,2,1,4,,0,25,0,0,0,0,0,4,2,13
,2019-12474,39.67670113,-104.9732487,1/10/2019 6:17,6:17,6,0,0,WARREN AVENUE EAST & DOWNING STREET SOUTH / 1200 BLOCK EAST,1,5,0,0,1,4,,0,25,0,0,0,0,0,4,2,13
,2019-12476,39.6767714,-105.0239488,6/24/2019 15:52,15:52,1,0,0,WARREN AVENUE WEST & FEDERAL BOULEVARD SOUTH,1,1,0,0,1,2,,0,25,0,0,0,0,0,4,3,13
,2019-12477,39.7511421,-104.9999277,3/29/2019 23:45,23:45,6,0,0,WAZEE STREET 1600 BLOCK & 16TH STREET,2,3,0,2,1,4,,0,30,0,0,0,0,0,4,4,5
,2019-12478,39.74087092,-104.9960185,3/21/2019 6:53,6:53,15,0,0,WELTON STREET & 12TH STREET,1,1,0,0,1,4,,0,,0,0,0,0,0,4,2,13
,2019-12479,39.75024019,-105.0047575,2/7/2019 23:05,23:05,15,0,0,WEWATTA STREET 1300 BLOCK & SPEER BOULEVARD,4,3,0,0,1,4,,0,30,0,0,0,0,0,4,2,13
,2019-12480,39.75015366,-105.0010682,5/22/2019 12:26,12:26,3,0,0,WEWATTA STREET & SPEER BOULEVARD NORTH,1,1,0,0,1,2,,0,30,0,0,0,0,0,4,2,8
,2019-12481,39.75190266,-104.9991568,9/13/2019 12:12,12:12,6,0,0,WYNKOOP STREET & 16TH STREET,1,1,0,0,1,4,,0,25,0,0,0,0,0,4,2,14
,2019-12482,39.66759477,-104.9152367,2/21/2019 8:11,8:11,12,0,0,YALE AVENUE EAST & LEYDEN STREET SOUTH / 6400 BLOCK EAST,1,1,0,0,1,4,,0,30,0,0,0,0,0,4,4,13
,2019-12483,39.66763521,-104.910932,4/30/2019 15:33,15:33,12,0,0,YALE AVENUE EAST 6000 BLOCK & MAGNOLIA STREET SOUTH,2,1,1,1,1,4,,0,30,0,0,0,0,0,4,2,13
,2019-12484,39.66763159,-104.912888,10/27/2019 6:05,6:05,12,0,1,YALE AVENUE EAST & MONACO STREET SOUTH,2,3,0,2,1,3,,0,30,0,0,0,0,1,4,2,13
,2019-12485,39.66764149,-104.9072419,7/17/2019 20:20,20:20,1,0,0,YALE AVENUE EAST & NEWPORT STREET SOUTH,1,3,1,0,1,2,,0,30,0,0,0,0,0,4,2,2
,2019-12486,39.66764263,-104.9056987,7/9/2019 14:36,14:36,12,0,0,YALE AVENUE EAST 7100 BLOCK & ONEIDA STREET SOUTH,1,1,1,0,1,4,,0,35,0,0,0,0,0,4,2,8
,2019-12487,39.6677532,-105.048668,2/8/2019 7:10,7:10,6,0,0,YALE AVENUE 4900 BLOCK WEST & XAVIER STREET SOUTH,1,1,0,0,1,4,,0,35,0,0,0,0,0,4,2,13
,2019-12710,39.779865,-104.988091,7/17/2019 20:51,20:51,5,0,0,I70 EASTBOUND ON RAMP FROM & I25 NORTHBOUND RAMP SPLIT,1,2,1,0,2,7,,0,55,0,0,0,0,0,1,1,13
,2019-12725,39.76735017,-104.8973708,7/3/2019 14:51,14:51,3,0,2,36TH AVENUE EAST 7700 BLOCK & SYRACUSE STREET NORTH,1,1,0,0,1,5,,0,25,0,0,0,0,1,4,2,13
,2019-12726,39.78058211,-104.7998228,11/20/2019 12:17,12:17,6,0,1,47TH DRIVE EAST & KITTREDGE STREET NORTH,1,1,0,0,1,4,,0,25,0,0,0,0,1,4,2,13
,2019-12727,39.70962843,-105.0350442,3/13/2019 3:34,3:34,5,0,0,MORRISON ROAD & LOWELL BOULEVARD SOUTH,2,3,0,1,3,4,,0,30,0,0,0,0,0,4,1,3
,2019-12728,39.69286317,-104.9991855,5/23/2019 14:53,14:53,6,0,0,JASON STREET SOUTH & LOUISIANA AVENUE WEST,1,1,0,0,1,4,,0,25,0,0,0,0,0,4,2,13
,2019-12729,39.71150444,-104.93892,11/4/2019 14:41,14:41,1,0,0,ALAMEDA AVENUE EAST  & COLORADO BOULEVARD SOUTH,1,1,1,0,1,2,,0,35,0,0,0,0,0,4,2,13
,2019-12730,39.61831602,-105.0892451,12/13/2019 16:49,16:49,3,0,0,CRESTLINE AVENUE WEST & WADSWORTH BOULEVARD SOUTH,14,5,0,0,1,3,,0,35,0,0,0,0,0,4,2,3
,2019-12731,39.67846556,-104.9297362,12/18/2019 7:59,7:59,12,0,0,EVANS AVENUE 4900 BLOCK EAST & DAHLIA STREET SOUTH,1,1,0,0,1,4,,0,30,0,0,0,0,0,4,2,13
,2019-12732,39.79840229,-104.7779155,5/6/2019 22:57,22:57,9,0,0,PENA BOULEVARD 5800 BLOCK & 56TH AVENUE,2,3,0,1,2,4,,0,65,0,0,0,0,0,4,1,7
,2019-12733,39.83374889,-104.7452196,10/10/2019 8:54,8:54,15,0,0,PENA BOULEVARD & E470 NORTHBOUND ENTRANCE GORE POINT,6,1,0,2,1,4,,0,55,0,0,0,0,0,4,2,14
,2019-12734,39.83345705,-104.6882318,1/22/2019 3:40,3:40,5,0,0,PENA BOULEVARD & JACKSON GAP STREET NORTH,4,3,0,2,2,4,,0,45,0,0,0,0,0,4,1,13
,2019-12735,39.83345705,-104.6882318,10/27/2019 22:52,22:52,15,0,0,PENA BOULEVARD & JACKSON GAP ROAD,4,3,0,2,1,4,,0,65,0,0,0,0,0,4,2,13
,2019-12736,39.66823608,-104.9388661,10/26/2019 16:49,16:49,12,0,1,YALE AVENUE EAST & COLORADO BOULEVARD SOUTH,1,1,0,0,1,2,,0,20,0,0,0,0,1,4,2,13
,2019-12740,39.833461,-104.771647,11/26/2019 7:15,7:15,5,0,0,PENA BOULEVARD INBOUND 7500 BLOCK & TOWER ROAD,4,1,0,2,3,4,,0,,0,0,0,0,0,4,1,7
,2019-12749,39.77490387,-104.8098965,1/31/2019 17:45,17:45,15,0,0,CHAMBERS ROAD 4000 BLOCK NORTH & ANDREWS DRIVE EAST,1,1,0,0,1,4,,0,40,0,0,0,0,0,4,2,13
,2019-12750,39.76913484,-105.0041367,11/1/2019 16:50,16:50,6,0,0,NAVAJO STREET NORTH & 38TH AVENUE WEST,1,1,0,0,1,4,,0,25,0,0,0,0,0,4,2,13
,2019-12751,39.73810431,-104.9787257,6/10/2019 18:40,18:40,6,0,0,WASHINGTON STREET NORTH & 14TH AVENUE EAST,1,1,0,0,1,4,,0,25,0,0,0,0,0,4,2,13
,2019-12753,39.73651516,-104.9695232,4/4/2019 17:00,17:00,6,0,0,HUMBOLDT STREET NORTH & 13TH AVENUE EAST,1,1,0,0,1,4,,0,25,0,0,0,0,0,4,2,8
,2019-12756,39.75784954,-104.883682,9/7/2019 5:24,5:24,6,0,0,29TH AVENUE EAST & AKRON STREET NORTH,1,3,0,0,1,4,,0,25,0,0,0,0,0,4,2,13
,2019-12958,39.75046695,-104.9647106,3/20/2019 15:00,15:00,6,0,0,HIGH STREET NORTH & 23RD AVENUE EAST,1,1,0,0,1,4,,0,30,0,0,0,0,0,4,2,1
,2019-12960,39.72412847,-104.9593691,2/24/2019 9:00,9:00,6,0,0,FIFTH AVENUE EAST & UNIVERSITY BOULEVARD NORTH,4,1,0,2,1,2,,0,25,0,0,0,0,0,4,2,13
,2019-12991,39.7427078,-104.9634668,1/30/2019 10:03,10:03,6,0,0,RACE STREET 1700 BLOCK NORTH & 18TH AVENUE EAST,6,1,0,0,1,4,,0,,0,0,0,0,0,4,2,13
,2019-13024,39.74593732,-104.9981172,6/21/2019 2:10,2:10,6,0,0,14TH STREET & ARAPAHOE STREET,1,3,0,0,1,4,,0,25,0,0,0,0,0,4,3,5
,2019-13035,39.73316633,-104.9874106,2/3/2019 2:00,2:00,12,0,1,11TH AVENUE EAST & BROADWAY STREET NORTH,1,4,0,0,1,4,,0,15,0,0,0,0,1,4,2,14
,2019-13036,39.73959859,-104.995287,11/23/2019 23:30,23:30,15,0,0,12TH STREET & GLENARM PLACE,1,3,0,0,1,4,,0,30,0,0,0,0,0,4,2,3
,2019-13037,39.7368327,-104.9128286,3/3/2019 3:08,3:08,12,0,0,13TH AVENUE EAST & MONACO STREET NORTH,5,3,0,2,1,3,,0,35,0,0,0,0,0,4,2,7
,2019-13038,39.73804453,-104.9874083,7/22/2019 6:41,6:41,6,0,0,14TH STREET & 14TH STREET,1,1,0,0,1,4,,0,30,0,0,0,0,0,4,2,13
,2019-13039,39.74595045,-104.9980994,7/15/2019 14:12,14:12,6,0,0,14TH STREET & ARAPAHOE STREET,1,1,0,0,1,4,,0,25,0,0,0,0,0,4,4,14
,2019-13040,39.74687615,-104.9969534,3/29/2019 14:11,14:11,15,0,0,15TH STREET & ARAPAHOE STREET,1,1,0,0,1,5,,0,25,0,0,0,0,0,4,2,14
,2019-13041,39.74955998,-105.0004215,8/14/2019 21:09,21:09,15,0,0,15TH STREET 1400 BLOCK & BLAKE STREET,1,3,0,0,1,3,,0,30,0,0,0,0,0,4,2,3
,2019-13042,39.7419785,-104.8916701,11/13/2019 3:13,3:13,6,0,0,16TH AVENUE EAST & VALENTIA STREET NORTH,1,3,0,0,1,5,,0,15,0,0,0,0,0,4,2,5
,2019-13043,39.74938571,-104.9954297,11/25/2019 11:35,11:35,15,0,0,17TH STREET & LAWRENCE STREET,1,1,0,0,1,4,,0,30,0,0,0,0,0,4,2,13
,2019-13044,39.7486467,-104.9894521,10/31/2019 17:06,17:06,7,0,0,19TH STREET & STOUT STREET,2,1,0,0,1,3,,0,,0,0,0,0,0,4,2,13
,2019-13045,39.71812617,-104.9769184,1/12/2019 19:52,19:52,6,0,1,FIRST AVENUE EAST & EMERSON STREET 75 BLOCK NORTH,1,4,0,0,1,4,,0,25,0,0,0,0,2,4,3,6
,2019-13046,39.7182099,-104.9837623,10/26/2019 12:00,12:00,6,0,0,FIRST AVENUE EAST & GRANT STREET NORTH,1,1,0,0,1,4,,0,25,0,0,0,0,0,4,2,7
,2019-13047,39.7486214,-104.9873976,10/12/2019 10:01,10:01,12,0,0,20TH STREET & BROADWAY STREET NORTH,1,1,1,0,1,4,,0,30,0,0,0,0,0,4,2,13
,2019-13048,39.75762847,-104.9987301,1/19/2019 20:53,20:53,12,0,0,20TH STREET 1900 BLOCK & CHESTNUT,1,3,1,0,1,4,,0,25,0,0,0,0,0,4,2,13
,2019-13049,39.75967153,-105.0017793,3/4/2019 9:40,9:40,5,0,0,20TH STREET 2000 BLOCK & LITTLE RAVEN,5,1,1,0,2,4,,0,35,0,0,0,0,0,4,1,13
,2019-13050,39.7552096,-104.993103,4/4/2019 10:31,10:31,6,0,0,21ST STREET & BLAKE STREET,1,1,0,0,1,4,,0,25,0,0,0,0,0,4,2,14
,2019-13052,39.75635531,-104.9873461,4/23/2019 17:30,17:30,12,0,0,24TH STREET 1200 BLOCK & BROADWAY,1,1,0,0,1,1,,0,,0,0,0,0,0,4,2,13
,2019-13053,39.72007559,-104.903544,1/14/2019 19:32,19:32,12,0,1,SECOND AVENUE EAST & QUEBEC STREET NORTH,1,3,0,0,1,4,,0,35,0,0,0,0,2,4,2,1
,2019-13054,39.76316611,-104.9792302,7/15/2019 9:40,9:40,15,0,0,31ST STREET & LARIMER STREET,1,1,0,0,1,4,,0,25,0,0,0,0,0,4,2,13
,2019-13055,39.76361545,-105.0052817,7/11/2019 17:00,17:00,15,0,0,34TH AVENUE WEST & OSAGE STREET NORTH,1,1,0,0,1,4,,0,30,0,0,0,0,0,4,2,13
,2019-13056,39.76731943,-104.8904569,5/3/2019 13:21,13:21,12,0,0,36TH AVENUE EAST & CENTRAL PARK BOULEVARD NORTH,1,1,0,0,1,3,,0,35,0,0,0,0,0,4,2,3
,2019-13057,39.76737974,-104.9025327,3/13/2019 18:44,18:44,12,0,0,36TH AVENUE EAST & QUEBEC STREET NORTH,10,2,0,2,1,3,,0,35,0,0,0,0,0,4,2,3
,2019-13058,39.76796577,-104.8469446,3/4/2019 7:14,7:14,12,0,0,37TH AVENUE & PEORIA STREET NORTH,9,1,0,2,1,4,,0,35,0,0,0,0,0,4,2,14
,2019-13059,39.77312866,-104.8098641,4/7/2019 22:18,22:18,12,0,0,40TH AVENUE EAST & CHAMBERS ROAD NORTH,1,3,1,0,1,1,,0,40,0,0,0,0,0,4,2,13
,2019-13060,39.77759607,-104.9541345,3/30/2019 17:30,17:30,12,0,2,44TH AVENUE EAST & CLAYTON STREET NORTH,1,2,0,0,1,3,,0,25,0,0,0,0,1,4,2,13
,2019-13061,39.7779727,-104.7690087,3/1/2019 7:42,7:42,3,0,3,45TH AVENUE EAST & ARGONNE STREET NORTH,1,1,0,0,1,2,,0,30,0,0,0,0,2,4,2,13
,2019-13062,39.77749814,-104.8470296,9/5/2019 7:30,7:30,3,0,0,45TH AVENUE EAST & PEORIA STREET NORTH,1,1,0,0,1,2,,0,35,0,0,0,0,0,4,2,13
,2019-13063,39.78228355,-104.8828079,10/1/2019 6:15,6:15,12,0,0,47TH AVENUE EAST & CENTRAL PARK BOULEVARD NORTH,3,3,0,1,1,3,,0,35,0,0,0,0,0,4,2,13
,2019-13064,39.78248867,-104.8239307,11/12/2019 15:07,15:07,6,0,0,48TH AVENUE EAST & DILLON STREET NORTH,1,1,0,0,1,3,,0,25,0,0,0,0,0,4,2,13
,2019-13065,39.78590051,-104.7721288,3/31/2019 13:37,13:37,12,0,1,49TH AVENUE EAST & TOWER ROAD NORTH,1,1,0,0,1,3,,0,45,0,0,0,0,1,4,2,3
,2019-13066,39.83801791,-104.7154724,2/6/2019 9:34,9:34,12,0,0,78TH AVENUE EAST & GUN CLUB ROAD NORTH,4,1,0,2,1,1,,0,45,0,0,0,0,0,4,2,13
,2019-13067,39.72732623,-105.0016319,6/10/2019 17:45,17:45,12,0,0,SEVENTH AVENUE WEST & LIPAN STREET NORTH,1,1,1,0,1,1,,0,30,0,0,0,0,0,4,2,13
,2019-13068,39.73109165,-105.0451444,4/27/2019 0:18,0:18,6,0,0,NINTH AVENUE WEST & UTICA STREET NORTH,1,3,0,0,1,4,,0,25,0,0,0,0,0,4,2,5
,2019-13069,39.74144442,-104.9488427,5/21/2019 12:40,12:40,6,0,0,ADAMS STREET NORTH & 16TH AVENUE EAST,2,1,0,0,1,4,,0,25,0,0,0,0,0,4,2,3
,2019-13070,39.72041995,-104.9485846,7/25/2019 23:01,23:01,6,0,1,ADAMS STREET NORTH & THIRD AVENUE EAST,1,4,0,0,1,4,,0,25,0,0,0,0,1,4,3,5
,2019-13071,39.69253801,-105.0367218,4/1/2019 20:17,20:17,6,0,0,LOUISIANA AVENUE WEST & NEWTON STREET SOUTH,1,3,0,0,1,4,,0,25,0,0,0,0,0,4,2,13
,2019-13072,39.66558211,-105.0346267,2/22/2019 18:58,18:58,12,0,0,AMHERST AVENUE WEST & LOWELL BOULEVARD SOUTH,4,3,1,2,1,4,,0,25,0,0,0,0,0,4,2,13