id,drcog_id,latitude,longitude,crashtime,time,crashtype,numbkilled,numbinjurd,drcoglocat,rdconditin,lightngcon,roadcntgrd,weatherco,location,roaddescrp,schoolzone,constrzone,splimit,bikeinv,sctrinv,pedinv,motoinv,svrty,rdsystem,ttlvehcls,hcf
,2019-13073,39.63558184,-105.087379,11/7/2019 21:34,21:34,15,0,0,AMMONS STREET SOUTH & STANFORD AVENUE WEST,1,3,0,0,1,4,,0,30,0,0,0,0,0,4,2,13
,2019-13074,39.71740723,-104.9461683,6/21/2019 10:00,10:00,6,0,0,MADISON STREET NORTH & FIRST AVENUE EAST,1,1,0,0,1,4,,0,20,0,0,0,0,0,4,2,13
,2019-13075,39.80021108,-104.7690649,11/26/2019 4:50,4:50,6,0,0,ARGONNE STREET 5700 BLOCK NORTH & 58TH AVENUE EAST,5,3,0,2,3,4,,0,25,0,0,0,0,0,4,2,13
,2019-13076,39.76670473,-105.0143645,6/28/2019 18:45,18:45,6,0,0,WYANDOT STREET NORTH & 36TH AVENUE WEST,1,1,0,0,1,4,,0,25,0,0,0,0,0,4,2,13
,2019-13077,39.76446295,-104.938083,1/8/2019 17:58,17:58,12,0,0,ASH STREET NORTH & BRUCE RANDOLPH BOULEVARD EAST,1,2,0,0,1,3,,0,25,0,0,0,0,0,4,2,13
,2019-13078,39.74138653,-104.9369265,3/30/2019 10:40,10:40,6,0,0,BELLAIRE STREET NORTH 1600 BLOCK & 17TH AVENUE EAST,2,3,0,0,1,4,,0,,0,0,0,0,0,4,3,13
,2019-13079,39.73946844,-104.990237,5/8/2019 10:04,10:04,6,0,0,BANNOCK STREET 1400 BLOCK NORTH & COLFAX AVENUE WEST,2,1,0,1,1,4,,0,30,0,0,0,0,0,4,2,13
,2019-13080,39.75608975,-104.9920102,10/6/2019 12:30,12:30,6,0,0,BLAKE STREET & 22ND STREET,1,1,0,0,1,4,,0,30,0,0,0,0,0,4,2,1
,2019-13081,39.73356438,-104.9874134,3/16/2019 1:25,1:25,6,0,0,BROADWAY STREET NORTH & 11TH AVENUE EAST,1,3,0,0,1,4,,0,35,0,0,0,0,0,4,2,7
,2019-13082,39.68511171,-104.9875382,3/19/2019 6:15,6:15,15,0,0,BROADWAY STREET 1700 BLOCK NORTH & 18TH STREET EAST,1,1,0,0,1,4,,0,30,0,0,0,0,0,4,2,1
,2019-13083,39.7183588,-104.9875016,5/29/2019 13:31,13:31,14,0,1,BROADWAY STREET & FIRST AVENUE EAST,1,1,0,0,1,5,,0,15,0,0,0,0,1,4,2,13
,2019-13084,39.71814882,-104.9874995,11/14/2019 12:11,12:11,6,0,0,BROADWAY STREET NORTH & FIRST AVENUE EAST,1,1,0,0,1,4,,0,30,0,0,0,0,0,4,2,13
,2019-13085,39.74881221,-104.9875236,11/4/2019 15:15,15:15,12,0,1,BROADWAY STREET NORTH & 20TH STREET,1,1,0,0,1,3,,0,30,0,0,0,0,1,4,2,13
,2019-13086,39.71919801,-104.9874981,10/25/2019 12:54,12:54,6,0,0,BROADWAY STREET NORTH & SECOND AVENUE WEST,1,1,0,0,1,4,,0,30,0,0,0,0,0,4,2,5
,2019-13087,39.71087541,-104.9875771,1/18/2019 10:31,10:31,3,0,0,BROADWAY STREET 300 SOUTH & ALAMEDA AVENUE EAST,2,1,0,2,1,2,,0,30,0,0,0,0,0,4,2,13
,2019-13088,39.71108404,-104.9875756,7/13/2019 2:15,2:15,12,0,0,BROADWAY STREET SOUTH & ALAMEDA AVENUE EAST,1,3,0,0,1,2,,0,30,0,0,0,0,0,4,2,7
,2019-13089,39.71104012,-104.9875759,10/15/2019 0:25,0:25,12,0,0,BROADWAY STREET SOUTH & ALAMEDA AVENUE EAST,1,3,0,0,1,2,,0,35,0,0,0,0,0,4,2,5
,2019-13090,39.69033743,-104.9874895,3/13/2019 21:55,21:55,6,0,0,BROADWAY STREET SOUTH & ARKANSAS AVENUE WEST,4,3,0,2,1,4,,0,35,0,0,0,0,0,4,2,5
,2019-13091,39.68032774,-104.9875714,6/30/2019 8:10,8:10,12,0,0,BROADWAY STREET SOUTH 2000 BLOCK SOUTH & ASBURY AVENUE EAST,1,1,0,0,1,4,,0,35,0,0,0,0,0,4,2,13
,2019-13092,39.74194028,-104.9946403,11/27/2019 17:40,17:40,5,0,0,CALIFORNIA STREET 1300 BLOCK & 14TH STREET,5,3,1,0,1,4,,0,25,0,0,0,0,0,4,1,13
,2019-13093,39.70514789,-104.987536,5/9/2019 7:42,7:42,15,0,0,BROADWAY STREET 600 BLOCK SOUTH & CENTER AVENUE EAST,2,1,0,2,1,4,,0,30,0,0,0,0,0,4,2,14
,2019-13094,39.67847056,-104.9875674,1/25/2019 13:01,13:01,15,0,0,BROADWAY 2100 BLOCK SOUTH & EVANS AVENUE EAST,1,1,0,0,1,4,,0,35,0,0,0,0,0,4,2,13
,2019-13095,39.67818231,-104.9875685,2/8/2019 11:04,11:04,10,0,0,BROADWAY 2100 BLOCK SOUTH & EVANS AVENUE EAST,2,1,0,0,1,2,,0,30,0,0,0,0,0,4,2,13
,2019-13096,39.6783333,-104.9875679,3/8/2019 10:35,10:35,12,0,0,BROADWAY STREET 2100 BLOCK SOUTH & EVANS AVENUE EAST,1,1,0,0,1,3,,0,35,0,0,0,0,0,4,2,13
,2019-13097,39.6819101,-104.987569,1/12/2019 11:40,11:40,15,0,0,BROADWAY STREET 1900 BLOCK SOUTH & JEWELL AVEE,2,1,0,1,1,4,,0,35,0,0,0,0,0,4,2,13
,2019-13098,39.69983951,-104.9874708,5/8/2019 10:30,10:30,12,0,1,BROADWAY 900 BLOCK SOUTH & KENTUCKY AVENUE EAST,2,1,0,1,1,3,,0,30,0,0,0,0,1,4,3,8
,2019-13099,39.69663426,-104.9874308,1/22/2019 7:55,7:55,12,0,0,BROADWAY STREET SOUTH & MISSISSIPPI AVENUE EAST,5,1,0,0,1,4,,0,35,0,0,0,0,0,4,2,7
,2019-13100,39.76568518,-104.9948631,1/9/2019 19:13,19:13,12,0,1,BROADWAY STREET NORTH & PARK AVENUE WEST,1,3,0,0,1,4,,0,30,0,0,0,0,1,4,2,8
,2019-13101,39.76564323,-104.9948618,9/21/2019 23:07,23:07,15,0,0,BROADWAY STREET 2200 BLOCK NORTH & PARK AVENUE WEST,1,3,0,0,1,4,,0,30,0,0,0,0,0,4,2,8
,2019-13102,39.75016428,-104.9874825,3/30/2019 23:59,23:59,15,0,0,BROADWAY 2000 BLOCK NORTH & STOUT STREET,1,3,0,0,1,4,,0,30,0,0,0,0,0,4,2,1
,2019-13103,39.66905917,-104.9875837,1/20/2019 15:44,15:44,6,0,0,BROADWAY STREET SOUTH & VASSAR AVENUE WEST,1,1,0,0,1,4,,0,35,0,0,0,0,0,4,2,6
,2019-13104,39.68248602,-104.9593861,1/17/2019 6:49,6:49,12,0,0,BUCHTEL BOULEVARD EAST & UNIVERSITY BOULEVARD SOUTH,1,1,0,0,1,3,,0,30,0,0,0,0,0,4,2,13
,2019-13105,39.74881221,-104.9875236,1/31/2019 10:40,10:40,12,0,0,CALIFORNIA STREET & BROADWAY STREET NORTH,5,1,0,0,1,3,,0,30,0,0,0,0,0,4,2,13
,2019-13106,39.78809712,-104.8271884,2/13/2019 0:00,0:00,6,0,0,CARSON STREET 5100 BLOCK NORTH & 52ND AVENUE EAST,1,1,0,0,1,4,,0,25,0,0,0,0,0,4,2,13
,2019-13107,39.75730024,-105.0103785,5/30/2019 15:57,15:57,6,0,0,CENTRAL STREET & 15TH STREET,1,1,0,0,1,4,,0,25,0,0,0,0,0,4,2,13
,2019-13108,39.75925402,-105.0080867,8/13/2019 10:49,10:49,15,0,0,CENTRAL STREET & 17TH STREET,1,1,1,0,1,4,,0,30,0,0,0,0,0,4,2,13
,2019-13109,39.74942877,-104.8865718,11/22/2019 5:55,5:55,6,0,0,CENTRAL PARK BOULEVARD NORTH & 23RD AVENUE EAST,4,3,0,2,1,4,,0,30,0,0,0,0,0,4,2,7
,2019-13110,39.7517526,-104.8898068,9/10/2019 14:55,14:55,12,0,0,CENTRAL PARK BOULEVARD NORTH & WABASH STREET NORTH,1,1,0,0,1,4,,0,35,0,0,0,0,0,4,2,1
,2019-13111,39.78784697,-104.8097699,1/8/2019 16:51,16:51,12,0,0,CHAMBERS ROAD NORTH & 52ND AVENUE EAST,1,1,0,0,1,3,,0,40,0,0,0,0,0,4,2,13
,2019-13112,39.67406537,-104.9734482,9/10/2019 16:55,16:55,6,0,0,DOWNING STREET SOUTH & ILIFF AVENUE EAST,1,1,0,0,1,4,,0,30,0,0,0,0,0,4,2,3
,2019-13113,39.77316831,-104.8098742,10/6/2019 17:36,17:36,12,0,0,CHAMBERS ROAD NORTH & 40TH AVENUE EAST,1,3,0,0,1,4,,0,35,0,0,0,0,0,4,3,13
,2019-13114,39.77493132,-104.8098968,6/29/2019 14:30,14:30,12,0,0,CHAMBERS ROAD NORTH 4400 BLOCK & ANDREWS DRIVE EAST,1,1,0,0,1,4,,0,40,0,0,0,0,0,4,2,7
,2019-13115,39.77487642,-104.8098962,7/8/2019 11:36,11:36,12,0,0,CHAMBERS ROAD NORTH 4500 BLOCK & ANDREWS DRIVE EAST,1,1,0,0,1,3,,0,40,0,0,0,0,0,4,2,13
,2019-13116,39.77424505,-104.8098899,9/14/2019 20:04,20:04,12,0,0,CHAMBERS ROAD 4300 BLOCK NORTH & ANDREWS DRIVE EAST,1,3,0,0,1,4,,0,40,0,0,0,0,0,4,3,13
,2019-13117,39.74000219,-104.9916594,3/4/2019 14:40,14:40,6,0,0,CHEROKEE SOUTH 1400 BLOCK NORTH & COLFAX AVENUE WEST,2,1,0,0,1,4,,0,30,0,0,0,0,0,4,2,13
,2019-13118,39.73043704,-104.9774062,2/6/2019 10:39,10:39,12,0,0,CLARKSON STREET 900 BLOCK NORTH & 10TH AVENUE EAST,4,1,0,2,1,4,,0,30,0,0,0,0,0,4,2,1
,2019-13119,39.73686666,-104.9776184,11/28/2019 8:30,8:30,12,0,0,CLARKSON STREET NORTH & 13TH AVENUE EAST,5,1,1,0,1,3,,0,25,0,0,0,0,0,4,2,13
,2019-13120,39.78323096,-104.9602772,10/7/2019 8:30,8:30,15,0,0,CLAUDE COURT NORTH & 48TH AVENUE EAST,1,1,0,0,1,4,,0,25,0,0,0,0,0,4,2,1
,2019-13121,39.73317613,-104.9551337,3/16/2019 14:08,14:08,6,0,0,CLAYTON STREET N1100 BLOCK & 12TH AVENUE EAST,1,1,0,0,1,4,,0,25,0,0,0,0,0,4,2,13
,2019-13122,39.77893077,-104.9541199,7/3/2019 7:06,7:06,6,0,0,CLAYTON STREET NORTH & 45TH AVENUE EAST,1,1,1,0,1,3,,0,25,0,0,0,0,0,4,2,14
,2019-13123,39.73950676,-104.9574307,5/31/2019 12:15,12:15,6,0,0,COLUMBINE STREET NORTH & COLFAX AVENUE EAST,1,1,0,0,1,4,,0,25,0,0,0,0,0,4,2,1
,2019-13124,39.73950676,-104.9574307,10/13/2019 15:59,15:59,3,0,0,COLUMBINE STREET NORTH & COLFAX AVENUE EAST,1,1,0,1,1,2,,0,25,0,0,0,0,0,4,2,13
,2019-13125,39.73987348,-104.947271,9/15/2019 19:00,19:00,6,0,0,COOK STREET 1400 BLOCK NORTH & COLFAX AVENUE EAST,1,2,0,0,1,4,,0,25,0,0,0,0,0,4,2,13
,2019-13126,39.74014477,-104.9899272,3/20/2019 11:57,11:57,12,0,0,COURT PLACE & 15TH STREET,1,1,0,0,1,4,,0,25,0,0,0,0,0,4,2,14
,2019-13127,39.78870459,-104.8281791,3/14/2019 12:28,12:28,6,0,0,CROWN BOULEVARD NORTH 5100 BLOCK & 52ND AVENUE EAST,4,3,0,6,1,3,,0,30,0,0,0,0,0,4,2,13
,2019-13128,39.76448045,-104.9318502,5/6/2019 1:00,1:00,6,0,0,DAHLIA STREET NORTH & BRUCE RANDOLPH AVENUE EAST,1,3,0,0,1,4,,0,25,0,0,0,0,0,4,3,13
,2019-13129,39.70195091,-104.8753499,1/11/2019 19:20,19:20,6,0,1,DAYTON STREET 700 BLOCK SOUTH & EXPOSITION AVENUE EAST,6,3,0,2,1,4,,0,35,0,0,0,0,1,4,2,14
,2019-13130,39.71545664,-105.0227558,1/31/2019 22:12,22:12,6,0,1,DECATUR STREET & ARCHER PLACE WEST,8,3,1,0,1,4,,0,25,0,0,0,0,2,4,3,5
,2019-13131,39.73845064,-104.992928,10/8/2019 17:15,17:15,12,0,0,DELAWARE STREET NORTH & 14TH AVENUE WEST,1,1,0,0,1,3,,0,25,0,0,0,0,0,4,2,12
,2019-13132,39.72539247,-104.9928238,10/22/2019 9:25,9:25,6,0,0,DELAWARE STREET NORTH & SIXTH AVENUE WEST,1,1,0,0,1,4,,0,25,0,0,0,0,0,4,2,13
,2019-13133,39.72693845,-104.9928395,3/28/2019 9:00,9:00,6,0,0,DELAWARE STREET NORTH & SEVENTH AVENUE WEST,1,1,0,0,1,4,,0,25,0,0,0,0,0,4,2,13
,2019-13134,39.67951042,-104.9734228,1/17/2019 7:33,7:33,6,0,0,DOWNING MARI 2000 SOUTH & ASBURY AVENUE EAST,1,1,0,0,1,5,,0,,0,0,0,0,0,4,2,13
,2019-13135,39.6799222,-104.9734196,4/30/2019 22:11,22:11,6,0,2,DOWNING STREET 1900 BLOCK SOUTH & ASBURY AVENUE EAST,2,3,1,0,1,4,,0,30,0,0,0,0,1,4,2,5
,2019-13136,39.6799222,-104.9734196,5/18/2019 10:06,10:06,12,0,0,DOWNING STREET SOUTH & ASBURY AVENUE EAST,1,1,1,0,1,4,,0,25,0,0,0,0,0,4,3,7
,2019-13137,39.71437977,-104.9733933,7/11/2019 6:30,6:30,6,0,0,DOWNING STREET SOUTH & BAYAUD AVENUE EAST,1,1,0,0,1,4,,0,30,0,0,0,0,0,4,3,13
,2019-13138,39.7052392,-104.9733746,9/3/2019 10:20,10:20,12,0,0,DOWNING STREET 600 BLOCK SOUTH & CENTER AVENUE EAST,1,1,0,0,1,4,,0,25,0,0,0,0,0,4,2,13
,2019-13139,39.67768344,-104.9734426,2/26/2019 9:05,9:05,12,0,1,DOWNING STREET 2100 BLOCK SOUTH & EVANS AVENUE EAST,1,1,1,0,1,4,,0,30,0,0,0,0,1,4,2,3
,2019-13140,39.70364512,-104.9733794,8/17/2019 13:00,13:00,15,0,0,DOWNING STREET SOUTH & EXPOSITION AVENUE EAST,1,1,0,0,1,4,,0,25,0,0,0,0,0,4,2,13
,2019-13141,39.69293312,-104.9734142,6/26/2019 13:02,13:02,15,0,0,DOWNING STREET SOUTH 1300 BLOCK & LOUISIANA AVENUE EAST,1,1,0,0,1,4,,0,30,0,0,0,0,0,4,2,13
,2019-13142,39.69274096,-104.9734155,7/14/2019 11:56,11:56,12,0,0,DOWNING STREET SOUTH & LOUISIANA AVENUE EAST,1,1,0,0,1,3,,0,30,0,0,0,0,0,4,2,13
,2019-13143,39.68506565,-104.973423,5/5/2019 20:07,20:07,6,0,0,DOWNING STREET 1700 BLOCK SOUTH & MEXICO STREET EAST,1,3,0,0,1,4,,0,35,0,0,0,0,0,4,2,3
,2019-13144,39.67237322,-104.9734569,10/20/2019 11:00,11:00,6,0,0,DOWNING STREET SOUTH & WESLEY AVENUE EAST,1,1,0,0,1,2,,0,30,0,0,0,0,0,4,4,10
,2019-13145,39.67254892,-104.9734556,11/15/2019 11:54,11:54,6,0,0,DOWNING STREET 2400 BLOCK SOUTH & WESLEY AVENUE EAST,1,1,0,0,1,4,,0,30,0,0,0,0,0,4,2,13
,2019-13146,39.73325589,-104.9965224,8/16/2019 8:00,8:00,6,0,0,GALAPAGO STREET NORTH & 11TH AVENUE WEST,1,1,1,0,1,4,,0,25,0,0,0,0,0,4,2,13
,2019-13147,39.79558595,-104.8172812,12/16/2019 12:00,12:00,6,0,0,EAGLE STREET 5500 BLOCK NORTH & ROBINS DRIVE EAST,1,1,0,0,1,4,,0,30,0,0,0,0,0,4,2,7
,2019-13148,39.72892985,-104.9940728,3/15/2019 18:20,18:20,6,0,0,ELATI STREET NORTH 700 BLOCK & EIGHTH AVENUE WEST,1,1,0,0,1,3,,0,25,0,0,0,0,0,4,2,13
,2019-13149,39.75343823,-105.0236167,8/15/2019 17:25,17:25,15,0,0,ELIOT STREET NORTH & 25TH AVENUE WEST,1,1,0,0,1,4,,0,25,0,0,0,0,0,4,2,13
,2019-13150,39.73637025,-104.9562815,8/22/2019 7:11,7:11,6,0,0,ELIZABETH STREET NORTH & 13TH AVENUE EAST,1,1,0,0,1,4,,0,25,0,0,0,0,0,4,2,13
,2019-13151,39.73795422,-104.9562744,10/28/2019 18:23,18:23,12,0,0,ELIZABETH STREET NORTH & 14TH AVENUE EAST,5,1,0,2,1,4,,0,25,0,0,0,0,0,4,2,13
,2019-13152,39.73831018,-104.9764619,7/3/2019 22:35,22:35,6,0,0,EMERSON STREET NORTH & 14TH AVENUE EAST,1,3,0,0,1,4,,0,30,0,0,0,0,0,4,2,14
,2019-13153,39.71649933,-104.9963545,10/17/2019 13:17,13:17,6,0,0,GALAPAGO STREET SOUTH & ELLSWORTH AVENUE EAST,1,1,0,0,1,3,,0,30,0,0,0,0,0,4,2,1
,2019-13154,39.75934935,-104.8742541,10/3/2019 16:36,16:36,6,0,0,EMPORIA STREET NORTH & MLK BOULEVARD EAST,1,1,0,0,1,4,,0,25,0,0,0,0,0,4,2,13
,2019-13155,39.76189979,-105.0094988,2/6/2019 18:09,18:09,6,0,0,ERIE STREET 1800 BLOCK & 32ND AVENUE WEST,4,3,1,2,1,4,,0,20,0,0,0,0,0,4,2,13
,2019-13156,39.6780233,-104.9129036,10/11/2019 7:50,7:50,15,0,0,EVANS AVENUE 6400 BLOCK EAST & MONACO STREET SOUTH,9,1,0,0,1,3,,0,35,0,0,0,0,0,4,2,7
,2019-13157,39.67827035,-104.9129002,10/31/2019 7:42,7:42,1,0,0,EVANS AVENUE EAST & MONACO STREET SOUTH,2,1,0,0,1,2,,0,30,0,0,0,0,0,4,3,13
,2019-13158,39.72178905,-104.9534171,5/31/2019 11:30,11:30,6,0,0,FILLMORE STREET NORTH & FOURTH AVENUE EAST,1,1,0,0,1,4,,0,25,0,0,0,0,0,4,2,13
,2019-13159,39.78143764,-104.926992,10/2/2019 7:48,7:48,6,0,0,FOREST STREET NORTH & 48TH AVENUE EAST,2,1,0,1,1,2,,0,25,0,0,0,0,0,4,2,14
,2019-13160,39.73810033,-104.9953023,8/28/2019 9:23,9:23,15,0,0,FOX STREET NORTH & COLFAX AVENUE WEST,1,1,0,0,1,4,,0,25,0,0,0,0,0,4,2,14
,2019-13161,39.73657981,-104.9971121,9/4/2019 9:15,9:15,3,0,0,GALAPAGO STREET NORTH & 13TH AVENUE WEST,1,1,0,0,1,2,,0,25,0,0,0,0,0,4,2,8
,2019-13162,39.70961051,-104.8706742,4/26/2019 10:54,10:54,14,0,0,GALENA WAY SOUTH & ALAMEDA AVENUE EAST,1,3,0,0,1,4,,0,30,0,0,0,0,0,4,2,5
,2019-13163,39.63368294,-105.1005537,3/6/2019 6:44,6:44,6,0,0,GARRISON STREET 4600 BLOCK SOUTH & STETSON PLACE WEST,1,1,0,0,1,4,,0,25,0,0,0,0,0,4,2,13
,2019-13164,39.72843656,-104.9613475,1/9/2019 1:09,1:09,6,0,0,GAYLORD STREET 700 BLOCK NORTH & EIGHTH AVENUE EAST,1,1,0,0,1,4,,0,25,0,0,0,0,0,4,2,14
,2019-13165,39.75790394,-104.8686876,12/6/2019 10:55,10:55,5,0,0,GENEVA STREET 2900 BLOCK NORTH & 29TH DRIVE EAST,5,1,0,0,2,4,,0,25,0,0,0,0,0,4,1,13
,2019-13166,39.6721101,-104.9676052,6/15/2019 9:14,9:14,6,0,0,GILPIN STREET SOUTH & WESLEY AVENUE EAST,1,1,0,0,1,4,,0,25,0,0,0,1,0,4,2,13
,2019-13167,39.74563983,-104.9879375,6/2/2019 13:25,13:25,12,0,0,GLENARM PLACE & 18TH STREET,1,1,0,0,1,2,,0,30,0,0,0,0,0,4,2,13
,2019-13168,39.73043987,-104.9833358,12/13/2019 18:50,18:50,3,0,0,GRANT STREET 900 BLOCK NORTH & 10TH AVENUE EAST,1,3,0,0,1,3,,0,25,0,0,0,0,0,4,2,13
,2019-13169,39.73688025,-104.9833764,5/17/2019 17:29,17:29,12,0,0,GRANT STREET 1300 BLOCK NORTH & 14TH AVENUE EAST,1,1,0,0,1,4,,0,30,0,0,0,0,0,4,2,13
,2019-13170,39.74472767,-104.9835852,10/7/2019 16:20,16:20,15,0,0,GRANT STREET NORTH & 18TH AVENUE,1,1,0,0,1,4,,0,30,0,0,0,0,0,4,2,13
,2019-13171,39.74486787,-104.9832225,3/15/2019 12:49,12:49,15,0,0,GRANT STREET NORTH 1800 BLOCK & 19TH AVENUE EAST,1,1,0,0,1,4,,0,30,0,0,0,0,0,4,3,13
,2019-13172,39.71114579,-104.9840219,11/1/2019 16:08,16:08,14,0,0,GRANT STREET 300 BLOCK SOUTH & ALAMEDA AVENUE EAST,4,2,0,0,1,4,,0,25,0,0,0,0,0,4,2,8
,2019-13173,39.71805757,-104.9826142,6/7/2019 21:20,21:20,6,0,0,LOGAN STREET NORTH & FIRST AVENUE EAST,1,3,0,0,1,4,,0,25,0,0,0,0,0,4,3,14
,2019-13174,39.69450222,-105.0263213,7/9/2019 5:57,5:57,12,0,0,GROVE STREET SOUTH & ARIZONA AVENUE WEST,1,1,0,0,1,2,,0,,0,0,0,0,0,4,2,13
,2019-13175,39.73294062,-105.0263605,8/30/2019 9:25,9:25,6,0,0,GROVE STREET NORTH & 10TH AVENUE WEST,1,1,0,0,1,4,,0,25,0,0,0,0,0,4,3,1
,2019-13176,39.76465497,-105.0275615,6/19/2019 3:25,3:25,6,0,0,GROVE STREET NORTH & 34TH AVENUE WEST,1,3,0,0,1,4,,0,25,0,0,0,0,0,4,2,10
,2019-13177,39.68394161,-105.0262116,11/27/2019 10:12,10:12,6,0,0,GROVE STREET 1800 BLOCK SOUTH & BAILS PLACE WEST,5,1,0,0,1,1,,0,,0,0,0,0,0,4,2,13
,2019-13178,39.65979593,-104.8589805,8/4/2019 10:36,10:36,6,0,0,KENTON STREET SOUTH & DARTMOUTH AVENUE EAST,1,3,0,0,1,4,,0,25,0,0,0,0,0,4,2,13
,2019-13179,39.65302994,-104.9316469,3/7/2019 7:58,7:58,15,0,0,HAPPY CANYON ROAD EAST & HAMPDEN AVENUE EAST,2,1,0,0,1,4,,0,30,0,0,0,0,0,4,2,13
,2019-13180,39.74364367,-104.9418906,5/28/2019 15:12,15:12,15,0,0,HARRISON STREET NORTH & 17TH AVENUE EAST,1,1,0,0,1,4,,0,25,0,0,0,0,0,4,2,14
,2019-13181,39.76975027,-104.8657935,12/2/2019 15:07,15:07,12,0,0,HAVANA STREET 3800 BLOCK & 40TH AVENUE EAST,2,1,0,0,1,4,,0,40,0,0,0,0,0,4,2,13
,2019-13182,39.79834244,-104.8660238,6/10/2019 15:34,15:34,12,0,0,HAVANA STREET NORTH & 56TH AVENUE EAST,1,1,0,0,1,4,,0,40,0,0,0,0,0,4,2,13
,2019-13183,39.75689271,-105.0276121,9/29/2019 12:41,12:41,3,0,0,HAZEL COURT 2800 BLOCK NORTH & 29TH AVENUE WEST,1,1,1,0,1,5,,0,15,0,0,0,0,0,4,2,13
,2019-13184,39.70854348,-105.027529,6/1/2019 3:46,3:46,6,0,0,HAZEL COURT SOUTH & ALASKA PLACE WEST,1,3,0,0,1,4,,0,25,0,0,0,0,0,4,3,12
,2019-13185,39.70288865,-105.0275286,2/20/2019 7:58,7:58,12,0,0,HAZEL COURT 700 BLOCK SOUTH & WALSH PLACE WEST,5,1,1,0,1,2,,0,25,0,0,0,0,0,4,2,3
,2019-13186,39.7336397,-104.9695005,7/12/2019 2:51,2:51,6,0,0,HUMBOLDT STREET NORTH & 11TH AVENUE EAST,1,4,0,0,1,4,,0,20,0,0,0,0,0,4,2,2
,2019-13187,39.67815114,-104.9222678,2/27/2019 20:54,20:54,12,0,0,HOLLY STREET SOUTH & EVANS AVENUE EAST,1,3,0,0,1,3,,0,30,0,0,0,0,0,4,2,7
,2019-13188,39.6759365,-104.9222232,8/23/2019 19:11,19:11,8,0,0,HOLLY STREET SOUTH & ILIFF AVENUE EAST,1,1,0,0,1,4,,0,25,0,0,0,0,0,4,3,5
,2019-13189,39.69299114,-104.9223245,4/26/2019 15:56,15:56,12,0,0,HOLLY STREET 1300 BLOCK SOUTH & LOUISIANA AVENUE EAST,1,1,0,0,1,3,,0,30,0,0,0,0,0,4,2,13
,2019-13190,39.68580304,-104.9223079,5/24/2019 16:04,16:04,12,0,0,HOLLY STREET SOUTH & MEXICO AVENUE EAST,1,1,0,0,1,2,,0,25,0,0,0,0,0,4,2,14
,2019-13191,39.74441625,-104.969677,11/24/2019 13:55,13:55,6,0,0,HUMBOLDT STREET NORTH & 18TH AVENUE EAST,1,1,0,0,1,4,,0,30,0,0,0,0,0,4,2,13
,2019-13192,39.75415979,-104.9696459,8/2/2019 11:00,11:00,6,0,0,HUMBOLDT STREET NORTH & 26TH AVENUE EAST,1,1,0,0,1,4,,0,25,0,0,0,0,0,4,2,13
,2019-13193,39.6984645,-104.9216215,5/2/2019 16:28,16:28,3,0,0,HOLLY STREET SOUTH & TENNESSEE AVENUE EAST,1,1,0,0,1,2,,0,30,0,0,0,0,0,4,2,8
,2019-13194,39.73183652,-104.9976128,1/3/2019 11:40,11:40,14,0,0,INCA STREET & 10TH AVENUE WEST,2,1,0,0,1,2,,0,20,0,0,0,0,0,4,2,13
,2019-13195,39.72070477,-104.9975446,5/11/2019 13:30,13:30,14,0,0,INCA STREET NORTH & THIRD AVENUE WEST,1,1,0,0,1,4,,0,25,0,0,0,0,0,4,2,13
,2019-13196,39.72715871,-104.9975631,6/11/2019 14:47,14:47,6,0,0,INCA STREET NORTH & SEVENTH AVENUE WEST,1,1,0,0,1,5,,0,5,0,0,0,0,0,4,2,13
,2019-13197,39.77092388,-104.7484292,1/1/2019 15:21,15:21,6,0,0,KIRK STREET NORTH & 40TH AVENUE EAST,5,1,0,2,1,3,,0,25,0,0,0,0,0,4,2,13
,2019-13198,39.71095866,-105.0298974,11/7/2019 17:15,17:15,12,0,0,IRVING STREET 300 BLOCK SOUTH & ALAMEDA AVENUE WEST,1,2,0,0,1,4,,0,25,0,0,0,0,0,4,2,13
,2019-13199,39.69102152,-105.0297153,4/19/2019 20:45,20:45,3,0,0,IRVING STREET 1400 BLOCK SOUTH & ARKANSAS AVENUE WEST,1,3,0,0,1,2,,0,35,0,0,0,0,0,4,2,13
,2019-13200,39.70009854,-105.0297646,8/28/2019 9:35,9:35,1,0,0,IRVING STREET SOUTH & KENTUCKY AVENUE WEST,1,1,0,0,1,4,,0,25,0,0,0,0,0,4,2,1
,2019-13201,39.66743247,-105.0298699,3/19/2019 8:30,8:30,13,0,1,IRVING STREET SOUTH 2700 BLOCK & YALE AVENUE WEST,1,1,0,0,1,4,,0,,0,0,0,0,1,4,2,13
,2019-13202,39.66754228,-105.0298695,4/4/2019 8:34,8:34,12,0,0,IRVING STREET 2700 BLOCK SOUTH & YALE AVENUE WEST,1,1,0,0,1,2,,0,20,0,0,0,0,0,4,2,13
,2019-13203,39.83185362,-104.6929499,12/3/2019 14:50,14:50,12,0,0,JACKSON GAP STREET 7500 BLOCK & 75TH AVENUE,1,1,0,0,1,4,,0,,0,0,0,0,0,4,2,7