id,drcog_id,latitude,longitude,crashtime,time,crashtype,numbkilled,numbinjurd,drcoglocat,rdconditin,lightngcon,roadcntgrd,weatherco,location,roaddescrp,schoolzone,constrzone,splimit,bikeinv,sctrinv,pedinv,motoinv,svrty,rdsystem,ttlvehcls,hcf
,2019-14043,39.76441459,-105.022735,8/17/2019 13:30,13:30,6,0,0,34TH AVENUE WEST & DECATUR STREET NORTH,1,1,0,0,1,3,,0,25,0,0,0,0,0,4,2,13
,2019-14044,39.76432822,-104.9734914,4/4/2019 12:42,12:42,6,0,0,34TH STREET & DOWNING STREET NORTH,1,1,0,0,1,4,,0,25,0,0,0,0,0,4,2,14
,2019-14045,39.76465179,-105.0280946,3/12/2019 21:50,21:50,6,0,0,34TH AVENUE WEST & GROVE STREET NORTH,1,4,0,0,1,4,,0,25,0,0,0,0,0,4,2,6
,2019-14046,39.77298272,-104.9754518,12/4/2019 16:02,16:02,12,0,0,38TH STREET & BRIGHTON BOULEVARD NORTH,1,1,0,0,1,1,,0,30,0,0,0,0,0,4,2,13
,2019-14047,39.76926849,-105.0207854,11/26/2019 6:47,6:47,5,0,0,38TH AVENUE WEST & CLAY STREET NORTH,5,1,1,2,3,4,,0,35,0,0,0,0,0,4,1,13
,2019-14048,39.76928244,-105.0236247,6/5/2019 18:08,18:08,3,0,0,38TH AVENUE WEST & ELIOT STREET NORTH,1,1,0,0,1,2,,0,5,0,0,0,0,0,4,2,10
,2019-14049,39.76940701,-105.0299694,12/14/2019 2:07,2:07,12,0,0,38TH AVENUE WEST & IRVING STREET NORTH,1,3,0,0,1,1,,0,35,0,0,0,0,0,4,2,5
,2019-14050,39.76928028,-105.0021182,9/20/2019 19:49,19:49,3,0,1,38TH AVENUE WEST & LIPAN STREET NORTH,1,3,0,0,1,2,,0,,0,0,0,0,2,4,2,13
,2019-14051,39.76955807,-105.0346427,1/3/2019 20:07,20:07,3,0,0,38TH AVENUE 3600 BLOCK WEST & LOWELL BOULEVARD NORTH,1,3,0,0,1,2,,0,35,0,0,0,0,0,4,2,13
,2019-14052,39.76928761,-105.0069851,2/6/2019 9:50,9:50,12,0,0,38TH AVENUE WEST & PECOS STREET NORTH / 1600 BLOCK WEST,4,1,0,2,1,5,,0,35,0,0,0,0,0,4,2,7
,2019-14053,39.76928771,-105.0068072,8/23/2019 15:40,15:40,15,0,0,38TH AVENUE 1700 BLOCK WEST & PECOS STREET NORTH,1,1,0,0,1,4,,0,30,0,0,0,0,0,4,2,13
,2019-14054,39.72133258,-105.0399243,5/4/2019 3:14,3:14,6,0,0,THIRD AVENUE WEST & PERRY STREET NORTH,1,3,0,0,1,4,,0,25,0,0,0,0,0,4,2,13
,2019-14055,39.77108671,-104.9128871,11/22/2019 19:02,19:02,12,0,0,39TH AVENUE EAST & MONACO STREET NORTH,1,3,0,0,1,3,,0,30,0,0,0,0,0,4,2,13
,2019-14056,39.72094479,-104.9910545,6/1/2019 13:37,13:37,3,0,1,THIRD AVENUE WEST & BANNOCK STREET NORTH,1,1,0,0,1,5,,0,15,0,0,0,0,1,4,2,13
,2019-14057,39.72097931,-104.9572192,6/1/2019 10:30,10:30,6,0,0,THIRD AVENUE EAST & COLUMBINE STREET NORTH,1,1,0,0,1,4,,0,35,0,0,0,0,0,4,2,13
,2019-14058,39.72098085,-104.9584833,7/16/2019 18:07,18:07,3,0,0,THIRD AVENUE EAST & JOSEPHINE STREET NORTH,1,1,0,0,1,5,,0,25,0,0,0,0,0,4,2,14
,2019-14059,39.72125196,-105.0441707,7/18/2019 11:35,11:35,12,0,0,THIRD AVENUE WEST & TENNYSON STREET NORTH,1,1,0,0,1,5,,0,25,0,0,0,0,0,4,2,13
,2019-14060,39.77290766,-104.8571421,12/6/2019 5:20,5:20,12,0,0,40TH AVENUE 11200 BLOCK EAST & LIMA STREET NORTH,5,3,0,0,1,4,,0,35,0,0,0,0,0,4,2,13
,2019-14061,39.77178485,-105.0045348,1/24/2019 8:00,8:00,6,0,0,40TH AVENUE WEST & NAVAJO STREET NORTH,5,1,0,2,1,1,,0,25,0,0,0,0,0,4,2,14
,2019-14062,39.77313349,-104.92812,5/2/2019 11:00,11:00,6,0,0,41ST AVENUE 5000 BLOCK EAST & FOREST STREET NORTH,1,1,0,0,1,2,,0,25,0,0,0,0,0,4,2,7
,2019-14063,39.77355483,-104.7537688,7/7/2019 1:14,1:14,6,0,0,41ST PLACE EAST & HIMALAYA ROAD NORTH,1,3,0,0,1,4,,0,25,0,0,0,0,0,4,2,7
,2019-14064,39.77511715,-104.9000719,3/27/2019 16:00,16:00,10,0,0,41ST AVENUE 7500 BLOCK EAST & ROSEMARY STREET NORTH,1,1,0,0,1,2,,0,30,0,0,0,0,0,4,2,13
,2019-14065,39.77444878,-104.7513461,7/20/2019 0:10,0:10,12,0,0,42ND AVENUE EAST & IRELAND STREET NORTH,1,3,0,0,1,3,,0,25,0,0,0,0,0,4,2,6
,2019-14066,39.77423455,-105.0009569,3/12/2019 20:30,20:30,6,0,0,42ND AVENUE 1100 BLOCK WEST & KALAMATH STREET NORTH,1,3,0,0,1,4,,0,25,0,0,0,0,0,4,2,13
,2019-14067,39.7742834,-105.0036134,9/4/2019 8:11,8:11,14,0,0,42ND AVENUE 1300 BLOCK WEST & MARIPOSA STREET NORTH,1,1,0,0,1,4,,0,25,0,0,0,0,0,4,3,13
,2019-14068,39.7742652,-104.8254744,4/26/2019 14:37,14:37,6,0,0,43RD AVENUE 14490 EAST & SABLE STREET NORTH,1,1,0,0,1,4,,0,25,0,0,0,0,0,4,2,7
,2019-14069,39.77767314,-104.957421,3/17/2019 8:08,8:08,6,0,0,44TH AVENUE EAST 2400 BLOCK & COLUMBINE STREET NORTH,1,1,0,0,1,4,,0,30,0,0,0,0,0,4,2,13
,2019-14070,39.77729451,-104.8403982,9/14/2019 1:44,1:44,5,0,0,44TH AVENUE EAST & CROWN BOULEVARD NORTH,1,3,0,0,3,4,,0,25,0,0,0,0,0,4,1,5
,2019-14071,39.77672545,-105.034615,4/30/2019 15:46,15:46,3,0,0,44TH AVENUE 3600 BLOCK WEST & LOWELL BOULEVARD NORTH,2,1,0,1,1,2,,0,30,0,0,0,0,0,4,2,13
,2019-14072,39.77684715,-104.7387908,8/14/2019 7:30,7:30,14,0,0,44TH AVENUE 21000 BLOCK EAST & PERTH CIRCLE NORTH,1,1,0,0,1,4,,0,25,0,0,0,0,0,4,2,14
,2019-14073,39.77657053,-105.0439721,5/6/2019 13:01,13:01,15,0,0,44TH AVENUE 4400 BLOCK WEST & TENNYSON STREET NORTH,1,1,0,0,1,3,,0,30,0,0,0,0,0,4,2,13
,2019-14074,39.7763302,-104.7615829,8/29/2019 0:25,0:25,6,0,0,45TH AVENUE EAST & ENSENADA STREET NORTH,1,4,0,0,1,4,,0,35,0,0,0,0,0,4,3,2
,2019-14075,39.78039034,-104.987025,7/12/2019 20:15,20:15,5,0,0,46TH AVENUE EAST & LEAF COURT NORTH,1,2,0,0,3,4,,0,35,0,0,0,0,0,4,1,10
,2019-14076,39.73388475,-105.0203186,11/12/2019 10:33,10:33,6,0,0,11TH AVENUE WEST & BRYANT STREET NORTH,1,1,1,0,1,4,,0,25,0,0,0,0,0,4,2,13
,2019-14077,39.78195634,-104.9571306,12/13/2019 8:06,8:06,15,0,0,47TH AVENUE EAST & COLUMBINE STREET NORTH,1,1,0,0,1,4,,0,,0,0,0,0,0,4,2,13
,2019-14078,39.744861,-105.017422,7/4/2019 3:58,3:58,5,0,0,I25 SOUTHBOUND EXIT GORE POINT & COLFAX AVENUE WEST,1,3,0,0,3,4,,0,55,0,0,0,0,0,1,1,13
,2019-14079,39.78227918,-104.8664547,8/12/2019 10:30,10:30,15,0,0,47TH AVENUE EAST & HAVANA STREET NORTH,1,1,0,0,1,4,,0,35,0,0,0,0,0,4,2,13
,2019-14080,39.78225369,-104.8670916,10/1/2019 4:40,4:40,10,0,1,47TH AVENUE EAST & HAVANA STREET NORTH,1,4,0,1,1,2,,0,25,0,0,0,0,1,4,2,8
,2019-14081,39.78236704,-104.8590118,2/14/2019 19:32,19:32,9,0,0,47TH AVENUE EAST & KINGSTON STREET NORTH,1,3,0,0,1,4,,0,35,0,0,0,0,0,4,1,7
,2019-14082,39.78238522,-104.8478001,5/24/2019 18:20,18:20,3,0,0,47TH AVENUE EAST & PEORIA STREET NORTH,1,1,0,0,1,2,,0,35,0,0,0,0,0,4,2,13
,2019-14083,39.78238651,-104.8474443,9/11/2019 12:00,12:00,3,0,0,47TH AVENUE EAST & PEORIA STREET NORTH,1,1,0,0,1,2,,0,35,0,0,0,0,0,4,2,14
,2019-14084,39.78238809,-104.8470104,10/1/2019 13:03,13:03,12,0,0,47TH AVENUE EAST & PEORIA STREET NORTH,1,1,0,0,1,1,,0,35,0,0,0,0,0,4,2,13
,2019-14085,39.78407392,-104.9911874,1/2/2019 22:03,22:03,15,0,0,48TH AVENUE WEST & BANNOCK STREET NORTH APPROXIMATELY,1,3,0,0,1,4,,0,35,0,0,0,0,0,4,2,13
,2019-14086,39.78384106,-105.0066074,2/25/2019 13:21,13:21,10,0,0,48TH AVENUE 1700 BLOCK WEST & PECOS STREET NORTH,1,1,1,0,1,4,,0,30,0,0,0,0,0,4,2,13
,2019-14087,39.78407351,-104.991148,3/21/2019 7:15,7:15,6,0,0,48TH AVENUE WEST 200 BLOCK & WARNER PLACE,1,1,0,0,1,4,,0,35,0,0,0,0,0,4,2,14
,2019-14088,39.79837827,-104.8667847,9/28/2019 13:00,13:00,12,0,0,56TH AVENUE EAST & HAVANA STREET NORTH,1,1,0,0,1,4,,0,45,0,0,0,0,0,4,3,13
,2019-14089,39.7982886,-104.8008588,3/4/2019 15:16,15:16,12,0,0,56TH AVENUE EAST & LAREDO STREET NORTH,9,1,0,0,1,4,,0,45,0,0,0,0,0,4,2,13
,2019-14090,39.79833882,-104.8505162,7/16/2019 17:00,17:00,15,0,0,56TH AVENUE EAST & OSWEGO STREET NORTH,1,1,0,0,1,4,,0,45,0,0,0,0,0,4,2,13
,2019-14091,39.79839611,-104.787524,3/9/2019 13:40,13:40,15,0,0,56TH AVENUE EAST & PENA BOULEVARD,1,1,0,0,1,4,,0,45,0,0,0,0,0,4,2,1
,2019-14092,39.70567427,-104.9664271,7/19/2019 15:19,15:19,6,0,0,CENTER AVENUE EAST & WILLIAMS STREET SOUTH,1,1,0,0,1,4,,0,25,0,0,0,0,0,4,2,13
,2019-14093,39.79839812,-104.7876663,10/29/2019 8:00,8:00,12,0,0,56TH AVENUE EAST & PENA BOULEVARD NORTH,4,3,0,2,1,4,,0,35,0,0,0,0,0,4,2,14
,2019-14094,39.79825391,-104.897252,10/2/2019 17:46,17:46,15,0,0,56TH AVENUE 7700 BLOCK EAST & SPRUCE STREET NORTH,1,1,0,0,1,4,,0,40,0,0,0,0,0,4,3,13
,2019-14095,39.79814409,-104.8405202,2/15/2019 15:45,15:45,12,0,0,56TH AVENUE EAST & TUCSON STREET NORTH,1,1,0,0,1,4,,0,40,0,0,0,0,0,4,3,1
,2019-14096,39.79806576,-104.831096,3/12/2019 17:14,17:14,12,0,0,56TH AVENUE EAST & WORCHESTER STREET NORTH / 13300 BLOCK EAST,1,1,0,0,1,4,,0,40,0,0,0,0,0,4,2,7
,2019-14097,39.724083,-104.9752349,9/21/2019 21:00,21:00,6,0,0,FIFTH AVENUE EAST & ODGEN STREET NORTH,1,3,0,0,1,3,,0,25,0,0,0,0,0,4,2,8
,2019-14098,39.72413064,-104.9986578,12/14/2019 12:20,12:20,12,0,0,FIFTH AVENUE WEST & SANTA FE DRIVE NORTH,1,1,0,0,1,3,,0,25,0,0,0,0,0,4,2,8
,2019-14099,39.66527806,-105.0787686,1/18/2019 22:57,22:57,6,0,0,AMHERST AVENUE WEST & WEBSTER STREET SOUTH,5,4,0,2,1,4,,0,25,0,0,0,0,0,4,2,13
,2019-14100,39.72565451,-104.9898691,4/19/2019 7:38,7:38,15,0,0,SIXTH AVENUE 100 BLOCK WEST & ACOMA STREET NORTH,1,1,0,0,1,4,,0,30,0,0,0,0,0,4,2,1
,2019-14101,39.72565949,-104.99089,4/1/2019 7:31,7:31,12,0,0,SIXTH AVENUE 200 BLOCK WEST & BANNOCK STREET NORTH,1,1,0,0,1,3,,0,30,0,0,0,0,0,4,3,3
,2019-14102,39.7256654,-104.9912235,5/16/2019 11:28,11:28,12,0,0,SIXTH AVENUE 200 BLOCK WEST & BANNOCK STREET NORTH,1,1,1,0,1,4,,0,30,0,0,0,0,0,4,2,13
,2019-14103,39.7256415,-104.987799,10/5/2019 15:23,15:23,12,0,0,SIXTH AVENUE WEST & BROADWAY STREET NORTH,1,1,0,0,1,4,,0,35,0,0,0,0,0,4,2,10
,2019-14104,39.72563995,-104.9876213,11/24/2019 11:50,11:50,15,0,0,SIXTH AVENUE EAST  & BROADWAY STREET NORTH,1,1,0,0,1,3,,0,35,0,0,0,0,0,4,2,13
,2019-14105,39.72560043,-104.9411564,2/1/2019 14:54,14:54,12,0,0,SIXTH AVENUE EAST & COLORADO BOULEVARD NORTH,1,1,0,0,1,4,,0,30,0,0,0,0,0,4,2,3
,2019-14106,39.72561485,-104.9578569,2/12/2019 13:27,13:27,12,0,0,SIXTH AVENUE 2400 BLOCK EAST & COLUMBINE STREET NORTH,1,1,0,0,1,3,,0,30,0,0,0,0,0,4,2,13
,2019-14107,39.72560987,-104.9473747,1/1/2019 10:18,10:18,10,0,0,SIXTH AVENUE 3300 BLOCK EAST & COOK STREET NORTH,4,1,0,0,1,1,,0,30,0,0,0,0,0,4,2,8
,2019-14108,39.72560474,-104.9474857,8/29/2019 17:00,17:00,12,0,0,SIXTH AVENUE EAST  & COOK STREET NORTH,1,1,0,0,1,3,,0,30,0,0,0,0,0,4,2,13
,2019-14109,39.72568765,-104.9953658,5/6/2019 7:23,7:23,15,0,0,SIXTH AVENUE WEST & FOX STREET NORTH,1,1,0,0,1,3,,0,35,0,0,0,0,0,4,2,13
,2019-14110,39.72568701,-104.9952592,8/22/2019 11:45,11:45,15,0,0,SIXTH AVENUE 600 BLOCK WEST & FOX STREET NORTH,1,1,0,0,1,4,,0,30,0,0,0,0,0,4,2,13
,2019-14111,39.72570098,-104.9969098,4/3/2019 7:20,7:20,10,0,0,SIXTH AVENUE WEST & GALAPAGO STREET NORTH,1,1,0,0,1,5,,0,30,0,0,0,0,0,4,2,13
,2019-14112,39.72563046,-104.9227988,12/12/2019 22:42,22:42,12,0,0,SIXTH AVENUE 5500 BLOCK EAST & HOLLY STREET NORTH,1,3,0,0,1,4,,0,30,0,0,0,0,0,4,2,5
,2019-14113,39.7257032,-104.9975471,2/7/2019 15:53,15:53,12,0,0,SIXTH AVENUE WEST & INCA STREET NORTH / 900 BLOCK WEST,4,1,0,0,1,4,,0,30,0,0,0,0,0,4,2,13
,2019-14114,39.72569397,-105.0005256,1/12/2019 15:05,15:05,15,0,0,SIXTH AVENUE WEST & KALAMATH STREET NORTH,1,1,0,0,1,4,,0,35,0,0,0,0,0,4,2,13
,2019-14115,39.72569397,-105.0005256,2/13/2019 12:45,12:45,12,0,0,SIXTH AVENUE 1000 BLOCK WEST & KALAMATH STREET NORTH,1,1,0,0,1,4,,0,30,0,0,0,0,0,4,2,13
,2019-14116,39.72568336,-105.0001491,7/18/2019 7:57,7:57,12,0,0,SIXTH AVENUE WEST 1000 BLOCK & KALAMATH STREET NORTH,1,1,0,0,1,4,,0,35,0,0,0,0,0,4,2,13
,2019-14117,39.72568333,-105.0008093,8/24/2019 12:30,12:30,12,0,0,SIXTH AVENUE WEST & KALAMATH STREET NORTH,1,1,1,0,1,4,,0,45,0,0,0,0,0,4,2,3
,2019-14118,39.72570711,-105.0016098,8/27/2019 12:46,12:46,12,0,1,SIXTH AVENUE WEST & KALAMATH STREET NORTH,1,1,0,0,1,4,,0,35,0,0,0,0,2,4,2,1
,2019-14119,39.72568133,-105.0010583,11/22/2019 16:59,16:59,12,0,0,SIXTH AVENUE WEST  & KALAMATH STREET NORTH,1,4,0,0,1,4,,0,60,0,0,0,0,0,4,2,12
,2019-14120,39.725645,-104.9865227,4/2/2019 7:44,7:44,12,0,0,SIXTH AVENUE EAST & LINCOLN STREET NORTH,1,1,1,0,1,4,,0,30,0,0,0,0,0,4,2,13
,2019-14121,39.72567858,-105.0029369,12/16/2019 14:42,14:42,12,0,0,SIXTH AVENUE WEST & MARIPOSA STREET NORTH,1,1,0,0,1,4,,0,35,0,0,0,0,0,4,2,13
,2019-14122,39.72537155,-105.00633,5/3/2019 7:43,7:43,12,0,0,SIXTH AVENUE 1100 BLOCK WEST & OSAGE STREET NORTH,1,1,0,0,1,4,,0,35,0,0,0,0,0,4,2,13
,2019-14123,39.72570739,-104.999301,3/27/2019 7:22,7:22,15,0,0,SIXTH AVENUE WEST & SANTA FE DRIVE NORTH,1,1,0,0,1,4,,0,35,0,0,0,0,0,4,2,13
,2019-14124,39.72570726,-104.9990913,9/27/2019 9:56,9:56,12,0,0,SIXTH AVENUE WEST & SANTA FE DRIVE SOUTH,1,1,0,0,1,4,,0,30,0,0,0,0,0,4,2,13
,2019-14125,39.72564692,-104.9862613,1/24/2019 9:05,9:05,12,0,1,SIXTH AVENUE EAST & SPEER BOULEVARD,4,1,0,2,1,4,,0,30,0,0,0,0,1,4,2,13
,2019-14126,39.72562486,-104.9789806,5/28/2019 17:20,17:20,15,0,0,SIXTH AVENUE EAST  & WASHINGTON STREET NORTH,1,1,0,0,1,4,,0,30,0,0,0,0,0,4,2,1
,2019-14127,39.68053232,-105.0133694,5/19/2019 5:19,5:19,5,0,0,ASBURY AVENUE WEST & VALLEJO STREET SOUTH,1,4,0,0,1,4,,0,30,0,0,0,0,0,4,1,14
,2019-14128,39.83798807,-104.6950145,1/26/2019 20:43,20:43,12,0,0,78TH AVENUE EAST & JACKSON GAP STREET NORTH,1,3,0,0,1,4,,0,45,0,0,0,0,0,4,2,13
,2019-14129,39.83800744,-104.6982192,6/29/2019 14:34,14:34,10,0,2,78TH AVENUE EAST & JACKSON GAP STREET NORTH,1,1,0,0,1,2,,0,45,0,0,0,0,2,4,2,13
,2019-14130,39.83798483,-104.6944804,7/26/2019 18:05,18:05,15,0,0,78TH AVENUE EAST & JACKSON GAP STREET NORTH,1,1,0,0,1,4,,0,45,0,0,0,0,0,4,2,13
,2019-14131,39.72734065,-104.9941474,2/2/2019 9:03,9:03,6,0,0,SEVENTH AVENUE 500 BLOCK WEST & ELATI STREET WEST,1,1,0,0,1,4,,0,30,0,0,0,0,0,4,2,13
,2019-14132,39.72725992,-104.9787709,5/22/2019 20:30,20:30,12,0,0,SEVENTH AVENUE EAST & WASHINGTON STREET NORTH,2,3,0,1,1,3,,0,30,0,0,0,0,0,4,2,3
,2019-14133,39.72909388,-104.9876965,5/7/2019 11:14,11:14,15,0,0,EIGHTH AVENUE WEST & BROADWAY STREET NORTH,1,1,0,0,1,4,,0,30,0,0,0,0,0,4,2,13
,2019-14134,39.72931174,-105.019866,12/11/2019 8:45,8:45,15,0,1,EIGHTH AVENUE WEST & CANOSA COURT NORTH,1,1,0,0,1,4,,0,35,0,0,0,0,2,4,2,13
,2019-14135,39.72922815,-104.9353358,5/6/2019 17:00,17:00,12,0,1,EIGHTH AVENUE EAST & CLERMONT STREET NORTH,1,1,0,0,1,4,,0,30,0,0,0,0,1,4,2,1
,2019-14136,39.72907275,-104.9824345,9/23/2019 15:36,15:36,12,0,1,EIGHTH AVENUE 300 BLOCK EAST & LOGAN STREET NORTH,1,1,1,0,1,4,,0,30,0,0,0,0,1,4,2,13
,2019-14137,39.73044657,-104.972948,1/26/2019 1:15,1:15,6,0,0,NINTH AVENUE 1100 EAST & DOWNING STREET NORTH,1,3,0,0,1,4,,0,30,0,0,0,0,0,4,3,13
,2019-14138,39.73045363,-104.9731403,11/24/2019 15:30,15:30,6,0,0,NINTH AVENUE 1100 EAST & DOWNING STREET NORTH,1,1,0,0,1,4,,0,25,0,0,0,0,0,4,2,13
,2019-14139,39.73045206,-104.9866433,10/27/2019 10:00,10:00,6,0,0,NINTH AVENUE EAST & LINCOLN STREET NORTH,2,1,1,2,1,4,,0,30,0,0,0,0,0,4,4,13
,2019-14140,39.7111723,-104.990275,7/9/2019 17:03,17:03,3,0,0,ALAMEDA AVENUE WEST  & BANNOCK STREET SOUTH,1,1,0,0,1,2,,0,35,0,0,0,0,0,4,2,13
,2019-14141,39.71117279,-104.9903638,11/27/2019 16:55,16:55,15,0,0,ALAMEDA AVENUE WEST & BANNOCK STREET SOUTH,5,3,0,0,1,3,,0,35,0,0,0,0,0,4,2,13
,2019-14142,39.71115987,-104.9879474,12/14/2019 9:50,9:50,12,0,0,ALAMEDA AVENUE WEST & BROADWAY STREET SOUTH,1,1,0,0,1,1,,0,30,0,0,0,0,0,4,2,13
,2019-14143,39.71118447,-104.9926465,7/12/2019 15:30,15:30,12,0,0,ALAMEDA AVENUE WEST  & CHEROKEE STREET SOUTH,1,1,1,0,1,3,,0,30,0,0,0,0,0,4,2,3
,2019-14144,39.7111788,-104.9341874,2/13/2019 11:00,11:00,3,0,0,ALAMEDA AVENUE 4300 BLOCK EAST & CHERRY STREET SOUTH,1,1,1,0,1,2,,0,35,0,0,0,0,0,4,2,13
,2019-14145,39.71110586,-104.9733929,5/17/2019 8:00,8:00,12,0,0,ALAMEDA AVENUE EAST & DOWNING STREET SOUTH,1,1,0,0,1,2,,0,30,0,0,0,0,0,4,2,13
,2019-14146,39.7068817,-104.8758737,7/6/2019 11:00,11:00,15,0,0,CENTER AVENUE EAST & DAYTON STREET SOUTH,1,1,0,0,1,4,,0,30,0,0,0,0,0,4,2,13
,2019-14147,39.71119442,-104.8936188,7/26/2019 21:06,21:06,12,0,1,ALAMEDA AVENUE EAST 8100 BLOCK & FAIRMOUNT DRIVE EAST,1,3,0,0,1,4,,0,40,0,0,0,0,1,4,3,1
,2019-14148,39.71119536,-104.894152,8/29/2019 15:39,15:39,12,0,0,ALAMEDA AVENUE 8100 BLOCK EAST & FAIRMOUNT DRIVE SOUTH,1,1,0,0,1,3,,0,40,0,0,0,0,0,4,3,3
,2019-14149,39.71134654,-104.8929613,11/29/2019 13:17,13:17,15,0,0,ALAMEDA AVENUE 8100 BLOCK EAST & FAIRMOUNT DRIVE EAST,10,1,1,0,1,4,,0,35,0,0,0,0,0,4,2,14
,2019-14150,39.71117675,-104.9269784,11/10/2019 11:27,11:27,15,0,1,ALAMEDA AVENUE EAST & FOREST AVENUE SOUTH,1,1,0,0,1,4,,0,35,0,0,0,0,1,4,2,1
,2019-14151,39.71117776,-104.9251567,4/8/2019 7:35,7:35,15,0,0,ALAMEDA AVENUE EAST & GRAPE STREET SOUTH / 5300 BLOCK EAST,1,1,0,0,1,4,,0,35,0,0,0,0,0,4,2,1
,2019-14152,39.71149646,-104.9427388,8/8/2019 13:40,13:40,12,0,0,ALAMEDA AVENUE 3700 BLOCK EAST & JACKSON STREET SOUTH,1,1,0,0,1,4,,0,,0,0,0,0,0,4,2,13
,2019-14153,39.71136147,-104.936829,1/17/2019 12:32,12:32,9,0,0,ALAMEDA AVENUE 4000 EAST & LEETSDALE DRIVE,1,1,0,0,1,4,,0,,0,0,0,0,0,4,2,13
,2019-14154,39.66533146,-105.0260563,1/30/2019 9:30,9:30,6,0,0,AMHERST AVENUE EAST & FEDERAL BOULEVARD SOUTH / 2900 BLOCK EAST,5,1,1,0,1,4,,0,,0,0,0,0,0,4,2,14
,2019-14155,39.71474088,-104.9830736,9/5/2019 17:18,17:18,6,0,0,BAYAUD AVENUE EAST & LOGAN STREET SOUTH,1,1,0,0,1,4,,0,25,0,0,0,0,0,4,2,1
,2019-14156,39.71134361,-104.9034901,2/25/2019 11:38,11:38,12,0,0,ALAMEDA AVENUE 7200 BLOCK & QUEBEC STREET SOUTH,1,1,0,0,1,4,,0,35,0,0,0,0,0,4,2,5
,2019-14157,39.71123177,-104.9036735,3/15/2019 17:38,17:38,12,0,0,ALAMEDA AVENUE EAST 7200 BLOCK & QUEBEC STREET SOUTH,1,1,0,0,1,3,,0,35,0,0,0,0,0,4,2,1
,2019-14158,39.71122934,-104.9037729,11/17/2019 14:00,14:00,15,0,0,ALAMEDA AVENUE EAST & QUEBEC STREET SOUTH,1,1,0,0,1,4,,0,35,0,0,0,0,0,4,2,7
,2019-14159,39.71115307,-104.9592879,2/26/2019 11:19,11:19,12,0,0,ALAMEDA AVENUE EAST & UNIVERSITY BOULEVARD SOUTH,1,1,1,0,1,1,,0,25,0,0,0,0,0,4,2,14
,2019-14160,39.71111497,-104.963229,4/24/2019 7:32,7:32,12,0,0,ALAMEDA AVENUE EAST 2000 BLOCK & VINE STREET SOUTH,1,1,0,0,1,4,,0,30,0,0,0,0,0,4,3,13
,2019-14161,39.77938017,-104.8398852,5/16/2019 15:50,15:50,15,0,0,ALBROOK DRIVE EAST & CROWN BOULEVARD NORTH,1,1,0,0,1,3,,0,25,0,0,0,0,0,4,2,1
,2019-14162,39.77504186,-104.8098979,9/11/2019 7:06,7:06,12,0,0,ANDREWS 15200 BLOCK EAST & CHAMBERS ROAD NORTH,1,1,0,0,1,3,,0,25,0,0,0,0,0,4,2,3
,2019-14163,39.69458138,-104.9289298,12/3/2019 18:45,18:45,6,0,0,ARIZONA AVENUE EAST & ELM STREET SOUTH,6,3,0,0,1,2,,0,25,0,0,0,0,0,4,2,5
,2019-14164,39.69491794,-105.0272137,11/28/2019 20:57,20:57,6,0,0,ARIZONA AVENUE & FEDERAL BOULEVARD SOUTH,5,3,0,2,1,4,,0,,0,0,0,0,0,4,2,13
,2019-14165,39.68039887,-104.9271958,7/16/2019 16:54,16:54,6,0,0,ASBURY AVENUE EAST & GLENCOE STREET SOUTH,1,1,0,0,1,4,,0,25,0,0,0,0,0,4,2,14
,2019-14166,39.66331806,-105.0679309,5/24/2019 7:20,7:20,6,0,0,BROWN PLACE 6400 BLOCK WEST & LAMAR STREET SOUTH,1,1,0,0,1,4,,0,,0,0,0,0,0,4,2,13
,2019-14167,39.76445862,-104.941122,4/24/2019 15:45,15:45,10,0,0,BRUCE RANDOLPH AVENUE EAST & COLORADO BOULEVARD NORTH,1,1,0,0,1,2,,0,30,0,0,0,0,0,4,2,1
,2019-14168,39.76449209,-104.9601241,3/29/2019 17:50,17:50,12,0,0,BRUCE RANDOLPH AVENUE EAST & YORK STREET NORTH,2,2,0,1,1,5,,0,30,0,0,0,0,0,4,2,5
,2019-14169,39.7656402,-105.0190418,1/25/2019 20:00,20:00,6,0,0,BRYANT STREET NORTH & 35TH AVENUE WEST,4,3,0,0,1,4,,0,,0,0,0,0,0,4,2,13
,2019-14170,39.68738595,-104.9698995,8/16/2019 23:00,23:00,12,0,1,BUCHTEL BOULEVARD EAST & HUMBOLT STREET SOUTH,1,3,0,0,1,4,,0,55,0,0,0,0,2,4,2,13
,2019-14171,39.693078,-104.9780934,11/27/2019 12:51,12:51,15,0,0,BUCHTEL BOULEVARD NORTH 800 BLOCK EAST & LOUISIANA AVENUE EAST,12,1,0,0,1,4,,0,30,0,0,0,0,0,4,2,13
,2019-14172,39.67716307,-104.9508295,2/13/2019 14:40,14:40,12,0,2,BUTCHEL BOULEVARD 3000 BLOCK & STREET PAUL STREET SOUTH,1,1,0,0,1,3,,0,35,0,0,0,0,1,4,3,1
,2019-14173,39.71296598,-104.98552,9/6/2019 5:00,5:00,12,0,0,CEDAR AVENUE 100 BLOCK EAST & SHERMAN STREET SOUTH,1,1,0,0,1,4,,0,25,0,0,0,0,0,4,3,13