id,drcog_id,latitude,longitude,crashtime,time,crashtype,numbkilled,numbinjurd,drcoglocat,rdconditin,lightngcon,roadcntgrd,weatherco,location,roaddescrp,schoolzone,constrzone,splimit,bikeinv,sctrinv,pedinv,motoinv,svrty,rdsystem,ttlvehcls,hcf
,2019-14174,39.76732042,-104.8906871,7/16/2019 11:25,11:25,12,0,0,CENTRAL PARK BOULEVARD NORTH & 36TH AVENUE EAST,1,1,0,0,1,4,,0,35,0,0,0,0,0,4,2,7
,2019-14175,39.75576723,-104.9819837,8/22/2019 4:48,4:48,6,0,0,CHAMPA STREET & 26TH STREET,1,1,0,0,1,4,,0,30,0,0,0,0,0,4,2,13
,2019-14176,39.74833262,-104.9915984,7/16/2019 15:15,15:15,15,0,0,CHAMPA STREET & 18TH STREET,1,1,0,0,1,4,,0,,0,0,0,0,0,4,2,13
,2019-14177,39.71164296,-104.9472277,3/11/2019 18:28,18:28,15,0,0,CHERRY CREEK NORTH DRIVE EAST & ALAMEDA AVENUE EAST,1,1,1,0,1,4,,0,30,0,0,0,0,0,4,2,13
,2019-14178,39.71208736,-104.9493236,6/9/2019 14:00,14:00,12,0,0,CHERRY CREEK DRIVE NORTH EAST & JACKSON STREET SOUTH,1,1,0,0,1,4,,0,,0,0,0,0,0,4,2,13
,2019-14179,39.70022649,-104.9276556,9/23/2019 0:00,0:00,12,0,0,CHERRY CREEK DRIVE SOUTH 5000 BLOCK EAST & KENTUCKY AVENUE EAST,1,1,0,0,1,4,,0,30,0,0,0,0,0,4,2,3
,2019-14180,39.7500577,-105.0049906,2/1/2019 22:53,22:53,15,0,0,CHOPPER CIRCLE & SPEER BOULEVARD NORTH,1,3,0,0,1,4,,0,15,0,0,0,0,0,4,2,13
,2019-14181,39.7907961,-105.0568224,6/7/2019 21:31,21:31,6,0,0,CLEAR CREEK DRIVE 5500 BLOCK WEST & CHASE STREET NORTH,1,3,0,0,1,4,,0,25,0,0,0,0,0,4,2,12
,2019-14182,39.66854473,-105.0230792,3/15/2019 8:14,8:14,12,0,0,COLLEGE AVENUE WEST 2800 BLOCK & DECATUR STREET SOUTH,1,1,0,0,1,2,,0,25,0,0,0,0,0,4,2,13
,2019-14183,39.75095619,-104.9899941,1/10/2019 10:40,10:40,12,0,1,CURTIS STREET & 20TH STREET,1,1,0,0,1,4,,0,30,0,0,0,0,1,4,2,8
,2019-14184,39.70944032,-105.0275376,4/24/2019 14:23,14:23,10,0,0,DAKOTA AVENUE WEST & HAZEL COURT SOUTH,1,1,0,0,1,4,,0,25,0,0,0,0,0,4,2,3
,2019-14185,39.70944421,-105.0341408,5/4/2019 14:45,14:45,6,0,0,DAKOTA AVENUE 3500 BLOCK WEST & KNOX COURT SOUTH,1,1,0,0,1,4,,0,30,0,0,0,0,0,4,2,13
,2019-14186,39.65736978,-105.0480761,1/29/2019 15:56,15:56,5,0,0,DARTMOUTH AVENUE WEST & WOLFF STREET SOUTH,2,2,1,0,3,1,,0,,0,0,0,0,0,4,1,13
,2019-14187,39.65669901,-105.0497402,5/9/2019 14:06,14:06,3,0,0,DARTMOUTH AVENUE WEST 5100 BLOCK & ZENOBIA STREET SOUTH,1,1,0,0,1,2,,0,25,0,0,0,0,0,4,2,13
,2019-14188,39.78021057,-104.8298557,10/22/2019 14:00,14:00,6,0,0,ELK PLACE EAST & CRYSTAL STREET NORTH,1,1,0,0,1,3,,0,25,0,0,0,0,0,4,2,7
,2019-14189,39.71653247,-104.9735677,4/29/2019 11:10,11:10,6,0,0,ELLSWORTH AVENUE EAST & DOWNING STREET NORTH,1,1,0,0,1,4,,0,25,0,0,0,0,0,4,2,13
,2019-14190,39.71653296,-104.9739943,12/13/2019 15:22,15:22,6,0,0,ELLSWORTH AVENUE EAST & DOWNING STREET NORTH,1,5,0,0,1,4,,0,25,0,0,0,0,0,4,2,8
,2019-14191,39.67844378,-104.9410981,7/24/2019 6:43,6:43,3,0,0,EVANS AVENUE EAST & COLORADO BOULEVARD SOUTH,1,1,0,0,1,2,,0,35,0,0,0,0,0,4,2,13
,2019-14192,39.67838094,-104.956515,6/4/2019 11:59,11:59,15,0,0,EVANS AVENUE EAST & COLUMBINE STREET SOUTH,1,1,0,0,1,3,,0,30,0,0,0,0,0,4,2,1
,2019-14193,39.67846281,-104.9319673,1/23/2019 9:31,9:31,3,0,0,EVANS AVENUE 4600 EAST & DAHLIA STREET SOUTH,1,1,0,0,1,2,,0,35,0,0,0,0,0,4,2,13
,2019-14194,39.67846268,-104.9320384,7/23/2019 7:04,7:04,12,0,0,EVANS AVENUE 4500 BLOCK EAST & DAHLIA STREET SOUTH,1,1,0,0,1,4,,0,30,0,0,0,0,0,4,2,3
,2019-14195,39.67840131,-104.9327397,9/17/2019 13:25,13:25,12,0,0,EVANS AVENUE 4600 BLOCK EAST & DAHLIA STREET SOUTH,1,1,0,0,1,3,,0,35,0,0,0,0,0,4,3,12
,2019-14196,39.6785148,-104.9737592,4/28/2019 12:01,12:01,12,0,0,EVANS AVENUE EAST & DOWNING STREET SOUTH / 1000 BLOCK EAST,1,1,0,0,1,4,,0,30,0,0,0,0,0,4,2,3
,2019-14197,39.67851398,-104.9736171,5/13/2019 8:11,8:11,12,0,0,EVANS AVENUE EAST & DOWNING STREET SOUTH / 1100 BLOCK EAST,1,1,0,0,1,3,,0,35,0,0,0,0,0,4,2,2
,2019-14198,39.67848888,-104.9675698,9/18/2019 20:54,20:54,15,0,0,EVANS AVENUE EAST & GILPIN STREET SOUTH,1,3,0,0,1,4,,0,,0,0,0,0,0,4,2,13
,2019-14199,39.67846991,-104.9255458,1/18/2019 12:53,12:53,12,0,0,EVANS AVENUE EAST & GRAPE STREET SOUTH,2,1,0,0,1,4,,0,35,0,0,0,0,0,4,2,13
,2019-14200,39.67846973,-104.9257235,1/30/2019 15:30,15:30,12,0,0,EVANS AVENUE EAST & GRAPE STREET SOUTH,1,1,0,0,1,3,,0,35,0,0,0,0,0,4,2,13
,2019-14202,39.67846882,-104.9266117,3/8/2019 12:10,12:10,3,0,0,EVANS AVENUE 5100 BLOCK EAST & GRAPE STREET SOUTH,1,1,0,0,1,2,,0,40,0,0,0,0,0,4,2,13
,2019-14203,39.67846955,-104.9259011,3/14/2019 12:45,12:45,1,0,1,EVANS AVENUE EAST & GRAPE STREET SOUTH,2,1,0,0,1,2,,0,,0,0,0,0,1,4,2,3
,2019-14204,39.67846918,-104.9262564,5/3/2019 12:44,12:44,3,0,0,EVANS AVENUE 5000 BLOCK EAST & GRAPE STREET SOUTH,1,1,0,0,1,2,,0,35,0,0,0,0,0,4,2,13
,2019-14205,39.67846991,-104.9255458,5/28/2019 16:51,16:51,15,0,0,EVANS AVENUE EAST & GRAPE STREET SOUTH,1,1,0,0,1,3,,0,35,0,0,0,0,0,4,2,13
,2019-14206,39.67846918,-104.9262564,5/30/2019 9:09,9:09,12,0,0,EVANS AVENUE EAST & GRAPE STREET SOUTH / 5100 BLOCK EAST,1,1,0,0,1,4,,0,35,0,0,0,0,0,4,2,13
,2019-14207,39.67846955,-104.9259011,7/10/2019 8:46,8:46,12,0,0,EVANS AVENUE EAST 5200 BLOCK & GRAPE STREET SOUTH,1,1,0,0,1,4,,0,40,0,0,0,0,0,4,2,13
,2019-14208,39.67846809,-104.9273222,8/19/2019 8:45,8:45,12,0,0,EVANS AVENUE 5000 BLOCK EAST & GRAPE STREET SOUTH,1,1,0,0,1,4,,0,35,0,0,0,0,0,4,2,3
,2019-14209,39.67846991,-104.9255458,9/13/2019 8:53,8:53,12,0,0,EVANS AVENUE 5000 BLOCK EAST & GRAPE STREET SOUTH,1,1,0,0,1,4,,0,35,0,0,0,0,0,4,2,13
,2019-14210,39.67847288,-104.9226913,6/28/2019 5:30,5:30,12,0,0,EVANS AVENUE EAST & HOLLY STREET SOUTH,1,2,0,0,1,2,,0,35,0,0,0,0,0,4,2,1
,2019-14211,39.678453,-104.9222662,10/27/2019 12:43,12:43,3,0,0,EVANS AVENUE EAST & HOLLY STREET SOUTH,2,1,0,2,1,3,,0,35,0,0,0,0,0,4,3,14
,2019-14212,39.67818267,-105.0298059,10/27/2019 11:36,11:36,12,0,0,EVANS AVENUE WEST & IRVING STREET SOUTH,2,1,0,2,1,4,,0,25,0,0,0,0,0,4,2,13
,2019-14213,39.67851665,-105.0017855,6/19/2019 6:26,6:26,12,0,0,EVANS AVENUE WEST 1200 BLOCK & LIPAN STREET SOUTH,1,1,1,0,1,4,,0,35,0,0,0,0,0,4,2,1
,2019-14214,39.6784566,-104.9189691,4/7/2019 11:54,11:54,15,0,0,EVANS AVENUE EAST & JASMINE STREET SOUTH,1,1,1,0,1,4,,0,35,0,0,0,0,0,4,2,13
,2019-14215,39.67846159,-104.9166626,6/14/2019 7:53,7:53,3,0,0,EVANS AVENUE 6200 BLOCK EAST & LEYDEN STREET SOUTH,1,1,0,0,1,2,,0,,0,0,0,0,0,4,2,13
,2019-14216,39.67851665,-105.0017855,6/15/2019 12:22,12:22,1,0,0,EVANS AVENUE 1200 BLOCK WEST & LIPAN STREET SOUTH,1,1,1,0,1,2,,0,35,0,0,0,0,0,4,2,13
,2019-14217,39.67853283,-105.0024683,9/26/2019 8:41,8:41,15,0,0,EVANS AVENUE 1300 BLOCK WEST & LIPAN STREET SOUTH,1,1,0,0,1,4,,0,30,0,0,0,0,0,4,2,1
,2019-14218,39.67856474,-104.9828856,10/15/2019 8:07,8:07,15,0,0,EVANS AVENUE EAST & LOGAN STREET SOUTH,1,1,1,0,1,3,,1,35,0,0,0,1,0,4,2,13
,2019-14219,39.67846239,-104.9132473,1/22/2019 14:13,14:13,12,0,0,EVANS AVENUE EAST 6300 BLOCK & MONACO STREET SOUTH,2,1,1,0,1,4,,0,35,0,0,0,0,0,4,2,13
,2019-14220,39.67846246,-104.9134249,5/6/2019 9:05,9:05,1,0,2,EVANS AVENUE 6300 BLOCK EAST & MONACO STREET SOUTH,1,1,0,0,1,2,,0,35,0,0,0,0,1,4,2,13
,2019-14221,39.67846234,-104.9131051,5/13/2019 7:14,7:14,12,0,0,EVANS AVENUE EAST 6400 BLOCK & MONACO STREET SOUTH,1,1,0,0,1,4,,0,35,0,0,0,0,0,4,3,13
,2019-14222,39.67846246,-104.9134249,6/12/2019 13:08,13:08,15,0,0,EVANS AVENUE 6300 BLOCK EAST & MONACO STREET SOUTH,1,1,0,0,1,4,,0,40,0,0,0,0,0,4,3,13
,2019-14223,39.6784623,-104.9129808,9/3/2019 10:45,10:45,12,0,0,EVANS AVENUE 6300 BLOCK EAST & MONACO STREET SOUTH,1,1,1,0,1,4,,0,35,0,0,0,0,0,4,2,13
,2019-14224,39.67868297,-105.0158585,10/11/2019 17:55,17:55,12,0,0,EVANS AVENUE WEST & ZUNI STREET SOUTH,1,1,0,0,1,3,,0,30,0,0,0,0,0,4,2,3
,2019-14225,39.73525405,-104.9891761,2/5/2019 13:40,13:40,6,0,0,12TH AVENUE 100 BLOCK EAST & ACOMCA STREET NORTH,1,1,0,0,1,4,,0,25,0,0,0,0,0,4,2,13
,2019-14226,39.6784187,-104.9451,9/22/2019 2:38,2:38,12,0,0,EVANS AVENUE EAST & MONROE STREET SOUTH,1,3,0,0,1,1,,0,30,0,0,0,0,0,4,2,12
,2019-14227,39.67852724,-104.9759391,6/12/2019 17:25,17:25,12,0,1,EVANS AVENUE 900 BLOCK EAST & OGDEN STREET SOUTH,1,1,0,0,1,4,,0,35,0,0,0,0,2,4,3,1
,2019-14228,39.67928341,-105.0386292,4/25/2019 22:29,22:29,12,0,0,EVANS AVENUE WEST & PATTON COURT SOUTH,1,3,0,0,1,3,,0,25,0,0,0,0,0,4,2,13
,2019-14229,39.67856965,-104.9805708,6/11/2019 11:16,11:16,12,0,0,EVANS AVENUE 500 BLOCK EAST & PEARL STREET SOUTH,1,1,0,0,1,3,,0,35,0,0,0,0,0,4,2,13
,2019-14230,39.67850985,-104.964072,8/24/2019 14:01,14:01,15,0,0,EVANS AVENUE EAST & RACE STREET SOUTH,1,1,0,0,1,4,,0,30,0,0,0,1,0,4,2,1
,2019-14231,39.67856088,-104.985224,10/14/2019 16:41,16:41,12,0,0,EVANS AVENUE 000 BLOCK EAST & SHERMAN STREET SOUTH,1,1,1,0,1,4,,0,35,0,0,0,0,0,4,4,12
,2019-14232,39.68951537,-105.0468613,2/8/2019 8:00,8:00,12,0,0,FLORIDA AVENUE WEST & VRAIN STREET SOUTH,5,1,0,0,1,4,,0,20,0,0,0,0,0,4,2,7
,2019-14233,39.67838098,-104.9508283,6/21/2019 13:57,13:57,12,0,0,EVANS AVENUE EAST & STREET PAUL STREET SOUTH,2,1,0,1,1,3,,0,30,0,0,0,0,0,4,3,13
,2019-14234,39.67952266,-105.0444296,6/1/2019 10:13,10:13,12,0,0,EVANS AVENUE WEST 4000 BLOCK & TENNYSON STREET SOUTH,1,1,0,0,1,4,,0,30,0,0,0,0,0,4,2,13
,2019-14235,39.67868241,-105.0159651,7/23/2019 16:46,16:46,12,0,1,EVANS AVENUE WEST & ZUNI STREET SOUTH,1,1,0,0,1,4,,0,35,0,0,0,0,1,4,2,3
,2019-14236,39.70386362,-104.9770381,7/2/2019 23:05,23:05,6,0,0,EXPOSITION AVENUE EAST & EMERSON STREET SOUTH,1,3,0,0,1,4,,0,25,0,0,0,0,0,4,2,14
,2019-14238,39.68948765,-105.0254368,1/11/2019 15:33,15:33,3,0,0,FLORIDA AVENUE WEST & FEDERAL BOULEVARD SOUTH,2,1,0,1,1,2,,0,25,0,0,0,0,0,4,2,1
,2019-14239,39.68948499,-105.0257211,2/26/2019 7:40,7:40,15,0,0,FLORIDA AVENUE 3100 BLOCK WEST & FEDERAL BOULEVARD SOUTH,1,1,0,0,1,4,,0,30,0,0,0,0,0,4,2,13
,2019-14240,39.68948699,-105.0255079,9/22/2019 13:42,13:42,12,0,0,FLORIDA AVENUE 3000 BLOCK WEST & FEDERAL BOULEVARD SOUTH,1,1,0,0,1,4,,0,30,0,0,0,0,0,4,2,7
,2019-14241,39.68948898,-105.0252947,9/23/2019 8:42,8:42,12,0,0,FLORIDA AVENUE 3000 BLOCK WEST & FEDERAL BOULEVARD SOUTH,1,1,0,0,1,4,,0,30,0,0,0,0,0,4,2,13
,2019-14242,39.68948799,-105.0254013,12/11/2019 9:15,9:15,14,0,0,FLORIDA AVENUE 3000 BLOCK WEST & FEDERAL BOULEVARD SOUTH,1,1,0,0,1,2,,0,30,0,0,0,0,0,4,2,13
,2019-14243,39.68944176,-105.0348937,3/20/2019 7:25,7:25,12,0,0,FLORIDA AVENUE WEST 3600 BLOCK & LOWELL BOULEVARD SOUTH,1,1,0,0,1,4,,0,30,0,0,0,0,0,4,2,3
,2019-14244,39.68946913,-105.0366958,10/1/2019 8:07,8:07,12,0,3,FLORIDA AVENUE WEST & NEWTON STREET SOUTH,2,1,0,1,1,1,,0,35,0,0,0,0,1,4,2,3
,2019-14245,39.68925635,-105.0005037,2/25/2019 7:18,7:18,12,0,0,FLORIDA AVENUE WEST 1000 BLOCK & PLATTE RIVER DRIVE SOUTH,1,1,1,0,1,4,,0,30,0,0,0,0,0,4,2,13
,2019-14246,39.65432187,-104.8772751,1/26/2019 13:20,13:20,15,0,0,GIRARD AVENUE 9600 EAST & DALLAS COURT SOUTH,1,1,0,0,1,4,,0,25,0,0,0,0,0,4,3,3
,2019-14247,39.65488389,-104.9284001,9/20/2019 11:19,11:19,5,0,1,GIRARD AVENUE EAST & FAIRFAX STREET SOUTH,1,1,0,0,1,4,,0,25,0,0,0,0,1,4,2,14
,2019-14248,39.74489039,-104.9893468,6/27/2019 15:54,15:54,5,0,0,GLENARM PLACE & 17TH STREET,1,1,0,0,2,4,,0,25,0,0,0,0,0,4,1,13
,2019-14249,39.71834086,-104.9843048,8/7/2019 8:17,8:17,3,0,0,GRANT STREET NORTH & FIRST AVENUE EAST,1,1,0,0,1,5,,0,25,0,0,0,0,0,4,2,13
,2019-14250,39.78364247,-104.7915695,9/5/2019 14:25,14:25,1,0,0,GREEN VALLEY RANCH BOULEVARD 16000 BLOCK EAST & PENA BOULEVARD,1,1,0,0,1,3,,0,45,0,0,0,0,0,4,2,8
,2019-14251,39.78362778,-104.77848,1/8/2019 7:26,7:26,12,0,0,GREEN VALLEY RANCH BOULEVARD EAST & WALDEN STREET NORTH / 18100 BLOCK EAST,1,1,0,0,1,3,,0,40,0,0,0,0,0,4,3,3
,2019-14252,39.65175046,-105.0533388,1/3/2019 10:43,10:43,15,0,0,HAMPDEN AVENUE SERVICE ROAD  & SHERIDAN BOULEVARD SOUTH,5,1,0,0,1,4,,0,30,0,0,0,0,0,4,2,7
,2019-14253,39.67318679,-105.0428071,9/16/2019 15:14,15:14,12,0,0,HARVARD AVENUE WEST & STUART STREET SOUTH,1,1,0,0,1,4,,0,25,0,0,0,0,0,4,2,3
,2019-14254,39.73567218,-105.0235147,5/7/2019 20:00,20:00,6,0,0,HOLDEN PLACE WEST & DECATUR STREET NORTH,1,1,0,1,1,4,,0,25,0,0,0,0,0,4,2,13
,2019-14255,39.67484256,-104.9570168,1/23/2019 9:00,9:00,3,0,0,ILIFF AVENUE 2400 BLOCK EAST & COLUMBINE STREET,1,1,0,0,1,5,,0,15,0,0,0,0,0,4,2,13
,2019-14256,39.67474995,-104.8711283,8/2/2019 11:23,11:23,12,0,0,ILIFF AVENUE EAST & PARKER ROAD SOUTH,1,1,0,0,1,4,,0,45,0,0,0,0,0,4,2,13
,2019-14257,39.74000585,-104.9753259,1/16/2019 8:49,8:49,5,0,0,OGDEN STREET 1000 NORTH & CORONA STREET NORTH,1,1,0,0,1,5,,0,25,0,0,0,0,0,4,1,14
,2019-14259,39.68753459,-104.9129717,10/12/2019 16:04,16:04,6,0,0,IOWA AVENUE EAST & MONACO STREET SOUTH,1,1,0,0,1,3,,0,25,0,0,0,0,0,4,2,1
,2019-14260,39.68682805,-104.8989576,3/4/2019 1:27,1:27,6,0,0,IOWA AVENUE 7600 BLOCK EAST & SYRACUSE STREET SOUTH,4,4,0,0,1,4,,0,25,0,0,0,0,0,4,2,5
,2019-14261,39.68226996,-105.0251565,3/29/2019 12:31,12:31,12,0,0,JEWELL AVENUE 3000 BLOCK WEST & FEDERAL BOULEVARD SOUTH,1,1,0,0,1,4,,0,30,0,0,0,1,0,4,2,1
,2019-14262,39.68217796,-105.0019543,4/10/2019 6:35,6:35,12,0,0,JEWELL AVENUE WEST 1000 BLOCK & PLATTE RIVER DRIVE SOUTH,2,2,1,1,1,3,,0,30,0,0,0,0,0,4,2,3
,2019-14263,39.68228994,-105.0538416,1/8/2019 7:46,7:46,12,0,0,JEWELL AVENUE WEST 5200 BLOCK & SHERIDAN BOULEVARD SOUTH,1,1,0,0,1,4,,0,35,0,0,0,0,0,4,2,13
,2019-14264,39.68228888,-105.0103165,6/17/2019 12:25,12:25,5,0,0,JEWELL AVENUE 1900 BLOCK WEST & SHOSHONE STREET SOUTH,1,1,0,0,1,4,,0,30,0,0,0,0,0,4,1,13
,2019-14265,39.70040411,-105.0252325,7/24/2019 20:39,20:39,3,0,0,KENTUCKY AVENUE WEST ALLEY & FEDERAL BOULEVARD SOUTH,1,3,0,0,1,5,,0,10,0,0,0,0,0,4,2,13
,2019-14266,39.63015419,-105.0824461,8/8/2019 15:48,15:48,1,0,0,LAYTON AVENUE WEST & WADSWORTH BOULEVARD SOUTH,1,1,0,0,1,2,,0,30,0,0,0,0,0,4,2,1
,2019-14267,39.73515302,-104.9802436,9/24/2019 16:06,16:06,6,0,0,PEARL STREET NORTH & 12TH AVENUE EAST,1,1,0,0,1,4,,0,30,0,0,0,0,0,4,2,13
,2019-14268,39.69300382,-104.9807969,3/20/2019 10:57,10:57,12,0,0,LOUISIANA AVENUE EAST 500 BLOCK & PEARL STREET SOUTH,1,1,0,0,1,4,,0,25,0,0,0,0,0,4,2,13
,2019-14269,39.69300005,-104.9798045,11/11/2019 10:49,10:49,3,0,0,LOUISIANA AVENUE EAST & WASHINGTON STREET SOUTH,2,1,0,0,1,5,,0,30,0,0,0,0,0,4,2,13
,2019-14270,39.64476597,-104.8851604,8/29/2019 20:20,20:20,12,0,0,MANSFIELD AVENUE EAST & YOSEMITE STREET SOUTH,1,3,0,0,1,3,,0,25,0,0,0,0,0,4,2,5
,2019-14271,39.74888752,-104.9995547,6/16/2019 18:30,18:30,6,0,0,MARKET STREET LARIMER 1400 BLOCK & 15TH STREET,1,1,0,0,1,5,,0,,0,0,0,0,0,4,2,13
,2019-14272,39.79480478,-104.8136538,10/7/2019 19:39,19:39,5,0,0,MAXWELL PLACE EAST & ALTURA STREET NORTH,1,3,0,0,1,4,,0,25,0,0,0,0,0,4,1,13
,2019-14273,39.79479158,-104.8099959,3/31/2019 12:00,12:00,3,0,0,MAXWELL PLACE EAST & CHAMBERS ROAD NORTH,1,1,0,0,1,3,,0,40,0,0,0,0,0,4,2,7
,2019-14274,39.79479904,-104.8126487,7/18/2019 22:14,22:14,6,0,1,MAXWELL PLACE EAST & FAIRPLAY STREET NORTH,1,3,0,0,1,4,,0,25,0,0,0,0,1,4,3,10
,2019-14275,39.73828957,-104.9328919,10/20/2019 20:56,20:56,6,0,0,14TH AVENUE EAST & DEXTER STREET NORTH,1,3,0,0,1,4,,0,30,0,0,0,0,0,4,2,1
,2019-14276,39.68586709,-104.9193082,1/18/2019 17:15,17:15,15,0,1,MEXICO AVENUE 5765 EAST & IVY STREET SOUTH,5,3,0,0,1,4,,0,25,0,0,0,0,1,4,2,1
,2019-14277,39.65734455,-104.9099332,4/23/2019 8:09,8:09,12,0,0,MILK BOULEVARD EAST & NEWPORT STREET NORTH / 6700 BLOCK EAST,1,1,0,0,1,4,,0,35,0,0,0,0,0,4,3,3
,2019-14278,39.76049844,-104.9002199,2/14/2019 18:00,18:00,12,0,0,MILK BOULEVARD EAST & ROSLYN STREET NORTH,1,2,0,0,1,4,,0,,0,0,0,0,0,4,2,13
,2019-14279,39.69674777,-105.0252504,4/5/2019 14:44,14:44,3,0,0,MISSISSIPPI AVENUE 3000 BLOCK WEST & FEDERAL BOULEVARD SOUTH,1,1,0,0,1,2,,0,30,0,0,0,0,0,4,2,13
,2019-14280,39.69662208,-104.9843337,3/27/2019 15:12,15:12,15,0,0,MISSISSIPPI AVENUE 200 BLOCK EAST & GRANT STREET SOUTH,1,1,0,0,1,4,,0,25,0,0,0,0,0,4,2,13
,2019-14281,39.6966988,-105.0000185,8/25/2019 13:46,13:46,12,0,0,MISSISSIPPI AVENUE WEST & JASON STREET SOUTH,1,1,0,0,1,4,,0,30,0,0,0,0,0,4,2,13
,2019-14282,39.69658325,-104.9583212,2/7/2019 8:42,8:42,8,0,0,MISSISSIPPI AVENUE EAST & JOSEPHINE STREET SOUTH / 2300 BLOCK EAST,4,1,0,0,1,4,,0,30,0,0,0,0,0,4,2,14
,2019-14283,39.69710611,-105.0357159,11/7/2019 17:19,17:19,15,0,0,MISSISSIPPI AVENUE WEST & MEADE STREET SOUTH,1,2,0,0,1,3,,0,25,0,0,0,0,0,4,2,13
,2019-14284,39.69673036,-105.0090749,7/21/2019 16:15,16:15,5,0,0,MISSISSIPPI AVENUE WEST 1800 BLOCK & RARITAN STREET SOUTH,1,1,0,0,3,8,,0,40,0,0,0,0,0,4,1,14
,2019-14285,39.69674459,-105.0452547,7/28/2019 1:48,1:48,6,0,0,MISSISSIPPI AVENUE WEST & UTICA STREET NORTH,1,4,0,0,1,4,,0,25,0,0,0,0,0,4,2,13
,2019-14286,39.76018652,-104.8993411,11/20/2019 18:25,18:25,15,0,0,MLK BOULEVARD 7500 BLOCK EAST & SYRACUSE STREET SOUTH,2,3,0,1,1,4,,0,35,0,0,0,0,0,4,2,14
,2019-14287,39.6487258,-104.9131,10/25/2019 16:18,16:18,12,0,0,MONACO STREET SOUTH & MAGNOLIA WAY SOUTH,1,1,0,0,1,3,,0,35,0,0,0,0,0,4,2,13
,2019-14288,39.74743766,-104.9034478,4/13/2019 12:55,12:55,12,0,0,MONTVIEW BOULEVARD EAST & QUEBEC STREET NORTH / 7200 BLOCK EAST,1,1,0,0,1,3,,0,,0,0,0,0,0,4,3,13
,2019-14289,39.74744104,-104.8991267,10/4/2019 15:35,15:35,12,0,1,MONTVIEW BOULEVARD EAST & SYRACUSE STREET NORTH,1,1,0,0,1,4,,0,35,0,0,0,0,1,4,3,10
,2019-14290,39.67923666,-104.922323,5/15/2019 9:50,9:50,12,0,0,PACIFIC PLACE EAST & HOLLY STREET SOUTH / 5500 BLOCK EAST,1,1,0,0,1,3,,0,25,0,0,0,0,0,4,2,13
,2019-14291,39.75178005,-104.9838296,3/2/2019 14:15,14:15,12,0,1,PARK AVENUE WEST 700 BLOCK & CALIFORNIA STREET,1,1,0,0,1,4,,0,25,0,0,0,0,1,4,2,3
,2019-14292,39.76568657,-104.9955204,1/20/2019 0:00,0:00,12,0,1,PARK AVENUE WEST & GLOBEVILLE ROAD NORTH,1,3,0,0,1,4,,0,35,0,0,0,0,1,4,3,5
,2019-14293,39.7656863,-104.9955524,2/4/2019 7:46,7:46,12,0,0,PARK AVENUE WEST & GLOBEVILLE ROAD NORTH,1,1,0,0,1,3,,0,35,0,0,0,0,0,4,2,14
,2019-14294,39.67473169,-104.8718238,9/15/2019 13:15,13:15,12,0,0,ILIFF AVENUE 9900 BLOCK EAST & PARKER ROAD SOUTH,1,1,1,0,1,4,,0,40,0,0,0,0,0,4,2,5
,2019-14295,39.83346361,-104.6947124,10/6/2019 14:42,14:42,15,0,0,PENA BOULEVARD OUTBOUND 8000 BLOCK & JACKSON GAP STREET NORTH,1,1,0,0,1,4,,0,65,0,0,0,0,0,4,2,13
,2019-14296,39.83333992,-104.7722258,3/9/2019 11:43,11:43,9,0,0,PENA BOULEVARD INBOUND & TOWER ROAD NORTH / 7500 BLOCK,1,1,0,0,1,4,,0,45,0,0,0,0,0,4,1,1
,2019-14297,39.67302718,-104.9982563,3/21/2019 17:00,17:00,5,0,0,PLATTE RIVER DRIVE SOUTH & WESLEY AVENUE WEST,1,1,0,0,3,1,,0,30,0,0,0,0,0,4,1,14
,2019-14298,39.63857595,-105.035057,4/20/2019 12:00,12:00,3,0,0,QUINCY AVENUE WEST & LOWELL BOULEVARD SOUTH,1,1,1,0,1,2,,0,35,0,0,0,0,0,4,2,7
,2019-14299,39.63861689,-104.9094161,4/24/2019 14:32,14:32,15,0,0,QUINCY AVENUE 7000 BLOCK EAST & QUEBEC STREET SOUTH,1,1,1,0,1,4,,0,35,0,0,0,0,0,4,2,2
,2019-14300,39.76448071,-104.9578969,4/3/2019 7:51,7:51,14,0,1,RANDOLPH AVENUE 2400 BLOCK EAST & COLUMBINE STREET NORTH,1,1,1,0,1,5,,0,30,0,0,0,0,1,4,2,5
,2019-14301,39.70255629,-105.0087537,7/6/2019 4:00,4:00,6,0,0,RARITAN STREET SOUTH & OHIO AVENUE WEST,1,4,0,0,1,4,,0,25,0,0,0,0,0,4,2,14
,2019-14302,39.75699442,-105.0178119,7/2/2019 4:36,4:36,8,0,1,SPEER BOULEVARD NORTH & ALCOTT STREET NORTH,1,2,1,0,1,4,,0,35,0,0,0,0,1,4,2,5
,2019-14303,39.74834907,-105.0036681,2/11/2019 8:41,8:41,12,0,1,SPEER BOULEVARD NORTH & AURARIA PARKWAY,1,1,0,0,1,4,,0,35,0,0,0,0,1,4,2,14
,2019-14304,39.71834039,-104.9747692,1/19/2019 2:56,2:56,15,0,0,SPEER BOULEVARD 1000 BLOCK EAST & CORONA STREET NORTH,6,3,0,0,1,3,,0,35,0,0,0,0,0,4,3,13