id,drcog_id,latitude,longitude,crashtime,time,crashtype,numbkilled,numbinjurd,drcoglocat,rdconditin,lightngcon,roadcntgrd,weatherco,location,roaddescrp,schoolzone,constrzone,splimit,bikeinv,sctrinv,pedinv,motoinv,svrty,rdsystem,ttlvehcls,hcf
,2019-14305,39.71834062,-104.9746981,7/23/2019 9:37,9:37,12,0,0,SPEER BOULEVARD EAST & CORONA STREET NORTH,1,1,0,0,1,1,,0,30,0,0,0,0,0,4,2,3
,2019-14306,39.71834062,-104.9746981,10/8/2019 13:46,13:46,15,0,0,SPEER BOULEVARD EAST & CORONA STREET NORTH,1,1,0,0,1,4,,0,30,0,0,0,0,0,4,2,13
,2019-14307,39.83336006,-104.7721453,1/24/2019 9:24,9:24,5,0,0,TOWER 7600 NORTH & PENA BOULEVARD,10,1,1,2,2,1,,0,45,0,0,0,0,0,4,1,7
,2019-14308,39.75668073,-105.0178169,6/18/2019 7:40,7:40,12,0,0,SPEER BOULEVARD NORTH 2500 BLOCK & FIRTH COURT NORTH,1,1,1,0,1,4,,0,35,0,0,0,0,0,4,2,13
,2019-14309,39.75669735,-105.0169167,10/11/2019 8:15,8:15,12,0,0,SPEER BOULEVARD NORTH & FIRTH COURT NORTH,1,1,1,0,1,3,,0,35,0,0,0,0,0,4,2,13
,2019-14310,39.7226874,-104.982726,5/25/2019 20:05,20:05,15,0,0,SPEER BOULEVARD EAST & LOGAN STREET NORTH,1,3,0,0,1,3,,0,35,0,0,0,0,0,4,2,13
,2019-14311,39.77982841,-104.9335085,1/25/2019 15:29,15:29,10,0,0,STAPLETON DRIVE EAST & DAHLIA STREET NORTH,1,1,0,0,1,2,,0,35,0,0,0,0,0,4,2,1
,2019-14312,39.77799124,-104.9223643,7/23/2019 19:18,19:18,12,0,0,STAPLETON DRIVE SOUTH EAST & HOLLY STREET NORTH,1,2,0,0,1,3,,0,30,0,0,0,0,0,4,2,13
,2019-14313,39.74394597,-104.9955622,6/19/2019 19:17,19:17,12,0,0,STOUT STREET & 14TH STREET,1,1,1,0,1,2,,0,30,0,0,0,0,0,4,2,8
,2019-14314,39.74674384,-104.9918805,7/12/2019 7:35,7:35,12,0,0,STOUT STREET & 17TH STREET,1,1,0,0,1,3,,0,25,0,0,0,0,0,4,2,1
,2019-14315,39.74583308,-104.9931183,9/15/2019 8:17,8:17,15,0,0,STOUT STREET 1600 BLOCK & 17TH STREET,1,1,0,0,1,4,,0,25,0,0,0,0,0,4,2,13
,2019-14316,39.74675755,-104.9918618,11/1/2019 12:44,12:44,15,0,0,STOUT STREET & 17TH STREET,2,1,0,0,1,3,,0,30,0,0,0,0,0,4,2,13
,2019-14317,39.69852256,-105.021541,4/15/2019 1:14,1:14,6,0,0,TENNESSEE AVENUE WEST & DALE COURT SOUTH,1,4,0,0,1,3,,0,25,0,0,0,0,0,4,2,5
,2019-14318,39.69311935,-105.011854,7/14/2019 3:38,3:38,6,0,0,TEJON STREET SOUTH & LOUISIANA AVENUE WEST,1,3,0,0,1,4,,0,30,0,0,0,0,0,4,3,2
,2019-14319,39.63129745,-105.0907492,5/16/2019 19:03,19:03,3,0,1,UNION AVENUE WEST & BALSAM WAY SOUTH,1,1,0,0,1,2,,0,15,0,0,0,0,2,4,2,3
,2019-14320,39.66758951,-104.9593794,6/15/2019 14:40,14:40,12,0,0,UNIVERSITY BOULEVARD SOUTH & YALE AVENUE EAST,1,1,0,0,1,3,,0,30,0,0,0,0,0,4,2,13
,2019-14321,39.66940352,-104.9585811,7/18/2019 21:26,21:26,6,0,0,VASSAR AVENUE EAST & JOSEPHINE STREET SOUTH,1,3,0,0,1,4,,0,25,0,0,0,0,0,4,3,6
,2019-14322,39.70744994,-104.8670554,3/22/2019 10:59,10:59,3,0,0,VIRGINA AVENUE EAST & HAVANA AVENUE SOUTH,1,1,0,0,1,2,,0,25,0,0,0,0,0,4,2,13
,2019-14323,39.70748896,-104.9630467,9/21/2019 17:14,17:14,6,0,1,VIRGINIA AVENUE EAST & VINE STREET SOUTH,1,1,1,0,1,4,,0,25,0,0,0,0,1,4,2,3
,2019-14324,39.67304013,-104.9614485,1/8/2019 20:30,20:30,3,0,0,WESLEY AVE2200 BLOCK EAST & YORK STREET SOUTH,1,3,0,0,1,5,,0,25,0,0,0,0,0,4,2,13
,2019-14325,39.75022379,-105.0047784,7/12/2019 0:05,0:05,15,0,0,WEWATTA STREET & SPEER BOULEVARD NORTH,1,4,0,0,1,4,,0,25,0,0,0,0,0,4,2,8
,2019-14326,39.66759008,-104.917544,9/3/2019 16:17,16:17,12,0,0,YALE AVENUE 2600 BLOCK EAST & KEARNEY STREET SOUTH,1,1,0,0,1,4,,0,35,0,0,0,0,0,4,3,13
,2019-14327,39.66763521,-104.910932,8/15/2019 16:10,16:10,12,0,0,YALE AVENUE EAST & MAGNOLIA STREET SOUTH,1,1,0,0,1,4,,0,30,0,0,0,0,0,4,3,7
,2019-14328,39.66761792,-104.9134913,11/2/2019 13:25,13:25,12,0,0,YALE AVENUE 6400 BLOCK EAST & MONACO STREET SOUTH,1,1,0,0,1,3,,0,35,0,0,0,0,0,4,2,5
,2019-14329,39.66776228,-105.0742745,3/6/2019 16:14,16:14,3,0,0,YALE AVENUE 7100 BLOCK WEST & REED STREET SOUTH,1,1,0,0,1,2,,0,30,0,0,0,0,0,4,2,13
,2019-14330,39.66713016,-104.9498377,1/18/2019 22:47,22:47,5,0,0,YALE WAY 3100 EAST & STEELE STREET SOUTH,5,3,0,0,2,4,,0,30,0,0,0,0,0,4,1,13
,2019-14420,39.774005,-104.847034,9/23/2019 16:36,16:36,5,0,0,PEORIA STREET NORTH & I70 WB OFF RAMP,1,1,0,0,2,1,,0,35,0,0,0,0,0,1,1,13
,2019-14464,39.70941778,-105.0267109,3/11/2019 6:33,6:33,6,0,0,DAKOTA AVENUE 3100 BLOCK WEST & GROVE STREET SOUTH,1,3,0,0,1,4,,0,25,0,0,0,0,0,4,2,13
,2019-14477,39.78047818,-104.7421658,6/24/2019 3:27,3:27,5,0,0,MALAYA STREET NORTH & 46TH AVENUE EAST,1,3,0,0,2,4,,0,30,0,0,0,0,0,4,1,14
,2019-14490,39.72711872,-104.9588274,12/14/2019 1:30,1:30,5,0,0,SEVENTH AVENUE PARKWAY 2400 BLOCK EAST & JOSEPHINE STREET NORTH,1,3,0,0,1,4,,0,,0,0,0,0,0,4,1,13
,2019-14503,39.798297,-104.8917915,7/4/2019 22:22,22:22,15,0,0,56TH AVENUE EAST & VALENTIA STREET,2,3,0,1,1,1,,0,,0,0,0,0,0,4,2,7
,2019-14504,39.6784523,-104.9082014,6/23/2019 17:38,17:38,15,0,0,EVANS AVENUE EAST & ONEIDA STREET SOUTH,1,1,1,0,1,4,,0,35,0,0,0,0,0,4,2,13
,2019-14516,39.783798,-104.919939,8/7/2019 15:59,15:59,3,0,1,IVY STREET & 48TH AVENUE EAST,1,1,1,0,1,1,,0,,0,0,0,0,1,4,2,13
,2019-14525,39.72411003,-104.9951843,6/30/2019 9:00,9:00,6,0,0,FIFTH AVENUE WEST & FOX STREET NORTH,1,1,0,0,1,4,,0,,0,0,0,0,0,4,2,13
,2019-14533,39.67501808,-105.0204321,8/4/2019 18:25,18:25,6,0,0,ILIFF AVENUE WEST & CLAY STREET SOUTH,1,1,0,0,1,3,,0,25,0,0,0,0,0,4,2,3
,2019-14534,39.79758083,-104.8326894,10/9/2019 18:07,18:07,6,0,0,RANDOLPH PLACE EAST & WHEELING STREET NORTH,1,1,0,0,1,4,,0,25,0,0,0,0,0,4,2,13
,2019-14562,39.73705336,-104.9798836,9/9/2019 22:34,22:34,6,0,0,PEARL STREET NORTH & 13TH AVENUE,1,3,0,0,1,3,,0,30,0,0,0,0,0,4,2,14
,2019-14566,39.71833556,-104.9761642,1/12/2019 14:30,14:30,15,0,0,FIRST AVENUE EAST & GILPIN STREET NORTH / 1600 BLOCK EAST,1,1,0,0,1,4,,0,35,0,0,0,0,0,4,2,13
,2019-14567,39.76521405,-104.9007707,9/11/2019 17:30,17:30,12,0,0,35TH AVENUE EAST & SYRACUSE STREET NORTH,1,1,0,0,1,3,,0,35,0,0,0,0,0,4,2,5
,2019-14568,39.77019522,-104.9737648,8/21/2019 15:25,15:25,12,0,0,38TH STREET & WALNUT STREET,1,1,1,0,1,4,,0,25,0,0,0,0,0,4,2,1
,2019-14569,39.79834392,-104.8519794,9/19/2019 17:12,17:12,5,0,0,56TH AVENUE 11600 BLOCK EAST & PEORIA STREET NORTH,1,1,0,0,1,4,,0,45,0,0,0,0,0,4,2,13
,2019-14570,39.67846299,-104.9149562,9/27/2019 7:47,7:47,12,0,1,6300 BLOCK EAST EVANS AVENUE & MONACO SOUTH,1,1,0,0,1,4,,0,35,0,0,0,0,1,4,3,13
,2019-14571,39.72568616,-105.0048623,6/3/2019 6:59,6:59,15,0,0,SIXTH AVENUE WEST  & KALAMATH STREET,1,1,0,0,1,4,,0,35,0,0,0,0,0,4,2,13
,2019-14572,39.72560041,-105.0142381,10/10/2019 20:40,20:40,12,0,1,SIXTH AVENUE WEST  & KALAMATH STREET NORTH,5,3,1,2,1,4,,0,50,0,0,0,0,2,4,2,1
,2019-14573,39.83800358,-104.6975782,10/4/2019 9:40,9:40,3,0,3,78TH AVENUE EAST & JACKSON GAP STREET NORTH,1,1,0,0,1,2,,0,15,0,0,0,0,2,4,2,14
,2019-14574,39.67846318,-104.9155175,10/10/2019 6:06,6:06,12,0,1,EVANS AVENUE 6300 BLOCK EAST & MONACO STREET SOUTH,2,2,0,2,1,4,,0,35,0,0,0,0,1,4,3,13
,2019-14575,39.67841705,-104.9640888,6/27/2019 7:57,7:57,12,0,0,EVANS AVENUE EAST 2300 BLOCK & UNIVERDITY BOULEVARD SOUTH,1,1,0,0,1,4,,0,35,0,0,0,0,0,4,2,14
,2019-14576,39.83371718,-104.723607,1/21/2019 22:33,22:33,12,0,0,PENA BOULEVARD 7600 BLOCK & GUN CLUB ROAD,10,3,0,2,1,4,,0,65,0,0,0,0,0,4,2,7
,2019-14577,39.83348319,-104.697632,11/7/2019 5:53,5:53,12,0,1,PENA BOULEVARD 7600 BLOCK & JACKSON GAP STREET NORTH,9,3,0,0,1,4,,0,65,0,0,0,0,1,4,3,14
,2019-14590,39.77679377,-104.9497954,3/30/2019 21:00,21:00,6,0,0,STEELE STREET NORTH & 43RD AVENUE EAST,1,4,0,0,1,4,,0,30,0,0,0,1,0,4,2,13
,2019-14591,39.65787401,-104.8846916,7/16/2019 23:40,23:40,5,0,0,YOSEMITE STREET SOUTH & EASTMAN PLACE EAST,1,4,0,0,2,4,,0,35,0,0,0,0,0,4,1,14
,2019-14593,39.75857827,-104.9361254,7/2/2019 7:30,7:30,6,0,0,BIRCH STREET NORTH & 29TH AVENUE EAST,1,1,0,0,1,4,,0,30,0,0,0,0,0,4,2,3
,2019-14594,39.74669138,-104.9874006,6/13/2019 14:58,14:58,6,0,0,BROADWAY STREET NORTH & 17TH STREET,1,1,0,0,1,1,,0,30,0,0,0,0,0,4,2,13
,2019-14595,39.72412909,-104.9582564,8/28/2019 10:15,10:15,6,0,0,JOSEPHINE STREET NORTH & FIFTH AVENUE EAST,1,1,1,0,1,4,,0,30,0,0,0,0,0,4,2,13
,2019-14596,39.72284014,-104.982517,11/15/2019 8:05,8:05,15,0,0,SPEER BOULEVARD 300 BLOCK EAST & LOGAN STREET NORTH,1,1,0,0,1,4,,0,35,0,0,0,0,0,4,2,13
,2019-14598,39.71527187,-104.9791628,4/9/2019 12:45,12:45,6,0,0,WASHINGTON STREET SOUTH & BAYAUD AVENUE EAST,1,1,0,0,1,4,,0,25,0,0,0,0,0,4,2,13
,2019-14614,39.73681747,-104.9623326,7/16/2019 15:48,15:48,6,0,0,VINE STREET NORTH & 13TH AVENUE EAST,1,1,0,0,1,4,,0,30,0,0,0,0,0,4,2,13
,2019-14662,39.773022,-104.83559,2/6/2019 2:10,2:10,5,0,0,I70 WB ON RAMP LOOP FROM & PEORIA STREET NORTH,1,3,0,0,3,7,,0,,0,0,0,0,0,1,1,13
,2019-14856,39.66534545,-105.0269838,11/2/2019 9:13,9:13,6,0,0,GROVE STREET SOUTH & AMHERST AVENUE WEST,1,1,0,0,1,4,,0,,0,0,0,0,0,4,5,13
,2019-1490,39.725746,-105.053134,4/6/2019 1:09,1:09,5,0,1,SHERIDAN BOULEVARD & SIXTH AVENUE WEST,1,3,1,0,2,1,,0,65,0,0,0,0,3,2,1,14
,2019-1491,39.711621,-104.940627,1/29/2019 17:37,17:37,5,0,0,COLORADO BOULEVARD SOUTH & ALAMEDA AVENUE EAST,5,4,0,0,3,4,,0,35,0,0,0,0,0,2,1,1
,2019-1492,39.751011,-104.940599,1/10/2019 20:20,20:20,1,0,1,23RD AVENUE EAST & COLORADO BOULEVARD NORTH,1,3,0,0,1,1,,0,30,0,0,0,0,1,2,2,13
,2019-1493,39.767296,-104.94049,5/3/2019 20:53,20:53,12,0,0,COLORADO BOULEVARD & 3600 NORTH,1,3,0,0,1,4,,0,40,0,0,0,0,0,2,2,13
,2019-15037,39.74783419,-105.0055281,4/3/2019 21:38,21:38,15,0,0,11TH STREET & AURARIA PARKWAY,1,3,1,0,1,3,,0,15,0,0,0,0,0,4,2,13
,2019-15038,39.73541445,-104.9968641,12/14/2019 21:37,21:37,6,0,0,12TH AVENUE WEST & GALAPAGO STREET NORTH,1,4,0,0,1,2,,0,15,0,0,0,0,0,4,2,14
,2019-15039,39.73527419,-104.9861694,9/29/2019 1:36,1:36,6,0,0,12TH AVENUE EAST & LINCOLN STREET NORTH,1,3,0,0,1,4,,0,35,0,0,0,0,0,4,3,13
,2019-15040,39.6733725,-104.9711132,1/26/2019 9:13,9:13,6,0,0,LAFAYETTE STREET SOUTH & WESLEY AVENUE EAST,5,4,0,0,3,4,,0,,0,0,0,1,0,4,2,13
,2019-15041,39.74012371,-104.9904538,6/30/2019 7:13,7:13,12,0,0,14TH STREET 200 BLOCK & COLFAX AVENUE WEST,1,1,0,0,1,4,,0,25,0,0,0,0,0,4,2,13
,2019-15042,39.73882727,-104.903464,2/9/2019 17:47,17:47,12,0,0,14TH AVENUE EAST & QUEBEC STREET NORTH,1,1,1,0,1,4,,0,30,0,0,0,0,0,4,2,1
,2019-15043,39.75492733,-105.0021719,3/11/2019 17:30,17:30,15,0,0,17TH STREET & 700 BLOCK,1,1,0,0,1,4,,0,25,0,0,0,0,0,4,2,13
,2019-15044,39.77519284,-104.7714261,10/31/2019 7:35,7:35,6,0,0,ANDES STREET NORTH & MITCHELL PLACE EAST,4,1,0,0,1,4,,0,25,0,0,0,0,0,4,3,1
,2019-15045,39.7433581,-104.9873762,1/7/2019 23:40,23:40,12,0,0,17TH STREET & BROADWAY,1,3,0,0,1,4,,0,30,0,0,0,0,0,4,2,13
,2019-15046,39.74372424,-104.9747524,9/6/2019 22:52,22:52,6,0,0,17TH AVENUE EAST & ODGEN STREET NORTH,1,3,0,1,1,4,,0,30,0,0,0,0,0,4,2,5
,2019-15047,39.75578775,-105.0010728,2/16/2019 16:26,16:26,12,0,0,18TH STREET 1900 BLOCK & CHESTNUT PLACE,2,1,0,0,1,3,,0,25,0,0,0,0,0,4,2,13
,2019-15048,39.70945172,-104.980369,2/24/2019 11:04,11:04,6,0,0,PEARL STREET 300 BLOCK SOUTH & DAKOTA AVENUE EAST,5,1,0,0,1,4,,0,30,0,0,0,0,0,4,2,13
,2019-15049,39.7514726,-104.9840497,9/4/2019 15:53,15:53,6,0,0,22ND STREET & WELTON STREET,1,1,0,0,1,4,,0,25,0,0,0,0,0,4,2,13
,2019-15050,39.75523544,-104.9951808,11/8/2019 11:40,11:40,12,0,1,20TH STREET & WAZEE STREET,1,1,1,0,1,3,,1,35,0,0,0,0,1,4,3,13
,2019-15051,39.74882845,-104.8950059,9/29/2019 20:45,20:45,6,0,0,21ST STREET & 21ST STREET,1,3,0,0,1,4,,0,25,0,0,0,0,0,4,2,13
,2019-15052,39.75622663,-104.9918323,9/19/2019 9:55,9:55,12,0,0,22ND STREET & BLAKE STREET,1,1,0,0,1,4,,0,30,0,0,0,0,0,4,2,3
,2019-15053,39.75471778,-104.9128289,8/16/2019 4:27,4:27,5,0,0,26TH AVENUE EAST & MONACO STREET NORTH,1,3,0,0,3,4,,0,30,0,0,0,0,0,4,1,3
,2019-15054,39.75551193,-104.978984,3/23/2019 10:49,10:49,6,0,0,27TH STREET & CALIFORNIA STREET,1,1,0,0,1,4,,0,25,0,0,0,0,0,4,3,5
,2019-15055,39.72544503,-105.0349362,3/22/2019 2:45,2:45,6,0,0,LOWELL BOULEVARD 600 BOULEVARD & SIXTH AVENUE WEST,1,3,0,0,1,4,,0,25,0,0,0,0,0,4,2,13
,2019-15056,39.75753595,-104.973357,7/13/2019 20:01,20:01,6,0,0,28TH AVENUE EAST & DOWNING STREET NORTH,2,3,0,1,1,4,,0,25,0,0,0,0,0,4,2,13
,2019-15057,39.75596182,-104.90054,12/6/2019 13:58,13:58,12,0,0,28TH AVENUE EAST & ROSLYN STREET NORTH,1,1,0,0,1,3,,0,25,0,0,0,0,0,4,2,3
,2019-15058,39.75771161,-104.9005294,7/3/2019 18:11,18:11,12,0,0,29TH AVENUE EAST & ROSLYN STREET NORTH,1,1,0,0,1,3,,0,25,0,0,0,0,0,4,2,5
,2019-15059,39.7607949,-104.9659533,3/25/2019 17:39,17:39,12,0,0,31ST AVENUE EAST & WILLIAMS STREET NORTH,1,1,0,0,1,3,,0,25,0,0,0,0,0,4,2,13
,2019-1506,39.740136,-104.945532,5/18/2019 22:05,22:05,6,0,0,COLFAX AVENUE EAST & MONROE STREET NORTH,1,3,0,0,1,4,,0,35,0,0,0,0,0,2,3,13
,2019-15060,39.76950059,-105.0096186,6/25/2019 19:55,19:55,6,0,0,38TH AVENUE WEST & SHOSHONE STREET NORTH,1,1,0,0,1,4,,0,30,0,0,0,0,0,4,2,7
,2019-15061,39.72098309,-104.9874511,1/28/2019 19:30,19:30,12,0,0,THIRD AVENUE EAST & BROADWAY STREET NORTH,5,3,0,0,1,4,,0,35,0,0,0,0,0,4,2,13
,2019-15062,39.77317651,-104.8079096,11/6/2019 12:12,12:12,12,0,0,40TH AVENUE EAST & ANDREWS DRIVE EAST,1,1,0,0,1,1,,0,20,0,0,0,0,0,4,2,13
,2019-15063,39.77428844,-104.8827784,8/26/2019 8:45,8:45,12,0,0,40TH AVENUE EAST & CENTRAL PARK BOULEVARD NORTH,1,1,0,0,1,1,,0,35,0,0,0,0,0,4,2,14
,2019-15064,39.7745377,-104.8827633,10/16/2019 12:55,12:55,12,0,0,40TH AVENUE EAST & CENTRAL PARK BOULEVARD NORTH,1,1,0,0,1,3,,0,35,0,0,0,0,0,4,2,13
,2019-15065,39.72906712,-104.9861548,8/2/2019 19:30,19:30,6,0,0,EIGHTH AVENUE EAST & LINCOLN STREET NORTH,1,3,0,0,1,4,,0,35,0,0,0,0,0,4,2,13
,2019-15066,39.77505506,-104.7510589,8/15/2019 8:00,8:00,6,0,0,43RD AVENUE EAST & IRELAND STREET NORTH,1,1,0,0,1,4,,0,25,0,0,0,0,0,4,2,13
,2019-15067,39.72419699,-104.9874801,12/9/2019 9:20,9:20,15,0,0,500 BLOCK NORTH BROADWAY STREET & FIFTH AVENUE WEST,1,1,0,0,1,3,,0,30,0,0,0,0,0,4,2,8
,2019-15068,39.78743914,-104.9852266,2/16/2019 19:45,19:45,6,0,0,50TH AVENUE EAST & SHERMAN STREET NORTH,1,1,0,0,1,4,,0,25,0,0,0,0,0,4,2,2
,2019-15069,39.79906655,-104.7721168,7/8/2019 18:02,18:02,12,0,0,56TH AVENUE EAST & TOWER ROAD NORTH,1,1,0,0,1,3,,0,40,0,0,0,0,0,4,2,14
,2019-15070,39.79839386,-104.7721868,12/1/2019 21:18,21:18,15,0,0,56TH AVENUE EAST & TOWER ROAD NORTH,5,3,0,0,1,4,,0,45,0,0,0,0,0,4,2,1
,2019-15071,39.72565345,-104.9740782,1/29/2019 20:22,20:22,12,0,0,SIXTH AVENUE EAST & CORONA STREET NORTH,5,3,1,0,1,4,,0,30,0,0,0,0,0,4,2,12
,2019-15072,39.7013648,-105.023859,10/26/2019 0:50,0:50,6,0,0,ELIOT STREET SOUTH & KENTUCKY AVENUE WEST,1,4,0,0,1,4,,0,25,0,0,0,0,0,4,2,13
,2019-15073,39.76191975,-104.9881518,12/1/2019 3:02,3:02,5,0,1,BROADWAY STREET & 700 BLOCK NORTH,5,3,0,0,3,4,,0,35,0,0,0,0,1,4,1,13
,2019-15074,39.72910934,-104.960232,10/18/2019 21:02,21:02,12,0,0,EIGHTH AVENUE EAST & YORK STREET NORTH,1,3,0,0,1,3,,0,30,0,0,0,0,0,4,2,13
,2019-15075,39.73385657,-104.9874154,7/19/2019 11:30,11:30,6,0,0,BROADWAY STREET NORTH & 11TH AVENUE,1,1,0,0,1,4,,0,30,0,0,0,0,0,4,2,13
,2019-15076,39.7175361,-104.9891882,9/30/2019 1:25,1:25,6,0,1,ACOMA STREET NORTH & IRVINGTON PLACE WEST,1,4,0,0,1,4,,0,25,0,0,0,0,1,4,2,5
,2019-15077,39.74257275,-104.9488394,1/7/2019 11:35,11:35,14,0,0,ADAMS STREET 1600 BLOCK NORTH & 16TH AVENUE EAST,1,1,0,0,1,4,,0,25,0,0,0,0,0,4,2,13
,2019-15078,39.71655543,-104.9485828,2/13/2019 13:45,13:45,3,0,0,ADAMS STREET NORTH & ELLSWORTH AVENUE,1,1,0,0,1,2,,0,30,0,0,0,0,0,4,2,13
,2019-15079,39.71120461,-104.9875738,3/15/2019 5:35,5:35,12,0,1,ALAMEDA AVENUE EAST & BROADWAY STREET SOUTH,1,3,0,0,1,3,,0,35,0,0,0,0,1,4,2,13
,2019-15080,39.65346725,-104.9374397,6/7/2019 17:00,17:00,6,0,0,BELLAIRE STREET 3400 BLOCK SOUTH & HAMPDEN AVENUE WEST,14,5,0,0,1,2,,0,,0,0,0,0,0,4,2,13
,2019-15081,39.74027857,-104.9647678,1/18/2019 8:40,8:40,6,0,0,HIGH STREET 1500 NORTH & COLFAX AVENUE EAST,2,1,0,2,1,4,,0,,0,0,0,0,0,4,2,13
,2019-15082,39.74339259,-104.9389332,9/6/2019 7:15,7:15,15,0,0,ALBION STREET NORTH & 17TH AVENUE EAST,1,1,0,0,1,4,,0,25,0,0,0,0,0,4,2,13
,2019-15083,39.72771499,-104.9394608,6/3/2019 17:20,17:20,6,0,0,ALBION STREET NORTH & SEVENTH AVENUE EAST,1,1,0,0,1,4,,0,35,0,0,0,0,0,4,2,13
,2019-15084,39.65840417,-104.9397452,9/18/2019 16:03,16:03,6,0,0,ALBION STREET SOUTH & EASTMAN AVENUE EAST,1,1,0,0,1,2,,0,25,0,0,0,0,0,4,2,3
,2019-15085,39.71606919,-105.0170651,8/3/2019 2:28,2:28,6,0,0,ALCOTT STREET & ARCHER PLACE WEST,1,3,0,0,1,4,,0,25,0,0,0,0,0,4,2,2
,2019-15086,39.71735035,-105.0173087,4/26/2019 4:00,4:00,6,0,0,ALCOTT STREET NORTH & ELLSWORTH AVENUE WEST,1,4,0,0,1,4,,0,25,0,0,0,0,0,4,2,5
,2019-15087,39.79521847,-104.8239165,8/23/2019 9:35,9:35,6,0,0,ANAHEIM WAY NORTH & BILLINGS STREET,1,1,0,0,1,4,,0,25,0,0,0,0,0,4,2,13
,2019-15088,39.69166504,-104.9710685,11/28/2019 10:00,10:00,6,0,0,ARKANSAS AVENUE EAST & LAFAYETTE STREET SOUTH,2,1,0,0,1,4,,0,25,0,0,0,0,0,4,2,13
,2019-15089,39.73738506,-104.9902426,11/11/2019 13:11,13:11,15,0,0,BANNOCK STREET NORTH & 13TH AVENUE WEST,2,1,0,0,1,4,,0,25,0,0,0,0,0,4,2,13
,2019-15090,39.68229922,-104.989948,10/5/2019 5:00,5:00,6,0,0,BANNOCK STREET SOUTH & JEWELL AVENUE WEST,1,3,0,0,1,4,,0,25,0,0,0,0,0,4,3,5
,2019-15091,39.80015411,-104.8823257,12/8/2019 16:26,16:26,15,0,1,BEELER STREET NORTH & 57TH AVENUE EAST,1,2,0,0,1,4,,0,25,0,0,0,0,1,4,2,14
,2019-15092,39.75817093,-104.9893218,6/11/2019 22:34,22:34,12,0,0,BLAKE STREET 2400 BLOCK & 24TH STREET,1,3,1,0,1,4,,0,30,0,0,0,0,0,4,3,5
,2019-15093,39.72134536,-104.9874591,4/6/2019 17:27,17:27,15,0,0,BROADWAY STREET NORTH & THIRD AVENUE EAST,1,1,0,0,1,4,,0,,0,0,0,0,0,4,2,13
,2019-15094,39.68032774,-104.9875714,12/31/2019 12:20,12:20,12,0,0,BRAODWAY STREET 1900 BLOCK SOUTH & ASBURY AVENUE EAST,2,1,0,0,1,3,,0,35,0,0,0,0,0,4,3,1
,2019-15095,39.76669511,-104.983827,1/25/2019 12:40,12:40,12,0,2,BRIGHTON BOULEVARD NORTH & 31ST STREET,1,1,0,0,1,4,,0,30,0,0,0,0,1,4,3,2
,2019-15096,39.77048821,-104.9815694,12/16/2019 7:20,7:20,12,0,0,BRIGHTON BOULEVARD 3200 BLOCK NORTH & 31ST STREET,1,1,0,0,1,2,,0,30,0,0,0,0,0,4,2,13
,2019-15097,39.69892412,-104.9874594,1/2/2019 12:47,12:47,15,0,0,BROADWAY STREET 1000 BLOCK NORTH & 10TH AVENUE EAST,1,1,0,0,1,4,,0,30,0,0,0,0,0,4,2,14
,2019-15098,39.73224487,-104.9874043,5/12/2019 17:04,17:04,12,0,0,BROADWAY STREET NORTH & 10TH AVENUE EAST,1,1,0,0,1,2,,0,30,0,0,0,0,0,4,2,1
,2019-15099,39.70654933,-104.9875873,5/16/2019 14:52,14:52,12,0,0,BROADWAY SOUTH & 1100 BLOCK SOUTH,1,1,0,0,1,4,,0,30,0,0,0,0,0,4,2,3
,2019-15101,39.74644373,-104.9874043,8/9/2019 20:30,20:30,12,0,0,BROADWAY STREET & 19TH AVENUE EAST,1,3,0,0,1,1,,0,25,0,0,0,0,0,4,2,8
,2019-15102,39.74779356,-104.9873994,9/27/2019 15:00,15:00,12,0,0,BROADWAY STREET NORTH & 19TH STREET,1,1,0,0,1,4,,0,30,0,0,0,0,0,4,2,13
,2019-15103,39.74736412,-104.9873919,10/18/2019 13:42,13:42,6,0,0,BROADWAY STREET NORTH & 19TH STREET,1,1,0,0,1,4,,0,30,0,0,0,0,0,4,2,3
,2019-15104,39.68001688,-104.9875707,1/7/2019 0:10,0:10,12,0,1,BROADWAY STREET 2000 BLOCK NORTH & 20TH STREET,1,3,0,0,1,4,,0,35,0,0,0,0,1,4,2,13
,2019-15105,39.68260807,-104.9875628,3/5/2019 7:00,7:00,15,0,0,BROADWAY STREET 1900 BLOCK NORTH & 20TH AVENUE EAST,1,1,0,0,1,4,,0,35,0,0,0,0,0,4,2,7
,2019-15106,39.77773331,-104.9571552,9/28/2019 7:23,7:23,6,0,0,COLUMBINE STREET NORTH & 44TH AVENUE EAST,1,4,0,0,1,4,,0,25,0,0,0,0,0,4,2,13
,2019-15107,39.72253636,-104.9874857,5/17/2019 16:08,16:08,12,0,0,BROADWAY STREET NORTH & SECOND AVENUE EAST,1,1,0,0,1,4,,0,30,0,0,0,0,0,4,2,8
,2019-15108,39.71989769,-104.9874821,8/26/2019 16:34,16:34,12,0,0,BROADWAY STREET SOUTH & SECOND AVENUE EAST,1,1,0,0,1,4,,0,35,0,0,0,0,0,4,2,3