id,drcog_id,latitude,longitude,crashtime,time,crashtype,numbkilled,numbinjurd,drcoglocat,rdconditin,lightngcon,roadcntgrd,weatherco,location,roaddescrp,schoolzone,constrzone,splimit,bikeinv,sctrinv,pedinv,motoinv,svrty,rdsystem,ttlvehcls,hcf
,2019-15109,39.78946153,-104.9875594,3/27/2019 11:35,11:35,6,0,0,BROADWAY STREET NORTH 5100 BLOCK & 51ST AVENUE WEST,1,1,1,0,1,4,,0,25,0,0,0,0,0,4,2,13
,2019-15110,39.72584586,-104.9874343,7/1/2019 9:29,9:29,12,0,0,BROADWAY STREET NORTH 500 BLOCK & SIXTH AVENUE EAST,1,1,0,0,1,3,,0,30,0,0,0,0,0,4,2,12
,2019-15111,39.71180831,-104.9875576,2/7/2019 9:19,9:19,15,0,0,BROADWAY STREET 200 BLOCK SOUTH & ALAMEDA AVENUE EAST,2,1,0,0,1,4,,0,30,0,0,0,0,0,4,3,14
,2019-15112,39.71142414,-104.9875679,9/19/2019 14:29,14:29,12,0,0,BROADWAY STREET 200 BLOCK SOUTH & ALAMEDA AVENUE EAST,1,1,0,0,1,4,,0,30,0,0,0,0,0,4,2,1
,2019-15113,39.71156958,-104.987564,9/29/2019 12:30,12:30,15,0,0,BROADWAY STREET 200 BLOCK SOUTH & ALAMEDA AVENUE EAST,1,1,0,0,1,2,,0,30,0,0,0,0,0,4,2,3
,2019-15114,39.71615576,-104.9875056,6/8/2019 10:00,10:00,15,0,1,BROADWAY 20 BLOCK SOUTH & ARCHER PLACE WEST,1,1,0,0,1,2,,0,30,0,0,0,0,1,4,2,13
,2019-15115,39.71571378,-104.9875105,6/9/2019 0:50,0:50,12,0,2,BROADWAY STREET SOUTH & ARCHER PLACE WEST,1,3,0,0,1,1,,0,30,0,0,0,0,1,4,5,5
,2019-15116,39.71389736,-104.9875741,8/28/2019 10:16,10:16,12,0,0,BROADWAY STREET 100 BLOCK SOUTH & CEDAR AVENUE EAST,1,1,0,0,1,4,,0,35,0,0,0,0,0,4,2,13
,2019-15117,39.70573032,-104.9875578,6/5/2019 10:01,10:01,15,0,0,BROADWAY STREET SOUTH & CENTER AVENUE EAST,1,1,0,0,1,3,,0,30,0,0,0,0,0,4,2,10
,2019-15118,39.74220871,-104.9874166,11/23/2019 19:39,19:39,12,0,0,BROADWAY STREET 1600 BLOCK NORTH & CLEVELAND PLACE,1,2,0,0,1,3,,0,30,0,0,0,0,0,4,2,14
,2019-15119,39.67877252,-104.9875678,3/28/2019 3:28,3:28,12,0,0,BROADWAY STREET 2000 BLOCK SOUTH & EVANS AVENUE EAST,1,1,0,0,1,4,,0,35,0,0,0,0,0,4,2,7
,2019-1512,39.697258,-104.982496,4/16/2019 15:55,15:55,12,0,1,I25 & LOGAN STREET SOUTH,1,1,0,0,1,4,,0,60,0,0,0,0,1,1,2,1
,2019-15120,39.67889605,-104.9875681,6/14/2019 14:57,14:57,12,0,0,BROADWAY STREET 2000 BLOCK SOUTH & EVANS AVENUE WEST,1,1,0,0,1,4,,0,30,0,0,0,0,0,4,3,13
,2019-15121,39.6753008,-104.9875744,7/13/2019 12:39,12:39,12,0,0,BROADWAY STREET SOUTH 2200 BLOCK & ILIFF AVENUE EAST,1,1,0,0,1,3,,0,35,0,0,0,0,0,4,2,13
,2019-15122,39.76939622,-105.0295951,9/1/2019 3:40,3:40,6,0,0,38TH AVENUE WEST & IRVING STREET NORTH,1,3,0,0,1,4,,0,30,0,0,0,0,0,4,3,5
,2019-15123,39.68782649,-104.9875109,2/9/2019 19:53,19:53,12,0,0,BROADWAY STREET SOUTH & IOWA AVENUE EAST,1,3,0,0,1,4,,0,35,0,0,0,0,0,4,2,3
,2019-15124,39.6876206,-104.9875124,5/28/2019 7:55,7:55,12,0,0,BROADWAY STREET SOUTH & IOWA AVENUE EAST,1,1,0,0,1,1,,0,35,0,0,0,0,0,4,2,3
,2019-15125,39.68225318,-104.9875673,3/14/2019 19:30,19:30,6,0,0,BROADWAY STREET 1800 BLOCK SOUTH & JEWELL AVENUE EAST,1,3,0,0,1,4,,0,35,0,0,0,0,0,4,2,13
,2019-15126,39.69301926,-104.9874683,5/29/2019 7:42,7:42,15,0,0,BROADWAY SOUTH & LOUISIANA AVENUE EAST,1,1,0,0,1,3,,0,30,0,0,0,0,0,4,2,13
,2019-15127,39.69663426,-104.9874308,1/18/2019 11:41,11:41,15,0,1,BROADWAY 1000 SOUTH & MISSISSIPPI AVENUE WEST,5,1,0,2,1,3,,0,30,0,0,0,0,1,4,3,13
,2019-15128,39.70221209,-104.9875219,9/1/2019 16:21,16:21,15,0,0,BROADWAY STREET SOUTH & OHIO AVENUE EAST,1,1,0,0,1,4,,0,35,0,0,0,0,0,4,2,13
,2019-15129,39.70861208,-104.9876012,9/2/2019 11:55,11:55,15,0,0,BROADWAY 400 BLOCK SOUTH & VIRGINIA AVENUE EAST,1,1,0,0,1,4,,0,30,0,0,0,0,0,4,2,12
,2019-1513,39.701452,-104.987435,12/6/2019 17:57,17:57,12,0,0,I25 & ALAMEDA AVENUE WEST,2,2,1,0,1,4,,0,55,0,0,0,0,0,1,2,2
,2019-15130,39.66784421,-104.9875822,4/13/2019 2:22,2:22,6,0,1,BROADWAY STREET 2600 BLOCK SOUTH & YALE AVENUE EAST,2,3,0,2,1,4,,0,35,0,0,0,0,1,4,2,3
,2019-15132,39.6680254,-104.9875824,12/21/2019 14:15,14:15,12,0,0,BROADWAY STREET 2600 BLOCK SOUTH & YALE AVENUE WEST,1,1,0,0,1,4,,0,35,0,0,0,0,0,4,2,7
,2019-15133,39.75360025,-105.0191921,7/13/2019 8:25,8:25,6,0,0,BRYANT STREET NORTH & 25TH STREET WEST,1,1,0,0,1,3,,0,35,0,0,0,0,0,4,2,3
,2019-15134,39.72559023,-105.0186747,12/4/2019 21:40,21:40,15,0,0,BRYANT STREET NORTH & SIXTH AVENUE WEST,1,3,0,0,1,4,,0,25,0,0,0,0,0,4,2,13
,2019-15135,39.71127795,-104.992397,1/25/2019 23:38,23:38,5,0,0,CHEROKEE STREET 200 SOUTH & ALAMEDA AVENUE WEST,1,3,0,0,2,4,,0,30,0,0,0,0,0,4,1,13
,2019-15136,39.7175583,-105.0204099,6/1/2019 14:44,14:44,12,0,0,BRYANT WAY NORTH & CLAY STREET NORTH,1,1,0,0,1,1,,0,35,0,0,0,0,0,4,2,3
,2019-15137,39.74843418,-104.9897306,4/4/2019 11:13,11:13,15,0,0,CALIFORNIA STREET 1800 BLOCK & 18TH STREET,1,1,0,0,1,4,,0,25,0,0,0,0,0,4,2,14
,2019-15138,39.74988095,-104.9860972,8/2/2019 19:43,19:43,3,0,2,CALIFORNIA STREET & 21ST STREET,1,1,0,0,1,2,,0,35,0,0,0,0,1,4,2,14
,2019-15139,39.74894267,-104.9873565,5/15/2019 15:59,15:59,12,0,0,CALIFORNIA STREET & BROADWAY STREET NORTH,1,1,0,0,1,3,,0,30,0,0,0,0,0,4,3,15
,2019-1514,39.719169,-105.006169,10/11/2019 7:51,7:51,15,0,0,I25 & ALAMEDA AVENUE WEST,1,1,0,0,1,4,,0,55,0,0,0,0,0,1,2,13
,2019-15140,39.74932135,-104.9873951,12/2/2019 13:35,13:35,6,0,0,CALIFORNIA STREET 2000 BLOCK & BROADWAY STREET NORTH,5,1,1,0,1,4,,0,30,0,0,0,0,0,4,2,13
,2019-15141,39.78505966,-104.7649047,6/13/2019 16:20,16:20,6,0,0,CATHAY COURT 4872 NORTH & ARGONNE STREET NORTH,1,1,0,0,3,2,,0,25,0,0,0,0,0,4,2,10
,2019-15143,39.71310392,-105.0110178,11/6/2019 19:28,19:28,5,0,0,CEDAR AVENUE EAST & TEJON STREET SOUTH,2,3,0,0,3,1,,0,25,0,0,0,0,0,4,1,7
,2019-15145,39.67023023,-104.9911296,6/3/2019 10:22,10:22,6,0,0,CHEROKEE STREET SOUTH & VASSAR AVENUE WEST,1,1,0,0,1,4,,0,25,0,0,0,0,0,4,2,13
,2019-15146,39.75746539,-105.0104233,4/16/2019 17:59,17:59,12,0,0,CENTRAL STREET 1500 BLOCK NORTH & 15TH STREET,1,1,0,0,1,4,,0,25,0,0,0,0,0,4,2,13
,2019-15147,39.73729285,-104.9953059,9/23/2019 9:39,9:39,6,0,0,FOX STREET NORTH & 13TH AVENUE WEST,1,1,0,0,1,4,,0,30,0,0,0,0,0,4,2,13
,2019-15148,39.77417065,-104.8827856,10/1/2019 11:05,11:05,15,0,0,CENTRAL PARK BOULEVARD NORTH & 40TH AVENUE EAST,1,1,0,0,1,3,,0,30,0,0,0,0,0,4,2,1
,2019-15149,39.77415695,-104.8827864,10/22/2019 18:27,18:27,12,0,0,CENTRAL PARK BOULEVARD NORTH & 40TH AVENUE EAST,1,3,0,0,1,3,,0,35,0,0,0,0,0,4,2,7
,2019-1515,39.722564,-105.010033,1/22/2019 17:36,17:36,12,0,1,I25 & SIXTH AVENUE WEST,1,3,0,0,1,4,,0,55,0,0,0,0,1,1,2,13
,2019-15150,39.77506436,-104.8827492,12/13/2019 9:37,9:37,15,0,0,CENTRAL PARK BOULEVARD NORTH & 40TH AVENUE EAST,1,1,0,0,1,4,,0,35,0,0,0,0,0,4,2,13
,2019-15151,39.74759118,-104.8847019,12/2/2019 16:54,16:54,12,0,0,CENTRAL PARK BOULEVARD NORTH & MONTVIEW BOULEVARD EAST,1,3,0,0,1,4,,0,40,0,0,0,0,0,4,2,13
,2019-15152,39.77401083,-104.8098876,11/28/2019 18:32,18:32,10,0,0,CHAMBERS ROAD NORTH & 40TH AVENUE EAST,1,3,0,0,1,3,,0,40,0,0,0,0,0,4,2,13
,2019-15153,39.79031831,-104.8097535,4/21/2019 2:50,2:50,12,0,1,CHAMBERS ROAD NORTH & 53RD AVENUE EAST,1,3,0,0,1,1,,0,40,0,0,0,0,1,4,2,5
,2019-15154,39.77641365,-104.8099039,5/12/2019 17:21,17:21,12,0,0,CHAMBERS ROAD NORTH & ANDREWS DRIVE EAST,1,1,0,0,1,4,,0,40,0,0,0,0,0,4,2,13
,2019-15155,39.77512341,-104.8098983,6/20/2019 17:11,17:11,12,0,0,CHAMBERS ROAD NORTH & ANDREWS DRIVE EAST,1,1,0,0,1,4,,0,45,0,0,0,0,0,4,2,13
,2019-15156,39.629898,-105.10983,12/24/2019 17:17,17:17,5,0,0,KIPLING PARKWAY SOUTH & SARATOGA PLACE WEST,1,3,0,0,2,4,,0,45,0,0,0,0,0,4,1,5
,2019-15157,39.78034555,-104.80986,9/21/2019 14:31,14:31,15,0,1,CHAMBERS ROAD NORTH & BOLLING DRIVE EAST,1,1,1,0,1,4,,0,40,0,0,0,0,2,4,2,13
,2019-15158,39.74569021,-104.9950273,10/13/2019 14:30,14:30,6,0,0,CHAMPA STREET & 15TH STREET,1,1,0,0,1,4,,0,30,0,0,0,0,0,4,2,13
,2019-15159,39.74847207,-104.9914193,5/21/2019 16:20,16:20,12,0,0,CHAMPA STREET 1800 BLOCK & 18TH STREET,1,1,0,0,1,3,,0,30,0,0,0,0,0,4,2,13
,2019-1516,39.72301,-105.010662,7/25/2019 11:41,11:41,12,0,0,I25 NORTHBOUND EXIT GORE POINT & SIXTH AVENUE WEST,1,1,0,0,1,4,,0,55,0,0,0,0,0,1,2,13
,2019-15160,39.76563086,-105.0204812,10/15/2019 15:46,15:46,6,0,0,CLAY STREET NORTH & 35TH AVENUE WEST,1,1,0,0,1,4,,0,25,0,0,0,0,0,4,2,1
,2019-15161,39.75573083,-104.9727507,6/2/2019 18:43,18:43,5,0,0,DOWNING STREET NORTH & MARION STREET NORTH,1,1,1,0,3,5,,0,10,0,0,0,0,0,4,1,5
,2019-15162,39.73205277,-104.9916544,5/28/2019 8:30,8:30,15,0,0,CHEROKEE STREET & 10TH AVENUE EAST,2,1,0,0,1,3,,0,30,0,0,0,0,0,4,2,3
,2019-15163,39.71865148,-104.992146,3/24/2019 15:19,15:19,6,0,0,CHEROKEE STREET NORTH & FIRST AVENUE EAST,1,1,0,0,1,4,,0,25,0,0,0,0,0,4,2,13
,2019-15164,39.7771308,-105.0017287,9/3/2019 1:13,1:13,6,0,0,LIPAN STREET NORTH & 44TH AVENUE WEST,1,3,0,0,1,4,,0,25,0,0,0,0,0,4,2,6
,2019-15165,39.79028253,-104.9771126,2/16/2019 14:59,14:59,6,0,0,CLARKSON STREET & 1300 BLOCK NORTH,4,1,0,2,1,4,,0,25,0,0,0,0,0,4,3,14
,2019-15166,39.72741514,-104.977561,9/16/2019 12:35,12:35,3,0,0,CLARKSON STREET NORTH & SEVENTH AVENUE EAST,1,1,1,0,1,2,,0,25,0,0,0,0,0,4,2,1
,2019-15167,39.7404248,-104.9775565,7/10/2019 22:47,22:47,6,0,0,CLARKSON STREET NORTH & COLFAX AVENUE EAST,1,3,0,0,1,4,,0,30,0,0,0,0,0,4,2,5
,2019-15168,39.77020739,-105.0205376,7/12/2019 19:48,19:48,6,0,0,CLAY STREET NORTH & DENVER PLACE WEST,1,3,0,0,1,4,,0,25,0,0,0,0,0,4,2,3
,2019-15169,39.68974258,-105.0203795,7/23/2019 21:51,21:51,6,0,1,CLAY STREET SOUTH & FLORIDA AVENUE WEST,1,3,0,0,1,4,,0,25,0,0,0,0,1,4,3,5
,2019-15170,39.68790525,-105.0203755,8/3/2019 4:57,4:57,6,0,0,CLAY STREET SOUTH & IOWA AVENUE WEST,1,4,1,0,1,4,,0,35,0,0,0,0,0,4,2,2
,2019-15171,39.73016087,-104.9351673,8/14/2019 9:38,9:38,3,0,2,CLERMONT STREET NORTH & EIGHTH AVENUE EAST,1,1,1,0,1,2,,0,30,0,0,0,0,1,4,2,14
,2019-15172,39.71967203,-104.9570589,7/13/2019 13:36,13:36,6,0,0,COLUMBINE STREET NORTH & SECOND AVENUE EAST,1,1,0,0,1,4,,0,25,0,0,0,0,0,4,2,13
,2019-15173,39.78936743,-104.9569956,3/31/2019 1:18,1:18,5,0,0,COLUMBINE WEST NORTH & 51ST AVENUE EAST,1,4,0,0,3,4,,0,,0,0,0,0,0,4,1,13
,2019-15174,39.70863761,-104.9269792,11/12/2019 19:00,19:00,6,0,0,FOREST STREET SOUTH & LEETSDALE DRIVE,1,3,0,0,1,4,,0,30,0,0,0,0,0,4,2,13
,2019-15175,39.76331422,-104.9318505,4/1/2019 8:00,8:00,6,0,0,DAHLIA STREET 3200 BLOCK NORTH & THRILL PLACE EAST,1,1,0,0,1,4,,0,25,0,0,0,0,0,4,2,3
,2019-15176,39.77675244,-104.8314113,10/31/2019 15:05,15:05,12,0,1,CRYSTAL STREET NORTH & ALBROOK DRIVE EAST,1,1,0,0,1,2,,0,25,0,0,0,0,2,4,3,13
,2019-15177,39.74535119,-104.9972116,4/14/2019 16:40,16:40,12,0,0,CURTIS STREET 1400 BLOCK & 14TH STREET,1,1,0,0,1,4,,0,30,0,0,0,0,0,4,2,13
,2019-15178,39.68039856,-104.9316124,8/4/2019 16:35,16:35,6,0,0,DAHLIA STREET SOUTH & ASBURY AVENUE EAST,1,1,0,0,1,4,,0,25,0,0,0,0,0,4,2,13
,2019-15179,39.6784805,-104.9316162,1/30/2019 7:40,7:40,15,0,0,DAHLIA STREET 2000 BLOCK SOUTH & EVANS AVENUE EAST,1,1,0,0,1,3,,0,30,0,0,0,0,0,4,2,3
,2019-1518,39.723679,-105.011476,5/24/2019 8:22,8:22,12,0,0,I25 & SIXTH AVENUE WEST,1,1,0,0,1,4,,0,55,0,0,0,0,0,1,2,3
,2019-15180,39.67899101,-104.9316064,4/27/2019 15:30,15:30,15,0,0,DAHLIA STREET 2000 BLOCK SOUTH & EVANS AVENUE EAST,1,1,0,0,1,4,,0,25,0,0,0,0,0,4,2,1
,2019-15181,39.67861773,-104.9316135,10/30/2019 12:26,12:26,12,0,0,DAHLIA STREET SOUTH & EVANS AVENUE EAST,12,1,0,0,1,4,,0,35,0,0,0,0,0,4,2,13
,2019-15182,39.70918525,-104.9316211,2/28/2019 9:41,9:41,6,0,0,DAHLIA STREET SOUTH & LEETSDALE DRIVE,1,1,1,0,1,4,,0,25,0,0,0,0,0,4,2,1
,2019-15183,39.76233844,-104.9318529,4/7/2019 9:31,9:31,6,0,1,DAHLIA STREET 3200 BLOCK NORTH & MLK BOULEVARD EAST,1,1,0,0,1,4,,0,30,0,0,0,0,2,4,2,5
,2019-15184,39.77991473,-104.9316638,3/5/2019 9:45,9:45,12,0,1,DAHLIA STREET NORTH 4600 BLOCK & STAPLETON DRIVE,1,1,0,0,1,4,,0,25,0,0,0,0,2,4,2,2
,2019-15185,39.68256152,-105.0215378,5/4/2019 2:15,2:15,6,0,0,DALE COURT 1800 BLOCK SOUTH & JEWELL AVENUE WEST,1,3,0,0,1,4,,0,25,0,0,0,0,0,4,2,7
,2019-15186,39.79516142,-104.7634962,9/20/2019 8:52,8:52,15,0,0,DANUBE STREET NORTH & MAXWELL PLACE EAST,1,1,1,0,1,4,,0,25,0,0,0,0,0,4,2,12
,2019-15187,39.7373066,-104.9234295,8/6/2019 11:47,11:47,6,0,0,HUDSON STREET NORTH & 13TH AVENUE EAST,1,1,1,0,1,4,,0,25,0,0,0,0,0,4,2,14
,2019-15188,39.71115522,-105.0226568,1/20/2019 11:53,11:53,3,0,0,DECATUR STREET 200 SOUTH & ALAMEDA AVENUE WEST,1,1,0,0,1,2,,0,30,0,0,0,0,0,4,2,13
,2019-15189,39.73828408,-104.9929324,11/27/2019 9:56,9:56,6,0,0,DELAWARE STREET 1300 BLOCK & 13TH AVENUE EAST,5,1,0,0,1,4,,0,25,0,0,0,0,0,4,2,14
,2019-1519,39.725521,-105.013084,7/2/2019 18:46,18:46,5,0,0,I25 & SIXTH AVENUE WEST,1,1,0,0,1,4,,0,55,0,0,0,0,0,1,2,14
,2019-15190,39.72587293,-104.9928258,9/25/2019 10:05,10:05,3,0,1,DELAWARE STREET NORTH & SIXTH AVENUE WEST,1,1,0,0,1,2,,0,30,0,0,0,0,2,4,2,13
,2019-15191,39.74218751,-104.9547719,10/9/2019 7:20,7:20,12,0,0,DETROIT STREET 1600 BLOCK NORTH & 16TH AVENUE EAST,1,1,1,0,1,4,,0,25,0,0,0,0,0,4,2,5
,2019-15192,39.75517716,-104.9328163,10/19/2019 8:57,8:57,6,0,0,DEXTER STREET NORTH & 26TH AVENUE EAST,1,1,0,0,1,4,,0,25,0,0,0,0,0,4,2,13
,2019-15193,39.68806411,-104.9734224,6/12/2019 13:30,13:30,6,0,0,DOWINING STREET 1500 BLOCK & IOWA AVENUE EAST,1,1,0,0,1,4,,0,,0,0,0,0,0,4,2,13
,2019-15194,39.75003467,-104.9733585,10/24/2019 9:28,9:28,6,0,0,DOWNING STREET NORTH & 21ST AVENUE EAST,1,1,0,0,1,4,,0,25,0,0,0,0,0,4,3,14
,2019-15195,39.75729125,-104.9733597,10/9/2019 12:04,12:04,6,0,0,DOWNING STREET 2800 BLOCK NORTH & 28TH AVENUE EAST,1,1,0,0,1,4,,0,30,0,0,0,0,0,4,2,13
,2019-15196,39.75824102,-104.9733493,8/23/2019 21:19,21:19,8,0,1,DOWNING STREET NORTH & 29TH AVENUE EAST,1,3,0,0,1,4,,0,30,0,0,0,0,2,4,2,5
,2019-15197,39.76093363,-104.9733457,3/12/2019 14:13,14:13,15,0,0,DOWNING STREET NORTH & 31ST AVENUE EAST,1,1,0,0,1,4,,0,30,0,0,0,0,0,4,2,14
,2019-15198,39.72219987,-104.9729114,8/21/2019 11:48,11:48,6,0,0,DOWNING STREET NORTH & FOURTH AVENUE EAST,1,1,0,0,1,4,,0,25,0,0,0,0,0,4,2,13
,2019-15199,39.71179131,-104.9733946,10/24/2019 17:38,17:38,12,0,0,DOWNING STREET 200 BLOCK SOUTH & ALAMEDA AVENUE EAST,1,2,0,0,1,3,,0,30,0,0,0,0,0,4,2,3
,2019-1520,39.738802,-105.013838,10/24/2019 18:40,18:40,12,0,0,I25 & COLFAX AVENUE WEST,1,1,0,0,1,4,,0,65,0,0,0,0,0,1,2,13
,2019-15200,39.68623244,-104.9734223,7/7/2019 12:07,12:07,6,0,0,DOWNING STREET SOUTH & MEXICO AVENUE EAST,1,1,0,0,1,4,,0,30,0,0,0,0,0,4,2,14
,2019-15201,39.70386186,-104.9733704,8/21/2019 21:11,21:11,12,0,2,DOWNING STREET SOUTH & EXPOSITION AVENUE EAST,2,3,0,1,1,4,,0,30,0,0,0,0,2,4,5,3
,2019-15202,39.6771007,-104.9734509,8/30/2019 18:08,18:08,5,0,2,DOWNING STREET SOUTH & WARREN AVENUE EAST,1,1,0,0,3,4,,0,25,0,0,0,0,1,4,1,3
,2019-15203,39.63396179,-104.8933257,12/15/2019 1:50,1:50,9,0,0,DTC BOULEVARD 4300 BLOCK SOUTH & TUFTS AVENUE EAST,1,3,0,0,3,4,,0,35,0,0,0,0,0,4,1,2
,2019-15204,39.73105839,-104.9940657,5/13/2019 17:32,17:32,6,0,0,ELATI STREET NORTH & NINTH AVENUE WEST,1,1,1,0,1,4,,0,25,0,0,0,0,0,4,2,13
,2019-15205,39.69707933,-105.0238456,4/7/2019 10:35,10:35,14,0,0,ELIOT STREET 1000 BLOCK SOUTH & MISSISSIPPI AVENUE WEST,1,1,0,0,1,1,,0,,0,0,0,0,0,4,2,13
,2019-15206,39.73592362,-104.9562842,4/7/2019 11:28,11:28,6,0,0,ELIZABETH STREET 1200 BLOCK NORTH & 12TH AVENUE EAST,1,1,0,0,1,4,,0,30,0,0,0,0,0,4,2,13
,2019-15207,39.73534989,-104.9562877,9/6/2019 18:34,18:34,6,0,0,ELIZABETH STREET NORTH & 12TH AVENUE EAST,1,2,0,0,1,4,,0,25,0,0,0,0,0,4,2,13
,2019-15208,39.74366475,-104.9761509,7/31/2019 22:30,22:30,6,0,0,EMERSON STREET NORTH & 17TH AVENUE EAST,1,3,1,0,1,4,,0,30,0,0,0,0,0,4,2,7
,2019-15209,39.71857008,-104.9770279,8/8/2019 1:53,1:53,5,0,1,EMERSON STREET NORTH & FIRST AVENUE EAST,1,3,0,0,3,4,,0,25,0,0,0,0,1,4,1,7
,2019-1521,39.744763,-105.017338,6/8/2019 23:54,23:54,12,0,2,I25 NORTHBOUND EXIT GORE POINT TO & 17TH AVENUE WEST,2,3,1,1,1,4,,0,55,0,0,0,0,1,1,2,13
,2019-15210,39.74000222,-104.9764677,6/26/2019 12:19,12:19,6,0,0,EMERSON STREET NORTH & COLFAX AVENUE EAST,1,1,0,0,1,4,,0,25,0,0,0,0,0,4,2,14
,2019-15211,39.71978571,-104.9763903,6/7/2019 9:20,9:20,6,0,0,EMERSON STREET 200 BLOCK NORTH & SPEER BOULEVARD EAST,1,1,0,0,1,4,,0,25,0,0,0,0,0,4,2,13
,2019-15212,39.72998599,-104.9304545,3/8/2019 10:59,10:59,6,0,0,EUDORA STREET 800 BLOCK NORTH & EIGHTH AVENUE EAST,1,1,0,0,1,4,,0,30,0,0,0,0,0,4,2,13
,2019-15213,39.73361975,-105.0263741,9/13/2019 15:45,15:45,6,0,0,GROVE STREET NORTH & 10TH AVENUE WEST,1,1,0,0,1,4,,0,25,0,0,0,0,0,4,2,13
,2019-15214,39.79688208,-104.8125373,5/28/2019 18:05,18:05,1,0,0,FAIRPLAY STREET NORTH & ROBBONS DRIVE EAST,1,1,0,0,1,4,,0,25,0,0,0,0,0,4,2,13
,2019-15215,39.73105804,-104.9528901,4/8/2019 15:35,15:35,6,0,0,FILLMORE STREET 900 BLOCK NORTH & NINTH AVENUE EAST,1,1,0,0,1,4,,0,25,0,0,0,0,0,4,2,13
,2019-15216,39.78306916,-104.872071,10/8/2019 9:35,9:35,3,0,0,FLORENCE STREET & 47TH AVENUE EAST,1,1,0,0,1,2,,0,30,0,0,0,0,0,4,2,13
,2019-15217,39.68942018,-104.9804438,9/26/2019 21:40,21:40,6,0,0,FLORIDA AVENUE EAST & PEARL STREET SOUTH,1,3,0,0,1,4,,0,25,0,0,0,0,0,4,2,13
,2019-15218,39.78409015,-104.9938518,12/4/2019 15:35,15:35,12,0,0,FOX STREET NORTH & 48TH AVENUE WEST,1,1,0,0,1,3,,0,25,0,0,0,0,0,4,2,3
,2019-15219,39.74410372,-104.9684475,11/14/2019 14:12,14:12,10,0,0,FRANKLIN STREET NORTH & 16TH AVENUE EAST,1,1,0,0,1,4,,0,25,0,0,0,0,0,4,2,8
,2019-15220,39.74608199,-104.9684257,7/8/2019 10:44,10:44,1,0,0,FRANKLIN STREET NORTH & 18TH AVENUE EAST,1,1,0,0,1,4,,0,25,0,0,0,0,0,4,2,14
,2019-15221,39.67862629,-104.9687475,8/9/2019 14:45,14:45,12,0,0,FRANKLIN STREET SOUTH & EVANS AVENUE WEST,1,1,0,0,1,2,,0,25,0,0,0,0,0,4,2,5
,2019-15222,39.67122766,-104.995953,10/30/2019 17:00,17:00,6,0,0,GALAPAGO STREET SOUTH & HARVARD AVENUE WEST,5,2,0,0,1,3,,0,25,0,0,0,0,0,4,2,13
,2019-15223,39.67547301,-104.9959881,12/12/2019 10:23,10:23,14,0,0,GALAPAGO STREET 2200 BLOCK SOUTH & ILIFF AVENUE WEST,1,1,0,0,1,4,,0,25,0,0,0,0,0,4,2,13
,2019-15224,39.74523079,-104.9610023,11/14/2019 8:50,8:50,6,0,0,GAYLORD STREET NORTH & 18TH AVENUE EAST,1,1,0,0,1,4,,0,30,0,0,0,0,0,4,2,13
,2019-15225,39.77947591,-104.868877,9/16/2019 13:10,13:10,3,0,0,GENEVA STREET NORTH & 45TH AVENUE EAST,1,1,0,0,1,2,,0,25,0,0,0,0,0,4,2,13
,2019-15226,39.77089654,-104.9671637,7/21/2019 18:00,18:00,6,0,0,GIPLIN STREET & 38TH AVENUE EAST,1,1,0,0,1,4,,0,25,0,0,0,0,0,4,2,13
,2019-15227,39.7323136,-104.9835835,10/19/2019 1:46,1:46,6,0,0,GRANT STREET NORTH & 10TH AVENUE EAST,1,3,0,0,1,4,,0,30,0,0,0,0,0,4,3,5
,2019-15228,39.74366435,-104.9835877,8/26/2019 14:53,14:53,15,0,0,GRANT STREET NORTH & 17TH AVENUE EAST,1,1,0,0,1,3,,0,25,0,0,0,0,0,4,2,13
,2019-15229,39.72992904,-104.9836016,9/19/2019 12:08,12:08,15,0,0,GRANT STREET NORTH & EIGHTH AVENUE EAST,1,1,1,0,1,4,,0,30,0,0,0,0,0,4,3,8
,2019-1523,39.760997,-105.004275,2/27/2019 8:33,8:33,15,0,0,I25 & 20TH STREET,2,1,0,0,1,4,,0,55,0,0,0,0,0,1,2,13
,2019-15230,39.71164417,-104.9840185,5/6/2019 12:30,12:30,12,0,0,GRANT STREET 200 BLOCK SOUTH & ALAMEDA AVENUE EAST,1,1,0,0,1,4,,0,25,0,0,0,0,0,4,2,13
,2019-15231,39.74025493,-104.9835807,6/20/2019 10:46,10:46,5,0,0,GRANT STREET NORTH & COLFAX AVENUE EAST,1,1,0,0,2,4,,0,30,0,0,0,0,0,4,1,5
,2019-15232,39.72375097,-104.9837059,6/30/2019 11:00,11:00,15,0,0,GRANT STREET NORTH & SPEER BOULEVARD NORTH,1,1,0,0,1,4,,0,30,0,0,0,0,0,4,2,13
,2019-15233,39.77305385,-105.0276185,5/5/2019 2:09,2:09,6,0,0,GROVE STREET NORTH & 41ST AVENUE WEST,1,3,0,0,3,4,,0,25,0,0,0,0,0,4,3,5
,2019-15234,39.76031255,-104.8658551,12/9/2019 18:01,18:01,15,0,0,HAVANA STREET 3000 BLOCK & MLK BOULEVARD EAST,1,3,0,0,1,4,,0,35,0,0,0,0,0,4,2,14
,2019-15235,39.74458962,-104.9647553,7/24/2019 8:31,8:31,12,0,0,HIGH STREET NORTH & 17TH AVENUE EAST,1,1,0,0,1,5,,0,10,0,0,0,0,0,4,2,14