id,drcog_id,latitude,longitude,crashtime,time,crashtype,numbkilled,numbinjurd,drcoglocat,rdconditin,lightngcon,roadcntgrd,weatherco,location,roaddescrp,schoolzone,constrzone,splimit,bikeinv,sctrinv,pedinv,motoinv,svrty,rdsystem,ttlvehcls,hcf
,2019-15236,39.78213101,-104.9645415,4/24/2019 7:55,7:55,12,0,0,HIGH STREET 4700 BLOCK NORTH & 47TH AVENUE EAST,1,1,0,0,1,1,,0,25,0,0,0,0,0,4,2,12
,2019-15237,39.67847017,-104.9652327,3/14/2019 8:01,8:01,3,0,0,HIGH STREET SOUTH & EVANS AVENUE EAST,5,1,0,0,1,3,,0,25,0,0,0,0,0,4,2,13
,2019-15238,39.76608942,-104.9222912,10/21/2019 16:05,16:05,6,0,1,HOLLY STREET NORTH & 35TH AVENUE EAST,1,1,0,0,1,4,,0,25,0,0,0,0,1,4,2,1
,2019-15239,39.68057594,-104.9222513,9/23/2019 8:01,8:01,12,0,2,HOLLY STREET SOUTH & ASBURY AVENUE EAST,1,1,0,0,1,3,,0,30,0,0,0,0,1,4,3,6
,2019-1524,39.760997,-105.004275,8/29/2019 7:35,7:35,12,0,0,I25 & 20TH STREET,1,1,0,0,1,4,,0,55,0,0,0,0,0,1,2,14
,2019-15240,39.75108486,-104.9139727,5/1/2019 15:38,15:38,6,0,0,LOCUST STREET NORTH & 23RD AVENUE EAST,2,1,0,1,1,4,,0,25,0,0,0,0,0,4,2,13
,2019-15241,39.66796494,-104.9210595,1/14/2019 8:09,8:09,12,0,0,HOLLY STREET 1000 BLOCK SOUTH & YALE STREET EAST,1,1,0,0,1,4,,0,30,0,0,0,0,0,4,2,13
,2019-15242,39.69730803,-105.0284824,3/21/2019 15:15,15:15,6,0,0,HOOKER STREET 1000 BLOCK SOUTH & MISSISSIPPI AVENUE WEST,1,1,0,0,1,4,,0,25,0,0,0,0,0,4,2,12
,2019-15243,39.74375706,-104.9696787,11/19/2019 19:40,19:40,6,0,1,HUMBOLDT STREET NORTH & 17TH AVENUE EAST,1,3,0,0,1,4,,0,25,0,0,0,0,1,4,3,5
,2019-15244,39.76136521,-104.9696555,4/8/2019 22:04,22:04,6,0,0,HUMBOLDT STREET 3100 BLOCK NORTH & 31ST AVENUE EAST,1,3,0,0,1,4,,0,25,0,0,0,0,0,4,2,1
,2019-15245,39.73183639,-104.9694829,4/11/2019 14:40,14:40,6,0,0,HUMBOLDT STREET 925 NORTH & NINTH AVENUE EAST,1,1,0,0,1,4,,0,25,0,0,0,0,0,4,2,14
,2019-15246,39.69166504,-104.9698965,7/23/2019 23:00,23:00,6,0,0,HUMBOLDT STREET SOUTH & ARKANSAS AVENUE EAST,1,4,0,0,1,4,,0,25,0,0,0,0,0,4,2,13
,2019-15247,39.77979102,-104.9691991,2/16/2019 13:00,13:00,10,0,0,HUMBOLDT STREET NORTH & MCFARLAND DRIVE,2,1,0,2,1,2,,0,25,0,0,0,0,0,4,2,8
,2019-15248,39.77061929,-104.7522243,2/27/2019 13:03,13:03,6,0,0,IRELAND STREET 4000 BLOCK NORTH & 40TH AVENUE EAST,1,1,0,0,1,4,,0,25,0,0,0,0,0,4,2,13
,2019-15249,39.73410872,-105.0052722,6/11/2019 9:00,9:00,6,0,0,OSAGE STREET 1100 BLOCK NORTH & 11TH AVENUE WEST,1,1,0,0,1,4,,0,,0,0,0,0,0,4,2,13
,2019-1525,39.760997,-105.004275,3/10/2019 16:44,16:44,12,0,0,20TH STREET & I25 NORTHBOUND OFF RAMP,1,1,0,0,1,1,,0,30,0,0,0,0,0,1,2,3
,2019-15250,39.71131895,-105.0299972,4/4/2019 15:40,15:40,3,0,0,IRVING STREET SOUTH 200 BLOCK SOUTH & ALAMEDA AVENUE WEST,1,1,0,0,1,2,,0,10,0,0,0,0,0,4,2,13
,2019-15252,39.71137385,-105.0299974,10/27/2019 4:44,4:44,5,0,0,IRVING STREET SOUTH & ALAMEDA AVENUE WEST,2,3,1,1,1,4,,0,25,0,0,0,0,0,4,1,3
,2019-15253,39.70954556,-105.0298168,8/29/2019 5:16,5:16,6,0,0,IRVING STREET SOUTH & DAKOTA AVENUE WEST,1,3,0,0,1,4,,0,25,0,0,0,0,0,4,3,5
,2019-15254,39.69029258,-105.0297111,11/30/2019 23:54,23:54,6,0,0,IRVING STREET 1400 BLOCK SOUTH & FLORIDA AVENUE WEST,4,3,0,0,1,4,,0,25,0,0,0,0,0,4,2,7
,2019-15255,39.68994943,-105.0297091,12/8/2019 15:05,15:05,6,0,0,IRVING STREET SOUTH & FLORIDA AVENUE WEST,1,1,0,0,1,4,,0,30,0,0,0,0,0,4,2,3
,2019-15256,39.65705231,-105.0297979,8/22/2019 5:52,5:52,6,0,0,IRVING STREET SOUTH & FLOYD AVENUE WEST,1,1,0,0,1,4,,0,25,0,0,0,0,0,4,2,13
,2019-15257,39.69920866,-105.0297512,2/12/2019 7:50,7:50,15,0,0,IRVING STREET 900 BLOCK SOUTH & FORD PLACE WEST,1,1,0,0,1,4,,0,20,0,0,0,0,0,4,2,13
,2019-15258,39.71049137,-105.0298161,7/29/2019 14:09,14:09,6,0,0,IRVING STREET SOUTH & NEVADA PLACE WEST,1,1,0,0,1,4,,0,25,0,0,0,0,0,4,2,13
,2019-15259,39.63072145,-105.1098867,4/18/2019 10:44,10:44,5,0,0,KIPLING STREET SOUTH 4800 BLOCK & SARATOGA PLACE WEST,1,1,0,0,2,4,,0,45,0,0,0,0,0,4,1,13
,2019-1526,39.767924,-104.995084,9/19/2019 16:31,16:31,12,0,0,I25 & MM 212.75,1,1,0,0,1,4,,0,55,0,0,0,0,0,1,2,13
,2019-15260,39.6753751,-104.9187956,4/5/2019 22:47,22:47,6,0,0,JASMINE STREET SOUTH & ILIFF AVENUE EAST,1,4,1,0,1,4,,0,20,0,0,0,0,0,4,2,13
,2019-15261,39.66513531,-105.0309244,10/30/2019 2:00,2:00,6,0,0,JULIAN STREET SOUTH & AMHERST AVENUE WEST,4,3,0,0,1,3,,0,,0,0,0,0,0,4,2,13
,2019-15262,39.70002611,-104.9991592,9/24/2019 17:10,17:10,15,0,0,JASON STREET SOUTH & TENNESSEE AVENUE WEST,1,1,0,0,1,4,,0,30,0,0,0,0,0,4,2,3
,2019-15263,39.70456826,-104.9195814,10/7/2019 23:00,23:00,6,0,0,JERSEY STREET SOUTH & EXPOSITION AVENUE EAST,1,4,0,0,1,4,,0,25,0,0,0,0,0,4,2,5
,2019-15264,39.70551352,-104.919764,7/20/2019 18:19,18:19,15,0,0,JERSEY STREET SOUTH & IVY WAY SOUTH,2,1,0,1,1,4,,0,25,0,0,0,0,0,4,2,13
,2019-15265,39.77552703,-104.9582478,1/4/2019 13:08,13:08,12,0,0,JOSEPHINE 4200 BLOCK NORTH  & 42ND AVENUE EAST,1,1,0,0,1,4,,0,35,0,0,0,0,0,4,2,13
,2019-15266,39.7305209,-104.9591728,9/24/2019 18:20,18:20,12,0,0,JOSEPHINE STREET NORTH & NINTH AVENUE EAST,1,2,1,0,1,4,,0,30,0,0,0,0,0,4,3,1
,2019-15267,39.67121127,-104.9579415,8/24/2019 13:42,13:42,15,0,0,JOSEPHINE SOUTH 2400 BLOCK SOUTH & HARVARD AVENUE EAST,1,1,0,0,1,4,,0,25,0,0,0,0,0,4,2,13
,2019-15268,39.76122405,-105.0322415,6/14/2019 18:28,18:28,14,0,0,JULIAN STREET NORTH & 31ST STREET WEST,1,1,0,0,1,4,,0,20,0,0,0,0,0,4,2,7
,2019-15269,39.72732026,-105.000224,5/29/2019 14:14,14:14,15,0,0,KALAMATH STREET NORTH & SEVENTH AVENUE WEST,1,1,0,0,1,4,,0,35,0,0,0,0,0,4,2,7
,2019-1527,39.779248,-104.989165,1/2/2019 16:24,16:24,12,0,3,I25 & I70,1,1,0,0,1,4,,0,55,0,0,0,0,2,1,2,12
,2019-15270,39.71364739,-104.9996046,10/25/2019 13:42,13:42,12,0,0,KALAMATH STREET SOUTH & CEDAR AVENUE WEST,1,1,0,0,1,4,,0,25,0,0,0,0,0,4,2,13
,2019-15271,39.71860025,-105.0324722,5/22/2019 15:27,15:27,12,0,0,KNOX COURT NORTH 100 BLOCK & FIRST AVENUE WEST,1,1,0,0,1,4,,0,30,0,0,0,0,0,4,2,13
,2019-15272,39.71376637,-105.0324608,4/4/2019 2:25,2:25,6,0,0,KNOX COURT 100 BLOCK SOUTH & CEDAR AVENUE WEST,1,3,0,0,1,4,,0,30,0,0,0,0,0,4,5,2
,2019-15273,39.73220106,-104.9161504,8/1/2019 12:31,12:31,6,0,0,KRAMERIA STREET NORTH & 10TH AVENUE EAST,1,1,0,0,1,4,,0,25,0,0,0,0,0,4,2,7
,2019-15274,39.74514771,-104.9709044,8/25/2019 13:54,13:54,6,0,0,LAFAYETTE STREET NORTH & 17TH STREET EAST,1,1,0,0,1,4,,0,25,0,0,0,0,0,4,2,14
,2019-15275,39.74746374,-104.9996557,3/5/2019 17:20,17:20,15,0,0,LARIMER STREET 1400 BLOCK & 14TH STREET,1,2,0,0,1,3,,0,25,0,0,0,0,0,4,2,13
,2019-15276,39.74934728,-104.9972474,1/20/2019 13:50,13:50,12,0,0,LARIMER STREET 1600 BLOCK & 16TH STREET,1,1,0,0,1,4,,0,30,0,0,0,0,0,4,2,13
,2019-15277,39.75206305,-104.9937334,8/27/2019 15:20,15:20,12,0,0,LARIMER STREET & 19TH STREET,1,1,0,0,1,4,,0,30,0,0,0,0,0,4,2,8
,2019-15278,39.75409923,-104.9911051,6/14/2019 0:25,0:25,3,0,0,LARIMER STREET 2100 BLOCK & 21ST STREET,1,3,0,0,1,2,,0,30,0,0,0,0,0,4,2,5
,2019-15279,39.76698079,-104.9744703,11/6/2019 18:44,18:44,10,0,0,LARIMER STREET & 35TH STREET,2,3,0,1,1,4,,0,25,0,0,0,0,0,4,2,1
,2019-1528,39.779391,-104.989165,4/28/2019 17:04,17:04,12,0,0,I25 & I70,1,1,0,0,1,4,,0,60,0,0,0,0,0,1,2,12
,2019-15280,39.75421022,-104.9892139,7/6/2019 2:20,2:20,6,0,0,LAWRENCE STREET & 22ND STREET,1,3,0,0,1,4,,0,30,0,0,0,0,0,4,2,13
,2019-15281,39.73204056,-104.9861699,6/5/2019 18:39,18:39,6,0,0,LINCOLN STREET & 1100 BLOCK NORTH,1,1,1,0,1,4,,0,30,0,0,0,0,0,4,2,13
,2019-15282,39.73404953,-104.9861291,1/16/2019 17:50,17:50,12,0,0,LINCOLN STREET NORTH & 11TH AVENUE EAST,1,2,0,0,1,4,,0,30,0,0,0,0,0,4,4,8
,2019-15283,39.73388482,-104.9861299,9/18/2019 17:41,17:41,6,0,0,LINCOLN STREET NORTH & 11TH AVENUE EAST,1,1,1,0,1,4,,0,30,0,0,0,0,0,4,2,13
,2019-15284,39.73440979,-104.9861274,11/9/2019 18:35,18:35,6,0,0,LINCOLN STREET 1100 BLOCK NORTH & 11TH AVENUE EAST,1,3,0,0,1,4,,0,30,0,0,0,0,0,4,2,13
,2019-15285,39.74192552,-104.9861161,9/30/2019 15:30,15:30,15,0,1,LINCOLN STREET NORTH & 16TH AVENUE EAST,1,1,0,0,1,4,,0,30,0,0,0,0,2,4,2,13
,2019-15286,39.71937376,-104.9862597,7/18/2019 12:20,12:20,12,0,1,LINCOLN STREET NORTH & SECOND AVENUE EAST,1,1,0,0,1,4,,0,30,0,0,0,0,1,4,2,13
,2019-15287,39.73124256,-104.9861305,7/8/2019 7:34,7:34,12,0,0,LINCOLN STREET NORTH 900 BLOCK & NINTH AVENUE EAST,1,1,0,0,1,4,,0,30,0,0,0,0,0,4,2,14
,2019-15288,39.71145155,-104.9863619,7/13/2019 15:06,15:06,15,0,0,LINCOLN STREET SOUTH & ALAMEDA AVENUE EAST,1,1,0,0,1,4,,0,30,0,0,0,0,0,4,2,13
,2019-15289,39.71115944,-104.9863904,9/24/2019 12:11,12:11,15,0,0,LINCOLN STREET 200 SOUTH & ALAMEDA AVENUE EAST,1,1,0,0,1,4,,0,30,0,0,0,0,0,4,2,13
,2019-15290,39.74028521,-104.9861296,7/1/2019 10:30,10:30,15,0,0,LINCOLN STREET NORTH & COLFAX AVENUE EAST,1,1,0,0,1,4,,1,35,0,0,0,0,0,4,2,13
,2019-15291,39.70994537,-104.9863847,1/16/2019 9:28,9:28,12,0,0,LINCOLN STREET SOUTH & DAKOTA AVENUE EAST,1,1,0,0,1,4,,0,,0,0,0,0,0,4,3,13
,2019-15292,39.71656169,-104.9862784,1/13/2019 3:30,3:30,15,0,0,LINCOLN STREET 20 BLOCK NORTH & ELLSWORTH AVENUE EAST,1,3,0,0,1,4,,0,35,0,0,0,0,0,4,2,2
,2019-15293,39.67359074,-105.0337994,6/20/2019 0:17,0:17,6,0,0,LINLEY COURT SOUTH & WESLEY AVENUE,1,3,0,0,1,4,,0,25,0,0,0,0,0,4,2,5
,2019-15294,39.7694845,-105.00176,5/23/2019 8:05,8:05,3,0,0,LIPAN STREET NORTH 3800 BLOCK & 38TH AVENUE WEST,1,1,0,0,1,2,,0,25,0,0,0,0,0,4,2,13
,2019-15295,39.77550938,-105.0018175,9/2/2019 0:12,0:12,6,0,0,LIPAN STREET NORTH & 43RD AVENUE WEST,1,3,0,0,1,4,,0,25,0,0,0,0,0,4,2,7
,2019-15296,39.72923555,-105.00159,11/17/2019 2:04,2:04,14,0,0,LIPAN STREET NORTH & EIGHTH AVENUE WEST,1,3,0,0,1,5,,0,25,0,0,0,0,0,4,2,1
,2019-15297,39.67859832,-105.0017857,2/8/2019 9:44,9:44,12,0,0,LIPAN STREET SOUTH 2000 BLOCK SOUTH & EVANS AVENUE WEST,5,1,0,0,1,4,,0,30,0,0,0,0,0,4,2,13
,2019-15298,39.71142091,-104.9141873,1/24/2019 15:48,15:48,3,0,0,LOCUST STREET 200 SOUTH & ALAMEDA AVENUE EAST,5,1,0,0,1,3,,0,35,0,0,0,0,0,4,2,1
,2019-15299,39.73534518,-104.9823002,6/14/2019 22:30,22:30,6,0,0,LOGAN STREET NORTH & 12TH AVENUE EAST,1,1,0,0,1,4,,0,30,0,0,0,0,0,4,2,3
,2019-15300,39.71679754,-104.9826303,2/4/2019 1:57,1:57,6,0,1,LOGAN STREET NORTH & ELLSWORTH AVENUE EAST,1,3,0,0,1,4,,0,25,0,0,0,0,1,4,5,5
,2019-15301,39.74355442,-104.9823353,11/18/2019 8:50,8:50,15,0,1,LOGAN STREET NORTH & 17TH AVENUE EAST,1,1,0,0,1,4,,0,25,0,0,0,0,1,4,2,13
,2019-15302,39.76233165,-105.0346097,8/6/2019 8:15,8:15,6,0,0,LOWELL BOULEVARD NORTH & 32ND AVENUE WEST,1,1,1,0,1,4,,0,25,0,0,0,0,0,4,2,2
,2019-15304,39.7580154,-104.9033937,1/28/2019 11:34,11:34,5,0,1,QUEBEC STREET 2900 NORTH & 29TH STREET EAST,4,1,0,2,3,4,,0,30,0,0,0,0,1,4,1,13
,2019-15305,39.66263994,-105.0351011,10/29/2019 7:35,7:35,5,0,0,LOWELL BOULEVARD 2800 BLOCK SOUTH & DARTMOUTH AVENUE WEST,5,1,1,2,3,4,,0,25,0,0,0,0,0,4,1,1
,2019-15306,39.6295497,-105.0348088,6/19/2019 7:10,7:10,3,0,0,LOWELL BOULEVARD 4700 BLOCK SOUTH & LAYTON AVENUE WEST,1,1,1,0,1,2,,0,25,0,0,0,0,0,4,2,13
,2019-15307,39.77931444,-105.0345989,10/9/2019 18:05,18:05,12,0,0,LOWELL BOULEVARD 4500 BLOCK NORTH & SCOTT PLACE WEST,1,2,0,0,1,4,,0,30,0,0,0,0,0,4,2,12
,2019-15308,39.66907055,-105.0349519,5/26/2019 21:54,21:54,5,0,1,LOWELL BOULEVARD SOUTH & YALE AVENUE WEST,1,3,0,0,3,3,,0,30,0,0,0,0,1,4,1,5
,2019-15309,39.71746512,-104.9037004,10/10/2019 9:10,9:10,12,0,1,LOWRY BOULEVARD EAST & QUEBEC STREET SOUTH,5,1,0,2,1,4,,0,35,0,0,0,0,1,4,3,13
,2019-15310,39.73705593,-104.9718504,8/16/2019 10:05,10:05,6,0,0,MARION STREET NORTH & 13TH AVENUE WEST,1,1,0,0,1,4,,0,25,0,0,0,0,0,4,2,13
,2019-15311,39.76726998,-104.9721029,8/2/2019 14:15,14:15,12,0,1,MARION STREET NORTH & 36TH AVENUE EAST,1,1,0,0,1,3,,0,25,0,0,0,0,1,4,2,5
,2019-15312,39.76890141,-104.9720901,10/1/2019 16:20,16:20,6,0,0,MARION STREET NORTH & 37TH AVENUE EAST,1,1,0,0,1,4,,0,25,0,0,0,0,0,4,3,3
,2019-15313,39.73928674,-105.0358111,1/5/2019 13:07,13:07,6,0,0,MEADE STREET 1400 BLOCK NORTH & 14TH AVENUE,14,5,0,7,1,4,,0,25,0,0,0,0,0,4,2,13
,2019-15314,39.664633,-105.0372946,2/10/2019 10:00,10:00,6,0,0,MEADE STREET 2700 BLOCK SOUTH & LINVALE PLACE WEST,5,1,1,0,1,4,,0,25,0,0,0,0,0,4,2,13
,2019-15315,39.74055308,-104.9647656,5/19/2019 23:04,23:04,5,0,0,MILE HIGH STREET & COLFAX AVENUE WEST,1,3,0,0,3,4,,0,25,0,0,0,0,0,4,1,5
,2019-15316,39.71955831,-104.9521998,5/13/2019 9:00,9:00,15,0,0,MILWAUKEE STREET NORTH & SECOND AVENUE EAST,1,1,0,0,1,5,,0,5,0,0,0,0,0,4,2,1
,2019-15317,39.7199701,-104.9522015,9/15/2019 19:05,19:05,6,0,0,MILWAUKEE STREET NORTH & SECOND AVENUE EAST,1,2,1,0,1,4,,0,25,0,0,0,0,0,4,2,8
,2019-15318,39.72151804,-104.952207,11/14/2019 12:04,12:04,6,0,0,MILWAUKEE STREET NORTH & THIRD AVENUE EAST,1,1,0,0,1,4,,0,25,0,0,0,0,0,4,2,13
,2019-15319,39.76203158,-104.9487235,3/30/2019 1:00,1:00,6,0,0,MLK BOULEVARD EAST & ADAMS STREET NORTH,2,3,1,2,1,4,,0,25,0,0,0,0,0,4,4,14
,2019-15320,39.76065104,-104.9000724,11/29/2019 21:19,21:19,6,0,0,MLK BOULEVARD EAST & STREET PAUL STREET NORTH,4,3,0,2,1,4,,0,,0,0,0,0,0,4,2,13
,2019-15321,39.77402297,-104.9128062,9/3/2019 11:11,11:11,12,0,0,MONACO STREET NORTH & 42ND AVENUE EAST,1,1,0,0,1,3,,0,35,0,0,0,0,0,4,2,13
,2019-15322,39.72687619,-104.9128112,5/2/2019 7:54,7:54,12,0,0,MONACO STREET NORTH & SEVENTH AVENUE EAST,1,1,0,0,1,3,,0,35,0,0,0,0,0,4,3,13
,2019-15323,39.77892907,-105.0369398,6/18/2019 9:55,9:55,5,0,0,NEWTON STREET NORTH & 45TH AVENUE WEST,1,1,0,0,3,5,,0,10,0,0,0,0,0,4,1,3
,2019-15324,39.7115716,-104.9129332,3/15/2019 15:55,15:55,12,0,0,MONACO STREET SOUTH 200 BLOCK & ALAMEDA AVENUE EAST,1,1,0,0,1,3,,0,,0,0,0,0,0,4,2,13
,2019-15325,39.71150299,-104.9129345,3/23/2019 3:51,3:51,5,0,0,MONACO STREET SOUTH & ALAMEDA AVENUE EAST,1,3,0,0,3,4,,0,35,0,0,0,0,0,4,1,5
,2019-15326,39.6715481,-104.9129684,5/24/2019 12:40,12:40,15,0,0,MONACO STREET SOUTH & BAKER PLACE EAST,1,1,0,0,1,4,,0,35,0,0,0,0,0,4,2,13
,2019-15327,39.71497377,-104.9128709,2/25/2019 18:38,18:38,12,0,0,MONACO STREET & BAYAUD AVENUE EAST,1,3,0,0,1,4,,0,35,0,0,0,0,0,4,2,13
,2019-15328,39.69184279,-104.9128893,4/21/2019 5:33,5:33,5,0,0,MONACO STREET SOUTH & CHERRY CREEK NORTH DRIVE,1,3,1,0,2,4,,0,35,0,0,0,0,0,4,1,5
,2019-15329,39.67898403,-104.9128962,4/11/2019 12:34,12:34,15,0,0,MONACO STREET 1900 BLOCK SOUTH & EVANS AVENUE EAST,1,1,0,0,1,4,,0,40,0,0,0,0,0,4,2,1
,2019-1533,39.711092,-105.02769,8/13/2019 7:08,7:08,12,0,0,ALAMEDA AVENUE WEST & HAZEL COURT SOUTH,1,1,0,0,1,3,,0,30,0,0,0,0,0,2,2,13
,2019-15330,39.68207971,-104.9128109,4/18/2019 7:45,7:45,12,0,0,MONACO PARKWAY 1800 BLOCK SOUTH & JEWELL AVENUE EAST,1,1,0,0,1,3,,0,35,0,0,0,0,0,4,3,1
,2019-15331,39.73900506,-105.0369829,5/20/2019 23:35,23:35,6,0,0,NEWTON STREET NORTH & 14TH AVENUE WEST,4,3,0,2,1,4,,0,35,0,0,0,0,0,4,2,9
,2019-15332,39.64588342,-104.9128427,7/27/2019 21:54,21:54,6,0,0,MONACO STREET SOUTH & MANSFIELD AVENUE EAST,1,3,0,0,1,4,,0,30,0,0,0,0,0,4,3,8
,2019-15333,39.66846757,-104.9129468,10/1/2019 8:46,8:46,12,0,1,MONACO STREET 2600 BLOCK SOUTH & YALE AVENUE EAST,1,1,0,0,1,3,,0,35,0,0,0,0,1,4,2,5
,2019-15334,39.70152724,-105.0472146,4/12/2019 6:40,6:40,1,0,0,MORRISON ROAD 4500 BLOCK & ADA PLACE WEST,1,1,0,0,1,2,,0,30,0,0,0,0,0,4,3,13
,2019-15335,39.7635569,-105.0369594,1/10/2019 13:00,13:00,6,0,0,NEWTON STREET 3200 BLOCK NORTH & 32ND AVENUE WEST,1,1,0,0,1,4,,0,25,0,0,0,0,0,4,2,13
,2019-15336,39.73746492,-104.9105007,12/10/2019 13:20,13:20,6,0,0,NIAGARA STREET NORTH & 13TH AVENUE EAST,1,1,0,0,1,4,,0,,0,0,0,0,0,4,2,13
,2019-15337,39.76268848,-105.0041345,12/15/2019 2:38,2:38,5,0,1,NAVAJO STREET NORTH & 32ND AVENUE WEST,1,3,0,4,2,4,,0,30,0,0,0,0,2,4,1,13
,2019-15338,39.76819422,-105.0041298,11/3/2019 17:05,17:05,6,0,0,NAVAJO STREET NORTH & 37TH AVENUE WEST,1,2,0,0,1,4,,0,30,0,0,0,0,0,4,2,13
,2019-15339,39.77465398,-105.0041924,6/28/2019 9:25,9:25,6,0,0,NAVAJO STREET NORTH & 42ND AVENUE WEST,1,1,0,0,1,4,,0,25,0,0,0,0,0,4,2,14
,2019-1534,39.711146,-105.02053,5/22/2019 7:20,7:20,10,0,0,ALAMEDA AVENUE WEST & CLAY STREET SOUTH,1,1,0,0,1,2,,0,35,0,0,0,0,0,2,2,7
,2019-15341,39.62462154,-104.9069587,11/18/2019 9:48,9:48,15,0,0,NEWPORT STREET SOUTH & BELLEVIEW AVENUE EAST,1,1,0,0,1,4,,0,25,0,0,0,0,0,4,2,13
,2019-15342,39.76215345,-105.036959,1/25/2019 17:23,17:23,12,0,0,NEWTON STREET NORTH & 32ND AVENUE WEST,2,3,0,0,1,4,,0,25,0,0,0,0,0,4,2,13
,2019-15343,39.76259603,-105.0369594,2/1/2019 6:00,6:00,6,0,0,NEWTON STREET 3200 BLOCK NORTH & 32ND AVENUE WEST,1,1,0,0,1,4,,0,25,0,0,0,0,0,4,2,13
,2019-15344,39.72864379,-105.037297,9/10/2019 4:33,4:33,6,0,0,NEWTON STREET NORTH & SEVENTH AVENUE WEST,1,3,0,0,1,4,,0,25,0,0,0,0,0,4,2,5
,2019-15345,39.73101079,-105.0373061,11/3/2019 11:29,11:29,6,0,0,NEWTON STREET NORTH & NINTH AVENUE WEST,1,1,1,0,1,4,,0,25,0,0,0,0,0,4,2,13
,2019-15346,39.74431503,-104.9105072,5/12/2019 12:59,12:59,6,0,0,NIAGRA STREET NORTH & 17TH AVENUE EAST,1,1,0,0,1,4,,0,25,0,0,0,0,0,4,2,2
,2019-15347,39.74028737,-104.9747892,8/13/2019 3:48,3:48,6,0,0,OGDEN STREET ROAD NORTH & COLFAX AVENUE EAST,1,3,0,0,1,4,,0,30,0,0,0,0,0,4,2,7
,2019-15348,39.74649351,-104.9747589,4/24/2019 9:40,9:40,6,0,0,OGDEN STREET 1900 BLOCK NORTH & 19TH STREET EAST,1,1,0,0,1,4,,0,25,0,0,0,0,0,4,2,13
,2019-15349,39.71540931,-104.9757502,3/21/2019 13:15,13:15,3,0,0,OGDEN STREET SOUTH & BAYAUD AVENUE EAST,1,1,0,0,1,2,,0,,0,0,0,0,0,4,4,13
,2019-15350,39.74663482,-104.9069536,5/14/2019 11:00,11:00,6,0,0,OLIVE STREET NORTH & 19TH STREET EAST,1,1,0,0,1,4,,0,30,0,0,0,0,0,4,2,13
,2019-15351,39.72729643,-104.9799377,6/30/2019 14:20,14:20,6,0,0,PEARL STREET NORTH & SEVENTH AVENUE EAST,1,1,2,0,1,4,,0,30,0,0,0,0,0,4,2,13
,2019-15352,39.69760316,-104.9082224,7/12/2019 19:06,19:06,3,0,0,ONEIDA STREET SOUTH & MISSISSIPPI AVENUE EAST,1,1,0,0,1,2,,0,25,0,0,0,0,0,4,2,14
,2019-15353,39.78188574,-104.7370309,4/16/2019 17:14,17:14,12,0,0,ORLEANS STREET NORTH & GREEN VALLEY RANCH BOULEVARD EAST,1,1,0,1,1,3,,0,30,0,0,0,0,0,4,2,5
,2019-15354,39.76192167,-105.0055631,6/9/2019 17:57,17:57,6,0,0,OSAGE STREET NORTH & 20TH STREET,1,1,0,0,1,3,,0,25,0,0,0,0,0,4,2,13
,2019-15355,39.78493356,-104.8488869,11/21/2019 15:59,15:59,3,0,0,PARIS STREET 4800 BLOCK NORTH & 49TH AVENUE EAST,2,2,0,0,1,2,,0,25,0,0,0,0,0,4,2,13
,2019-15356,39.75796706,-104.9918239,8/16/2019 16:50,16:50,15,0,0,PARK AVENUE WEST & WAZEE STREET,1,1,0,0,1,3,,0,30,0,0,0,0,0,4,2,13
,2019-15357,39.75952441,-104.993843,8/3/2019 19:22,19:22,15,0,0,PARK AVENUE WEST & WEWATTA STREET,1,1,1,0,1,4,,0,35,0,0,0,0,0,4,2,13
,2019-15358,39.67523556,-105.0386282,7/27/2019 4:39,4:39,6,0,1,PATTON COURT SOUTH & ILIFF AVENUE WEST,1,3,0,0,1,4,,0,25,0,0,0,0,1,4,3,6
,2019-15359,39.73704229,-104.9798835,2/15/2019 20:30,20:30,6,0,0,PEARL STREET 1300 BLOCK NORTH & 13TH AVENUE EAST,1,3,0,0,1,4,,0,30,0,0,0,0,0,4,2,13
,2019-1536,39.653093,-104.912695,10/11/2019 11:30,11:30,12,0,0,HAMPDEN AVENUE EAST & MONACO STREET SOUTH,1,1,0,0,1,3,,0,40,0,0,0,0,0,2,2,3
,2019-15360,39.73742656,-104.9798896,12/11/2019 21:58,21:58,6,0,0,PEARL STREET 1300 BLOCK NORTH & 13TH AVENUE EAST,1,3,0,0,1,4,,0,30,0,0,0,0,0,4,2,13
,2019-15361,39.74057107,-104.9799059,1/31/2019 12:24,12:24,6,0,0,PEARL STREET 1500 BLOCK NORTH & COLFAX AVENUE EAST,1,1,0,0,1,4,,0,25,0,0,0,0,0,4,2,13
,2019-15362,39.76238922,-105.0064418,6/8/2019 14:10,14:10,6,0,0,PECOS STREET 3200 BLOCK NORTH & 32ND AVENUE WEST,1,1,0,0,1,4,,0,30,0,0,0,0,0,4,2,13
,2019-15363,39.7648328,-105.0064451,5/7/2019 22:53,22:53,6,0,0,PECOS STREET NORTH & 34TH AVENUE WEST,2,3,0,1,1,4,,0,25,0,0,0,0,0,4,3,5