id,drcog_id,latitude,longitude,crashtime,time,crashtype,numbkilled,numbinjurd,drcoglocat,rdconditin,lightngcon,roadcntgrd,weatherco,location,roaddescrp,schoolzone,constrzone,splimit,bikeinv,sctrinv,pedinv,motoinv,svrty,rdsystem,ttlvehcls,hcf
,2019-15364,39.7648328,-105.0064451,12/14/2019 21:31,21:31,5,0,2,PECOS STREET NORTH & 34TH AVENUE WEST,1,3,1,0,1,4,,0,,0,0,0,0,1,4,2,13
,2019-15365,39.77790765,-105.0064399,1/2/2019 17:00,17:00,8,0,2,PECOS STREET NORTH & 44TH AVENUE WEST,1,3,0,0,1,4,,0,30,0,0,0,0,1,4,2,2
,2019-15366,39.77687571,-105.0064353,2/7/2019 17:10,17:10,15,0,0,PECOS STREET 4400 BLOCK NORTH & 44TH AVENUE WEST,5,2,1,0,1,4,,0,35,0,0,0,0,0,4,4,13
,2019-15367,39.78499819,-105.0064266,1/30/2019 8:10,8:10,12,0,0,PECOS STREET NORTH 4800 BLOCK & 48TH AVENUE WEST,1,1,0,0,1,3,,0,30,0,0,0,0,0,4,2,1
,2019-15368,39.70900796,-105.0062485,3/27/2019 12:57,12:57,12,0,0,PECOS STREET SOUTH & ALASKA PLACE WEST,1,1,0,0,1,5,,0,15,0,0,0,0,0,4,2,3
,2019-15369,39.78785057,-105.0064021,6/15/2019 9:05,9:05,6,0,0,PECOS STREET 5000 BLOCK NORTH & BEEKMAN PLACE WEST,1,1,0,0,1,4,,0,30,0,0,0,0,0,4,3,13
,2019-1537,39.653423,-104.868666,1/1/2019 1:34,1:34,5,0,1,HAMPDEN AVENUE EAST & GALENA STREET SOUTH,10,3,1,0,3,4,,0,35,0,0,0,0,2,2,1,5
,2019-15370,39.67908212,-105.0064115,10/31/2019 9:12,9:12,8,0,1,PECOS STREET 2000 BLOCK SOUTH & EVANS AVENUE WEST,5,1,1,0,1,4,,0,25,0,0,0,0,2,4,2,13
,2019-15371,39.7836413,-104.7913918,2/9/2019 19:52,19:52,12,0,0,PENA BOULEVARD & GREEN VALLEY RANCH BOULEVARD EAST,2,4,1,0,1,3,,0,35,0,0,0,0,0,4,2,13
,2019-15372,39.83434915,-104.7718825,10/10/2019 10:11,10:11,12,0,0,PENA BOULEVARD & TOWER ROAD NORTH,5,1,0,2,1,4,,0,65,0,0,0,0,0,4,2,13
,2019-15373,39.66795452,-104.9899888,12/17/2019 1:20,1:20,6,0,0,BANNOCK STREET SOUTH & YALE AVENUE WEST,1,4,0,0,1,4,,0,35,0,0,0,0,0,4,2,13
,2019-15374,39.78196299,-104.981201,6/8/2019 22:55,22:55,12,0,0,PENNSYLVANIA STREET & 1500 BLOCK,1,3,0,0,1,4,,0,25,0,0,0,0,0,4,2,13
,2019-15375,39.73045364,-104.9810912,3/2/2019 10:45,10:45,6,0,0,PENNSYLVANIA 900 BLOCK NORTH & NINTH AVENUE EAST,1,1,0,0,1,4,,0,25,0,0,0,0,0,4,2,14
,2019-15376,39.74022802,-104.9811005,1/26/2019 21:56,21:56,6,0,0,PENNSYLVANIA 1500 NORTH & COLFAX AVENUE EAST,1,4,0,0,1,4,,0,25,0,0,0,0,0,4,2,8
,2019-15377,39.77217179,-104.8470287,3/17/2019 12:00,12:00,12,0,0,PEORIA STREET 3900 BLOCK NORTH & 39TH AVENUE EAST,1,1,0,0,1,4,,0,35,0,0,0,0,0,4,2,3
,2019-15378,39.77162102,-104.8470317,4/19/2019 23:41,23:41,12,0,0,PEORIA STREET NORTH & 39TH AVENUE EAST,1,3,0,0,1,4,,0,40,0,0,0,1,0,4,2,5
,2019-15379,39.77118369,-104.8470344,7/14/2019 17:50,17:50,12,0,0,PEORIA STREET NORTH 3900 BLOCK & 39TH AVENUE EAST,1,1,0,0,1,1,,0,35,0,0,0,1,0,4,2,3
,2019-15380,39.77111316,-104.8470349,10/15/2019 7:20,7:20,12,0,0,PEORIA STREET NORTH & 39TH AVENUE EAST,1,1,0,0,1,3,,0,35,0,0,0,0,0,4,2,13
,2019-15382,39.77847217,-104.8470287,11/21/2019 15:49,15:49,15,0,0,PEORIA STREET NORTH & 45TH AVENUE EAST,1,1,0,0,1,4,,0,40,0,0,0,0,0,4,2,13
,2019-15383,39.71863715,-105.0397019,7/30/2019 8:28,8:28,6,0,1,PERRY STREET NORTH & FIRST AVENUE WEST,1,1,1,0,1,4,,0,30,0,0,0,0,2,4,3,13
,2019-15385,39.77963164,-104.8470216,6/5/2019 7:58,7:58,12,0,0,PEORIA STREET NORTH & 46TH AVENUE EAST,1,1,0,0,1,4,,0,35,0,0,0,0,0,4,3,3
,2019-15386,39.678462,-104.9451885,5/9/2019 16:11,16:11,3,0,1,MONROE STREET SOUTH & EVANS AVENUE EAST,1,1,0,0,1,1,,0,40,0,0,0,0,1,4,2,13
,2019-15387,39.7825317,-104.8470117,6/24/2019 10:50,10:50,12,0,0,PEORIA STREET NORTH & 47TH AVENUE EAST,1,1,0,0,1,3,,0,35,0,0,0,0,0,4,2,13
,2019-15388,39.78623408,-104.8470471,11/2/2019 17:07,17:07,5,0,1,PEORIA STREET NORTH & ANDREWS DRIVE EAST,1,1,0,0,3,4,,0,45,0,0,0,0,1,4,1,5
,2019-15389,39.70642788,-105.0396908,8/26/2019 12:04,12:04,15,0,0,PERRY STREET SOUTH & MORRISON ROAD,1,1,0,0,1,3,,0,25,0,0,0,0,0,4,2,13
,2019-15390,39.70644436,-105.0396909,10/15/2019 16:25,16:25,8,0,0,PERRY STREET 500 BLOCK SOUTH & MORRISON ROAD,1,1,0,0,1,4,,0,25,0,0,0,0,0,4,2,14
,2019-15391,39.63873649,-105.0767818,1/24/2019 12:58,12:58,12,0,0,PIERCE STREET SOUTH & QUINCY AVENUE WEST,5,1,1,0,1,3,,0,30,0,0,0,0,0,4,2,8
,2019-15392,39.74056287,-104.9046154,11/21/2019 15:21,15:21,3,0,0,POPLAR STREET NORTH & COLFAX AVENUE EAST,2,1,0,2,1,2,,0,25,0,0,0,0,0,4,4,7
,2019-15393,39.65328906,-104.9047554,7/23/2019 11:47,11:47,3,0,0,POPLAR STREET SOUTH & HAMPDEN AVENUE EAST,1,1,0,0,1,2,,0,25,0,0,0,0,0,4,2,8
,2019-15394,39.7374739,-104.9034587,4/1/2019 15:15,15:15,12,0,0,QUEBEC STREET NORTH & 13TH AVENUE EAST,1,1,0,0,1,4,,0,30,0,0,0,0,0,4,5,1
,2019-15396,39.73754253,-104.903459,10/7/2019 18:31,18:31,12,0,0,QUEBEC STREET NORTH  & 13TH AVENUE EAST,1,2,0,0,1,4,,0,30,0,0,0,0,0,4,2,13
,2019-15397,39.73959593,-104.9034601,10/9/2019 8:30,8:30,15,0,0,QUEBEC STREET NORTH & 14TH AVENUE EAST,1,1,0,0,1,4,,0,30,0,0,0,0,0,4,2,1
,2019-15399,39.74419585,-104.903457,7/10/2019 12:28,12:28,12,0,0,QUEBEC STREET NORTH & 17TH AVENUE EAST,1,1,0,0,1,4,,0,35,0,0,0,0,0,4,3,13
,2019-15400,39.74863153,-104.903451,5/26/2019 10:15,10:15,6,0,0,QUEBEC STREET NORTH & 21ST AVENUE EAST,1,1,0,0,2,4,,0,35,0,0,0,0,0,4,3,13
,2019-15401,39.75824661,-104.9033435,8/29/2019 17:50,17:50,15,0,0,QUEBEC STREET NORTH  & 29TH AVENUE EAST,1,1,0,0,1,3,,0,35,0,0,0,0,0,4,2,7
,2019-15402,39.75960349,-104.90309,4/8/2019 7:49,7:49,15,0,0,QUEBEC STREET 3000 BLOCK NORTH & 30TH AVENUE EAST,1,1,0,0,1,4,,0,35,0,0,0,0,0,4,2,13
,2019-15403,39.76325794,-104.9027411,3/15/2019 6:55,6:55,12,0,0,QUEBEC STREET NORTH & 4000 BLOCK,1,1,2,0,1,4,,0,,0,0,0,0,0,4,2,8
,2019-15404,39.79450236,-104.9034043,10/8/2019 8:26,8:26,15,0,1,QUEBEC STREET 5400 BLOCK NORTH & 53RD STREET EAST,1,1,1,0,1,4,,0,45,0,0,0,0,1,4,3,13
,2019-15405,39.72554571,-104.9035389,8/23/2019 18:25,18:25,12,0,0,QUEBEC STREET NORTH & SIXTH AVENUE EAST,1,2,0,0,1,1,,0,25,0,0,0,0,0,4,2,1
,2019-15406,39.72688081,-104.9034694,9/5/2019 15:26,15:26,15,0,0,QUEBEC STREET NORTH  & SEVENTH AVENUE EAST,1,1,0,0,1,4,,0,30,0,0,0,0,0,4,2,13
,2019-15407,39.71128237,-104.9034947,1/11/2019 21:08,21:08,15,0,0,QUEBEC STREET & ALAMEDA AVENUE EAST,6,3,0,2,1,3,,0,35,0,0,0,0,0,4,2,1
,2019-15408,39.71162116,-104.9034696,4/23/2019 15:40,15:40,12,0,0,QUEBEC STREET 200 BLOCK SOUTH & ALAMEDA AVENUE EAST,1,1,0,0,1,3,,0,35,0,0,0,0,0,4,2,3
,2019-15409,39.74551359,-104.990181,9/8/2019 15:30,15:30,6,0,0,WELTON STREET & 17TH STREET,1,1,0,0,1,1,,0,30,0,0,0,0,0,4,2,7
,2019-15410,39.71135875,-104.903489,6/4/2019 14:10,14:10,12,0,1,QUEBEC STREET SOUTH & ALAMEDA AVENUE EAST,1,1,0,0,1,4,,0,35,0,0,0,0,1,4,2,3
,2019-15412,39.71130403,-104.9034931,8/5/2019 11:15,11:15,15,0,0,QUEBEC STREET SOUTH & ALAMEDA AVENUE EAST,1,1,0,0,1,4,,0,30,0,0,0,0,0,4,2,13
,2019-15413,39.71153907,-104.9034756,12/5/2019 16:01,16:01,15,0,0,QUEBEC STREET 200 BLOCK SOUTH & ALAMEDA AVENUE EAST,2,3,0,1,1,3,,0,35,0,0,0,0,0,4,2,1
,2019-15414,39.74261755,-104.9034118,4/16/2019 18:10,18:10,12,0,1,QUEBEC STREET NORTH & BATAVIA PLACE EAST,1,1,0,0,1,4,,0,30,0,0,0,0,1,4,2,1
,2019-15415,39.62423578,-104.9040338,4/5/2019 9:12,9:12,12,0,0,QUEBEC STREET 5000 BLOCK SOUTH & BELLEVIEW AVENUE EAST,1,1,0,0,1,4,,0,30,0,0,0,0,0,4,2,13
,2019-15416,39.68581668,-104.9034303,2/15/2019 15:18,15:18,12,0,1,QUEBEC STREET SOUTH & CHERRY CREEK SOUTH EAST,1,1,0,0,1,4,,0,35,0,0,0,0,1,4,2,13
,2019-15417,39.66462669,-104.9025548,10/24/2019 9:30,9:30,12,0,0,QUEBEC STREET SOUTH & CORNELL AVENUE EAST,2,1,0,2,1,4,,0,30,0,0,0,0,0,4,2,13
,2019-15418,39.7008654,-104.9035208,2/26/2019 8:07,8:07,12,0,1,QUEBEC STREET 800 BLOCK SOUTH & LEETSDALE DRIVE,1,1,0,0,1,4,,0,30,0,0,0,0,1,4,2,1
,2019-15419,39.69875176,-104.9035516,10/15/2019 9:05,9:05,15,0,0,QUEBEC STREET 900 BLOCK SOUTH & LEETSDALE DRIVE,1,1,1,0,1,4,,0,30,0,0,0,0,0,4,2,13
,2019-15420,39.71732787,-104.9037022,8/29/2019 13:05,13:05,9,0,0,QUEBEC STREET NORTH  & LOWRY BOULEVARD EAST,1,1,0,1,1,3,,0,35,0,0,0,0,0,4,2,15
,2019-15421,39.76213387,-104.9027438,8/13/2019 17:00,17:00,15,0,0,QUEBEC STREET NORTH & MLK BOULEVARD EAST,1,1,0,0,1,4,,0,35,0,0,0,0,0,4,2,1
,2019-15422,39.76213387,-104.9027438,10/6/2019 22:00,22:00,12,0,0,QUEBEC STREET NORTH & MLK BOULEVARD EAST,1,3,0,0,1,4,,0,35,0,0,0,0,0,4,2,13
,2019-15423,39.709425,-105.025076,10/21/2019 15:52,15:52,5,0,0,FEDERAL BOULEVARD SOUTH & DAKOTA AVENUE,1,1,0,0,3,1,,0,40,0,0,0,0,0,2,1,13
,2019-15424,39.74771244,-104.9034452,11/7/2019 8:47,8:47,12,0,0,QUEBEC STREET NORTH  & MONTVIEW BOULEVARD EAST,1,1,0,0,1,3,,0,30,0,0,0,0,0,4,2,13
,2019-15425,39.63983419,-105.053322,10/2/2019 20:01,20:01,15,0,0,QUINCY AVENUE 8000 BLOCK EAST & QUINCY AVENUE EAST,1,3,1,0,1,3,,0,35,0,0,0,0,0,4,2,7
,2019-15426,39.69362708,-105.0067276,7/3/2019 3:00,3:00,6,0,0,QUIVAS STREET SOUTH & LOUISIANA AVENUE WEST,1,4,1,0,1,4,,0,25,0,0,0,0,0,4,2,1
,2019-15427,39.69675943,-105.0065956,11/29/2019 14:05,14:05,12,0,0,QUIVAS STREET SOUTH & MISSISSIPPI AVENUE WEST,5,1,1,0,1,3,,0,25,0,0,0,0,0,4,2,14
,2019-15428,39.73998546,-104.9634501,3/29/2019 23:41,23:41,6,0,0,RACE STREET NORTH 1500 BLOCK & COLFAX AVENUE EAST,2,4,0,2,1,4,,0,25,0,0,0,0,0,4,2,5
,2019-15429,39.78811359,-105.0415843,11/15/2019 17:00,17:00,14,0,0,RALEIGH STREET 5000 BLOCK NORTH & 50TH AVENUE WEST,1,2,0,0,1,4,,0,25,0,0,0,0,0,4,2,7
,2019-1543,39.781928,-104.901674,11/19/2019 9:10,9:10,15,0,0,QUEBEC STREET NORTH & I70 WB RAMPS,1,1,0,0,1,4,,0,35,0,0,0,0,0,2,2,13
,2019-15430,39.69672883,-105.0087098,7/12/2019 18:37,18:37,12,0,0,RARITAN STREET 1000 BLOCK SOUTH & MISSISSIPPI AVENUE WEST,1,2,0,0,1,4,,0,25,0,0,0,0,0,4,2,5
,2019-15431,39.74588555,-104.8999045,5/12/2019 22:13,22:13,6,0,0,ROSEMARY STREET NORTH & 19TH AVENUE EAST,1,3,0,0,1,4,,0,25,0,0,0,0,0,4,2,5
,2019-15432,39.768858,-104.9007943,11/10/2019 13:00,13:00,3,0,0,ROSLYN STREET NORTH & 36TH AVENUE EAST,1,1,0,0,1,1,,0,25,0,0,0,0,0,4,2,7
,2019-15433,39.72431587,-104.9985763,5/14/2019 14:25,14:25,12,0,0,SANTA FE DRIVE NORTH  & FIFTH AVENUE WEST,1,1,0,0,1,5,,0,10,0,0,0,0,0,4,2,3
,2019-15434,39.72416488,-104.9985767,10/8/2019 20:00,20:00,6,0,0,SANTA FE DRIVE NORTH  & FIFTH AVENUE WEST,1,3,0,0,1,4,,0,35,0,0,0,0,0,4,2,5
,2019-15435,39.73760419,-104.9848607,7/16/2019 11:15,11:15,6,0,0,SHERMAN STREET NORTH & 13TH AVENUE EAST,1,1,0,0,1,2,,0,30,0,0,0,0,0,4,2,13
,2019-15436,39.7136314,-104.9983369,1/15/2019 7:24,7:24,12,0,0,SANTA FE DRIVE 200 BLOCK SOUTH  & CEDAR AVENUE WEST,1,1,0,0,1,3,,0,30,0,0,0,0,0,4,2,13
,2019-15437,39.64041879,-105.0533819,12/5/2019 23:25,23:25,5,0,0,SHERIDAN BOULEVARD 4200 BLOCK SOUTH & QUINCY AVENUE WEST,5,3,1,0,3,4,,0,40,0,0,0,0,0,4,1,14
,2019-15438,39.72627556,-104.9848841,8/14/2019 11:17,11:17,3,0,0,SHERMAN STREET NORTH & SIXTH AVENUE EAST,1,1,0,0,1,2,,0,25,0,0,0,0,0,4,2,13
,2019-15439,39.72935252,-104.9848696,4/29/2019 14:20,14:20,6,0,0,SHERMAN STREET 800 BLOCK NORTH & EIGHTH STREET EAST,1,1,1,0,1,4,,0,30,0,0,0,0,0,4,2,13
,2019-15440,39.69728911,-104.985082,6/15/2019 14:30,14:30,6,0,0,SHERMAN STREET 1000 BLOCK SOUTH & MISSISSIPPI AVENUE EAST,1,1,0,0,1,2,,0,25,0,0,0,0,0,4,2,13
,2019-15441,39.76258899,-105.0096062,4/19/2019 18:05,18:05,15,0,0,SHOSHONE STREET 3200 BLOCK NORTH & 32ND AVENUE WEST,1,1,0,0,1,4,,0,25,0,0,0,0,0,4,2,13
,2019-15442,39.69580249,-105.0107138,2/19/2019 10:17,10:17,6,0,0,SHOSHONE 1100 BLOCK SOUTH & MOSIER PLACE,5,1,1,0,1,4,,0,25,0,0,0,0,0,4,3,13
,2019-15443,39.73851728,-104.9976888,5/2/2019 13:24,13:24,15,0,0,SPEER BOULEVARD NORTH & 14TH AVENUE WEST,1,1,0,0,1,4,,0,30,0,0,0,0,0,4,2,13
,2019-15444,39.70432848,-105.0431939,8/13/2019 22:52,22:52,6,0,0,STUART STREET SOUTH & EXPOSITION AVENUE WEST,1,3,0,0,1,4,,0,25,0,0,0,0,0,4,2,3
,2019-15445,39.72670016,-104.9874954,5/18/2019 15:37,15:37,12,0,1,SPEER BOULEVARD EAST & BROADWAY STREET NORTH,1,1,0,0,1,4,,0,30,0,0,0,0,1,4,2,5
,2019-15446,39.75008687,-105.0049533,9/1/2019 14:10,14:10,12,0,0,SPEER BOULEVARD NORTH & CHOPPER CIRCLE,1,1,1,0,1,3,,0,30,0,0,0,0,0,4,2,7
,2019-15447,39.75238876,-105.0075761,1/3/2019 7:47,7:47,12,0,0,SPEER BOULEVARD NORTH & ELITCH CIRCLE,1,1,0,0,1,4,,0,35,0,0,0,0,0,4,2,3
,2019-15448,39.7527735,-105.0075857,6/27/2019 22:40,22:40,5,0,0,SPEER BOULEVARD NORTH & ELITCH CIRCLE,1,3,1,0,3,4,,0,35,0,0,0,0,0,4,1,5
,2019-15449,39.75236987,-105.0075596,8/3/2019 13:46,13:46,12,0,0,SPEER BOULEVARD NORTH & ELITCH CIRCLE,1,1,0,0,1,4,,0,40,0,0,0,0,0,4,2,13
,2019-15450,39.75282315,-105.0076483,9/1/2019 22:41,22:41,12,0,0,SPEER BOULEVARD 2200 BLOCK NORTH & ELITCH CIRCLE,1,3,0,0,1,4,,0,35,0,0,0,0,0,4,3,13
,2019-15451,39.76057107,-105.0252377,5/9/2019 18:32,18:32,1,0,0,SPEER BOULEVARD 3000 BLOCK NORTH & FEDERAL BOULEVARD NORTH,2,2,0,1,1,2,,0,30,0,0,0,0,0,4,2,8
,2019-15452,39.74138672,-104.9995783,9/11/2019 13:50,13:50,15,0,0,SPEER BOULEVARD NORTH & STOUT STREET,1,1,0,0,1,3,,0,35,0,0,0,0,0,4,2,13
,2019-15454,39.74892628,-105.0034092,8/17/2019 15:02,15:02,12,0,1,SPEER BOULEVARD 1700 BLOCK NORTH & WAZEE STREET,1,1,0,0,1,4,,0,35,0,0,0,0,1,4,3,13
,2019-15455,39.74895691,-105.0034324,10/7/2019 16:23,16:23,12,0,0,SPEER BOULEVARD 1600 BLOCK NORTH & WAZEE STREET,1,1,0,0,1,4,,0,35,0,0,0,0,0,4,2,12
,2019-15456,39.75029619,-105.0046861,1/29/2019 8:21,8:21,12,0,0,SPEER BOULEVARD NORTH & WEWATTA STREET,1,1,1,0,1,1,,0,35,0,0,0,0,0,4,2,7
,2019-15457,39.75024041,-105.0047572,11/29/2019 21:39,21:39,12,0,0,SPEER BOULEVARD NORTH & WEWATTA STREET,4,3,0,2,1,4,,0,,0,0,0,0,0,4,2,13
,2019-15458,39.74062281,-104.8975596,11/8/2019 16:00,16:00,6,0,0,SPRUCE STREET NORTH & COLFAX AVENUE EAST,1,2,0,0,1,4,,0,25,0,0,0,0,0,4,2,13
,2019-15459,39.71466214,-104.9499453,9/9/2019 10:52,10:52,15,0,0,STEELE STREET 000 BLOCK SOUTH & BAYAUD AVENUE EAST,1,1,0,0,1,4,,0,30,0,0,0,0,0,4,2,13
,2019-15460,39.71466214,-104.9499453,9/9/2019 12:15,12:15,12,0,0,STEELE STREET 000 BLOCK SOUTH & BAYAUD AVENUE EAST,1,1,0,0,1,3,,0,30,0,0,0,0,0,4,2,13
,2019-15461,39.76446553,-104.9498905,1/28/2019 11:53,11:53,12,0,0,STEELE STREET NORTH & BRUCE RANDOLPH AVENUE EAST,6,1,1,2,1,3,,0,25,0,0,0,0,0,4,2,1
,2019-15462,39.7172432,-104.950023,11/25/2019 11:56,11:56,12,0,1,STEELE STREET 50 BLOCK NORTH & ELLSWORTH AVENUE EAST,1,1,0,0,1,4,,0,30,0,0,0,0,1,4,2,13
,2019-15463,39.69317591,-104.9500307,7/19/2019 12:25,12:25,6,0,0,STEELE STREET SOUTH & LOUISIANA AVENUE EAST,1,1,0,0,1,4,,0,35,0,0,0,0,0,4,3,12
,2019-15464,39.76182265,-104.9498987,11/13/2019 8:26,8:26,12,0,0,STEELE STREET NORTH & MLK BOULEVARD EAST,1,1,0,0,1,3,,0,35,0,0,0,0,0,4,2,1
,2019-15465,39.70315262,-104.9500221,1/24/2019 13:07,13:07,6,0,0,STEELE STREET 700 BLOCK SOUTH & OHM WAY EAST,4,1,1,0,1,4,,0,25,0,0,0,0,0,4,2,13
,2019-15466,39.74786833,-104.9904719,4/29/2019 10:35,10:35,15,0,0,STOUT STREET 1800 BLOCK & 18TH STREET,1,1,0,0,1,4,,0,30,0,0,0,0,0,4,2,13
,2019-15467,39.76798275,-105.042849,8/23/2019 12:45,12:45,6,0,0,STUART STREET NORTH & 37TH AVENUE WEST,1,1,0,0,1,4,,0,30,0,0,0,0,0,4,2,14
,2019-15468,39.73727354,-104.898753,2/3/2019 6:35,6:35,12,0,0,SYRACUSE STREET NORTH & 13TH AVENUE EAST,1,2,0,0,1,1,,0,30,0,0,0,0,0,4,2,13
,2019-15469,39.74104349,-104.8987507,8/4/2019 16:51,16:51,3,0,0,SYRACUSE STREET NORTH & COLFAX AVENUE EAST,1,1,0,0,1,2,,0,35,0,0,0,0,0,4,2,14
,2019-15470,39.76961263,-105.0112035,1/14/2019 8:50,8:50,12,0,1,TEJON STREET 3800 BLOCK NORTH & 38TH AVENUE,1,1,0,0,1,4,,0,25,0,0,0,0,1,4,2,3
,2019-15471,39.76938529,-105.0112025,1/17/2019 15:00,15:00,12,0,1,TEJON STREET NORTH & 38TH AVENUE WEST,1,1,0,0,1,1,,0,25,0,0,0,0,1,4,2,13
,2019-15472,39.71826249,-105.0108588,8/20/2019 22:40,22:40,5,0,0,TEJON STREET NORTH & IRVINGTON PLACE WEST,1,3,0,0,3,4,,0,25,0,0,0,0,0,4,1,1
,2019-15473,39.71050586,-105.0109942,10/17/2019 8:00,8:00,5,0,0,TEJON STREET 300 BLOCK SOUTH & NEVADA PLACE WEST,1,1,1,0,1,5,,0,15,0,0,0,0,0,4,1,14
,2019-15474,39.74275593,-105.0440097,10/24/2019 10:00,10:00,6,0,0,TENNYSON STREET NORTH & 16TH AVENUE WEST,2,1,0,0,1,2,,0,25,0,0,0,0,0,4,2,13
,2019-15475,39.68567507,-105.0442569,7/25/2019 7:38,7:38,6,0,0,TENNYSON STREET 1600 BLOCK SOUTH & MEXICO AVENUE WEST,1,1,1,0,1,4,,0,25,0,0,0,0,0,4,2,13
,2019-15476,39.7875085,-104.7721352,9/6/2019 14:09,14:09,15,0,0,TOWER ROAD NORTH & 50TH AVENUE EAST,1,1,0,0,1,4,,0,45,0,0,0,0,0,4,2,13
,2019-15477,39.79835242,-104.7721175,8/4/2019 20:35,20:35,12,0,0,TOWER ROAD NORTH & 56TH AVENUE EAST,1,3,0,0,1,3,,0,40,0,0,0,0,0,4,2,5
,2019-15478,39.80026881,-104.7721165,8/16/2019 15:00,15:00,12,0,0,TOWER ROAD 5700 BLOCK NORTH & 56TH AVENUE EAST,1,1,0,0,1,4,,0,5,0,0,0,0,0,4,2,3
,2019-15479,39.7996156,-104.7721166,9/18/2019 11:49,11:49,12,0,0,TOWER ROAD NORTH & 56TH AVENUE EAST,1,1,0,0,1,4,,0,45,0,0,0,0,0,4,2,13
,2019-15480,39.81486994,-104.7720736,7/15/2019 18:01,18:01,12,0,0,TOWER ROAD NORTH & 65TH AVENUE EAST,1,1,0,0,1,4,,1,35,0,0,0,0,0,4,3,3
,2019-15481,39.68278007,-104.9594038,12/19/2019 17:30,17:30,15,0,0,UNIVERSITY BOULEVARD SOUTH & BUCHTEL BOULEVARD EAST,1,3,0,0,1,3,,0,35,0,0,0,0,0,4,2,13
,2019-15482,39.68375155,-104.8965814,1/1/2019 9:29,9:29,6,0,0,TRENTON STREET 1600 BLOCK SOUTH & COLORADO AVENUE EAST,4,1,0,0,1,1,,0,25,0,0,0,0,0,4,2,14
,2019-15483,39.74974651,-104.9811436,11/18/2019 13:30,13:30,12,0,0,TREMONT PLACE 2300 BLOCK & PARK AVENUE WEST,1,1,0,0,1,3,,0,30,0,0,0,0,0,4,2,13
,2019-15484,39.71153478,-104.9593146,4/19/2019 22:50,22:50,15,0,0,UNIVERSITY BOULEVARD SOUTH & ALAMEDA AVENUE EAST,1,3,0,0,1,4,,0,35,0,0,0,0,0,4,2,1
,2019-15485,39.71186427,-104.9593141,4/23/2019 8:38,8:38,12,0,0,UNIVERSITY BOULEVARD SOUTH & ALAMEDA AVENUE EAST,1,1,1,0,1,4,,0,15,0,0,0,0,0,4,2,7
,2019-15486,39.71117575,-104.9593052,8/20/2019 17:06,17:06,15,0,0,UNIVERSITY BOULEVARD SOUTH & ALAMEDA AVENUE EAST,1,1,0,0,1,1,,0,30,0,0,0,0,0,4,2,1
,2019-15487,39.69531013,-104.9593325,9/11/2019 11:20,11:20,12,0,0,UNIVERSITY BOULEVARD 1100 BLOCK SOUTH & ARIZONA AVENUE EAST,1,1,0,0,1,4,,0,30,0,0,0,0,0,4,2,3
,2019-15488,39.69127127,-104.9593441,2/25/2019 12:05,12:05,15,0,0,UNIVERSITY 1300 BLOCK SOUTH & ARKANSAS AVENUE EAST,1,1,0,0,1,3,,0,30,0,0,0,0,0,4,2,13
,2019-15489,39.64123714,-104.8898755,10/30/2019 9:24,9:24,6,0,0,VINCENNES COURT 4000 BLOCK SOUTH & OXFORD AVENUE EAST,4,5,1,0,1,3,,0,25,0,0,0,0,0,4,2,13
,2019-15490,39.69136186,-104.9593441,4/28/2019 13:30,13:30,12,0,0,UNIVERSITY BOULEVARD 1300 BLOCK SOUTH & ARKANSAS AVENUE EAST,1,1,0,6,1,4,,0,30,0,0,0,0,0,4,4,1
,2019-15491,39.69168306,-104.9593439,9/19/2019 10:00,10:00,12,0,2,UNIVERSITY BOULEVARD 1300 BLOCK SOUTH & ARKANSAS AVENUE EAST,1,1,0,0,1,4,,0,30,0,0,0,0,1,4,4,1
,2019-15492,39.68044985,-104.9593874,5/8/2019 15:25,15:25,12,0,0,UNIVERSITY BOULEVARD 1900 BLOCK SOUTH & ASBURY AVENUE EAST,2,1,0,1,1,3,,0,30,0,0,0,0,0,4,2,1
,2019-15493,39.68317632,-104.9594357,7/20/2019 13:17,13:17,5,0,0,UNIVERSITY BOULEVARD SOUTH & BUCHTEL BOULEVARD EAST,1,1,0,0,2,4,,0,30,0,0,0,0,0,4,1,12
,2019-15494,39.67846807,-104.9593932,4/15/2019 15:29,15:29,12,0,0,UNIVERSITY BOULEVARD 2000 BLOCK SOUTH & EVANS AVENUE EAST,1,1,1,0,1,4,,0,30,0,0,0,0,0,4,2,13
,2019-15495,39.67853671,-104.9593931,4/24/2019 10:34,10:34,12,0,0,UNIVERSITY BOULEVARD SOUTH & EVANS AVENUE EAST,1,1,0,0,1,4,,0,30,0,0,0,0,0,4,2,7
,2019-15496,39.67839946,-104.9593933,7/6/2019 22:24,22:24,12,0,1,UNIVERSITY BOULEVARD SOUTH & EVANS AVENUE EAST,1,3,0,0,1,3,,0,35,0,0,0,0,1,4,2,3
,2019-15497,39.69014082,-104.9593489,11/16/2019 11:30,11:30,5,0,0,UNIVERSITY BOULEVARD SOUTH & FLORIDA AVENUE EAST,1,1,0,0,3,5,,0,15,0,0,0,0,0,4,1,7
,2019-15498,39.70235544,-104.9593383,2/9/2019 14:00,14:00,12,0,0,UNIVERSITY 700 BLOCK SOUTH & OHIO AVENUE EAST,1,1,0,0,1,4,,0,30,0,0,0,0,0,4,2,3