id,drcog_id,latitude,longitude,crashtime,time,crashtype,numbkilled,numbinjurd,drcoglocat,rdconditin,lightngcon,roadcntgrd,weatherco,location,roaddescrp,schoolzone,constrzone,splimit,bikeinv,sctrinv,pedinv,motoinv,svrty,rdsystem,ttlvehcls,hcf
,2019-15499,39.69896176,-104.9593286,10/10/2019 7:30,7:30,15,0,0,UNIVERSITY BOULEVARD SOUTH & TENNESSEE AVENUE EAST,6,1,0,2,1,4,,0,30,0,0,0,0,0,4,2,13
,2019-15500,39.66947664,-104.9593943,8/7/2019 8:13,8:13,12,0,0,UNIVERSITY BOULEVARD 2500 BLOCK SOUTH & VASSAR AVENUE EAST,1,1,0,0,1,4,,0,30,0,0,0,0,0,4,2,13
,2019-15501,39.67370331,-104.9593837,5/23/2019 17:53,17:53,12,0,0,UNIVERSITY BOULEVARD SOUTH & WESLEY AVENUE EAST,1,1,0,0,1,4,,0,30,0,0,0,0,0,4,2,13
,2019-15502,39.67351114,-104.9593841,9/23/2019 7:31,7:31,15,0,0,UNIVERSITY BOULEVARD 2300 BLOCK SOUTH & WESLEY AVENUE EAST,1,1,0,0,1,4,,0,30,0,0,0,0,0,4,2,7
,2019-15503,39.67088434,-104.959391,4/2/2019 12:36,12:36,12,0,0,UNIVERSITY 2600 BLOCK SOUTH & YALE AVENUE EAST,1,1,1,0,1,4,,0,30,0,0,0,0,0,4,2,13
,2019-15504,39.76670284,-104.9765809,9/20/2019 21:00,21:00,6,0,0,WALNUT STREET & 34TH STREET,1,3,0,0,1,4,,0,,0,0,0,0,0,4,2,13
,2019-15505,39.74060673,-105.0451775,8/8/2019 17:00,17:00,6,0,0,UTICA STREET NORTH & COLFAX AVENUE WEST,1,1,0,0,1,2,,0,25,0,0,0,0,0,4,2,13
,2019-15506,39.76306727,-104.8917098,2/8/2019 16:00,16:00,6,0,0,VALENTIA STREET NORTH & 33RD AVENUE EAST,5,1,0,0,1,3,,0,30,0,0,0,0,0,4,2,13
,2019-15507,39.7329863,-104.8905947,11/17/2019 18:58,18:58,14,0,0,VERBENA STREET NORTH & 11TH AVENUE EAST,1,4,0,0,1,3,,0,25,0,0,0,0,0,4,2,5
,2019-15508,39.73893562,-104.9622416,2/18/2019 7:35,7:35,3,0,0,VINE STREET 1400 BLOCK NORTH & 14TH AVENUE EAST,4,1,0,2,1,2,,0,30,0,0,0,0,0,4,3,13
,2019-15509,39.74197143,-104.9622423,2/6/2019 7:40,7:40,10,0,0,VINE STREET NORTH & 16TH STREET,4,1,0,2,1,4,,0,25,0,0,0,0,0,4,2,13
,2019-15510,39.74402257,-104.9622355,6/26/2019 0:30,0:30,6,0,2,VINE STREET NORTH & 17TH AVENUE EAST,1,3,0,0,1,4,,0,25,0,0,0,0,2,4,2,5
,2019-15511,39.76722454,-104.9622086,10/31/2019 18:10,18:10,6,0,0,VINE STREET NORTH & 36TH AVENUE EAST,5,3,0,0,1,4,,0,25,0,0,0,0,0,4,2,7
,2019-15512,39.76921727,-104.9733577,7/30/2019 12:16,12:16,14,0,0,WALNUT STREET & DOWNING STREET NORTH,1,1,0,0,1,3,,0,30,0,0,0,0,0,4,2,14
,2019-15513,39.77840008,-104.9792453,7/18/2019 10:35,10:35,12,0,0,WASHINGTON STREET NORTH & 45TH AVENUE EAST,1,1,0,0,1,1,,0,35,0,0,0,0,0,4,2,13
,2019-15514,39.77873955,-104.9792491,11/13/2019 8:55,8:55,15,0,1,WASHINGTON STREET NORTH & 45TH AVENUE EAST,1,1,0,0,1,7,,0,35,0,0,0,0,1,4,4,13
,2019-15515,39.71126978,-104.9792272,6/27/2019 15:08,15:08,12,0,0,WASHINGTON STREET SOUTH & ALAMEDA AVENUE EAST,1,1,0,0,1,4,,0,,0,0,0,0,0,4,2,2
,2019-15516,39.71336819,-104.9792409,8/26/2019 16:15,16:15,15,0,0,WASHINGTON STREET SOUTH & CEDAR AVENUE EAST,1,1,0,0,1,4,,0,25,0,0,0,0,0,4,2,13
,2019-15517,39.75125311,-105.0000691,8/16/2019 17:00,17:00,12,0,0,WAZEE STREET & 16TH STREET,1,1,0,0,1,4,,0,35,0,0,0,0,0,4,2,14
,2019-15518,39.75237488,-104.9985502,4/3/2019 14:00,14:00,6,0,0,WAZEE STREET 1700 BLOCK & 17TH STREET,1,1,0,0,1,4,,0,30,0,0,0,0,0,4,2,13
,2019-15519,39.75512158,-104.9950386,9/7/2019 21:45,21:45,12,0,0,WAZEE STREET & 20TH STREET,1,3,1,0,1,3,,0,25,0,0,0,0,0,4,2,13
,2019-1552,39.740038,-105.001466,10/31/2019 11:00,11:00,12,0,1,COLFAX AVENUE WEST & LIPAN STREET NORTH,2,1,1,0,1,1,,0,30,0,0,0,0,1,2,2,1
,2019-15520,39.66300456,-105.0792177,10/9/2019 18:00,18:00,6,0,0,WEBSTER STREET SOUTH & DARTMOUTH AVENUE WEST,1,2,0,0,1,4,,0,25,0,0,0,0,0,4,2,5
,2019-15521,39.6678087,-104.9664534,5/10/2019 9:01,9:01,6,0,0,WILLIAMS STREET SOUTH & YALE AVENUE EAST,1,1,0,0,1,3,,0,25,0,0,0,0,0,4,2,13
,2019-15522,39.75513252,-105.000256,5/30/2019 19:03,19:03,10,0,1,WEWATTA STREET & 18TH STREET,1,1,0,0,1,4,,0,35,0,0,0,0,1,4,2,14
,2019-15523,39.75025436,-105.0047395,3/21/2019 16:07,16:07,12,0,0,WEWATTA STREET & SPEER BOULEVARD NORTH,1,1,0,0,1,4,,0,,0,0,0,0,0,4,2,13
,2019-15524,39.75977252,-104.9659517,9/18/2019 19:49,19:49,6,0,0,WILLIAMS STREET NORTH & 30TH AVENUE EAST,1,3,0,0,1,4,,0,25,0,0,0,0,0,4,2,5
,2019-15525,39.76884232,-104.9659455,6/3/2019 11:33,11:33,1,0,0,WILLIAMS STREET NORTH & 37TH AVENUE EAST,1,1,0,0,1,4,,0,30,0,0,0,0,0,4,2,13
,2019-15526,39.78220055,-104.9656123,5/29/2019 18:38,18:38,6,0,0,WILLIAMS STREET NORTH & 47TH AVENUE EAST,1,1,0,0,1,4,,0,25,0,0,0,0,0,4,2,5
,2019-15527,39.72965559,-104.9658592,10/31/2019 18:02,18:02,5,0,0,WILLIAMS STREET NORTH & EIGHTH AVENUE EAST,4,4,0,0,3,4,,0,15,0,0,0,0,0,4,1,1
,2019-15528,39.64166181,-104.8858523,2/8/2019 21:16,21:16,9,0,0,WILLOW WAY 4034 SOUTH & NAPA PLACE EAST,5,3,1,0,1,4,,0,25,0,0,0,0,0,4,2,7
,2019-15529,39.76701384,-105.0487695,3/16/2019 11:43,11:43,3,0,0,WOLFF STREET NORTH 3600 BLOCK & 36TH AVENUE WEST,1,1,0,0,1,2,,0,30,0,0,0,0,0,4,2,13
,2019-15530,39.78617554,-104.8349751,6/17/2019 0:30,0:30,6,0,0,WORCHESTER STREET 4900 BLOCK NORTH & ANDREWS DRIVE EAST,1,3,0,0,1,4,,0,20,0,0,0,0,0,4,2,3
,2019-15531,39.75641324,-104.8864838,11/7/2019 10:50,10:50,6,0,0,XANTHIA COURT NORTH & 28TH AVENUE EAST,1,1,0,0,1,4,,0,20,0,0,0,0,0,4,2,13
,2019-15532,39.7404172,-104.8869715,12/13/2019 16:00,16:00,6,0,0,XANTHIA STREET 1500 BLOCK NORTH & COLFAX AVENUE EAST,1,2,0,0,1,4,,0,20,0,0,0,0,0,4,2,5
,2019-15533,39.73250495,-104.9597985,5/25/2019 9:42,9:42,15,0,1,YORK STREET 1000 BLOCK NORTH & 11TH AVENUE EAST,1,1,0,0,1,4,,0,25,0,0,0,0,1,4,2,8
,2019-15534,39.73715934,-104.9597831,1/1/2019 12:48,12:48,5,0,1,YORK STREET 1300 BLOCK NORTH & 13TH AVENUE EAST,4,1,0,0,3,2,,0,30,0,0,0,0,1,4,2,5
,2019-15535,39.73681146,-104.9597605,8/21/2019 6:58,6:58,12,0,0,YORK STREET 1300 BLOCK NORTH & 13TH AVENUE EAST,1,1,0,0,1,3,,0,30,0,0,0,0,0,4,2,3
,2019-15536,39.75822954,-104.9597909,1/17/2019 7:27,7:27,12,0,0,YORK STREET NORTH & 29TH AVENUE EAST,1,2,0,0,1,3,,0,30,0,0,0,0,0,4,2,14
,2019-15537,39.76121777,-104.9597563,1/10/2019 17:38,17:38,15,0,0,YORK STREET 3100 BLOCK NORTH & 31ST AVENUE EAST,1,3,0,0,1,3,,0,30,0,0,0,0,0,4,2,1
,2019-15538,39.76475845,-104.9597572,6/6/2019 16:13,16:13,1,0,0,YORK STREET NORTH & BRUCE RANDOLPH AVENUE EAST,1,1,0,0,1,2,,0,30,0,0,0,0,0,4,2,13
,2019-1554,39.74002,-104.981157,2/22/2019 12:40,12:40,6,0,0,COLFAX AVENUE 400 BLOCK EAST & PENNSYLVANIA NORTH,1,1,0,0,1,4,,0,30,0,0,0,0,0,2,2,13
,2019-15540,39.76695764,-104.9597595,2/26/2019 15:10,15:10,12,0,0,YORK STREET NORTH & 36TH AVENUE EAST,1,1,0,0,1,3,,0,30,0,0,0,0,0,4,3,12
,2019-15541,39.72750992,-104.9601826,7/15/2019 12:15,12:15,15,0,0,YORK STREET NORTH 700 BLOCK & SEVENTH AVENUE EAST,1,1,1,0,1,4,,0,30,0,0,0,0,0,4,2,13
,2019-15542,39.76448945,-104.9597693,6/21/2019 13:21,13:21,1,0,0,YORK STREET NORTH & BRUCE RANDOLPH AVENUE EAST,2,1,0,1,1,2,,0,35,0,0,0,0,0,4,2,13
,2019-15543,39.76207292,-104.9597527,6/13/2019 15:00,15:00,12,0,0,YORK STREET NORTH & MLK BOULEVARD EAST,1,1,0,0,1,3,,0,30,0,0,0,0,0,4,2,1
,2019-15545,39.64094051,-104.8850917,5/8/2019 7:44,7:44,12,0,0,YOSEMITE STREET 4000 BLOCK SOUTH & OXFORD DRIVE EAST,2,1,0,1,1,4,,0,35,0,0,0,0,0,4,3,13
,2019-15546,39.63372653,-104.8851844,9/24/2019 6:44,6:44,12,0,1,YOSEMITE STREET 4400 BLOCK SOUTH & TUFTS AVENUE EAST,1,1,0,0,1,4,,0,35,0,0,0,1,1,4,2,13
,2019-15547,39.63188602,-104.8852117,9/13/2019 7:56,7:56,12,0,0,YOSEMITE STREET 4600 BLOCK SOUTH & UNION AVENUE EAST,1,1,0,0,1,3,,0,35,0,0,0,0,0,4,3,13
,2019-15548,39.75660929,-105.0158164,1/15/2019 12:40,12:40,12,0,0,ZUNI STREET NORTH & SPEER BOULEVARD,1,1,0,0,1,1,,0,35,0,0,0,0,0,4,2,13
,2019-15549,39.72239216,-105.0152057,8/21/2019 1:00,1:00,6,0,0,YUMA STREET NORTH & FOURTH AVENUE WEST,1,3,0,0,1,4,,0,25,0,0,0,0,0,4,2,13
,2019-1555,39.74001,-104.972588,10/1/2019 6:04,6:04,15,0,0,COLFAX AVENUE EAST & DOWNING STREET,2,3,0,1,1,4,,0,30,0,0,0,0,0,2,2,13
,2019-15550,39.75749388,-105.0158311,1/23/2019 6:47,6:47,12,0,2,ZUNI STREET NORTH 2800 BLOCK & 28TH AVENUE WEST,1,1,0,0,1,4,,0,35,0,0,0,0,1,4,3,14
,2019-15551,39.78046357,-105.0158364,10/24/2019 9:31,9:31,6,0,1,ZUNI STREET NORTH & 46TH AVENUE WEST,1,1,1,0,1,4,,0,30,0,0,0,0,2,4,2,13
,2019-15552,39.78382499,-105.0158365,6/23/2019 13:32,13:32,3,0,0,ZUNI STREET 4747 NORTH & 48TH SOUTH DRIVE WEST,1,1,0,0,1,1,,0,30,0,0,0,0,0,4,2,1
,2019-15553,39.78452704,-105.0158402,11/13/2019 20:49,20:49,6,0,0,ZUNI STREET NORTH & 48TH AVENUE WEST,1,3,0,0,1,4,,0,,0,0,0,0,0,4,2,5
,2019-15554,39.73096859,-105.0157805,10/8/2019 13:30,13:30,1,0,1,ZUNI STREET 800 BLOCK NORTH & EIGHTH AVENUE WEST,1,1,0,0,1,1,,0,30,0,0,0,0,1,4,2,13
,2019-15555,39.7565447,-105.0158317,4/3/2019 8:00,8:00,12,0,1,ZUNI STREET NORTH & SPEER BOULEVARD NORTH / 2700 BLOCK WEST,1,1,0,0,1,3,,0,35,0,0,0,0,1,4,2,14
,2019-15556,39.7565447,-105.0158317,7/13/2019 17:06,17:06,3,0,0,ZUNI STREET NORTH & SPEER BOULEVARD NORTH,1,1,1,0,1,2,,0,35,0,0,0,0,0,4,2,13
,2019-15557,39.75655843,-105.0158315,11/16/2019 23:00,23:00,15,0,0,ZUNI STREET NORTH & SPEER BOULEVARD NORTH,1,3,1,0,1,3,,0,30,0,0,0,0,0,4,2,8
,2019-1556,39.740079,-104.958925,5/26/2019 10:35,10:35,6,0,0,COLFAX AVENUE & 2400 BLOCK EAST,1,1,0,0,1,4,,0,30,0,0,0,0,0,2,2,3
,2019-1557,39.740072,-104.94077,10/11/2019 20:11,20:11,12,0,1,COLFAX AVENUE EAST & COLORADO BOULEVARD NORTH,1,3,0,0,1,3,,0,,0,0,0,0,1,2,2,13
,2019-15643,39.75889161,-105.0088296,4/21/2019 13:45,13:45,6,0,0,KENSING COURT 2500 BLOCK & CENTRAL STREET,2,1,0,2,1,4,,0,,0,0,0,0,0,4,2,13
,2019-1566,39.783483,-105.011513,2/22/2019 3:08,3:08,14,0,0,I70 & PECOS STREET NORTH,1,3,1,0,1,4,,0,65,0,0,0,0,0,1,2,5
,2019-1567,39.780052,-104.989434,9/19/2019 7:04,7:04,15,0,0,I70 & I25,1,1,1,0,1,4,,0,55,0,0,0,0,0,1,2,13
,2019-1568,39.778211,-104.895525,10/10/2019 7:00,7:00,15,0,0,I70 & MM 279,5,1,0,2,1,4,,0,65,0,0,0,0,0,1,2,13
,2019-15686,39.77452587,-105.0076149,6/5/2019 11:44,11:44,6,0,0,QUIVAS STREET NORTH & 42ND AVENUE WEST,1,1,0,0,1,4,,0,25,0,0,0,0,0,4,2,13
,2019-1569,39.777095,-104.882471,4/29/2019 6:30,6:30,15,0,0,I70 & CENTRAL PARK BOULEVARD,1,1,0,0,1,4,,0,55,0,0,0,0,0,1,2,1
,2019-1570,39.776968,-104.881092,9/15/2019 20:19,20:19,5,0,0,I70 WB EXIT GORE POINT TO & I270 WB,1,4,0,0,3,4,,1,65,0,0,0,1,0,1,1,13
,2019-1571,39.775417,-104.863393,4/3/2019 19:31,19:31,5,0,0,I70 EASTBOUND ON RAMP & HAVANA STREET NORTH,1,3,0,0,3,7,,0,45,0,0,0,0,0,1,1,1
,2019-1572,39.774883,-104.857198,4/4/2019 10:08,10:08,15,0,0,I70 & MM 281,1,1,0,0,1,4,,0,65,0,0,0,0,0,1,2,13
,2019-1575,39.773458,-104.840649,11/27/2019 22:41,22:41,6,0,1,I70 & I225 NORTHBOUND EXIT GORE POINT,5,3,0,2,1,4,,0,65,0,0,0,0,1,1,2,5
,2019-15751,39.74876597,-105.0390977,10/21/2019 4:42,4:42,6,0,0,21ST AVENUE 3900 BLOCK WEST & PERRY STREET NORTH,1,3,0,0,1,4,,0,25,0,0,0,0,0,4,3,13
,2019-15774,39.77660036,-105.0437197,10/27/2019 19:00,19:00,6,0,0,44TH AVENUE WEST & TENNYSON STREET NORTH,5,2,1,2,1,4,,0,35,0,0,0,0,0,4,2,13
,2019-15790,39.77648811,-104.8657431,10/1/2019 17:19,17:19,12,0,0,HAVANA STREET NORTH  & 40TH AVENUE EAST,1,1,0,0,1,4,,0,40,0,0,0,0,0,4,2,13
,2019-15799,39.69479758,-104.9792531,11/17/2019 14:00,14:00,6,0,0,ARIZONA AVENUE EAST & WASHINGTON STREET SOUTH,1,1,0,0,1,4,,0,35,0,0,0,0,0,4,2,13
,2019-15832,39.783838,-105.025212,3/8/2019 1:03,1:03,5,0,0,FEDERAL BOULEVARD NORTH & I70 EASTBOUND ON RAMP,1,3,0,0,2,1,,0,5,0,0,0,0,0,2,1,13
,2019-15834,39.71293063,-105.0179877,9/8/2019 23:02,23:02,6,0,0,BRYANT STREET SOUTH & CEDAR AVENUE WEST,2,1,0,1,1,4,,0,25,0,0,0,0,0,4,3,14
,2019-1587,39.707299,-104.922044,6/4/2019 21:27,21:27,5,0,0,LEETSDALE DRIVE & HOLLY SOUTH,1,3,0,0,3,1,,0,35,0,0,0,0,0,2,1,5
,2019-15908,39.69574915,-104.9803529,6/22/2019 1:03,1:03,6,0,0,BUCHTEL BOULEVARD EAST & PEARL STREET SOUTH,2,3,0,1,1,4,,0,,0,0,0,0,0,4,2,13
,2019-1594,39.677772,-104.993499,11/11/2019 7:10,7:10,12,0,1,SANTA FE DRIVE SOUTH & EVANS AVENUE WEST,2,1,0,2,1,4,,0,55,0,0,0,0,1,2,5,7
,2019-15958,39.69628956,-104.934026,2/13/2019 20:40,20:40,6,0,0,CHERRY STREET SOUTH & MISSISSIPPI AVENUE EAST,1,3,1,0,1,4,,0,30,0,0,0,0,0,4,2,14
,2019-1597,39.729408,-105.025155,8/14/2019 13:00,13:00,15,0,0,FEDERAL BOULEVARD NORTH & EIGHTH AVENUE WEST,1,1,0,0,1,4,,0,30,0,0,0,0,0,2,2,1
,2019-15971,39.670857,-104.866047,10/9/2019 1:15,1:15,12,0,0,HAVANA STREET SOUTH & PARKER ROAD SOUTH,1,3,1,0,1,1,,0,45,0,0,0,0,0,2,2,13
,2019-15974,39.747456,-104.8846905,4/11/2019 14:25,14:25,12,0,0,MONTEVIEW BOULEVARD EAST & CENTRAL PARK BOULEVARD NORTH,1,1,0,0,1,1,,0,30,0,0,0,0,0,4,2,13
,2019-15986,39.678678,-105.01335,5/26/2019 21:58,21:58,12,0,0,EVANS AVENUE WEST & VALLEJO STREET SOUTH,1,3,0,0,1,4,,0,35,0,0,0,0,0,4,2,13
,2019-1600,39.689552,-105.02506,3/26/2019 9:45,9:45,3,0,0,FEDERAL BOULEVARD SOUTH & FLORIDA AVENUE WEST,1,1,0,0,1,1,,0,,0,0,0,0,0,2,2,13
,2019-1601,39.678187,-105.02505,6/14/2019 8:55,8:55,15,0,1,FEDERAL BOULEVARD 2100 BLOCK SOUTH & EVANS AVENUE WEST,1,1,0,0,1,4,,0,,0,0,0,0,2,2,2,13
,2019-16015,39.71907714,-105.0300178,11/20/2019 7:30,7:30,6,0,0,IRVING STREET NORTH & SECOND AVENUE WEST,1,1,0,0,1,4,,0,25,0,0,0,0,0,4,2,13
,2019-16075,39.747429,-104.912442,5/20/2019 17:20,17:20,1,0,0,MONTEVIEW BOULEVARD EAST & MONACO STREET NORTH,2,1,0,1,1,1,,0,30,0,0,0,0,0,4,2,1
,2019-1608,39.72564,-105.05313,7/23/2019 18:26,18:26,5,0,0,SHERIDAN BOULEVARD & SIXTH AVENUE WEST,1,1,1,0,3,1,,0,35,0,0,0,0,0,2,1,3
,2019-16115,39.65433055,-104.8751967,1/31/2019 10:30,10:30,6,0,0,GIRARD AVENUE 9700 BLOCK EAST & DAYTON STREET SOUTH,5,1,0,0,1,4,,0,25,0,0,0,0,0,4,2,13
,2019-16131,39.74914787,-104.997508,9/12/2019 14:30,14:30,6,0,0,LARIMER STREET & 16TH STREET,1,1,0,0,1,4,,0,25,0,0,0,0,0,4,2,13
,2019-16197,39.74168728,-104.9869152,8/13/2019 15:30,15:30,5,0,0,16TH AVENUE EAST & BROADWAY STREET NORTH,1,1,1,0,2,2,,0,30,0,0,0,0,0,4,1,13
,2019-16239,39.73205541,-104.989527,5/20/2019 17:26,17:26,3,0,0,10TH AVENUE WEST & BANNOCK STREET NORTH,2,1,0,1,1,5,,0,30,0,0,0,0,0,4,2,8
,2019-16240,39.73204355,-104.9847448,4/12/2019 14:30,14:30,6,0,0,10TH AVENUE 200 BLOCK EAST & SHERMAN STREET NORTH,1,1,0,0,1,4,,0,25,0,0,0,0,0,4,2,13
,2019-16241,39.7338514,-104.9866782,10/19/2019 22:53,22:53,12,0,0,11TH AVENUE EAST & BROADWAY STREET NORTH,1,1,0,0,1,5,,0,25,0,0,0,0,0,4,2,5
,2019-16242,39.73372282,-104.9704717,6/15/2019 5:00,5:00,6,0,0,11TH AVENUE EAST & LAFAYETTE STREET NORTH,1,3,0,0,1,4,,0,30,0,0,0,0,0,4,3,5
,2019-16243,39.73289481,-104.9077755,8/20/2019 17:39,17:39,5,0,0,11TH AVENUE EAST & ONEIDA STREET NORTH,1,1,0,0,3,4,,0,30,0,0,0,0,0,4,1,14
,2019-16244,39.73285239,-104.8865061,11/30/2019 17:59,17:59,8,0,1,11TH AVENUE 8700 BLOCK EAST & XANTHIA STREET,5,4,0,0,1,4,,0,30,0,0,0,0,1,4,2,13
,2019-16245,39.73525604,-104.9901358,1/19/2019 11:33,11:33,6,0,0,12TH AVENUE 100 WEST & BANNOCK STREET NORTH,1,1,0,0,1,4,,0,,0,0,0,0,0,4,2,13
,2019-16246,39.73476213,-105.0261281,3/25/2019 12:35,12:35,15,0,0,12TH AVENUE WEST & GROVE STREET NORTH,1,1,0,0,1,3,,0,,0,0,0,0,0,4,2,13
,2019-16247,39.73512961,-104.958564,2/21/2019 9:00,9:00,12,0,1,12TH AVENUE 2400 BLOCK EAST & JOSEPHINE STREET,1,1,0,0,1,4,,0,25,0,0,0,0,1,4,2,7
,2019-16248,39.73516161,-104.9717305,10/26/2019 4:00,4:00,6,0,0,12TH AVENUE EAST & MARION STREET NORTH,1,3,0,0,1,3,,0,30,0,0,0,0,0,4,4,5
,2019-16249,39.73685001,-104.9873004,1/11/2019 15:11,15:11,12,0,2,13TH AVENUE EAST & BROADWAY STREET NORTH,2,1,1,2,1,4,,0,30,0,0,0,0,1,4,2,13
,2019-1625,39.629967,-104.904923,8/1/2019 16:00,16:00,12,0,0,I225 NB/EB ON RAMP LOOP FROM & I25 SOUTHBOUND,1,1,0,0,1,7,,0,60,0,0,0,0,0,1,2,13
,2019-16250,39.73686311,-104.9914106,11/21/2019 13:57,13:57,15,0,0,13TH AVENUE 200 BLOCK WEST & CHEROKEE STREET NORTH,2,1,0,2,1,4,,0,25,0,0,0,0,0,4,2,13
,2019-16251,39.73686728,-104.9772644,2/21/2019 10:36,10:36,12,0,0,13TH AVENUE EAST & CLARKSON COURT NORTH,1,1,0,0,1,4,,0,30,0,0,0,0,0,4,2,1
,2019-16252,39.73685736,-104.9951048,9/16/2019 17:00,17:00,15,0,0,13TH AVENUE 500 BLOCK WEST & FOX STREET NORTH,1,1,0,0,1,4,,0,30,0,0,0,0,0,4,2,13
,2019-16253,39.73686433,-104.9967178,11/5/2019 11:54,11:54,15,0,0,13TH AVENUE 700 BLOCK WEST & GALAPAGO STREET NORTH,1,1,0,0,1,4,,0,30,0,0,0,0,0,4,2,13
,2019-16254,39.73686433,-104.9836188,2/23/2019 21:30,21:30,15,0,0,13TH AVENUE 300 BLOCK EAST & GRANT STREET NORTH,4,3,0,0,1,4,,0,25,0,0,0,0,0,4,2,13
,2019-16255,39.73688166,-104.9831373,5/9/2019 12:13,12:13,12,0,0,13TH AVENUE EAST & GRANT STREET NORTH,1,1,1,0,1,3,,0,30,0,0,0,0,0,4,2,13
,2019-16256,39.73688032,-104.9833648,9/25/2019 7:39,7:39,10,0,0,13TH AVENUE EAST & GRANT STREET NORTH,1,1,0,0,1,2,,0,30,0,0,0,0,0,4,2,13
,2019-16257,39.73657148,-105.0331353,10/29/2019 11:17,11:17,6,0,0,13TH AVENUE WEST & KING STREET NORTH,5,1,1,2,1,4,,0,25,0,0,0,0,0,4,3,13
,2019-16258,39.73684516,-104.9689058,11/27/2019 9:06,9:06,6,0,0,13TH AE 1400 BLOCK EAST & LAFAYETTE STREET NORTH,5,1,0,0,1,4,,0,25,0,0,0,0,0,4,2,14
,2019-16259,39.73684716,-104.9859923,4/3/2019 16:42,16:42,12,0,0,13TH AVENUE EAST & LINCOLN STREET NORTH / 100 BLOCK EAST,1,1,0,0,1,4,,0,30,0,0,0,0,0,4,2,13
,2019-1626,39.634269,-104.901334,10/21/2019 14:25,14:25,15,0,0,I225 & I25,1,1,0,0,1,4,,0,65,0,0,0,0,0,1,2,1
,2019-16260,39.73676895,-104.9447913,9/20/2019 7:11,7:11,15,0,0,13TH AVENUE EAST & MONROE STREET NORTH,1,1,0,0,1,4,,0,30,0,0,0,0,0,4,2,13
,2019-16261,39.73839849,-104.9646343,10/22/2019 2:42,2:42,6,0,0,14TH AVENUE EAST & HIGH STREET NORTH,1,3,0,0,1,4,,0,30,0,0,0,0,0,4,3,14
,2019-16262,39.73727097,-104.9044432,1/11/2019 8:56,8:56,6,0,0,13TH AVENUE EAST & POPLAR STREET NORTH / 7200 BLOCK EAST,4,1,0,2,1,4,,0,30,0,0,0,0,0,4,2,8
,2019-16263,39.73681891,-104.9628273,2/1/2019 9:56,9:56,12,0,0,13TH AVENUE EAST & RACE STREET NORTH / 2000 BLOCK EAST,1,1,0,0,1,4,,0,30,0,0,0,0,0,4,2,13
,2019-16264,39.73681999,-104.9632006,9/29/2019 13:50,13:50,15,0,0,13TH AVENUE 2000 BLOCK EAST & RACE STREET NORTH,1,1,0,0,1,4,,0,30,0,0,0,0,0,4,2,13
,2019-16265,39.73727345,-104.8986641,10/10/2019 7:15,7:15,12,0,0,13TH AVENUE 7700 BLOCK EAST & SYRACUSE STREET,2,1,1,2,1,4,,0,30,0,0,0,0,0,4,2,7
,2019-16266,39.7366562,-105.0444231,10/7/2019 16:10,16:10,12,0,0,13TH AVENUE WEST & UNO COURT NORTH,1,1,0,0,1,4,,0,30,0,0,0,0,0,4,2,13
,2019-16267,39.7383753,-104.9900375,7/17/2019 11:37,11:37,12,0,0,14TH AVENUE WEST 100 BLOCK & BANNOCK STREET NORTH,1,1,0,0,1,4,,0,30,0,0,0,0,0,4,2,13
,2019-16268,39.73840491,-104.9716111,6/30/2019 21:20,21:20,6,0,0,14TH AVENUE EAST & MARION STREET NORTH,1,3,0,0,1,4,,0,30,0,0,0,0,0,4,3,5
,2019-16269,39.73839849,-104.9646343,5/7/2019 17:20,17:20,6,0,0,14TH AVENUE EAST & HIGH STREET NORTH / 1900 BLOCK EAST,2,1,0,1,1,4,,0,30,0,0,0,0,0,4,2,13
,2019-1627,39.635937,-104.892083,12/7/2019 10:40,10:40,12,0,0,I225 & TAMARAC STREET SOUTH,1,1,0,0,1,4,,0,60,0,0,0,0,0,1,2,13
,2019-16270,39.73844694,-104.9910164,11/5/2019 5:50,5:50,6,0,0,14TH STREET WEST & CHEROKEE STREET NORTH,1,3,0,0,1,4,,0,25,0,0,0,0,0,4,2,13
,2019-16271,39.73837866,-104.9547239,4/25/2019 12:38,12:38,12,0,1,14TH AVENUE EAST & CLAYTON STREET NORTH,1,1,0,0,1,3,,0,30,0,0,0,0,1,4,2,3
,2019-16272,39.73840185,-104.9727901,9/17/2019 15:10,15:10,15,0,0,14TH AVENUE 1200 BLOCK EAST & DOWNING STREET NORTH,1,1,0,0,1,4,,0,30,0,0,0,0,0,4,2,13
,2019-16273,39.71781227,-104.9351236,7/2/2019 13:49,13:49,6,0,0,FIRST AVENUE EAST & CLAREMONT STREET NORTH,1,1,0,0,1,3,,0,30,0,0,0,0,0,4,3,1
,2019-16274,39.73845589,-105.033425,6/19/2019 22:55,22:55,6,0,0,14TH AVENUE WEST & KING STREET NORTH,1,3,0,0,1,4,,0,25,0,0,0,0,0,4,2,13
,2019-16275,39.73843502,-104.9833518,9/13/2019 7:43,7:43,10,0,0,14TH AVENUE EAST & GRANT STREET NORTH,1,1,0,0,1,5,,0,30,0,0,0,0,0,4,2,13
,2019-16276,39.73848048,-105.0343944,9/19/2019 21:10,21:10,6,0,0,14TH AVENUE WEST & LOWELL BOULEVARD NORTH,1,3,0,0,1,4,,0,25,0,0,0,1,0,4,2,12