id,drcog_id,latitude,longitude,crashtime,time,crashtype,numbkilled,numbinjurd,drcoglocat,rdconditin,lightngcon,roadcntgrd,weatherco,location,roaddescrp,schoolzone,constrzone,splimit,bikeinv,sctrinv,pedinv,motoinv,svrty,rdsystem,ttlvehcls,hcf
,2019-16277,39.73836426,-104.9514343,11/15/2019 16:47,16:47,6,0,0,14TH AVENUE EAST & MILWAUKEE STREET NORTH,1,3,0,0,1,4,,0,30,0,0,0,0,0,4,2,5
,2019-16278,39.74404416,-104.9953882,6/24/2019 2:27,2:27,6,0,0,14TH STREET & STOUT STREET,1,3,1,0,1,4,,0,30,0,0,0,0,0,4,2,5
,2019-16279,39.73841941,-104.9783759,7/15/2019 13:55,13:55,15,0,0,14TH AVENUE EAST 700 BLOCK & WASHINGTON STREET NORTH,1,1,0,0,1,4,,0,30,0,0,0,0,0,4,2,13
,2019-16280,39.73840231,-104.9659208,6/29/2019 3:35,3:35,6,0,0,14TH AVENUE EAST & WILLIAMS STREET NORTH,1,3,0,0,1,4,,0,35,0,0,0,0,0,4,4,2
,2019-16281,39.73840152,-104.9656363,12/3/2019 9:20,9:20,12,0,0,14TH AVENUE 1800 BLOCK EAST & WILLIAMS STREET NORTH,2,1,0,0,1,4,,0,30,0,0,0,0,0,4,2,13
,2019-16282,39.7383897,-104.9594625,3/28/2019 16:55,16:55,3,0,0,14TH AVENUE EAST & YORK STREET NORTH,1,1,0,0,1,5,,0,30,0,0,0,0,0,4,2,1
,2019-16283,39.73848987,-105.0517034,5/15/2019 9:10,9:10,15,0,0,14TH AVENUE WEST & ZENOBIA STREET,1,1,0,0,1,4,,0,30,0,0,0,0,0,4,2,14
,2019-16284,39.75840855,-105.0118141,5/13/2019 18:04,18:04,12,0,0,15TH STREET & BOULDER STREET,1,1,0,0,1,3,,0,30,0,0,0,0,0,4,2,13
,2019-16285,39.7433581,-104.9873762,10/26/2019 18:30,18:30,15,0,0,17TH AVENUE EAST & BROADWAY STREET NORTH,1,2,0,6,1,1,,0,30,0,0,0,0,0,4,2,13
,2019-16286,39.7475318,-104.9926094,8/9/2019 18:09,18:09,15,0,0,17TH STREET & CHAMPA STREET,1,1,0,0,1,4,,0,30,0,0,0,0,0,4,2,14
,2019-16287,39.74395424,-105.0240058,2/5/2019 7:09,7:09,15,0,0,17TH AVENUE 2800 BLOCK EAST & ESPANADE STREET NORTH,1,1,0,0,1,4,,0,30,0,0,0,0,0,4,2,14
,2019-16288,39.74379826,-104.9522958,1/4/2019 17:30,17:30,6,0,0,17TH AVENUE EAST & FILLMORE STREET NORTH,1,3,0,0,1,4,,0,30,0,0,0,0,0,4,4,5
,2019-16289,39.74323904,-104.9724697,6/21/2019 13:19,13:19,12,0,0,17TH AVENUE EAST & PARK AVENUE,1,1,0,0,1,4,,0,35,0,0,0,0,0,4,2,13
,2019-16290,39.76155335,-105.0110932,2/22/2019 21:00,21:00,6,0,0,17TH STREET & TEJON STREET NORTH,4,3,1,2,1,4,,0,25,0,0,0,0,0,4,2,13
,2019-16291,39.74322153,-104.9630014,2/20/2019 11:40,11:40,15,0,0,17TH AVENUE 2000 BLOCK EAST & RACE STREET NORTH,1,1,0,0,1,4,,0,30,0,0,0,0,0,4,2,8
,2019-16292,39.74379226,-104.9497727,7/11/2019 16:16,16:16,12,0,0,17TH AVENUE EAST & STEELE STREET NORTH,1,1,0,0,1,4,,0,30,0,0,0,0,0,4,2,1
,2019-16293,39.71816091,-105.0300169,10/21/2019 22:00,22:00,6,0,0,FIRST AVENUE WEST & IRVING STREET NORTH,1,3,0,6,1,4,,0,30,0,0,0,0,0,4,2,13
,2019-16294,39.74322116,-104.9621499,10/28/2019 15:05,15:05,12,0,0,17TH AVENUE 2100 BLOCK EAST & VINE STREET NORTH,1,1,0,1,1,4,,0,30,0,0,0,0,0,4,2,13
,2019-16295,39.74637512,-105.0310942,3/5/2019 6:30,6:30,6,0,0,19TH AVENUE 3300 BLOCK WEST & JULIAN STREET NORTH,5,1,1,0,1,4,,0,25,0,0,0,0,0,4,2,13
,2019-16296,39.74478497,-104.9599412,2/1/2019 8:47,8:47,6,0,0,18TH AVENUE EAST & GAYLORD STREET NORTH,1,3,0,0,1,4,,0,30,0,0,0,0,0,4,2,14
,2019-16297,39.74481746,-104.9670428,2/16/2019 13:14,13:14,15,0,0,18TH AVENUE EAST & GILPIN STREET NORTH / 2200 BLOCK EAST,2,1,0,2,1,4,,0,35,0,0,0,0,0,4,2,8
,2019-16298,39.74481024,-104.983585,10/9/2019 12:25,12:25,12,0,0,18TH AVENUE 300 BLOCK EAST & GRANT STREET NORTH,1,1,0,0,1,3,,0,30,0,0,0,0,0,4,2,3
,2019-16299,39.74488918,-104.986082,10/10/2019 7:56,7:56,12,0,0,18TH AVENUE EAST & LINCOLN STREET NORTH,4,1,1,2,1,3,,0,30,0,0,0,0,0,4,2,13
,2019-16300,39.74486785,-104.982319,6/12/2019 15:39,15:39,12,0,0,18TH AVENUE EAST & LOGAN STREET NORTH,1,1,0,0,1,3,,0,30,0,0,0,0,0,4,2,1
,2019-16301,39.74486793,-104.9823012,10/27/2019 3:10,3:10,12,0,0,18TH AVENUE 500 BLOCK EAST & LOGAN STREET NORTH,2,3,0,1,1,4,,0,30,0,0,0,0,0,4,2,13
,2019-16302,39.74483544,-104.9747319,11/19/2019 17:49,17:49,12,0,0,18TH AVENUE EAST & OGDEN STREET NORTH,1,3,0,0,1,1,,0,30,0,0,0,0,0,4,2,3
,2019-16303,39.74619278,-104.9872027,4/11/2019 15:17,15:17,12,0,0,19TH AVENUE EAST & BROADWAY STREET NORTH,1,1,1,0,1,4,,0,30,0,0,0,0,0,4,2,1
,2019-16304,39.71835644,-104.986791,5/22/2019 19:58,19:58,3,0,0,FIRST AVENUE EAST & BROADWAY NORTH,1,2,0,0,1,5,,0,25,0,0,0,0,0,4,2,3
,2019-16305,39.71781247,-104.9349353,1/8/2019 8:04,8:04,15,0,0,FIRST AVENUE 4500 BLOCK EAST & CLERMONT STREET NORTH,1,1,0,0,1,3,,0,25,0,0,0,0,0,4,2,13
,2019-16306,39.71874213,-104.9732588,7/18/2019 13:56,13:56,15,0,0,FIRST AVENUE EAST & DOWNING STREET NORTH,1,1,0,0,1,3,,0,30,0,0,0,0,0,4,2,14
,2019-16307,39.71833463,-104.9824237,2/18/2019 12:27,12:27,12,0,1,FIRST AVENUE EAST & LOGAN STREET NORTH,5,1,0,0,1,4,,0,25,0,0,0,0,1,4,2,13
,2019-16308,39.71815557,-105.0354,9/14/2019 8:30,8:30,12,0,1,FIRST AVENUE 3600 BLOCK WEST & MEADE STREET NORTH,1,1,0,0,1,2,,0,30,0,0,0,0,1,4,2,3
,2019-16309,39.71802974,-104.9521863,4/25/2019 8:13,8:13,15,0,0,FIRST AVENUE EAST & MILWAUKEE STREET NORTH,1,1,0,0,1,3,,0,30,0,0,0,0,0,4,2,13
,2019-1631,39.833577,-104.7230145,6/30/2019 12:59,12:59,5,0,1,PENA BOULEVARD & 7550 PENA BOULEVARD,1,1,1,0,2,4,,0,65,0,0,0,0,2,4,1,2
,2019-16310,39.71813373,-105.0385066,3/12/2019 4:00,4:00,5,0,0,FIRST AVENUE WEST & OSCEOLA STREET NORTH / 3800 BLOCK WEST,1,4,0,0,3,4,,0,35,0,0,0,0,0,4,1,13
,2019-16311,39.71819396,-104.9593196,6/3/2019 20:18,20:18,15,0,0,FIRST AVENUE EAST & UNIVERSITY BOULEVARD NORTH,1,3,0,0,1,3,,0,35,0,0,0,0,0,4,2,13
,2019-16312,39.75771123,-104.9986236,6/9/2019 0:37,0:37,12,0,0,20TH STREET & CHESTNUT PLACE,1,3,1,0,1,3,,0,35,0,0,0,0,0,4,2,13
,2019-16313,39.75430061,-104.9942288,2/7/2019 10:55,10:55,12,0,0,20TH STREET 1400 BLOCK & BLAKE STREET,4,1,1,0,1,4,,0,30,0,0,0,0,0,4,2,7
,2019-16314,39.75429375,-104.9942202,2/8/2019 17:18,17:18,12,0,0,20TH STREET & BLAKE STREET,2,1,0,0,1,4,,0,35,0,0,0,0,0,4,2,14
,2019-16315,39.75424574,-104.9941599,6/2/2019 1:44,1:44,12,0,0,20TH STREET 1400 BLOCK & BLAKE STREET,1,3,0,0,1,4,,0,30,0,0,0,0,0,4,2,1
,2019-16316,39.75429375,-104.9942202,6/25/2019 17:55,17:55,12,0,0,20TH STREET 1400 BLOCK & BLAKE STREET,1,1,0,0,1,3,,0,25,0,0,0,0,0,4,3,8
,2019-16317,39.75425259,-104.9941685,10/31/2019 21:05,21:05,15,0,0,20TH STREET & BLAKE STREET,1,3,0,0,1,4,,1,30,0,0,0,0,0,4,2,14
,2019-16318,39.75771065,-104.9985277,3/9/2019 19:30,19:30,12,0,0,20TH STREET & CHESTNUT PLACE,1,3,1,0,1,4,,0,25,0,0,0,0,0,4,2,14
,2019-16319,39.75967152,-105.0017782,11/8/2019 17:53,17:53,12,0,0,20TH STREET & LITTLE RAVEN STREET,1,3,0,0,1,4,,0,35,0,0,0,0,0,4,2,13
,2019-16320,39.75363431,-104.9934445,6/30/2019 17:45,17:45,12,0,0,20TH STREET & MARKET STREET,1,1,0,0,1,4,,0,30,0,0,0,0,0,4,2,1
,2019-16321,39.75618448,-104.9918862,8/19/2019 8:00,8:00,12,0,0,22ND STREET & BLAKE STREET,1,1,0,0,1,3,,0,25,0,0,0,0,0,4,2,13
,2019-16322,39.75554113,-104.9909816,3/29/2019 21:30,21:30,15,0,0,22ND STREET & MARKET STREET,2,3,0,1,1,4,,0,25,0,0,0,0,0,4,2,13
,2019-16323,39.75125004,-105.0171234,10/24/2019 11:42,11:42,12,0,0,23RD AVENUE WEST & ALCOTT STREET NORTH,1,1,0,0,1,3,,0,25,0,0,0,0,0,4,2,13
,2019-16324,39.75120668,-105.0204829,4/26/2019 23:53,23:53,12,0,0,23RD AVENUE WEST & CLAY STREET NORTH,1,3,0,0,1,4,,0,25,0,0,0,0,0,4,2,13
,2019-16325,39.75074088,-104.9757574,6/7/2019 13:12,13:12,6,0,0,23RD AVENUE EAST & EMERSON STREET NORTH,1,1,0,0,1,4,,0,30,0,0,0,0,0,4,2,2
,2019-16326,39.75071784,-104.9596975,1/4/2019 16:30,16:30,12,0,0,23RD AVENUE 2300 BLOCK EAST & YORK STREET NORTH,1,1,0,0,1,3,,0,30,0,0,0,0,0,4,2,13
,2019-16327,39.75322797,-104.9741729,1/22/2019 10:14,10:14,6,0,0,25TH AVENUE 1000 BLOCK EAST & OGDEN STREET NORTH,4,1,0,2,1,4,,0,25,0,0,0,0,0,4,3,1
,2019-16328,39.75482578,-105.026882,4/2/2019 1:38,1:38,6,0,0,26TH AVENUE WEST & 2800 BLOCK,1,3,0,0,1,4,,0,30,0,0,0,0,0,4,2,12
,2019-16329,39.75482705,-105.0232453,3/22/2019 18:58,18:58,6,0,0,26TH AVENUE WEST & ELIOT STREET NORTH / 2800 BLOCK WEST,2,3,0,1,1,4,,0,25,0,0,0,1,0,4,2,13
,2019-16330,39.75462311,-104.9754544,5/5/2019 19:33,19:33,6,0,2,26TH AVENUE EAST & EMERSON STREET NORTH,1,1,0,0,1,4,,0,30,0,0,0,0,2,4,3,5
,2019-16331,39.75850114,-104.9852701,12/12/2019 16:40,16:40,15,0,0,26TH STREET & LARIMER STREET,1,3,0,0,1,4,,0,25,0,0,0,0,0,4,2,9
,2019-16332,39.75461891,-104.9739996,1/22/2019 8:57,8:57,3,0,0,26TH AVENUE EAST & OGDEN STREET NORTH,5,1,0,0,1,5,,0,25,0,0,0,0,0,4,2,13
,2019-16333,39.75446528,-104.9594441,9/16/2019 15:15,15:15,5,0,1,26TH AVENUE EAST & YORK STREET NORTH,1,1,0,0,2,4,,0,30,0,0,0,0,1,4,1,2
,2019-16334,39.754869,-105.0159058,3/23/2019 3:53,3:53,5,0,0,26TH AVENUE WEST & ZUNI STREET NORTH,1,3,0,0,3,4,,0,25,0,0,0,0,0,4,1,5
,2019-16335,39.75601805,-105.0191286,2/22/2019 19:11,19:11,6,0,0,27TH AVENUE WEST & BRYANT STREET NORTH,5,3,1,2,1,4,,0,25,0,0,0,0,0,4,3,13
,2019-16336,39.74636512,-105.0249543,7/30/2019 8:58,8:58,12,0,0,19TH AVENUE WEST & FEDERAL BOULEVARD NORTH,1,1,1,0,1,2,,0,25,0,0,0,0,0,4,2,3
,2019-16337,39.7559728,-104.9027781,8/11/2019 21:00,21:00,3,0,0,28TH AVENUE EAST & QUEBEC STREET NORTH,1,4,0,0,1,2,,0,10,0,0,0,0,0,4,2,1
,2019-16338,39.75597516,-104.9032583,9/14/2019 14:45,14:45,12,0,0,28TH AVENUE EAST & QUEBEC STREET NORTH,1,1,0,0,1,4,,0,25,0,0,0,0,0,4,2,13
,2019-16339,39.75885081,-104.8645345,2/14/2019 18:44,18:44,15,0,0,29TH DRIVE EAST & IOLA STREET NORTH,1,1,0,0,1,4,,0,25,0,0,0,0,0,4,2,1
,2019-1634,39.783701,-104.901363,6/30/2019 3:00,3:00,5,0,0,I270 & NORTHFIELD QUEBEC STREET NORTH,1,3,0,0,3,4,,0,65,0,0,0,0,0,1,1,2
,2019-16340,39.75885024,-104.8645345,5/20/2019 8:00,8:00,15,0,0,29TH AVENUE EAST & IOLA STREET NORTH,2,1,0,1,1,4,,0,30,0,0,0,0,0,4,2,13
,2019-16341,39.75798627,-104.9033938,7/26/2019 14:05,14:05,6,0,0,29TH AVENUE EAST & QUEBEC STREET NORTH,1,1,0,0,1,4,,0,25,0,0,0,0,0,4,2,13
,2019-16342,39.76564162,-105.0048696,2/3/2019 12:24,12:24,6,0,0,35TH AVENUE WEST & OSAGE STREET NORTH,1,1,1,0,1,4,,0,30,0,0,0,0,0,4,2,13
,2019-16343,39.72025703,-105.0176734,2/26/2019 8:10,8:10,12,0,0,SECOND AVENUE 2500 BLOCK WEST & BRYANT STREET NORTH,1,1,0,0,1,2,,0,25,0,0,0,0,0,4,2,3
,2019-16344,39.71934319,-104.9807385,5/6/2019 8:00,8:00,6,0,0,SECOND AVENUE 500 BLOCK EAST & PENNSYLVANIA STREET NORTH,1,1,0,0,1,2,,0,25,0,0,0,0,0,4,2,13
,2019-16345,39.76212826,-105.0366813,9/9/2019 11:42,11:42,6,0,0,32ND AVENUE WEST & NEWTON STREET NORTH,1,1,1,0,1,4,,0,30,0,0,0,1,0,4,2,13
,2019-16346,39.76378168,-104.9291351,1/2/2019 9:30,9:30,6,0,0,33RD AVENUE 5000 EAST & ELM STREET NORTH,4,1,0,0,1,4,,0,25,0,0,0,0,0,4,2,13
,2019-16347,39.7632276,-105.0057582,2/17/2019 14:20,14:20,3,0,0,33RD AVENUE WEST & PECOS STREET NORTH,1,1,1,0,1,5,,0,30,0,0,0,0,0,4,2,8
,2019-16348,39.76665471,-104.9765189,2/2/2019 2:19,2:19,6,0,0,34TH STREET & WALNUT STREET,1,3,0,0,1,4,,0,25,0,0,0,0,0,4,2,2
,2019-16349,39.76558703,-105.0287791,6/21/2019 8:35,8:35,6,0,0,35TH AVENUE WEST & IRVING STREET NORTH,1,1,0,0,1,4,,0,30,0,0,0,0,0,4,2,5
,2019-1635,39.778791,-104.897542,2/25/2019 15:22,15:22,12,0,0,I270 & I70,1,1,1,0,1,4,,0,55,0,0,0,0,0,1,2,7
,2019-16350,39.76562501,-104.9198904,2/27/2019 17:57,17:57,12,0,0,35TH AVENUE EAST & IVY STREET NORTH,1,3,0,0,1,3,,0,30,0,0,0,0,0,4,2,1
,2019-16351,39.76631368,-104.9735791,12/2/2019 14:18,14:18,12,0,0,35TH STREET 1200 BLOCK EAST & LAWRENCE STREET,2,1,0,0,1,4,,0,25,0,0,0,0,0,4,2,13
,2019-16352,39.76565014,-104.9103425,4/10/2019 6:00,6:00,6,0,0,35TH AVENUE 6700 BLOCK EAST & NIAGRA STREET NORTH,1,3,0,0,1,4,,0,25,0,0,0,0,0,4,3,13
,2019-16353,39.76814681,-104.9721112,1/8/2019 0:00,0:00,15,0,0,37TH AVENUE 1300 BLOCK EAST & MARION STREET NORTH,1,1,0,0,1,3,,0,25,0,0,0,0,0,4,2,13
,2019-16354,39.77290445,-104.9753486,5/24/2019 14:44,14:44,12,0,1,38TH STREET & BRIGHTON BOULEVARD NORTH,1,1,0,0,1,4,,0,30,0,0,0,0,1,4,2,13
,2019-16355,39.77307688,-104.9735536,9/24/2019 7:29,7:29,15,0,0,38TH STREET 1700 BLOCK & BRIGHTON BOULEVARD,1,1,1,0,1,4,,0,30,0,0,0,0,0,4,2,1
,2019-16356,39.77293876,-104.975394,11/19/2019 11:39,11:39,12,0,0,38TH STREET 1600 BLOCK & BRIGHTON BOULEVARD,1,1,0,0,1,1,,0,30,0,0,0,0,0,4,2,14
,2019-16357,39.77430172,-104.9771791,5/30/2019 17:45,17:45,12,0,1,38TH STREET & CHESTNUT PLACE,1,1,1,0,1,3,,0,30,0,0,0,0,1,4,2,1
,2019-16358,39.76926601,-105.0249712,6/13/2019 19:29,19:29,12,0,0,38TH AVENUE WEST & FEDERAL BOULEVARD NORTH,1,2,0,0,1,4,,0,30,0,0,0,0,0,4,2,13
,2019-16359,39.76926601,-105.0249712,7/2/2019 14:59,14:59,12,0,0,38TH AVENUE WEST 2900 BLOCK & FEDERAL BOULEVARD NORTH,1,1,1,0,1,4,,0,30,0,0,0,0,0,4,2,13
,2019-16360,39.76940833,-105.0299693,3/23/2019 14:35,14:35,12,0,0,38TH AVENUE WEST & IRVING STREET NORTH,1,1,0,1,1,4,,0,35,0,0,0,0,0,4,3,13
,2019-16361,39.76944301,-105.0312547,4/30/2019 13:40,13:40,15,0,1,38TH AVENUE 3300 BLOCK WEST & JULIAN STREET NORTH,1,1,1,0,1,4,,0,35,0,0,0,0,1,4,3,13
,2019-16362,39.76928225,-105.0016735,12/14/2019 0:54,0:54,5,0,1,38TH AVENUE WEST & LIPAN STREET NORTH,14,3,1,0,3,4,,0,35,0,0,0,0,2,4,1,1
,2019-16363,39.769437,-105.0310615,1/29/2019 11:09,11:09,3,0,0,38TH AVENUE WEST & LOWELL BOULEVARD NORTH / 3500 BLOCK WEST,5,1,1,0,1,5,,0,20,0,0,0,0,0,4,2,13
,2019-16364,39.76936155,-104.9024944,12/13/2019 11:30,11:30,12,0,0,38TH AVENUE EAST & QUEBEC STREET NORTH,1,2,0,0,1,8,,0,25,0,0,0,0,0,4,2,13
,2019-16365,39.76936703,-105.043772,11/26/2019 9:35,9:35,12,0,0,38TH AVENUE 4300 BLOCK WEST & TENNYSON STREET NORTH,5,1,1,2,1,4,,0,35,0,0,0,0,0,4,2,13
,2019-16366,39.76936152,-105.0484125,4/17/2019 16:35,16:35,15,0,0,38TH AVENUE WEST & WOLFF STREET NORTH,1,1,0,0,1,4,,0,35,0,0,0,0,0,4,3,13
,2019-16367,39.77226592,-104.9745049,10/3/2019 16:20,16:20,12,0,0,38TH STREET & WYNKOOP STREET,1,1,0,0,1,4,,0,25,0,0,0,0,0,4,2,1
,2019-16368,39.77115202,-105.0273348,10/28/2019 9:06,9:06,6,0,0,39TH AVENUE WEST & GROVE STREET NORTH,5,1,1,2,1,1,,0,25,0,0,0,0,0,4,3,13
,2019-16369,39.72093009,-105.0026433,1/7/2019 8:50,8:50,6,0,0,THIRD AVENUE 1100 BLOCK WEST & MARIPOSA STREET NORTH,1,1,0,0,1,4,,0,25,0,0,0,0,0,4,2,13
,2019-1637,39.653603,-105.045694,10/10/2019 11:00,11:00,12,0,0,HAMPDEN AVENUE WEST & MM 257,6,1,1,2,1,4,,0,65,0,0,0,0,0,2,2,13
,2019-16370,39.72098181,-104.9591734,7/14/2019 18:59,18:59,3,0,0,THIRD AVENUE EAST & UNIVERSITY BOULEVARD,1,1,0,0,1,5,,0,25,0,0,0,0,0,4,2,13
,2019-16371,39.77282979,-104.7958314,2/8/2019 16:37,16:37,12,0,0,40TH AVENUE EAST & AIRPORT WAY NORTH,1,1,0,0,1,4,,0,40,0,0,0,0,0,4,2,13
,2019-16372,39.77282927,-104.7956535,8/23/2019 19:18,19:18,12,0,1,40TH AVENUE 16500 BLOCK EAST & AIRPORT WAY NORTH,1,1,0,0,1,4,,0,40,0,0,0,0,1,4,2,13
,2019-16373,39.77410492,-104.8827884,1/22/2019 8:14,8:14,12,0,0,40TH AVENUE EAST & CENTRAL PARK BOULEVARD NORTH,5,2,0,2,1,3,,0,35,0,0,0,0,0,4,2,14
,2019-16374,39.77886979,-104.8704129,7/4/2019 22:40,22:40,6,0,0,45TH AVENUE EAST & 2300 BLOCK,2,3,0,0,1,4,,0,35,0,0,0,0,0,4,2,5
,2019-16375,39.77317916,-104.809877,4/19/2019 19:56,19:56,12,0,0,40TH AVENUE EAST & CHAMBERS ROAD NORTH,1,3,0,0,1,4,,0,40,0,0,0,0,0,4,2,13
,2019-16376,39.77126335,-104.7601528,3/16/2019 17:18,17:18,6,0,1,40TH PLACE EAST 19400 BLOCK & ENSENADA STREET NORTH,1,1,0,0,1,4,,0,25,0,0,0,0,1,4,2,14
,2019-16377,39.77287647,-104.9414876,8/19/2019 22:51,22:51,10,0,0,40TH AVENUE EAST & HARRISON STREET NORTH,1,3,0,0,1,2,,0,25,0,0,0,0,0,4,2,13
,2019-16378,39.77286322,-104.8658151,2/5/2019 9:00,9:00,15,0,0,40TH AVENUE EAST & HAVANNA STREET NORTH,8,1,0,0,1,3,,0,35,0,0,0,0,0,4,2,8
,2019-16379,39.7709668,-104.7483991,12/1/2019 9:50,9:50,6,0,0,40TH AVENUE EAST & KIRK STREET NORTH,5,1,0,0,1,4,,0,25,0,0,0,0,0,4,2,13
,2019-16380,39.77282719,-104.7914302,10/22/2019 14:46,14:46,12,0,0,40TH AVENUE EAST & PENA BOULEVARD EASTBOUND RAMPS,1,1,0,0,1,1,,0,40,0,0,0,0,0,4,2,13
,2019-16381,39.77336629,-104.8997388,10/30/2019 11:49,11:49,14,0,0,40TH AVENUE 7700 BLOCK EAST & ROSEMARY STREET NORTH,4,1,1,0,1,4,,0,30,0,0,0,0,0,4,2,7
,2019-16382,39.77511749,-104.9004711,9/4/2019 17:31,17:31,10,0,0,41ST AVENUE EAST & AIRLAWN ROAD EAST,1,1,0,0,1,2,,0,25,0,0,0,0,0,4,2,14
,2019-16383,39.77483976,-104.9312043,11/6/2019 11:34,11:34,12,0,0,41ST AVENUE EAST & DAHLIA STREET NORTH,1,1,0,0,1,2,,0,25,0,0,0,0,0,4,2,7
,2019-16384,39.77291065,-105.024732,10/16/2019 15:20,15:20,6,0,0,41ST AVENUE 2900 BLOCK WEST & FEDERAL BOULEVARD NORTH,1,1,0,0,1,4,,0,25,0,0,0,0,0,4,2,7
,2019-16385,39.77294315,-105.0529311,5/23/2019 5:35,5:35,5,0,0,41ST AVENUE 5100 BLOCK WEST & SHERIDAN BOULEVARD NORTH,1,3,0,0,3,4,,0,30,0,0,0,0,0,4,1,13
,2019-16386,39.77291691,-105.0112212,4/4/2019 12:10,12:10,6,0,0,41ST AVENUE 1900 BLOCK WEST & TEJON STREET NORTH,1,1,0,0,1,4,,0,25,0,0,0,0,0,4,2,13
,2019-16387,39.77766708,-104.9559273,7/25/2019 15:15,15:15,15,0,0,44TH AVENUE EAST & ELIZABETH STREET NORTH,1,1,0,0,1,4,,0,25,0,0,0,0,0,4,2,1
,2019-16388,39.77657726,-105.0530736,6/14/2019 12:16,12:16,3,0,0,44TH AVENUE 5100 BLOCK WEST & SHERIDAN BOULEVARD NORTH,1,1,0,0,1,2,,0,30,0,0,0,0,0,4,2,13
,2019-16389,39.77928243,-104.7493487,5/24/2019 17:55,17:55,6,0,0,45TH AVENUE EAST & JEBEL STREET NORTH,1,1,0,0,1,3,,0,15,0,0,0,0,0,4,2,14
,2019-1639,39.761983,-105.025211,5/3/2019 13:34,13:34,1,0,0,FEDERAL BOULEVARD NORTH & 32ND AVENUE WEST,1,1,1,0,1,1,,0,35,0,0,0,0,0,2,2,13
,2019-16390,39.77870069,-104.8582793,4/11/2019 7:53,7:53,14,0,0,45TH AVENUE EAST & KINGSTON STREET NORTH,5,1,0,0,1,4,,0,40,0,0,0,0,0,4,2,1
,2019-16391,39.7801638,-105.010616,12/18/2019 13:21,13:21,14,0,0,46TH AVENUE 1900 BLOCK WEST & TEJON STREET NORTH,1,1,1,0,1,4,,0,,0,0,0,0,0,4,2,13
,2019-16392,39.77957713,-104.8470218,9/17/2019 16:38,16:38,10,0,0,46TH AVENUE EAST & PEORIA STREET NORTH,1,1,0,0,1,2,,0,30,0,0,0,0,0,4,2,13
,2019-16393,39.77959197,-104.8464172,12/7/2019 16:14,16:14,10,0,0,46TH AVENUE EAST & PEORIA STREET NORTH,1,1,0,0,1,2,,0,25,0,0,0,0,0,4,2,13
,2019-16394,39.78015363,-105.0092232,8/30/2019 17:30,17:30,6,0,0,46TH AVENUE WEST & SHOSHONE STREET NORTH,1,1,0,0,1,4,,0,30,0,0,0,0,0,4,2,13
,2019-16395,39.78001329,-104.7489508,10/2/2019 17:47,17:47,6,0,1,47TH AVENUE EAST & JEBEL STREET NORTH,1,1,0,0,1,4,,0,25,0,0,0,0,1,4,2,14
,2019-16397,39.7823692,-104.8572119,4/25/2019 13:57,13:57,12,0,0,47TH AVENUE EAST & KINGSTON STREET NORTH / 11100 BLOCK EAST,1,1,0,0,1,4,,0,35,0,0,0,0,0,4,2,13
,2019-16398,39.78180472,-104.7801027,8/27/2019 13:35,13:35,13,0,1,47TH AVENUE EAST & URAVAN STREET NORTH,1,1,0,0,1,4,,0,,0,0,0,0,2,4,2,13
,2019-16399,39.78383097,-105.0098351,6/12/2019 8:30,8:30,5,0,0,48TH AVENUE WEST & SHOSHONE STREET NORTH,1,1,0,0,3,4,,0,30,0,0,0,0,0,4,1,14
,2019-16400,39.78398937,-105.0157304,7/27/2019 1:00,1:00,12,0,0,48TH AVENUE WEST 2300 BLOCK & ZUNI STREET NORTH,1,3,0,0,1,3,,0,35,0,0,0,0,0,4,2,5
,2019-16401,39.78589598,-104.7714393,11/13/2019 7:30,7:30,3,0,0,49TH AVENUE 18500 BLOCK EAST & TOWER ROAD NORTH,1,1,0,0,1,1,,0,25,0,0,0,0,0,4,2,13
,2019-16402,39.72254174,-104.9867697,11/25/2019 12:57,12:57,6,0,0,FOURTH AVENUE 50 BLOCK EAST & BROADWAY STREET NORTH,1,1,0,0,1,4,,0,,0,0,0,0,0,4,2,13
,2019-16403,39.72254644,-104.9861403,4/22/2019 12:25,12:25,6,0,0,FOURTH AVENUE & LINCOLN STREET NORTH,1,1,0,0,1,4,,0,25,0,0,0,0,0,4,2,13
,2019-16404,39.78712828,-104.9946319,7/8/2019 11:57,11:57,14,0,0,50TH AVENUE WEST & FOX STREET NORTH,1,1,1,0,1,4,,0,25,0,0,0,0,0,4,2,13
,2019-16405,39.78738884,-104.978281,5/1/2019 13:53,13:53,12,0,0,50TH AVENUE 700 BLOCK EAST & WASHINGTON STREET NORTH,1,1,0,0,1,2,,0,25,0,0,0,0,0,4,2,13
,2019-16406,39.78852505,-104.8271674,1/25/2019 7:32,7:32,12,0,1,51ST AVENUE EAST & CROWN BOULEVARD NORTH,5,1,0,0,1,4,,0,30,0,0,0,0,1,4,3,13