id,drcog_id,latitude,longitude,crashtime,time,crashtype,numbkilled,numbinjurd,drcoglocat,rdconditin,lightngcon,roadcntgrd,weatherco,location,roaddescrp,schoolzone,constrzone,splimit,bikeinv,sctrinv,pedinv,motoinv,svrty,rdsystem,ttlvehcls,hcf
,2019-16407,39.78932231,-104.8399231,11/15/2019 7:35,7:35,12,0,0,51ST AVENUE 12900 BLOCK EAST & TITAN COURT NORTH,1,1,0,0,1,3,,0,25,0,0,0,0,0,4,2,13
,2019-16408,39.78874504,-104.8171765,3/28/2019 21:43,21:43,6,0,0,52ND AVENUE EAST & DURHAM COURT NORTH,1,3,0,0,1,4,,0,25,0,0,0,0,0,4,2,12
,2019-16409,39.79098894,-104.9447742,4/4/2019 21:15,21:15,14,0,0,52ND AVENUE EAST & MONROE STREET NORTH,1,3,0,0,1,4,,0,,0,0,0,0,0,4,2,13
,2019-16410,39.79832393,-104.8824912,1/25/2019 13:45,13:45,12,0,1,56TH AVENUE EAST & CENTRAL PARK BOULEVARD NORTH,1,1,0,0,1,4,,0,45,0,0,0,0,1,4,3,13
,2019-16411,39.79832343,-104.8837582,6/17/2019 16:58,16:58,12,0,0,56TH AVENUE EAST & CENTRAL PARK BOULEVARD NORTH,2,1,0,1,1,4,,0,45,0,0,0,0,0,4,2,13
,2019-16412,39.79832343,-104.8837582,10/8/2019 22:06,22:06,12,0,0,56TH AVENUE EAST & CENTRAL PARK BOULEVARD NORTH,1,3,0,0,1,4,,0,45,0,0,0,0,0,4,2,13
,2019-16413,39.79838675,-104.8658382,9/3/2019 17:20,17:20,12,0,0,56TH AVENUE EAST & HAVANA STREET NORTH,1,1,0,0,1,3,,0,45,0,0,0,0,0,4,2,7
,2019-16414,39.79836967,-104.8595201,11/17/2019 15:30,15:30,14,0,1,56TH AVENUE EAST & JOLIET STREET NORTH,1,1,0,0,1,4,,0,40,0,0,0,0,1,4,2,2
,2019-16415,39.7983921,-104.7872038,2/8/2019 17:55,17:55,12,0,1,56TH AVENUE EAST & PENA NORTHBOUND RAMP,2,3,0,0,1,4,,0,45,0,0,0,0,1,4,2,13
,2019-16416,39.79839241,-104.7872394,3/31/2019 18:30,18:30,12,0,0,56TH AVENUE EAST & PENA BOULEVARD INBOUND,1,1,0,0,1,4,,0,45,0,0,0,0,0,4,2,13
,2019-16417,39.7981824,-104.8451479,5/17/2019 10:08,10:08,12,0,0,56TH AVENUE EAST & PEORIA STREET NORTH / 12200 BLOCK EAST,1,1,0,0,1,4,,0,35,0,0,0,0,0,4,2,13
,2019-16418,39.79818115,-104.8450007,8/27/2019 8:15,8:15,12,0,0,56TH AVENUE EAST & QUENTIN STREET NORTH,1,1,0,0,1,4,,0,35,0,0,0,0,0,4,2,7
,2019-16419,39.79815823,-104.8423074,6/6/2019 16:17,16:17,15,0,0,56TH AVENUE 12500 BLOCK EAST & REVERSE STREET NORTH,1,1,0,0,1,4,,0,45,0,0,0,0,0,4,2,1
,2019-16420,39.79812743,-104.8384242,8/13/2019 17:39,17:39,12,0,0,56TH AVENUE 12900 BLOCK EAST & TUCSON STREET NORTH,1,1,1,0,1,4,,0,45,0,0,0,0,0,4,2,1
,2019-16421,39.72388342,-105.0171345,11/1/2019 11:35,11:35,6,0,0,FIFTH AVENUE WEST & ALCOTT STREET NORTH,5,1,0,0,1,2,,0,25,0,0,0,0,0,4,2,13
,2019-16422,39.72412277,-104.9830758,5/30/2019 17:57,17:57,3,0,0,FIFTH AVENUE EAST & GRANT STREET NORTH,1,1,0,0,1,5,,0,20,0,0,0,0,0,4,2,8
,2019-16423,39.77592172,-104.8286086,6/29/2019 20:15,20:15,6,0,0,ALBROOK DRIVE EAST 14400 BLOCK & DILLON STREET NORTH,1,3,0,0,1,4,,0,,0,0,0,0,0,4,2,13
,2019-16424,39.7256106,-104.977384,7/9/2019 20:16,20:16,6,0,0,SIXTH AVENUE EAST  & CLARKSON STREET NORTH,1,3,0,0,1,4,,0,30,0,0,0,0,0,4,2,8
,2019-16425,39.72570792,-104.9999028,3/6/2019 23:23,23:23,5,0,0,SIXTH AVENUE WEST  & KALAMATH STREET NORTH,10,3,1,2,3,3,,0,45,0,0,0,0,0,4,2,13
,2019-16426,39.72727363,-104.9820257,6/24/2019 18:45,18:45,6,0,0,SEVENTH AVENUE EAST & LOGAN STREET NORTH,1,1,0,0,1,4,,0,30,0,0,0,0,0,4,2,13
,2019-16427,39.72564465,-104.9857765,12/6/2019 16:17,16:17,12,0,0,SIXTH AVENUE EAST & SPEER BOULEVARD SOUTHBOUND,1,2,0,0,1,3,,0,,0,0,0,0,0,4,2,13
,2019-16428,39.69128382,-105.0284863,4/13/2019 8:00,8:00,6,0,0,ARKANSAS AVENUE 3100 BLOCK WEST & IRVING STREET SOUTH,1,1,0,0,1,4,,0,25,0,0,0,0,0,4,2,13
,2019-16429,39.72561277,-104.9752336,5/14/2019 16:30,16:30,15,0,0,SIXTH AVENUE EAST  & OGDEN STREET NORTH,1,1,1,0,1,3,,0,35,0,0,0,0,0,4,2,13
,2019-16430,39.72561004,-104.9497946,5/9/2019 21:48,21:48,6,0,0,SIXTH AVENUE EAST & STEELE STREET NORTH,1,3,0,0,1,4,,0,35,0,0,0,0,0,4,2,14
,2019-16431,39.72562011,-104.9783942,6/12/2019 20:00,20:00,6,0,0,SIXTH AVENUE EAST  & WASHINGTON STREET NORTH,1,3,0,0,1,4,,0,30,0,0,0,0,0,4,2,13
,2019-16432,39.75968435,-104.9769257,12/19/2019 3:55,3:55,6,0,0,700 BLOCK OF EAST 30TH STREET & CHAMPA STREET,1,3,0,0,1,4,,0,25,0,0,0,0,0,4,2,14
,2019-16433,39.83811869,-104.714568,2/22/2019 4:28,4:28,5,0,0,78TH AVENUE 23300 BLOCK EAST & GUN CLUB ROAD,9,3,0,4,1,4,,0,45,0,0,0,0,0,4,1,8
,2019-16434,39.83201522,-104.7152195,5/27/2019 5:25,5:25,10,0,0,75TH AVENUE EAST & GUN CLUB ROAD NORTH,1,1,0,0,1,4,,0,45,0,0,0,0,0,4,2,13
,2019-16435,39.83202012,-104.7155395,9/5/2019 7:40,7:40,15,0,0,75TH AVENUE EAST & GUN CLUB ROAD NORTH,1,1,0,0,1,3,,0,45,0,0,0,0,0,4,2,13
,2019-16436,39.83296171,-104.6775442,11/12/2019 10:29,10:29,9,0,0,75TH AVENUE 26800 EAST & POWHATON STREET,1,1,0,0,2,4,,0,45,0,0,0,0,0,4,1,7
,2019-16437,39.83809423,-104.7113456,3/7/2019 5:30,5:30,10,0,1,78TH AVENUE 23700 BLOCK EAST & GUN CLUB ROAD,5,3,0,0,1,4,,0,45,0,0,0,0,1,4,2,8
,2019-16438,39.83796226,-104.6910977,3/14/2019 16:30,16:30,3,0,2,78TH AVENUE EAST 25500 BLOCK & JACKSON GAP STREET,2,1,0,0,1,2,,0,,0,0,0,0,1,4,2,7
,2019-16439,39.83793658,-104.687537,5/2/2019 11:35,11:35,3,0,1,78TH AVENUE 26100 BLOCK EAST & JACKSON GAP STREET NORTH,1,1,0,0,1,2,,0,15,0,0,0,0,1,4,2,13
,2019-16440,39.72720347,-104.9872789,3/29/2019 12:19,12:19,3,0,0,SEVENTH AVENUE EAST & BROADWAY STREET NORTH,1,1,0,0,1,2,,0,25,0,0,0,0,0,4,2,13
,2019-16441,39.72728671,-104.9823643,9/4/2019 8:57,8:57,12,0,0,SEVENTH AVENUE 400 BLOCK EAST & LOGAN STREET NORTH,1,1,0,0,1,4,,0,25,0,0,0,0,0,4,2,3
,2019-16442,39.72731534,-104.9983414,2/27/2019 12:34,12:34,6,0,0,SEVENTH AVENUE 800 BLOCK WEST & SANTA FE DRIVE NORTH,1,1,1,0,1,4,,0,25,0,0,0,0,0,4,2,13
,2019-16443,39.7273145,-104.9981459,11/1/2019 14:10,14:10,3,0,0,SEVENTH AVENUE WEST & SANTA FE DRIVE NORTH,1,1,0,0,1,5,,0,25,0,0,0,0,0,4,2,3
,2019-16444,39.72728194,-104.9842918,7/6/2019 15:00,15:00,3,0,0,SEVENTH AVENUE EAST 200 BLOCK & SHERMAN STREET NORTH,1,1,0,0,1,5,,0,30,0,0,0,0,0,4,2,13
,2019-16445,39.72890979,-104.9957991,8/21/2019 6:32,6:32,15,0,0,EIGHTH AVENUE WEST & GALAPAGO STREET NORTH,1,1,0,0,1,4,,0,30,0,0,0,0,0,4,2,13
,2019-16446,39.72726917,-104.9770216,9/8/2019 20:10,20:10,6,0,0,SEVENTH AVENUE EAST & WASHINGTON STREET NORTH,2,4,1,0,1,4,,0,30,0,0,0,0,0,4,3,13
,2019-16447,39.72909133,-104.9884963,12/10/2019 9:35,9:35,15,0,0,EIGHTH AVENUE 000 BLOCK WEST & ACOMA STREET NORTH,1,1,1,0,1,4,,0,30,0,0,0,0,0,4,2,13
,2019-16448,39.72912956,-104.9480461,11/6/2019 9:17,9:17,12,0,0,EIGHTH AVENUE EAST & ADAMS STREET NORTH,1,1,0,0,1,3,,0,30,0,0,0,0,0,4,2,5
,2019-16449,39.72922555,-104.9394576,4/5/2019 10:06,10:06,12,0,0,EIGHTH AVENUE 4100 BLOCK EAST & ALBION STREET NORTH,1,1,0,0,1,1,,0,30,0,0,0,0,0,4,2,13
,2019-16450,39.72931428,-105.0210089,10/12/2019 21:40,21:40,5,0,0,EIGHTH AVENUE WEST & DECATUR STREET NORTH,1,3,0,0,3,4,,0,30,0,0,0,0,0,4,1,14
,2019-16451,39.72907912,-104.9727712,11/5/2019 13:05,13:05,15,0,0,EIGHTH AVENUE EAST & DOWNING STREET NORTH,1,1,0,0,1,3,,0,30,0,0,0,0,0,4,2,13
,2019-16452,39.72932644,-105.0242734,6/20/2019 8:30,8:30,10,0,0,EIGHTH AVENUE WEST & FEDERAL BOULEVARD NORTH,1,1,0,0,1,4,,1,30,0,0,0,0,0,4,2,13
,2019-16453,39.72890698,-104.9960835,6/16/2019 15:45,15:45,12,0,0,EIGHTH AVENUE WEST & GALAPAGO STREET NORTH,2,1,0,1,1,1,,0,30,0,0,0,0,0,4,2,12
,2019-16454,39.72889709,-104.9975818,10/9/2019 14:37,14:37,12,0,0,EIGHTH AVENUE 700 BLOCK WEST & INCA STREET NORTH,1,1,1,0,1,3,,0,30,0,0,0,1,0,4,3,13
,2019-16455,39.72911407,-104.9588932,8/26/2019 16:35,16:35,12,0,0,EIGHTH AVENUE EAST & JOSEPHINE STREET NORTH,1,1,0,0,1,3,,0,30,0,0,0,0,0,4,2,3
,2019-16456,39.72927514,-104.9138782,1/9/2019 16:50,16:50,12,0,0,EIGHTH AVENUE EAST & LOCUST STREET NORTH,1,2,0,0,1,3,,0,30,0,0,0,0,0,4,2,1
,2019-16457,39.72927542,-104.9138071,10/23/2019 13:45,13:45,12,0,1,EIGHTH AVENUE EAST & LOCUST STREET NORTH,1,1,0,0,1,3,,0,30,0,0,0,0,1,4,3,1
,2019-16458,39.73048883,-104.9619668,9/3/2019 23:39,23:39,5,0,1,NINTH AVENUE EAST & VINE STREET NORTH,1,3,0,0,1,4,,0,25,0,0,0,0,2,4,1,12
,2019-16459,39.72907273,-104.9823279,9/9/2019 16:03,16:03,15,0,0,EIGHTH AVENUE 400 BLOCK EAST & LOGAN STREET NORTH,1,1,0,1,1,4,,0,30,0,0,0,0,0,4,2,13
,2019-1646,39.78785643,-104.7906994,8/13/2019 16:20,16:20,15,0,0,PENA BOULEVARD & 8200 BLOCK,1,1,0,0,1,4,,0,35,0,0,0,0,0,4,2,13
,2019-16460,39.72908249,-104.9714767,7/2/2019 8:45,8:45,12,0,0,EIGHTH AVENUE EAST 1300 BLOCK & MARION STREET NORTH,1,1,0,0,1,4,,0,30,0,0,0,0,0,4,3,13
,2019-16461,39.72890558,-104.9985328,6/19/2019 17:36,17:36,12,0,0,EIGHTH AVENUE WEST & SANTA FE DRIVE NORTH,1,1,0,0,1,3,,0,30,0,0,0,0,0,4,2,8
,2019-16462,39.72892477,-104.9905732,1/28/2019 0:25,0:25,12,0,0,EIGHTH AVENUE WEST & SPEER BOULEVARD NORTH / 200 BLOCK WEST,1,3,0,0,1,4,,0,30,0,0,0,0,0,4,2,12
,2019-16463,39.72897218,-104.990336,11/5/2019 15:00,15:00,15,0,0,EIGHTH AVENUE 100 BLOCK WEST & SPEER BOULEVARD NORTH,1,1,0,0,1,4,,0,30,0,0,0,0,0,4,2,13
,2019-16464,39.72909507,-104.965524,7/19/2019 0:20,0:20,12,0,0,EIGHTH AVENUE EAST & WILLIAMS STREET NORTH,1,3,0,0,1,3,,0,30,0,0,0,0,0,4,2,13
,2019-16465,39.72910994,-104.9600541,5/24/2019 11:05,11:05,15,0,0,EIGHTH AVENUE EAST 2300 BLOCK & YORK STREET,1,1,0,0,1,4,,0,25,0,0,0,0,0,4,2,1
,2019-16466,39.72948719,-105.0520292,3/13/2019 12:45,12:45,6,0,0,EIGHTH AVENUE 5000 BLOCK WEST & ZENOBIA STREET NORTH,4,1,1,2,1,4,,0,25,0,0,0,0,0,4,2,13
,2019-16467,39.72947671,-105.0518772,4/30/2019 6:11,6:11,6,0,0,EIGHTH AVENUE 5000 BLOCK WEST & ZENOBIA STREET NORTH,1,1,0,0,1,4,,0,25,0,0,0,0,0,4,2,2
,2019-16468,39.72932427,-105.0158892,7/12/2019 9:14,9:14,12,0,1,EIGHTH AVENUE WEST & ZUNI STREET NORTH,1,1,0,0,1,4,,0,25,0,0,0,0,1,4,2,13
,2019-16469,39.73045787,-104.9726783,8/5/2019 6:45,6:45,6,0,0,NINTH AVENUE EAST & DOWNING STREET NORTH,1,1,0,0,1,4,,0,,0,0,0,0,0,4,2,5
,2019-16470,39.73043854,-104.9829873,5/8/2019 13:57,13:57,3,0,0,NINTH AVENUE 300 BLOCK EAST & GRANT STREET NORTH,2,1,0,1,1,5,,0,25,0,0,0,0,0,4,2,13
,2019-16471,39.73047889,-104.9823073,12/9/2019 13:36,13:36,12,0,0,NINTH AVENUE 400 BLOCK EAST & LOGAN STREET NORTH,1,1,0,0,1,4,,0,25,0,0,0,0,0,4,2,13
,2019-16472,39.71118357,-104.9338675,2/19/2019 11:30,11:30,12,0,0,ALAMEDA AVENUE 3700 BLOCK & CHERRY CREEK,2,1,0,0,1,3,,0,35,0,0,0,0,0,4,2,13
,2019-16473,39.71654965,-105.0300168,8/11/2019 1:57,1:57,5,0,0,ELLSWORTH AVENUE WEST & IRVING STREET SOUTH,1,3,0,0,1,4,,0,,0,0,0,0,0,4,1,13
,2019-16474,39.70822627,-104.8782079,1/22/2019 7:44,7:44,9,0,0,ALAMEDA AVENUE EAST & CLINTON STREET SOUTH,10,1,0,2,3,3,,0,35,0,0,0,0,0,4,1,14
,2019-16475,39.70804338,-104.8789796,1/23/2019 17:24,17:24,12,0,0,ALAMEDA AVENUE 9400 BLOCK EAST & CLINTON STREET SOUTH,5,2,1,0,1,4,,0,40,0,0,0,0,0,4,3,13
,2019-16476,39.70814389,-104.8785555,4/30/2019 13:15,13:15,12,0,1,ALAMEDA AVENUE EAST & CLINTON STREET SOUTH,1,1,0,0,1,4,,0,45,0,0,0,0,1,4,2,13
,2019-16477,39.71142901,-104.9406274,2/24/2019 19:51,19:51,12,0,0,ALAMEDA AVENUE EAST & COLORADO BOULEVARD SOUTH,1,3,0,0,1,4,,0,35,0,0,0,0,0,4,2,3
,2019-16478,39.71151953,-104.9393742,8/2/2019 16:15,16:15,1,0,0,ALAMEDA AVENUE EAST  & COLORADO BOULEVARD SOUTH,1,1,0,0,1,2,,0,35,0,0,0,0,0,4,2,13
,2019-16479,39.70897317,-104.8750617,2/14/2019 18:19,18:19,8,0,0,ALAMEDA AVENUE 9700 BLOCK EAST & DAYTON STREET SOUTH,1,3,0,0,1,4,,0,35,0,0,0,0,0,4,2,2
,2019-16480,39.71136529,-104.9129349,3/3/2019 3:49,3:49,12,0,0,ALAMEDA AVENUE EAST & MONACO STREET SOUTH,4,3,0,2,1,3,,0,35,0,0,0,0,0,4,2,14
,2019-16481,39.70912935,-104.874414,9/11/2019 8:53,8:53,15,0,0,ALAMEDA AVENUE EAST  & DAYTON STREET SOUTH,1,1,0,0,1,4,,0,35,0,0,0,0,0,4,2,7
,2019-16482,39.71110969,-104.9732123,4/2/2019 11:06,11:06,12,0,0,ALAMEDA AVENUE EAST 1200 BLOCK & DOWNING STREET SOUTH,1,1,0,0,1,4,,0,30,0,0,0,0,0,4,2,13
,2019-16483,39.71111633,-104.9657133,11/2/2019 15:28,15:28,12,0,0,ALAMEDA AVENUE EAST & GILPIN STREET SOUTH,1,1,0,0,1,4,,0,35,0,0,0,0,0,4,2,13
,2019-16484,39.71117725,-104.9246245,6/21/2019 14:37,14:37,12,0,2,ALAMEDA AVENUE EAST 5400 BLOCK & GRAPE STREET SOUTH,2,1,0,1,1,4,,0,35,0,0,0,0,1,4,2,3
,2019-16485,39.71111753,-104.9699391,2/1/2019 12:34,12:34,1,0,0,ALAMEDA AVENUE 1400 BLOCK EAST & LAFAYETTE STREET SOUTH,1,1,0,0,1,5,,0,30,0,0,0,0,0,4,2,14
,2019-16486,39.71119605,-104.9064736,7/14/2019 13:45,13:45,12,0,0,ALAMEDA AVENUE EAST & OLIVE WAY SOUTH,1,1,0,0,1,4,,0,40,0,0,0,0,0,4,2,3
,2019-16488,39.71121082,-104.9031454,7/10/2019 12:08,12:08,12,0,0,ALAMEDA AVENUE EAST 7400 BLOCK & QUEBEC STREET SOUTH,1,1,0,0,1,4,,0,35,0,0,0,0,0,4,2,8
,2019-16490,39.71118949,-104.9950064,5/24/2019 15:00,15:00,12,0,0,ALAMEDA AVENUE WEST 400 BLOCK & SANTA FE DRIVE SOUTH,1,1,1,0,1,4,,0,35,0,0,0,0,0,4,2,3
,2019-16491,39.71114928,-104.9971196,5/27/2019 13:34,13:34,15,0,0,ALAMEDA AVENUE 800 BLOCK WEST & SANTA FE DRIVE SOUTH,1,1,0,0,1,3,,0,30,0,0,0,0,0,4,2,1
,2019-16492,39.71100458,-104.9495455,1/5/2019 12:02,12:02,12,0,0,ALAMEDA AVENUE EAST 3200 BLOCK & STEELE STREET SOUTH,1,1,0,0,1,4,,0,25,0,0,0,0,0,4,2,13
,2019-16493,39.71110952,-104.9588033,9/20/2019 14:24,14:24,12,0,1,ALAMEDA AVENUE 2400 BLOCK EAST & UNIVERSITY BOULEVARD SOUTH,1,1,1,0,1,3,,0,25,0,0,0,0,1,4,2,2
,2019-16494,39.7069931,-104.8850779,7/16/2019 8:10,8:10,15,0,0,ALAMEDA AVENUE EAST 8900 BLOCK & XENIA STREET SOUTH,1,1,0,0,1,4,,0,35,0,0,0,0,0,4,2,13
,2019-16495,39.7071798,-104.8826133,9/3/2019 18:03,18:03,12,0,0,ALAMEDA AVENUE 9100 BLOCK EAST & XENIA STREET SOUTH,1,1,0,0,1,4,,0,35,0,0,0,0,0,4,2,1
,2019-16496,39.70703183,-104.8852467,10/2/2019 12:07,12:07,12,0,0,ALAMEDA AVENUE 8800 BLOCK EAST & XENIA STREET SOUTH,1,1,0,0,1,3,,0,10,0,0,0,0,0,4,2,13
,2019-16497,39.77656102,-104.8314358,7/9/2019 8:45,8:45,15,0,0,ALBROOK DRIVE EAST & CRYSTAL STREET NORTH,1,1,0,0,1,3,,0,30,0,0,0,0,0,4,2,1
,2019-16498,39.77345086,-104.8175759,11/16/2019 3:38,3:38,6,0,0,ANDREWS DRIVE EAST & 43RD AVENUE EAST,1,3,0,0,1,4,,0,25,0,0,0,0,0,4,2,2
,2019-16499,39.75074991,-104.9897313,9/4/2019 9:33,9:33,12,0,0,ARAPAHOE ROAD SOUTH & 19TH STREET,1,1,0,0,1,4,,0,25,0,0,0,0,0,4,2,14
,2019-16500,39.69129579,-105.0297169,9/29/2019 18:44,18:44,6,0,0,ARKANSAS AVENUE WEST & IRVING STREET SOUTH,1,1,0,0,1,3,,0,25,0,0,0,0,0,4,3,5
,2019-16501,39.71572985,-105.0236191,5/18/2019 22:44,22:44,6,0,0,ARCHER PLACE WEST & FEDERAL BOULEVARD SOUTH,2,3,0,1,1,4,,0,25,0,0,0,0,0,4,2,12
,2019-16502,39.6947741,-104.9637772,5/7/2019 9:21,9:21,6,0,0,ARIZONA AVENUE EAST & RACE STREET SOUTH,1,1,0,0,1,4,,0,30,0,0,0,0,0,4,2,13
,2019-16503,39.69128463,-105.0292681,8/7/2019 16:30,16:30,6,0,0,ARKANSAS AVENUE WEST & IRVING STREET SOUTH,1,1,1,0,1,4,,0,25,0,0,0,0,0,4,2,13
,2019-16504,39.71299391,-105.0449747,8/12/2019 18:09,18:09,6,0,0,CEDAR AVENUE WEST & VRAIN STREET SOUTH,1,1,0,0,1,4,,0,25,0,0,0,0,0,4,2,5
,2019-16505,39.68040339,-104.9284159,5/13/2019 10:44,10:44,6,0,1,ASBURY AVENUE EAST & FAIRFAX STREET SOUTH,1,1,0,0,1,4,,0,25,0,0,0,0,1,4,2,1
,2019-16506,39.68025341,-104.9577904,10/13/2019 9:35,9:35,15,0,0,ASBURY AVENUE EAST & JOSEPHINE STREET SOUTH,1,1,0,0,1,4,,0,35,0,0,0,0,0,4,3,13
,2019-16507,39.68025345,-104.9586889,4/4/2019 18:27,18:27,3,0,0,ASBURY AVENUE EAST & UNIVERSITY BOULEVARD SOUTH,1,1,0,0,1,5,,0,25,0,0,0,0,0,4,2,14
,2019-16508,39.74514639,-105.0092736,10/2/2019 14:45,14:45,15,0,0,AURARIA PARKWAY & SEVENTH STREET,1,1,0,0,1,3,,0,35,0,0,0,0,0,4,2,13
,2019-16509,39.6685446,-105.0233054,5/11/2019 19:09,19:09,6,0,0,COLLEGE AVENUE WEST & FEDERAL BOULEVARD SOUTH,1,1,0,0,1,4,,0,25,0,0,0,0,0,4,2,5
,2019-16510,39.71479219,-104.9898612,7/25/2019 10:17,10:17,12,0,0,BAYAUD AVENUE WEST & BANNOCK STREET SOUTH,1,1,0,0,1,3,,0,25,0,0,0,0,0,4,2,13
,2019-16511,39.69311411,-105.0248903,11/23/2019 2:00,2:00,5,0,0,LOUISIANA AVENUE EAST & FEDERAL BOULEVARD SOUTH,1,3,0,0,3,3,,0,35,0,0,0,0,0,4,1,5
,2019-16512,39.78107897,-104.815415,6/15/2019 9:16,9:16,12,0,0,BOLLING DRIVE EAST 14900 BLOCK & END WAY WEST,1,1,0,0,1,3,,0,25,0,0,0,0,0,4,2,3
,2019-16513,39.781361,-104.8167656,1/24/2019 19:49,19:49,12,0,0,BOLLING DRIVE EAST & ENID WAY NORTH,5,3,0,0,1,3,,0,30,0,0,0,0,0,4,2,13
,2019-16514,39.7320439,-104.9871851,6/8/2019 16:25,16:25,6,0,0,BROADWAY STREET NORTH & 10TH AVENUE EAST,1,1,0,0,1,4,,0,30,0,0,0,0,0,4,2,1
,2019-16515,39.76447599,-104.9569648,4/3/2019 16:45,16:45,6,0,0,BRUCE RANDOLPH AVENUE EAST & COLUMBINE STREET NORTH,1,1,0,0,1,4,,0,30,0,0,0,0,0,4,2,13
,2019-16516,39.76450618,-104.9692857,3/16/2019 2:05,2:05,6,0,0,BRUCE RANDOLPH AVENUE EAST 1500 BLOCK & HUMBOLDT STREET NORTH,1,3,0,0,3,4,,0,35,0,0,0,0,0,4,3,14
,2019-16517,39.76450191,-104.9634381,4/20/2019 21:33,21:33,6,0,0,BRUCE RANDOLPH AVENUE EAST & RACE STREET NORTH,1,3,0,0,1,4,,0,35,0,0,0,0,0,4,2,1
,2019-16518,39.7644668,-104.9497166,7/28/2019 14:00,14:00,12,0,0,BRUCE RANDOLPH AVENUE EAST & STEELE STREET NORTH,1,1,0,0,1,3,,0,30,0,0,0,0,0,4,2,3
,2019-16519,39.76448851,-104.9595017,6/27/2019 17:25,17:25,12,0,0,BRUCE RANDOLPH AVENUE EAST & YORK STREET NORTH,1,1,0,0,1,5,,0,30,0,0,0,0,0,4,2,1
,2019-16520,39.78742898,-105.0203354,10/27/2019 15:15,15:15,14,0,0,BRYANT WAY 50 NORTH & CLAY STREET NORTH,1,1,0,2,1,4,,0,25,0,0,0,0,0,4,2,13
,2019-16521,39.68231709,-104.9578388,9/30/2019 17:10,17:10,12,0,0,BUCHTEL BOULEVARD 2300 BLOCK EAST & JOSEPHINE STREET SOUTH,1,1,0,0,1,4,,0,30,0,0,0,0,0,4,2,5
,2019-16522,39.71291271,-104.976385,1/19/2019 9:20,9:20,3,0,0,CEDAR AVENUE 900 EAST & EMERSON STREET SOUTH,1,1,0,0,1,5,,0,20,0,0,0,0,0,4,2,13
,2019-16523,39.7134,-105.0250143,11/22/2019 23:23,23:23,12,0,1,CEDAR AVENUE 2900 BLOCK WEST & FEDERAL BOULEVARD SOUTH,1,3,0,0,1,4,,0,,0,0,0,0,1,4,2,5
,2019-16524,39.71329143,-104.9992302,7/26/2019 10:56,10:56,15,0,0,CEDAR AVENUE WEST & KALAMATH STREET SOUTH,1,1,0,0,1,4,,0,30,0,0,0,0,0,4,2,13
,2019-16525,39.7052388,-104.9101609,1/1/2019 8:45,8:45,6,0,0,CENTER AVENUE EAST & NIAGARA STREET SOUTH,4,1,0,0,1,2,,0,25,0,0,0,0,0,4,2,13
,2019-16526,39.79832357,-104.8834023,11/29/2019 9:05,9:05,15,0,0,CENTRAL PARK BOULEVARD NORTH & 56TH AVENUE EAST,5,1,0,4,1,4,,0,45,0,0,0,0,0,4,2,13
,2019-16527,39.77317396,-104.8098757,5/5/2019 16:41,16:41,12,0,0,CHAMBERS ROAD NORTH & 40TH AVENUE EAST,1,1,0,0,1,3,,0,40,0,0,0,0,0,4,2,5
,2019-16528,39.7111907,-104.9332279,5/7/2019 15:48,15:48,12,0,0,CHERRY CREEK 3300 BLOCK EAST & ALAMEDA AVENUE EAST,2,1,0,1,1,3,,0,30,0,0,0,0,0,4,2,7
,2019-16529,39.69655164,-104.9217852,10/12/2019 11:13,11:13,12,0,1,CHERRY CREEK DRIVE NORTH EAST & HOLLY STREET SOUTH,1,1,0,0,1,3,,0,35,0,0,0,0,2,4,3,10
,2019-16530,39.67845173,-104.935795,4/21/2019 0:24,0:24,5,0,1,COLORADO CENTER DRIVE EAST & BIRCH STREET SOUTH,1,4,0,0,2,4,,0,25,0,0,0,0,2,4,1,5
,2019-16531,39.66204932,-104.9097782,4/29/2019 7:28,7:28,5,0,1,CORNELL AVENUE EAST 6600 BLOCK & NIAGARA WAY SOUTH,1,2,0,0,2,4,,0,25,0,0,0,0,2,4,1,1
,2019-16532,39.61831889,-105.0904067,11/24/2019 17:12,17:12,1,0,0,CRESTLINE AVENUE WEST & WADSWORTH BOULEVARD SOUTH,1,3,0,0,1,2,,0,30,0,0,0,0,0,4,2,3
,2019-16533,39.70931032,-104.9810773,1/23/2019 17:49,17:49,6,0,0,DAKOTA AVENUE EAST & PENNSYLVANIA SOUTH,1,3,0,0,1,4,,0,30,0,0,0,0,0,4,3,1
,2019-16534,39.76082603,-105.0249036,4/24/2019 14:30,14:30,6,0,0,DOUGLAS PLACE 2900 BLOCK WEST & FEDERAL BOULEVARD NORTH,1,1,1,0,1,4,,0,25,0,0,0,0,0,4,2,13
,2019-16535,39.71652605,-104.9775052,3/4/2019 16:15,16:15,3,0,0,ELLSWORTH AVENUE 700 BLOCK EAST & CLARKSON STREET SOUTH,11,1,0,0,1,5,,0,15,0,0,0,0,0,4,3,13
,2019-16536,39.71656028,-104.9861,1/6/2019 20:00,20:00,6,0,0,ELLSWORTH AVENUE EAST & LINCOLN STREET SOUTH,1,4,0,0,1,4,,0,30,0,0,0,0,0,4,2,13
,2019-16537,39.79247706,-104.8346225,4/25/2019 16:40,16:40,6,0,0,ELMENDORF PLACE 13132 EAST & UVALDA STREET NORTH,1,1,0,0,1,4,,0,25,0,0,0,0,0,4,2,13