id,drcog_id,latitude,longitude,crashtime,time,crashtype,numbkilled,numbinjurd,drcoglocat,rdconditin,lightngcon,roadcntgrd,weatherco,location,roaddescrp,schoolzone,constrzone,splimit,bikeinv,sctrinv,pedinv,motoinv,svrty,rdsystem,ttlvehcls,hcf
,2019-16538,39.67846562,-104.9392695,2/24/2019 11:00,11:00,15,0,0,EVANS AVENUE EAST & ALBION STREET SOUTH,1,1,0,0,1,4,,0,35,0,0,0,0,0,4,2,13
,2019-16539,39.6784534,-104.9361321,1/8/2019 7:38,7:38,12,0,1,EVANS AVENUE EAST & BIRCH STREET SOUTH,1,1,0,0,1,4,,0,35,0,0,0,0,1,4,3,7
,2019-16540,39.639264,-104.910285,8/31/2019 3:28,3:28,5,0,0,I25 SOUTHBOUND EXIT GORE POINT TO & I225 NB/EB ON RAMP LOOP,1,3,0,0,3,4,,0,65,0,0,0,0,0,1,1,13
,2019-16541,39.67844721,-104.9341955,1/16/2019 20:26,20:26,12,0,0,EVANS AVENUE EAST & CLERMONT STREET SOUTH,1,3,0,0,1,3,,0,40,0,0,0,0,0,4,2,7
,2019-16542,39.67843473,-104.9352397,3/18/2019 8:46,8:46,12,0,1,EVANS AVENUE 4500 BLOCK EAST & CLERMONT STREET SOUTH,1,1,0,0,1,3,,0,30,0,0,0,0,1,4,2,3
,2019-16543,39.67843507,-104.940629,6/18/2019 17:15,17:15,1,0,0,EVANS AVENUE 4000 BLOCK EAST & COLORADO BOULEVARD SOUTH,1,1,0,0,1,2,,0,30,0,0,0,0,0,4,2,8
,2019-16544,39.67845834,-104.9403878,10/21/2019 17:00,17:00,3,0,0,EVANS AVENUE EAST & COLORADO BOULEVARD SOUTH,1,1,0,0,1,2,,0,35,0,0,0,0,0,4,2,13
,2019-16545,39.67846351,-104.931541,5/25/2019 17:10,17:10,12,0,0,EVANS AVENUE EAST 4800 BLOCK & DAHALIA STREET SOUTH,1,1,0,0,1,1,,0,35,0,0,0,0,0,4,2,13
,2019-16546,39.67846545,-104.9298356,2/7/2019 12:17,12:17,12,0,0,EVANS AVENUE EAST & DAHLIA STREET SOUTH / 4900 BLOCK EAST,2,1,0,0,1,4,,0,35,0,0,0,0,0,4,2,3
,2019-16547,39.67846409,-104.9310791,6/10/2019 11:59,11:59,15,0,0,EVANS AVENUE 4800 BLOCK EAST & DAHLIA STREET SOUTH,1,1,0,0,1,4,,0,30,0,0,0,0,0,4,2,13
,2019-16548,39.67846426,-104.9309477,8/21/2019 13:27,13:27,12,0,0,EVANS AVENUE 4900 BLOCK EAST & DAHLIA STREET SOUTH,1,1,0,0,1,4,,0,35,0,0,0,0,0,4,3,13
,2019-16549,39.67846916,-104.9262829,8/22/2019 17:42,17:42,12,0,0,EVANS AVENUE 4900 BLOCK EAST & DAHLIA STREET SOUTH,14,1,0,0,1,4,,0,35,0,0,0,0,0,4,3,13
,2019-16550,39.67846348,-104.9315587,10/1/2019 13:51,13:51,15,0,0,EVANS AVENUE 4800 BLOCK EAST & DAHLIA STREET SOUTH,1,1,0,0,1,4,,0,30,0,0,0,0,0,4,2,1
,2019-16551,39.67846473,-104.9305178,11/6/2019 13:18,13:18,12,0,0,EVANS AVENUE 4800 BLOCK EAST & DAHLIA STREET SOUTH,1,1,0,0,1,4,,0,30,0,0,0,0,0,4,2,13
,2019-16552,39.67846432,-104.9309015,11/23/2019 12:00,12:00,12,0,0,EVANS AVENUE 5000 BLOCK EAST & DAHLIA STREET SOUTH,1,1,0,0,1,4,,0,35,0,0,0,0,0,4,2,13
,2019-16553,39.6785119,-104.973173,5/23/2019 15:00,15:00,15,0,0,EVANS AVENUE 1200 EAST & DOWNING STREET SOUTH,1,1,0,0,1,4,,0,35,0,0,0,0,0,4,2,14
,2019-16554,39.6786447,-105.0248544,6/17/2019 22:02,22:02,3,0,0,EVANS AVENUE 2900 BLOCK WEST & FEDERAL BOULEVARD SOUTH,1,3,0,0,1,2,,0,35,0,0,0,0,0,4,2,13
,2019-16555,39.67864526,-105.0246768,9/26/2019 12:56,12:56,3,0,1,EVANS AVENUE WEST & FEDERAL BOULEVARD SOUTH,1,1,0,0,1,2,,0,30,0,0,0,0,1,4,2,7
,2019-16557,39.67854772,-104.9944637,1/3/2019 11:07,11:07,12,0,0,EVANS AVENUE WEST & FOX STREET SOUTH / 500 BLOCK WEST,1,1,0,0,1,4,,0,35,0,0,0,0,0,4,2,13
,2019-16558,39.67846564,-104.9248532,9/5/2019 15:49,15:49,12,0,0,EVANS AVENUE 5400 BLOCK EAST & GRAPE STREET SOUTH,1,1,0,0,1,4,,0,30,0,0,0,0,0,4,2,13
,2019-16559,39.67844403,-104.9251965,11/18/2019 18:05,18:05,15,0,0,EVANS AVENUE EAST & GRAPE STREET SOUTH,1,3,0,0,1,4,,0,35,0,0,0,0,0,4,2,13
,2019-16560,39.67862451,-105.0275281,3/12/2019 12:30,12:30,12,0,0,EVANS AVENUE WEST & HAZEL COURT SOUTH / 3100 BLOCK WEST,1,1,0,0,1,4,,0,30,0,0,0,0,0,4,2,3
,2019-16561,39.6784695,-104.9220161,7/1/2019 14:59,14:59,12,0,0,EVANS AVENUE EAST & HOLLY STREET SOUTH,1,1,0,0,1,3,,0,30,0,0,0,0,0,4,2,1
,2019-16562,39.67846506,-104.9215188,12/6/2019 12:11,12:11,12,0,0,EVANS AVENUE 5600 BLOCK EAST & HOLLY STREET SOUTH,1,1,0,0,1,4,,0,30,0,0,0,0,0,4,2,13
,2019-16563,39.67846474,-104.9214832,12/9/2019 8:15,8:15,3,0,0,EVANS AVENUE 5600 BLOCK EAST & HOLLY STREET SOUTH,1,1,0,0,1,2,,0,35,0,0,0,0,0,4,2,13
,2019-16564,39.67849468,-104.9695385,8/24/2019 15:30,15:30,3,0,0,EVANS AVENUE EAST & HUMBOLDT STREET SOUTH,1,1,0,0,1,2,,0,35,0,0,0,0,0,4,2,13
,2019-16565,39.67845193,-104.9967858,1/20/2019 14:45,14:45,15,0,0,EVANS AVENUE WEST & HURON STREET SOUTH,1,1,0,0,1,4,,0,30,0,0,0,0,0,4,2,13
,2019-16566,39.67845305,-104.9209801,8/7/2019 12:30,12:30,15,0,0,EVANS AVENUE 5700 BLOCK EAST & IVANHOE STREET SOUTH,1,1,0,0,1,4,,0,35,0,0,0,0,0,4,2,13
,2019-16567,39.68953238,-105.015708,11/9/2019 10:30,10:30,12,0,0,FLORIDA AVENUE WEST & ZUNI STREET SOUTH,1,1,0,0,1,3,,0,30,0,0,0,0,0,4,2,3
,2019-16568,39.67845761,-104.9182586,3/5/2019 16:00,16:00,3,0,0,EVANS AVENUE 6000 BLOCK EAST & JASMINE STREET SOUTH,1,1,0,0,1,2,,0,35,0,0,0,0,0,4,3,13
,2019-16569,39.67845698,-104.9185073,8/14/2019 7:10,7:10,12,0,1,EVANS AVENUE 5900 BLOCK EAST & JASMINE STREET SOUTH,1,1,0,0,1,3,,0,35,0,0,0,0,1,4,3,1
,2019-16570,39.67846071,-104.9170152,9/27/2019 15:34,15:34,3,0,0,EVANS AVENUE EAST & JASMINE STREET SOUTH,1,1,0,0,1,2,,0,15,0,0,0,0,0,4,2,13
,2019-16571,39.6785025,-104.9709041,1/12/2019 12:00,12:00,12,0,0,EVANS AVENUE EAST & LAFAYETTE STREET SOUTH / 1400 BLOCK EAST,2,1,0,0,1,4,,0,35,0,0,0,0,0,4,2,1
,2019-16573,39.67855549,-104.9861816,4/23/2019 14:50,14:50,15,0,0,EVANS AVENUE EAST & LINCOLN STREET SOUTH,1,1,0,0,1,4,,0,30,0,0,0,0,0,4,2,13
,2019-16574,39.67852103,-105.0013316,11/11/2019 5:44,5:44,8,0,3,EVANS AVENUE 1100 BLOCK WEST & LIPAN STREET SOUTH,5,3,0,2,1,4,,0,35,0,0,0,0,2,4,2,13
,2019-16575,39.6784603,-104.9112932,9/10/2019 8:41,8:41,3,0,0,EVANS AVENUE EAST & MONACO STREET SOUTH,1,1,0,0,1,2,,0,35,0,0,0,0,0,4,2,13
,2019-16576,39.67852503,-104.9754594,3/13/2019 10:21,10:21,12,0,0,EVANS AVENUE EAST & OGDEN STREET SOUTH,4,1,0,2,1,3,,0,30,0,0,0,0,0,4,3,7
,2019-16577,39.67852534,-104.9755092,5/26/2019 11:40,11:40,12,0,0,EVANS AVENUE EAST 1000 BLOCK & OGDEN STREET SOUTH,1,1,0,0,1,4,,0,35,0,0,0,0,0,4,2,7
,2019-16578,39.67845647,-104.9078342,2/3/2019 20:55,20:55,14,0,0,EVANS AVENUE EAST & ONEIDA STREET SOUTH,1,3,0,0,1,4,,0,35,0,0,0,0,0,4,2,5
,2019-16579,39.67845643,-104.907923,6/4/2019 8:16,8:16,15,0,0,EVANS AVENUE EAST & ONEIDA STREET SOUTH,1,1,0,0,1,4,,0,35,0,0,0,0,0,4,2,13
,2019-16580,39.67845342,-104.9082014,8/27/2019 7:08,7:08,12,0,1,EVANS AVENUE EAST & ONEIDA STREET SOUTH,1,1,0,0,1,3,,1,35,0,0,0,0,1,4,2,3
,2019-16581,39.67845673,-104.9073013,10/14/2019 12:36,12:36,3,0,0,EVANS AVENUE EAST & ONEIDA STREET SOUTH,1,1,0,0,1,2,,0,15,0,0,0,0,0,4,2,7
,2019-16582,39.67862244,-105.0083418,6/6/2019 16:22,16:22,15,0,0,EVANS AVENUE 1700 BLOCK WEST & RARITAN STREET SOUTH,1,1,0,0,1,4,,0,30,0,0,0,0,0,4,2,13
,2019-16584,39.67915943,-105.053003,5/3/2019 13:53,13:53,12,0,0,EVANS AVENUE WEST & SHERIDAN BOULEVARD SOUTH,1,1,0,0,1,4,,0,25,0,0,0,0,0,4,2,13
,2019-16585,39.70384354,-104.9518374,11/2/2019 7:16,7:16,6,0,0,EXPOSITION AVENUE EAST & MILWAUKEE STREET SOUTH,1,1,0,0,1,4,,0,30,0,0,0,0,0,4,3,3
,2019-16586,39.70381711,-104.9592982,12/15/2019 17:17,17:17,12,0,0,EXPOSITION AVENUE 2400 BLOCK EAST & UNIVERSITY BOULEVARD SOUTH,1,3,0,0,1,4,,0,35,0,0,0,0,0,4,2,7
,2019-16587,39.68944464,-105.0351044,6/5/2019 14:24,14:24,5,0,1,FLORIDA AVENUE WEST & MEADE STREET SOUTH,1,1,0,0,3,4,,0,30,0,0,0,0,2,4,1,13
,2019-16588,39.68949136,-105.0248683,8/25/2019 11:00,11:00,12,0,0,FLORIDA AVENUE 2900 BLOCK WEST & FEDERAL BOULEVARD SOUTH,1,1,0,0,1,4,,0,30,0,0,0,0,0,4,2,13
,2019-16589,39.68939477,-105.001308,1/22/2019 17:49,17:49,15,0,0,FLORIDA AVENUE 1200 WEST & LIPAN STREET SOUTH,1,3,1,0,1,4,,0,,0,0,0,0,0,4,2,13
,2019-16590,39.68942511,-105.0015964,11/29/2019 12:11,12:11,5,0,0,FLORIDA AVENUE WEST & LIPAN STREET SOUTH,5,1,1,0,3,3,,0,30,0,0,0,0,0,4,1,14
,2019-16591,39.68943295,-105.0338276,9/16/2019 16:04,16:04,12,0,0,FLORIDA AVENUE 3500 BLOCK WEST & LOWELL BOULEVARD SOUTH,1,1,0,0,1,4,,0,30,0,0,0,0,0,4,2,13
,2019-16592,39.65593429,-105.0666303,5/1/2019 7:20,7:20,6,0,1,GIRARD AVENUE 6100 BLOCK WEST & KENDALL STREET SOUTH,2,1,1,0,1,4,,0,25,0,0,0,0,2,4,2,7
,2019-16593,39.68945281,-105.0362832,9/18/2019 7:20,7:20,12,0,0,FLORIDA AVENUE 3700 BLOCK WEST & NEWTON STREET SOUTH,1,1,0,0,1,4,,0,30,0,0,0,0,0,4,3,13
,2019-16594,39.68933264,-104.8957312,8/28/2019 7:50,7:50,12,0,0,FLORIDA AVENUE 8000 BLOCK EAST & QUEBEC WAY SOUTH,1,1,2,0,1,4,,0,30,0,0,0,0,0,4,2,13
,2019-16595,39.68938086,-104.992055,6/21/2019 16:01,16:01,12,0,0,FLORIDA AVENUE WEST & SANTA FE DRIVE SOUTH,2,1,0,1,1,4,,0,25,0,0,0,0,0,4,3,13
,2019-16596,39.6892416,-104.9512263,9/13/2019 15:22,15:22,12,0,0,FLORIDA 3100 BLOCK EAST & STREET PAUL STREET SOUTH,1,1,0,0,1,4,,0,25,0,0,0,0,0,4,4,7
,2019-16597,39.69839647,-104.9687198,1/9/2019 22:27,22:27,3,0,0,FRANKLIN STREET SOUTH & TENNESSEE AVENUE EAST,1,3,0,0,1,3,,0,25,0,0,0,0,0,4,2,5
,2019-16598,39.78439683,-104.8134853,4/25/2019 21:37,21:37,12,0,0,GATEWAY AVENUE EAST & FONTANA COURT NORTH,1,3,0,0,1,1,,0,25,0,0,0,0,0,4,2,13
,2019-16599,39.66764995,-104.9673062,11/29/2019 14:00,14:00,5,0,0,GILPIN STREET SOUTH & YALE AVENUE EAST,5,1,0,0,2,4,,0,30,0,0,0,0,0,4,1,13
,2019-16600,39.65446559,-104.8721908,2/28/2019 12:01,12:01,15,0,0,GIRARD AVENUE 10000 BLOCK EAST & FLORENCE STREET SOUTH,1,1,0,0,1,4,,0,25,0,0,0,0,0,4,2,13
,2019-16601,39.65504931,-104.8702696,9/29/2019 16:51,16:51,6,0,0,GIRARD AVENUE EAST & GALENA STREET SOUTH,1,2,0,0,1,3,,0,25,0,0,0,0,0,4,2,13
,2019-16602,39.78376784,-104.7944179,4/26/2019 11:10,11:10,12,0,0,GREEN VALLEY 16600 BLOCK EAST & AIRPORT WAY,7,1,0,0,1,4,,0,45,0,0,0,0,0,4,2,13
,2019-16603,39.78200191,-104.7528598,10/31/2019 9:10,9:10,5,0,0,GREEN VALLEY RANCH BOULEVARD EAST & IRELAND STREET NORTH,1,1,0,0,3,4,,0,35,0,0,0,0,0,4,1,2
,2019-16604,39.78363992,-104.791036,1/17/2019 16:05,16:05,12,0,1,GREEN VALLEY RANCH BOULEVARD EAST & PENA BOULEVARD NORTH,1,1,0,0,1,4,,0,40,0,0,0,0,1,4,2,13
,2019-16605,39.78364581,-104.7878334,2/12/2019 7:30,7:30,12,0,1,GREEN VALLEY RANCH BOULEVARD EAST & PENA BOULEVARD INBOUND,1,1,0,0,1,3,,0,40,0,0,0,0,1,4,2,13
,2019-16606,39.78185927,-104.7525496,11/4/2019 20:03,20:03,6,0,0,GREEN VALLEY RANCH BOULEVARD EAST & IRELAND STREET NORTH,1,3,0,0,1,4,,0,35,0,0,0,0,0,4,2,13
,2019-16607,39.78364039,-104.7896134,5/6/2019 16:49,16:49,12,0,0,GREEN VALLEY RANCH BOULEVARD EAST & PENA BOULEVARD NORTH / 16900 BLOCK EAST,1,1,0,0,1,4,,0,40,0,0,0,0,0,4,2,7
,2019-16608,39.78360947,-104.7721144,1/10/2019 6:18,6:18,12,0,1,GREEN VALLEY RANCH BOULEVARD EAST & TOWER ROAD NORTH / 18500 BLOCK EAST,1,2,0,0,1,3,,0,40,0,0,0,0,1,4,2,14
,2019-16609,39.78363856,-104.7906802,3/1/2019 7:20,7:20,12,0,0,GREEN VALLEY RANCH BOULEVARD EAST & PENA BOULEVARD,1,1,0,0,1,4,,0,40,0,0,0,0,0,4,3,1
,2019-16610,39.78362642,-104.7718663,9/26/2019 19:09,19:09,12,0,0,GREEN VALLEY RANCH BOULEVARD 18500 BLOCK EAST & TOWER ROAD NORTH,1,1,0,0,1,4,,0,35,0,0,0,0,0,4,4,13
,2019-16611,39.78362625,-104.7775385,2/28/2019 17:08,17:08,12,0,0,GREEN VALLEY RANCH BOULEVARD EAST & WALDEN STREET NORTH / 18200 BLOCK EAST,1,1,0,0,1,4,,0,40,0,0,0,0,0,4,2,1
,2019-16612,39.78378898,-104.7979662,8/27/2019 21:17,21:17,12,0,0,GREEN VALLEY RANCH BOULEVARD EAST & MEMPHIS STREET NORTH,1,4,0,0,1,4,,0,45,0,0,0,0,0,4,3,13
,2019-16613,39.7836406,-104.7912139,4/24/2019 17:35,17:35,12,0,0,GREEN VALLEY RANCH BOULEVARD EAST & PENA BOULEVARD NORTH,1,1,0,0,1,4,,0,45,0,0,0,0,0,4,2,13
,2019-16614,39.78363992,-104.791036,8/20/2019 7:05,7:05,15,0,0,GREEN VALLEY RANCH BOULEVARD EAST & PENA BOULEVARD,1,1,0,0,1,4,,0,45,0,0,0,0,0,4,2,14
,2019-16615,39.78363231,-104.7703363,2/22/2019 17:29,17:29,3,0,0,GREEN VALLEY RANCH BOULEVARD EAST & TOWER ROAD NORTH,2,3,0,2,1,2,,0,35,0,0,0,0,0,4,2,13
,2019-16616,39.78360919,-104.7721144,11/19/2019 15:40,15:40,13,0,1,GREEN VALLEY RANCH BOULEVARD EAST & TOWER ROAD NORTH,1,1,0,0,1,3,,0,,0,0,0,0,2,4,2,14
,2019-16617,39.78360938,-104.7721144,12/11/2019 12:20,12:20,12,0,0,GREEN VALLEY RANCH BOULEVARD 18500 BLOCK EAST & TOWER ROAD NORTH,1,1,0,0,1,1,,0,35,0,0,0,0,0,4,2,6
,2019-16618,39.67158018,-104.8749437,10/26/2019 6:41,6:41,6,0,0,HARVARD AVENUE EAST & DAYTON WAY SOUTH,1,2,0,0,1,4,,0,25,0,0,0,0,0,4,3,13
,2019-16619,39.75702586,-104.987335,9/21/2019 16:42,16:42,6,0,0,LARIMER STREET & BROADWAY STREET NORTH,1,5,0,0,1,4,,0,25,0,0,0,0,0,4,2,14
,2019-16620,39.67098902,-105.0193623,9/17/2019 14:00,14:00,5,0,0,HILLSIDE AVENUE WEST & CLAY STREET SOUTH,1,1,0,0,3,3,,0,25,0,0,0,0,0,4,1,14
,2019-16621,39.67846902,-104.9219628,3/19/2019 9:22,9:22,12,0,2,HOLLY STREET SOUTH & EVANS AVENUE EAST,1,1,0,0,1,3,,0,30,0,0,0,0,1,4,2,7
,2019-16622,39.70044787,-105.0179727,11/12/2019 8:15,8:15,6,0,0,KENTUCKY AVENUE WEST & BRYANT STREET SOUTH,1,1,0,0,1,4,,0,25,0,0,0,0,0,4,2,13
,2019-16623,39.73793503,-105.0310921,7/11/2019 5:30,5:30,6,0,0,HOWARD PLACE WEST & JULIAN STREET NORTH,1,2,0,0,1,3,,0,25,0,0,0,0,0,4,2,8
,2019-16624,39.67475119,-104.8752102,7/10/2019 8:59,8:59,12,0,0,ILIFF AVENUE EAST 9800 BLOCK & DAYTON WAY SOUTH,1,1,0,0,1,4,,0,35,0,0,0,0,0,4,2,13
,2019-16625,39.65056373,-104.9023908,10/29/2019 9:57,9:57,6,0,0,JARVIS PLACE EAST & QUEBEC STREET SOUTH,5,1,1,2,1,4,,0,25,0,0,0,0,0,4,2,14
,2019-16626,39.67485639,-104.9151029,10/31/2019 20:45,20:45,6,0,1,ILIFF AVENUE EAST & LINDEN COURT SOUTH,2,4,0,0,1,4,,0,30,0,0,0,0,1,4,2,13
,2019-16627,39.75885081,-104.8645345,4/2/2019 7:05,7:05,15,0,0,IOLA STREET NORTH & 29TH AVENUE EAST,1,1,0,0,1,3,,0,35,0,0,0,0,0,4,2,13
,2019-16628,39.68750174,-104.9334514,5/24/2019 7:50,7:50,6,0,0,IOWA AVENUE EAST & CHERRY STREET SOUTH,1,1,0,0,1,4,,0,20,0,0,0,0,0,4,2,13
,2019-16629,39.68749292,-104.940234,10/12/2019 11:08,11:08,3,0,0,IOWA AVENUE EAST & COLORADO BOULEVARD SOUTH,1,1,0,0,1,2,,0,25,0,0,0,0,0,4,2,14
,2019-1663,39.670156,-105.019406,12/17/2019 21:40,21:40,6,0,0,VASSAR AVENUE WEST & CLAY STREET SOUTH,5,4,0,0,1,4,,0,,0,0,0,0,0,4,2,13
,2019-16630,39.68737678,-104.903333,1/25/2019 6:58,6:58,12,0,0,IOWA AVENUE EAST & QUEBEC STREET SOUTH,5,1,0,0,1,3,,0,30,0,0,0,0,0,4,2,13
,2019-16632,39.62675549,-105.1065688,3/6/2019 17:00,17:00,14,0,1,IRIS STREET SOUTH & DUMBARTON PLACE WEST,2,2,1,0,1,3,,0,25,0,0,0,0,1,4,2,7
,2019-16633,39.69128345,-105.028131,1/30/2019 0:00,0:00,6,0,0,IRVING STREET SOUTH & ARKANSAS AVENUE WEST,4,3,0,0,1,4,,0,25,0,0,0,0,0,4,2,5
,2019-16634,39.76446572,-104.9428413,2/9/2019 1:00,1:00,6,0,0,JACKSON STREET NORTH & BRUCE RANDOLPH AVENUE EAST,5,4,0,0,1,4,,0,35,0,0,0,0,0,4,2,7
,2019-16635,39.65104365,-104.8910753,8/18/2019 17:44,17:44,6,0,1,JEFFERSON AVENUE EAST & VERBENA STREET SOUTH,1,1,0,0,1,4,,0,25,0,0,0,0,1,4,2,5
,2019-16636,39.68208379,-104.9328265,9/26/2019 7:30,7:30,15,0,0,JEWELL AVENUE EAST & DEXTER STREET SOUTH,1,1,0,0,1,4,,0,25,0,0,0,0,0,4,3,1
,2019-16637,39.68229228,-105.0531131,1/3/2019 18:48,18:48,3,0,0,JEWELL AVENUE 5100 BLOCK WEST & SHERIDAN BOULEVARD SOUTH,1,3,0,0,1,2,,0,5,0,0,0,0,0,4,2,14
,2019-16638,39.68223698,-105.0440564,1/18/2019 15:51,15:51,12,0,0,JEWELL AVENUE WEST & TENNYSON STREET SOUTH,2,1,0,0,1,3,,0,30,0,0,0,0,0,4,2,3
,2019-16639,39.7003908,-105.0268989,6/4/2019 12:30,12:30,6,0,0,KENTUCKY AVENUE WEST & HAZEL COURT SOUTH,1,1,0,0,1,4,,0,30,0,0,0,0,0,4,2,1
,2019-16640,39.70028729,-104.9803125,2/6/2019 10:20,10:20,3,0,0,KENTUCKY AVENUE 600 BLOCK & PEARL STREET SOUTH,4,1,0,2,1,5,,0,15,0,0,0,0,0,4,2,13
,2019-16641,39.70043289,-105.0510547,1/18/2019 13:13,13:13,6,0,0,KENTUCKY AVENUE WEST & YATES STREET SOUTH,6,1,0,2,1,4,,0,25,0,0,0,0,0,4,2,14
,2019-16642,39.74639384,-105.0014075,2/7/2019 15:45,15:45,12,0,0,LARIMER STREET & SPEER BOULEVARD NORTH,5,1,0,0,1,4,,0,30,0,0,0,0,0,4,2,13
,2019-16643,39.69296671,-104.9722371,4/4/2019 18:50,18:50,12,0,0,LOUISIANA AVENUE EAST 1300 BLOCK & MARION STREET SOUTH,1,1,0,0,1,4,,0,30,0,0,0,0,0,4,2,13
,2019-16644,39.69258493,-104.9072921,5/7/2019 22:52,22:52,6,0,0,LOUISIANA AVENUE EAST & ONEIDA STREET SOUTH,2,3,0,1,1,4,,0,25,0,0,0,0,0,4,2,12
,2019-16645,39.723935,-104.8839033,8/20/2019 17:50,17:50,12,0,0,LOWRY BOULEVARD 9000 BLOCK EAST & YOSEMITE STREET SOUTH,1,2,1,0,1,4,,0,40,0,0,0,0,0,4,2,13
,2019-16646,39.68569203,-104.9388032,10/4/2019 8:50,8:50,3,0,0,MEXICO AVENUE EAST & ALBION STREET SOUTH,1,1,0,0,1,2,,0,30,0,0,0,0,0,4,2,13
,2019-16647,39.747429,-104.898771,5/2/2019 10:52,10:52,3,0,0,MONTEVIEW BOULEVARD EAST & SYRACUSE STREET NORTH,1,1,0,0,1,1,,0,30,0,0,0,0,0,4,2,12
,2019-16648,39.69669368,-104.9918724,1/22/2019 8:11,8:11,12,0,0,MISSISSIPPI AVENUE WEST & SANTA FE DRIVE,5,1,1,0,1,3,,0,30,0,0,0,0,0,4,2,13
,2019-16649,39.74635789,-105.0013801,1/18/2019 2:30,2:30,12,0,0,SPEER BOULEVARD 1200 BLOCK & LARIMER STREET,1,3,0,0,1,4,,0,,0,0,0,0,0,4,2,13
,2019-16650,39.69676108,-105.0162888,11/26/2019 13:49,13:49,1,0,0,MISSISSIPPI AVENUE WEST & ALCOTT STREET SOUTH,4,1,0,0,1,4,,0,35,0,0,0,0,0,4,2,14
,2019-16651,39.69663419,-104.987417,1/22/2019 8:35,8:35,12,0,0,MISSISSIPPI AVENUE EAST & BROADWAY STREET SOUTH,5,1,0,0,1,4,,0,35,0,0,0,0,0,4,2,7
,2019-16652,39.69655855,-104.9813152,5/8/2019 7:25,7:25,6,0,0,MISSISSIPPI AVENUE EAST & BUCHTEL BOULEVARD EAST,1,1,1,0,1,2,,0,25,0,0,0,0,0,4,2,13
,2019-16653,39.69674681,-105.0248596,2/5/2019 13:50,13:50,12,0,0,MISSISSIPPI 2900 BLOCK WEST & FEDERAL BOULEVARD SOUTH,1,1,0,0,1,2,,0,30,0,0,0,0,0,4,2,3
,2019-16654,39.696747,-105.0248773,6/25/2019 19:19,19:19,1,0,0,MISSISSIPPI AVENUE WEST & FEDERAL BOULEVARD SOUTH,1,1,0,0,1,2,,0,30,0,0,0,0,0,4,2,3
,2019-16655,39.69666662,-104.9937394,1/18/2019 18:50,18:50,3,0,0,MISSISSIPPI 600 WEST & FOX STREET SOUTH,2,3,0,2,1,2,,0,35,0,0,0,0,0,4,2,13
,2019-16656,39.69566374,-104.9034129,3/7/2019 7:46,7:46,12,0,0,MISSISSIPPI AVENUE EAST 7300 BLOCK & QUEBEC STREET SOUTH,5,1,0,4,1,4,,0,25,0,0,0,0,0,4,2,13
,2019-16657,39.6967383,-105.0104963,7/4/2019 14:04,14:04,3,0,0,MISSISSIPPI AVENUE WEST & SHOSHONE STREET SOUTH,1,1,0,0,1,2,,0,30,0,0,0,0,0,4,2,7
,2019-16658,39.69674787,-105.0127077,5/28/2019 14:34,14:34,12,0,0,MISSISSIPPI AVENUE WEST & TEJON STREET SOUTH,1,1,0,0,1,3,,0,35,0,0,0,0,0,4,2,13
,2019-16659,39.6967433,-105.0120093,6/7/2019 16:47,16:47,1,0,0,MISSISSIPPI AVENUE 1900 BLOCK WEST & TEJON STREET SOUTH,1,1,0,0,1,2,,0,30,0,0,0,0,0,4,2,13
,2019-16661,39.69659071,-104.8915331,3/1/2019 17:19,17:19,12,0,0,MISSISSIPPI AVENUE EAST & VALENTIA STREET SOUTH,1,1,0,0,1,4,,0,35,0,0,0,0,0,4,2,13
,2019-16662,39.69658987,-104.8911422,4/29/2019 11:05,11:05,12,0,2,MISSISSIPPI AVENUE EAST 8300 BLOCK & VALENTIA STREET SOUTH,1,1,0,0,1,3,,0,35,0,0,0,0,1,4,2,3
,2019-16663,39.696759,-105.0138732,9/7/2019 10:04,10:04,15,0,0,MISSISSIPPI AVENUE WEST & ZUNI STREET SOUTH,1,1,0,0,1,4,,0,35,0,0,0,0,0,4,2,13
,2019-16664,39.75992127,-104.8702033,10/5/2019 21:17,21:17,6,0,0,MLK BOULEVARD EAST & FULTON STREET NORTH,1,3,0,0,1,4,,0,35,0,0,0,0,0,4,3,5
,2019-16665,39.76003844,-104.8658555,10/23/2019 10:50,10:50,15,0,0,MLK BOULEVARD EAST & HAVANA STREET NORTH,1,1,0,0,1,3,,0,30,0,0,0,0,0,4,2,13
,2019-16666,39.76184009,-104.9127714,12/18/2019 9:03,9:03,12,0,0,MLK BOULEVARD 6600 BLOCK EAST & MONACO STREET NORTH,1,1,0,0,1,3,,0,35,0,0,0,0,0,4,2,14
,2019-16667,39.66763297,-104.912249,4/9/2019 8:14,8:14,12,0,1,MONACO STREET SOUTH & YALE AVENUE EAST,1,1,1,0,1,3,,0,35,0,0,0,0,1,4,2,13
,2019-16668,39.70596466,-104.9492446,9/26/2019 13:41,13:41,6,0,1,MONROE WAY SOUTH & STEELE STREET SOUTH,1,1,0,0,1,4,,0,25,0,0,0,0,1,4,2,13
,2019-16669,39.74740323,-104.9317032,1/16/2019 15:47,15:47,12,0,1,MONTEVIEW BOULEVARD EAST & DAHLIA STREET NORTH,1,1,0,0,1,4,,0,30,0,0,0,1,1,4,2,3