id,drcog_id,latitude,longitude,crashtime,time,crashtype,numbkilled,numbinjurd,drcoglocat,rdconditin,lightngcon,roadcntgrd,weatherco,location,roaddescrp,schoolzone,constrzone,splimit,bikeinv,sctrinv,pedinv,motoinv,svrty,rdsystem,ttlvehcls,hcf
,2019-16670,39.74743688,-104.9007239,10/31/2019 8:38,8:38,12,0,0,MONTVIEW BOULEVARD EAST & ROSLYN STREET NORTH,5,1,0,4,1,4,,0,30,0,0,0,0,0,4,3,13
,2019-16671,39.78566234,-104.8905431,5/7/2019 6:55,6:55,15,0,0,NORTHFIELD BOULEVARD EAST & VERBENA STREET NORTH,2,1,0,1,1,4,,0,35,0,0,0,0,0,4,2,3
,2019-16672,39.70203992,-104.9615613,8/2/2019 16:56,16:56,6,0,0,OHIO AVENUE EAST & GAYLORD STREET SOUTH,1,1,0,0,1,4,,0,25,0,0,0,0,0,4,2,14
,2019-16673,39.70217549,-105.0384107,6/7/2019 18:32,18:32,6,0,0,OHIO AVENUE 3900 BLOCK WEST & PATTON COURT SOUTH,1,1,0,0,1,4,,0,30,0,0,0,0,0,4,2,6
,2019-16674,39.76568086,-104.9946642,4/24/2019 18:03,18:03,15,0,0,PARK AVENUE WEST & GLOBEVILLE ROAD NORTH,1,1,1,0,1,3,,0,35,0,0,0,0,0,4,2,1
,2019-16675,39.76568086,-104.9946642,6/12/2019 16:00,16:00,12,0,0,PARK AVENUE WEST & GLOBEVILLE ROAD NORTH,1,1,1,0,1,3,,0,35,0,0,0,0,0,4,2,3
,2019-16677,39.76567995,-104.9944854,11/1/2019 1:57,1:57,15,0,0,PARK AVENUE WEST & GLOBEVILLE ROAD NORTH,1,3,1,0,1,4,,0,35,0,0,0,0,0,4,2,5
,2019-16678,39.75636622,-104.9897217,9/21/2019 1:10,1:10,6,0,0,PARK AVENUE WEST & WALNUT STREET,1,3,0,0,1,4,,0,35,0,0,0,0,0,4,2,13
,2019-16679,39.75792529,-104.9917633,7/3/2019 14:19,14:19,15,0,1,PARK AVENUE WEST & WAZEE STREET,1,1,0,0,1,4,,0,35,0,0,0,0,1,4,2,1
,2019-16680,39.78788061,-104.7897602,2/15/2019 21:25,21:25,12,0,0,PENA BOULEVARD & APPROACH EAST,1,3,0,0,1,4,,0,35,0,0,0,0,0,4,2,3
,2019-16681,39.83345823,-104.6893713,10/29/2019 10:00,10:00,5,0,0,PENA BOULEVARD & JACKSON GAP STREET,10,1,0,2,2,4,,0,,0,0,0,0,0,4,1,14
,2019-16682,39.83349374,-104.7714797,12/2/2019 16:42,16:42,12,0,0,PENA BOULEVARD & TOWER ROAD RAMP,1,2,1,0,1,4,,0,35,0,0,0,0,0,4,2,3
,2019-16683,39.63861,-104.8992857,10/8/2019 7:53,7:53,15,0,0,QUINCY AVENUE EAST & SYRACUSE STREET SOUTH,1,1,0,0,1,4,,0,35,0,0,0,0,0,4,2,13
,2019-16684,39.77622808,-104.9376724,11/22/2019 5:44,5:44,14,0,2,SMITH ROAD EAST & ALBION STREET NORTH,5,3,0,0,1,4,,0,30,0,0,0,0,1,4,2,13
,2019-16685,39.7817937,-104.7773011,6/25/2019 19:54,19:54,6,0,0,WALDEN STREET NORTH & 47TH AVENUE EAST,1,1,0,0,1,4,,0,25,0,0,0,0,0,4,2,13
,2019-16686,39.72013811,-104.9764866,5/9/2019 9:33,9:33,15,0,0,SPEER BOULEVARD 800 BLOCK EAST & CLARKSON STREET NORTH,2,1,0,1,1,4,,0,30,0,0,0,0,0,4,2,13
,2019-16687,39.72012526,-104.977375,5/16/2019 14:40,14:40,15,0,0,SPEER BOULEVARD EAST & CLARKSON STREET NORTH,1,1,0,0,1,4,,0,30,0,0,0,0,0,4,2,13
,2019-16688,39.76022954,-105.0251755,7/29/2019 19:05,19:05,12,0,0,SPEER BOULEVARD NORTH & FEDERAL BOULEVARD NORTH,1,1,0,0,1,3,,0,25,0,0,0,0,0,4,2,13
,2019-16689,39.74129136,-104.9991866,5/29/2019 17:12,17:12,15,0,0,SPEER BOULEVARD & STOUT STREET,1,1,0,0,1,4,,0,40,0,0,0,0,0,4,2,12
,2019-16690,39.75231446,-105.0075176,3/11/2019 15:56,15:56,12,0,0,SPEER BOULEVARD NORTH & ELITCH CIRCLE,1,1,0,0,1,3,,0,30,0,0,0,0,0,4,2,8
,2019-16691,39.72251499,-104.9824549,5/3/2019 8:50,8:50,15,0,0,SPEER BOULEVARD EAST & LOGAN STREET NORTH,1,1,0,0,1,4,,0,30,0,0,0,0,0,4,2,13
,2019-16692,39.75631631,-105.0155068,7/10/2019 20:35,20:35,12,0,0,SPEER BOULEVARD NORTH & ZUNI STREET NORTH,1,3,0,0,1,4,,0,30,0,0,0,0,0,4,2,13
,2019-16693,39.69859031,-105.0249312,1/15/2019 7:41,7:41,3,0,0,TENNESSEE AVENUE 2900 BLOCK WEST & FEDERAL BOULEVARD SOUTH,1,1,0,0,1,2,,0,15,0,0,0,0,0,4,2,13
,2019-16694,39.6984101,-104.9825328,9/4/2019 12:20,12:20,6,0,0,TENNESSEE AVENUE EAST & LOGAN AVENUE SOUTH,1,1,0,0,1,3,,0,25,0,0,0,0,0,4,2,13
,2019-16695,39.76288256,-104.9273701,12/3/2019 11:53,11:53,6,0,0,THRILL PLACE 5200 BLOCK EAST & FOREST STREET NORTH,5,1,0,0,1,4,,0,25,0,0,0,0,0,4,2,14
,2019-16696,39.78360852,-104.7721144,10/28/2019 9:15,9:15,12,0,0,TOWER ROAD NORTH & GREEN VALLEY RANCH BOULEVARD EAST,4,1,0,2,1,1,,0,30,0,0,0,0,0,4,2,13
,2019-16697,39.74399301,-104.9882144,5/18/2019 17:02,17:02,15,0,0,TREMONT PLACE & 17TH STREET,1,1,0,0,1,4,,0,25,0,0,0,0,0,4,2,13
,2019-16698,39.63135578,-104.8919448,11/18/2019 13:00,13:00,3,0,1,UNION AVENUE EAST & DTC BOULEVARD SOUTH,1,1,0,0,1,2,,0,25,0,0,0,0,2,4,2,13
,2019-16699,39.71817398,-104.9591345,7/2/2019 10:19,10:19,12,0,1,UNIVERSITY BOULEVARD NORTH & FIRST AVENUE EAST,1,1,0,0,1,3,,0,35,0,0,0,0,1,4,3,13
,2019-16700,39.66963317,-104.8735493,1/2/2019 9:00,9:00,6,0,0,VASSAR DRIVE EAST & DAYTON WAY SOUTH,4,1,1,0,1,4,,0,25,0,0,0,0,0,4,2,13
,2019-16701,39.66966109,-104.8710238,2/27/2019 10:17,10:17,15,0,0,VASSAR DRIVE 9800 BLOCK EAST & DAYTON WAY SOUTH,1,1,1,0,1,4,,0,25,0,0,0,0,0,4,2,13
,2019-16702,39.70767583,-105.0324462,10/17/2019 8:00,8:00,12,0,0,VIRGINIA AVENUE WEST & KNOX COURT SOUTH,1,1,0,0,1,4,,0,25,0,0,0,0,0,4,2,7
,2019-16703,39.70766869,-105.0347915,5/31/2019 7:42,7:42,15,0,1,VIRGINIA AVENUE WEST & LOWELL AVENUE SOUTH,1,1,0,0,1,4,,0,25,0,0,0,0,1,4,2,13
,2019-16704,39.63100125,-105.0406759,1/2/2019 20:30,20:30,6,0,0,WAGON TRAIL DRIVE 4100 BLOCK WEST & CHENANGO AVENUE WEST,4,3,0,0,1,4,,0,20,0,0,0,0,0,4,2,14
,2019-16705,39.7582989,-104.9856686,8/1/2019 15:57,15:57,6,0,0,WALNUT STREET & BROADWAY STREET NORTH,2,1,0,1,1,4,,0,35,0,0,0,0,0,4,3,14
,2019-16706,39.75636622,-104.9897217,9/15/2019 19:30,19:30,6,0,0,WALNUT STREET & PARK AVENUE WEST,1,3,0,0,1,4,,0,25,0,0,0,0,0,4,2,7
,2019-16707,39.70308384,-105.0384818,3/12/2019 5:00,5:00,6,0,0,WALSH PLACE 3900 BLOCK WEST & PATTON COURT SOUTH,1,4,0,0,1,4,,0,25,0,0,0,0,0,4,3,2
,2019-16708,39.67663587,-104.9374248,6/1/2019 23:25,23:25,6,0,0,WARREN AVENUE EAST & BELLAIRE STREET SOUTH,1,4,0,0,1,4,,0,30,0,0,0,0,0,4,2,5
,2019-16709,39.67543739,-105.0569197,11/13/2019 14:11,14:11,6,0,0,WARREN AVENUE WEST & DEPEW STREET SOUTH,1,1,0,0,1,3,,0,25,0,0,0,0,0,4,2,5
,2019-16710,39.67676926,-105.0243395,10/28/2019 16:43,16:43,3,0,0,WARREN AVENUE WEST & FEDERAL BOULEVARD SOUTH,2,1,0,0,1,2,,0,25,0,0,0,0,0,4,2,13
,2019-16711,39.74751894,-104.9782035,4/5/2019 15:22,15:22,12,0,0,WASHINGTON STREET NORTH & PARK AVENUE WEST,1,1,0,0,1,3,,0,30,0,0,0,0,0,4,2,8
,2019-16712,39.67308919,-104.9875814,10/10/2019 14:50,14:50,6,0,0,WESLEY AVENUE EAST & BROADWAY STREET SOUTH,2,1,0,2,1,4,,0,25,0,0,0,0,0,4,2,13
,2019-16713,39.67310257,-104.9717591,6/24/2019 7:09,7:09,3,0,0,WESLEY AVENUE 1300 BLOCK EAST & MARION STREET SOUTH,1,1,0,0,1,5,,0,25,0,0,0,0,0,4,2,13
,2019-16714,39.66746725,-104.9357172,11/29/2019 15:15,15:15,15,0,0,YALE AVENUE 4500 BLOCK EAST & CLERMONT DRIVE SOUTH,5,1,0,0,1,4,,0,30,0,0,0,0,0,4,2,13
,2019-16716,39.66757771,-104.9237083,11/18/2019 15:12,15:12,12,0,0,YALE AVENUE 5500 BLOCK EAST & HUDSON STREET SOUTH,1,1,1,0,1,4,,0,30,0,0,0,0,0,4,2,13
,2019-16717,39.66763206,-104.9127819,11/8/2019 17:33,17:33,12,0,0,YALE AVENUE EAST & MONACO STREET SOUTH,1,1,0,0,1,4,,0,35,0,0,0,0,0,4,2,13
,2019-16718,39.66736102,-104.9504047,11/20/2019 14:18,14:18,12,0,0,YALE AVENUE 3100 BLOCK EAST & STEELE STREET SOUTH,2,1,1,1,1,3,,0,25,0,0,0,0,0,4,2,3
,2019-16757,39.747384,-104.935059,8/24/2019 20:14,20:14,12,0,1,MONTVIEW BOULEVARD EAST & CLERMONT STREET NORTH,1,3,0,0,1,1,,0,25,0,0,0,0,1,4,2,13
,2019-16773,39.7819637,-104.9592775,11/26/2019 11:30,11:30,6,0,0,YORK STREET NORTH & 47TH AVENUE EAST,5,1,0,2,1,4,,0,,0,0,0,0,0,4,2,13
,2019-1692,39.75821851,-104.980067,5/27/2019 22:19,22:19,6,0,0,28TH STREET & 1100 BLOCK,1,3,0,0,1,4,,0,30,0,0,0,0,0,4,2,13
,2019-1698,39.74394766,-105.0384483,3/15/2019 9:27,9:27,15,0,0,17TH AVENUE & 400 BLOCK EAST,1,1,0,0,1,4,,0,35,0,0,0,0,0,4,2,13
,2019-16985,39.77397141,-104.8810083,9/10/2019 17:05,17:05,3,0,0,40TH AVENUE EAST & CENTRAL PARK BOULEVARD NORTH,1,1,0,0,1,2,,0,35,0,0,0,0,0,4,2,13
,2019-16986,39.77291812,-104.8621325,6/23/2019 17:30,17:30,6,0,0,40TH AVENUE EAST & HAVANA STREET NORTH,1,1,0,0,1,4,,0,25,0,0,0,0,0,4,2,13
,2019-16987,39.79830299,-104.8050453,11/2/2019 20:30,20:30,14,0,3,56TH AVENUE EAST & CHAMBERS ROAD NORTH,1,3,0,0,1,4,,0,45,0,0,0,0,2,4,3,5
,2019-16988,39.79835925,-104.7826129,4/26/2019 16:29,16:29,12,0,0,56TH AVENUE EAST & PENA BOULEVARD NORTH,1,1,0,0,1,4,,0,45,0,0,0,0,0,4,3,13
,2019-16992,39.83794121,-104.6881779,1/19/2019 3:09,3:09,15,0,0,78TH AVENUE 25000 EAST & JACKSON GAP,1,3,0,0,1,2,,0,45,0,0,0,0,0,4,2,13
,2019-16993,39.83796155,-104.690998,6/10/2019 13:20,13:20,12,0,0,78TH AVENUE 25300 BLOCK EAST & JACKSON GAP STREET,1,1,0,0,1,1,,0,,0,0,0,0,0,4,2,13
,2019-16994,39.6784349,-104.9082015,4/5/2019 14:43,14:43,12,0,0,EVANS AVENUE EAST 6500 BLOCK & MONACO STREET SOUTH,1,1,1,0,1,2,,0,35,0,0,0,0,0,4,2,14
,2019-16995,39.6747215,-104.8724681,10/23/2019 8:14,8:14,15,0,0,ILIFF AVENUE EAST & DAYTON WAY SOUTH,1,1,0,0,1,4,,0,35,0,0,0,0,0,4,3,13
,2019-16996,39.83345705,-104.6882318,1/22/2019 4:55,4:55,5,0,0,PENA BOULEVARD 7900 BLOCK & JACKSON GAP ROAD,11,3,0,2,2,4,,0,65,0,0,0,0,0,4,1,7
,2019-1700,39.749436,-104.965929,10/22/2019 0:10,0:10,3,0,0,22ND AVENUE EAST & WILLIAMS STREET NORTH,1,3,1,0,1,1,,0,25,0,0,0,0,0,4,2,13
,2019-1701,39.750696,-104.9597685,10/8/2019 17:20,17:20,15,0,0,23RD AVENUE EAST & YORK STREET NORTH,1,1,0,0,1,1,,0,30,0,0,0,0,0,4,2,1
,2019-17016,39.65145205,-105.06673,12/15/2019 7:00,7:00,6,0,0,KENDALL STREET SOUTH & FRONTAGE ROAD,1,2,0,0,1,4,,0,,0,0,0,0,0,4,2,13
,2019-17017,39.74322262,-104.9639828,8/20/2019 6:40,6:40,6,0,0,17TH AVENUE EAST & RACE STREET NORTH,1,2,0,0,1,4,,0,25,0,0,0,0,0,4,2,13
,2019-1702,39.77578986,-105.0439922,3/8/2019 0:47,0:47,5,0,1,25TH AVENUE WEST & TENNYSON STREET NORTH,1,3,0,0,4,1,,0,30,0,0,0,0,1,4,1,13
,2019-1703,39.716532,-104.9814585,9/26/2019 2:17,2:17,6,0,0,PENNSYLVANIA STREET SOUTH & 1410 SOUTH PENNSYLVANIA STREET,1,4,0,0,1,4,,0,25,0,0,0,0,0,4,2,1
,2019-1704,39.764142,-105.0344685,10/27/2019 20:00,20:00,5,0,0,33RD AVENUE 3493 WEST & PRIVATE PROPERTY,4,3,0,2,3,1,,0,25,0,0,0,0,0,4,1,14
,2019-1705,39.76522075,-104.8903515,2/18/2019 9:00,9:00,5,0,0,35TH AVENUE & 7926 EAST,4,1,0,0,2,4,,0,5,0,0,0,0,0,4,1,13
,2019-1706,39.7713015,-105.0363899,4/22/2019 11:50,11:50,6,0,0,39TH AVENUE & 7200 BLOCK EAST,1,1,0,0,1,4,,0,,0,0,0,0,0,4,2,13
,2019-1707,39.779766,-104.931729,5/13/2019 21:00,21:00,6,0,0,46TH PLACE EAST & 18639 EAST 46TH PLACE,1,3,0,0,1,4,,0,25,0,0,0,0,0,4,2,13
,2019-17070,39.68526,-104.963261,2/17/2019 7:17,7:17,5,0,0,I25 ON/OFF RAMP SPLIT & UNIVERSITY BOULEVARD SOUTH,1,1,0,0,1,7,,0,45,0,0,0,0,0,1,1,1
,2019-1708,39.725631,-104.9775615,9/16/2019 16:20,16:20,15,0,0,SIXTH AVENUE EAST & CLARKSON STREET NORTH,1,1,0,0,1,3,,0,35,0,0,0,0,0,4,2,3
,2019-1709,39.725685,-105.0001695,4/15/2019 8:09,8:09,15,0,0,SIXTH AVENUE WEST & KALAMATH STREET NORTH,1,1,0,0,1,1,,0,35,0,0,0,0,0,4,2,13
,2019-1710,39.729258,-104.920551,4/11/2019 6:58,6:58,3,0,0,EIGHTH AVENUE EAST & IVY STREET NORTH,5,2,0,0,1,1,,0,25,0,0,0,0,0,4,3,13
,2019-1711,39.730473,-104.970627,7/27/2019 11:08,11:08,6,0,0,NINTH AVENUE EAST & LAFAYETTE STREET NORTH,1,1,0,0,1,3,,0,30,0,0,0,0,0,4,2,1
,2019-1712,39.72301,-105.010662,7/3/2019 11:08,11:08,15,0,0,I25 NORTHBOUND EXIT GORE POINT & SIXTH AVENUE WEST,1,1,1,0,1,4,,0,55,0,0,0,0,0,1,2,1
,2019-17129,39.74338124,-104.9476758,8/31/2019 20:30,20:30,6,0,0,COOK STREET NORTH & 17TH AVENUE EAST,1,2,0,0,1,4,,0,25,0,0,0,0,0,4,2,13
,2019-1713,39.692943,-104.931702,12/1/2019 10:25,10:25,5,0,0,LOUISIANA AVENUE EAST & DAHLIA STREET SOUTH,5,1,0,0,3,1,,0,,0,0,0,0,0,4,1,13
,2019-1714,39.789648,-105.0061905,9/24/2019 0:51,0:51,5,0,0,BURLINGTON PLACE 1597 WEST & PRIVATE PROPERTY,1,3,0,0,2,4,,0,35,0,0,0,0,0,4,1,14
,2019-17144,39.68407899,-105.0237409,8/15/2019 16:54,16:54,6,0,0,ELIOT STREET SOUTH & COLORADO AVENUE WEST,1,1,0,0,1,3,,0,25,0,0,0,0,0,4,2,13
,2019-1715,39.77892,-104.9571495,3/22/2019 13:12,13:12,5,0,0,COLUMBINE STREET NORTH & 45TH AVENUE EAST,1,2,0,0,3,1,,0,30,0,0,0,0,0,4,1,13
,2019-1716,39.784167,-104.831298,11/14/2019 16:30,16:30,12,0,0,CROWN BOULEVARD NORTH & ANDREWS DRIVE EAST,1,1,0,0,1,1,,0,25,0,0,0,0,0,4,2,13
,2019-1717,39.72301,-105.010662,7/5/2019 10:31,10:31,12,0,0,I25 NORTHBOUND EXIT GORE POINT & SIXTH AVENUE EAST,1,1,0,0,1,4,,0,55,0,0,0,0,0,1,2,13
,2019-1718,39.70840616,-104.9840279,6/24/2019 8:00,8:00,5,0,0,GRANT STREET SOUTH & 800 BLOCK SOUTH,1,1,0,0,3,5,,0,15,0,0,0,0,0,4,1,13
,2019-1719,39.7867618,-104.8469792,10/10/2019 15:23,15:23,6,0,0,PEORIA STREET & 4701 NORTH,1,1,0,0,1,8,,0,5,0,0,0,0,0,4,2,13
,2019-1721,39.71655,-105.030009,8/21/2019 19:20,19:20,6,0,0,IRVING STREET & 360 IRVING STREET,2,3,0,0,1,4,,0,25,0,0,0,0,0,4,2,5
,2019-17212,39.71643624,-104.9921682,2/25/2019 6:25,6:25,6,0,0,CHEROKEE STREET SOUTH & ELLSWORTH AVENUE WEST,1,2,0,0,1,4,,0,25,0,0,0,1,0,4,2,13
,2019-1722,39.778389,-105.0346215,9/6/2019 15:17,15:17,3,0,0,LOWELL BOULEVARD NORTH & 45TH AVENUE WEST,1,1,0,0,1,1,,0,25,0,0,0,0,0,4,2,13
,2019-1723,39.696741,-105.02037,5/23/2019 18:10,18:10,3,0,0,MISSISSIPPI AVENUE WEST & CLAY STREET SOUTH,1,1,0,0,1,1,,0,25,0,0,0,0,0,4,2,13
,2019-1724,39.624219,-104.9117722,7/1/2019 17:00,17:00,6,0,0,MONACO STREET SOUTH & 1200 BLOCK SOUTH,2,1,0,0,1,4,,0,30,0,0,0,0,0,4,2,5
,2019-17244,39.759084,-104.9811795,9/7/2019 18:00,18:00,11,0,0,28TH STREET & ARAPAHOE STREET,1,1,0,0,1,1,,0,,0,1,1,0,0,4,2,14
,2019-17272,39.76221596,-104.980601,5/17/2019 1:00,1:00,6,0,0,30TH STREET & LARIMER STREET,1,1,0,0,1,4,,0,25,0,0,0,0,0,4,2,13
,2019-17279,39.70003862,-105.0355544,12/16/2019 6:44,6:44,5,0,0,925 SOUTH MEADE STREET & KENTUCKY AVENUE WEST,5,1,0,0,3,5,,0,,0,0,0,0,0,4,1,13
,2019-17294,39.73658828,-104.9183596,11/10/2019 13:50,13:50,6,0,0,JASMINE STREET NORTH & 13TH AVENUE EAST,1,3,0,0,1,4,,0,25,0,0,0,0,0,4,2,1
,2019-17295,39.73453857,-104.9361547,2/4/2019 15:00,15:00,6,0,0,12TH AVENUE EAST & BIRCH STREET NORTH,1,2,0,0,1,4,,0,10,0,0,0,0,0,4,2,13
,2019-17300,39.73688377,-104.9786965,9/5/2019 22:22,22:22,12,0,0,13TH AVENUE EAST & WASHINGTON STREET NORTH,1,3,0,0,1,4,,0,30,0,0,0,0,0,4,2,13
,2019-17301,39.74333581,-104.994598,5/14/2019 14:18,14:18,15,0,0,14TH STREET & CALIFORNIA STREET,1,1,0,0,1,4,,0,25,0,0,0,0,0,4,4,14
,2019-17302,39.73795422,-104.9562744,4/5/2019 16:34,16:34,6,0,0,ELIZABETH STREET NORTH & 14TH AVENUE EAST,1,1,0,0,1,4,,0,25,0,0,0,0,0,4,2,13
,2019-17303,39.74821994,-104.9987237,2/4/2019 14:59,14:59,15,0,0,15TH STREET 1200 BLOCK & LARIMER STREET,1,1,0,0,1,4,,0,25,0,0,0,0,0,4,2,13
,2019-17304,39.74196443,-104.9453597,6/26/2019 12:10,12:10,14,0,0,16TH AVENUE EAST & MONROE STREET NORTH,1,1,0,0,1,4,,0,25,0,0,0,0,0,4,2,13
,2019-17305,39.74296039,-104.9034576,2/22/2019 21:59,21:59,14,0,0,17TH AVENUE EAST & QUEBEC STREET NORTH,4,3,0,2,1,4,,0,30,0,0,0,0,0,4,2,5
,2019-17306,39.7619623,-105.0094188,11/29/2019 10:55,10:55,5,0,0,18TH STREET 3100 BLOCK & 32ND AVENUE WEST,5,1,1,0,3,4,,0,25,0,0,0,1,0,4,1,13
,2019-17307,39.75238022,-104.9967963,11/5/2019 16:45,16:45,15,0,0,18TH STREET & BLAKE STREET,1,1,0,0,1,3,,0,25,0,0,0,0,0,4,2,13
,2019-17308,39.74639699,-105.0345823,5/26/2019 1:50,1:50,5,0,1,19TH AVENUE WEST & LOWELL BOULEVARD NORTH,1,3,0,0,4,4,,0,25,0,0,0,0,2,4,1,5
,2019-17309,39.71838914,-104.9921318,1/24/2019 17:10,17:10,12,0,0,FIRST AVENUE WEST & CHEROKEE STREET NORTH,5,3,0,2,1,4,,0,25,0,0,0,0,0,4,2,13
,2019-1731,39.78758191,-104.7906994,5/20/2019 20:50,20:50,6,0,0,PENA BOULEVARD OUTBOUND 7900 BLOCK & 80TH AVENUE EAST,4,3,1,2,1,4,,0,45,0,0,0,0,0,4,2,13
,2019-17310,39.75427848,-104.994201,10/25/2019 0:09,0:09,12,0,0,20TH STREET 1300 BLOCK & BLAKE STREET,1,3,0,0,1,4,,0,35,0,0,0,0,0,4,2,5
,2019-17311,39.75216816,-104.9918483,8/28/2019 11:06,11:06,6,0,0,20TH STREET & LAWRENCE STREET,1,1,0,0,1,4,,0,30,0,0,0,0,0,4,2,13
,2019-17312,39.74817113,-104.9863832,7/12/2019 15:25,15:25,12,0,0,20TH STREET & WELTON STREET,1,1,1,0,1,4,,0,30,0,0,0,0,0,4,2,13
,2019-17313,39.75800188,-104.9894434,4/28/2019 1:42,1:42,6,0,1,24TH STREET 1400 BLOCK & BLAKE STREET,1,4,0,0,1,3,,0,25,0,0,0,0,1,4,3,5
,2019-17314,39.7619201,-105.0357741,5/10/2019 17:15,17:15,15,0,0,32ND AVENUE WEST & MEADE STREET NORTH,1,1,0,0,1,4,,0,30,0,0,0,0,0,4,2,14
,2019-17315,39.76199055,-105.015835,8/29/2019 17:45,17:45,12,0,0,32ND AVENUE WEST & ZUNI STREET NORTH,1,1,0,0,1,4,,0,35,0,0,0,0,0,4,3,5
,2019-17316,39.76665261,-104.9766214,2/24/2019 2:55,2:55,6,0,2,34TH STREET & WALNUT STREET,8,3,0,0,1,4,,0,35,0,0,0,0,1,4,2,5
,2019-17317,39.701452,-104.987435,5/4/2019 17:20,17:20,5,0,2,I25 & BROADWAY SOUTH,1,1,0,0,2,4,,0,55,0,0,0,0,2,1,1,13
,2019-17318,39.76969942,-104.8470276,5/2/2019 7:40,7:40,15,0,0,39TH AVENUE EAST & PEORIA STREET NORTH,1,1,0,0,1,3,,0,40,0,0,0,0,0,4,2,13
,2019-17319,39.77011117,-104.8447545,7/16/2019 12:50,12:50,3,0,0,39TH AVENUE EAST & QUENTIN STREET NORTH,1,1,0,0,1,2,,0,25,0,0,0,0,0,4,2,1
,2019-17320,39.77749814,-104.8470296,12/1/2019 17:59,17:59,1,0,0,45TH AVENUE EAST & PEORIA STREET NORTH,2,3,0,0,1,3,,0,35,0,0,0,0,0,4,2,1
,2019-17321,39.77776332,-105.0158609,8/24/2019 13:00,13:00,6,0,0,45TH AVENUE WEST & ZUNI STREET NORTH,1,1,0,0,1,4,,0,25,0,0,0,0,0,4,2,7
,2019-17322,39.78842824,-104.8912073,5/4/2019 15:50,15:50,6,0,0,50TH AVENUE EAST & STREET PAUL STREET NORTH,1,1,0,0,1,4,,0,25,0,0,0,0,0,4,2,1
,2019-17323,39.79003947,-104.8633052,3/5/2019 11:00,11:00,6,0,0,51ST AVENUE EAST & IRONTON STREET NORTH,1,1,0,0,1,4,,0,25,0,0,0,0,0,4,2,13
,2019-17324,39.73037316,-104.9811275,4/19/2019 2:49,2:49,6,0,0,NINTH AVENUE EAST & PENNSYLVANIA STREET NORTH,1,3,0,0,1,3,,0,30,0,0,0,0,0,4,2,13
,2019-17325,39.83332326,-104.6714142,11/26/2019 2:00,2:00,5,0,0,75TH AVENUE EAST AND HARRY B C & 75TH AVENUE,10,3,0,2,4,3,,0,,0,0,0,0,0,4,1,13
,2019-17326,39.72356095,-104.9985771,9/19/2019 7:48,7:48,12,0,0,FIFTH AVENUE WEST & SANTA FE DRIVE NORTH,1,1,0,0,1,4,,0,30,0,0,0,0,0,4,2,13
,2019-17327,39.73015348,-104.9874032,11/3/2019 19:32,19:32,15,0,1,NINTH AVENUE EAST & BROADWAY NORTH,1,3,0,0,1,4,,0,30,0,0,0,0,1,4,3,13
,2019-17328,39.69106973,-104.9887006,9/3/2019 8:12,8:12,6,0,0,ACOMA STREET SOUTH & ARKANSAS AVENUE WEST,1,1,0,0,1,4,,0,,0,0,0,0,0,4,2,13
,2019-17329,39.67459644,-104.9888082,10/25/2019 10:54,10:54,6,0,0,ACOMA STREET SOUTH & ILIFF AVENUE EAST,1,1,0,0,1,4,,0,25,0,0,0,0,0,4,2,13
,2019-17330,39.73832079,-104.9483685,4/6/2019 16:22,16:22,6,0,1,ADAMS STREET NORTH & 14TH AVENUE EAST,1,1,0,0,3,4,,0,25,0,0,0,0,1,4,2,5
,2019-17332,39.71111793,-104.959261,1/19/2019 19:10,19:10,12,0,3,ALAMEDA AVENUE EAST & UNIVERSITY BOULEVARD SOUTH,2,3,1,0,1,4,,0,35,0,0,0,0,2,4,3,5
,2019-17333,39.74924652,-104.9391368,2/22/2019 8:13,8:13,6,0,0,ALBION STREET 2200 BLOCK NORTH & 23RD AVENUE EAST,1,1,0,0,1,4,,0,30,0,0,0,0,0,4,2,13
,2019-17334,39.63849814,-105.0873735,2/15/2019 11:30,11:30,12,0,0,AMMONS STREET SOUTH & QUINCY AVENUE WEST,1,1,1,0,1,4,,0,15,0,0,0,0,0,4,2,3
,2019-17335,39.77383414,-104.7697418,9/23/2019 1:50,1:50,6,0,0,ANDES WAY NORTH & 42ND PLACE EAST,1,4,0,0,1,4,,0,30,0,0,0,0,0,4,2,5
,2019-17336,39.7734777,-104.7688013,6/14/2019 0:30,0:30,6,0,0,ARGONNE STREET NORTH & 41ST PLACE EAST,1,3,0,0,1,4,,0,25,0,0,0,0,0,4,3,2
,2019-17337,39.8251663,-104.7695688,7/22/2019 22:16,22:16,6,0,0,ARGONNE STREET NORTH & 71ST AVENUE EAST,1,3,0,0,1,3,,0,30,0,0,0,0,0,4,3,3
,2019-17338,39.75418222,-104.9383292,7/11/2019 9:50,9:50,6,0,0,ASH STREET 2600 BLOCK NORTH & 27TH STREET EAST,1,5,0,0,1,4,,0,25,0,0,0,0,0,4,2,1
,2019-17339,39.76156347,-104.938305,11/14/2019 18:15,18:15,6,0,1,ASH STREET NORTH & MLK BOULEVARD EAST,1,3,0,0,1,4,,0,25,0,0,0,0,1,4,4,5
,2019-1734,39.75395501,-104.9912941,7/27/2019 20:00,20:00,6,0,0,21ST STREET & LARIMER STREET,1,1,0,0,1,2,,0,30,0,0,0,0,0,4,2,13