id,drcog_id,latitude,longitude,crashtime,time,crashtype,numbkilled,numbinjurd,drcoglocat,rdconditin,lightngcon,roadcntgrd,weatherco,location,roaddescrp,schoolzone,constrzone,splimit,bikeinv,sctrinv,pedinv,motoinv,svrty,rdsystem,ttlvehcls,hcf
,2019-17340,39.74931688,-104.9999805,5/19/2019 16:05,16:05,15,0,0,BLAKE STREET 1500 BLOCK & 16TH STREET,1,1,0,0,1,4,,0,25,0,0,0,0,0,4,2,13
,2019-17341,39.74445112,-104.9874084,9/25/2019 17:10,17:10,6,0,0,BROADWAY STREET NORTH & 18TH AVENUE EAST,1,1,0,0,1,4,,0,35,0,0,0,0,0,4,2,1
,2019-17342,39.7590824,-104.9876876,12/9/2019 9:11,9:11,12,0,0,BLAKE STREET 1400 BLOCK & BROADWAY STREET,1,1,0,0,1,2,,0,25,0,0,0,0,0,4,2,13
,2019-17343,39.75702716,-104.9906136,2/20/2019 13:54,13:54,6,0,0,BLAKE STREET & PARK AVENUE WEST,1,1,0,0,1,4,,0,35,0,0,0,0,0,4,3,14
,2019-17344,39.73370164,-104.9874143,12/11/2019 14:26,14:26,15,0,0,BROADWAY STREET NORTH & 11TH AVENUE EAST,1,1,0,0,1,4,,0,35,0,0,0,0,0,4,3,14
,2019-17346,39.69301926,-104.9874683,9/22/2019 19:33,19:33,12,0,2,BROADWAY STREET 1300 BLOCK NORTH & 14TH AVENUE EAST,1,3,0,0,1,4,,0,30,0,0,0,0,1,4,2,12
,2019-17347,39.68880275,-104.922331,4/5/2019 2:55,2:55,6,0,0,HOLLY STREET 1500 BLOCK SOUTH & FLORIDA AVENUE EAST,1,3,0,0,1,4,,0,30,0,0,0,0,0,4,2,13
,2019-17348,39.71820372,-104.987499,3/3/2019 15:40,15:40,15,0,0,BROADWAY STREET NORTH & FIRST AVENUE EAST,5,1,0,2,1,4,,0,35,0,0,0,0,0,4,2,14
,2019-17349,39.7183588,-104.9875016,9/8/2019 20:40,20:40,15,0,0,BROADWAY STREET NORTH & FIRST AVENUE EAST,1,3,0,0,1,4,,1,45,0,0,0,0,0,4,2,1
,2019-17350,39.7183588,-104.9875017,9/12/2019 15:30,15:30,12,0,0,BROADWAY STREET NORTH & FIRST AVENUE WEST,1,1,0,0,1,3,,0,35,0,0,0,0,0,4,2,3
,2019-17351,39.72232938,-104.9874811,10/10/2019 10:50,10:50,10,0,0,BROADWAY STREET NORTH & FOURTH AVENUE,5,1,0,2,1,2,,0,30,0,0,0,0,0,4,2,7
,2019-17352,39.72488541,-104.9874586,6/11/2019 12:22,12:22,10,0,0,BROADWAY NORTH & SIXTH AVENUE EAST,1,1,0,0,1,2,,0,35,0,0,0,0,0,4,2,13
,2019-17353,39.7252283,-104.987448,10/13/2019 12:49,12:49,3,0,0,BROADWAY STREET NORTH & SIXTH AVENUE EAST,1,1,0,0,1,2,,0,10,0,0,0,0,0,4,2,13
,2019-17354,39.70977735,-104.9875901,3/25/2019 21:37,21:37,6,0,0,BROADWAY STREET SOUTH 300 BLOCK & ALAMEDA AVENUE EAST,1,3,0,0,2,4,,0,35,0,0,0,0,0,4,4,5
,2019-17355,39.71462163,-104.9875274,1/6/2019 14:41,14:41,12,0,0,BROADWAY STREET 100 BLOCK SOUTH & BAYAUD AVENUE,1,1,0,0,1,4,,0,30,0,0,0,0,0,4,2,13
,2019-17356,39.71271562,-104.987545,1/31/2019 12:49,12:49,12,0,0,BROADWAY STREET 200 BLOCK SOUTH & CEDAR AVENUE EAST,1,1,0,0,1,4,,0,30,0,0,0,0,0,4,2,13
,2019-17357,39.67844311,-104.9875675,3/22/2019 14:38,14:38,15,0,0,BROADWAY STREET 2100 BLOCK SOUTH & EVANS AVENUE EAST,1,1,0,0,1,3,,0,35,0,0,0,0,0,4,2,13
,2019-17358,39.67842938,-104.9875676,4/6/2019 11:32,11:32,15,0,0,BROADWAY STREET SOUTH & EVANS AVENUE EAST,1,1,0,0,1,3,,0,35,0,0,0,0,0,4,2,13
,2019-17359,39.68883892,-104.9875038,5/19/2019 1:40,1:40,6,0,0,BROADWAY SOUTH & FLORIDA AVENUE EAST,1,3,0,0,1,4,,0,35,0,0,0,0,0,4,2,1
,2019-17360,39.68925069,-104.9875009,8/3/2019 13:54,13:54,6,0,0,BROADWAY STREET SOUTH & FLORIDA AVENUE EAST,1,1,0,0,1,4,,0,35,0,0,0,0,0,4,2,13
,2019-17361,39.69801018,-104.9874479,10/31/2019 13:54,13:54,15,0,0,BROADWAY STREET 1000 BLOCK SOUTH & TENNESSEE AVENUE EAST,2,1,0,0,1,4,,0,25,0,0,0,0,0,4,2,13
,2019-17362,39.67266826,-104.987582,3/30/2019 0:45,0:45,5,0,1,BROADWAY STREET SOUTH & WESLEY AVENUE WEST,2,3,0,2,3,4,,0,35,0,0,0,0,1,4,1,5
,2019-17363,39.74702495,-104.9898361,4/2/2019 8:29,8:29,15,0,1,CALIFORNIA STREET & 18TH STREET,1,1,0,0,1,4,,0,35,0,0,0,0,1,4,4,14
,2019-17364,39.73181512,-104.9775867,7/5/2019 6:39,6:39,6,0,0,CLARKSON STREET NORTH & 10TH AVENUE EAST,1,1,0,1,1,4,,0,,0,0,0,0,0,4,3,3
,2019-17365,39.76624769,-104.8904663,9/5/2019 15:56,15:56,15,0,0,CENTRAL PARK BOULEVARD NORTH & 36TH AVENUE EAST,1,1,0,0,1,4,,0,35,0,0,0,0,0,4,2,13
,2019-17366,39.75897893,-104.8907481,3/25/2019 15:20,15:20,15,0,0,CENTRAL PARK NORTH 2900 BLOCK & MLK BOULEVARD EAST,1,1,1,0,1,4,,0,,0,0,0,0,0,4,2,13
,2019-17367,39.69070646,-104.9761371,11/22/2019 20:45,20:45,6,0,0,CLARKSON STREET 1300 BLOCK NORTH & 14TH AVENUE EAST,1,3,0,0,1,4,,0,30,0,0,0,0,0,4,2,5
,2019-17368,39.75184517,-104.8899285,9/1/2019 13:00,13:00,12,0,0,CENTRAL PARK BOULEVARD NORTH & WABASH STREET NORTH,1,1,0,0,1,3,,0,30,0,0,0,0,0,4,2,3
,2019-17369,39.77741651,-104.7639533,6/26/2019 21:10,21:10,6,0,1,CEYLON STREET NORTH & 45TH AVENUE EAST,1,4,0,0,1,4,,0,25,0,0,0,0,2,4,2,5
,2019-1737,39.75482887,-105.0201539,3/31/2019 6:00,6:00,6,0,0,26TH AVENUE 2600 BLOCK WEST & CLAY STREET NORTH,1,5,0,0,1,4,,0,30,0,0,0,0,0,4,2,13
,2019-17370,39.68938572,-105.0203785,4/28/2019 22:28,22:28,6,0,0,CLAY STREET SOUTH 1500 BLOCK & FLORIDA AVENUE WEST,1,3,0,0,1,4,,0,,0,0,0,0,0,4,2,13
,2019-17371,39.77413525,-104.8098888,4/22/2019 10:10,10:10,12,0,0,CHAMBERS ROAD 400 BLOCK NORTH & ANDREWS DRIVE EAST,14,1,0,0,1,2,,0,35,0,0,0,0,0,4,2,13
,2019-17373,39.71411638,-104.9499323,8/31/2019 2:35,2:35,5,0,0,CHERRY CREEK NORTH DRIVE EAST & BAYAUD AVENUE EAST,1,4,0,0,3,4,,0,35,0,0,0,0,0,4,1,7
,2019-17374,39.77462936,-104.8098937,6/15/2019 11:25,11:25,15,0,0,CHAMBERS ROAD NORTH & ANDREWS DRIVE EAST,1,1,0,0,1,4,,0,40,0,0,0,0,0,4,2,13
,2019-17375,39.7749725,-104.8098972,7/10/2019 6:55,6:55,15,0,0,CHAMBERS ROAD NORTH & ANDREWS DRIVE EAST,1,1,0,0,1,4,,0,35,0,0,0,0,0,4,2,13
,2019-17376,39.69639486,-104.991281,3/21/2019 12:44,12:44,3,0,1,CHEROKEE STREET SOUTH & MISSISSIPPI AVENUE EAST,1,1,0,0,1,2,,0,25,0,0,0,0,1,4,2,9
,2019-17377,39.75647474,-104.9995801,9/9/2019 18:22,18:22,15,0,0,CHESTNUT PLACE 1900 BLOCK & 20TH STREET,1,2,0,0,1,4,,0,25,0,0,0,0,0,4,2,13
,2019-17378,39.73814553,-104.9776118,4/21/2019 11:30,11:30,6,0,0,CLARKSON STREET NORTH & 14TH AVENUE EAST,1,1,0,0,1,4,,0,25,0,0,0,0,0,4,2,13
,2019-17379,39.73946384,-104.9776309,2/26/2019 14:35,14:35,15,0,0,CLARKSON 1400 BLOCK NORTH & COLFAX AVENUE EAST,1,1,0,0,1,2,,0,25,0,0,0,0,0,4,2,13
,2019-1738,39.69451128,-104.9801152,8/14/2019 16:08,16:08,15,0,0,BUCHTEL BOULEVARD 600 BLOCK EAST & PEARL STREET SOUTH,1,1,0,0,1,4,,0,25,0,0,0,0,0,4,2,13
,2019-17380,39.73949129,-104.9776313,4/23/2019 12:36,12:36,15,0,0,CLARKSON STREET 1400 BLOCK NORTH & COLFAX AVENUE EAST,1,1,0,0,1,4,,0,30,0,0,0,0,0,4,2,1
,2019-17381,39.7201115,-105.0204406,8/16/2019 20:25,20:25,6,0,1,CLAY STREET NORTH & SECOND AVENUE WEST,1,3,0,0,1,4,,0,25,0,0,0,0,1,4,2,12
,2019-17382,39.7025233,-105.0203817,8/31/2019 2:13,2:13,6,0,0,CLAY STREET SOUTH & EXPOSITION AVENUE WEST,1,3,0,0,1,4,,0,25,0,0,0,0,0,4,2,5
,2019-17383,39.70146024,-105.0203762,3/24/2019 2:30,2:30,6,0,0,CLAY STREET SOUTH 800 BLOCK & OHIO AVENUE WEST,1,4,1,4,1,4,,0,,0,0,0,0,0,4,2,13
,2019-17384,39.69274138,-104.9350904,10/6/2019 1:00,1:00,6,0,0,CLERMONT STREET SOUTH & LOUISIANA AVENUE,1,3,1,0,1,1,,0,25,0,0,0,0,0,4,2,5
,2019-17386,39.79430513,-104.9475775,2/14/2019 15:22,15:22,6,0,0,COOK STREET NORTH & 54TH AVENUE EAST,1,1,0,0,1,4,,0,30,0,0,0,0,0,4,2,1
,2019-17387,39.74014477,-104.9899272,5/3/2019 13:00,13:00,10,0,0,COURT PLACE & 15TH STREET,1,1,0,0,1,4,,0,25,0,0,0,0,0,4,2,14
,2019-17388,39.75826295,-104.9961298,10/24/2019 17:39,17:39,6,0,0,DELGANEY STREET & 29TH AVENUE WEST,1,1,0,0,1,4,,0,35,0,0,0,0,0,4,2,14
,2019-17389,39.69611478,-104.9317109,10/25/2019 13:49,13:49,6,0,0,DAHLIA STREET SOUTH & MISSOURI AVENUE EAST,1,3,0,0,1,4,,0,25,0,0,0,0,0,4,2,13
,2019-1739,39.74978451,-104.9791679,11/22/2019 11:10,11:10,5,0,0,24TH AVENUE 300 BLOCK EAST & COURT STREET,6,1,0,0,3,4,,0,25,0,0,0,0,0,4,1,13
,2019-17390,39.66718201,-104.931622,11/23/2019 12:00,12:00,6,0,0,DAHLIA STREET 2700 BLOCK SOUTH & YALE AVENUE EAST,1,1,0,0,1,2,,0,30,0,0,0,0,0,4,2,7
,2019-17391,39.71344036,-105.0215085,6/15/2019 18:49,18:49,6,0,0,DALE COURT SOUTH & BAYAUD AVENUE WEST,1,1,1,0,2,4,,0,25,0,0,0,0,0,4,4,1
,2019-17392,39.70795033,-105.0215462,7/24/2019 21:00,21:00,15,0,1,DALE COURT & DAKOTA AVENUE WEST,1,3,0,0,1,2,,0,25,0,0,0,0,1,4,4,7
,2019-17393,39.71296747,-105.0226805,5/17/2019 11:25,11:25,5,0,0,DECATUR STREET SOUTH & CEDAR AVENUE WEST,1,1,1,0,1,4,,0,25,0,0,0,0,0,4,1,5
,2019-17394,39.66935116,-105.0227414,1/4/2019 17:39,17:39,15,0,0,DECATUR STREET 2600 BLOCK SOUTH & WATER AVENUE WEST,1,4,0,0,1,4,,0,30,0,0,0,0,0,4,2,1
,2019-17395,39.73649911,-104.9929396,8/14/2019 12:43,12:43,6,0,0,DELAWARE STREET NORTH & 13TH AVENUE WEST,1,1,0,0,1,2,,0,25,0,0,0,0,0,4,2,13
,2019-17396,39.72383547,-104.9928259,2/11/2019 7:43,7:43,15,0,0,DELAWARE STREET NORTH 400 BLOCK & FIFTH AVENUE WEST,1,1,0,0,1,4,,0,25,0,0,0,0,0,4,2,13
,2019-17397,39.72397273,-104.9928261,8/24/2019 1:02,1:02,6,0,0,DELAWARE STREET NORTH & FIFTH AVENUE WEST,1,4,0,0,1,4,,0,25,0,0,0,0,0,4,2,8
,2019-17398,39.68827775,-104.9734217,5/13/2019 7:21,7:21,12,0,0,DOWNING 1500 BLOCK SOUTH & BUTCHEL BOULEVARD EAST,1,1,1,0,1,4,,0,30,0,0,0,0,0,4,3,13
,2019-17399,39.70371375,-104.9733793,5/2/2019 21:00,21:00,6,0,0,DOWNING STREET 700 BLOCK SOUTH & EXPOSITION AVENUE EAST,1,3,0,0,1,4,,0,30,0,0,0,0,0,4,4,5
,2019-17400,39.67420263,-104.9734477,9/5/2019 16:15,16:15,6,0,1,DOWNING STREET SOUTH & ILIFF AVENUE EAST,1,1,1,0,1,4,,0,30,0,0,0,0,2,4,3,5
,2019-17401,39.68492839,-104.9734233,2/26/2019 11:11,11:11,14,0,0,DOWNING STREET 1700 BLOCK SOUTH & MEXICO AVENUE EAST,1,1,0,0,1,4,,0,30,0,0,0,0,0,4,2,1
,2019-17402,39.63294928,-104.8931793,1/24/2019 6:54,6:54,12,0,0,DTC BOULEVARD 4600 BLOCK SOUTH & TUFTS AVENUE EAST,1,1,0,0,1,4,,0,35,0,0,0,0,0,4,2,13
,2019-17403,39.71839956,-104.9939892,7/16/2019 14:52,14:52,6,0,0,ELATI STREET NORTH & FIRST AVENUE WEST,1,1,0,0,1,4,,0,25,0,0,0,0,0,4,2,13
,2019-17404,39.67816373,-104.9939731,11/7/2019 13:23,13:23,5,0,0,ELATI STREET SOUTH & EVANS AVENUE WEST,1,1,0,0,1,4,,0,25,0,0,0,0,0,4,2,13
,2019-17405,39.73600719,-104.9764435,8/20/2019 11:05,11:05,6,0,0,EMERSON STREET NORTH & 13TH AVENUE EAST,1,1,1,0,1,4,,0,30,0,0,0,0,0,4,2,13
,2019-17406,39.73811802,-104.9764604,11/4/2019 11:05,11:05,15,0,0,EMERSON STREET NORTH & 14TH AVENUE EAST,2,1,0,0,1,4,,0,25,0,0,0,0,0,4,2,13
,2019-17407,39.74312937,-104.9761532,8/28/2019 10:49,10:49,6,0,0,EMERSON STREET NORTH & 17TH AVENUE EAST,1,1,1,0,1,4,,0,25,0,0,0,0,0,4,2,8
,2019-17408,39.74312937,-104.9761532,10/20/2019 9:30,9:30,6,0,0,EMERSON STREET NORTH & 17TH AVENUE EAST,1,1,0,0,1,4,,0,25,0,0,0,0,0,4,2,13
,2019-17409,39.74256661,-104.9761584,11/5/2019 9:20,9:20,12,0,1,EMERSON STREET NORTH & 17TH AVENUE EAST,1,1,0,0,1,5,,0,25,0,0,0,0,1,4,2,13
,2019-17410,39.67822349,-104.9875683,4/4/2019 8:53,8:53,12,0,1,EVANS AVENUE EAST & BROADWAY STREET SOUTH,1,1,0,0,1,3,,0,35,0,0,0,0,1,4,3,13
,2019-17411,39.6782784,-104.9875681,2/10/2019 10:54,10:54,5,0,1,EVANS AVENUE 2100 BLOCK SOUTH & EVANS AVENUE WEST,1,1,0,0,3,4,,0,40,0,0,0,0,2,4,2,10
,2019-17412,39.713127,-104.8931248,9/30/2019 3:45,3:45,5,0,1,FAIRMOUNT DRIVE EAST & CEDAR PLACE EAST,1,3,0,0,3,4,,0,30,0,0,0,0,2,4,1,13
,2019-17414,39.68915565,-104.9035149,9/22/2019 15:15,15:15,15,0,0,FLORIDA AVENUE EAST & QUEBEC STREET SOUTH,1,1,0,0,1,4,,0,35,0,0,0,0,0,4,2,7
,2019-17415,39.68939561,-105.0068652,3/15/2019 22:43,22:43,12,0,0,FLORIDA AVENUE WEST & QUIVAS STREET SOUTH,1,3,0,0,1,4,,0,,0,0,0,0,0,4,2,13
,2019-17416,39.78294749,-104.9269986,7/9/2019 7:37,7:37,15,0,0,FOREST STREET NORTH & 48TH AVENUE EAST,1,1,0,0,1,4,,0,25,0,0,0,0,0,4,2,13
,2019-17417,39.76741543,-104.9267925,12/1/2019 20:00,20:00,6,0,0,FOREST STREET 3600 BLOCK NORTH & NORTH CURB LINE,4,2,0,2,1,4,,0,,0,0,0,0,0,4,2,13
,2019-17418,39.7620196,-104.9684194,11/30/2019 14:48,14:48,12,0,0,FRANKLIN STREET 3200 BLOCK NORTH & 33RD AVENUE EAST,5,1,0,0,1,3,,0,20,0,0,0,0,0,4,2,13
,2019-17419,39.68365947,-104.9687313,9/23/2019 20:40,20:40,5,0,0,FRANKLIN STREET SOUTH & COLORADO AVENUE EAST,1,3,0,0,1,4,,0,30,0,0,0,0,0,4,1,7
,2019-1742,39.77324867,-104.8240082,8/31/2019 8:30,8:30,5,0,0,DURHAM COURT 4200 BLOCK NORTH & 43RD AVENUE EAST,1,3,0,0,3,4,,0,30,0,0,0,0,0,4,1,1
,2019-17420,39.70500727,-104.9687118,4/6/2019 21:01,21:01,6,0,0,FRANKLIN STREET SOUTH & VIRGINIA AVENUE EAST,1,3,0,0,1,4,,0,25,0,0,0,0,0,4,2,13
,2019-17421,39.73481548,-104.9439811,9/4/2019 15:05,15:05,6,0,0,GARFIELD STREET NORTH & 12TH AVENUE EAST,1,1,0,0,1,4,,0,25,0,0,0,0,0,4,2,1
,2019-17422,39.73745977,-104.9672385,3/7/2019 20:27,20:27,6,0,0,GILPIN STREET NORTH & 14TH AVENUE EAST,1,3,0,0,1,4,,0,30,0,0,0,0,0,4,2,1
,2019-17423,39.7305719,-105.0263532,11/16/2019 1:21,1:21,6,0,0,GROVE STREET 830 NORTH & NINTH AVENUE WEST,1,4,0,0,1,5,,0,,0,0,0,0,0,4,2,13
,2019-17424,39.74448481,-104.9672098,11/14/2019 15:50,15:50,5,0,1,GILPIN STREET NORTH & 18TH AVENUE EAST,1,1,0,0,3,5,,0,15,0,0,0,0,2,4,1,1
,2019-17425,39.74475176,-104.9891646,10/12/2019 20:40,20:40,6,0,0,GLENARM PLACE & 17TH STREET,1,3,0,0,1,3,,0,30,0,0,0,0,0,4,2,14
,2019-17426,39.7380611,-104.9246088,3/13/2019 18:40,18:40,6,0,0,GRAPE STREET NORTH & 14TH AVENUE EAST,4,3,0,2,1,4,,0,25,0,0,0,0,0,4,2,5
,2019-17427,39.73684363,-104.9836191,4/16/2019 15:09,15:09,12,0,0,GRANT STREET NORTH & 13TH AVENUE EAST,1,1,0,0,1,4,,0,30,0,0,0,0,0,4,2,7
,2019-17428,39.74159084,-104.9835892,8/28/2019 11:51,11:51,6,0,0,GRANT STREET NORTH & 16TH AVENUE EAST,1,1,0,0,1,4,,0,30,0,0,0,0,0,4,2,8
,2019-17429,39.68522409,-104.9840134,5/20/2019 10:00,10:00,15,0,0,GRANT STREET 1700 BLOCK NORTH & 18TH AVENUE EAST,2,1,0,0,1,4,,0,30,0,0,0,0,0,4,2,13
,2019-17430,39.67671116,-104.9840273,8/9/2019 16:56,16:56,6,0,0,GRANT STREET SOUTH & WARREN AVENUE EAST,1,1,0,0,1,4,,0,25,0,0,0,0,0,4,2,5
,2019-17431,39.67815026,-104.9251966,8/21/2019 7:35,7:35,3,0,0,GRAPE STREET SOUTH & EVANS AVENUE EAST,1,1,0,0,1,2,,0,25,0,0,0,0,0,4,2,1
,2019-17432,39.78356725,-104.7721147,3/11/2019 7:40,7:40,12,0,0,GREEN VALLEY RANCH BOULEVARD EAST & TOWER ROAD NORTH,1,1,0,0,1,4,,0,40,0,0,0,0,0,4,2,14
,2019-17433,39.7132448,-105.0263205,7/20/2019 13:30,13:30,6,0,0,GROVE STREET SOUTH & CEDAR AVENUE WEST,1,1,1,0,1,4,,0,20,0,0,0,0,0,4,2,5
,2019-17434,39.83586309,-104.7154965,10/1/2019 13:40,13:40,12,0,0,GUN CLUB ROAD 7600 BLOCK & 78TH AVENUE,1,1,0,0,1,4,,0,,0,0,0,0,0,4,2,7
,2019-17435,39.8408603,-104.667579,8/31/2019 9:09,9:09,12,0,1,HARRY B COMBS STREET 8900 BLOCK & 80TH AVENUE EAST,1,1,0,0,1,3,,0,30,0,0,0,0,1,4,2,3
,2019-17436,39.77245098,-104.8658174,9/25/2019 7:20,7:20,3,0,0,HAVANA STREET NORTH  & 40TH AVENUE EAST,1,1,0,0,1,2,,0,35,0,0,0,0,0,4,2,13
,2019-17437,39.76821439,-104.8657904,4/10/2019 15:59,15:59,15,0,1,HAVANA STREET 3500 BLOCK NORTH & SMITH ROAD EAST,2,1,0,2,1,4,,0,35,0,0,0,0,1,4,3,5
,2019-17438,39.76807713,-104.8657899,6/12/2019 17:29,17:29,12,0,0,HAVANA STREET NORTH  & SMITH ROAD EAST,1,1,0,0,1,4,,0,35,0,0,0,0,0,4,2,14
,2019-17439,39.76821439,-104.8657904,12/10/2019 16:38,16:38,12,0,0,HAVANA STREET 3500 NORTH & SMITH ROAD EAST,1,3,0,0,1,3,,0,35,0,0,0,0,0,4,2,14
,2019-17440,39.71102168,-105.0275399,6/1/2019 9:50,9:50,3,0,0,HAZEL COURT SOUTH & ALAMEDA AVENUE WEST,1,1,0,0,1,2,,0,15,0,0,0,0,0,4,2,13
,2019-17441,39.71636208,-105.0275631,1/9/2019 20:39,20:39,6,0,0,HAZEL COURT 0000 BLOCK SOUTH & ELLSWORTH AVENUE WEST,1,3,0,0,1,4,,0,25,0,0,0,1,0,4,3,12
,2019-17442,39.68747211,-105.0273823,11/12/2019 19:00,19:00,5,0,0,HAZEL COURT 1600 BLOCK SOUTH & IOWA AVENUE WEST,2,4,0,0,3,4,,0,20,0,0,0,0,0,4,1,13
,2019-17443,39.70311979,-105.0275293,2/3/2019 0:44,0:44,6,0,0,HAZEL COURT 700 BLOCK SOUTH & WALSH POINT WEST,1,3,0,0,1,4,,0,25,0,0,0,0,0,4,3,5
,2019-17444,39.70311979,-105.0275293,5/11/2019 6:45,6:45,3,0,0,HAZEL COURT 700 BLOCK SOUTH & WALSH PLACE WEST,1,1,1,0,1,5,,0,15,0,0,0,0,0,4,2,13
,2019-17445,39.68363247,-104.9652083,10/11/2019 10:20,10:20,6,0,0,HIGH STREET SOUTH & COLORADO AVENUE EAST,1,1,0,0,1,4,,0,30,0,0,0,0,0,4,2,5
,2019-17446,39.75438055,-104.9222925,11/8/2019 15:54,15:54,6,0,0,HOLLY STREET NORTH & 26TH AVENUE EAST,1,1,0,0,1,4,,0,20,0,0,0,0,0,4,2,14
,2019-17447,39.78365182,-104.9222747,7/12/2019 17:11,17:11,3,0,0,HOLLY STREET NORTH & 48TH AVENUE EAST,1,1,0,0,1,2,,0,30,0,0,0,0,0,4,2,1
,2019-17448,39.653343,-105.05331,8/21/2019 17:00,17:00,12,0,0,SHERIDAN BOULEVARD SOUTH & HIGHWAY 285,1,1,0,0,1,3,,0,40,0,0,0,0,0,2,2,13
,2019-17449,39.70914974,-104.92228,6/11/2019 8:55,8:55,12,0,3,HOLLY STREET SOUTH 400 BLOCK & DAKOTA AVENUE EAST,1,1,1,0,1,4,,0,30,0,0,0,0,1,4,3,1
,2019-17450,39.70702323,-104.9222712,6/1/2019 11:37,11:37,15,0,0,HOLLY STREET 500 BLOCK SOUTH & LEETSDALE DRIVE,1,1,1,0,1,4,,0,30,0,0,0,0,0,4,2,13
,2019-17451,39.69299114,-104.9223245,4/15/2019 10:30,10:30,12,0,0,HOLLY STREET SOUTH & LOUISIANA AVENUE EAST,1,1,0,0,1,3,,0,35,0,0,0,0,0,4,2,13
,2019-17452,39.74449861,-104.9696768,10/16/2019 6:26,6:26,6,0,0,HUMBOLDT STREET NORTH & 18TH AVENUE EAST,1,3,0,0,1,4,,0,25,0,0,0,0,0,4,2,13
,2019-17453,39.73029924,-104.9694666,5/21/2019 18:10,18:10,6,0,0,HUMBOLDT STREET 800 BLOCK NORTH & NINTH AVENUE EAST,1,1,0,0,1,4,,0,25,0,0,0,0,0,4,2,13
,2019-17454,39.70830201,-105.0298133,1/13/2019 1:52,1:52,6,0,0,IRVING STREET SOUTH 400 BLOCK & ALASKA PLACE WEST,1,4,0,0,1,4,,0,,0,0,0,0,0,4,3,13
,2019-17455,39.75490826,-104.8646004,7/3/2019 16:46,16:46,12,0,0,IOLA STREET NORTH & HAVANA WAY NORTH,1,1,0,0,1,3,,0,25,0,0,0,0,0,4,2,1
,2019-17456,39.76207538,-105.0299504,9/10/2019 18:15,18:15,6,0,0,IRVING STREET NORTH & 32ND AVENUE WEST,1,1,0,0,1,4,,0,30,0,0,0,0,0,4,2,7
,2019-17457,39.76367075,-105.0300563,4/28/2019 20:33,20:33,6,0,0,IRVING STREET NORTH & 33RD AVENUE WEST,1,3,1,0,1,4,,0,30,0,0,0,0,0,4,2,12
,2019-17458,39.70827455,-105.0298131,10/27/2019 0:00,0:00,6,0,0,IRVING STREET SOUTH & ALASKA PLACE WEST,2,4,0,0,1,4,,0,30,0,0,0,0,0,4,2,14
,2019-17459,39.70563409,-105.0298054,2/4/2019 10:07,10:07,6,0,2,IRVING STREET SOUTH & CENTER AVENUE WEST,1,1,0,0,1,4,,0,25,0,0,0,0,1,4,2,14
,2019-17460,39.75939647,-105.0232059,7/5/2019 19:16,19:16,5,0,0,SPEER BOULEVARD NORTH & 800 BLOCK NORTH,2,1,0,1,3,4,,0,30,0,0,0,0,0,4,1,13
,2019-17461,39.74013449,-105.0298573,6/16/2019 12:50,12:50,12,0,0,IRVING STREET NORTH & COLFAX AVENUE WEST,1,1,0,0,1,4,,0,25,0,0,0,0,0,4,2,14
,2019-17462,39.70033185,-105.0297681,6/15/2019 18:23,18:23,10,0,1,IRVING STREET 900 BLOCK SOUTH & KENTUCKY AVENUE WEST,1,1,0,0,1,3,,0,30,0,0,0,0,1,4,2,1
,2019-17463,39.66745993,-105.0298698,8/12/2019 7:31,7:31,6,0,0,IRVING STREET SOUTH & YALE AVENUE WEST,1,1,0,0,1,4,,0,25,0,0,0,0,0,4,2,1
,2019-17464,39.65995379,-105.0629307,12/20/2019 15:49,15:49,15,0,3,IVAN WAY 3000 BLOCK SOUTH & COLUMBIA AVENUE WEST,1,1,0,0,1,4,,0,25,0,0,0,0,1,4,4,7
,2019-17465,39.83633101,-104.6929169,3/18/2019 5:50,5:50,12,0,0,JACKSONS GAP 7700 BLOCK & 78TH AVENUE EAST,1,2,0,0,1,4,,0,45,0,0,0,0,0,4,3,13
,2019-17466,39.83589179,-104.6929195,7/5/2019 14:30,14:30,10,0,0,JACKSON GAP STREET NORTH & 78TH AVENUE EAST,1,1,0,0,1,3,,0,35,0,0,0,0,0,4,2,8
,2019-17467,39.83326321,-104.6929395,3/20/2019 12:38,12:38,1,0,0,JACKSON GAP NORTH & PENA BOULEVARD,1,1,0,1,1,1,,0,,0,0,0,0,0,4,2,13
,2019-17468,39.7690803,-104.9994081,5/25/2019 14:09,14:09,15,0,0,JASON STREET NORTH & 38TH AVENUE WEST FRONTAGE ROAD,1,1,0,0,1,4,,0,25,0,0,0,0,0,4,3,13
,2019-17469,39.67573452,-104.9994588,9/25/2019 17:25,17:25,5,0,1,JASON STREET SOUTH & CENTER AVENUE WEST,1,1,0,0,3,4,,0,35,0,0,0,0,1,4,1,10
,2019-17470,39.71942173,-104.9585716,3/4/2019 7:55,7:55,12,0,0,JOSEPHINE STREET & SECOND AVENUE EAST,5,1,0,0,1,1,,0,30,0,0,0,0,0,4,2,13
,2019-17471,39.72070349,-104.9582506,8/9/2019 18:53,18:53,6,0,0,JOSEPHINE STREET NORTH & THIRD AVENUE EAST,1,2,1,0,1,4,,0,25,0,0,0,0,0,4,2,13