id,drcog_id,latitude,longitude,crashtime,time,crashtype,numbkilled,numbinjurd,drcoglocat,rdconditin,lightngcon,roadcntgrd,weatherco,location,roaddescrp,schoolzone,constrzone,splimit,bikeinv,sctrinv,pedinv,motoinv,svrty,rdsystem,ttlvehcls,hcf
,2019-17472,39.72041798,-104.9582503,11/14/2019 7:44,7:44,6,0,1,JOSEPHINE STREET NORTH & THIRD AVENUE EAST,1,1,0,0,1,4,,0,,0,0,0,0,1,4,3,14
,2019-17473,39.72625216,-105.0001632,8/6/2019 20:20,20:20,15,0,0,KALAMATH STREET NORTH & SIXTH AVENUE WEST,1,2,0,0,1,4,,0,35,0,0,0,0,0,4,2,13
,2019-17474,39.72826569,-105.0001828,9/4/2019 14:35,14:35,15,0,0,KALAMATH STREET NORTH & EIGHTH AVENUE WEST,1,1,0,0,1,4,,0,30,0,0,0,0,0,4,2,13
,2019-17475,39.72843837,-105.000181,9/19/2019 17:50,17:50,15,0,0,KALAMATH STREET NORTH & EIGHTH AVENUE WEST,1,1,0,0,1,3,,0,35,0,0,0,0,0,4,2,13
,2019-17476,39.68172988,-105.03209,7/7/2019 7:02,7:02,6,0,0,KNOX COURT SOUTH & JEWELL AVENUE WEST,1,1,0,0,1,4,,0,25,0,0,0,0,0,4,2,13
,2019-17477,39.65986456,-104.8589803,4/26/2019 7:43,7:43,6,0,0,KENTON STREET 3100 BLOCK SOUTH & DARTMOUTH AVENUE EAST,1,1,0,0,1,4,,0,25,0,0,0,0,0,4,2,1
,2019-17478,39.63426526,-105.1097498,11/7/2019 12:27,12:27,12,0,0,KIPLING STREET 4500 BLOCK SOUTH & STANFORD AVENUE WEST,1,1,0,0,1,4,,0,30,0,0,0,0,0,4,2,13
,2019-17479,39.73818145,-105.0322625,7/13/2019 2:30,2:30,5,0,0,KNOX COURT NORTH & 14TH AVENUE WEST,1,3,0,0,1,4,,0,25,0,0,0,0,0,4,1,5
,2019-17480,39.72268315,-105.0324829,5/23/2019 15:04,15:04,12,0,0,KNOX COURT NORTH & FOURTH AVENUE WEST,2,1,0,1,1,4,,0,30,0,0,0,0,0,4,2,13
,2019-17481,39.72428634,-105.0324795,11/16/2019 16:13,16:13,1,0,0,KNOX COURT NORTH & FIFTH AVENUE WEST,1,1,1,0,1,4,,0,30,0,0,0,0,0,4,2,1
,2019-17482,39.74012425,-104.9161643,9/12/2019 9:34,9:34,12,0,0,KRAMERIA STREET  & COLFAX AVENUE EAST,1,1,0,0,1,2,,0,30,0,0,0,0,0,4,2,7
,2019-17483,39.66727732,-104.9711397,5/9/2019 10:01,10:01,12,0,0,LAFAYETTE STREET 2700 BK SOUTH & YALE AVENUE EAST,2,1,0,0,1,2,,0,25,0,0,0,0,0,4,2,13
,2019-17484,39.74717798,-104.9996285,2/10/2019 13:00,13:00,15,0,0,LARIMER STREET 1400 BLOCK & 15TH STREET,1,1,0,0,1,4,,0,30,0,0,0,1,0,4,2,13
,2019-17485,39.76218203,-104.9806454,6/18/2019 10:45,10:45,12,0,0,LARIMER STREET & 30TH STREET,1,1,0,0,1,4,,0,35,0,0,0,0,0,4,2,13
,2019-17486,39.73000722,-104.9861398,12/9/2019 15:40,15:40,6,0,0,LINCOLN STREET 800 BLOCK NORTH & NINTH AVENUE EAST,1,1,1,0,1,4,,0,30,0,0,0,0,0,4,2,13
,2019-17487,39.74286821,-104.9861155,5/9/2019 12:43,12:43,15,0,0,LINCOLN STREET NORTH & 17TH AVENUE EAST,1,1,0,0,1,4,,0,30,0,0,0,0,0,4,2,14
,2019-17488,39.7503232,-104.9942355,11/9/2019 0:08,0:08,15,0,0,LAWRENCE STREET & 18TH STREET,1,3,0,0,1,4,,0,30,0,0,0,0,0,4,2,9
,2019-17489,39.77804772,-104.9869908,11/9/2019 22:58,22:58,6,0,0,LEAF COURT NORTH & 45TH AVENUE WEST,1,3,0,0,1,4,,0,25,0,0,0,0,0,4,2,5
,2019-17490,39.73079455,-104.9861323,8/1/2019 17:44,17:44,6,0,0,LINCOLN STREET NORTH & 10TH AVENUE EAST,1,1,0,0,1,4,,0,30,0,0,0,0,0,4,2,8
,2019-17491,39.71083,-104.998674,5/25/2019 4:10,4:10,5,0,0,I25 SOUTHBOUND OFF RAMP EXIT GORE POINT & SANTA FE DRIVE SOUTH,1,3,1,0,2,7,,0,,0,0,0,0,0,1,1,13
,2019-17492,39.73358296,-104.9861297,1/9/2019 15:53,15:53,12,0,0,LINCOLN STREET NORTH & 11TH AVENUE EAST,1,1,0,0,1,3,,0,35,0,0,0,0,0,4,3,13
,2019-17493,39.7335555,-104.9861297,1/10/2019 17:27,17:27,12,0,1,LINCOLN STREET NORTH & 11TH AVENUE EAST,1,3,0,0,1,4,,0,35,0,0,0,0,1,4,2,13
,2019-17494,39.73204146,-104.985738,2/24/2019 5:57,5:57,6,0,0,LINCOLN STREET 1000 BLOCK NORTH & 11TH AVENUE EAST,1,3,0,0,1,4,,0,30,0,0,0,0,0,4,2,2
,2019-17495,39.73094742,-104.9861317,5/1/2019 18:23,18:23,6,0,0,LINCOLN STREET NORTH & 11TH AVENUE EAST,1,1,1,0,1,4,,0,30,0,0,0,0,0,4,2,14
,2019-17496,39.73384772,-104.9861595,10/24/2019 9:23,9:23,12,0,0,LINCOLN STREET NORTH & 11TH AVENUE EAST,1,1,0,0,1,3,,0,30,0,0,0,0,0,4,2,13
,2019-17498,39.73204146,-104.9857376,12/1/2019 15:35,15:35,12,0,1,LINCOLN STREET 1000 BLOCK NORTH & 11TH AVENUE EAST,9,1,0,0,1,3,,0,30,0,0,0,0,1,4,2,3
,2019-17499,39.70572322,-104.9863181,4/20/2019 12:37,12:37,12,0,0,LINCOLN STREET SOUTH & CENTER AVENUE EAST,1,1,0,0,1,1,,0,30,0,0,0,0,0,4,2,13
,2019-17500,39.7351146,-104.986124,8/18/2019 1:45,1:45,14,0,0,LINCOLN STREET NORTH & 12TH AVENUE EAST,1,3,0,0,1,3,,0,35,0,0,0,0,0,4,3,13
,2019-17501,39.73462302,-104.9861264,2/18/2019 12:00,12:00,12,0,0,LINCOLN STREET 1200 BLOCK NORTH & 13TH AVENUE EAST,1,1,0,0,1,4,,0,30,0,0,0,0,0,4,2,3
,2019-17502,39.73684768,-104.986112,8/21/2019 9:30,9:30,15,0,0,LINCOLN STREET 1300 BLOCK NORTH & 14TH AVENUE EAST,1,1,0,0,1,4,,0,30,0,0,0,0,0,4,2,3
,2019-17503,39.72564692,-104.9862613,9/11/2019 22:20,22:20,12,0,0,LINCOLN STREET NORTH & SPEER BOULEVARD EAST,2,3,0,1,1,3,,0,35,0,0,0,0,0,4,2,14
,2019-17504,39.73971146,-104.9861351,12/4/2019 7:35,7:35,12,0,0,LINCOLN STREET 1500 BLOCK NORTH & 16TH AVENUE EAST,1,1,0,0,1,4,,0,,0,0,0,0,0,4,2,13
,2019-17505,39.74488994,-104.9861215,7/14/2019 13:26,13:26,12,0,0,LINCOLN STREET NORTH & 18TH AVENUE EAST,1,1,0,0,1,3,,0,30,0,0,0,0,0,4,2,1
,2019-17506,39.74467508,-104.9861173,5/1/2019 7:50,7:50,15,0,0,LINCOLN STREET 1800 BLOCK NORTH & 19TH AVENUE EAST,1,1,0,0,1,4,,0,30,0,0,0,0,0,4,2,13
,2019-17507,39.74563794,-104.9861188,8/15/2019 8:30,8:30,6,0,0,LINCOLN STREET NORTH & 19TH AVENUE EAST,1,1,0,0,1,4,,0,30,0,0,0,0,0,4,2,13
,2019-17508,39.74583314,-104.9861191,6/29/2019 0:30,0:30,15,0,0,LINCOLN STREET 1900 BLOCK & 20TH STREET,1,3,0,0,1,4,,0,30,0,0,0,0,0,4,2,8
,2019-17509,39.73687838,-104.9799005,10/22/2019 17:11,17:11,6,0,0,PEARL STREET NORTH & 13TH AVENUE EAST,1,1,0,0,1,4,,0,30,0,0,0,0,0,4,2,13
,2019-17510,39.72495541,-104.986257,9/29/2019 12:10,12:10,10,0,0,LINCOLN STREET NORTH & SIXTH AVENUE EAST,1,1,0,0,1,2,,0,30,0,0,0,0,0,4,2,7
,2019-17511,39.71468564,-104.9862709,1/11/2019 18:59,18:59,15,0,0,LINCOLN STREET 100 BLOCK SOUTH & BAYAUD AVENUE EAST,5,4,0,2,1,4,,0,30,0,0,0,0,0,4,2,13
,2019-17512,39.73527201,-105.0015895,2/6/2019 4:53,4:53,6,0,0,LIPAN STREET NORTH & 12TH AVENUE WEST,1,3,0,4,1,4,,0,20,0,0,0,0,0,4,4,5
,2019-17513,39.77424362,-105.0017584,1/2/2019 14:53,14:53,14,0,0,LIPAN STREET NORTH & 42ND AVENUE WEST,1,1,0,0,1,3,,0,25,0,0,0,0,0,4,2,3
,2019-17514,39.72890568,-105.0016244,11/29/2019 7:29,7:29,12,0,0,LIPAN STREET 700 BLOCK NORTH & EIGHTH AVENUE WEST,5,1,0,0,1,4,,0,25,0,0,0,0,0,4,2,13
,2019-17515,39.69874529,-105.0015225,10/16/2019 7:34,7:34,15,0,0,LIPAN STREET SOUTH & KENTUCKY AVENUE WEST,1,1,0,0,1,4,,0,25,0,0,0,0,0,4,2,13
,2019-17516,39.75599357,-105.0042555,8/23/2019 14:03,14:03,15,0,0,LITTLE RAVEN STREET & BASSET STREET,1,1,0,0,1,4,,0,40,0,0,0,0,0,4,2,13
,2019-17518,39.78365174,-104.982307,2/24/2019 10:08,10:08,6,0,0,LOGAN STREET NORTH & 48TH AVENUE EAST,5,1,1,0,1,3,,0,25,0,0,0,0,0,4,2,13
,2019-17519,39.72825448,-104.9823672,2/20/2019 20:33,20:33,6,0,0,LOGAN STREET 700 BLOCK NORTH & EIGHTH AVENUE EAST,1,3,1,0,1,4,,0,30,0,0,0,0,0,4,2,13
,2019-17520,39.72852901,-104.9823681,7/3/2019 14:01,14:01,15,0,0,LOGAN STREET NORTH 700 BLOCK & EIGHTH AVENUE EAST,1,1,0,0,1,4,,0,30,0,0,0,0,0,4,2,13
,2019-17521,39.70013171,-104.9827861,4/27/2019 13:55,13:55,12,0,2,LOGAN STREET 900 BLOCK SOUTH & KENTUCKY AVENUE EAST,1,1,0,0,1,4,,0,30,0,0,0,0,1,4,2,13
,2019-17522,39.67643247,-104.9828607,10/9/2019 17:55,17:55,5,0,0,LOGAN STREET 2200 BLOCK SOUTH & WARREN AVENUE EAST,1,2,0,0,3,4,,0,20,0,0,0,0,0,4,1,5
,2019-17523,39.69283181,-104.9827789,6/10/2019 10:16,10:16,12,0,0,LOUISIANA AVENUE EAST & LOGAN STREET SOUTH,1,1,0,0,1,3,,0,30,0,0,0,0,0,4,2,13
,2019-17524,39.76117673,-105.0346147,6/5/2019 12:55,12:55,12,0,0,LOWELL BOULEVARD NORTH 3100 BLOCK & 32ND AVENUE WEST,1,1,0,0,1,4,,0,25,0,0,0,0,0,4,2,13
,2019-17525,39.78533248,-105.0345786,8/2/2019 1:17,1:17,6,0,0,LOWELL BOULEVARD NORTH & 49TH AVENUE WEST,1,3,0,0,1,4,,0,35,0,0,0,0,0,4,3,14
,2019-17526,39.69286738,-105.0343776,1/8/2019 8:55,8:55,6,0,0,LOWELL BOULEVARD SOUTH 1300 BLOCK & LOUISIANA AVENUE WEST,1,1,0,0,1,4,,0,30,0,0,0,0,0,4,2,7
,2019-17527,39.6337805,-105.0347502,3/29/2019 15:54,15:54,10,0,0,LOWELL BOULEVARD SOUTH & TUFTS AVENUE WEST,1,1,1,0,1,4,,0,25,0,0,0,0,0,4,2,3
,2019-17528,39.76272888,-104.9117357,10/13/2019 19:55,19:55,6,0,0,MAGNOLIA STREET NORTH & 33RD AVENUE EAST,1,3,0,0,1,4,,0,25,0,0,0,0,0,4,2,5
,2019-17529,39.78197997,-105.0158378,9/17/2019 6:12,6:12,6,0,0,ZUNI STREET NORTH & 47TH AVENUE WEST,1,3,0,0,1,4,,0,30,0,0,0,0,0,4,2,13
,2019-17530,39.74273776,-104.9721306,9/26/2019 12:40,12:40,15,0,0,MARION STREET 1600 BLOCK NORTH & PARK AVENUE,1,1,0,0,1,4,,0,30,0,0,0,0,0,4,2,13
,2019-17531,39.69106827,-105.0027274,2/8/2019 7:08,7:08,6,0,0,MARIPOSA STREET 1400 SOUTH & ARKANSAS AVENUE WEST,5,1,0,0,1,4,,0,25,0,0,0,0,0,4,2,13
,2019-17532,39.74984842,-104.9983527,12/15/2019 10:11,10:11,12,0,0,MARKET STREET & 16TH STREET,1,1,0,0,1,3,,0,30,0,0,0,0,0,4,2,13
,2019-17533,39.75170965,-104.9959216,1/19/2019 15:11,15:11,12,0,0,MARKET STREET & 18TH STREET,1,1,0,0,1,3,,0,30,0,0,0,0,0,4,2,1
,2019-17534,39.69660285,-105.0425641,5/26/2019 2:47,2:47,6,0,0,MISSISSIPPI AVENUE WEST & RALEIGH STREET SOUTH,1,3,0,0,1,4,,0,25,0,0,0,0,0,4,3,2
,2019-17535,39.77386058,-104.9127862,7/16/2019 8:39,8:39,12,0,1,MONACO STREET NORTH 4100 BLOCK & 42ND AVENUE EAST,1,1,0,0,1,3,,0,30,0,0,0,0,2,4,2,15
,2019-17536,39.73511493,-104.9128112,5/20/2019 15:48,15:48,12,0,4,MONACO STREET NORTH & 12TH AVENUE EAST,2,1,0,1,1,4,,0,30,0,0,0,0,1,4,2,5
,2019-17537,39.73841247,-104.9128172,5/15/2019 8:19,8:19,12,0,0,MONACO STREET NORTH & 14TH AVENUE EAST,1,1,0,0,1,4,,0,35,0,0,0,0,0,4,2,13
,2019-17538,39.73840471,-104.912842,7/11/2019 7:04,7:04,5,0,0,MONACO STREET NORTH & 14TH AVENUE EAST,1,1,0,0,3,3,,0,30,0,0,0,0,0,4,1,5
,2019-17539,39.71081667,-104.9129233,1/9/2019 7:32,7:32,15,0,0,MONACO STREET 300 BLOCK SOUTH & ALAMEDA AVENUE EAST,1,1,0,0,1,4,,0,35,0,0,0,0,0,4,2,13
,2019-1754,39.741939,-104.99985,7/27/2019 2:03,2:03,5,0,0,SPEER BOULEVARD NORTH & CHAMPA STREET,1,3,0,0,2,1,,0,25,0,0,0,0,0,4,1,13
,2019-17540,39.74345,-104.9128995,4/19/2019 12:29,12:29,12,0,0,MONACO STREET NORTH & 17TH AVENUE EAST,1,1,0,0,1,3,,0,35,0,0,0,0,0,4,3,2
,2019-17541,39.71048563,-104.9129276,2/4/2019 17:44,17:44,12,0,0,MONACO STREET SOUTH & ALAMEDA AVENUE EAST,1,3,0,0,1,4,,0,35,0,0,0,0,0,4,2,12
,2019-17542,39.67997317,-104.9129676,9/24/2019 14:45,14:45,12,0,1,MONACO STREET 2000 BLOCK SOUTH & ASBURY AVENUE EAST,1,1,0,0,1,3,,0,35,0,0,0,0,1,4,2,13
,2019-17543,39.6913799,-104.9128099,5/24/2019 14:30,14:30,15,0,0,MONACO STREET SOUTH & CHERRY CREEK NORTH DRIVE EAST,1,1,0,0,1,3,,0,35,0,0,0,0,0,4,2,1
,2019-17544,39.6913799,-104.9128099,11/21/2019 16:18,16:18,12,0,0,MONACO STREET SOUTH & CHERRY CREEK NORTH DRIVE EAST,5,3,0,2,1,3,,0,35,0,0,0,0,0,4,3,1
,2019-17545,39.66274025,-104.9129923,7/15/2019 10:46,10:46,12,0,0,MONACO STREET SOUTH & CORNELL AVENUE EAST,1,1,0,0,1,3,,0,35,0,0,0,0,0,4,2,3
,2019-17546,39.67821545,-104.912901,11/13/2019 14:58,14:58,12,0,0,MONACO STREET 2100 BLOCK SOUTH & EVANS AVENUE EAST,1,1,0,0,1,2,,0,35,0,0,0,0,0,4,2,3
,2019-17547,39.68137622,-104.9129658,10/31/2019 20:30,20:30,12,0,0,MONACO STREET SOUTH & JEWELL STREET EAST,1,4,0,0,1,4,,0,35,0,0,0,0,0,4,2,13
,2019-17549,39.6563104,-104.9129736,3/12/2019 10:51,10:51,15,0,0,MONACO STREET 3300 BLOCK SOUTH & FLOYD AVENUE EAST,1,1,0,0,1,4,,0,35,0,0,0,0,0,4,2,1
,2019-17550,39.65265763,-104.9129588,11/16/2019 18:26,18:26,12,0,1,MONACO STREET 3500 SOUTH & HAMPDEN AVENUE EAST,1,3,0,0,1,3,,0,40,0,0,0,0,1,4,4,13
,2019-17551,39.6742949,-104.9129493,3/9/2019 8:58,8:58,12,0,0,MONACO STREET 2300 BLOCK SOUTH & ILIFF AVENUE EAST,1,1,0,0,1,2,,0,35,0,0,0,0,0,4,3,1
,2019-17552,39.67485402,-104.9129681,3/12/2019 16:25,16:25,12,0,0,MONACO STREET 2300 BLOCK SOUTH & ILIFF AVENUE EAST,1,1,0,0,1,4,,0,35,0,0,0,0,0,4,3,13
,2019-17553,39.69580041,-104.9128904,10/16/2019 17:32,17:32,6,0,2,MONACO PARKWAY SOUTH & MISSISSIPPI AVENUE EAST,1,1,0,0,1,4,,0,35,0,0,0,0,2,4,3,3
,2019-17554,39.76155461,-104.9124068,4/30/2019 19:05,19:05,12,0,0,MONACO STREET NORTH & MLK BOULEVARD EAST,2,2,0,1,1,3,,0,30,0,0,0,0,0,4,2,3
,2019-17555,39.7280718,-104.9128111,2/8/2019 17:51,17:51,12,0,0,MONACO STREET NORTH & SEVERN PLACE EAST,1,3,0,0,1,3,,0,30,0,0,0,0,0,4,2,1
,2019-17556,39.66736947,-104.9129576,1/17/2019 7:43,7:43,12,0,0,MONACO STREET 2700 BLOCK SOUTH & YALE AVENUE EAST,1,1,0,0,1,3,,0,35,0,0,0,0,0,4,2,13
,2019-17557,39.73676888,-104.9447652,5/17/2019 12:00,12:00,14,0,0,MONROE STREET 1300 BLOCK NORTH & 14TH AVENUE EAST,1,1,0,6,1,4,,0,25,0,0,0,0,0,4,2,13
,2019-17558,39.72884847,-104.9450926,10/25/2019 15:30,15:30,6,0,0,MONROE STREET NORTH & EIGHTH AVENUE EAST,1,1,0,0,1,4,,0,25,0,0,0,0,0,4,2,13
,2019-17559,39.69996972,-105.0485611,3/1/2019 15:18,15:18,15,0,0,MORRISON ROAD & WOLFF STREET SOUTH,1,1,0,0,1,4,,0,30,0,0,0,0,0,4,2,1
,2019-17560,39.62803732,-104.9069018,11/19/2019 16:45,16:45,12,0,0,NEWPORT STREET SOUTH & UNION AVENUE EAST,1,1,0,0,1,1,,0,35,0,0,0,0,0,4,2,14
,2019-17561,39.6745402,-105.036789,4/12/2019 2:48,2:48,6,0,0,NEWTON STREET SOUTH & ILIFF AVENUE WEST,1,4,0,0,1,4,,0,25,0,0,0,0,0,4,2,13
,2019-17562,39.78448859,-104.8506925,4/8/2019 8:30,8:30,6,0,0,OAKLAND STREET 4900 BLOCK NORTH & 51ST AVENUE EAST,1,1,0,0,1,2,,0,30,0,0,0,0,0,4,2,13
,2019-17563,39.73604841,-104.9752876,6/8/2019 16:20,16:20,6,0,0,OGDEN STREET NORTH & 13TH AVENUE EAST,1,1,0,0,1,4,,0,25,0,0,0,0,0,4,2,13
,2019-17564,39.73652333,-104.9752897,10/2/2019 11:00,11:00,12,0,0,OGDEN STREET NORTH & 13TH AVENUE EAST,1,1,1,0,1,2,,0,25,0,0,0,0,0,4,2,13
,2019-17565,39.73664801,-104.9752903,7/9/2019 6:50,6:50,12,0,0,OGDEN STREET NORTH 1300 BLOCK & 14TH AVENUE EAST,1,1,0,0,1,4,,0,25,0,0,0,0,0,4,2,7
,2019-17566,39.73670291,-104.9752905,8/27/2019 11:55,11:55,14,0,0,OGDEN STREET 1300 BLOCK NORTH & 14TH AVENUE EAST,1,1,0,0,1,4,,0,30,0,0,0,0,0,4,2,13
,2019-17567,39.71444846,-104.9757485,10/26/2019 2:00,2:00,6,0,0,OGDEN STREET 100 BLOCK SOUTH & BAYAUD AVENUE EAST,1,4,0,0,1,2,,0,25,0,0,0,0,0,4,2,2
,2019-17568,39.75835272,-105.0381374,6/14/2019 16:17,16:17,14,0,0,OSECOLA STREET NORTH & 29TH AVENUE WEST,1,1,1,0,1,4,,0,25,0,0,0,0,0,4,2,13
,2019-17569,39.74157231,-104.9705268,9/19/2019 13:22,13:22,12,0,0,PARK AVENUE & 16TH AVENUE EAST,1,1,0,0,1,4,,0,30,0,0,0,0,0,4,2,3
,2019-1757,39.740049,-104.9835915,3/31/2019 22:35,22:35,15,0,0,COLFAX AVENUE EAST & GRANT STREET NORTH,1,3,1,0,1,1,,0,30,0,0,0,0,0,2,2,13
,2019-17570,39.75928938,-104.9936536,4/23/2019 14:06,14:06,12,0,1,PARK AVENUE WEST & DELGANY STREET,1,1,0,0,1,3,,0,35,0,0,0,0,1,4,2,13
,2019-17571,39.74580335,-104.9761423,5/7/2019 17:30,17:30,12,0,0,PARK AVENUE & EMERSON STREET NORTH,2,1,1,1,1,4,,0,30,0,0,0,0,0,4,3,13
,2019-17572,39.72385316,-104.9799339,4/25/2019 12:44,12:44,6,0,0,PEARL STREET NORTH & FIFTH AVENUE EAST,1,1,0,0,1,4,,0,25,0,0,0,0,0,4,2,1
,2019-17573,39.69062093,-104.9804402,6/27/2019 12:14,12:14,6,0,0,PEARL STREET SOUTH & ARKANSAS AVENUE EAST,1,1,0,0,1,4,,0,25,0,0,0,0,0,4,2,13
,2019-17574,39.69548524,-104.9804586,2/7/2019 8:51,8:51,12,0,0,PEARL STREET SOUTH & BUCHTEL BOULEVARD EAST,4,1,0,0,1,1,,0,30,0,0,0,0,0,4,2,13
,2019-17575,39.68882985,-104.9804276,11/18/2019 12:36,12:36,6,0,0,PEARL STREET 1500 BLOCK SOUTH & FLORIDA AVENUE EAST,1,1,0,0,1,2,,0,25,0,0,0,0,0,4,2,13
,2019-17576,39.76564448,-105.0064701,7/24/2019 18:04,18:04,6,0,0,PECOS STREET NORTH & 35TH AVENUE WEST,1,1,0,0,1,4,,0,30,0,0,0,0,0,4,2,2
,2019-17578,39.76922607,-105.0064577,6/6/2019 18:45,18:45,12,0,0,PECOS STREET NORTH & 38TH AVENUE WEST,1,1,0,0,1,1,,0,25,0,0,0,0,0,4,2,13
,2019-17579,39.72839805,-104.9016255,4/6/2019 17:19,17:19,6,0,0,QUINCE STREET NORTH & SEVERN PLACE EAST,1,1,0,0,1,4,,0,25,0,0,0,0,0,4,2,13
,2019-17580,39.77552505,-105.0063014,12/15/2019 21:07,21:07,6,0,1,PECOS STREET 4300 BLOCK NORTH & 44TH AVENUE WEST,1,3,1,0,1,4,,0,35,0,0,0,0,1,4,4,5
,2019-17581,39.71076523,-105.0062687,3/20/2019 8:18,8:18,6,0,0,PECOS STREET 300 BLOCK SOUTH & ALAMEDA AVENUE WEST,1,1,0,0,1,4,,0,25,0,0,0,0,0,4,3,13
,2019-17582,39.70757132,-105.0062308,7/28/2019 23:15,23:15,6,0,0,PECOS STREET SOUTH & VIRGINIA AVENUE WEST,1,3,1,0,1,4,,0,25,0,0,0,0,0,4,4,13
,2019-17583,39.78363864,-104.7907,11/10/2019 7:08,7:08,8,0,2,PENA BOULEVARD 4400 BLOCK & 40TH AVENUE EAST,14,5,0,7,1,4,,0,55,0,0,0,0,2,4,2,2
,2019-17584,39.79839307,-104.7873099,12/16/2019 13:18,13:18,12,0,0,PENA BOULEVARD 5500 BLOCK & 56TH AVENUE EAST,1,1,0,0,1,3,,0,45,0,0,0,0,0,4,2,1
,2019-17585,39.7830577,-104.9634789,10/2/2019 11:12,11:12,6,0,0,RACE STREET NORTH & 48TH STREET EAST,1,1,0,0,1,4,,0,25,0,0,0,0,0,4,2,14
,2019-17586,39.78364129,-104.7913911,1/7/2019 14:02,14:02,12,0,0,PENA BOULEVARD 4700 BLOCK & GREEN VALLEY RANCH BOULEVARD NORTH,1,1,0,0,1,3,,0,35,0,0,0,0,0,4,2,1
,2019-17587,39.7836413,-104.7913913,3/6/2019 14:47,14:47,12,0,0,PENA BOULEVARD 4700 BLOCK & GREEN VALLEY RANCH BOULEVARD NORTH,1,1,0,0,1,3,,0,45,0,0,0,0,0,4,2,1
,2019-17588,39.7836413,-104.7913913,1/5/2019 17:35,17:35,12,0,1,PENA BOULEVARD INBOUND & GREEN VALLEY RANCH BOULEVARD EAST,1,2,0,0,1,3,,0,45,0,0,0,0,1,4,2,13
,2019-17589,39.78364129,-104.7913912,3/25/2019 15:20,15:20,12,0,0,PENA BOULEVARD INBOUND & GREEN VALLEY RANCH BOULEVARD EAST,1,1,0,0,1,3,,0,40,0,0,0,0,0,4,2,13
,2019-17590,39.78364129,-104.7913911,5/26/2019 20:47,20:47,12,0,0,PENA BOULEVARD INBOUND & GREEN VALLEY RANCH BOULEVARD EAST,1,4,1,0,1,3,,0,35,0,0,0,0,0,4,2,13
,2019-17591,39.82927077,-104.7718663,1/24/2019 10:30,10:30,5,0,1,PENA BOULEVARD INBOUND 7000 BLOCK & TOWER ROAD,4,1,0,2,3,4,,0,,0,0,0,0,2,4,1,8
,2019-17592,39.73362167,-104.9810434,9/15/2019 13:10,13:10,6,0,0,PENNSYLVANIA STREET NORTH & 11TH AVENUE NORTH,1,1,0,0,1,4,,0,25,0,0,0,0,0,4,2,3
,2019-17593,39.74603601,-104.9810804,9/17/2019 18:27,18:27,3,0,0,PENNSYLVANIA STREET NORTH & 19TH AVENUE EAST,1,1,0,0,1,2,,0,25,0,0,0,0,0,4,2,8
,2019-17594,39.73948177,-104.9810948,3/26/2019 14:00,14:00,6,0,0,PENNSYLVANIA STREET 1400 BLOCK NORTH & COLFAX AVENUE EAST,1,1,0,0,1,4,,0,30,0,0,0,0,0,4,2,13
,2019-17595,39.77803222,-104.8471189,2/21/2019 11:22,11:22,15,0,1,PEORIA STREET NORTH & 45TH AVENUE EAST,1,1,0,0,1,3,,0,40,0,0,0,0,1,4,3,3
,2019-17596,39.77636698,-104.8470258,5/10/2019 12:20,12:20,1,0,0,PEORIA STREET 4400 BLOCK NORTH & 45TH AVENUE EAST,1,1,0,0,1,2,,0,40,0,0,0,0,0,4,2,13
,2019-17597,39.7795923,-104.8464504,1/7/2019 15:49,15:49,1,0,0,PEORIA STREET 4600 BLOCK NORTH & 47TH AVENUE EAST,1,1,0,0,1,2,,0,35,0,0,0,0,0,4,2,7
,2019-17598,39.78157025,-104.8470137,6/27/2019 16:33,16:33,1,0,0,PEORIA STREET NORTH & 47TH AVENUE EAST,1,1,0,0,1,2,,0,40,0,0,0,0,0,4,2,13
,2019-17599,39.78238809,-104.8470104,7/20/2019 10:40,10:40,15,0,0,PEORIA STREET NORTH & 47TH AVENUE EAST,1,1,0,0,1,3,,0,40,0,0,0,0,0,4,2,13
,2019-17600,39.78845627,-104.8470765,11/11/2019 5:40,5:40,15,0,0,PEORIA STREET NORTH & 51ST AVENUE EAST,5,4,0,2,1,4,,0,35,0,0,0,1,0,4,3,7
,2019-17601,39.78593034,-104.8470442,1/20/2019 18:58,18:58,15,0,0,PEORIA STREET 4900 BLOCK NORTH & ANDREWS DRIVE EAST,1,3,1,0,1,4,,0,40,0,0,0,0,0,4,2,13
,2019-17602,39.78623408,-104.8470471,8/13/2019 21:06,21:06,15,0,0,PEORIA STREET NORTH & ANDREWS DRIVE EAST,1,3,1,0,1,3,,0,45,0,0,0,0,0,4,2,12
,2019-17603,39.773939,-104.8470334,3/16/2019 19:53,19:53,12,0,2,PEORIA STREET NORTH & I70 EASTBOUND OFF RAMP,1,3,0,0,1,4,,0,35,0,0,0,0,1,4,2,13
,2019-17604,39.773939,-104.8470334,9/30/2019 8:20,8:20,12,0,0,PEORIA STREET NORTH & I70 EASTBOUND OFF RAMP SLIP,1,1,0,0,1,4,,0,35,0,0,0,0,0,4,2,13
,2019-17605,39.66171165,-105.0416622,10/30/2019 9:51,9:51,12,0,0,PERRY WAY SOUTH & BATES AVENUE WEST,4,1,1,0,1,2,,0,25,0,0,0,0,0,4,2,13