id,drcog_id,latitude,longitude,crashtime,time,crashtype,numbkilled,numbinjurd,drcoglocat,rdconditin,lightngcon,roadcntgrd,weatherco,location,roaddescrp,schoolzone,constrzone,splimit,bikeinv,sctrinv,pedinv,motoinv,svrty,rdsystem,ttlvehcls,hcf
,2019-17606,39.67429498,-104.9982016,9/16/2019 7:50,7:50,10,0,0,PLATTE RIVER DRIVE SOUTH  & ILIFF AVENUE WEST,1,1,0,0,1,2,,0,40,0,0,0,0,0,4,2,13
,2019-17607,39.65667083,-104.9045103,2/25/2019 8:00,8:00,12,0,0,PONTIAC STREET SOUTH & EASTMAN AVENUE EAST,1,1,0,0,1,2,,0,25,0,0,0,0,0,4,2,13
,2019-17608,39.73281162,-104.9034591,7/6/2019 17:01,17:01,12,0,1,QUEBEC STREET NORTH 10000 BLOCK & 11TH AVENUE EAST,1,1,0,0,1,4,,0,30,0,0,0,0,1,4,2,1
,2019-17609,39.73727001,-104.9034599,10/10/2019 18:22,18:22,12,0,0,QUEBEC STREET NORTH & 13TH AVENUE EAST,2,3,0,0,1,3,,0,30,0,0,0,0,0,4,2,12
,2019-17610,39.74147961,-104.9034551,6/14/2019 14:09,14:09,12,0,0,QUEBEC STREET NORTH & 16TH AVENUE EAST,1,1,0,0,1,3,,0,30,0,0,0,0,0,4,2,3
,2019-17611,39.74309765,-104.9034572,8/5/2019 13:40,13:40,12,0,0,QUEBEC STREET NORTH & 17TH AVENUE EAST,1,1,0,0,1,4,,0,35,0,0,0,0,0,4,4,5
,2019-17612,39.76443831,-105.0109965,3/17/2019 17:26,17:26,6,0,0,TEJON STREET NORTH 3400 BLOCK & 35TH AVENUE WEST,1,1,0,0,1,4,,0,30,0,0,0,0,0,4,4,14
,2019-17613,39.75284695,-104.9034241,10/18/2019 17:06,17:06,15,0,0,QUEBEC STREET NORTH & 25TH AVENUE EAST,1,1,0,0,1,4,,0,35,0,0,0,0,0,4,2,13
,2019-17614,39.76737974,-104.9025323,11/22/2019 14:10,14:10,12,0,0,QUEBEC STREET NORTH & 36TH AVENUE EAST,2,1,0,0,1,4,,0,45,0,0,0,0,0,4,2,3
,2019-17615,39.79496275,-104.9033923,6/20/2019 16:08,16:08,12,0,0,QUEBEC STREET NORTH & 54TH PLACE EAST,1,1,0,0,1,4,,0,45,0,0,0,0,0,4,2,1
,2019-17616,39.79201608,-104.9033245,3/1/2019 16:30,16:30,12,0,1,QUEBEC STREET 5400 BLOCK NORTH & 56TH AVENUE EAST,1,1,0,0,1,4,,0,40,0,0,0,0,1,4,2,3
,2019-17618,39.79567544,-104.9033868,3/19/2019 20:10,20:10,12,0,0,QUEBEC STREET 5500 BLOCK NORTH & 56TH AVENUE EAST,1,3,0,0,1,3,,0,45,0,0,0,0,0,4,2,13
,2019-17619,39.7943474,-104.9034093,3/21/2019 0:55,0:55,15,0,1,QUEBEC STREET 5500 BLOCK NORTH & 56TH AVENUE EAST,1,3,0,0,1,4,,0,45,0,0,0,0,1,4,2,5
,2019-17620,39.72466349,-104.903521,5/28/2019 8:45,8:45,15,0,0,QUEBEC STREET NORTH & SIXTH AVENUE EAST,1,1,0,0,1,3,,0,35,0,0,0,0,0,4,2,13
,2019-17621,39.7291572,-104.903467,2/12/2019 17:00,17:00,15,0,0,QUEBEC STREET NORTH & EIGHTH AVENUE EAST,1,3,1,0,1,4,,0,30,0,0,0,0,0,4,2,1
,2019-17622,39.71081027,-104.9035111,3/20/2019 11:12,11:12,15,0,0,QUEBEC STREET SOUTH 400 BLOCK & ALAMEDA AVENUE EAST,1,1,0,0,1,4,,0,,0,0,0,0,0,4,2,13
,2019-17623,39.71107349,-104.9035112,6/1/2019 14:30,14:30,12,0,0,QUEBEC STREET 300 BLOCK SOUTH & ALAMEDA AVENUE EAST,1,1,0,0,1,3,,0,35,0,0,0,0,0,4,2,1
,2019-17624,39.71093623,-104.9035115,8/7/2019 10:00,10:00,12,0,0,QUEBEC STREET 300 BLOCK SOUTH & ALAMEDA AVENUE EAST,1,1,0,0,1,4,,0,35,0,0,0,0,0,4,2,1
,2019-17625,39.68461095,-104.8922768,1/31/2019 14:35,14:35,12,0,0,QUEBEC SOUTH 1800 BLOCK SOUTH & COLORADO AVENUE EAST,1,1,0,0,1,4,,0,5,0,0,0,0,0,4,3,12
,2019-17626,39.68372429,-104.9034283,11/25/2019 16:12,16:12,12,0,0,QUEBEC STREET 1800 BLOCK SOUTH & COLORADO AVENUE EAST,2,1,1,2,1,3,,0,35,0,0,0,0,0,4,2,13
,2019-17627,39.77555401,-104.9034088,9/26/2019 13:00,13:00,12,0,0,QUEBEC STREET NORTH  & I70,1,1,0,0,1,4,,0,45,0,0,0,0,0,4,2,14
,2019-17628,39.69757171,-104.9035795,4/19/2019 21:06,21:06,1,0,1,QUEBEC STREET SOUTH & LEETSDALE DRIVE,1,4,0,0,1,3,,0,40,0,0,0,0,1,4,2,7
,2019-17629,39.71705946,-104.9037056,6/24/2019 11:06,11:06,12,0,1,QUEBEC STREET NORTH 40 BLOCK & LOWRY BOULEVARD EAST,1,1,0,0,1,4,,0,30,0,0,0,0,1,4,2,13
,2019-17630,39.71652481,-104.9036991,7/3/2019 7:50,7:50,12,0,1,QUEBEC STREET NORTH & LOWRY BOULEVARD EAST,1,1,0,0,1,3,,0,35,0,0,0,0,1,4,3,5
,2019-17631,39.69566186,-104.9035902,5/1/2019 12:00,12:00,12,0,0,QUEBEC STREET SOUTH & MISSISSIPPI AVENUE EAST,1,1,0,0,1,3,,0,35,0,0,0,0,0,4,2,13
,2019-17632,39.76179063,-104.9027461,1/19/2019 10:15,10:15,12,0,0,QUEBEC STREET NORTH & MLK BOULEVARD EAST,2,1,0,0,1,4,,0,45,0,0,0,0,0,4,2,13
,2019-17633,39.71950606,-104.9035457,1/3/2019 17:18,17:18,12,0,2,QUEBEC STREET NORTH & POPLAR STREET NORTH,1,2,0,0,1,4,,0,35,0,0,0,0,1,4,2,1
,2019-17634,39.72781346,-104.9034616,3/21/2019 17:20,17:20,15,0,0,QUEBEC STREET NORTH & SEVERN PLACE EAST,1,1,1,0,1,4,,0,30,0,0,0,0,0,4,2,7
,2019-17635,39.69632441,-105.0066463,11/14/2019 8:33,8:33,15,0,0,QUIVAS STREET SOUTH & MISSISSIPPI AVENUE WEST,1,1,0,0,1,4,,0,25,0,0,0,0,0,4,2,13
,2019-17636,39.69564077,-105.0087185,1/1/2019 20:10,20:10,6,0,0,RARITAN STREET SOUTH & MOISER PLACE WEST,5,3,2,0,1,4,,0,20,0,0,0,0,0,4,2,13
,2019-17637,39.66565995,-105.0735542,5/23/2019 16:49,16:49,6,0,0,REED STREET SOUTH & LINVALE PLACE WEST,2,1,0,1,1,4,,0,25,0,0,0,0,0,4,2,3
,2019-17638,39.73325633,-104.9986545,4/25/2019 16:20,16:20,6,0,0,SANTA FE DRIVE NORTH & 11TH AVENUE WEST,1,1,0,0,1,4,,0,35,0,0,0,0,0,4,2,8
,2019-17639,39.73320762,-104.9986542,5/23/2019 7:10,7:10,6,0,0,SANTA FE DRIVE 1100 BLOCK NORTH & 12TH AVENUE WEST,1,1,0,0,1,4,,0,35,0,0,0,0,0,4,2,14
,2019-17640,39.7183931,-104.9986498,4/12/2019 16:51,16:51,15,0,0,SANTA FE DRIVE NORTH & FIRST AVENUE WEST,1,1,0,0,1,3,,0,30,0,0,0,0,0,4,2,12
,2019-17641,39.7254559,-104.9985733,9/5/2019 8:10,8:10,3,0,0,SANTA FE DRIVE NORTH  & SIXTH AVENUE WEST,1,1,0,0,1,2,,0,30,0,0,0,0,0,4,2,13
,2019-17642,39.7632239,-105.0100267,11/15/2019 12:30,12:30,6,0,0,33RD AVENUE WEST & SHOSHONE STREET NORTH,1,2,0,0,1,3,,0,25,0,0,0,0,0,4,2,13
,2019-17643,39.72731646,-104.9986075,5/30/2019 14:08,14:08,15,0,0,SANTA FE DRIVE NORTH 600 BLOCK & SEVENTH AVENUE WEST,1,1,0,0,1,4,,0,25,0,0,0,0,0,4,2,13
,2019-17644,39.71114603,-104.997118,1/12/2019 15:50,15:50,12,0,0,SANTA FE DRIVE SOUTH & ALAMEDA AVENUE WEST,1,1,1,0,1,4,,0,35,0,0,0,0,0,4,2,3
,2019-17645,39.71102743,-104.9970618,3/14/2019 21:05,21:05,15,0,0,SANTA FE DRIVE SOUTH & ALAMEDA AVENUE WEST,1,3,0,0,1,4,,0,10,0,0,0,0,0,4,2,14
,2019-17646,39.71009075,-104.9971865,8/7/2019 12:11,12:11,15,0,0,SANTA FE DRIVE SOUTH  & ALAMEDA AVENUE WEST,1,1,0,0,1,4,,0,35,0,0,0,0,0,4,2,3
,2019-17647,39.71103953,-104.9970675,9/10/2019 13:08,13:08,15,0,0,SANTA FE DRIVE SOUTH  & ALAMEDA AVENUE WEST,1,1,0,0,1,4,,0,35,0,0,0,0,0,4,2,8
,2019-17648,39.71209075,-104.9982566,7/23/2019 14:18,14:18,12,0,0,SANTA FE DRIVE SOUTH  & CEDAR AVENUE WEST,1,1,0,0,1,4,,0,35,0,0,0,0,0,4,2,13
,2019-17649,39.64684265,-105.0532411,10/11/2019 21:20,21:20,12,0,0,SHERIDAN BOULEVARD SOUTH  & LEHIGH AVENUE WEST,1,3,0,0,1,4,,0,40,0,0,0,0,0,4,2,12
,2019-1765,39.80567781,-104.8662723,10/23/2019 5:00,5:00,6,0,0,HAVANA STREET NORTH & HANOVER STREET,1,1,0,0,1,4,,0,30,0,0,0,0,0,2,2,14
,2019-17650,39.73825004,-104.9848636,6/20/2019 9:35,9:35,12,0,0,SHERMAN STREET NORTH & 14TH AVENUE EAST,1,1,0,0,1,4,,0,30,0,0,0,0,0,4,2,13
,2019-17651,39.7384393,-104.9848644,10/10/2019 17:15,17:15,12,0,0,SHERMAN STREET NORTH & 14TH AVENUE EAST,2,1,0,2,1,2,,0,35,0,0,0,0,0,4,2,14
,2019-17652,39.71060101,-104.9851977,10/21/2019 8:30,8:30,6,0,0,SHERMAN STREET SOUTH & ALAMEDA AVENUE EAST,1,1,0,0,1,4,,0,25,0,0,0,0,0,4,2,14
,2019-17653,39.76204738,-105.0095148,1/15/2019 8:22,8:22,6,0,0,SHOSHONE STREET 3200 BLOCK NORTH & 33RD AVENUE,1,1,0,0,1,4,,0,25,0,0,0,0,0,4,2,13
,2019-17654,39.76316086,-105.0096062,8/23/2019 13:40,13:40,6,0,0,SHOSHONE STREET NORTH & 33RD AVENUE WEST,1,1,0,0,1,3,,0,25,0,0,0,0,0,4,2,8
,2019-17655,39.73634355,-104.9960909,7/12/2019 15:27,15:27,15,0,0,SPEER BOULEVARD NORTH 1300 BLOCK & 14TH AVENUE WEST,1,1,0,0,1,4,,0,30,0,0,0,0,0,4,2,13
,2019-17656,39.76391812,-105.0456424,5/11/2019 17:30,17:30,6,0,0,33RD AVENUE 4500 BLOCK WEST & UTICA STREET NORTH,1,1,0,0,1,2,,0,25,0,0,0,0,0,4,2,13
,2019-17657,39.74375496,-105.0005727,4/22/2019 18:50,18:50,12,0,0,SPEER BOULEVARD 1100 BLOCK NORTH & ARAPAHOE STREET,1,2,0,0,1,4,,0,35,0,0,0,0,0,4,2,1
,2019-17658,39.74370464,-105.0005651,11/17/2019 12:50,12:50,12,0,0,SPEER BOULEVARD 1000 BLOCK NORTH & ARAPAHOE STREET,1,1,0,0,1,3,,0,30,0,0,0,0,0,4,2,13
,2019-17659,39.73159567,-104.9918672,5/4/2019 11:56,11:56,15,0,0,SPEER BOULEVARD NORTH & CHEROKEE STREET NORTH / 900 BLOCK NORTH,1,1,0,0,1,4,,0,35,0,0,0,0,0,4,2,14
,2019-1766,39.711006,-104.8659885,4/12/2019 16:32,16:32,15,0,0,HAVANA STREET 300 BLOCK SOUTH & ALAMEDA AVENUE EAST,1,1,0,0,1,4,,0,40,0,0,0,0,0,2,2,1
,2019-17660,39.7400357,-104.9989663,2/20/2019 7:53,7:53,15,0,0,SPEER BOULEVARD NORTH & COLFAX AVENUE WEST,1,1,0,0,1,4,,0,35,0,0,0,0,0,4,2,14
,2019-17661,39.7400357,-104.9989663,3/22/2019 15:15,15:15,15,0,0,SPEER BOULEVARD NORTH & COLFAX AVENUE WEST,1,1,0,0,1,4,,0,35,0,0,0,0,0,4,2,13
,2019-17662,39.75421657,-105.0129609,10/10/2019 14:15,14:15,15,0,0,SPEER BOULEVARD NORTH & I25 NORTHBOUND ON RAMP,6,1,0,0,1,4,,0,35,0,0,0,0,0,4,3,13
,2019-17663,39.74379428,-104.8975605,7/29/2019 21:58,21:58,6,0,0,SPRUCE STREET NORTH & 17TH AVENUE EAST,1,3,0,0,1,3,,0,25,0,0,0,0,0,4,2,5
,2019-17664,39.69073126,-104.9512205,4/23/2019 11:40,11:40,6,0,0,STREET PAUL STREET 1400 BLOCK SOUTH & ARKANSAS AVENUE EAST,1,1,0,0,1,4,,0,25,0,0,0,0,0,4,2,14
,2019-17665,39.71777255,-104.9507638,4/4/2019 16:56,16:56,15,0,1,STEELE STREET NORTH & FIRST AVENUE EAST,1,1,0,0,1,4,,0,30,0,0,0,0,1,4,2,14
,2019-17666,39.76541546,-104.9499109,11/21/2019 16:45,16:45,6,0,1,STEELE STREET NORTH & 35TH AVENUE EAST,2,3,0,2,1,4,,0,30,0,0,0,0,1,4,3,5
,2019-17668,39.71443995,-104.9499543,9/24/2019 3:26,3:26,15,0,2,STEELE STREET SOUTH & CHERRY CREEK NORTH DRIVE EAST,1,3,0,0,1,4,,0,30,0,0,0,0,2,4,2,13
,2019-17669,39.73974504,-104.9494893,9/14/2019 18:00,18:00,6,0,0,STEELE STREET NORTH & COLFAX AVENUE EAST,1,1,1,0,1,4,,0,25,0,0,0,0,0,4,2,13
,2019-1767,39.740211,-104.88465,6/24/2019 12:00,12:00,12,0,0,YOSEMITE STREET NORTH & COLFAX AVENUE EAST,1,1,0,0,1,1,,0,25,0,0,0,0,0,2,2,14
,2019-17670,39.73280258,-104.898746,10/5/2019 17:30,17:30,6,0,0,SYRACUSE STREET NORTH & 11TH AVENUE EAST,1,1,0,0,1,4,,0,25,0,0,0,0,0,4,3,14
,2019-17671,39.73424839,-104.8987473,3/23/2019 15:52,15:52,3,0,0,SYRACUSE STREET NORTH & 12TH AVENUE EAST,1,1,0,0,1,2,,0,30,0,0,0,0,0,4,2,14
,2019-17672,39.77100583,-104.8996443,7/17/2019 14:05,14:05,12,0,0,SYRACUSE STREET NORTH & SMITH ROAD EAST,1,1,0,0,1,3,,0,25,0,0,0,0,0,4,2,14
,2019-17673,39.6601589,-104.9023209,2/12/2019 5:00,5:00,5,0,0,TAMARAC DRIVE 3100 BLOCK SOUTH & DARTMOUTH AVENUE EAST,1,3,0,0,3,4,,0,35,0,0,0,0,0,4,1,13
,2019-17674,39.76200847,-105.0111828,12/8/2019 21:43,21:43,15,0,0,TEJON STREET NORTH & 32ND AVENUE WEST,1,3,0,0,1,4,,0,30,0,0,0,0,0,4,2,3
,2019-17675,39.71288428,-105.0110178,2/13/2019 10:32,10:32,5,0,0,TEJON STREET SOUTH 200 BLOCK & CEDAR AVENUE WEST,1,1,0,0,3,4,,0,25,0,0,0,0,0,4,1,13
,2019-17676,39.70395423,-105.0109837,1/10/2019 17:03,17:03,14,0,0,TEJON STREET SOUTH & EXPOSITION AVENUE WEST,1,2,1,0,1,3,,0,25,0,0,0,1,0,4,2,3
,2019-17677,39.70118692,-105.0110804,9/28/2019 22:14,22:14,12,0,0,TEJON STREET 800 BLOCK SOUTH & OHIO AVENUE WEST,1,3,0,0,1,4,,0,30,0,0,0,0,0,4,3,7
,2019-17678,39.77094837,-105.0436986,1/14/2019 12:02,12:02,15,0,0,TENNYSON STREET 3900 BLOCK NORTH & 41ST AVENUE WEST,1,1,0,0,1,4,,0,35,0,0,0,0,0,4,2,1
,2019-17679,39.77206422,-105.0440134,6/24/2019 16:56,16:56,6,0,0,TENNYSON STREET NORTH & 41ST AVENUE WEST,1,1,1,0,1,4,,0,25,0,0,0,0,0,4,2,13
,2019-17680,39.77178969,-105.0440131,8/29/2019 12:30,12:30,6,0,0,TENNYSON STREET NORTH & 41ST AVENUE WEST,1,1,0,0,1,4,,0,25,0,0,0,0,0,4,2,13
,2019-17681,39.7944423,-104.7721486,10/10/2019 9:05,9:05,5,0,0,TOWER ROAD NORTH & 54TH AVENUE EAST,4,1,0,2,2,4,,0,45,0,0,0,0,0,4,1,1
,2019-17682,39.81797446,-104.7720253,8/18/2019 10:50,10:50,3,0,0,TOWER ROAD NORTH & 67TH AVENUE EAST,1,1,0,0,1,2,,0,45,0,0,0,0,0,4,2,3
,2019-17683,39.82290605,-104.7719286,5/30/2019 8:15,8:15,12,0,0,TOWER ROAD 7000 BLOCK NORTH & 71ST AVENUE EAST,1,1,0,0,1,2,,0,35,0,0,0,0,0,4,2,13
,2019-17684,39.8320153,-104.7718808,2/21/2019 3:13,3:13,8,0,1,TOWER ROAD 7200 BLOCK NORTH & PENA BOULEVARD,1,3,0,0,1,4,,0,40,0,0,0,0,2,4,2,3
,2019-17685,39.83283886,-104.7718795,5/28/2019 11:45,11:45,12,0,0,TOWER ROAD NORTH & PENA BOULEVARD / 7300 BLOCK NORTH,1,1,0,0,1,4,,0,,0,0,0,0,0,4,2,7
,2019-17686,39.74008368,-104.892822,5/4/2019 15:44,15:44,3,0,0,UINTA STREET 1400 BLOCK NORTH ALLEY & COLFAX AVENUE EAST,1,1,0,0,1,5,,0,,0,0,0,0,0,4,2,13
,2019-17687,39.77030634,-105.012375,10/20/2019 14:30,14:30,6,0,0,UMATILLA STREET 3900 BLOCK NORTH & 40TH AVENUE WEST,1,1,1,0,1,4,,0,,0,0,0,0,0,4,2,13
,2019-17689,39.6738647,-104.9593834,2/8/2019 7:17,7:17,12,0,0,UNIVERSITY SOUTH & 1800 BLOCK SOUTH,1,1,0,0,1,4,,0,30,0,0,0,0,0,4,2,13
,2019-17690,39.71818643,-104.9593039,6/5/2019 11:33,11:33,15,0,0,UNIVERSITY BOULEVARD NORTH & FIRST AVENUE EAST,1,1,0,0,1,3,,0,30,0,0,0,0,0,4,2,13
,2019-17691,39.71111793,-104.959261,1/18/2019 11:44,11:44,15,0,0,UNIVERSITY BOULEVARD SOUTH & ALAMEDA AVENUE EAST,4,1,1,2,1,3,,0,30,0,0,0,0,0,4,3,7
,2019-17692,39.68232423,-104.9593833,6/7/2019 15:25,15:25,12,0,0,UNIVERSITY BOULEVARD SOUTH & BUCHTEL BOULEVARD EAST,1,1,0,0,1,4,,0,30,0,0,0,0,0,4,2,13
,2019-17693,39.70930118,-104.9593275,12/17/2019 11:22,11:22,15,0,0,UNIVERSITY BOULEVARD SOUTH & DAKOTA AVENUE EAST,1,1,0,0,1,4,,0,30,0,0,0,0,0,4,2,13
,2019-17694,39.6783171,-104.9593932,9/26/2019 15:23,15:23,15,0,0,UNIVERSITY BOULEVARD 2100 BLOCK SOUTH & EVANS AVENUE EAST,1,1,0,0,1,3,,0,35,0,0,0,0,0,4,2,3
,2019-17695,39.70344818,-104.9593537,6/7/2019 12:56,12:56,3,0,0,UNIVERSITY BOULEVARD 700 BLOCK SOUTH & EXPOSITION AVENUE EAST,1,1,0,0,1,2,,0,25,0,0,0,0,0,4,2,13
,2019-17696,39.67107074,-104.9593906,5/15/2019 8:30,8:30,12,0,0,UNIVERSITY BOULEVARD SOUTH & HARVARD AVENUE EAST,1,1,0,0,1,3,,0,30,0,0,0,0,0,4,2,13
,2019-17697,39.69430325,-104.9628948,7/1/2019 14:17,14:17,6,0,0,VINE STREET SOUTH & ARIZONA AVENUE EAST,1,1,0,0,1,4,,0,25,0,0,0,0,0,4,2,7
,2019-17698,39.67065895,-104.9593915,9/10/2019 19:43,19:43,3,0,0,UNIVERSITY BOULEVARD SOUTH & HARVARD AVENUE EAST,1,3,0,0,1,2,,0,30,0,0,0,0,0,4,2,13
,2019-17699,39.67484257,-104.9594091,5/4/2019 9:00,9:00,12,0,0,UNIVERSITY BOULEVARD 2300 BLOCK SOUTH & ILIFF AVENUE EAST,1,1,0,0,1,3,,0,30,0,0,0,0,0,4,2,1
,2019-1770,39.75626372,-105.0157786,4/19/2019 20:00,20:00,12,0,0,SPEER BOULEVARD NORTH & ZUNI STREET NORTH,1,2,1,0,1,4,,0,35,0,0,0,0,0,4,2,13
,2019-17700,39.70179539,-104.959333,9/20/2019 13:21,13:21,12,0,0,UNIVERSITY BOULEVARD 800 BLOCK SOUTH & OHIO AVENUE EAST,1,1,0,0,1,3,,0,30,0,0,0,0,0,4,2,13
,2019-17701,39.69838526,-104.9593288,1/18/2019 22:40,22:40,12,0,0,UNIVERSITY BOULEVARD SOUTH & TENNESSEE AVENUE EAST,6,3,0,0,1,4,,0,35,0,0,0,0,0,4,2,13
,2019-17702,39.69779778,-104.9593264,5/4/2019 14:15,14:15,12,0,2,UNIVERSITY BOULEVARD SOUTH & TENNESSEE AVENUE EAST,1,1,0,0,1,4,,0,35,0,0,0,0,1,4,5,3
,2019-17703,39.69824526,-104.9593282,11/11/2019 7:10,7:10,8,0,0,UNIVERSITY BOULEVARD SOUTH & TENNESSEE AVENUE EAST,6,1,0,2,1,3,,0,30,0,0,0,0,0,4,2,7
,2019-17704,39.70734964,-104.959324,10/31/2019 8:54,8:54,8,0,0,UNIVERSITY BOULEVARD SOUTH & VIRGINIA AVENUE EAST,6,1,0,0,1,3,,0,30,0,0,0,0,0,4,2,13
,2019-17705,39.67274246,-104.959386,9/24/2019 17:55,17:55,12,0,0,UNIVERSITY BOULEVARD 2400 BLOCK SOUTH & WESLEY AVENUE EAST,1,1,0,0,1,2,,0,30,0,0,0,0,0,4,2,13
,2019-17706,39.6998552,-105.0453586,6/25/2019 18:36,18:36,6,0,0,UTICA STREET SOUTH & KENTUCKY AVENUE WEST,1,1,1,0,1,4,,0,25,0,0,0,0,0,4,2,3
,2019-17707,39.72890938,-105.0131862,3/22/2019 13:33,13:33,12,0,0,VALLEJO STREET NORTH 700 BLOCK & EIGHTH AVENUE WEST,1,1,1,0,1,4,,0,25,0,0,0,0,0,4,2,13
,2019-17708,39.77837531,-104.865755,5/30/2019 16:16,16:16,12,0,0,HAVANA STREET NORTH & 45TH AVENUE EAST,1,1,0,0,1,4,,0,40,0,0,0,0,0,4,2,13
,2019-17709,39.75312937,-104.9622227,8/10/2019 9:00,9:00,6,0,0,VINE STREET NORTH & 25TH AVENUE EAST,1,1,0,0,1,4,,0,25,0,0,0,0,0,4,2,13
,2019-17710,39.76385143,-104.9802218,10/3/2019 14:47,14:47,15,0,0,WALNUT STREET & 31ST STREET,1,1,0,0,1,4,,0,30,0,0,0,0,0,4,2,8
,2019-17711,39.7335064,-104.9786867,11/10/2019 2:55,2:55,6,0,0,WASHINGTON STREET NORTH & 11TH AVENUE EAST,1,3,0,0,1,4,,0,30,0,0,0,0,0,4,4,13
,2019-17713,39.7578835,-104.9918171,6/28/2019 15:38,15:38,12,0,0,WAZEE STREET & PARK AVENUE WEST,1,1,0,0,1,3,,0,25,0,0,0,0,0,4,2,8
,2019-17714,39.75456982,-104.9781189,2/15/2019 15:20,15:20,12,0,0,WELTON STREET & 26TH AVENUE EAST,1,1,0,0,1,3,,0,30,0,0,0,0,0,4,2,8
,2019-17715,39.753728,-104.9790854,5/10/2019 23:30,23:30,12,0,0,WELTON STREET 2600 BLOCK & 27TH STREET,1,3,0,0,1,4,,0,25,0,0,0,0,0,4,2,3
,2019-17716,39.76065764,-104.9659531,12/13/2019 16:59,16:59,15,0,0,WILLIAMS STREET NORTH & 31ST AVENUE EAST,1,3,0,0,1,4,,0,30,0,0,0,0,0,4,2,1
,2019-17717,39.71098573,-104.9663271,2/18/2019 9:58,9:58,6,0,0,WILLIAMS STREET 300 BLOCK SOUTH & ALAMEDA AVENUE EAST,5,1,0,0,1,3,,0,30,0,0,0,0,0,4,2,13
,2019-17718,39.76934771,-105.0486113,1/1/2019 16:26,16:26,6,0,0,WOLFF STREET 3800 BLOCK NORTH & 38TH AVENUE WEST,4,1,1,0,1,4,,0,25,0,0,0,0,0,4,2,13
,2019-17720,39.78324871,-104.95926,11/5/2019 8:42,8:42,5,0,0,YORK STREET NORTH & 48TH STREET EAST,1,1,0,0,1,4,,0,30,0,0,0,0,0,4,1,7
,2019-17721,39.73998353,-104.9597522,6/7/2019 12:14,12:14,12,0,0,YORK STREET 1500 BLOCK NORTH & 16TH AVENUE NORTH,1,1,0,0,1,4,,0,30,0,0,0,0,0,4,3,13
,2019-17722,39.74693633,-104.959809,1/2/2019 17:15,17:15,12,0,0,YORK STREET NORTH & 20TH AVENUE EAST,1,3,0,0,1,4,,0,30,0,0,0,0,0,4,3,3
,2019-17723,39.74463296,-104.9596305,10/15/2019 7:42,7:42,12,0,3,YORK STREET 1800 BLOCK NORTH & 20TH STREET EAST,1,1,0,0,1,3,,0,30,0,0,0,0,2,4,4,5
,2019-17724,39.74945603,-104.9597611,2/6/2019 8:54,8:54,12,0,0,YORK STREET 2200 BLOCK NORTH & 23RD AVENUE EAST,4,1,0,2,1,4,,0,30,0,0,0,0,0,4,2,7
,2019-17725,39.69456521,-105.0518774,9/15/2019 2:05,2:05,6,0,0,ZENOBIA STREET SOUTH & ARIZONA AVENUE WEST,1,4,0,0,1,4,,0,25,0,0,0,0,0,4,2,14
,2019-17726,39.78432559,-104.8849689,6/12/2019 18:44,18:44,12,0,1,YOSEMITE STREET & 5000 BLOCK SOUTH,1,1,0,0,1,4,,0,35,0,0,0,0,1,4,3,3
,2019-17727,39.65281656,-104.8847891,4/2/2019 7:42,7:42,3,0,0,YOSEMITE STREET 3500 BLOCK SOUTH & HAMPDEN AVENUE EAST,1,1,0,0,1,2,,0,35,0,0,0,0,0,4,2,13
,2019-17728,39.65254208,-104.8847939,10/19/2019 18:46,18:46,15,0,0,YOSEMITE STREET SOUTH & HAMPDEN AVENUE EAST,1,3,1,0,1,3,,0,35,0,0,0,0,0,4,2,7
,2019-17729,39.64774746,-104.884911,1/24/2019 15:44,15:44,12,0,0,YOSEMITE STREET 3600 BLOCK SOUTH & KENYON AVENUE EAST,4,1,0,0,1,4,,1,30,0,0,0,0,0,4,2,13
,2019-17730,39.74704155,-104.8846621,11/8/2019 14:40,14:40,12,0,1,YOSEMITE STREET 1900 BLOCK NORTH & MONTVIEW BOULEVARD SOUTH,1,1,0,0,1,4,,0,35,0,0,0,0,1,4,3,7
,2019-17731,39.64061088,-104.8850948,11/17/2019 11:00,11:00,15,0,0,YOSEMITE STREET SOUTH & NASSAU AVENUE EAST,1,1,0,0,1,4,,0,35,0,0,0,0,0,4,2,7
,2019-17732,39.72122542,-105.0152053,5/29/2019 10:55,10:55,15,0,0,YUMA STREET NORTH & FOURTH AVENUE EAST,1,1,0,0,1,4,,0,25,0,0,0,0,0,4,2,13
,2019-17733,39.75600832,-105.0158357,8/20/2019 7:30,7:30,1,0,0,ZUNI STREET 2700 BLOCK NORTH & 29TH AVENUE WEST,1,1,1,0,1,2,,0,25,0,0,0,0,0,4,2,13
,2019-17734,39.76188074,-105.015835,6/14/2019 13:58,13:58,6,0,0,ZUNI STREET NORTH & 32ND AVENUE WEST,1,1,0,0,1,4,,0,30,0,0,0,0,0,4,2,8
,2019-17735,39.76772758,-105.0158676,8/18/2019 9:18,9:18,6,0,0,ZUNI STREET NORTH & 37TH AVENUE WEST,1,1,0,0,1,4,,0,30,0,0,0,0,0,4,4,1
,2019-17736,39.68940846,-105.015686,5/6/2019 16:55,16:55,12,0,0,ZUNI STREET SOUTH 1500 BLOCK & FLORIDA AVENUE WEST,1,1,0,0,1,4,,0,25,0,0,0,0,0,4,2,13