id,drcog_id,latitude,longitude,crashtime,time,crashtype,numbkilled,numbinjurd,drcoglocat,rdconditin,lightngcon,roadcntgrd,weatherco,location,roaddescrp,schoolzone,constrzone,splimit,bikeinv,sctrinv,pedinv,motoinv,svrty,rdsystem,ttlvehcls,hcf
,2019-17754,39.73307437,-105.0488444,9/10/2019 15:30,15:30,6,0,0,10TH AVENUE WEST & WOLFF STREET NORTH,1,1,0,0,1,4,,0,30,0,0,0,0,0,4,2,13
,2019-17758,39.77292739,-105.0101667,12/3/2019 14:36,14:36,6,0,0,41ST AVENUE 1900 BLOCK WEST & SHOSHONE STREET NORTH,5,1,0,0,1,4,,0,25,0,0,0,0,0,4,2,13
,2019-1782,39.725277,-105.016778,3/2/2019 1:42,1:42,5,0,1,SIXTH AVENUE EAST & I25,1,4,1,0,2,4,,0,45,0,0,0,0,1,2,1,5
,2019-1784,39.72301,-105.010662,8/12/2019 12:07,12:07,12,0,0,I25 NORTHBOUND EXIT GORE POINT & SIXTH AVENUE WEST,1,1,1,0,1,4,,0,55,0,0,0,0,0,1,2,1
,2019-17840,39.72410131,-104.9963778,10/16/2019 18:07,18:07,6,0,0,FIFTH AVENUE WEST & GALAPAGO STREET NORTH,1,1,0,0,3,4,,0,25,0,0,0,0,0,4,2,1
,2019-17868,39.70933386,-104.9866214,8/26/2019 14:46,14:46,6,0,0,DAKOTA AVENUE EAST & LINCOLN STREET SOUTH,1,1,0,0,1,4,,0,30,0,0,0,0,0,4,2,1
,2019-17929,39.73833844,-104.9454045,6/22/2019 10:03,10:03,15,0,0,14TH AVENUE EAST & MONROE STREET NORTH,1,1,0,0,1,4,,0,30,0,0,0,0,0,4,2,13
,2019-17932,39.79339707,-104.8117318,10/19/2019 1:20,1:20,6,0,0,55TH AVENUE EAST & GRANBY STREET NORTH,1,3,0,0,1,4,,0,15,0,0,0,0,0,4,2,1
,2019-17934,39.76212667,-105.0300325,5/6/2019 1:58,1:58,6,0,0,32ND AVENUE WEST & IRVING STREET NORTH,1,3,0,0,1,4,,0,25,0,0,0,1,0,4,2,1
,2019-17951,39.75234714,-104.9845526,6/3/2019 4:22,4:22,6,0,0,STOUT STREET & PARK AVENUE WEST,1,3,0,0,1,4,,0,,0,0,0,0,0,4,4,13
,2019-1797,39.711086,-105.023753,11/17/2019 22:56,22:56,14,0,0,ALAMEDA AVENUE WEST & ELIOT ET SOUTH,1,3,0,0,1,1,,0,,0,0,0,0,0,2,2,13
,2019-18006,39.72345296,-105.0497537,6/2/2019 0:07,0:07,6,0,0,XAVIER STREET NORTH & FIFTH AVENUE WEST,1,4,0,0,1,4,,0,25,0,0,0,0,0,4,3,5
,2019-18011,39.737269,-104.9058711,5/11/2019 18:00,18:00,5,0,0,13TH AVENUE EAST & PONTIAC STREET NORTH / 7100 BLOCK EAST,1,1,0,0,3,4,,0,,0,0,0,0,0,4,1,13
,2019-1810,39.725488,-105.025206,3/15/2019 22:53,22:53,12,0,1,FEDERAL BOULEVARD NORTH & SIXTH AVENUE WEST,1,3,2,0,1,3,,0,35,0,0,0,0,1,2,2,13
,2019-18111,39.665556,-105.081462,7/16/2019 16:19,16:19,12,0,0,WADSWORTH BOULEVARD SOUTH & AMHERST AVENUE,1,1,0,0,1,3,,0,35,0,0,0,0,0,2,2,3
,2019-1814,39.75199,-105.025139,2/10/2019 6:04,6:04,5,0,1,FEDERAL BOULEVARD & 2328 NORTH,1,3,0,0,2,4,,0,35,0,0,0,0,1,2,1,14
,2019-18166,39.77296,-104.9754,11/7/2019 17:30,17:30,11,0,0,BRIGHTON BOULEVARD NORTH & 38TH STREET,2,3,0,2,1,1,,0,,0,0,1,0,0,4,2,13
,2019-18223,39.7368213,-104.9648607,10/1/2019 15:35,15:35,6,0,0,13TH AVENUE EAST & HIGH STREET NORTH,1,1,0,0,1,4,,0,35,0,0,0,0,0,4,5,14
,2019-18228,39.67844815,-104.9409207,4/8/2019 7:43,7:43,12,0,0,EVANS AVENUE EAST & COLORADO BOULEVARD SOUTH,1,1,0,0,1,3,,0,35,0,0,0,0,0,4,2,13
,2019-18229,39.69656826,-104.9414487,6/7/2019 11:21,11:21,10,0,0,MISSISSIPPI AVENUE 3900 BLOCK EAST & COLORADO BOULEVARD SOUTH,1,1,0,0,1,5,,0,25,0,0,0,0,0,4,2,13
,2019-18230,39.73525812,-104.9929824,8/2/2019 23:10,23:10,6,0,0,12TH AVENUE 400 BLOCK WEST & DELAWARE STREET NORTH,1,3,0,0,1,4,,0,30,0,0,0,0,0,4,3,1
,2019-18231,39.70734462,-104.9410356,1/17/2019 12:51,12:51,12,0,0,CHERRY CREEK NORTH DRIVE EAST & COLORADO BOULEVARD SOUTH,1,1,0,0,1,4,,0,30,0,0,0,1,0,4,2,13
,2019-18232,39.77385019,-104.9408057,7/19/2019 15:49,15:49,12,0,0,41ST AVENUE EAST & COLORADO BOULEVARD NORTH,1,1,0,0,1,4,,0,25,0,0,0,0,0,4,2,3
,2019-18233,39.73306801,-105.0200427,3/6/2019 11:53,11:53,8,0,0,10TH AVENUE 2600 BLOCK WEST & BRYANT STREET NORTH,1,1,0,0,1,4,,0,25,0,0,0,0,0,4,2,7
,2019-18234,39.73385431,-104.9890632,6/30/2019 12:04,12:04,12,0,0,11TH AVENUE WEST 100 BLOCK & ACOMA STREET NORTH,1,1,0,0,1,3,,0,25,0,0,0,0,0,4,3,13
,2019-18235,39.73386222,-104.9905182,4/20/2019 14:00,14:00,6,0,0,11TH AVENUE 200 BLOCK EAST & BANNOCK STREET,1,1,0,0,1,4,,0,25,0,0,0,0,0,4,2,13
,2019-18236,39.73345207,-104.9590584,6/3/2019 14:45,14:45,6,0,0,11TH AVENUE EAST & JOSEPHINE STREET NORTH,1,1,0,0,1,4,,0,25,0,0,0,0,0,4,2,7
,2019-18237,39.74228,-104.9907,12/20/2019 9:25,9:25,6,0,0,15TH STREET & TREMONT PLACE,1,1,0,0,1,1,,0,25,0,0,0,0,0,4,2,3
,2019-18238,39.73369848,-104.9814047,10/15/2019 11:15,11:15,15,0,0,11TH AVENUE EAST & PENNSYLVANIA STREET NORTH,1,1,0,0,1,4,,0,30,0,0,0,0,0,4,2,13
,2019-18239,39.73385014,-104.9851363,3/30/2019 22:20,22:20,12,0,0,11TH AVENUE 100 BLOCK EAST & SHERMAN STREET NORTH,1,3,0,0,1,4,,0,25,0,0,0,0,0,4,2,5
,2019-18240,39.73287609,-104.8987457,1/18/2019 11:44,11:44,12,0,0,11TH AVENUE 7600 EAST & SYRACUSE STREET NORTH,4,1,0,2,1,3,,0,,0,0,0,0,0,4,2,13
,2019-18241,39.73525676,-104.9905092,1/14/2019 10:35,10:35,15,0,0,12TH AVENUE 200 BLOCK WEST & BANNOCK STREET NORTH,1,1,0,0,1,4,,0,30,0,0,0,0,0,4,2,13
,2019-18242,39.73514555,-104.955355,6/26/2019 16:44,16:44,6,0,0,12TH AVENUE EAST & CLAYTON STREET NORTH,1,1,0,0,1,4,,0,25,0,0,0,0,0,4,2,3
,2019-18243,39.73518146,-104.9827435,12/30/2019 8:25,8:25,15,0,0,12TH AVENUE 300 BLOCK EAST & LOGAN STREET NORTH,5,1,0,0,1,4,,0,25,0,0,0,0,0,4,2,7
,2019-18244,39.73478137,-105.0348675,5/15/2019 7:40,7:40,9,0,1,12TH AVENUE WEST & LOWELL BOULEVARD NORTH,1,1,1,0,1,4,,0,25,0,0,0,0,2,4,1,1
,2019-18245,39.73514901,-104.9753705,5/9/2019 11:10,11:10,6,0,0,12TH AVENUE EAST & OGDEN STREET NORTH,2,1,0,0,1,3,,0,30,0,0,0,0,0,4,2,13
,2019-18246,39.73526969,-104.9990536,12/6/2019 17:37,17:37,3,0,0,12TH AVENUE 1000 BLOCK WEST & SANTA FE DRIVE,2,3,0,0,1,5,,0,35,0,0,0,0,0,4,2,13
,2019-18247,39.73683578,-104.9902435,2/4/2019 1:00,1:00,12,0,0,13TH AVENUE 200 BLOCK WEST & BANNOCK STREET,1,3,0,7,1,4,,0,35,0,0,0,0,0,4,2,5
,2019-18249,39.73648503,-104.9339817,8/1/2019 12:15,12:15,15,0,0,13TH AVENUE EAST & CHERRY STREET NORTH,1,1,0,0,1,4,,0,30,0,0,0,0,0,4,2,14
,2019-18250,39.7367745,-104.9477164,5/30/2019 21:52,21:52,6,0,1,13TH AVENUE EAST & COOK STREET NORTH,1,3,1,0,1,4,,0,30,0,0,0,0,1,4,2,13
,2019-18251,39.73675527,-104.942017,2/28/2019 19:04,19:04,6,0,0,13TH AVENUE EAST & HARRISON STREET NORTH,1,3,0,0,3,4,,0,30,0,0,0,0,0,4,3,10
,2019-18252,39.73687321,-104.9695646,8/26/2019 21:48,21:48,6,0,0,13TH AVENUE EAST & HUMBOLDT STREET NORTH,1,3,0,0,1,4,,0,30,0,0,0,0,0,4,2,8
,2019-18253,39.752163,-104.998842,1/25/2019 19:54,19:54,11,0,1,17TH STREET & WAZEE STREET,1,3,0,0,1,1,,0,,0,0,1,0,1,4,2,13
,2019-18254,39.73687679,-104.9720643,9/4/2019 13:33,13:33,15,0,0,13TH AVENUE 1200 BLOCK EAST & MARION STREET NORTH,1,1,0,0,1,4,,0,30,0,0,0,0,0,4,2,3
,2019-18255,39.73688438,-104.9813649,7/17/2019 11:45,11:45,12,0,1,13TH AVENUE EAST 400 BLOCK & PENNSYLVANIA STREET NORTH,1,1,0,0,1,4,,0,30,0,0,0,0,1,4,3,14
,2019-18257,39.73681202,-104.9599113,9/3/2019 19:40,19:40,12,0,0,13TH AVENUE 2200 BLOCK EAST & YORK STREET NORTH,1,3,0,0,1,4,,0,30,0,0,0,0,0,4,2,3
,2019-18258,39.73843819,-104.9875667,2/8/2019 13:43,13:43,5,0,0,14TH AVENUE WEST & BROADWAY STREET NORTH,2,1,0,0,2,4,,0,35,0,0,0,0,0,4,1,2
,2019-18259,39.73844593,-104.9918378,9/25/2019 9:38,9:38,15,0,0,14TH AVENUE WEST & CHEROKEE STREET NORTH,1,1,0,0,1,4,,0,30,0,0,0,0,0,4,2,13
,2019-18260,39.665556,-105.081462,8/22/2019 15:34,15:34,1,0,1,HIGHWAY 121 / WADSWORTH BOULEVARD SOUTH & AMHERST AVENUE,1,1,0,0,1,1,,0,45,0,0,0,0,2,2,2,14
,2019-18261,39.73837998,-104.9556519,2/14/2019 8:15,8:15,10,0,0,14TH AVENUE 2600 BLOCK EAST & CLAYTON STREET NORTH,1,1,0,0,1,5,,0,30,0,0,0,0,0,4,2,14
,2019-18262,39.74379655,-104.8988908,2/2/2019 11:45,11:45,5,0,0,17TH AVENUE EAST & SYRACUSE STREET NORTH,1,1,0,0,2,4,,0,30,0,0,0,0,0,4,1,5
,2019-18263,39.73840147,-104.9684685,11/16/2019 2:10,2:10,6,0,0,14TH AVENUE 1500 BLOCK EAST & FRANKLIN STREET NORTH,1,3,0,0,1,4,,0,,0,0,0,0,0,4,2,13
,2019-18264,39.73829432,-104.9251347,4/8/2019 11:48,11:48,12,0,0,14TH AVENUE EAST & GRAPE STREET,1,1,1,0,1,3,,0,30,0,0,0,0,0,4,2,13
,2019-18265,39.73832204,-104.9420663,9/11/2019 18:01,18:01,12,0,1,14TH AVENUE EAST & HARRISON STREET NORTH,1,1,0,0,1,4,,0,30,0,0,0,0,1,4,3,13
,2019-18267,39.74794821,-105.0009071,2/13/2019 12:54,12:54,15,0,0,14TH STREET & MARKET STREET,1,1,1,0,1,4,,0,20,0,0,0,0,0,4,2,13
,2019-18268,39.73833594,-104.9168521,8/2/2019 13:34,13:34,15,0,0,14TH AVENUE EAST & KRAMERIA STREET NORTH,1,1,0,0,1,4,,0,30,0,0,0,0,0,4,2,13
,2019-18269,39.73844058,-104.9864938,4/6/2019 15:05,15:05,12,0,1,14TH AVENUE EAST & LINCOLN STREET NORTH,1,1,1,0,1,3,,0,,0,0,0,0,1,4,2,7
,2019-18270,39.74795947,-105.0008466,12/11/2019 11:00,11:00,12,0,0,14TH STREET & MARKET STREET,1,1,0,0,1,4,,0,25,0,0,0,0,0,4,3,13
,2019-18271,39.73836895,-104.9521451,3/15/2019 18:56,18:56,15,0,1,14TH AVENUE EAST & MILWAUKEE STREET NORTH,1,3,0,0,1,4,,0,30,0,0,0,0,1,4,2,8
,2019-18272,39.73870041,-104.9108356,3/14/2019 19:52,19:52,5,0,1,14TH AVENUE EAST & NIAGARA STREET NORTH,1,3,0,0,2,4,,0,30,0,0,0,0,1,4,1,5
,2019-18273,39.7384229,-104.9756356,2/12/2019 15:20,15:20,12,0,1,14TH AVENUE EAST & OGDEN STREET NORTH / 900 BLOCK EAST,1,1,0,0,1,4,,0,30,0,0,0,0,2,4,2,13
,2019-18274,39.7386905,-104.9034646,4/26/2019 17:30,17:30,15,0,0,14TH AVENUE EAST & QUEBEC STREET NORTH,1,1,0,0,1,4,,0,35,0,0,0,0,0,4,2,1
,2019-18275,39.73850187,-104.9976776,2/17/2019 3:54,3:54,12,0,0,14TH AVENUE WEST & SPEER BOULEVARD NORTH,1,3,0,0,1,4,,0,35,0,0,0,0,0,4,2,13
,2019-18276,39.74395352,-104.9955296,2/24/2019 13:45,13:45,15,0,0,14TH STREET & STOUT STREET,1,1,0,0,1,3,,0,30,0,0,0,0,0,4,2,13
,2019-18277,39.73869001,-104.8987479,1/5/2019 14:00,14:00,10,0,0,14TH AVENUE EAST & SYRACUSE STREET NORTH,1,1,0,0,1,1,,0,30,0,0,0,0,0,4,2,8
,2019-18278,39.73845615,-105.0440027,6/18/2019 19:32,19:32,6,0,0,14TH AVENUE WEST & TENNYSON STREET NORTH,1,2,0,0,1,3,,0,25,0,0,0,0,0,4,2,5
,2019-18279,39.73848231,-105.0455833,5/26/2019 13:09,13:09,6,0,0,14TH AVENUE WEST & UTICIA STREET NORTH,1,1,0,0,1,4,,0,30,0,0,0,0,0,4,2,5
,2019-18280,39.73848332,-105.0463514,11/5/2019 7:16,7:16,12,0,1,14TH AVENUE 4600 BLOCK WEST & VRAIN STREET NORTH,1,1,0,0,1,4,,0,25,0,0,0,0,2,4,2,2
,2019-18281,39.74276876,-104.993869,4/7/2019 3:00,3:00,6,0,0,14TH STREET 600 BLOCK & WELTON STREET,1,3,0,0,1,4,,0,30,0,0,0,0,0,4,2,13
,2019-18282,39.751866,-104.988762,5/4/2019 18:12,18:12,11,0,0,21ST STREET & CURTIS STREET,1,1,0,0,1,1,,0,30,0,1,1,0,0,4,2,13
,2019-18283,39.74198203,-104.9493668,8/7/2019 7:20,7:20,6,0,0,16TH AVENUE EAST & ADAMS STREET NORTH,1,1,0,0,1,4,,0,25,0,0,0,0,0,4,2,13
,2019-18284,39.74138594,-104.9392047,2/12/2019 15:40,15:40,6,0,0,16TH AVENUE 4000 BLOCK EAST & ALBION STREET NORTH,1,1,0,0,1,4,,0,25,0,0,0,0,0,4,2,1
,2019-18285,39.74372044,-104.9274703,8/22/2019 10:04,10:04,6,0,0,17TH AVENUE EAST & FOREST STREET PARKWAY,1,1,0,0,1,4,,0,30,0,0,0,0,0,4,2,3
,2019-18286,39.74378873,-104.9490203,6/16/2019 14:29,14:29,3,0,0,17TH AVENUE 3200 BLOCK EAST & ADAMS STREET NORTH,1,1,0,0,1,5,,0,30,0,0,0,0,0,4,2,1
,2019-18287,39.74324902,-104.9736711,3/19/2019 14:50,14:50,15,0,0,17TH AVENUE EAST & DOWNING STREET NORTH / 1000 BLOCK EAST,1,1,0,0,1,4,,0,30,0,0,0,0,0,4,2,13
,2019-18288,39.74384865,-104.9567585,9/4/2019 8:52,8:52,15,0,0,17TH AVENUE 2600 BLOCK EAST & ESPLANADE PARKWAY,1,1,0,0,1,1,,0,30,0,0,0,0,0,4,2,3
,2019-18289,39.743429,-104.9129691,3/28/2019 7:21,7:21,12,0,0,17TH AVENUE EAST & MONACO STREET NORTH,1,2,0,0,1,3,,0,30,0,0,0,0,0,4,2,13
,2019-18290,39.7434003,-104.9270439,7/9/2019 15:23,15:23,6,0,0,17TH AVENUE EAST & FOREST STREET NORTH,1,1,0,0,1,4,,0,30,0,0,0,0,0,4,2,13
,2019-18291,39.74321784,-104.9614283,10/30/2019 17:30,17:30,3,0,1,17TH AVENUE EAST & GAYLORD STREET NORTH,6,1,0,0,1,5,,0,30,0,0,0,0,1,4,2,13
,2019-18292,39.7432734,-104.9839337,1/18/2019 14:49,14:49,15,0,0,17TH AVENUE EAST & GRANT STREET NORTH,2,1,0,0,1,4,,0,35,0,0,0,0,0,4,2,13
,2019-18293,39.74323851,-104.9698818,8/30/2019 15:05,15:05,15,0,0,17TH AVENUE EAST & HUMBOLDT STREET NORTH,1,1,0,0,1,4,,0,30,0,0,0,0,0,4,2,8
,2019-18294,39.74377493,-104.9433885,2/26/2019 17:28,17:28,12,0,0,17TH AVENUE EAST & JACKSON STREET NORTH,1,2,0,0,1,4,,0,30,0,0,0,0,0,4,2,14
,2019-18295,39.74327188,-104.9828011,1/30/2019 15:00,15:00,12,0,0,17TH AVENUE EAST & LOGAN STREET NORTH / 300 BLOCK EAST,1,1,0,0,1,3,,0,30,0,0,0,0,0,4,2,13
,2019-18296,39.74324274,-104.9747546,7/28/2019 4:48,4:48,12,0,0,17TH AVENUE EAST & OGDEN STREET NORTH,1,3,0,0,1,3,,0,30,0,0,0,0,0,4,2,13
,2019-18297,39.74378551,-104.9035491,7/3/2019 9:11,9:11,12,0,0,17TH AVENUE EAST 7200 BLOCK & QUEBEC STREET NORTH,1,1,0,0,1,1,,0,30,0,0,0,0,0,4,2,14
,2019-18298,39.74319882,-104.9634641,1/12/2019 16:30,16:30,12,0,0,17TH AVENUE EAST & RACE STREET NORTH,1,1,0,0,1,4,,0,30,0,0,0,0,0,4,2,1
,2019-18299,39.74379934,-104.9527295,7/19/2019 9:33,9:33,3,0,0,17TH AVENUE EAST 3000 BLOCK & STREET PAUL STREET NORTH,1,1,0,0,1,5,,0,,0,0,0,0,0,4,2,13
,2019-1830,39.76522075,-104.8903515,11/27/2019 6:50,6:50,5,0,0,35TH AVENUE & 2009 WEST,5,1,0,0,6,4,,0,,0,0,0,0,0,3,1,13
,2019-18300,39.74397726,-105.0509472,8/3/2019 15:00,15:00,12,0,0,17TH AVENUE 5000 BLOCK WEST & YATES STREET NORTH,1,1,0,0,1,3,,0,35,0,0,0,0,0,4,2,13
,2019-18301,39.7490372,-104.9924336,5/13/2019 1:00,1:00,12,0,0,18TH STREET & CURTIS STREET,1,3,0,0,1,3,,0,25,0,0,0,1,0,4,2,3
,2019-18302,39.74516205,-105.0257188,9/5/2019 10:15,10:15,12,0,0,18TH AVENUE WEST & FEDERAL BOULEVARD NORTH,1,1,0,0,1,2,,0,25,0,0,0,0,0,4,2,13
,2019-18303,39.71841216,-104.9956106,3/5/2019 8:00,8:00,6,0,0,FIRST AVENUE 600 BLOCK WEST & FOX STREET NORTH,2,1,0,0,1,4,,0,25,0,0,0,0,0,4,2,13
,2019-18304,39.7539309,-105.0352624,9/12/2019 7:30,7:30,6,0,0,25TH AVENUE WEST & LOWELL BOULEVARD NORTH,1,1,0,0,1,4,,0,25,0,0,0,0,0,4,2,13
,2019-18305,39.75198581,-104.9938337,6/1/2019 23:08,23:08,12,0,0,19TH STREET & LARIMER STREET,1,3,0,0,1,4,,0,30,0,0,0,0,0,4,2,13
,2019-18306,39.74486785,-104.9826387,6/20/2019 16:36,16:36,9,0,1,18TH AVENUE EAST & LOGAN STREET NORTH,1,1,0,0,1,4,,0,,0,0,0,0,1,4,2,13
,2019-18307,39.74480671,-104.9624211,9/5/2019 8:20,8:20,6,0,0,18TH AVENUE EAST & VINE STREET NORTH,1,1,0,0,1,4,,0,30,0,0,0,1,0,4,2,3
,2019-18308,39.74612168,-104.9391441,8/30/2019 15:25,15:25,6,0,0,19TH AVENUE EAST & ALBION STREET NORTH,1,1,0,0,1,4,,0,25,0,0,0,0,0,4,2,1
,2019-1831,39.70286638,-105.0391196,1/30/2019 16:19,16:19,6,0,0,PATTON COURT SOUTH & WALSH PLACE WEST,1,1,0,0,1,4,,0,25,0,0,0,0,0,4,2,1
,2019-18310,39.71783561,-104.9488301,5/29/2019 13:20,13:20,15,0,0,FIRST AVENUE EAST & ADAMS STREET NORTH,1,1,0,0,1,4,,0,25,0,0,0,0,0,4,2,13
,2019-18311,39.71835964,-104.9877685,5/27/2019 18:05,18:05,6,0,0,FIRST AVENUE WEST & BROADWAY,1,1,0,0,1,4,,0,,0,0,0,0,0,4,4,7
,2019-18312,39.71781312,-104.9343075,12/7/2019 2:00,2:00,5,0,0,FIRST AVENUE 4500 BLOCK EAST & CHERRY STREET EAST,5,3,1,0,1,4,,0,30,0,0,0,0,0,4,1,14
,2019-18313,39.71816027,-105.0256251,8/23/2019 17:57,17:57,1,0,0,FIRST AVENUE WEST & FEDERAL BOULEVARD NORTH,1,1,0,0,1,5,,0,30,0,0,0,0,0,4,2,3
,2019-18314,39.71834069,-104.9666653,2/21/2019 16:05,16:05,12,0,0,FIRST AVENUE EAST & GILPIN STREET NORTH / 1600 BLOCK EAST,1,1,0,0,1,4,,0,30,0,0,0,0,0,4,2,13
,2019-18315,39.71815338,-105.0330127,6/4/2019 11:00,11:00,12,0,0,FIRST AVENUE WEST & KNOX COURT NORTH / 3400 BLOCK WEST,1,1,0,0,1,4,,0,30,0,0,0,0,0,4,2,3
,2019-18316,39.71816108,-105.0324715,8/30/2019 20:36,20:36,12,0,0,FIRST AVENUE 3400 BLOCK WEST & KNOX COURT NORTH,1,2,3,0,1,1,,0,30,0,0,0,0,0,4,2,13
,2019-18317,39.71846283,-105.0016722,3/6/2019 13:40,13:40,6,0,1,FIRST AVENUE WEST & LIPAN STREET NORTH,1,1,0,0,1,4,,0,25,0,0,0,0,1,4,3,10
,2019-18318,39.71818789,-104.9593628,10/23/2019 18:34,18:34,12,0,0,FIRST AVENUE EAST & UNIVERSITY BOULEVARD NORTH,4,3,0,2,1,3,,0,30,0,0,0,0,0,4,2,14
,2019-18320,39.7576426,-104.9987119,5/4/2019 2:48,2:48,9,0,1,20TH STREET 2000 BLOCK & CHESTNUT PLACE,1,3,1,0,1,4,,0,35,0,0,0,0,1,4,1,5
,2019-18321,39.75967218,-105.0018849,6/4/2019 1:06,1:06,5,0,0,20TH STREET & LITTLE RAVEN STREET,1,3,1,0,3,4,,0,35,0,0,0,0,0,4,1,13
,2019-18322,39.769272,-105.004161,2/21/2019 16:50,16:50,2,0,1,38TH AVENUE WEST & NAVAJO STREET NORTH,1,1,0,0,1,1,,0,35,1,0,0,0,1,4,2,13
,2019-18323,39.75967467,-105.0018902,7/3/2019 14:40,14:40,12,0,0,20TH STREET 2100 BLOCK & LITTLE RAVEN STREET,1,1,0,0,1,4,,0,30,0,0,0,0,0,4,3,13
,2019-18324,39.75967208,-105.0018686,8/8/2019 7:48,7:48,12,0,1,20TH STREET & LITTLE RAVEN STREET,1,1,1,0,1,4,,0,35,0,0,0,0,1,4,2,13
,2019-18325,39.76184501,-105.0056437,8/4/2019 3:49,3:49,5,0,0,20TH STREET & OSAGE STREET,1,3,0,0,3,4,,0,35,0,0,0,0,0,4,1,5
,2019-18326,39.74754703,-104.9812672,4/12/2019 13:54,13:54,15,0,0,20TH AVENUE EAST & PENNSYLVANIA STREET NORTH,1,1,0,0,1,4,,0,30,0,0,0,0,0,4,2,13
,2019-18327,39.75312307,-104.9906292,4/27/2019 22:47,22:47,15,0,0,21ST STREET 1200 BLOCK & LAWRENCE STREET,1,3,0,0,1,4,,0,30,0,0,0,0,0,4,2,13
,2019-18328,39.75120638,-105.0206252,2/9/2019 14:00,14:00,12,0,0,23RD AVENUE WEST & CLAY STREET NORTH,5,1,1,0,1,3,,0,25,0,0,0,0,0,4,2,13
,2019-18329,39.7512062,-105.0206608,2/15/2019 21:59,21:59,12,0,0,23RD AVENUE WEST & CLAY STREET NORTH,1,3,1,0,1,3,,0,30,0,0,0,0,0,4,2,3
,2019-18330,39.75120516,-105.0208742,6/15/2019 3:59,3:59,6,0,0,23RD AVENUE WEST & CLAY STREET NORTH,1,3,0,0,1,4,,0,25,0,0,0,0,0,4,2,5
,2019-18331,39.75072694,-104.9736162,4/24/2019 6:10,6:10,6,0,0,23RD AVENUE 1100 BLOCK EAST & DOWNING STREET NORTH,1,2,0,0,1,4,,0,30,0,0,0,0,0,4,2,13
,2019-18332,39.75108213,-104.913127,4/13/2019 11:38,11:38,3,0,0,23RD AVENUE EAST & MONACO STREET NORTH / 6400 BLOCK EAST,1,1,0,0,1,5,,0,30,0,0,0,0,0,4,2,13
,2019-18333,39.7553247,-104.9877782,12/4/2019 13:55,13:55,12,0,0,24TH STREET 1100 BLOCK & ARAPAHOE STREET,6,1,0,0,1,4,,0,25,0,0,0,0,0,4,2,14
,2019-18334,39.75360266,-105.0221019,10/27/2019 11:50,11:50,6,0,0,25TH AVENUE WEST & DECATUR STREET NORTH,4,1,0,2,1,5,,0,25,0,0,0,0,0,4,2,13
,2019-18335,39.75521516,-104.98101,1/24/2019 12:19,12:19,6,0,0,26TH STREET & STOUT STREET,5,1,0,2,1,3,,0,30,0,0,0,0,0,4,2,7
,2019-18336,39.76143478,-104.981833,8/2/2019 12:45,12:45,6,0,0,29TH AVENUE EAST & LARIMER STREET SOUTH,1,1,0,0,1,4,,0,25,0,0,0,0,0,4,2,1
,2019-18337,39.75484949,-105.0513664,9/3/2019 13:33,13:33,12,0,1,26TH AVENUE 5000 BLOCK WEST & YATES STREET NORTH,1,1,1,0,1,4,,0,30,0,0,0,0,2,4,2,13
,2019-18338,39.76488759,-104.9790415,2/20/2019 17:22,17:22,12,0,0,32ND STREET & WALNUT STREET,1,2,0,0,1,4,,0,25,0,0,0,0,0,4,2,13
,2019-18339,39.75454651,-104.9406245,3/21/2019 7:10,7:10,15,0,0,26TH AVENUE EAST & COLORADO BOULEVARD NORTH,1,1,0,0,1,4,,0,30,0,0,0,0,0,4,2,7
,2019-18340,39.75602318,-105.0252524,9/28/2019 18:11,18:11,6,0,0,27TH AVENUE WEST & FEDERAL BOULEVARD NORTH,1,1,0,0,1,4,,0,25,0,0,0,0,0,4,3,13
,2019-18341,39.75573384,-104.965252,6/6/2019 10:36,10:36,5,0,0,27TH AVENUE 1800 BLOCK EAST & HIGH STREET NORTH,1,1,0,0,1,4,,0,25,0,0,0,0,0,4,2,13
,2019-18342,39.75723309,-105.0220772,3/14/2019 8:39,8:39,6,0,0,28TH AVENUE WEST 2700 BLOCK & DECATUR STREET NORTH,5,1,1,0,1,4,,0,25,0,0,0,0,0,4,2,13
,2019-18343,39.75847666,-105.0255139,4/4/2019 7:35,7:35,3,0,0,29TH AVENUE 3000 BLOCK WEST & FEDERAL BOULEVARD NORTH,1,1,0,0,1,5,,0,25,0,0,0,0,0,4,2,13
,2019-18344,39.75851595,-105.0346139,7/3/2019 12:45,12:45,12,0,0,29TH AVENUE WEST 3600 BLOCK & LOWELL BOULEVARD NORTH,1,1,1,0,1,4,,0,30,0,0,0,0,0,4,2,13
,2019-18345,39.75850816,-105.0360405,7/3/2019 18:21,18:21,12,0,0,29TH AVENUE WEST & MEADE STREET NORTH,1,1,0,0,1,4,,0,30,0,0,0,0,0,4,2,13
,2019-18346,39.75850072,-105.0385052,5/10/2019 9:30,9:30,6,0,0,29TH AVENUE WEST & OSCEOLA STREET NORTH,1,1,0,0,1,4,,0,25,0,0,0,0,0,4,2,3