id,drcog_id,latitude,longitude,crashtime,time,crashtype,numbkilled,numbinjurd,drcoglocat,rdconditin,lightngcon,roadcntgrd,weatherco,location,roaddescrp,schoolzone,constrzone,splimit,bikeinv,sctrinv,pedinv,motoinv,svrty,rdsystem,ttlvehcls,hcf
,2019-18347,39.71940655,-104.9573118,6/16/2019 11:00,11:00,15,0,0,SECOND AVENUE 2400 BLOCK EAST & COLUMBINE STREET NORTH,1,1,0,0,1,4,,0,25,0,0,0,0,0,4,2,13
,2019-18348,39.7194217,-104.9586248,2/7/2019 16:48,16:48,12,0,0,SECOND AVENUE EAST & JOSEPHINE STREET NORTH,5,1,0,0,1,1,,0,30,0,0,0,0,0,4,2,14
,2019-18349,39.75652544,-104.9383224,3/14/2019 7:25,7:25,15,0,0,32ND AVENUE 4100 BLOCK EAST & ASH STREET,5,1,1,0,1,4,,0,35,0,0,0,0,0,4,2,7
,2019-18350,39.76212509,-105.0346078,3/30/2019 13:00,13:00,6,0,0,32ND AVENUE 3600 BLOCK WEST & LOWELL BOULEVARD NORTH,1,1,0,0,1,4,,0,30,0,0,0,0,0,4,2,13
,2019-18351,39.76212596,-105.0346078,10/23/2019 17:05,17:05,6,0,0,32ND AVENUE WEST & LOWELL BOULEVARD NORTH,2,1,0,1,1,3,,0,30,0,0,0,0,0,4,2,13
,2019-18352,39.76212514,-105.0396999,1/6/2019 21:55,21:55,6,0,0,32ND AVENUE WEST & PERRY STREET NORTH,1,3,0,0,1,4,,0,35,0,0,0,0,0,4,3,5
,2019-18353,39.76563544,-104.9382384,11/22/2019 6:45,6:45,12,0,0,35TH AVENUE EAST & ASH STREET NORTH,4,2,0,2,1,3,,0,25,0,0,0,0,0,4,2,7
,2019-18354,39.76569604,-104.9524573,4/26/2019 15:15,15:15,12,0,0,35TH AVENUE EAST & MILWAUKEE STREET NORTH / 3000 BLOCK EAST,1,1,0,0,1,4,,0,30,0,0,0,0,0,4,2,3
,2019-18355,39.76731943,-104.8904569,3/9/2019 16:55,16:55,12,0,1,36TH AVENUE EAST & CENTRAL PARK BOULEVARD NORTH,1,1,0,0,1,1,,0,30,0,0,0,0,1,4,2,14
,2019-18356,39.76814801,-104.9721112,6/21/2019 13:40,13:40,14,0,0,37TH AVENUE 1200 BLOCK EAST & MARION STREET NORTH,2,1,0,1,1,4,,0,25,0,0,0,0,0,4,2,14
,2019-18357,39.76782617,-104.8450341,7/31/2019 6:10,6:10,5,0,0,37TH AVENUE EAST & QUENTIN STREET NORTH,1,1,0,0,1,4,,0,25,0,0,0,0,0,4,1,1
,2019-18358,39.77501359,-104.9780966,3/3/2019 11:26,11:26,12,0,0,38TH STREET 1600 BLOCK & ARKINS COURT NORTH,4,1,0,2,1,4,,0,35,0,0,0,0,0,4,2,13
,2019-18359,39.77498625,-104.9780643,11/5/2019 8:40,8:40,15,0,0,38TH STREET & ARKINS COURT,1,1,0,0,1,3,,0,30,0,0,0,0,0,4,2,13
,2019-18360,39.76927439,-105.0214256,2/23/2019 13:30,13:30,6,0,0,38TH 2700 BLOCK OF WEST & CLAY STREET NORTH,1,1,0,0,1,4,,0,35,0,0,0,0,0,4,2,13
,2019-18361,39.76921792,-104.9295349,6/19/2019 11:18,11:18,6,0,0,38TH AVENUE EAST & ELM STREET NORTH,1,1,0,0,1,5,,0,25,0,0,0,0,0,4,2,14
,2019-18362,39.7692728,-105.025596,6/5/2019 12:20,12:20,12,0,2,38TH AVENUE 3000 BLOCK WEST & FEDERAL BOULEVARD NORTH,1,1,0,0,1,4,,0,35,0,0,0,0,1,4,2,14
,2019-18363,39.7694055,-105.0299694,10/14/2019 21:13,21:13,12,0,1,38TH AVENUE 3300 BLOCK WEST & IRVING STREET NORTH,1,3,1,0,1,3,,0,35,0,0,0,0,1,4,2,5
,2019-18364,39.76941071,-105.0302171,12/9/2019 13:14,13:14,12,0,1,38TH AVENUE 3300 BLOCK WEST & IRVING STREET NORTH,1,1,1,0,1,4,,0,35,0,0,0,0,1,4,2,13
,2019-18365,39.7694074,-104.999408,9/13/2019 23:29,23:29,8,0,0,38TH AVENUE WEST & JASON STREET NORTH,1,3,0,0,1,4,,0,35,0,0,0,0,0,4,2,3
,2019-18366,39.76936605,-105.0489463,1/19/2019 10:35,10:35,6,0,0,38TH AVENUE EAST & WOLFF STREET NORTH,2,1,0,0,5,4,,0,,0,0,0,0,0,4,2,13
,2019-18367,39.7693982,-105.0497607,11/16/2019 22:30,22:30,6,0,1,38TH AVENUE WEST & XAVIER STREET NORTH,1,3,0,0,1,4,,0,35,0,0,0,0,2,4,2,5
,2019-18368,39.77106777,-104.9183105,5/6/2019 16:43,16:43,15,0,0,39TH AVENUE 5900 BLOCK EAST & KEARNEY STREET NORTH,1,1,0,0,1,4,,0,30,0,0,0,0,0,4,2,1
,2019-18369,39.7710723,-104.847035,5/16/2019 14:15,14:15,12,0,0,39TH AVENUE EAST & PEORIA STREET NORTH / 12000 BLOCK EAST,1,1,0,0,1,3,,0,30,0,0,0,0,0,4,2,3
,2019-18370,39.7209299,-104.9993011,9/27/2019 8:07,8:07,3,0,0,THIRD AVENUE WEST & SANTA FE DRIVE NORTH,1,1,0,0,1,2,,0,25,0,0,0,0,0,4,2,13
,2019-18371,39.77084966,-104.7487465,8/16/2019 12:09,12:09,15,0,0,40TH AVENUE EAST & KIRK STREET NORTH,1,1,0,0,1,4,,0,30,0,0,0,0,0,4,2,6
,2019-18372,39.7910023,-104.9490677,6/18/2019 17:40,17:40,6,0,0,52ND AVENUE EAST & ADAMS STREET NORTH,1,1,0,0,1,2,,0,5,0,0,0,0,0,4,2,1
,2019-18373,39.77280717,-104.78387,6/7/2019 18:16,18:16,15,0,0,40TH AVENUE EAST & SALIDA STREET NORTH / 17400 BLOCK EAST,1,1,0,0,1,4,,0,35,0,0,0,0,0,4,2,13
,2019-18374,39.77200427,-105.0260063,4/22/2019 8:30,8:30,12,0,1,40TH AVENUE 3000 BLOCK EAST & STREET PAUL STREET NORTH,1,1,0,0,1,4,,0,35,0,0,0,0,1,4,2,13
,2019-18375,39.77297642,-104.9989145,2/25/2019 10:30,10:30,6,0,0,41ST AVENUE 900 BLOCK WEST & INCA STREET,1,1,0,0,1,4,,0,25,0,0,0,0,0,4,2,14
,2019-18376,39.7730377,-105.0043125,5/21/2019 19:00,19:00,6,0,0,41ST AVENUE & NAVAJO STREET NORTH,1,3,0,0,1,4,,0,25,0,0,0,0,0,4,2,14
,2019-18377,39.77847602,-104.968536,1/27/2019 17:03,17:03,15,0,0,44TH STREET & BRIGHTON BOULEVARD NORTH,1,3,0,0,1,3,,0,25,0,0,0,0,0,4,2,13
,2019-18378,39.77766986,-104.9565321,7/3/2019 13:30,13:30,6,0,0,44TH AVENUE EAST & ELIZABETH STREET NORTH,1,1,0,0,1,3,,0,25,0,0,0,0,0,4,2,8
,2019-18379,39.77662992,-105.0228258,4/25/2019 12:32,12:32,15,0,0,44TH AVENUE 2800 BLOCK WEST & ELM COURT NORTH,1,1,1,0,1,4,,0,30,0,0,0,0,0,4,2,13
,2019-18380,39.77665983,-105.0276091,11/18/2019 17:42,17:42,12,0,0,44TH AVENUE 3100 BLOCK WEST & GROVE STREET NORTH,1,1,0,0,1,3,,0,30,0,0,0,1,0,4,2,3
,2019-18381,39.77767355,-104.9587859,7/16/2019 18:57,18:57,3,0,0,44TH AVENUE EAST & JOSEPHINE STREET NORTH,1,1,0,0,1,5,,0,20,0,0,0,0,0,4,2,3
,2019-18382,39.7767016,-105.0383562,10/3/2019 10:26,10:26,12,0,0,44TH AVENUE WEST & OSCEOLA STREET NORTH,1,1,0,0,1,2,,0,30,0,0,0,0,0,4,2,13
,2019-18383,39.77656506,-105.0135872,4/28/2019 2:36,2:36,6,0,0,44TH AVENUE WEST & VALLEJO STREET NORTH,1,4,0,0,1,3,,0,30,0,0,0,0,0,4,2,5
,2019-18384,39.77767219,-104.959622,11/7/2019 7:02,7:02,10,0,0,44TH AVENUE EAST & YORK STREET NORTH,1,1,0,0,1,2,,0,25,0,0,0,0,0,4,2,1
,2019-18385,39.77803477,-104.8476111,4/9/2019 11:01,11:01,1,0,0,45TH AVENUE 12000 BLOCK EAST & PEORIA STREET NORTH,1,1,0,0,1,2,,0,25,0,0,0,0,0,4,2,14
,2019-18386,39.77803861,-104.8497884,4/9/2019 21:40,21:40,10,0,0,45TH AVENUE 12000 BLOCK EAST & PEORIA STREET NORTH,1,3,0,0,1,2,,0,35,0,0,0,0,0,4,2,13
,2019-18387,39.77803453,-104.8475648,9/25/2019 7:47,7:47,3,0,0,45TH AVENUE 12000 BLOCK EAST & PEORIA STREET NORTH,1,1,0,0,1,2,,0,30,0,0,0,0,0,4,2,14
,2019-18388,39.67308,-104.987529,5/25/2019 11:05,11:05,6,0,0,BROADWAY STREET 2300 SOUTH & WESLEY AVENUE EAST,1,1,0,0,3,4,,0,,0,0,0,0,0,4,2,13
,2019-18389,39.7802423,-105.0345995,12/16/2019 0:07,0:07,5,0,1,46TH AVENUE 3600 BLOCK WEST & LOWELL BOULEVARD NORTH,1,3,0,0,2,4,,0,30,0,0,0,0,1,4,1,13
,2019-18390,39.78227833,-104.8660099,9/21/2019 13:05,13:05,12,0,0,47TH AVENUE EAST & HAVANA STREET NORTH,1,1,0,0,1,3,,0,35,0,0,0,0,0,4,2,8
,2019-18391,39.78227704,-104.8632822,6/4/2019 11:30,11:30,15,0,0,47TH AVENUE EAST & IRONTON STREET NORTH,1,1,0,0,1,4,,0,35,0,0,0,0,0,4,2,13
,2019-18392,39.72253,-104.9597157,11/18/2019 10:45,10:45,6,0,0,FOURTH AVENUE EAST & UNIVERSITY BOULEVARD SOUTH,1,1,0,0,1,4,,0,25,0,0,0,0,0,4,2,13
,2019-18393,39.78236699,-104.8590118,8/20/2019 21:13,21:13,5,0,0,47TH AVENUE 11100 BLOCK EAST & KINGSTON STREET NORTH,1,4,0,0,2,4,,0,30,0,0,0,0,0,4,1,5
,2019-18394,39.72254516,-104.9863358,8/14/2019 7:00,7:00,6,0,0,FOURTH AVENUE EAST & LINCOLN STREET NORTH,1,1,0,0,1,4,,0,20,0,0,0,0,0,4,2,2
,2019-18395,39.7817793,-104.7729697,5/12/2019 23:05,23:05,3,0,2,47TH AVENUE WEST & TOWER ROAD NORTH,1,3,0,0,1,1,,0,15,0,0,0,0,1,4,2,3
,2019-18396,39.78342039,-104.9333776,10/3/2019 16:45,16:45,1,0,1,48TH AVENUE EAST & DAHLIA STREET NORTH,1,1,0,0,1,4,,0,30,0,0,0,0,1,4,2,1
,2019-18397,39.78378508,-104.9446997,4/12/2019 9:42,9:42,12,0,1,48TH AVENUE 3600 BLOCK EAST & JACKSON STREET NORTH,1,1,0,0,1,2,,0,25,0,0,0,0,1,4,2,14
,2019-18398,39.78372564,-105.0340502,9/27/2019 22:39,22:39,5,0,0,48TH AVENUE WEST & KING STREET NORTH,1,3,0,0,4,5,,0,25,0,0,0,0,0,4,1,5
,2019-18399,39.76648815,-104.9462566,7/2/2019 12:28,12:28,12,0,0,48TH AVENUE EAST 3600 BLOCK & MADISON STREET NORTH,1,1,0,0,1,4,,0,30,0,0,0,0,0,4,2,12
,2019-18400,39.78382505,-105.0112915,10/4/2019 17:40,17:40,12,0,0,48TH AVENUE WEST & TEJON STREET NORTH,1,2,0,0,1,3,,0,30,0,0,0,0,0,4,2,3
,2019-18401,39.78674691,-104.8661145,6/21/2019 11:30,11:30,12,0,0,49TH AVENUE EAST & HAVANA STREET NORTH,1,1,0,0,1,3,,0,35,0,0,0,0,0,4,2,13
,2019-18402,39.72206634,-105.0134989,11/21/2019 7:57,7:57,6,0,0,FOURTH AVENUE 2200 BLOCK WEST & VALLEJO STREET NORTH,2,1,0,2,1,4,,0,25,0,0,0,0,0,4,2,14
,2019-18403,39.79009528,-104.8239816,1/24/2019 13:15,13:15,6,0,0,52ND AVENUE EAST & CARSON STREET NORTH,4,1,0,0,1,3,,0,30,0,0,0,0,0,4,2,14
,2019-18404,39.7932315,-104.8362147,2/5/2019 23:30,23:30,6,0,0,55TH AVENUE EAST & UVALDA STREET NORTH,1,3,0,0,1,4,,0,25,0,0,0,0,0,4,2,3
,2019-18405,39.79323659,-104.8369263,11/7/2019 8:10,8:10,6,0,0,55TH AVENUE EAST & UVALDA STREET NORTH,1,1,0,0,1,4,,0,25,0,0,0,0,0,4,3,1
,2019-18406,39.72570063,-105.0003482,8/12/2019 15:30,15:30,15,0,0,SIXTH AVENUE WEST  & KALAMATH STREET NORTH,1,1,0,0,1,4,,0,35,0,0,0,0,0,4,2,6
,2019-18407,39.79824664,-104.8473622,3/19/2019 17:01,17:01,15,0,1,56TH AVENUE EAST & PEORIA STREET NORTH,1,1,1,0,1,3,,0,35,0,0,0,0,1,4,2,8
,2019-18408,39.79818432,-104.8453743,6/3/2019 16:53,16:53,12,0,0,56TH AVENUE EAST & QUENTIN STREET NORTH / 12200 BLOCK EAST,2,1,0,1,1,4,,0,40,0,0,0,0,0,4,2,13
,2019-18409,39.79816087,-104.8426171,4/9/2019 15:20,15:20,12,0,0,56TH AVENUE EAST & REVERE STREET NORTH / 12400 BLOCK EAST,1,1,0,0,1,4,,0,45,0,0,0,0,0,4,2,7
,2019-18410,39.79824218,-104.7721186,4/30/2019 22:32,22:32,12,0,0,56TH AVENUE EAST & TOWER ROAD NORTH,2,3,0,1,1,4,,0,45,0,0,0,0,0,4,2,3
,2019-18411,39.79832913,-104.8942789,9/21/2019 13:45,13:45,12,0,0,56TH AVENUE EAST & UINTA STREET NORTH,1,1,0,0,1,3,,0,40,0,0,0,0,0,4,2,13
,2019-18412,39.7983292,-104.8943786,10/4/2019 12:00,12:00,12,0,0,56TH AVENUE EAST & UINTA STREET NORTH,1,1,0,0,1,4,,0,45,0,0,0,0,0,4,2,10
,2019-18413,39.79816408,-104.8941162,11/18/2019 19:00,19:00,12,0,0,56TH AVENUE EAST & UINTA STREET NORTH,1,1,0,0,1,4,,0,45,0,0,0,0,0,4,2,13
,2019-18414,39.72411015,-104.9940057,9/10/2019 15:16,15:16,6,0,0,FIFTH AVENUE EAST & ELATI STREET NORTH,1,1,0,0,1,4,,0,20,0,0,0,0,0,4,2,3
,2019-18415,39.7231826,-104.9035295,6/7/2019 8:29,8:29,12,0,2,FIFTH AVENUE EAST & QUEBEC STREET NORTH / 7200 BLOCK EAST,1,1,0,0,1,3,,0,25,0,0,0,0,1,4,2,1
,2019-18416,39.72566525,-104.9911879,11/2/2019 9:13,9:13,15,0,0,SIXTH AVENUE 200 BLOCK WEST & BANNOCK STREET NORTH,1,1,0,0,1,4,,0,30,0,0,0,0,0,4,2,13
,2019-18417,39.72564073,-104.9877101,3/5/2019 8:30,8:30,12,0,0,SIXTH AVENUE WEST & BROADWAY STREET NORTH,1,1,0,0,1,3,,0,30,0,0,0,0,0,4,2,13
,2019-18418,39.7256396,-104.9875812,4/5/2019 9:20,9:20,12,0,1,SIXTH AVENUE WEST & BROADWAY NORTH,1,1,0,0,1,3,,0,30,0,0,0,0,1,4,2,13
,2019-18419,39.72563886,-104.9874968,6/27/2019 15:31,15:31,15,0,0,SIXTH AVENUE WEST 1000 BLOCK & BROADWAY STREET NORTH,1,1,0,0,1,4,,0,30,0,0,0,0,0,4,2,13
,2019-18420,39.72563901,-104.9875146,7/9/2019 9:29,9:29,12,0,0,SIXTH AVENUE EAST & BROADWAY STREET NORTH,1,1,0,0,1,3,,0,35,0,0,0,0,0,4,2,3
,2019-18421,39.7256128,-104.9776685,6/17/2019 14:14,14:14,15,0,0,SIXTH AVENUE 7800 BLOCK EAST & CLARKSON STREET NORTH,1,1,0,0,1,4,,0,30,0,0,0,0,0,4,2,8
,2019-18423,39.72561531,-104.9779173,11/29/2019 21:55,21:55,10,0,0,SIXTH AVENUE EAST  & CLARKSON STREET NORTH,5,3,0,2,1,2,,0,30,0,0,0,0,0,4,2,13
,2019-18424,39.72560295,-104.9419204,10/10/2019 9:50,9:50,12,0,0,SIXTH AVENUE EAST & HARRISON STREET NORTH,4,1,1,2,1,4,,0,30,0,0,0,0,0,4,2,1
,2019-18425,39.72560366,-104.9429161,1/4/2019 11:55,11:55,12,0,1,SIXTH AVENUE EAST 3600 BLOCK EAST & JACKSON STREET NORTH,1,1,0,0,1,4,,0,30,0,0,0,0,1,4,2,13
,2019-18426,39.72568416,-105.0001491,1/2/2019 17:51,17:51,12,0,1,SIXTH AVENUE 1100 BLOCK WEST & KALAMATH STREET NORTH,1,3,0,0,1,4,,0,35,0,0,0,0,1,4,2,13
,2019-18427,39.72568078,-105.001236,5/17/2019 20:35,20:35,12,0,1,SIXTH AVENUE WEST  & KALAMATH STREET NORTH,2,3,0,0,1,4,,0,45,0,0,0,0,1,4,2,12
,2019-18428,39.72568004,-105.0031858,3/30/2019 7:50,7:50,12,0,4,SIXTH AVENUE WEST & MARIPOSA STREET NORTH / 1100 BLOCK WEST,5,1,1,1,1,4,,0,45,0,0,0,0,1,4,4,1
,2019-18429,39.838099,-104.7119731,7/10/2019 11:01,11:01,15,0,0,78TH AVENUE EAST 23700 BLOCK EAST & CALAWBA STREET,1,1,0,0,1,3,,0,45,0,0,0,0,0,4,2,8
,2019-18430,39.83809548,-104.7115102,12/22/2019 7:40,7:40,15,0,0,78TH AVENUE 23700 BLOCK EAST & CALAWBA STREET NORTH,1,1,0,0,1,1,,0,45,0,0,0,0,0,4,2,13
,2019-18431,39.83798591,-104.6946584,1/14/2019 6:57,6:57,15,0,0,78TH AVENUE EAST & JACKSON GAP STREET,1,1,0,1,1,1,,0,45,0,0,0,0,0,4,2,13
,2019-18432,39.83799238,-104.6957266,6/20/2019 13:30,13:30,15,0,0,78TH AVENUE EAST & JACKSON GAP ROAD,1,1,1,0,1,4,,0,45,0,0,0,0,0,4,2,8
,2019-18434,39.72729868,-104.9686381,4/3/2019 8:54,8:54,12,0,0,SEVENTH AVENUE 500 BLOCK WEST & SEVENTH AVENUE WEST,1,1,0,0,1,4,,0,25,0,0,0,0,0,4,2,13
,2019-18436,39.72751626,-105.022128,10/29/2019 5:50,5:50,8,0,1,SEVENTH AVENUE WEST & DECATUR STREET NORTH,5,4,1,2,1,4,,0,25,0,0,0,0,1,4,2,13
,2019-18437,39.72726842,-104.9811386,3/31/2019 18:10,18:10,3,0,0,SEVENTH AVENUE EAST 400 BLOCK & PENNSYLVANIA NORTH,1,1,0,0,1,2,,0,25,0,0,0,0,0,4,2,7
,2019-18438,39.7282689,-105.0416366,10/2/2019 13:40,13:40,6,0,0,SEVENTH AVENUE WEST & RALEIGH STREET NORTH,1,1,0,0,1,4,,0,25,0,0,0,0,0,4,2,12
,2019-18439,39.72731727,-104.9989564,9/13/2019 14:45,14:45,6,0,0,SEVENTH AVENUE WEST & SANTA FE DRIVE NORTH,1,1,0,0,1,2,,0,25,0,0,0,0,0,4,2,13
,2019-18440,39.72727883,-104.9854118,5/13/2019 11:40,11:40,12,0,0,SEVENTH AVENUE EAST & SHERMAN STREET NORTH,1,1,0,0,1,4,,0,25,0,0,0,0,0,4,2,13
,2019-18441,39.72910691,-104.9555625,4/23/2019 17:35,17:35,12,0,1,EIGHTH AVENUE EAST & CLAYTON STREET NORTH,1,1,0,0,1,3,,0,30,0,0,0,0,1,4,4,12
,2019-18442,39.72910279,-104.9411339,8/16/2019 10:33,10:33,12,0,0,EIGHTH AVENUE 3900 BLOCK EAST & COLORADO BOULEVARD NORTH,1,1,0,0,1,4,,0,30,0,0,0,0,0,4,2,13
,2019-18443,39.72891515,-105.0008933,9/28/2019 21:41,21:41,3,0,0,EIGHTH AVENUE 1000 BLOCK WEST & KALAMATH STREET NORTH,1,3,0,0,1,5,,0,10,0,0,0,0,0,4,2,7
,2019-18444,39.72927372,-104.9167721,8/28/2019 17:16,17:16,12,0,0,EIGHTH AVENUE EAST & KRAMERIA STREET NORTH,1,1,0,0,1,1,,0,30,0,0,0,0,0,4,3,13
,2019-18445,39.7289103,-104.998995,7/10/2019 8:10,8:10,12,0,0,EIGHTH AVENUE WEST 900 BLOCK & SANTA FE DRIVE NORTH,1,1,0,0,1,4,,0,25,0,0,0,0,0,4,3,13
,2019-18447,39.72889936,-104.9913239,12/6/2019 18:25,18:25,15,0,0,EIGHTH AVENUE 100 BLOCK WEST & SPEER BOULEVARD NORTH,1,3,0,0,1,4,,0,35,0,0,0,0,0,4,2,5
,2019-18448,39.7293227,-105.0162485,2/28/2019 7:29,7:29,12,0,0,EIGHTH AVENUE WEST & ZUNI STREET NORTH / 2400 BLOCK WEST,2,1,0,0,1,4,,0,30,0,0,0,0,0,4,2,13
,2019-18449,39.73045459,-104.9889408,8/27/2019 10:25,10:25,6,0,0,NINTH AVENUE WEST & ACOMA STREET NORTH,1,1,0,0,1,4,,0,30,0,0,0,0,0,4,2,13
,2019-18450,39.73050839,-104.9969633,10/17/2019 16:10,16:10,3,0,0,NINTH AVENUE 700 BLOCK WEST & GALAPAGO STREET NORTH,1,1,0,0,1,5,,0,25,0,0,0,0,0,4,2,13
,2019-18451,39.71113662,-105.0179761,10/11/2019 13:39,13:39,15,0,0,ALAMEDA AVENUE 2500 BLOCK WEST & ALCOTT STREET SOUTH,1,1,0,0,1,4,,0,35,0,0,0,0,0,4,2,13
,2019-18452,39.71117279,-104.9903638,2/15/2019 8:34,8:34,15,0,0,ALAMEDA AVENUE 100 BLOCK WEST & BANNOCK STREET SOUTH,1,1,0,0,1,4,,0,30,0,0,0,0,0,4,2,13
,2019-18453,39.71117181,-104.9901861,5/6/2019 12:42,12:42,12,0,0,ALAMEDA AVENUE 100 BLOCK WEST & BANNOCK STREET SOUTH,1,1,0,0,1,4,,0,35,0,0,0,0,0,4,2,13
,2019-18454,39.71117181,-104.9901861,11/7/2019 13:14,13:14,12,0,2,ALAMEDA AVENUE 200 BLOCK WEST & BANNOCK STREET SOUTH,1,1,0,0,1,4,,0,30,0,0,0,0,1,4,2,12
,2019-18455,39.71114954,-104.9875751,4/27/2019 11:40,11:40,12,0,0,ALAMEDA AVENUE WEST & BROADWAY STREET SOUTH,1,1,0,0,1,3,,0,35,0,0,0,0,0,4,2,13
,2019-18456,39.71114977,-104.9875751,9/9/2019 20:20,20:20,12,0,0,ALAMEDA AVENUE WEST & BROADWAY STREET SOUTH,1,3,0,0,1,1,,0,30,0,0,0,0,0,4,2,13
,2019-18457,39.71118436,-104.9925932,2/28/2019 8:05,8:05,12,0,0,ALAMEDA AVENUE WEST & CHEROKEE STREET SOUTH,1,1,0,0,1,3,,0,30,0,0,0,0,0,4,2,13
,2019-18458,39.71118542,-104.9930908,7/8/2019 15:42,15:42,12,0,0,ALAMEDA AVENUE WEST 300 BLOCK & CHEROKEE STREET SOUTH,1,1,1,0,1,3,,0,35,0,0,0,0,0,4,3,1
,2019-18459,39.71111413,-104.9780823,7/10/2019 6:49,6:49,5,0,0,ALAMEDA AVENUE EAST 700 BLOCK & CLARKSON STREET SOUTH,1,1,1,0,2,4,,0,30,0,0,0,0,0,4,1,13
,2019-18460,39.76571574,-104.9477365,8/19/2019 21:46,21:46,6,0,0,35TH AVENUE 3200 BLOCK EAST & COOK STREET NORTH,1,3,1,0,1,4,,0,25,0,0,0,1,0,4,2,13
,2019-18461,39.71110596,-104.9733929,1/24/2019 11:31,11:31,6,0,0,ALAMEDA AVENUE 1100 EAST & DOWNING STREET SOUTH,5,1,0,4,1,2,,0,30,0,0,0,0,0,4,2,13
,2019-18462,39.71119629,-104.8946851,7/25/2019 19:37,19:37,12,0,2,ALAMEDA AVENUE EAST & FAIRMOUNT DRIVE EAST,1,2,0,0,1,3,,0,35,0,0,0,0,1,4,2,14
,2019-18463,39.71480599,-104.991803,4/25/2019 15:17,15:17,6,0,0,BAYAUD AVENUE WEST & BROADWAY STREET SOUTH,1,1,0,0,1,4,,0,25,0,0,0,0,0,4,2,8
,2019-18464,39.71115939,-104.9864261,10/1/2019 18:37,18:37,12,0,0,ALAMEDA AVENUE 00 BLOCK EAST & LINCOLN STREET SOUTH,1,1,0,1,1,1,,0,30,0,0,0,0,0,4,2,13
,2019-18465,39.71101149,-104.9524987,11/9/2019 21:50,21:50,15,0,0,ALAMEDA AVENUE 2800 BLOCK EAST & MILWAUKEE STREET SOUTH,1,4,0,0,1,4,,0,25,0,0,0,0,0,4,2,1
,2019-18466,39.71144682,-104.9449746,4/12/2019 1:40,1:40,5,0,0,ALAMEDA AVENUE EAST & MONROE STREET SOUTH,1,3,0,0,3,3,,0,35,0,0,0,0,0,4,1,5
,2019-18467,39.71115583,-104.9855354,1/23/2019 10:09,10:09,15,0,0,ALAMEDA AVENUE EAST 100 BLOCK & SHERMAN STREET SOUTH,1,1,0,0,1,4,,0,30,0,0,0,0,0,4,2,13
,2019-18468,39.71114986,-104.9851944,6/23/2019 13:05,13:05,8,0,0,ALAMEDA AVENUE EAST & SHERMAN STREET SOUTH,1,1,0,0,1,4,,0,30,0,0,0,0,0,4,2,14
,2019-18469,39.71111733,-104.9666759,12/1/2019 16:52,16:52,15,0,0,ALAMEDA AVENUE 1700 BLOCK EAST & WILLIAMS STREET SOUTH,2,3,0,0,1,4,,0,30,0,0,0,0,0,4,2,5
,2019-18470,39.70845723,-105.0063199,8/4/2019 3:07,3:07,6,0,0,ALASKA PLACE WEST & PECOS STREET SOUTH,1,3,0,0,1,4,,0,25,0,0,0,0,0,4,7,5
,2019-18471,39.77718758,-104.8334323,8/26/2019 18:40,18:40,12,0,0,14100 BLOCK EAST ALBROOK DRIVE & CARSON STREET NORTH,1,1,0,0,1,4,,0,30,0,0,0,0,0,4,2,5
,2019-18472,39.71573811,-105.0204501,3/22/2019 17:44,17:44,6,0,0,ARCHER PLACE WEST & CLAY STREET SOUTH,1,1,1,0,1,3,,0,25,0,0,0,1,0,4,2,5
,2019-18474,39.69475992,-104.9407624,9/24/2019 6:25,6:25,1,0,0,ARIZONA AVENUE EAST & COLORADO BOULEVARD SOUTH,1,2,0,0,1,2,,0,25,0,0,0,0,0,4,2,7
,2019-18475,39.6911841,-104.9863803,4/19/2019 11:44,11:44,6,0,0,ARKANSAS AVENUE EAST & LINCOLN STREET NORTH,1,1,0,0,1,3,,0,25,0,0,0,0,0,4,3,1
,2019-18476,39.76300106,-105.0303748,6/14/2019 8:00,8:00,5,0,0,MONCRIEFF PLACE 3300 BLOCK WEST & IRVING STREET NORTH,1,3,0,0,1,4,,0,,0,0,0,0,0,4,1,13
,2019-18477,39.71473983,-104.9838094,12/10/2019 0:46,0:46,6,0,1,BAYAUD AVENUE EAST & GRANT STREET SOUTH,1,3,0,0,1,4,,0,25,0,0,0,0,2,4,2,13
,2019-18478,39.71481414,-105.0180091,9/18/2019 10:12,10:12,6,0,1,BAYAUD AVENUE WEST & BRYANT STREET SOUTH,1,1,1,0,1,4,,0,25,0,0,0,0,1,4,2,7
,2019-18479,39.71498019,-105.0257762,7/29/2019 17:43,17:43,10,0,0,BAYAUD AVENUE ROAD WEST & FEDERAL BOULEVARD SOUTH,1,1,0,0,1,2,,0,25,0,0,0,0,0,4,2,13
,2019-18480,39.71473345,-104.9819772,11/18/2019 7:20,7:20,14,0,0,BAYAUD AVENUE EAST & PENNSYLVANIA STREET SOUTH,1,1,0,0,1,4,,0,25,0,0,0,0,0,4,2,3
,2019-18481,39.62422823,-105.1035671,10/18/2019 13:03,13:03,12,0,0,BELLEVIEW AVENUE 9300 BLOCK WEST & GARLAND STREET SOUTH,1,1,0,0,1,4,,0,40,0,0,0,0,0,4,2,13