id,drcog_id,latitude,longitude,crashtime,time,crashtype,numbkilled,numbinjurd,drcoglocat,rdconditin,lightngcon,roadcntgrd,weatherco,location,roaddescrp,schoolzone,constrzone,splimit,bikeinv,sctrinv,pedinv,motoinv,svrty,rdsystem,ttlvehcls,hcf
,2019-18482,39.74971118,-105.0002309,3/18/2019 17:38,17:38,15,0,0,BLAKE STREET 1500 BLOCK & 16TH STREET,1,1,0,0,1,4,,0,30,0,0,0,0,0,4,2,13
,2019-18483,39.6875857,-104.9876981,8/21/2019 23:57,23:57,12,0,0,BROADWAY STREET SOUTH & IOWA AVENUE EAST,1,3,0,0,1,4,,0,30,0,0,0,1,0,4,2,3
,2019-18484,39.76832875,-105.0323884,10/22/2019 13:11,13:11,6,0,0,CLYDE PLACE WEST & JULIAN STREET NORTH,1,3,0,0,1,4,,0,25,0,0,0,0,0,4,2,7
,2019-18485,39.68278228,-104.95941,3/15/2019 8:13,8:13,12,0,1,BUCHTEL BOULEVARD EAST & UNIVERSITY BOULEVARD SOUTH,5,1,0,0,1,3,,0,30,0,0,0,0,1,4,2,7
,2019-18486,39.71178903,-105.0420791,1/13/2019 11:52,11:52,12,0,0,BYERS PLACE 4200 BLOCK WEST & RALEIGH STREET SOUTH,1,1,0,1,1,4,,0,25,0,0,0,0,0,4,2,13
,2019-18487,39.74604242,-104.9910701,10/21/2019 10:55,10:55,12,0,0,CALIFORNIA STREET & 17TH STREET,1,1,0,0,1,3,,0,30,0,0,0,0,0,4,2,13
,2019-18488,39.71303928,-104.9940834,5/27/2019 9:00,9:00,6,0,0,CEDAR AVENUE 500 WEST & ELATI STREET NORTH,1,1,0,0,1,4,,0,25,0,0,0,0,0,4,2,1
,2019-18489,39.71338166,-105.0303199,11/22/2019 22:52,22:52,6,0,1,CEDAR AVENUE 3300 BLOCK WEST & IRVING STREET SOUTH,1,4,0,0,1,4,,0,35,0,0,0,0,1,4,3,5
,2019-18490,39.70570494,-104.9841382,6/13/2019 8:24,8:24,6,0,0,CENTER AVENUE 200 BLOCK EAST & GRANT STREET SOUTH,1,1,1,0,1,4,,0,25,0,0,0,0,0,4,3,13
,2019-18491,39.76200671,-105.0052796,10/9/2019 13:40,13:40,12,0,0,CENTRAL STREET & OSAGE STREET NORTH,1,1,0,0,1,3,,0,30,0,0,0,0,0,4,2,3
,2019-18492,39.70732885,-104.9415715,7/28/2019 3:53,3:53,5,0,0,CHERRY CREEK NORTH DRIVE EAST & COLORADO BOULEVARD SOUTH,1,4,0,0,3,4,,0,30,0,0,0,0,0,4,1,12
,2019-18493,39.76834661,-105.0286686,1/28/2019 9:30,9:30,6,0,0,CLYDE STREET 3100 WEST & GROVE STREET,5,1,0,2,1,4,,0,,0,0,0,0,0,4,2,13
,2019-18494,39.66855079,-105.0200995,1/11/2019 16:27,16:27,6,0,0,COLLEGE AVENUE WEST & CLAY STREET SOUTH,6,1,0,2,1,4,,0,25,0,0,0,0,0,4,2,1
,2019-18495,39.74242806,-104.98881,11/16/2019 10:35,10:35,6,0,0,COURT PLACE & 16TH STREET,1,1,0,0,1,4,,0,25,0,0,0,0,0,4,2,13
,2019-18496,39.77938017,-104.8398852,12/14/2019 16:45,16:45,12,0,0,CROWN BOULEVARD NORTH & ALBROOK DRIVE EAST,1,3,0,0,1,4,,0,25,0,0,0,0,0,4,2,3
,2019-18497,39.67846281,-104.9319673,9/18/2019 10:51,10:51,15,0,0,DAHLIA STREET SOUTH & EVANS AVENUE EAST,1,1,0,0,1,3,,0,35,0,0,0,0,0,4,2,13
,2019-18498,39.70941378,-105.0258094,7/27/2019 17:22,17:22,15,0,0,DAKOTA AVENUE WEST & FEDERAL BOULEVARD SOUTH,1,1,0,0,1,4,,0,25,0,0,0,0,0,4,3,13
,2019-18499,39.65653793,-105.0613399,4/19/2019 10:42,10:42,12,0,0,DARTMOUTH AVENUE 5900 BLOCK WEST & HOBART WAY SOUTH,1,1,0,0,1,4,,0,25,0,0,0,0,0,4,3,13
,2019-18500,39.65617243,-105.053553,10/31/2019 8:30,8:30,3,0,0,DARTMOUTH AVENUE WEST & SHERIDAN BOULEVARD SOUTH,2,1,0,0,1,2,,0,30,0,0,0,0,0,4,2,3
,2019-18501,39.65667708,-105.0497971,4/26/2019 7:54,7:54,12,0,0,DARTMOUTH AVENUE 5100 BLOCK WEST & ZENOBIA STREET SOUTH,1,1,0,0,1,4,,0,30,0,0,0,0,0,4,2,14
,2019-18502,39.72561215,-104.9549006,5/3/2019 8:58,8:58,15,0,0,DETROIT STREET NORTH & SIXTH AVENUE EAST,1,1,0,0,1,4,,0,35,0,0,0,0,0,4,2,13
,2019-18503,39.71624035,-104.9489366,3/7/2019 10:10,10:10,3,0,0,ELLSWORTH AVENUE 3200 BLOCK EAST & ADAMS STREET NORTH,6,1,0,0,1,2,,0,25,0,0,0,0,0,4,2,13
,2019-18504,39.71660346,-104.9942487,3/18/2019 12:52,12:52,6,0,0,ELLSWORTH AVENUE WEST & ELATI STREET NORTH,1,1,0,0,1,4,,0,25,0,0,0,0,0,4,2,14
,2019-18505,39.71652898,-104.9770246,6/26/2019 22:10,22:10,6,0,1,ELLSWORTH AVENUE EAST & EMERSON STREET,1,3,0,0,1,3,,0,25,0,0,0,0,1,4,3,7
,2019-18506,39.71656613,-105.0289493,6/12/2019 12:45,12:45,3,0,0,ELLSWORTH AVENUE 3200 WEST & HOOKER STREET SOUTH,1,1,0,0,1,2,,0,25,0,0,0,0,0,4,2,3
,2019-18507,39.71656544,-105.034001,5/26/2019 9:02,9:02,6,0,0,ELLSWORTH WEST & KING STREET NORTH,1,2,0,0,1,4,,0,25,0,0,0,0,0,4,2,3
,2019-18508,39.71651865,-104.9796121,2/7/2019 7:48,7:48,3,0,0,ELLSWORTH AVENUE 600 BLOCK & WASHINGTON STREET NORTH,5,1,0,0,1,5,,0,20,0,0,0,0,0,4,2,1
,2019-18509,39.79254601,-104.7703765,9/21/2019 15:30,15:30,10,0,0,ELMENDORF DRIVE EAST & ARGONNE STREET NORTH,1,1,0,0,1,4,,0,20,0,0,0,0,0,4,2,13
,2019-18510,39.67843506,-104.9899582,7/26/2019 18:54,18:54,3,0,0,EVANS AVENUE WEST & BANNOCK STREET SOUTH,1,1,1,0,1,2,,0,35,0,0,0,0,0,4,2,13
,2019-18511,39.67849761,-104.9875673,10/27/2019 15:01,15:01,8,0,2,EVANS AVENUE WEST & BROADWAY STREET SOUTH,2,1,0,2,1,3,,0,35,0,0,0,0,2,4,2,5
,2019-18512,39.67865773,-105.0207073,2/7/2019 20:00,20:00,12,0,0,EVANS AVENUE 2100 BLOCK WEST & CLAY STREET SOUTH,6,3,0,2,1,4,,0,30,0,0,0,0,0,4,2,7
,2019-18513,39.67865773,-105.0207073,11/19/2019 15:50,15:50,12,0,0,EVANS AVENUE WEST & CLAY STREET SOUTH,1,1,0,0,1,4,,0,30,0,0,0,0,0,4,2,3
,2019-18514,39.67844378,-104.9410981,2/13/2019 19:18,19:18,3,0,0,EVANS AVENUE EAST & COLORADO BOULEVARD SOUTH,1,3,0,0,1,2,,0,35,0,0,0,0,0,4,2,13
,2019-18515,39.75996964,-104.8789871,4/17/2019 17:50,17:50,15,0,0,MLK BOULEVARD EAST & BEELER STREET NORTH,1,1,0,0,1,4,,0,35,0,0,0,0,0,4,2,1
,2019-18516,39.67843338,-104.9415205,11/14/2019 8:27,8:27,3,0,0,EVANS AVENUE EAST & COLORADO BOULEVARD SOUTH,1,1,0,0,1,2,,0,35,0,0,0,0,0,4,2,13
,2019-18517,39.67846331,-104.931676,2/4/2019 8:52,8:52,3,0,0,EVANS AVENUE EAST & DAHLIA STREET SOUTH,1,1,0,0,1,3,,0,35,0,0,0,0,0,4,2,13
,2019-18518,39.67846281,-104.9319673,8/22/2019 17:55,17:55,12,0,0,EVANS AVENUE EAST & DAHLIA STREET SOUTH,1,1,0,0,1,4,,0,35,0,0,0,0,0,4,2,14
,2019-18519,39.67837846,-104.9440268,10/30/2019 10:39,10:39,9,0,0,EVANS AVENUE EAST & JACKSON STREET SOUTH,11,1,0,2,2,4,,0,35,0,0,0,0,0,4,1,13
,2019-18520,39.6784623,-104.9322622,10/22/2019 12:04,12:04,1,0,0,EVANS AVENUE EAST & DAHLIA STREET SOUTH,1,1,0,0,1,2,,0,35,0,0,0,0,0,4,2,13
,2019-18521,39.67851449,-104.9737059,1/4/2019 9:55,9:55,12,0,1,EVANS AVENUE EAST & DOWNING STREET SOUTH,1,1,0,0,1,4,,0,25,0,0,0,0,1,4,2,3
,2019-18522,39.67850601,-104.9734308,2/20/2019 8:05,8:05,12,0,0,EVANS AVENUE EAST & DOWNING STREET SOUTH,2,1,0,0,1,3,,0,30,0,0,0,0,0,4,4,13
,2019-18523,39.67850601,-104.9734308,5/11/2019 12:29,12:29,12,0,0,EVANS AVENUE EAST & DOWNING STREET SOUTH,1,1,0,0,1,3,,0,30,0,0,0,0,0,4,4,13
,2019-18524,39.67851804,-104.9879159,5/8/2019 20:41,20:41,3,0,0,EVANS AVENUE 2100 BLOCK WEST & EVANS AVENUE WEST,2,3,0,2,1,2,,0,30,0,0,0,1,0,4,2,13
,2019-18525,39.67846918,-104.9262564,1/21/2019 17:51,17:51,12,0,0,EVANS AVENUE EAST & GRAPE STREET SOUTH,2,3,0,0,1,4,,0,30,0,0,0,0,0,4,3,13
,2019-18526,39.67846765,-104.927745,3/2/2019 13:00,13:00,12,0,0,EVANS AVENUE EAST & GRAPE STREET SOUTH / 4900 BLOCK EAST,1,1,0,0,1,4,,0,35,0,0,0,0,0,4,2,2
,2019-18527,39.67844395,-104.9251965,10/14/2019 12:19,12:19,15,0,0,EVANS AVENUE EAST & GRAPE STREET NORTH,1,1,0,0,1,3,,0,35,0,0,0,0,0,4,2,13
,2019-18528,39.67847278,-104.9226557,2/7/2019 18:09,18:09,3,0,0,EVANS AVENUE EAST & HOLLY STREET SOUTH,2,3,0,0,1,2,,0,35,0,0,0,0,0,4,2,7
,2019-18529,39.678453,-104.9222662,5/15/2019 10:10,10:10,14,0,0,EVANS AVENUE EAST & HOLLY STREET SOUTH,1,1,0,0,1,1,,0,35,0,0,0,0,0,4,2,13
,2019-1853,39.75557169,-105.0103882,10/2/2019 9:51,9:51,6,0,0,PLATTE STREET 1400 BLOCK & PLATTE STREET,1,1,0,0,1,4,,0,,0,0,0,0,0,4,2,13
,2019-18530,39.6784724,-104.9225136,10/1/2019 9:12,9:12,3,0,0,EVANS AVENUE EAST & HOLLY STREET SOUTH,1,1,0,0,1,2,,0,35,0,0,0,0,0,4,2,13
,2019-18531,39.67847211,-104.9224071,10/17/2019 13:27,13:27,12,0,0,EVANS AVENUE EAST & HOLLY STREET SOUTH,1,1,0,0,1,3,,0,30,0,0,0,0,0,4,2,13
,2019-18532,39.67847442,-104.9234757,6/21/2019 14:06,14:06,1,0,0,EVANS AVENUE EAST & HUDSON STREET SOUTH,2,1,0,1,1,2,,0,35,0,0,0,0,0,4,2,14
,2019-18533,39.67846245,-104.9133894,10/21/2019 16:55,16:55,1,0,0,EVANS AVENUE 6300 EAST & MONACO STREET SOUTH,1,1,1,0,1,2,,0,30,0,0,0,0,0,4,2,13
,2019-18534,39.67846285,-104.914544,11/22/2019 11:45,11:45,12,0,0,EVANS AVENUE 6300 BLOCK EAST & MONACO STREET SOUTH,2,1,0,0,1,4,,0,45,0,0,0,0,0,4,2,13
,2019-18535,39.6784084,-104.9451061,5/1/2019 15:17,15:17,12,0,0,EVANS AVENUE EAST & MONROE STREET SOUTH,1,1,0,0,1,3,,0,30,0,0,0,0,0,4,2,13
,2019-18536,39.70383102,-104.9436697,6/1/2019 18:12,18:12,6,0,0,EXPOSITION AVENUE EAST & HARRISON STREET SOUTH,1,1,0,0,1,4,,0,20,0,0,0,0,0,4,2,14
,2019-18537,39.6784001,-104.9608201,9/19/2019 7:45,7:45,12,0,0,EVANS AVENUE 2200 BLOCK EAST & UNIVERSITY BOULEVARD SOUTH,1,1,0,0,1,4,,0,35,0,0,0,0,0,4,2,3
,2019-18538,39.67854601,-104.9793606,12/4/2019 10:12,10:12,12,0,0,EVANS AVENUE EAST & WASHINGTON STREET SOUTH,1,1,0,0,1,4,,0,35,0,0,0,0,0,4,3,3
,2019-18539,39.70386145,-104.913123,7/20/2019 11:30,11:30,3,0,0,EXPOSITION AVENUE EAST & MONACO PARKWAY SOUTH,1,1,1,0,1,2,,0,25,0,0,0,0,0,4,2,14
,2019-18540,39.70392859,-105.0398689,10/11/2019 6:17,6:17,6,0,0,EXPOSITION AVENUE WEST & PERRY STREET SOUTH,5,3,0,0,1,4,,0,25,0,0,0,0,0,4,2,2
,2019-18541,39.70430061,-105.0431941,1/24/2019 11:29,11:29,6,0,0,EXPOSITION AVENUE WEST & STUART STREET SOUTH,4,1,0,0,1,3,,0,25,0,0,0,0,0,4,2,3
,2019-18542,39.6786385,-105.0257426,2/4/2019 19:15,19:15,12,0,0,FEDERAL BOULEVARD SOUTH & EVANS AVENUE WEST,1,3,0,0,1,4,,0,35,0,0,0,0,0,4,2,12
,2019-18543,39.6893297,-104.93623,8/21/2019 19:25,19:25,12,0,0,FLORIDA AVENUE EAST & BIRCH STREET SOUTH,2,3,0,1,1,4,,0,30,0,0,0,0,0,4,2,3
,2019-18544,39.6894002,-104.9875998,2/3/2019 12:46,12:46,6,0,0,FLORIDA AVENUE WEST & BROADWAY STREET SOUTH,1,1,0,0,1,4,,0,20,0,0,0,0,0,4,2,13
,2019-18545,39.68934105,-104.9341655,10/16/2019 15:41,15:41,12,0,1,FLORIDA AVENUE 4500 BLOCK EAST & CHERRY STREET SOUTH,1,1,0,0,1,5,,0,30,0,0,0,0,1,4,2,12
,2019-18546,39.667716,-104.9816654,11/23/2019 0:52,0:52,6,0,0,YALE AVENUE & 5121 EAST,14,5,3,0,6,4,,0,,0,0,0,0,0,3,2,13
,2019-18547,39.68948699,-105.0255079,9/24/2019 7:40,7:40,3,0,0,FLORIDA AVENUE 3000 BLOCK WEST & FEDERAL BOULEVARD SOUTH,1,1,0,0,1,2,,0,30,0,0,0,0,0,4,2,7
,2019-18548,39.68936852,-104.9171375,10/28/2019 12:29,12:29,5,0,0,FLORIDA AVENUE EAST & KEARNEY STREET SOUTH,5,1,1,0,3,4,,0,30,0,0,0,0,0,4,1,13
,2019-18549,39.68943821,-105.0346343,12/20/2019 17:07,17:07,12,0,2,FLORIDA AVENUE 3450 BLOCK WEST & KNOX COURT SOUTH,1,1,0,0,1,3,,0,35,0,0,0,0,1,4,2,7
,2019-18550,39.68946282,-105.0381766,10/25/2019 8:26,8:26,6,0,1,FLORIDA AVENUE 3900 BLOCK WEST & OSCEOLA STREET SOUTH,1,1,0,0,1,4,,0,30,0,0,0,0,1,4,2,3
,2019-18551,39.68940189,-104.9926249,5/2/2019 7:40,7:40,12,0,0,FLORIDA AVENUE WEST 400 BLOCK & SANTA FE DRIVE SOUTH,1,1,0,0,1,4,,0,30,0,0,0,0,0,4,2,13
,2019-18552,39.68938747,-104.9923268,6/8/2019 2:33,2:33,5,0,0,FLORIDA AVENUE 411 WEST & SANTA FE DRIVE SOUTH,1,3,1,0,1,2,,0,30,0,0,0,0,0,4,1,14
,2019-18553,39.68952294,-105.0442615,7/16/2019 14:30,14:30,12,0,1,FLORIDA AVENUE WEST & TENNYSON STREET SOUTH,1,1,1,0,1,3,,0,30,0,0,0,0,1,4,2,3
,2019-18554,39.78366054,-104.8101088,7/25/2019 7:45,7:45,15,0,0,GATEWAY AVENUE EAST & CHAMBERS ROAD NORTH,1,1,0,0,1,3,,0,30,0,0,0,0,0,4,2,13
,2019-18555,39.65488428,-104.9285777,3/5/2019 11:05,11:05,6,0,0,GIRARD AVENUE 5000 BLOCK EAST & FAIRFAX STREET SOUTH,5,1,0,0,1,4,,0,25,0,0,0,0,0,4,2,7
,2019-18556,39.65445687,-104.8946835,9/3/2019 18:58,18:58,15,0,0,GIRARD AVENUE EAST & TULARE COURT SOUTH,1,2,1,0,1,4,,0,25,0,0,0,0,0,4,2,13
,2019-18557,39.74481495,-104.9892455,10/14/2019 17:21,17:21,6,0,0,GLENARM PLACE & 17TH STREET,1,1,0,0,1,4,,0,30,0,0,0,0,0,4,2,2
,2019-18558,39.78108868,-104.7499358,4/2/2019 1:10,1:10,5,0,0,GREEN VALLEY RANCH BOULEVARD EAST & JEBEL STREET NORTH / 20400 BLOCK EAST,1,3,0,0,3,4,,0,40,0,0,0,0,0,4,1,2
,2019-18559,39.78140458,-104.7437644,10/23/2019 8:40,8:40,5,0,0,GREEN VALLEY RANCH BOULEVARD 20700 BLOCK EAST & MALAYA STREET,1,1,0,0,3,1,,0,35,0,0,0,1,0,4,1,12
,2019-18560,39.78173914,-104.7384539,6/24/2019 2:04,2:04,5,0,0,GREEN VALLEY RANCH BOULEVARD EAST & ORLEANS STREET NORTH,1,3,1,0,3,4,,0,35,0,0,0,0,0,4,1,14
,2019-18561,39.78364364,-104.7917474,3/31/2019 12:30,12:30,12,0,0,GREEN VALLEY RANCH BOULEVARD EAST & PENA BOULEVARD INBOUND,1,1,0,0,1,7,,0,40,0,0,0,0,0,4,2,7
,2019-18562,39.78361785,-104.7744644,10/26/2019 16:57,16:57,12,0,0,GREEN VALLEY RANCH BOULEVARD EAST & YAMPA STREET NORTH,1,1,0,0,1,4,,0,40,0,0,0,0,0,4,2,13
,2019-18563,39.75780648,-104.8566629,6/20/2019 17:00,17:00,12,0,0,HAVANA WAY NORTH  & LIMA STREET NORTH,1,1,0,0,1,4,,0,30,0,0,0,0,0,4,2,13
,2019-18564,39.67472335,-104.8726388,2/23/2019 14:44,14:44,12,0,1,ILIFF AVENUE EAST & PARKER ROAD SOUTH,1,1,0,0,1,3,,0,40,0,0,0,0,1,4,2,7
,2019-18565,39.67484094,-104.9597637,2/3/2019 17:36,17:36,12,0,0,ILIFF AVENUE EAST 2300 BLOCK & UNIVERDITY BOULEVARD SOUTH,1,2,1,0,1,4,,0,35,0,0,0,0,0,4,4,5
,2019-18566,39.6875512,-104.987513,1/3/2019 10:22,10:22,3,0,1,IOWA AVENUE WEST & BROADWAY SOUTH,2,1,0,0,1,2,,0,25,0,0,0,0,1,4,2,13
,2019-18567,39.68766069,-105.0302766,7/1/2019 9:15,9:15,15,0,0,IOWA AVENUE WEST & IRVING STREET SOUTH,1,1,0,0,1,4,,0,25,0,0,0,0,0,4,2,3
,2019-18568,39.68226684,-105.025565,12/12/2019 17:26,17:26,12,0,0,JEWELL AVENUE 3000 BLOCK WEST & FEDERAL BOULEVARD SOUTH,1,3,0,0,1,4,,0,25,0,0,0,0,0,4,2,13
,2019-18569,39.68225917,-105.0267349,2/4/2019 7:23,7:23,1,0,0,JEWELL AVENUE 3150 WEST & GROVE STREET SOUTH,1,1,0,0,1,2,,0,30,0,0,0,0,0,4,2,13
,2019-18570,39.68226028,-105.0265218,3/11/2019 7:30,7:30,12,0,0,JEWELL AVENUE WEST & GROVE STREET SOUTH / 3000 BLOCK WEST,1,1,0,0,1,4,,0,30,0,0,0,0,0,4,2,13
,2019-18571,39.68208726,-104.9184345,8/1/2019 23:46,23:46,6,0,0,JEWELL AVENUE EAST & JASMINE STREET SOUTH,1,4,0,0,1,4,,0,30,0,0,0,0,0,4,2,13
,2019-18572,39.747438,-104.90346,10/9/2019 18:26,18:26,15,0,0,MONTVIEW BOULEVARD EAST & QUEBEC STREET NORTH,1,2,0,0,1,1,,0,30,0,0,0,0,0,4,2,1
,2019-18573,39.68215691,-104.9829378,6/9/2019 0:00,0:00,6,0,0,JEWELL AVENUE EAST & LOGAN AVENUE EAST,2,4,0,1,1,4,,0,30,0,0,0,0,0,4,2,5
,2019-18574,39.68229132,-105.0535573,2/22/2019 16:55,16:55,12,0,1,JEWELL AVENUE WEST & SHERIDAN BOULEVARD SOUTH,2,1,0,2,1,2,,0,35,0,0,0,0,1,4,2,13
,2019-18575,39.68229218,-105.0533797,8/20/2019 17:21,17:21,12,0,1,JEWELL AVENUE WEST & SHERIDAN BOULEVARD SOUTH,1,1,0,0,1,4,,0,30,0,0,0,0,1,4,3,13
,2019-18576,39.68228736,-105.0101389,2/27/2019 18:08,18:08,8,0,0,JEWELL AVENUE WEST & SHOSHONE STREET SOUTH,1,1,1,0,1,4,,0,25,0,0,0,0,0,4,2,5
,2019-18577,39.68223908,-105.0444826,9/26/2019 15:35,15:35,12,0,1,JEWELL AVENUE 4400 BLOCK WEST & TENNYSON STREET SOUTH,1,1,0,0,1,4,,0,30,0,0,0,0,1,4,2,14
,2019-18578,39.77090668,-104.7485546,1/18/2019 16:30,16:30,12,0,1,KIRK STREET NORTH & 40TH AVENUE EAST,1,1,0,0,1,4,,0,25,0,0,0,0,1,4,2,10
,2019-18579,39.75316424,-104.9905767,10/31/2019 14:11,14:11,15,0,0,LAWRENCE STREET & 21ST STREET,2,1,0,0,1,3,,0,25,0,0,0,0,0,4,2,13
,2019-18580,39.75501047,-104.988186,3/1/2019 15:00,15:00,15,0,0,LAWRENCE STREET & PARK AVENUE WEST,1,1,0,0,1,4,,0,35,0,0,0,0,0,4,3,13
,2019-18581,39.69310026,-105.0304407,9/29/2019 18:42,18:42,6,0,0,LOUISIANA AVENUE WEST & IRVING STREET SOUTH,1,1,0,0,1,4,,0,25,0,0,0,0,0,4,2,5
,2019-18582,39.74328077,-104.9861648,11/29/2019 21:57,21:57,12,0,0,LINCOLN STREET NORTH & 17TH AVENUE EAST,4,3,0,2,1,3,,0,30,0,0,0,0,0,4,2,13
,2019-18583,39.7474408,-104.9039935,5/16/2019 16:08,16:08,6,0,0,MONTVIEW BOULEVARD EAST & QUEBEC STREET NORTH,1,1,0,0,1,4,,0,30,0,0,0,0,0,4,2,1
,2019-18585,39.78753924,-104.9025913,9/23/2019 21:00,21:00,5,0,0,I270 & QUEBEC STREET,1,3,0,0,3,4,,0,,0,0,0,0,0,1,1,14
,2019-18586,39.77927851,-105.0018998,5/17/2019 9:45,9:45,6,0,0,MARIPOSA STREET NORTH & LIPAN STREET NORTH,1,1,0,0,1,4,,0,25,0,0,0,0,0,4,2,7
,2019-18587,39.74797822,-105.000746,11/29/2019 12:20,12:20,15,0,0,MARKET STREET 1400 BLOCK & 15TH STREET,5,1,0,0,1,4,,0,35,0,0,0,0,0,4,2,7
,2019-18588,39.75173022,-104.9958949,10/31/2019 8:41,8:41,12,0,0,MARKET STREET & 18TH STREET,5,1,0,0,1,3,,0,30,0,0,0,0,0,4,2,13
,2019-18589,39.75646506,-104.9898486,5/26/2019 21:10,21:10,12,0,0,MARKET STREET & PARK AVENUE WEST / 2200 BLOCK,1,3,0,0,1,4,,0,30,0,0,0,0,0,4,2,13
,2019-18590,39.7926843,-104.8231124,2/9/2019 12:21,12:21,5,0,0,MAXWELL PLACE & 20300 BLOCK EAST,1,1,0,0,3,4,,0,30,0,0,0,0,0,4,1,10
,2019-18591,39.79556978,-104.7963517,11/8/2019 10:45,10:45,12,0,0,MAXWELL PLACE EAST & MEMPHIS STREET NORTH,1,1,0,0,1,3,,0,25,0,0,0,0,0,4,2,13
,2019-18592,39.79575834,-104.8011017,7/5/2019 21:20,21:20,5,0,0,MAXWELL PLACE EAST & ROBINS DRIVE EAST,2,3,0,1,3,4,,0,25,0,0,0,0,0,4,1,1
,2019-18594,39.68592475,-105.0169252,8/12/2019 21:31,21:31,6,0,1,MEXICO AVENUE WEST & ALCOTT STREET SOUTH,1,3,1,0,1,4,,0,25,0,0,0,0,1,4,3,9
,2019-18595,39.69692189,-104.923951,5/24/2019 21:36,21:36,5,0,0,MISSISSIPPI AVENUE EAST & CHERRY CREEK SOUTH DRIVE EAST,1,3,0,0,3,3,,0,25,0,0,0,0,0,4,1,14
,2019-18596,39.69678775,-105.0238259,2/14/2019 9:52,9:52,15,0,0,MISSISSIPPI AVENUE WEST & ELIOT STREET SOUTH / 2900 BLOCK WEST,1,1,0,0,1,4,,0,30,0,0,0,0,0,4,2,13
,2019-18597,39.69673865,-105.024106,9/11/2019 15:26,15:26,1,0,0,MISSISSIPPI AVENUE WEST & ELIOT STREET SOUTH,1,1,0,0,1,2,,0,30,0,0,0,0,0,4,2,14
,2019-18598,39.69674629,-105.0257124,5/29/2019 16:07,16:07,15,0,0,MISSISSIPPI AVENUE 3000 BLOCK WEST & FEDERAL BOULEVARD SOUTH,1,1,0,0,1,4,,0,30,0,0,0,0,0,4,2,13
,2019-18599,39.69669522,-105.0003143,3/24/2019 19:02,19:02,12,0,1,MISSISSIPPI AVENUE WEST & KALAMATH STREET SOUTH / 1100 BLOCK,2,1,1,0,1,3,,0,35,0,0,0,0,1,4,2,13
,2019-18600,39.69666306,-104.9931382,9/16/2019 7:09,7:09,15,0,3,MISSISSIPPI AVENUE 500 BLOCK WEST & PLATTE RIVER DRIVE SOUTH,1,1,0,0,1,4,,0,35,0,0,0,0,1,4,3,3
,2019-18601,39.69566667,-104.9053673,5/21/2019 16:45,16:45,14,0,0,MISSISSIPPI AVENUE EAST & QUEBEC STREET SOUTH,1,1,0,0,1,4,,0,25,0,0,0,0,0,4,3,1
,2019-18602,39.69675906,-105.0141385,9/17/2019 13:34,13:34,15,0,0,MISSISSIPPI AVENUE WEST & VALLEJO STREET SOUTH,1,1,0,0,1,4,,0,30,0,0,0,0,0,4,2,14
,2019-18603,39.69657874,-104.960568,6/8/2019 14:35,14:35,6,0,0,MISSISSIPPI AVENUE 2200 BLOCK EAST & YORK STREET SOUTH,1,1,0,0,1,5,,0,25,0,0,0,0,0,4,2,8
,2019-18604,39.76005666,-104.866164,6/24/2019 14:57,14:57,15,0,0,MLK BOULEVARD & HAVANA STREET NORTH,1,1,0,0,1,2,,0,35,0,0,0,0,0,4,2,8
,2019-18605,39.69676221,-105.0160139,11/28/2019 14:38,14:38,15,0,0,MISSISSIPPI AVENUE 2400 BLOCK WEST & ZUNI STREET SOUTH,5,1,0,0,1,4,,0,30,0,0,0,0,0,4,2,13
,2019-18606,39.76006048,-104.8668754,4/30/2019 12:26,12:26,15,0,0,MLK BOULEVARD EAST & HAVANA STREET NORTH,1,1,0,0,1,4,,0,,0,0,0,0,0,4,2,13
,2019-18607,39.76199994,-104.9188126,8/23/2019 10:11,10:11,12,0,1,MLK BOULEVARD 5900 BLOCK EAST & JASMINE STREET NORTH,1,1,0,0,1,4,,0,35,0,0,0,0,1,4,3,13
,2019-18608,39.76175546,-104.9464373,3/1/2019 1:20,1:20,6,0,1,MLK BOULEVARD 3400 BLOCK EAST & MADISON STREET NORTH,1,3,0,0,1,4,,0,35,0,0,0,0,1,4,3,2
,2019-18609,39.7619821,-104.9105734,6/24/2019 16:34,16:34,12,0,1,MLK BOULEVARD EAST & NIAGRA STREET NORTH,1,1,0,0,1,4,,0,35,0,0,0,0,1,4,2,1
,2019-18610,39.747429,-104.898771,10/4/2019 16:06,16:06,12,0,0,MONTVIEW BOULEVARD EAST & SYRACUSE STREET NORTH,1,1,0,0,1,1,,0,30,0,0,0,0,0,4,2,13
,2019-18611,39.76060796,-104.9004838,8/22/2019 9:35,9:35,12,0,0,MLK BOULEVARD EAST & ROSLYN STREET NORTH,1,1,0,0,1,3,,0,30,0,0,0,0,0,4,2,13
,2019-18612,39.76013049,-104.8942803,8/19/2019 16:00,16:00,12,0,0,MLK BOULEVARD 7900 BLOCK EAST & ULSTER STREET NORTH,1,1,0,0,1,3,,0,35,0,0,0,0,0,4,3,5
,2019-18613,39.76183678,-104.91241,1/28/2019 6:45,6:45,12,0,0,MONACO PARKWAY & MLK BOULEVARD EAST,4,3,0,2,1,1,,0,35,0,0,0,0,0,4,2,14