id,drcog_id,latitude,longitude,crashtime,time,crashtype,numbkilled,numbinjurd,drcoglocat,rdconditin,lightngcon,roadcntgrd,weatherco,location,roaddescrp,schoolzone,constrzone,splimit,bikeinv,sctrinv,pedinv,motoinv,svrty,rdsystem,ttlvehcls,hcf
,2019-18614,39.74741213,-104.9270293,5/22/2019 20:01,20:01,12,0,1,MONTEVIEW BOULEVARD EAST & FOREST STREET SOUTH,1,3,0,0,1,3,,0,30,0,0,0,0,1,4,2,1
,2019-18615,39.70203286,-104.9594475,3/18/2019 14:45,14:45,6,0,0,OHIO AVENUE 2300 BLOCK EAST & UNIVERSITY BOULEVARD SOUTH,1,1,0,0,1,4,,0,30,0,0,0,0,0,4,2,14
,2019-18616,39.69408905,-105.0215512,3/3/2019 10:00,10:00,5,0,0,DALE COURT SOUTH & 1260 SOUTH,4,1,0,2,2,4,,0,25,0,0,0,1,0,4,1,13
,2019-18617,39.74743639,-104.9012573,11/13/2019 18:00,18:00,12,0,0,MONTEVIEW BOULEVARD EAST & ROSLYN STREET NORTH,1,3,0,0,1,4,,0,30,0,0,0,0,0,4,2,5
,2019-18619,39.74743717,-104.9024718,10/16/2019 16:37,16:37,12,0,0,MONTVIEW BOULEVARD EAST & QUINCE STREET NORTH,1,1,0,0,1,4,,0,30,0,0,0,0,0,4,3,12
,2019-18620,39.75442082,-104.9873771,10/25/2019 17:50,17:50,15,0,0,PARK AVENUE WEST & ARAPAHOE STREET,1,1,0,0,1,4,,0,30,0,0,0,0,0,4,2,14
,2019-18621,39.75794087,-104.9953959,4/5/2019 16:06,16:06,12,0,1,PARK AVENUE WEST & WAZEE STREET,1,1,0,0,1,4,,0,45,0,0,0,0,1,4,2,1
,2019-18624,39.75780822,-104.9919139,6/17/2019 14:57,14:57,12,0,1,PARK AVENUE WEST & WAZEE STREET,1,1,0,0,1,4,,0,30,0,0,0,0,2,4,3,3
,2019-18625,39.72732867,-104.8968266,4/1/2019 7:30,7:30,6,0,0,SEVEN DRIVE EAST & TRENTON STREET NORTH / 7800 BLOCK EAST,1,1,0,0,1,4,,0,25,0,0,0,0,0,4,2,13
,2019-18626,39.83441361,-104.7155127,9/10/2019 20:56,20:56,15,0,0,PENA BOULEVARD INBOUND 7500 BLOCK & GUN CLUB ROAD,1,3,0,0,1,3,,0,45,0,0,0,0,0,4,2,8
,2019-18627,39.83347384,-104.6964927,2/12/2019 5:50,5:50,5,0,0,PENA BOULEVARD INBOUND & JACKSON GAP STREET NORTH / 7600 BLOCK,1,2,0,0,3,4,,0,55,0,0,0,0,0,4,1,14
,2019-18628,39.83346662,-104.6929349,10/12/2019 12:55,12:55,12,0,2,PENA BOULEVARD INBOUND & JACKSON GAP STREET NORTH,1,1,1,0,1,3,,0,40,0,0,0,0,1,4,2,12
,2019-18629,39.83565424,-104.6720454,11/1/2019 16:49,16:49,9,0,1,PENA CIRCLE INBOUND 7700 BLOCK & SHADY GROVE STREET,9,1,1,0,1,4,,0,,0,0,0,0,1,4,1,13
,2019-18630,39.77803346,-104.8473585,4/10/2019 16:09,16:09,3,0,1,PEORIA STREET NORTH & 45TH AVENUE EAST,4,1,1,2,1,2,,0,30,0,0,0,0,1,4,2,13
,2019-18631,39.63860831,-104.9041965,9/17/2019 14:58,14:58,12,0,0,QUINCY AVENUE 7400 BLOCK EAST & QUEBEC STREET SOUTH,1,1,0,0,1,4,,0,30,0,0,0,0,0,4,2,13
,2019-18632,39.63830457,-104.8949259,9/22/2019 20:05,20:05,5,0,0,QUINCY AVENUE 8000 BLOCK EAST & TAMARAC PARKWAY SOUTH,1,3,1,0,3,3,,0,35,0,0,0,0,0,4,1,7
,2019-18633,39.79761145,-104.8359646,11/18/2019 15:00,15:00,8,0,1,RANDOLPH PLACE EAST & UVALDA STREET NORTH,1,1,0,0,1,4,,0,25,0,0,0,0,1,4,2,13
,2019-18634,39.77583834,-104.9787338,4/25/2019 14:43,14:43,12,0,0,RINGSBY COURT & WASHINGTON STREET NORTH,1,1,1,0,1,4,,0,30,0,0,0,0,0,4,2,13
,2019-18635,39.747456,-104.886972,9/29/2019 12:56,12:56,12,0,0,MONTVIEW BOULEVARD EAST & XANTHIA STREET NORTH,1,1,0,0,1,1,,0,30,0,0,0,0,0,4,4,12
,2019-18636,39.72805216,-104.9250117,6/30/2019 9:25,9:25,6,0,0,SEVERN PLACE EAST 5400 BLOCK & GRAPE STREET NORTH,1,1,0,0,1,4,,0,,0,0,0,0,0,4,2,13
,2019-18637,39.72666846,-104.9874297,12/6/2019 0:30,0:30,12,0,0,SPEER BOULEVARD NORTH & BROADWAY STREET NORTH,5,3,1,0,1,4,,0,30,0,0,0,0,0,4,2,13
,2019-18638,39.71833982,-104.9749469,7/23/2019 17:30,17:30,15,0,0,SPEER BOULEVARD EAST & CORONA STREET NORTH,1,1,0,0,1,3,,0,25,0,0,0,0,0,4,2,1
,2019-18639,39.71833382,-104.9739119,3/1/2019 1:12,1:12,12,0,0,SPEER BOULEVARD EAST & DOWNING STREET NORTH,1,3,0,0,1,3,,0,35,0,0,0,0,0,4,2,5
,2019-18640,39.75676901,-105.0171256,1/3/2019 12:49,12:49,12,0,2,SPEER BOULEVARD 2700 BLOCK NORTH & FIRTH COURT,1,1,1,0,1,4,,0,30,0,0,0,0,2,4,3,13
,2019-18641,39.72114511,-104.9802841,3/7/2019 7:20,7:20,15,0,0,SPEER BOULEVARD EAST & PEARL STREET NORTH,5,1,0,0,1,4,,0,30,0,0,0,0,0,4,2,13
,2019-18642,39.74553576,-104.9899816,9/11/2019 17:15,17:15,12,0,0,WELTON STREET 1700 BLOCK & 18TH STREET,1,1,0,0,1,4,,0,30,0,0,0,0,0,4,2,8
,2019-18643,39.77980139,-104.9319872,12/3/2019 15:30,15:30,12,0,0,STAPLETON SOUTH DRIVE EAST & DAHLIA STREET NORTH,8,2,0,0,1,3,,0,25,0,0,0,0,0,4,2,1
,2019-18645,39.77866083,-104.9201229,3/4/2019 16:40,16:40,12,0,0,STAPLETON NORTH WEST & IVY STREET NORTH / 5700 BLOCK WEST,2,2,0,2,1,4,,0,35,0,0,0,0,0,4,2,13
,2019-18646,39.63136714,-104.8856692,10/13/2019 11:03,11:03,9,0,1,TEMPLE DRIVE EAST & YOSEMITE STREET SOUTH,1,1,0,0,1,4,,0,25,0,0,0,0,2,4,1,13
,2019-18647,39.69835171,-105.0127096,7/10/2019 22:03,22:03,6,0,0,TENNESSEE AVENUE WEST & TEJON STREET SOUTH,1,4,0,0,1,4,,0,25,0,0,0,0,0,4,2,13
,2019-18649,39.75528492,-104.9738507,1/10/2019 16:13,16:13,6,0,0,TREMONT PLACE & DOWNING STREET NORTH,1,1,0,0,1,4,,0,25,0,0,0,0,0,4,2,7
,2019-18650,39.69919463,-105.0122644,2/2/2019 22:25,22:25,6,0,1,UMATILLA WAY 800 BLOCK SOUTH & TEJON STREET SOUTH,1,4,0,0,1,4,,0,15,0,0,0,0,1,4,2,13
,2019-18651,39.69758404,-104.9219832,10/31/2019 9:28,9:28,6,0,0,VALE DRIVE EAST & HOLLY STREET SOUTH,12,4,0,2,1,4,,0,25,0,0,0,0,0,4,3,2
,2019-18652,39.66606244,-104.964818,9/18/2019 12:53,12:53,3,0,0,VINE STREET 1400 BLOCK NORTH & GAYLORD STREET NORTH,1,1,0,0,1,5,,0,5,0,0,0,0,0,4,2,14
,2019-18653,39.70748654,-104.9783275,4/26/2019 15:41,15:41,6,0,0,VIRGINIA AVENUE EAST & CLARKSON STREET SOUTH,1,1,0,0,1,4,,0,25,0,0,0,0,0,4,2,13
,2019-18654,39.70767394,-105.0301933,8/12/2019 15:40,15:40,6,0,0,VIRGINIA AVENUE WEST & IRVING STREET SOUTH,1,1,0,0,1,4,,0,25,0,0,0,0,0,4,2,14
,2019-18655,39.70313136,-105.0326167,7/16/2019 8:18,8:18,6,0,1,WALSH PLACE WEST & KNOX COURT SOUTH,1,1,0,0,1,4,,0,25,0,0,0,0,1,4,3,7
,2019-18656,39.67681038,-105.0162139,10/14/2019 11:15,11:15,15,0,0,WARREN AVENUE WEST & ZUNI STREET SOUTH,1,1,0,0,1,4,,0,25,0,0,0,0,0,4,2,13
,2019-18657,39.75392659,-104.9793421,12/15/2019 10:07,10:07,12,0,0,WELTON STREET 2600 BLOCK & 27TH STREET,1,1,0,0,1,4,,0,25,0,0,0,0,0,4,2,13
,2019-18660,39.75286891,-104.9997157,6/15/2019 7:48,7:48,6,0,0,WYNKOOP STREET 1700 BLOCK & 18TH STREET,1,1,0,0,1,4,,0,30,0,0,0,0,0,4,2,1
,2019-18661,39.66758986,-104.9166395,4/18/2019 7:36,7:36,12,0,0,YALE AVENUE EAST & KRAMERIA STREET SOUTH,1,1,0,0,1,4,,0,30,0,0,0,0,0,4,2,13
,2019-18662,39.66763383,-104.9244177,1/30/2019 16:16,16:16,12,0,1,YALE AVENUE EAST & HUDSON STREET SOUTH / 5400 BLOCK EAST,2,1,1,0,1,3,,0,35,0,0,0,0,1,4,4,1
,2019-18663,39.76426519,-104.9806561,1/3/2019 15:56,15:56,6,0,0,31ST AVENUE 3000 BLOCK EAST & STREET PAUL STREET NORTH,1,1,0,0,1,4,,0,25,0,0,0,0,0,4,2,10
,2019-18664,39.66776225,-105.074239,10/5/2019 5:32,5:32,6,0,0,YALE AVENUE WEST & REED STREET SOUTH,1,4,0,0,1,4,,0,35,0,0,0,0,0,4,2,5
,2019-18665,39.66761551,-104.9135978,8/13/2019 12:40,12:40,15,0,0,YALE AVENUE EAST & MONACO STREET SOUTH,1,1,0,0,1,3,,0,35,0,0,0,0,0,4,2,13
,2019-18666,39.66762757,-104.9130654,9/11/2019 17:22,17:22,12,0,0,YALE AVENUE 6400 BLOCK EAST & MONACO STREET SOUTH,1,1,0,0,1,3,,0,35,0,0,0,0,0,4,2,8
,2019-18667,39.66763298,-104.9044965,8/14/2019 19:33,19:33,12,0,1,YALE AVENUE 7000 BLOCK EAST & QUEBEC STREET SOUTH,1,1,1,0,1,4,,0,30,0,0,0,0,1,4,3,13
,2019-18668,39.66793374,-104.9258131,3/7/2019 7:00,7:00,15,0,0,YALE AVENUE EAST 5300 BLOCK & VALLEY ROAD SOUTH,5,1,0,0,1,4,,0,35,0,0,0,0,0,4,2,13
,2019-1869,39.695661,-104.9035905,10/16/2019 13:54,13:54,12,0,0,QUEBEC STREET SOUTH  & MISSISSIPPI AVENUE EAST,1,1,0,0,1,1,,0,35,0,0,0,0,0,4,2,13
,2019-1870,39.63855615,-105.0457629,7/2/2019 14:00,14:00,12,0,0,QUINCY AVENUE WEST & 7800 BLOCK WEST,1,1,0,0,1,2,,0,15,0,0,0,0,0,4,2,13
,2019-1871,39.73143059,-104.9986795,7/23/2019 11:11,11:11,15,0,0,SANTA FE DRIVE NORTH  & 1300 BLOCK NORTH,1,1,0,0,1,3,,0,30,0,0,0,0,0,4,2,3
,2019-1872,39.71934591,-104.9759018,8/16/2019 7:25,7:25,15,0,0,SPEER BOULEVARD EAST & 400 BLOCK EAST,1,1,1,0,1,4,,0,35,0,0,0,0,0,4,2,13
,2019-1873,39.7617795,-104.897601,10/19/2019 1:45,1:45,6,0,0,SPRUCE STREET NORTH & 1427 NORTH SPRUCE STREET,1,4,0,0,1,4,,0,25,0,0,0,0,0,4,2,13
,2019-1874,39.714813,-105.0109515,7/11/2019 19:56,19:56,5,0,1,TEJON STREET SOUTH & BAYAUD AVENUE WEST,1,2,0,0,2,1,,0,25,0,0,0,0,1,4,1,3
,2019-1875,39.787434,-105.043941,11/3/2019 20:48,20:48,15,0,0,TENNYSON STREET NORTH & 50TH AVENUE WEST,1,3,0,0,1,3,,0,,0,0,0,0,0,4,2,13
,2019-1876,39.798243,-104.7721815,8/23/2019 15:37,15:37,1,0,0,TOWER ROAD NORTH & 56TH AVENUE EAST,1,1,0,0,1,1,,0,45,0,0,0,0,0,4,2,13
,2019-1877,39.796911,-104.835618,9/29/2019 0:27,0:27,5,0,0,ROBINS DRIVE EAST & UVALDA STREET NORTH,1,3,0,0,4,1,,0,25,0,0,0,0,0,4,1,9
,2019-1878,39.798108,-104.835609,1/22/2019 9:33,9:33,3,0,0,UVALDA STREET NORTH & 56TH AVENUE,5,1,0,0,1,1,,0,,0,0,0,0,0,4,2,13
,2019-1879,39.70694481,-104.9479198,2/18/2019 11:00,11:00,6,0,0,VIRGINIA AVENUE & 3138 WEST,4,1,0,0,1,4,,0,30,0,0,0,0,0,4,2,13
,2019-1880,39.78618293,-105.0146714,1/13/2019 10:13,10:13,5,0,0,WYANDOT STREET & 1650 BLOCK SOUTH,4,1,0,0,3,1,,0,25,0,0,0,0,0,4,1,13
,2019-1881,39.667626,-104.908572,2/8/2019 16:25,16:25,12,0,0,YALE AVENUE EAST & NORMAN COURT SOUTH,1,1,0,0,1,1,,0,30,0,0,0,0,0,4,4,3
,2019-1882,39.735612,-104.8846905,11/15/2019 16:41,16:41,3,0,0,YOSEMITE WAY NORTH & 12TH AVENUE EAST,1,1,0,0,1,1,,0,25,0,0,0,0,0,4,2,3
,2019-1883,39.693132,-105.015591,11/14/2019 7:30,7:30,3,0,0,ZUNI STREET SOUTH & LOUISIANA AVENUE WEST,1,1,0,0,1,1,,0,25,0,0,0,0,0,4,2,3
,2019-18859,39.71817992,-104.9640018,2/11/2019 8:02,8:02,15,0,0,FIRST AVENUE 2200 BLOCK EAST & UNIVERSITY BOULEVARD SOUTH,1,1,0,0,1,4,,0,30,0,0,0,0,0,4,2,13
,2019-18860,39.72571128,-105.0020462,9/4/2019 16:50,16:50,15,0,0,SIXTH AVENUE WEST  & KALAMATH STREET NORTH,1,1,0,0,1,4,,0,35,0,0,0,0,0,4,2,7
,2019-18861,39.72581945,-105.0095572,11/6/2019 17:13,17:13,12,0,0,SIXTH AVENUE 1100 BLOCK WEST & KALAMATH STREET NORTH,2,3,1,1,1,4,,0,45,0,0,0,0,0,4,3,3
,2019-18862,39.67846299,-104.9149561,8/9/2019 12:58,12:58,12,0,0,EVANS AVENUE 6300 BLOCK EAST & MONACO STREET SOUTH,1,1,0,0,1,4,,0,35,0,0,0,0,0,4,4,13
,2019-18863,39.67841705,-104.9640888,7/18/2019 9:54,9:54,12,0,0,EVANS AVENUE EAST 2300 BLOCK & UNIVERDITY BOULEVARD SOUTH,1,1,0,0,1,3,,0,35,0,0,0,0,0,4,2,13
,2019-18864,39.64966145,-105.0440053,10/7/2019 7:57,7:57,12,0,0,KENYON AVENUE 3800 BLOCK & LOWELL BOULEVARD SOUTH,1,1,0,0,1,4,,0,35,0,0,0,0,0,4,3,13
,2019-18865,39.69662385,-104.9110175,3/30/2019 10:20,10:20,3,0,2,MISSISSIPPI AVENUE EAST & ONEIDA STREET SOUTH,1,1,0,0,1,2,,0,25,0,0,0,0,1,4,2,2
,2019-18866,39.63862777,-104.9098808,11/21/2019 11:40,11:40,15,0,0,QUINCY AVENUE 7000 BLOCK EAST & QUEBEC STREET SOUTH,5,1,0,2,1,4,,0,30,0,0,0,0,0,4,3,13
,2019-18867,39.63856751,-104.9098395,11/21/2019 12:52,12:52,12,0,0,QUINCY AVENUE 7000 BLOCK EAST & QUEBEC STREET SOUTH,5,2,0,2,1,4,,0,30,0,0,0,0,0,4,2,13
,2019-18875,39.74008,-104.897512,8/29/2019 11:21,11:21,3,0,1,COLFAX AVENUE EAST & SPRUCE STREET NORTH,1,1,0,0,1,1,,0,35,0,0,0,0,3,2,2,13
,2019-18876,39.740092,-104.89683,6/30/2019 2:17,2:17,3,0,2,COLFAX AVENUE EAST & 7840 EAST COLFAX AVENUE,1,3,0,0,1,2,,0,35,0,0,0,0,3,2,2,13
,2019-18878,39.740084,-104.891905,9/17/2019 14:49,14:49,2,0,1,COLFAX AVENUE EAST & VALENTIA STREET NORTH,1,1,0,0,1,5,,0,,1,0,0,0,3,2,2,13
,2019-18879,39.740084,-104.891905,11/9/2019 17:29,17:29,11,0,1,COLFAX AVENUE EAST & VALENTIA STREET NORTH,1,3,0,0,1,3,,0,,0,0,1,0,3,2,2,14
,2019-18895,39.67475236,-104.8731855,12/23/2019 2:15,2:15,12,0,1,ILIFF AVENUE 9700 BLOCK EAST & DAYTON WAY SOUTH,1,4,0,0,1,4,,0,40,0,0,0,0,3,4,2,1
,2019-18896,39.70680939,-105.0298258,9/2/2019 20:38,20:38,11,0,1,IRVING STREET 500 BLOCK SOUTH & CUSTER PLACE WEST,1,3,0,0,1,1,,0,30,0,0,1,0,2,4,2,13
,2019-18897,39.7595,-104.9841,12/26/2019 15:47,15:47,11,0,1,LARIMER STREET & 27TH STREET,1,1,0,0,1,1,,0,25,0,0,1,0,1,4,2,1
,2019-18907,39.781055,-104.993627,3/2/2019 17:19,17:19,5,0,0,I70 EASTBOUND OFF RAMP TO & I25 SOUTHBOUND,4,2,0,2,2,7,,0,55,0,0,0,0,0,1,1,14
,2019-18915,39.764163,-105.001312,10/6/2019 23:54,23:54,9,0,0,I25 & 20TH STREET,1,3,1,0,2,4,,0,55,0,0,0,0,0,1,1,13
,2019-18917,39.725553,-105.036205,9/18/2019 17:45,17:45,5,0,0,SIXTH AVENUE WEST & MEADE STREET NORTH,1,1,1,0,3,4,,0,55,0,0,0,0,0,2,1,13
,2019-18919,39.740068,-104.939526,10/3/2019 7:02,7:02,5,0,0,COLFAX AVENUE EAST & ALBION STREET,1,2,0,0,3,1,,0,30,0,0,0,0,0,2,1,9
,2019-18920,39.668384,-104.940613,11/27/2019 19:22,19:22,3,0,0,COLORADO BOULEVARD SOUTH & YALE AVENUE EAST,11,4,0,0,1,1,,0,35,0,0,0,0,0,2,2,13
,2019-18922,39.751151,-104.940599,7/15/2019 6:42,6:42,15,0,0,COLORADO BOULEVARD NORTH & 23RD AVENUE EAST,1,1,0,0,1,3,,0,35,0,0,0,0,0,2,2,1
,2019-18923,39.780043,-104.949712,11/20/2019 10:10,10:10,5,0,0,STEELE STREET NORTH & 46TH AVENUE EAST,1,1,0,0,2,1,,0,30,0,0,0,0,0,2,1,14
,2019-18926,39.76081,-105.004565,5/18/2019 6:38,6:38,12,0,0,I25 & 20TH STREET,1,1,0,0,1,4,,0,,0,0,0,0,0,1,2,13
,2019-18927,39.71118,-105.006723,12/11/2019 9:58,9:58,5,0,0,ALAMEDA AVENUE WEST & PECOS STREET SOUTH,1,1,0,0,3,4,,0,35,0,0,0,0,0,2,1,1
,2019-18928,39.653078,-104.898823,7/7/2019 2:56,2:56,5,0,1,TAMARAC DRIVE SOUTH & HAMPDEN AVENUE EAST,1,3,0,0,3,4,,0,40,0,0,0,0,2,2,1,5
,2019-18929,39.66025,-104.866296,9/20/2019 8:11,8:11,12,0,0,HAVANA STREET SOUTH & DARTMOUTH AVENUE EAST,1,1,0,0,1,1,,0,45,0,0,0,0,0,2,2,12
,2019-18931,39.740003,-104.976142,6/19/2019 23:36,23:36,6,0,0,EMERSON STREET NORTH & COLFAX AVENUE EAST,1,3,0,0,1,3,,0,25,0,0,0,0,0,2,2,13
,2019-18933,39.7783,-104.90346,8/15/2019 10:16,10:16,12,0,0,I70 & QUEBEC STREET NORTH,1,1,1,0,1,4,,0,55,0,0,0,0,0,1,2,13
,2019-18939,39.67889,-105.053263,10/13/2019 8:04,8:04,5,0,0,SHERIDAN BOULEVARD SOUTH & EVANS AVENUE WEST,1,1,0,0,3,4,,0,40,0,0,0,0,0,2,1,13
,2019-18941,39.724253,-105.053196,4/1/2019 6:52,6:52,15,0,0,SHERIDAN BOULEVARD 500 BLOCK NORTH & FIFTH AVENUE WEST,1,1,1,0,1,4,,0,35,0,0,0,0,0,2,2,13
,2019-18944,39.713914,-105.021508,12/27/2019 7:42,7:42,6,0,0,100 BLOCK SOUTH DALE COURT & BAYAUD AVENUE WEST,1,1,1,0,1,4,,0,,0,0,0,0,0,4,2,13
,2019-18945,39.70041,-105.0481,12/21/2019 15:19,15:19,12,0,1,MORRISON ROAD & KENTUCKY AVENUE WEST,1,1,0,0,1,1,,0,30,0,0,0,0,1,4,2,13
,2019-18952,39.747339,-105.0080512,2/15/2019 1:30,1:30,5,0,0,NINTH STREET & CHOPPER CIRCLE,1,3,0,0,3,1,,0,15,0,0,0,0,0,4,1,13
,2019-18953,39.776031,-104.8297005,8/17/2019 18:31,18:31,9,0,0,DILLON STREET NORTH & ALBROOK DRIVE EAST,1,1,0,0,1,1,,0,25,0,0,0,0,0,4,1,13
,2019-18954,39.7219646,-104.9681591,6/19/2019 22:00,22:00,6,0,0,FRANKLIN STREET NORTH & 3800 BLOCK,1,3,0,0,1,4,,0,25,0,0,0,0,0,4,2,1
,2019-18955,39.78844473,-104.7378677,9/29/2019 8:24,8:24,6,0,0,ORLEANS STREET & 3800 BLOCK NORTH,1,4,0,0,1,3,,0,25,0,0,0,0,0,4,2,3
,2019-18956,39.76540505,-105.0381443,3/7/2019 14:10,14:10,5,0,0,OSCEOLA STREET & 1200 BLOCK NORTH,2,1,0,0,3,4,,0,20,0,0,0,0,0,4,1,13
,2019-18959,39.747438,-104.90346,10/11/2019 19:19,19:19,1,0,0,QUEBEC STREET NORTH  & MONTVIEW BOULEVARD EAST,1,3,0,0,1,1,,0,35,0,0,0,0,0,4,2,1
,2019-18960,39.748446,-105.003369,10/5/2019 0:32,0:32,1,0,0,SPEER BOULEVARD NORTH & AURARIA PARKWAY,1,3,0,0,1,1,,0,35,0,0,0,0,0,4,2,13
,2019-18961,39.750201,-105.0047415,2/2/2019 2:24,2:24,12,0,0,SPEER BOULEVARD NORTH & WEWATTA STREET,1,3,0,0,1,1,,0,35,0,0,0,0,0,4,2,13
,2019-18975,39.719828,-104.988964,12/21/2019 18:45,18:45,6,0,0,ACOMA STREET 220 NORTH & SECOND AVENUE WEST,1,3,0,0,1,4,,0,,0,0,0,0,0,4,2,13
,2019-18980,39.653146,-104.940597,4/18/2019 11:20,11:20,12,0,0,COLORADO BOULEVARD SOUTH & HAMPDEN AVENUE EAST,1,1,0,0,1,3,,0,35,0,0,0,0,0,2,2,12
,2019-18981,39.653146,-104.940597,5/13/2019 16:56,16:56,12,0,0,COLORADO BOULEVARD SOUTH & HAMPDEN AVENUE EAST,1,1,0,0,1,3,,0,30,0,0,0,0,0,2,2,13
,2019-18982,39.667561,-104.940681,12/18/2019 21:04,21:04,15,0,0,COLORADO BOULEVARD SOUTH & YALE AVENUE EAST,1,3,1,0,1,1,,0,35,0,0,0,0,0,2,2,13
,2019-18983,39.668384,-104.940613,4/20/2019 10:38,10:38,12,0,1,COLORADO BOULEVARD 2600 BLOCK SOUTH & YALE AVENUE EAST,1,1,1,0,1,1,,0,35,0,0,0,0,1,2,2,5
,2019-18984,39.67488,-104.940644,4/4/2019 11:52,11:52,3,0,1,ILIFF AVENUE EAST & COLORADO BOULEVARD SOUTH,1,1,0,0,1,1,,0,25,0,0,0,0,1,2,3,1
,2019-18985,39.677506,-104.940739,12/20/2019 9:04,9:04,3,0,0,COLORADO BOULEVARD SOUTH & WARREN AVENUE EAST,1,1,0,0,1,2,,0,35,0,0,0,0,0,2,2,13
,2019-18986,39.680122,-104.94064,4/14/2019 2:55,2:55,1,0,0,COLORADO BOULEVARD SOUTH & COLORADO CENTER DRIVE EAST,1,3,0,0,1,1,,0,40,0,0,0,0,0,2,2,8
,2019-18987,39.680122,-104.94064,7/15/2019 17:10,17:10,12,0,0,COLORADO BOULEVARD SOUTH & COLORADO CENTER DRIVE EAST,1,1,0,0,1,1,,0,35,0,0,0,0,0,2,3,3
,2019-18988,39.685667,-104.940548,3/29/2019 17:13,17:13,3,0,0,MEXICO AVENUE EAST & COLORADO BOULEVARD SOUTH,2,1,0,1,1,1,,0,40,0,0,0,0,0,2,2,13
,2019-18989,39.685667,-104.940548,5/10/2019 9:41,9:41,12,0,0,COLORADO BOULEVARD SOUTH & MEXICO AVENUE EAST,1,1,0,0,1,1,,0,35,0,0,0,0,0,2,2,13
,2019-18990,39.685827,-104.940548,3/18/2019 11:18,11:18,15,0,0,COLORADO BOULEVARD SOUTH & MEXICO AVENUE EAST,1,1,1,0,1,4,,0,35,0,0,0,0,0,2,2,13
,2019-18991,39.687564,-104.940549,1/4/2019 8:56,8:56,1,0,0,COLORADO BOULEVARD SOUTH & IOWA AVENUE EAST,1,1,0,0,1,1,,0,35,0,0,0,0,0,2,2,13
,2019-18992,39.689175,-104.940549,3/19/2019 14:31,14:31,12,0,0,COLORADO BOULEVARD SOUTH & FLORIDA AVENUE EAST,1,1,1,0,1,3,,0,35,0,0,0,0,0,2,2,3
,2019-18993,39.689175,-104.940549,7/25/2019 19:50,19:50,12,0,2,COLORADO BOULEVARD SOUTH & FLORIDA AVENUE EAST,1,3,1,0,1,3,,0,35,0,0,0,0,2,2,4,2
,2019-18994,39.689321,-104.940549,10/12/2019 19:20,19:20,3,0,0,COLORADO BOULEVARD SOUTH & FLORIDA AVENUE EAST,1,3,0,0,1,1,,0,35,0,0,0,0,0,2,2,13
,2019-18995,39.689321,-104.940549,12/2/2019 10:20,10:20,12,0,0,FLORIDA AVENUE EAST & COLORADO BOULEVARD SOUTH,5,1,1,0,1,1,,0,25,0,0,0,0,0,2,2,13
,2019-18996,39.692997,-104.94055,6/24/2019 17:15,17:15,3,0,0,COLORADO BOULEVARD SOUTH & LOUISIANA AVENUE EAST,1,1,0,0,1,1,,0,25,0,0,0,0,0,2,2,13
,2019-18999,39.740427,-105.053202,10/20/2019 19:00,19:00,12,0,1,SHERIDAN BOULEVARD NORTH & COLFAX AVENUE WEST,1,3,0,0,1,3,,0,35,0,0,0,0,1,2,2,5
,2019-19002,39.696625,-104.940562,1/24/2019 16:50,16:50,1,0,0,COLORADO BOULEVARD SOUTH & MISSISSIPPI AVENUE EAST,2,1,1,0,1,1,,0,35,0,0,0,0,0,2,3,13
,2019-19003,39.696625,-104.940562,1/29/2019 11:17,11:17,6,0,0,MISSISSIPPI AVENUE EAST & COLORADO BOULEVARD SOUTH,5,1,0,0,1,1,,0,35,0,0,0,0,0,2,2,13
,2019-19004,39.696772,-104.940568,8/20/2019 12:15,12:15,12,0,0,COLORADO BOULEVARD SOUTH & MISSISSIPPI AVENUE EAST,1,1,0,0,1,3,,0,35,0,0,0,0,0,2,2,13
,2019-19005,39.6309978,-105.0393527,2/19/2019 17:05,17:05,10,0,0,WAGON TRAIL DRIVE & 3365 WEST,4,1,0,2,1,2,,0,25,0,0,0,0,0,4,2,13
,2019-19006,39.696772,-104.940568,9/16/2019 19:45,19:45,12,0,0,HIGHWAY 2 / COLORADO BOULEVARD SOUTH & MISSISSIPPI AVENUE EAST,1,1,0,0,1,3,,0,,0,0,0,0,0,2,2,5
,2019-19030,39.639222,-104.885208,5/13/2019 11:05,11:05,15,0,0,I225 & YOSEMITE STREET SOUTH,1,1,0,0,1,4,,0,65,0,0,0,0,0,1,2,12
,2019-19043,39.714669,-104.940641,9/23/2019 14:49,14:49,12,0,0,COLORADO BOULEVARD SOUTH & BAYAUD AVENUE EAST,1,1,1,0,1,3,,0,35,0,0,0,0,0,2,2,5
,2019-19049,39.717824,-104.940628,3/19/2019 15:26,15:26,3,0,0,COLORADO BOULEVARD NORTH & FIRST AVENUE EAST,1,1,1,0,1,1,,0,35,0,0,0,0,0,2,2,5
,2019-19050,39.718408,-104.940628,8/14/2019 17:45,17:45,15,0,0,HIGHWAY 2 / COLORADO BOULEVARD NORTH & FIRST AVENUE EAST,1,1,0,0,1,3,,0,35,0,0,0,0,0,2,2,5
,2019-19051,39.724856,-104.94125,12/20/2019 19:37,19:37,12,0,0,COLORADO BOULEVARD NORTH & SIXTH AVENUE EAST / 500 BLOCK NORTH,1,3,0,0,1,3,,0,40,0,0,0,0,0,2,2,2
,2019-19055,39.725308,-104.939528,12/28/2019 14:46,14:46,12,0,0,SIXTH AVENUE EAST & COLORADO BOULEVARD,6,1,0,2,1,1,,0,35,0,0,0,0,0,2,3,1