id,drcog_id,latitude,longitude,crashtime,time,crashtype,numbkilled,numbinjurd,drcoglocat,rdconditin,lightngcon,roadcntgrd,weatherco,location,roaddescrp,schoolzone,constrzone,splimit,bikeinv,sctrinv,pedinv,motoinv,svrty,rdsystem,ttlvehcls,hcf
,2019-19056,39.727366,-104.940627,10/4/2019 17:42,17:42,15,0,0,COLORADO BOULEVARD NORTH & SEVENTH AVENUE,1,1,0,0,1,1,,0,35,0,0,0,0,0,2,3,13
,2019-19057,39.729182,-104.940625,7/27/2019 16:00,16:00,12,0,0,COLORADO BOULEVARD NORTH & EIGHTH AVENUE EAST,1,1,0,0,1,1,,0,30,0,0,0,0,0,2,2,5
,2019-19058,39.729296,-104.940625,1/8/2019 18:15,18:15,12,0,0,COLORADO BOULEVARD NORTH & EIGHTH AVENUE EAST,1,3,0,0,1,4,,0,35,0,0,0,0,0,2,2,12
,2019-19059,39.729296,-104.940625,8/2/2019 10:20,10:20,15,0,0,COLORADO BOULEVARD NORTH & EIGHTH AVENUE EAST,1,1,0,0,1,4,,0,25,0,0,0,0,0,2,2,13
,2019-19060,39.732829,-104.940621,5/12/2019 13:03,13:03,3,0,0,COLORADO BOULEVARD NORTH & 11TH AVENUE EAST,1,1,0,0,1,1,,0,35,0,0,0,0,0,2,2,3
,2019-19061,39.739937,-104.940612,7/24/2019 7:23,7:23,12,0,0,COLORADO BOULEVARD NORTH & COLFAX AVENUE EAST,1,1,0,0,1,3,,0,35,0,0,0,0,0,2,3,14
,2019-19066,39.624201,-105.0945435,4/4/2019 15:32,15:32,12,0,0,BELLEVIEW AVENUE WEST & DUDLEY STREET SOUTH,1,1,0,0,1,3,,0,40,0,0,0,0,0,4,2,12
,2019-19067,39.739937,-104.940612,11/14/2019 10:09,10:09,15,0,0,COLORADO BOULEVARD NORTH & COLFAX AVENUE EAST,1,1,0,0,1,3,,0,35,0,0,0,0,0,2,2,13
,2019-19068,39.740086,-104.940612,2/16/2019 7:56,7:56,12,0,0,COLORADO BOULEVARD NORTH & COLFAX AVENUE EAST,1,1,0,0,1,1,,0,35,0,0,0,0,0,2,2,6
,2019-19069,39.740086,-104.940612,9/30/2019 12:15,12:15,12,0,0,COLFAX AVENUE EAST & COLORADO BOULEVARD NORTH,1,1,0,0,1,1,,0,30,0,0,0,0,0,2,2,1
,2019-19070,39.740086,-104.940612,10/26/2019 0:21,0:21,15,0,0,COLFAX AVENUE EAST & COLORADO BOULEVARD NORTH,1,3,0,0,1,1,,0,35,0,0,0,0,0,2,2,13
,2019-19071,39.747456,-104.886972,11/13/2019 15:44,15:44,3,0,2,MONTVIEW BOULEVARD EAST & XANTHIA STREET NORTH,1,1,0,0,1,1,,0,30,0,0,0,0,1,4,2,1
,2019-19072,39.747509,-104.940603,1/15/2019 6:56,6:56,15,0,0,COLORADO BOULEVARD NORTH & MONTVIEW BOULEVARD EAST / 2000 BLOCK NORTH,1,2,0,0,1,3,,0,35,0,0,0,0,0,2,2,3
,2019-19074,39.751011,-104.940599,3/28/2019 11:20,11:20,1,0,0,COLORADO BOULEVARD NORTH & 23RD AVENUE EAST,1,1,0,0,1,1,,0,35,0,0,0,0,0,2,2,13
,2019-19075,39.754372,-104.940575,9/19/2019 15:07,15:07,15,0,1,HIGHWAY 2 / COLORADO BOULEVARD NORTH & 26TH AVENUE EAST,1,1,0,0,1,4,,0,35,0,0,0,0,1,2,2,1
,2019-19076,39.758322,-104.940525,7/5/2019 17:55,17:55,3,0,0,COLORADO BOULEVARD NORTH & 29TH AVENUE EAST,1,1,0,0,1,1,,0,35,0,0,0,0,0,2,2,8
,2019-19077,39.765479,-104.940497,9/17/2019 16:59,16:59,15,0,0,COLORADO BOULEVARD NORTH & 35TH AVENUE EAST,1,1,0,0,1,4,,0,35,0,0,0,0,0,2,2,5
,2019-19078,39.765639,-104.940496,1/4/2019 12:42,12:42,1,0,1,COLORADO BOULEVARD NORTH & 35TH AVENUE EAST,1,1,0,0,1,1,,0,35,0,0,0,0,2,2,3,1
,2019-19080,39.765639,-104.940496,1/31/2019 15:07,15:07,1,0,3,COLORADO BOULEVARD NORTH & 35TH AVENUE EAST,1,1,1,0,1,1,,0,35,0,0,0,0,2,2,2,5
,2019-19081,39.725655,-105.051255,12/18/2019 6:19,6:19,5,0,1,SIXTH AVENUE WEST & SHERIDAN BOULEVARD NORTH,1,2,0,0,2,4,,0,55,0,0,0,0,2,2,1,10
,2019-19082,39.77995,-104.9406,12/30/2019 17:05,17:05,12,0,0,COLORADO BOULEVARD NORTH & I70,1,2,1,0,1,4,,0,40,0,0,0,0,0,2,2,7
,2019-19083,39.783831,-104.940459,4/10/2019 15:40,15:40,3,0,1,COLORADO BOULEVARD NORTH & 48TH AVENUE EAST,4,1,0,2,1,1,,0,40,0,0,0,0,1,2,2,14
,2019-19084,39.783831,-104.940459,4/19/2019 8:20,8:20,12,0,0,COLORADO BOULEVARD NORTH & 48TH AVENUE EAST,1,1,0,0,1,1,,0,20,0,0,0,0,0,2,2,7
,2019-19085,39.790939,-104.939902,7/30/2019 9:34,9:34,3,0,0,COLORADO BOULEVARD NORTH & 52ND AVENUE EAST,1,1,1,0,1,1,,0,40,0,0,0,0,0,2,2,14
,2019-19096,39.725655,-105.053128,2/8/2019 7:45,7:45,15,0,0,HIGHWAY 6 EASTBOUND ON RAMP & SHERIDAN BOULEVARD NORTH,5,1,1,0,1,7,,0,35,0,0,0,0,0,2,2,13
,2019-19110,39.725655,-105.053128,8/25/2019 20:45,20:45,12,0,0,SIXTH AVENUE WEST & SHERIDAN BOULEVARD NORTH,1,1,0,0,1,4,,0,25,0,0,0,0,0,2,2,13
,2019-19111,39.725421,-105.02611,11/26/2019 13:58,13:58,5,0,0,SIXTH AVENUE & FEDERAL BOULEVARD NORTH,4,1,0,2,2,4,,0,65,0,0,0,0,0,2,1,13
,2019-19112,39.72542,-105.025175,2/13/2019 23:17,23:17,5,0,0,SIXTH AVENUE WEST & FEDERAL BOULEVARD NORTH,1,3,0,0,3,4,,0,55,0,0,0,0,0,2,1,13
,2019-19113,39.725385,-105.022188,6/7/2019 8:11,8:11,12,0,1,SIXTH AVENUE WEST & FEDERAL BOULEVARD NORTH,1,1,0,0,1,4,,0,45,0,0,0,0,2,2,2,13
,2019-19114,39.725262,-105.020202,8/22/2019 16:45,16:45,15,0,0,SIXTH AVENUE WEST & FEDERAL BOULEVARD NORTH,1,1,0,0,1,4,,0,45,0,0,0,0,0,2,2,1
,2019-19115,39.725361,-105.01548,12/28/2019 6:00,6:00,12,0,0,HIGHWAY 6 DISTRIBUTOR RAMP & I25 SB/NB OFF RAMP MERGE POINT NEW CONFIG,4,3,0,2,1,7,,0,45,0,0,0,0,0,2,3,14
,2019-19116,39.78374,-104.947842,10/16/2019 10:37,10:37,1,0,0,VASQUEZ BOULEVARD NORTH & 48TH AVENUE EAST,1,1,0,0,1,1,,0,45,0,0,0,0,0,2,2,7
,2019-19125,39.779961,-104.98886,7/10/2019 1:15,1:15,5,0,0,I70 WB ON RAMP LOOP FROM & I25 NORTHBOUND RAMP SPLIT,1,3,1,0,3,7,,0,55,0,0,0,0,0,1,1,14
,2019-19150,39.735612,-104.8846905,6/9/2019 3:56,3:56,6,0,0,YOSEMITE STREET NORTH & 12TH AVENUE EAST,1,3,0,0,1,4,,0,30,0,0,0,0,0,4,2,13
,2019-19151,39.64566016,-104.8803092,12/15/2019 19:41,19:41,5,0,0,BOSTON STREET & 5900 SOUTH,1,3,0,0,6,4,,0,30,0,0,0,0,0,3,1,14
,2019-19204,39.744027,-105.0006105,7/9/2019 17:30,17:30,2,0,0,SPEER BOULEVARD & ARAPAHOE STREET,3,1,0,0,1,1,,0,30,1,0,0,0,0,4,2,13
,2019-19205,39.624133,-104.901599,8/13/2019 11:39,11:39,12,0,0,I25 NORTHBOUND ON RAMP & BELLEVIEW AVENUE EAST,1,1,0,0,1,7,,0,65,0,0,0,0,0,1,2,7
,2019-19206,39.626414,-104.902912,9/12/2019 11:11,11:11,15,0,0,I25 & HIGHWAY 88 / BELLEVIEW AVENUE EAST,1,1,0,0,1,4,,0,55,0,0,0,0,0,1,2,13
,2019-19207,39.628551,-104.904201,7/9/2019 6:44,6:44,12,0,0,I25 & UNION AVENUE EAST,1,1,0,0,1,4,,0,65,0,0,0,0,0,1,3,13
,2019-19208,39.630181,-104.905071,3/16/2019 16:30,16:30,12,0,0,I225 NORTHBOUND & I25 NORTHBOUND,1,1,0,0,1,4,,0,60,0,0,0,0,0,1,2,13
,2019-19209,39.630181,-104.905071,7/26/2019 17:13,17:13,12,0,0,I25 & I225,1,1,0,0,1,4,,0,55,0,0,0,0,0,1,2,14
,2019-19210,39.633244,-104.906325,9/12/2019 18:25,18:25,12,0,0,I25 & I225,1,1,0,0,1,4,,0,65,0,0,0,0,0,1,3,14
,2019-19211,39.64665,-104.914574,7/2/2019 8:24,8:24,15,0,0,I25 & HAMPDEN AVENUE EAST,1,1,0,0,1,4,,0,65,0,0,0,0,0,1,2,13
,2019-19212,39.653208,-104.918306,3/6/2019 16:40,16:40,12,0,0,I25 SOUTHBOUND OFF RAMP & HAMPDEN AVENUE EAST,1,1,1,0,1,4,,0,40,0,0,0,0,0,1,2,13
,2019-19213,39.666463,-104.924769,4/11/2019 21:13,21:13,12,0,0,I25 & YALE AVENUE EAST,1,3,0,0,1,4,,0,50,0,0,0,0,0,1,2,13
,2019-19214,39.683067,-104.940346,4/23/2019 21:04,21:04,15,0,2,I25 & COLORADO BOULEVARD SOUTH,1,3,0,0,1,4,,0,60,0,0,0,0,1,1,2,1
,2019-19215,39.68492,-104.959512,2/6/2019 16:03,16:03,15,0,0,I25 & UNIVERSITY BOULEVARD SOUTH,5,1,0,2,1,4,,0,65,0,0,0,0,0,1,2,14
,2019-19216,39.684915,-104.959705,2/7/2019 8:16,8:16,12,0,1,I25 & UNIVERSITY BOULEVARD SOUTH,4,1,0,0,1,4,,0,50,0,0,0,0,1,1,2,1
,2019-19217,39.69154,-104.975932,9/16/2019 15:55,15:55,15,0,0,I25 & EMERSON STREET SOUTH,1,1,0,0,1,4,,0,55,0,0,0,0,0,1,2,10
,2019-19219,39.69543,-104.980395,9/27/2019 17:55,17:55,12,0,0,I25 NORTHBOUND ON RAMP FROM & WASHINGTON STREET / BUTCHEL BOULEVARD,1,1,1,0,1,7,,0,35,0,0,0,0,0,1,2,13
,2019-19220,39.701452,-104.987435,8/14/2019 16:00,16:00,15,0,0,BROADWAY STREET SOUTH & I25 SOUTHBOUND RAMPS,1,1,0,0,1,1,,0,35,0,0,0,0,0,1,2,13
,2019-19221,39.707253,-104.996845,7/23/2019 7:57,7:57,12,0,0,I25 NORTHBOUND ON RAMP LOOP FROM & SANTA FE DRIVE SOUTH,1,1,0,0,1,7,,0,55,0,0,0,0,0,1,2,13
,2019-19222,39.711721,-104.999203,1/3/2019 10:14,10:14,12,0,0,I25 & ALAMEDA AVENUE WEST INTCH,1,1,0,0,1,4,,0,50,0,0,0,0,0,1,3,13
,2019-19223,39.712124,-104.999443,5/6/2019 17:00,17:00,12,0,0,I25 & ALAMEDA AVENUE WEST,1,1,0,0,1,4,,0,55,0,0,0,0,0,1,3,13
,2019-19225,39.713065,-105.000002,2/28/2019 14:14,14:14,12,0,1,I25 & CEDAR AVENUE WEST,1,1,1,0,1,4,,0,55,0,0,0,0,1,1,2,13
,2019-19226,39.722924,-105.010541,12/29/2019 14:20,14:20,12,0,0,I25 & SIXTH AVENUE WEST,2,1,0,0,1,4,,0,55,0,0,0,0,0,1,3,13
,2019-19227,39.740507,-105.013959,5/1/2019 15:11,15:11,12,0,0,I25 NORTHBOUND ON RAMP & COLFAX AVENUE WEST,1,1,0,0,1,7,,0,55,0,0,0,0,0,1,2,3
,2019-19228,39.72301,-105.010662,1/14/2019 7:28,7:28,12,0,0,I25 & SIXTH AVENUE WEST NORTHBOUND EXIT GORE,1,1,0,0,1,4,,0,65,0,0,0,0,0,1,3,13
,2019-19229,39.72301,-105.010662,1/27/2019 12:52,12:52,12,0,1,I25 & SIXTH AVENUE NORTHBOUND EXIT,1,1,0,0,1,4,,0,65,0,0,0,0,1,1,3,3
,2019-19230,39.723487,-105.011255,4/17/2019 14:40,14:40,15,0,0,I25 SOUTHBOUND ON RAMP & SIXTH AVENUE WEST,1,1,0,0,1,7,,0,55,0,0,0,0,0,1,2,13
,2019-19231,39.724481,-105.012285,11/23/2019 12:59,12:59,12,0,0,I25 & SIXTH AVENUE WEST,1,1,0,0,1,4,,0,55,0,0,0,0,0,1,2,13
,2019-19232,39.72491,-105.012638,11/18/2019 12:23,12:23,15,0,0,I25 SOUTHBOUND ON RAMP FROM & HIGHWAY 6 EASTBOUND,1,1,1,0,1,7,,0,35,0,0,0,0,0,1,2,13
,2019-19233,39.725339,-105.012957,10/25/2019 9:49,9:49,15,0,0,I25 SOUTHBOUND ON RAMP & SIXTH AVENUE WEST,1,1,1,0,1,7,,0,55,0,0,0,0,0,1,2,13
,2019-19234,39.72543,-105.013021,4/11/2019 15:25,15:25,12,0,0,I25 & SIXTH AVENUE WEST,1,1,1,0,1,4,,0,55,0,0,0,0,0,1,2,13
,2019-19235,39.725796,-105.013276,1/2/2019 12:36,12:36,12,0,0,I25 NORTHBOUND LOOP RAMP OFF  & SIXTH AVENUE WEST INTCH,1,1,1,0,1,7,,0,55,0,0,0,0,0,1,2,13
,2019-19236,39.729014,-105.014706,9/20/2019 21:00,21:00,12,0,0,I25 & EIGHTH AVENUE WEST,1,3,0,0,1,4,,0,65,0,0,0,0,0,1,2,5
,2019-19237,39.729334,-105.014821,11/19/2019 6:54,6:54,12,0,0,I25 & EIGHTH AVENUE WEST,1,1,0,0,1,4,,0,55,0,0,0,0,0,1,3,1
,2019-19238,39.731927,-105.015563,3/3/2019 21:39,21:39,5,0,1,I25 & EIGHTH AVENUE WEST,12,4,0,0,2,4,,0,65,0,0,0,0,2,1,2,5
,2019-19240,39.731927,-105.015563,6/6/2019 17:54,17:54,12,0,1,I25 & EIGHTH AVENUE WEST,1,1,0,0,1,4,,0,55,0,0,0,0,1,1,3,13
,2019-19241,39.737754,-105.013889,12/30/2019 7:40,7:40,15,0,0,I25 & COLFAX AVENUE WEST,1,1,0,0,1,4,,0,55,0,0,0,0,0,1,2,7
,2019-19242,39.746661,-105.018149,3/12/2019 14:49,14:49,12,0,1,I25 & 23RD AVENUE WEST,1,1,0,0,1,4,,0,55,0,0,0,0,1,1,3,14
,2019-19243,39.751291,-105.016572,4/19/2019 13:49,13:49,12,0,0,I25 & 23RD AVENUE WEST,1,1,1,0,1,4,,0,55,0,0,0,0,0,1,2,3
,2019-19244,39.751291,-105.016572,12/6/2019 13:50,13:50,12,0,0,I25 & 23RD AVENUE WEST,1,1,1,0,1,4,,0,55,0,0,0,0,0,1,2,13
,2019-19245,39.756073,-105.011413,10/2/2019 16:10,16:10,12,0,1,I25 & SPEER BOULEVARD NORTH,1,1,1,0,1,4,,0,55,0,0,0,0,1,1,3,3
,2019-19246,39.756166,-105.011284,12/2/2019 17:25,17:25,12,0,0,I25 & SPEER BOULEVARD NORTH,2,3,0,0,1,4,,0,55,0,0,0,0,0,1,2,13
,2019-19248,39.758313,-105.008335,9/20/2019 11:40,11:40,12,0,0,I25 SOUTHBOUND ENTRANCE GORE POINT & 20TH STREET,1,1,0,0,1,4,,0,65,0,0,0,0,0,1,2,3
,2019-19249,39.760615,-105.004878,10/3/2019 16:11,16:11,12,0,0,I25 & 20TH STREET,1,1,0,0,1,4,,0,55,0,0,0,0,0,1,3,13
,2019-19250,39.760997,-105.004275,10/31/2019 8:54,8:54,12,0,0,I25 & 20TH STREET,1,1,0,0,1,4,,0,65,0,0,0,0,0,1,2,1
,2019-19252,39.760997,-105.004275,9/13/2019 20:28,20:28,1,0,1,20TH STREET & I25 SOUTHBOUND OFF RAMP,1,3,0,0,1,1,,0,35,0,0,0,0,1,1,2,13
,2019-19255,39.760997,-105.004275,9/16/2019 22:20,22:20,12,0,0,20TH STREET & I25 SOUTHBOUND ON RAMP,1,1,0,0,1,1,,0,35,0,0,0,0,0,1,2,8
,2019-19256,39.760997,-105.004275,10/23/2019 13:52,13:52,3,0,0,20TH STREET & I25 SOUTHBOUND OFF RAMP,1,1,0,0,1,1,,0,35,0,0,0,0,0,1,2,3
,2019-19257,39.760997,-105.004275,12/6/2019 22:10,22:10,15,0,0,20TH STREET & I25 NORTHBOUND ON RAMP,1,3,0,0,1,1,,0,30,0,0,0,0,0,1,2,13
,2019-19258,39.761905,-105.003137,9/5/2019 9:13,9:13,12,0,2,I25 & 20TH STREET,1,1,0,0,1,4,,0,65,0,0,0,0,1,1,2,1
,2019-19259,39.764163,-105.001312,12/31/2019 17:07,17:07,12,0,0,I25 & 20TH STREET,1,3,0,0,1,4,,0,55,0,0,0,0,0,1,2,13
,2019-19260,39.768039,-104.994789,3/7/2019 17:09,17:09,15,0,0,FOX STREET 3900 BLOCK NORTH & 38TH AVENUE WEST,1,1,0,0,1,3,,0,30,0,0,0,0,0,1,2,14
,2019-19261,39.768039,-104.994789,12/10/2019 12:44,12:44,12,0,0,PARK AVENUE WEST & FOX STREET NORTH,1,1,1,0,1,1,,0,35,0,0,0,0,0,1,2,13
,2019-19262,39.768039,-104.994789,4/11/2019 11:13,11:13,15,0,0,PARK AVENUE WEST & I25 NORTHBOUND ON RAMP,1,1,0,0,1,1,,0,35,0,0,0,0,0,1,2,13
,2019-19263,39.768039,-104.994789,4/23/2019 8:16,8:16,12,0,0,PARK AVENUE WEST & I25 NORTHBOUND RAMPS,1,1,0,0,1,1,,0,35,0,0,0,0,0,1,2,13
,2019-19264,39.770103,-104.991512,2/12/2019 12:13,12:13,12,0,0,I25 & MM 213,1,1,0,0,1,4,,0,55,0,0,0,0,0,1,2,13
,2019-19265,39.770103,-104.991512,6/13/2019 8:35,8:35,12,0,0,I25 & MM 213,1,1,0,0,1,4,,0,55,0,0,0,0,0,1,2,13
,2019-1931,39.77739217,-104.912901,3/17/2019 0:00,0:00,5,0,1,MONACO STREET NORTH & 1600 BLOCK,1,3,0,0,3,4,,0,,0,0,0,0,2,4,1,5
,2019-1932,39.63799683,-104.9126781,10/3/2019 7:35,7:35,15,0,0,MONACO STREET & 1700 BLOCK NORTH,1,1,0,0,1,4,,0,30,0,0,0,0,0,4,2,7
,2019-1933,39.743478,-104.912811,2/11/2019 13:25,13:25,3,0,0,MONACO STREET NORTH & 17TH AVENUE EAST,1,1,0,0,1,1,,0,30,0,0,0,0,0,4,2,8
,2019-1934,39.743478,-104.912811,10/16/2019 16:47,16:47,3,0,0,MONACO STREET NORTH & 17TH AVENUE EAST,1,1,0,0,1,1,,0,30,0,0,0,0,0,4,2,8
,2019-1935,39.743478,-104.912811,10/22/2019 16:45,16:45,12,0,0,MONACO STREET NORTH & 17TH AVENUE EAST,1,1,0,0,1,1,,0,30,0,0,0,0,0,4,2,14
,2019-19366,39.711332,-105.053258,9/22/2019 15:37,15:37,3,0,1,SHERIDAN BOULEVARD SOUTH & HIGHWAY 26 / ALAMEDA AVENUE WEST,1,1,0,0,1,1,,0,35,0,0,0,0,1,2,3,13
,2019-19367,39.711332,-105.053258,11/20/2019 13:06,13:06,1,0,1,SHERIDAN BOULEVARD SOUTH & ALAMEDA AVENUE WEST,1,1,0,0,1,1,,0,35,0,0,0,0,1,2,2,3
,2019-19368,39.711332,-105.053258,11/24/2019 7:10,7:10,3,0,0,SHERIDAN BOULEVARD SOUTH & ALAMEDA AVENUE WEST,1,2,0,0,1,1,,0,,0,0,0,0,0,2,2,13
,2019-19369,39.7112,-105.04202,4/16/2019 9:06,9:06,3,0,0,RALEIGH STREET SOUTH & ALAMEDA AVENUE WEST,1,1,0,0,1,1,,0,25,0,0,0,0,0,2,2,3
,2019-19370,39.711077,-105.025063,10/24/2019 0:49,0:49,3,0,0,ALAMEDA AVENUE WEST & FEDERAL BOULEVARD SOUTH,2,3,0,2,1,1,,0,45,0,0,0,0,0,2,2,13
,2019-19371,39.7112,-105.04202,12/16/2019 14:28,14:28,3,0,0,ALAMEDA AVENUE WEST & RALEIGH STREET SOUTH,1,1,0,0,1,1,,0,35,0,0,0,0,0,2,2,13
,2019-19372,39.711131,-105.032417,8/9/2019 12:24,12:24,3,0,0,ALAMEDA AVENUE WEST & MORRISON ROAD / KNOX COURT SOUTH,1,1,0,0,1,1,,0,30,0,0,0,0,0,2,2,13
,2019-19373,39.711131,-105.032417,9/16/2019 16:55,16:55,15,0,0,HIGHWAY 26 / ALAMEDA AVENUE WEST & KNOX COURT SOUTH / MORRISON ROAD,1,1,0,0,1,1,,0,30,0,0,0,0,0,2,2,13
,2019-19374,39.711094,-105.029896,7/12/2019 9:44,9:44,1,0,0,IRVING STREET SOUTH & ALAMEDA AVENUE WEST,1,1,0,0,1,1,,0,25,0,0,0,0,0,2,2,13
,2019-19375,39.711091,-105.027501,6/16/2019 14:45,14:45,3,0,0,ALAMEDA AVENUE WEST & HAZEL COURT SOUTH,1,1,0,0,1,1,,0,35,0,0,0,0,0,2,2,13
,2019-19376,39.711091,-105.027501,8/27/2019 7:54,7:54,12,0,0,ALAMEDA AVENUE WEST & HAZEL COURT SOUTH,1,1,0,0,1,1,,0,30,0,0,0,0,0,2,2,13
,2019-19377,39.711155,-105.022584,10/23/2019 19:34,19:34,1,0,3,ALAMEDA AVENUE WEST & DECATUR STREET SOUTH,6,2,0,2,1,1,,0,35,0,0,0,0,1,2,2,13
,2019-19378,39.711155,-105.022584,11/19/2019 14:09,14:09,12,0,0,DECATUR STREET SOUTH & ALAMEDA AVENUE WEST,1,1,0,0,1,3,,0,25,0,0,0,0,0,2,2,3
,2019-19379,39.711144,-105.020135,7/30/2019 9:23,9:23,12,0,0,ALAMEDA AVENUE WEST & CLAY STREET,1,1,0,0,1,3,,0,30,0,0,0,0,0,2,2,13
,2019-1938,39.718359,-104.9127795,1/29/2019 18:39,18:39,3,0,0,MONACO STREET NORTH & FIRST AVENUE EAST,4,3,0,0,1,1,,0,30,0,0,0,0,0,4,3,13
,2019-19380,39.711144,-105.019933,8/22/2019 18:32,18:32,3,0,0,ALAMEDA AVENUE WEST & CLAY STREET SOUTH,1,1,0,0,1,2,,0,30,0,0,0,0,0,2,2,13
,2019-19381,39.711183,-105.010841,7/31/2019 18:05,18:05,15,0,0,ALAMEDA AVENUE WEST & TEJON STREET SOUTH,1,1,1,0,1,3,,0,35,0,0,0,0,0,2,2,13
,2019-19382,39.711183,-105.010654,3/22/2019 15:52,15:52,12,0,2,ALAMEDA AVENUE WEST & TEJON STREET SOUTH,1,1,1,0,1,3,,0,35,0,0,0,0,1,2,2,1
,2019-19383,39.711184,-105.00153,3/12/2019 9:29,9:29,3,0,0,LIPAN STREET SOUTH & ALAMEDA AVENUE WEST,1,1,0,0,1,1,,0,30,0,0,0,0,0,2,2,13
,2019-19384,39.711184,-105.00153,5/3/2019 21:55,21:55,10,0,0,ALAMEDA AVENUE WEST & LIPAN STREET SOUTH,1,3,0,0,1,1,,0,35,0,0,0,0,0,2,2,13
,2019-19385,39.653088,-104.915267,6/28/2019 19:05,19:05,1,0,0,HAMPDEN AVENUE EAST & LOCUST STREET SOUTH,1,1,1,0,1,1,,0,40,0,0,0,0,0,2,2,13
,2019-19386,39.653094,-104.912878,1/30/2019 8:30,8:30,12,0,0,MONACO STREET SOUTH & HAMPDEN AVENUE EAST,5,1,0,0,1,3,,0,30,0,0,0,0,0,2,2,7
,2019-19387,39.653093,-104.912695,7/15/2019 19:18,19:18,12,0,2,HAMPDEN AVENUE EAST & MONACO STREET SOUTH,1,2,0,0,1,3,,0,40,0,0,0,0,1,2,2,13
,2019-19388,39.653094,-104.907212,1/12/2019 21:27,21:27,1,0,1,HAMPDEN AVENUE EAST & OLEANDER COURT SOUTH,1,3,0,0,1,1,,0,35,0,0,0,0,1,2,2,13
,2019-19389,39.736878,-104.973008,12/27/2019 4:00,4:00,6,0,0,13TH AVENUE EAST & DOWNING STREET NORTH,4,3,0,2,1,1,,0,,0,0,0,0,0,4,2,13
,2019-19390,39.653096,-104.907029,7/9/2019 9:54,9:54,3,0,0,HAMPDEN AVENUE EAST & OLEANDER STREET SOUTH,1,1,0,0,1,2,,0,40,0,0,0,0,0,2,2,1
,2019-19391,39.653117,-104.903031,12/29/2019 11:44,11:44,3,0,0,HAMPDEN AVENUE 7500 BLOCK EAST  & TAMARAC DRIVE SOUTH,6,1,0,0,1,1,,0,40,0,0,0,0,0,2,2,3
,2019-19392,39.653077,-104.898688,9/19/2019 16:52,16:52,1,0,0,HAMPDEN AVENUE EAST & TAMARAC STREET SOUTH,1,1,1,0,1,1,,0,45,0,0,0,0,0,2,2,7
,2019-19393,39.653077,-104.898688,10/8/2019 15:00,15:00,3,0,0,HAMPDEN AVENUE EAST & TAMARAC DRIVE SOUTH,1,1,0,0,1,1,,0,35,0,0,0,0,0,2,2,3
,2019-19394,39.653056,-104.884924,8/26/2019 8:26,8:26,3,0,0,HIGHWAY 30 / HAMPDEN AVENUE EAST & YOSEMITE STREET SOUTH,1,1,1,0,1,2,,0,35,0,0,0,0,0,2,2,13
,2019-19395,39.653019,-104.874824,9/20/2019 7:43,7:43,1,0,0,HAMPDEN AVENUE EAST & DAYTON STREET SOUTH,1,1,0,0,1,2,,0,45,0,0,0,0,0,2,2,7
,2019-19396,39.653052,-104.88456,4/5/2019 12:40,12:40,15,0,0,HAMPDEN AVENUE 8900 BLOCK EAST & YOSEMITE STREET,1,1,0,0,1,3,,0,45,0,0,0,0,0,2,2,7
,2019-19397,39.653025,-104.880928,4/16/2019 12:30,12:30,12,0,0,HAMPDEN AVENUE 9100 BLOCK EAST & AKRON STREET SOUTH,1,1,0,0,1,4,,0,45,0,0,0,0,0,2,2,3
,2019-19398,39.653025,-104.880373,9/26/2019 8:52,8:52,12,0,0,HAMPDEN AVENUE EAST & AKRON STREET SOUTH,1,1,0,0,1,4,,0,45,0,0,0,0,0,2,2,13
,2019-19399,39.65352,-104.868405,3/15/2019 18:50,18:50,12,0,0,HAMPDEN AVENUE EAST & GALENA STREET SOUTH,1,3,0,0,1,1,,0,35,0,0,0,0,0,2,2,3
,2019-19400,39.65302,-104.875566,2/26/2019 17:55,17:55,12,0,0,HAMPDEN AVENUE EAST & DAYTON STREET SOUTH,1,3,0,0,1,1,,0,35,0,0,0,0,0,2,3,3
,2019-19401,39.65302,-104.875566,4/15/2019 8:30,8:30,15,0,0,HAMPDEN AVENUE EAST & DAYTON STREET SOUTH,1,1,0,0,1,1,,0,45,0,0,0,0,0,2,2,13
,2019-19402,39.65302,-104.875566,6/10/2019 16:30,16:30,12,0,0,HAMPDEN AVENUE EAST & DAYTON STREET SOUTH,1,1,0,0,1,1,,0,40,0,0,0,0,0,2,2,3
,2019-19404,39.65302,-104.875566,6/10/2019 17:55,17:55,12,0,0,HAMPDEN AVENUE EAST & DAYTON STREET SOUTH,1,1,0,0,1,1,,0,40,0,0,0,0,0,2,2,3
,2019-19405,39.661708,-104.866264,6/19/2019 15:26,15:26,12,0,0,HAVANA STREET SOUTH & CORNELL AVENUE EAST,1,1,0,0,1,4,,0,45,0,0,0,0,0,2,2,14
,2019-19406,39.667245,-104.86614,5/8/2019 0:00,0:00,12,0,0,HAVANA STREET SOUTH & YALE AVENUE EAST,2,4,0,0,1,4,,0,45,0,0,0,0,0,2,2,14
,2019-19407,39.667528,-104.866133,1/20/2019 12:25,12:25,12,0,0,HAVANA STREET SOUTH & YALE AVENUE EAST,1,1,0,0,1,1,,0,45,0,0,0,0,0,2,2,5
,2019-19408,39.670857,-104.866047,2/27/2019 10:20,10:20,15,0,0,HAVANA STREET SOUTH & PARKER ROAD SOUTH,1,1,0,0,1,1,,0,45,0,0,0,0,0,2,2,13