id,drcog_id,latitude,longitude,crashtime,time,crashtype,numbkilled,numbinjurd,drcoglocat,rdconditin,lightngcon,roadcntgrd,weatherco,location,roaddescrp,schoolzone,constrzone,splimit,bikeinv,sctrinv,pedinv,motoinv,svrty,rdsystem,ttlvehcls,hcf
,2019-19409,39.670857,-104.866047,5/31/2019 6:14,6:14,3,0,0,HAVANA STREET SOUTH & PARKER ROAD SOUTH,1,1,0,0,1,1,,0,45,0,0,0,0,0,2,2,13
,2019-19410,39.670857,-104.866047,6/3/2019 23:30,23:30,5,0,0,HAVANA STREET SOUTH & PARKER ROAD SOUTH,1,4,1,0,2,1,,0,35,0,0,0,0,0,2,1,5
,2019-19411,39.670857,-104.866047,7/27/2019 10:22,10:22,15,0,1,HIGHWAY 83 / PARKER ROAD SOUTH & HIGHWAY 30 / HAVANA STREET SOUTH,1,1,1,0,1,1,,0,40,0,0,0,0,1,2,2,13
,2019-19412,39.670847,-104.86605,12/10/2019 17:31,17:31,3,0,0,HAVANA STREET & PARKER ROAD SOUTH,1,4,0,0,1,3,,0,45,0,0,0,0,0,2,2,13
,2019-19444,39.707223,-104.86598,9/7/2019 16:25,16:25,12,0,0,HIGHWAY 30 / HAVANA STREET SOUTH & VIRGINIA AVENUE EAST,1,1,0,0,1,3,,0,40,0,0,0,0,0,2,4,1
,2019-19445,39.740146,-104.948986,5/8/2019 19:20,19:20,6,0,0,COLFAX AVENUE EAST & ADAMS STREET,2,2,0,1,1,4,,0,30,0,0,0,0,0,2,3,1
,2019-19450,39.725492,-104.953208,9/24/2019 22:46,22:46,6,0,0,SIXTH AVENUE 2900 BLOCK EAST & MILWAUKEE STREET NORTH,1,3,0,0,1,4,,0,35,0,0,0,0,0,4,2,14
,2019-19486,39.781375,-104.902153,8/28/2019 11:45,11:45,15,0,1,HIGHWAY 35 / QUEBEC STREET NORTH & SAND CREEK ROAD NORTH,1,1,0,0,1,4,,0,35,0,0,0,0,1,2,2,3
,2019-19487,39.781956,-104.901623,10/15/2019 20:40,20:40,8,0,0,NORTHFIELD QUEBEC STREET & SANDCREEK DRIVE SOUTH,1,1,0,0,1,1,,0,,0,0,0,0,0,2,2,13
,2019-19488,39.781956,-104.901623,11/4/2019 8:30,8:30,12,0,0,QUEBEC STREET 4500 BLOCK NORTH & SANDCREEK DRIVE SOUTH,1,1,0,0,1,1,,0,35,0,0,0,0,0,2,2,13
,2019-19489,39.793553,-104.903425,12/18/2019 16:00,16:00,12,0,0,QUEBEC STREET NORTH & 53RD PLACE EAST,1,1,0,0,1,4,,0,35,0,0,0,0,0,2,2,1
,2019-19558,39.778534,-104.989182,10/27/2019 3:31,3:31,15,0,0,I25 & I70,2,3,0,2,1,4,,0,55,0,0,0,0,0,1,2,13
,2019-19563,39.740343,-105.033006,7/5/2019 0:05,0:05,1,0,0,COLFAX AVENUE WEST & KING STREET,2,3,0,1,1,1,,0,35,0,0,0,0,0,2,2,13
,2019-19567,39.740322,-105.053077,3/29/2019 16:09,16:09,12,0,2,COLFAX AVENUE 5100 BLOCK WEST & SHERIDAN BOULEVARD NORTH,2,1,1,1,1,4,,0,30,0,0,0,0,1,2,2,13
,2019-19569,39.740314,-105.052688,1/30/2019 7:20,7:20,15,0,0,COLFAX AVENUE 5100 BLOCK WEST & ZENOBIA STREET NORTH,1,1,0,0,1,4,,0,30,0,0,0,0,0,2,2,13
,2019-19570,39.740336,-105.052504,8/19/2019 11:00,11:00,3,0,0,HIGHWAY 40 / COLFAX AVENUE WEST & 5151 WEST COLFAX AVENUE,1,1,0,0,1,2,,0,30,0,0,0,0,0,2,2,13
,2019-19571,39.740341,-105.0393,8/9/2019 14:43,14:43,10,0,0,COLFAX AVENUE WEST & PERRY STREET NORTH,1,1,0,0,1,1,,0,40,0,0,0,0,0,2,2,13
,2019-19574,39.740344,-105.047492,3/3/2019 9:57,9:57,3,0,0,COLFAX AVENUE WEST & WINONA COURT NORTH,4,1,0,0,1,1,,0,25,0,0,0,0,0,2,2,13
,2019-19575,39.740344,-105.047492,6/16/2019 15:55,15:55,12,0,0,COLFAX AVENUE WEST & WINONA COURT NORTH,1,1,0,0,1,4,,0,,0,0,0,0,0,2,2,13
,2019-19576,39.740344,-105.047492,11/23/2019 15:02,15:02,3,0,0,COLFAX AVENUE WEST & WINONA COURT NORTH,1,2,0,0,1,1,,0,25,0,0,0,0,0,2,2,13
,2019-19577,39.740332,-105.045688,9/3/2019 10:24,10:24,12,0,2,COLFAX AVENUE WEST & VRAIN STREET NORTH,1,1,1,0,1,4,,0,30,0,0,0,0,1,2,2,13
,2019-19578,39.740338,-105.042488,10/16/2019 16:50,16:50,12,0,0,COLFAX AVENUE WEST & STUART STREET NORTH,1,1,0,0,1,3,,0,35,0,0,0,0,0,2,3,13
,2019-19579,39.740341,-105.038154,1/15/2019 16:01,16:01,3,0,0,OSCEOLA STREET NORTH & COLFAX AVENUE WEST,1,1,0,0,1,1,,0,10,0,0,0,0,0,2,2,13
,2019-19580,39.740342,-105.037242,9/12/2019 12:35,12:35,12,0,0,COLFAX AVENUE WEST & NEWTON STREET NORTH,1,1,0,0,1,4,,0,30,0,0,0,0,0,2,2,5
,2019-19581,39.740342,-105.037059,10/28/2019 9:15,9:15,1,0,0,COLFAX AVENUE WEST & NEWTON STREET NORTH,5,1,0,2,1,1,,0,35,0,0,0,0,0,2,2,1
,2019-19582,39.740277,-105.029905,5/4/2019 16:12,16:12,3,0,0,COLFAX AVENUE WEST & IRVING STREET NORTH,1,1,0,0,1,1,,0,30,0,0,0,0,0,2,2,8
,2019-19583,39.740277,-105.029905,7/19/2019 23:49,23:49,1,0,0,COLFAX AVENUE WEST & IRVING STREET NORTH,1,3,0,0,1,1,,0,30,0,0,0,0,0,2,2,13
,2019-19585,39.74034,-105.025196,4/3/2019 17:15,17:15,12,0,0,COLFAX AVENUE 3000 BLOCK WEST & FEDERAL BOULEVARD NORTH,1,1,0,0,1,4,,0,35,0,0,0,0,0,2,2,13
,2019-19586,39.740402,-105.018391,8/28/2019 7:28,7:28,12,0,0,COLFAX AVENUE WEST & I25,1,1,0,0,1,4,,0,45,0,0,0,0,0,2,2,14
,2019-19588,39.740336,-105.015418,8/20/2019 16:57,16:57,3,0,0,COLFAX AVENUE WEST & I25 SOUTHBOUND OFF RAMP,1,1,0,0,1,1,,0,45,0,0,0,0,0,2,2,3
,2019-19589,39.740336,-105.015418,10/16/2019 13:10,13:10,5,0,1,COLFAX AVENUE WEST & I25 SOUTHBOUND OFF RAMP,1,1,0,0,4,1,,0,30,0,0,0,0,1,2,1,2
,2019-19590,39.740292,-105.013335,9/8/2019 14:49,14:49,12,0,0,COLFAX AVENUE WEST & I25,1,1,0,0,1,4,,0,35,0,0,0,0,0,2,2,13
,2019-19591,39.740276,-105.01251,7/8/2019 16:17,16:17,3,0,0,COLFAX AVENUE WEST & I25 NORTHBOUND OFF RAMP,1,1,0,0,1,1,,0,40,0,0,0,0,0,2,2,3
,2019-19592,39.740102,-105.005598,11/27/2019 8:20,8:20,15,0,0,COLFAX AVENUE WEST & OSAGE STREET NORTH,5,1,1,0,1,4,,0,30,0,0,0,0,0,2,2,13
,2019-19593,39.740082,-105.005223,5/27/2019 15:26,15:26,3,0,0,COLFAX AVENUE WEST & OSAGE STREET NORTH,1,1,0,0,1,1,,0,35,0,0,0,0,0,2,2,13
,2019-19594,39.740028,-105.002765,10/21/2019 8:30,8:30,15,0,0,COLFAX AVENUE WEST & MARIPOSA STREET NORTH,1,1,0,0,1,1,,0,35,0,0,0,0,0,2,2,5
,2019-19595,39.740028,-105.002765,11/1/2019 16:25,16:25,1,0,0,COLFAX AVENUE WEST & MARIPOSA STREET NORTH,1,1,0,0,1,1,,0,35,0,0,0,0,0,2,2,7
,2019-19596,39.740028,-105.002765,11/14/2019 10:12,10:12,10,0,0,MARIPOSA STREET NORTH & COLFAX AVENUE WEST,1,1,0,0,1,1,,0,30,0,0,0,0,0,2,2,7
,2019-19597,39.740028,-105.002765,12/11/2019 7:01,7:01,1,0,1,COLFAX AVENUE WEST & MARIPOSA STREET NORTH,1,1,1,0,1,1,,0,35,0,0,0,0,1,2,2,13
,2019-19598,39.740048,-104.999948,6/16/2019 0:50,0:50,3,0,0,KALAMATH STREET NORTH & COLFAX AVENUE WEST,1,3,0,0,1,1,,0,35,0,0,0,0,0,2,3,13
,2019-19599,39.740035,-104.998869,1/23/2019 21:09,21:09,3,0,1,COLFAX AVENUE WEST & SPEER BOULEVARD NORTH,1,3,0,0,1,1,,0,30,0,0,0,0,1,2,3,8
,2019-19600,39.740035,-104.998869,1/25/2019 1:55,1:55,3,0,0,COLFAX AVENUE WEST & SPEER BOULEVARD NORTH,1,3,0,0,1,1,,0,,0,0,0,0,0,2,2,13
,2019-19602,39.740035,-104.998869,5/17/2019 18:58,18:58,3,0,0,COLFAX AVENUE WEST & SPEER BOULEVARD NORTH,1,1,0,0,1,1,,0,35,0,0,0,0,0,2,2,7
,2019-19603,39.740025,-104.998125,9/25/2019 8:15,8:15,3,0,0,COLFAX AVENUE WEST & SPEER BOULEVARD NORTHBOUND,1,1,0,0,1,1,,0,35,0,0,0,0,0,2,2,1
,2019-19604,39.740025,-104.998125,11/3/2019 19:15,19:15,3,0,2,COLFAX AVENUE WEST & SPEER BOULEVARD NORTHBOUND,1,3,0,0,1,1,,0,30,0,0,0,0,1,2,2,13
,2019-19605,39.740117,-104.998856,11/22/2019 15:19,15:19,15,0,0,COLFAX AVENUE WEST & SPEER BOULEVARD NORTHBOUND,2,1,0,0,1,3,,0,35,0,0,0,0,0,2,2,13
,2019-19606,39.74002,-104.997145,2/8/2019 9:12,9:12,12,0,0,COLFAX AVENUE WEST & GALAPAGO STREET NORTH,2,1,0,0,1,4,,0,30,0,0,0,0,0,2,2,13
,2019-19607,39.740013,-104.995596,2/10/2019 0:50,0:50,6,0,0,GLENARM PLACE 12500 BLOCK & COLFAX AVENUE WEST,5,3,0,0,1,4,,0,25,0,0,0,0,0,2,3,7
,2019-19608,39.740013,-104.995596,2/17/2019 19:08,19:08,1,0,0,COLFAX AVENUE WEST & GLENARM PLACE,4,3,0,2,1,1,,0,30,0,0,0,0,0,2,2,13
,2019-19609,39.740003,-104.991796,9/14/2019 22:00,22:00,12,0,0,COLFAX AVENUE WEST & CHEROKEE STREET NORTH / COURT PLACE,1,3,0,0,1,3,,0,30,0,0,0,0,0,2,3,13
,2019-19610,39.7402,-104.988197,5/7/2019 23:02,23:02,15,0,0,COLFAX AVENUE WEST & 15TH STREET,2,3,1,0,1,1,,0,30,0,0,0,0,0,2,2,7
,2019-19611,39.740003,-104.987563,10/18/2019 0:01,0:01,15,0,0,COLFAX AVENUE WEST & BROADWAY STREET NORTH,1,3,0,0,1,4,,1,30,0,0,0,0,0,2,2,13
,2019-19612,39.740003,-104.987563,12/10/2019 0:35,0:35,5,0,0,COLFAX AVENUE & BROADWAY STREET NORTH,1,3,0,0,1,4,,0,30,0,0,0,0,0,2,1,1
,2019-19614,39.740003,-104.987461,9/21/2019 2:00,2:00,12,0,0,COLFAX AVENUE 100 BLOCK WEST & BROADWAY STREET NORTH,1,3,0,0,1,4,,0,,0,0,0,0,0,2,2,13
,2019-19615,39.740003,-104.987461,12/15/2019 23:30,23:30,5,0,0,COLFAX AVENUE WEST & BROADWAY STREET NORTH,5,3,0,0,2,4,,0,30,0,0,0,0,0,2,2,5
,2019-19616,39.740002,-104.987333,1/22/2019 11:45,11:45,12,0,0,COLFAX AVENUE EAST & BROADWAY STREET NORTH,1,1,0,0,1,1,,0,,0,0,0,0,0,2,2,13
,2019-19617,39.740002,-104.987333,4/27/2019 9:46,9:46,15,0,0,COLFAX AVENUE EAST & BROADWAY STREET NORTH,1,1,0,0,1,1,,0,25,0,0,0,0,0,2,2,14
,2019-19619,39.740002,-104.987333,5/22/2019 11:50,11:50,12,0,0,COLFAX AVENUE EAST & BROADWAY STREET NORTH,1,1,0,0,1,1,,0,30,0,0,0,0,0,2,2,14
,2019-19621,39.740002,-104.987333,7/19/2019 14:45,14:45,15,0,0,COLFAX AVENUE WEST & BROADWAY NORTH,1,1,0,0,1,1,,0,30,0,0,0,0,0,2,2,1
,2019-19622,39.74,-104.986766,9/6/2019 20:50,20:50,12,0,0,COLFAX AVENUE WEST & BROADWAY STREET NORTH,2,3,0,0,1,4,,0,30,0,0,0,0,0,2,2,13
,2019-19623,39.740041,-104.983517,4/12/2019 12:51,12:51,15,0,0,COLFAX AVENUE 200 BLOCK EAST & GRANT STREET NORTH,1,1,0,0,1,4,,0,30,0,0,0,0,0,2,2,1
,2019-19624,39.740007,-104.986199,2/9/2019 0:15,0:15,3,0,0,LINCOLN STREET NORTH & COLFAX AVENUE EAST,2,3,0,0,1,1,,0,35,0,0,0,0,0,2,2,13
,2019-19625,39.740047,-104.984201,11/22/2019 21:40,21:40,12,0,0,COLFAX AVENUE & 200 BLOCK EAST,1,1,0,0,1,3,,0,35,0,0,0,0,0,2,2,13
,2019-19626,39.740017,-104.980795,3/18/2019 9:30,9:30,12,0,0,COLFAX AVENUE 500 BLOCK EAST & PENNSYLVANIA STREET NORTH,1,1,0,0,1,4,,0,30,0,0,0,0,0,2,2,14
,2019-19627,39.740004,-104.980684,7/1/2019 18:30,18:30,6,0,0,COLFAX AVENUE EAST & 514 EAST COLFAX AVENUE,1,1,0,0,1,4,,0,30,0,0,0,0,0,2,2,13
,2019-19628,39.739998,-104.978671,7/9/2019 23:30,23:30,3,0,0,COLFAX AVENUE EAST & WASHINGTON STREET NORTH,1,3,0,0,1,1,,0,30,0,0,0,0,0,2,2,13
,2019-19629,39.74,-104.977412,3/10/2019 16:00,16:00,15,0,0,COLFAX AVENUE 800 BLOCK EAST & CLARKSON STREET NORTH,1,1,0,0,1,4,,0,30,0,0,0,0,0,2,2,13
,2019-19630,39.740001,-104.97703,2/17/2019 17:20,17:20,15,0,0,COLFAX AVENUE EAST & CLARKSON STREET NORTH,14,3,0,2,1,4,,0,30,0,0,0,0,0,2,2,1
,2019-19631,39.740006,-104.974407,1/21/2019 14:40,14:40,12,0,0,COLFAX AVENUE 1000 EAST & OGDEN STREET NORTH,1,1,0,0,1,4,,0,30,0,0,0,0,0,2,2,13
,2019-19632,39.740008,-104.973656,8/17/2019 20:12,20:12,12,0,1,COLFAX AVENUE EAST & DOWNING STREET,1,3,0,0,1,3,,0,30,0,0,0,0,2,2,2,14
,2019-19633,39.754672,-104.936125,12/20/2019 19:15,19:15,5,0,0,BIRCH STREET NORTH & 26TH AVENUE EAST,1,3,0,0,3,1,,0,,0,0,0,0,0,4,1,13
,2019-19634,39.740009,-104.973218,4/19/2019 7:06,7:06,6,0,0,COLFAX AVENUE EAST & DOWNING STREET NORTH,1,1,0,0,1,4,,0,30,0,0,0,0,0,2,2,14
,2019-19635,39.740011,-104.972196,6/4/2019 9:45,9:45,1,0,0,COLFAX AVENUE EAST & MARION STREET,1,1,0,0,1,1,,0,35,0,0,0,0,0,2,2,7
,2019-19636,39.740011,-104.972196,7/10/2019 13:37,13:37,12,0,0,COLFAX AVENUE EAST & MARION STREET,1,1,0,0,1,1,,0,30,0,0,0,0,0,2,2,14
,2019-19637,39.740013,-104.970799,10/9/2019 16:36,16:36,15,0,0,COLFAX AVENUE EAST & LAFAYETTE STREET,1,1,0,0,1,4,,0,35,0,0,0,0,0,2,2,14
,2019-19638,39.740003,-104.967211,3/17/2019 11:30,11:30,3,0,2,COLFAX AVENUE EAST & GILPIN STREET NORTH,1,1,0,0,1,1,,0,30,0,0,0,0,1,2,2,8
,2019-19639,39.740003,-104.967211,4/25/2019 19:14,19:14,3,0,0,COLFAX AVENUE EAST & GILPIN STREET NORTH,1,1,0,0,1,1,,0,25,0,0,0,0,0,2,3,14
,2019-19640,39.739998,-104.966067,4/29/2019 10:41,10:41,12,0,0,COLFAX AVENUE EAST & WILLIAMS STREET NORTH,1,1,0,0,1,1,,0,30,0,0,0,0,0,2,2,3
,2019-19641,39.739998,-104.966067,6/5/2019 18:45,18:45,12,0,2,COLFAX AVENUE EAST & WILLIAMS STREET NORTH,1,2,0,0,1,1,,0,35,0,0,0,0,1,2,2,13
,2019-19642,39.739983,-104.962875,7/16/2019 15:25,15:25,15,0,0,COLFAX AVENUE EAST & RACE STREET NORTH,1,1,0,0,1,4,,0,30,0,0,0,0,0,2,2,13
,2019-19643,39.739974,-104.96082,7/29/2019 22:37,22:37,15,0,2,COLFAX AVENUE EAST & GAYLORD STREET,1,3,0,0,1,3,,0,30,0,0,0,0,2,2,2,5
,2019-19644,39.74014,-104.958565,6/11/2019 13:20,13:20,12,0,0,COLFAX AVENUE EAST & JOSEPHINE STREET ROAD NORTH / 2300 BLOCK EAST,1,1,0,0,1,4,,0,30,0,0,0,0,0,2,2,1
,2019-19645,39.74014,-104.958565,11/12/2019 13:06,13:06,6,0,0,COLFAX AVENUE EAST & JOSEPHINE STREET NORTH,1,1,0,0,1,4,,0,30,0,0,0,0,0,2,3,7
,2019-19646,39.74016,-104.953883,4/19/2019 12:15,12:15,6,0,0,COLFAX AVENUE 2800 BLOCK EAST & FILLMORE STREET NORTH,1,1,0,0,1,4,,0,30,0,0,0,0,0,2,2,13
,2019-19647,39.740146,-104.948986,3/19/2019 23:00,23:00,6,0,0,COLFAX AVENUE EAST 3200 BLOCK & ADAMS STREET NORTH,1,3,0,0,1,4,,0,,0,0,0,0,0,2,3,13
,2019-19648,39.74014,-104.94675,9/25/2019 16:28,16:28,12,0,0,COLFAX AVENUE EAST & MADISON STREET,1,1,0,0,1,3,,0,30,0,0,0,0,0,2,2,13
,2019-19649,39.740132,-104.943955,1/16/2019 16:54,16:54,12,0,1,COLFAX AVENUE EAST & GARFIELD STREET NORTH,1,2,0,0,1,4,,0,30,0,0,0,0,1,2,3,1
,2019-19650,39.74012,-104.941848,10/6/2019 21:47,21:47,5,0,0,COLFAX AVENUE EAST & HARRISON STREET NORTH,1,3,0,0,2,1,,0,30,0,0,0,0,0,2,1,5
,2019-19651,39.74007,-104.93988,11/18/2019 11:38,11:38,12,0,0,COLFAX AVENUE EAST & COLORADO BOULEVARD NORTH,1,1,0,0,1,4,,0,30,0,0,0,0,0,2,2,13
,2019-19652,39.740069,-104.939704,7/12/2019 13:58,13:58,12,0,0,COLFAX AVENUE EAST & COLORADO BOULEVARD NORTH,1,1,0,0,1,3,,0,35,0,0,0,0,0,2,2,13
,2019-19653,39.740063,-104.938858,12/16/2019 7:35,7:35,15,0,0,COLFAX AVENUE EAST & ALBION STREET NORTH,1,1,0,0,1,3,,0,30,0,0,0,0,0,2,2,13
,2019-19654,39.740056,-104.932161,8/2/2019 2:36,2:36,3,0,0,COLFAX AVENUE EAST & DAHLIA STREET,1,3,0,0,1,1,,0,35,0,0,0,0,0,2,2,13
,2019-19655,39.740056,-104.931534,10/31/2019 7:33,7:33,3,0,0,COLFAX AVENUE EAST & DAHLIA STREET,5,2,0,0,1,1,,0,25,0,0,0,0,0,2,2,13
,2019-19656,39.740062,-104.929443,6/7/2019 2:00,2:00,5,0,0,COLFAX AVENUE EAST & ELM STREET,1,3,0,0,3,3,,0,30,0,0,0,0,0,2,1,13
,2019-19657,39.740074,-104.917594,6/3/2019 17:26,17:26,12,0,0,COLFAX AVENUE EAST & KEARNEY STREET NORTH,1,1,0,0,1,3,,0,35,0,0,0,0,0,2,3,3
,2019-19658,39.740079,-104.912395,7/19/2019 5:04,5:04,15,0,1,MONACO STREET NORTH  & COLFAX AVENUE EAST,1,2,0,0,1,1,,0,35,0,0,0,0,1,2,2,13
,2019-19659,39.740087,-104.904816,9/2/2019 14:40,14:40,12,0,0,COLFAX AVENUE EAST & POPLAR STREET NORTH,1,1,0,1,1,4,,0,30,0,0,0,0,0,2,2,1
,2019-19660,39.740079,-104.903501,4/18/2019 7:25,7:25,1,0,0,COLFAX AVENUE EAST & QUEBEC STREET NORTH,1,1,0,0,1,1,,0,,0,0,0,0,0,2,2,13
,2019-19661,39.74008,-104.898823,8/22/2019 7:22,7:22,12,0,1,COLFAX AVENUE WEST & SYRACUSE STREET NORTH,1,1,0,0,1,4,,0,35,0,0,0,0,1,2,2,3
,2019-19662,39.689439,-105.032044,12/17/2019 19:33,19:33,12,0,0,KNOX COURT SOUTH & FLORIDA AVENUE WEST,1,3,0,0,1,4,,0,30,0,0,0,0,0,4,2,5
,2019-19663,39.74008,-104.898636,4/11/2019 9:30,9:30,3,0,0,COLFAX AVENUE EAST & SYRACUSE STREET NORTH,1,1,0,0,1,1,,0,25,0,0,0,0,0,2,2,13
,2019-19664,39.740083,-104.893946,5/16/2019 20:03,20:03,1,0,0,COLFAX AVENUE EAST & ULSTER STREET NORTH,1,1,0,0,1,1,,0,30,0,0,0,0,0,2,2,8
,2019-19665,39.740084,-104.892883,2/23/2019 15:40,15:40,1,0,4,COFAX AVENUE EAST & UNITA STREET NORTH,6,1,0,0,1,1,,0,35,0,0,0,0,2,2,2,5
,2019-19666,39.740085,-104.891335,6/27/2019 13:35,13:35,6,0,1,COLFAX AVENUE EAST & VALENTIA STREET NORTH,1,1,0,0,1,4,,0,35,0,0,0,0,1,2,2,13
,2019-19667,39.740085,-104.890588,6/3/2019 4:05,4:05,3,0,0,COLFAX AVENUE EAST & VERBENA STREET NORTH,1,3,0,0,1,1,,0,25,0,0,0,0,0,2,2,3
,2019-19668,39.740085,-104.890588,7/28/2019 23:42,23:42,3,0,0,COLFAX AVENUE EAST & VERBENA STREET NORTH,1,3,0,0,1,1,,0,35,0,0,0,0,0,2,2,14
,2019-19671,39.678642,-105.008661,8/8/2019 12:38,12:38,3,0,0,EVANS AVENUE WEST & RARITAN STREET SOUTH,1,1,0,0,1,1,,0,35,0,0,0,0,0,4,2,13
,2019-19815,39.706339,-105.039692,12/24/2019 13:05,13:05,6,0,0,PERRY STREET SOUTH & MORRISON ROAD,1,1,0,0,1,4,,0,25,0,0,0,0,0,4,2,13
,2019-19851,39.783531,-105.043983,1/7/2019 16:35,16:35,5,0,1,I70 & TENNYSON STREET NORTH,1,1,0,0,2,4,,0,55,0,0,0,0,1,1,2,13
,2019-19852,39.783571,-105.015887,12/17/2019 1:36,1:36,5,0,1,I70 & SHERIDAN BOULEVARD NORTH,1,3,1,0,2,4,,0,55,0,0,0,0,1,1,1,5
,2019-19853,39.783138,-105.006328,5/11/2019 15:49,15:49,5,0,0,I70 & PECOS STREET NORTH,1,1,1,0,1,4,,0,65,0,0,0,0,0,1,1,2
,2019-19854,39.783138,-105.006328,6/11/2019 17:41,17:41,12,0,0,PECOS STREET 4800 BLOCK NORTH & 48TH AVENUE WEST,1,1,0,0,1,3,,0,,0,0,0,0,0,1,2,13
,2019-19855,39.783138,-105.006328,11/20/2019 17:07,17:07,12,0,0,I70 WB OFF RAMP & PECOS STREET NORTH,2,3,0,1,1,3,,0,25,0,0,0,0,0,1,2,13
,2019-19856,39.782905,-105.000216,3/7/2019 11:54,11:54,12,0,0,I70 & KALAMATH STREET NORTH,1,1,1,0,1,4,,0,55,0,0,0,0,0,1,3,13
,2019-19857,39.781055,-104.993627,7/25/2019 8:29,8:29,9,0,1,I70 EASTBOUND OFF RAMP EXIT GORE POINT TO & I25 SOUTHBOUND,1,1,1,0,2,7,,0,55,0,0,0,0,2,1,1,3
,2019-19858,39.779961,-104.98886,11/23/2019 14:37,14:37,12,0,0,I70 WB OFF LOOP RAMP SPLIT & I25 SOUTHBOUND,1,1,1,0,1,7,,0,55,0,0,0,0,0,1,2,3
,2019-19859,39.779435,-104.97901,10/29/2019 11:44,11:44,15,0,0,I70 & WASHINGTON STREET NORTH,10,1,1,2,1,4,,0,65,0,0,0,0,0,1,3,3
,2019-19860,39.779435,-104.97901,11/7/2019 16:29,16:29,3,0,1,WASHINGTON STREET NORTH & I70 EASTBOUND OFF RAMP,1,1,0,0,1,1,,0,35,0,0,0,0,1,1,2,13
,2019-19862,39.706056,-104.9408685,8/14/2019 11:23,11:23,12,0,0,COLORADO BOULEVARD SOUTH & CHERRY CREEK DRIVE NORTHEAST,1,1,0,0,1,1,,0,35,0,0,0,0,0,2,3,13
,2019-19863,39.706056,-104.9408685,7/24/2019 18:15,18:15,15,0,0,VIRGINIA AVENUE EAST / CHERRY CREEK DRIVE NORTHWEST & COLORADO BOULEVARD SOUTH,1,1,0,0,1,1,,0,25,0,0,0,0,0,2,2,3
,2019-19865,39.780014,-104.959201,1/23/2019 8:25,8:25,15,0,0,YORK STREET NORTH & 46TH AVENUE EAST,1,1,0,0,1,1,,0,25,0,0,0,0,0,4,2,13
,2019-19868,39.711429,-104.940801,7/3/2019 11:46,11:46,15,0,0,COLORADO BOULEVARD SOUTH & ALAMEDA AVENUE EAST,1,1,0,0,1,4,,0,35,0,0,0,0,0,2,2,13
,2019-19869,39.709287,-104.940819,4/28/2019 11:15,11:15,12,0,1,COLORADO BOULEVARD SOUTH & DAKOTA AVENUE EAST / 300 BLOCK SOUTH,1,1,0,0,1,3,,0,35,0,0,0,0,1,2,2,7
,2019-19872,39.779944,-104.940633,11/19/2019 18:30,18:30,15,0,0,I70 & COLORADO BOULEVARD NORTH,1,3,0,0,1,4,,0,65,0,0,0,0,0,1,2,13
,2019-19873,39.778287,-104.912805,3/22/2019 6:22,6:22,12,0,0,I70 WB & MONACO STREET NORTH,1,2,0,0,1,4,,0,,0,0,0,0,0,1,2,13
,2019-19874,39.69306528,-104.9405419,9/24/2019 9:59,9:59,12,0,1,COLORADO BOULEVARD NORTH & 800 BLOCK NORTH,1,1,1,0,1,3,,0,35,0,0,0,0,1,2,2,13
,2019-19875,39.778295,-104.90921,8/27/2019 6:52,6:52,12,0,0,I70 EASTBOUND ENTRANCE GORE POINT FROM & STAPLETON DRIVE SOUTH,1,1,0,0,1,4,,0,55,0,0,0,1,0,1,2,13
,2019-19876,39.7783,-104.90346,12/18/2019 4:45,4:45,12,0,0,QUEBEC STREET 4400 BLOCK NORTH & I70 HIGHWAY EASTBOUND ON RAMP,1,4,1,0,1,1,,0,30,0,0,0,0,0,1,2,7
,2019-19877,39.777777,-104.890186,8/6/2019 19:06,19:06,12,0,1,I70 & QUEBEC STREET / NORTHFIELD NORTH,1,1,0,0,1,4,,0,55,0,0,0,0,1,1,2,6
,2019-19878,39.777095,-104.882471,8/16/2019 12:49,12:49,12,0,2,I70 & CENTRAL PARK BOULEVARD NORTH,1,1,0,0,1,4,,1,55,0,0,0,0,2,1,4,3
,2019-19879,39.773294,-104.83877,7/29/2019 8:25,8:25,15,0,0,I70 & MM 282,1,1,0,0,1,4,,0,55,0,0,0,0,0,1,2,1
,2019-19880,39.77576,-104.867358,4/16/2019 14:40,14:40,12,0,0,I70 & HAVANA STREET NORTH,1,1,0,0,1,4,,0,55,0,0,0,0,0,1,2,12
,2019-19881,39.727386,-104.940612,11/12/2019 17:41,17:41,12,0,0,COLORADO BOULEVARD NORTH & SEVENTH AVENUE  / 700 BLOCK NORTH,1,3,0,0,1,4,,0,35,0,0,0,0,0,2,2,14
,2019-19882,39.77576,-104.867358,6/21/2019 10:55,10:55,12,0,1,I70 & HAVANA STREET NORTH,1,1,0,0,1,4,,0,55,0,0,0,0,1,1,3,14
,2019-19883,39.775606,-104.865585,8/14/2019 10:55,10:55,5,0,0,I70 WB ON RAMP LOOP & HAVANA STREET NORTH,1,1,1,0,3,7,,0,65,0,0,0,0,0,1,1,13
,2019-19884,39.775572,-104.865191,6/4/2019 13:40,13:40,15,0,0,I70 EASTBOUND EXIT GORE POINT & HAVANA STREET NORTH,1,1,0,0,1,4,,1,55,0,0,0,0,0,1,2,13