id,drcog_id,latitude,longitude,crashtime,time,crashtype,numbkilled,numbinjurd,drcoglocat,rdconditin,lightngcon,roadcntgrd,weatherco,location,roaddescrp,schoolzone,constrzone,splimit,bikeinv,sctrinv,pedinv,motoinv,svrty,rdsystem,ttlvehcls,hcf
,2019-19885,39.775193,-104.860795,3/15/2019 7:48,7:48,12,0,0,I70 EASTBOUND ENTRANCE GORE POINT FROM & HAVANA STREET NORTH,1,1,0,0,1,4,,0,55,0,0,0,0,0,1,3,13
,2019-19886,39.774413,-104.851756,2/14/2019 8:00,8:00,12,0,0,I70 WB EXIT GORE POINT & PEORIA STREET NORTH,1,3,0,0,1,4,,0,55,0,0,0,0,0,1,2,14
,2019-19887,39.774178,-104.849032,1/14/2019 22:51,22:51,12,0,0,I70 EASTBOUND EXIT GORE POINT & PEORIA STREET NORTH,1,3,0,0,1,4,,0,55,0,0,0,0,0,1,2,13
,2019-19888,39.774084,-104.847942,6/25/2019 21:39,21:39,12,0,0,I70 & PEORIA STREET NORTH,1,3,0,0,1,4,,0,65,0,0,0,0,0,1,3,3
,2019-19890,39.774021,-104.847216,8/13/2019 10:30,10:30,12,0,0,I70 EASTBOUND OFF RAMP SLIP & PEORIA STREET NORTH,1,1,0,0,1,7,,0,20,0,0,0,0,0,1,2,13
,2019-19891,39.774008,-104.847036,12/11/2019 11:45,11:45,12,0,0,PEORIA STREET NORTH & I70 EASTBOUND RAMPS,1,1,0,0,1,1,,0,25,0,0,0,0,0,1,2,14
,2019-19892,39.773925,-104.8461,12/21/2019 14:09,14:09,12,0,0,I70 & PEORIA STREET NORTH,1,1,0,0,1,4,,0,65,0,0,0,0,0,1,3,13
,2019-19893,39.773707,-104.843467,8/29/2019 13:40,13:40,15,0,0,I70 & PEORIA STREET NORTH,1,1,0,0,1,4,,0,55,0,0,0,0,0,1,2,13
,2019-19895,39.772829,-104.833344,10/13/2019 1:12,1:12,5,0,0,I70 EASTBOUND OFF RAMP ENTRANCE GORE POINT TO & I225 SOUTHBOUND,1,3,1,0,3,7,,0,55,0,0,0,0,0,1,1,1
,2019-19896,39.772829,-104.833344,10/14/2019 5:58,5:58,15,0,0,I70 EASTBOUND OFF RAMP EXIT GORE POINT TO & I225 SOUTHBOUND,1,2,1,0,1,7,,0,55,0,0,0,0,0,1,2,13
,2019-19902,39.772829,-104.833344,10/29/2019 17:28,17:28,15,0,0,I70 EASTBOUND OFF RAMP ENTRANCE GORE POINT TO & I225 SOUTHBOUND,4,2,0,2,1,7,,0,55,0,0,0,0,0,1,2,13
,2019-19903,39.772605,-104.830727,10/14/2019 8:00,8:00,12,0,0,I70 EASTBOUND & I225 NORTHBOUND FLYOVER,1,1,0,0,1,4,,0,,0,0,0,0,0,1,2,13
,2019-19904,39.77256,-104.830166,12/9/2019 18:41,18:41,12,0,1,I70 & I225,1,4,0,0,1,4,,0,,0,0,0,0,2,1,2,13
,2019-19905,39.772547,-104.829979,7/15/2019 0:18,0:18,12,0,0,I70 WB & I225 NORTHBOUND FLYOVER,1,3,0,0,1,4,,0,65,0,0,0,0,0,1,2,3
,2019-19906,39.772429,-104.828861,7/23/2019 11:40,11:40,12,0,1,I70 & CHAMBERS ROAD,1,1,0,0,1,4,,0,55,0,0,0,0,1,1,2,13
,2019-19934,39.671428,-104.940624,4/22/2019 12:50,12:50,9,0,1,COLORADO BOULEVARD 2400 BLOCK SOUTH & DICKENSON PLACE EAST,2,1,0,1,1,4,,0,35,0,0,0,0,2,2,1,7
,2019-1994,39.751047,-104.9128605,8/14/2019 15:43,15:43,12,0,2,MONACO STREET NORTH & 23RD AVENUE EAST,1,1,0,0,1,4,,0,30,0,0,0,0,1,4,2,1
,2019-1995,39.751047,-104.9128605,10/3/2019 8:42,8:42,3,0,0,MONACO STREET & 23RD AVENUE EAST,1,1,0,0,1,1,,0,30,0,0,0,0,0,4,2,7
,2019-19967,39.747456,-104.885802,12/15/2019 17:26,17:26,3,0,0,MONTVIEW BOULEVARD EAST & XENIA STREET NORTH,1,3,0,0,1,1,,0,30,0,0,0,0,0,4,2,14
,2019-1997,39.751047,-104.9128605,11/25/2019 17:25,17:25,3,0,1,MONACO STREET NORTH & 23RD STREET EAST,2,2,0,2,1,1,,0,25,0,0,0,0,1,4,2,1
,2019-19972,39.670897,-104.865991,6/10/2019 14:10,14:10,12,0,0,PARKER ROAD & HAVANA STREET SOUTH,1,1,0,0,1,1,,0,35,0,0,0,0,0,2,3,12
,2019-19973,39.672644,-104.868137,5/21/2019 13:55,13:55,12,0,1,PARKER ROAD SOUTH & HARVARD AVENUE EAST,1,1,0,0,1,1,,0,40,0,0,0,0,1,2,2,13
,2019-19974,39.672644,-104.868137,5/21/2019 14:35,14:35,12,0,1,PARKER ROAD SOUTH & HARVARD AVENUE EAST,1,1,0,0,1,1,,0,40,0,0,0,0,1,2,3,13
,2019-19975,39.673555,-104.869372,6/7/2019 16:50,16:50,12,0,1,PARKER ROAD SOUTH & ILIFF AVENUE EAST,1,1,0,0,1,4,,0,40,0,0,0,0,1,2,3,13
,2019-19976,39.674184,-104.870177,11/8/2019 18:27,18:27,12,0,0,PARKER ROAD SOUTH & ILIFF AVENUE EAST,1,3,0,0,1,4,,0,45,0,0,0,0,0,2,2,12
,2019-19978,39.696302,-104.897376,10/10/2019 22:05,22:05,12,0,0,MISSISSIPPI AVENUE & PARKER ROAD SOUTH,1,3,0,0,1,1,,0,35,0,0,0,0,0,2,2,7
,2019-1998,39.769281,-104.912712,6/14/2019 15:00,15:00,3,0,2,MONACO STREET NORTH & 38TH AVENUE EAST,2,1,0,1,1,1,,0,30,0,0,0,0,1,4,2,14
,2019-19980,39.707469,-104.8659885,5/20/2019 11:45,11:45,3,0,1,HAVANA STREET SOUTH & VIRGINIA AVENUE EAST,2,1,0,1,1,2,,0,40,0,0,0,0,1,2,2,8
,2019-19982,39.698614,-104.903604,1/29/2019 14:34,14:34,12,0,0,QUEBEC STREET 1000 BLOCK SOUTH & LEETSDALE DRIVE,1,1,1,0,1,4,,0,35,0,0,0,0,0,2,2,13
,2019-19983,39.698677,-104.90377,3/26/2019 9:28,9:28,12,0,0,LEETSDALE DRIVE 7100 BLOCK & QUEBEC STREET SOUTH,1,1,1,0,1,4,,0,40,0,0,0,0,0,2,2,13
,2019-19984,39.699369,-104.905662,3/26/2019 12:43,12:43,12,0,0,LEETSDALE DRIVE & QUEBEC STREET SOUTH,1,1,0,0,1,4,,0,40,0,0,0,0,0,2,3,13
,2019-19985,39.707089,-104.921056,12/12/2019 11:05,11:05,12,0,0,LEETSDALE DRIVE 5700 BLOCK & HOLLY STREET SOUTH,1,1,0,0,1,4,,0,30,0,0,0,0,0,2,2,13
,2019-19986,39.70725,-104.921795,5/30/2019 8:13,8:13,15,0,0,LEETSDALE DRIVE & HOLLY STREET SOUTH,1,1,1,0,1,4,,0,35,0,0,0,0,0,2,2,13
,2019-19987,39.707383,-104.922468,12/16/2019 11:53,11:53,12,0,2,LEETSDALE DRIVE & HOLLY STREET SOUTH,1,1,0,0,1,3,,0,35,0,0,0,0,1,2,3,14
,2019-1999,39.725649,-104.912811,2/18/2019 12:00,12:00,12,0,0,MONACO STREET NORTH & SIXTH AVENUE EAST,1,1,0,0,1,1,,0,30,0,0,0,0,0,4,2,7
,2019-19995,39.711328,-104.936473,9/3/2019 14:31,14:31,15,0,0,ALAMEDA AVENUE EAST  & HIGHWAY 83 / LEETSDALE DRIVE,1,1,1,0,1,1,,0,30,0,0,0,0,0,2,2,13
,2019-19996,39.715012,-104.940587,9/15/2019 13:44,13:44,15,0,0,LEETSDALE DRIVE & COLORADO BOULEVARD SOUTH,1,1,0,0,1,3,,0,35,0,0,0,0,0,2,2,13
,2019-2001,39.725649,-104.912811,5/18/2019 8:14,8:14,15,0,0,MONACO STREET & SIXTH AVENUE EAST,1,1,0,0,1,1,,0,35,0,0,0,0,0,4,2,13
,2019-20017,39.678438,-104.993322,11/21/2019 8:03,8:03,12,0,2,EVANS AVENUE WEST & SANTA FE DRIVE SOUTH,5,1,2,0,1,4,,0,35,0,0,0,0,1,2,4,13
,2019-20018,39.687548,-104.99194,6/17/2019 8:30,8:30,12,0,0,SANTA FE DRIVE SOUTH & IOWA AVENUE WEST,1,1,0,0,1,3,,0,65,0,0,0,0,0,2,2,13
,2019-20019,39.689371,-104.992053,5/31/2019 13:02,13:02,12,0,0,SANTA FE DRIVE SOUTH & FLORIDA AVENUE WEST,1,1,0,0,1,1,,0,45,0,0,0,0,0,2,2,3
,2019-2002,39.725649,-104.912811,5/23/2019 7:57,7:57,12,0,0,MONACO STREET NORTH & SIXTH AVENUE EAST,1,1,0,0,1,1,,0,30,0,0,0,0,0,4,2,13
,2019-20020,39.689371,-104.992053,10/16/2019 5:45,5:45,1,0,0,SANTA FE DRIVE SOUTH & FLORIDA AVENUE WEST,1,4,0,0,1,1,,0,45,0,0,0,0,0,2,2,13
,2019-20021,39.689371,-104.992053,10/22/2019 6:55,6:55,12,0,1,FLORIDA AVENUE WEST & SANTA FE DRIVE SOUTH,1,2,0,0,1,1,,0,35,0,0,0,0,1,2,2,13
,2019-20022,39.696696,-104.991872,6/19/2019 10:55,10:55,15,0,0,PLATTE RIVER DRIVE SOUTH & MISSISSIPPI AVENUE WEST,1,1,0,0,1,1,,0,35,0,0,0,0,0,2,2,13
,2019-20023,39.696696,-104.991872,6/22/2019 5:25,5:25,10,0,1,PLATTE RIVER DRIVE & MISSISSIPPI AVENUE WEST,2,2,0,1,1,1,,0,45,0,0,0,0,1,2,2,13
,2019-20024,39.696696,-104.991872,6/23/2019 15:55,15:55,1,0,1,MISSISSIPPI AVENUE WEST & SANTA FE DRIVE SOUTH,1,1,0,0,1,1,,0,30,0,0,0,0,1,2,2,3
,2019-20025,39.697012,-104.991783,9/9/2019 7:08,7:08,15,0,0,SANTA FE DRIVE SOUTH & MISSISSIPPI AVENUE WEST,1,1,0,0,1,4,,0,45,0,0,0,0,0,2,2,13
,2019-2003,39.725658,-104.912451,5/30/2019 21:40,21:40,15,0,0,MONACO STREET SOUTH & SIXTH AVENUE EAST,1,3,0,0,1,1,,0,30,0,0,0,0,0,4,2,14
,2019-20065,39.737974,-105.025273,2/9/2019 17:55,17:55,1,0,0,FEDERAL BOULEVARD NORTH & 14TH AVENUE WEST,1,3,1,0,1,1,,0,35,0,0,0,0,0,2,2,13
,2019-20066,39.737974,-105.025273,11/8/2019 14:35,14:35,1,0,1,FEDERAL BOULEVARD NORTH & HOWARD PLACE WEST,1,1,0,0,1,1,,0,35,0,0,0,0,1,2,2,9
,2019-20067,39.73549,-105.025291,10/4/2019 11:29,11:29,10,0,0,FEDERAL BOULEVARD NORTH & HOLDEN PLACE WEST,1,1,0,0,1,2,,1,30,0,0,0,0,0,2,2,13
,2019-20068,39.722698,-105.025281,5/23/2019 11:17,11:17,12,0,0,FEDERAL BOULEVARD NORTH & SHORT PLACE WEST,1,1,0,0,1,3,,0,30,0,0,0,0,0,2,2,13
,2019-20069,39.717789,-105.025239,11/29/2019 17:01,17:01,12,0,0,FEDERAL BOULEVARD NORTH & IRVINGTON PLACE WEST,5,3,1,0,1,4,,0,35,0,0,0,0,0,2,2,3
,2019-20070,39.713038,-105.025241,1/16/2019 16:19,16:19,12,0,0,FEDERAL BOULEVARD & 200 SOUTH,1,1,0,0,1,4,,0,40,0,0,0,0,0,2,3,3
,2019-20072,39.707532,-105.025074,1/28/2019 11:15,11:15,12,0,0,FEDERAL BOULEVARD SOUTH & VIRGINIA AVENUE WEST,5,1,0,0,1,1,,0,40,0,0,0,0,0,2,2,13
,2019-20073,39.706635,-105.025085,8/19/2019 9:26,9:26,12,0,1,FEDERAL BOULEVARD SOUTH & CUSTER PLACE WEST,1,1,0,0,1,3,,0,30,0,0,0,0,1,2,2,13
,2019-20074,39.700869,-105.025076,12/4/2019 8:58,8:58,12,0,0,FEDERAL BOULEVARD 800 BLOCK SOUTH & KENTUCKY AVENUE WEST,1,1,0,0,1,4,,0,35,0,0,0,0,0,2,2,13
,2019-20075,39.698627,-105.025068,8/26/2019 12:41,12:41,3,0,1,FEDERAL BOULEVARD SOUTH & TENNESSEE AVENUE WEST,1,1,1,0,1,1,,0,35,0,0,0,0,1,2,2,13
,2019-20076,39.694853,-105.024786,9/20/2019 12:51,12:51,15,0,0,FEDERAL BOULEVARD SOUTH & 1200 BLOCK SOUTH,1,1,0,0,1,2,,0,40,0,0,0,0,0,2,2,13
,2019-20077,39.6931,-105.025036,9/21/2019 0:00,0:00,1,0,0,FEDERAL BOULEVARD SOUTH & LOUISIANA AVENUE WEST,1,3,0,0,1,1,,0,35,0,0,0,0,0,2,2,3
,2019-20078,39.6931,-105.025036,10/1/2019 18:58,18:58,14,0,0,FEDERAL BOULEVARD SOUTH & LOUISIANA AVENUE WEST,1,3,0,1,1,1,,0,40,0,0,0,0,0,2,3,1
,2019-20079,39.6931,-105.025036,10/3/2019 12:11,12:11,1,0,0,FEDERAL BOULEVARD SOUTH & LOUISIANA AVENUE WEST,1,1,0,0,1,1,,0,40,0,0,0,0,0,2,2,13
,2019-20080,39.689552,-105.02506,4/11/2019 7:52,7:52,3,0,1,FEDERAL BOULEVARD SOUTH & FLORIDA AVENUE WEST,4,1,0,0,1,1,,0,25,0,0,0,0,2,2,2,13
,2019-20081,39.682418,-105.025017,9/12/2019 15:59,15:59,12,0,0,FEDERAL BOULEVARD SOUTH & JEWELL AVENUE WEST,1,1,0,0,1,3,,0,40,0,0,0,0,0,2,2,13
,2019-20082,39.682271,-105.025016,4/13/2019 12:05,12:05,3,0,0,FEDERAL BOULEVARD SOUTH & JEWELL AVENUE WEST,1,1,0,0,1,1,,0,40,0,0,0,0,0,2,2,3
,2019-20083,39.68212,-105.025017,12/9/2019 10:46,10:46,12,0,0,FEDERAL BOULEVARD 1900 BLOCK SOUTH & JEWELL AVENUE WEST,1,1,0,0,1,4,,0,30,0,0,0,0,0,2,2,13
,2019-20084,39.679494,-105.025038,4/19/2019 18:23,18:23,12,0,0,FEDERAL BOULEVARD SOUTH & EVANS AVENUE WEST,1,1,0,0,1,4,,0,40,0,0,0,0,0,2,2,3
,2019-20085,39.678616,-105.025049,1/24/2019 12:51,12:51,3,0,0,FEDERAL BOULEVARD SOUTH & EVANS AVENUE WEST,4,1,0,0,1,1,,0,35,0,0,0,0,0,2,2,14
,2019-20086,39.678616,-105.025049,2/12/2019 8:37,8:37,15,0,0,FEDERAL BOULEVARD SOUTH & EVANS AVENUE WEST,1,1,0,0,1,1,,0,35,0,0,0,0,0,2,2,13
,2019-20087,39.678616,-105.025049,3/21/2019 12:09,12:09,12,0,0,FEDERAL BOULEVARD SOUTH & EVANS AVENUE WEST,1,1,0,0,1,1,,0,40,0,0,0,0,0,2,2,3
,2019-20088,39.678616,-105.025049,10/21/2019 14:01,14:01,3,0,1,EVANS AVENUE WEST & FEDERAL BOULEVARD SOUTH,1,1,0,0,1,1,,0,40,0,0,0,0,1,2,3,13
,2019-20089,39.678616,-105.025049,11/12/2019 16:53,16:53,15,0,0,EVANS AVENUE WEST & FEDERAL BOULEVARD SOUTH,1,1,0,0,1,3,,0,25,0,0,0,0,0,2,2,7
,2019-20090,39.675237,-105.02504,9/21/2019 10:12,10:12,1,0,0,FEDERAL BOULEVARD SOUTH & ILIFF AVENUE WEST,1,1,0,0,1,1,,0,35,0,0,0,0,0,2,2,13
,2019-20091,39.660482,-105.025169,4/10/2019 15:42,15:42,3,0,0,DARTMOUTH AVENUE WEST & FEDERAL BOULEVARD SOUTH,2,1,0,2,1,1,,0,30,0,0,0,0,0,2,2,3
,2019-20092,39.660482,-105.025169,6/13/2019 19:38,19:38,3,0,0,FEDERAL BOULEVARD SOUTH & DARTMOUTH AVENUE WEST,1,1,1,0,1,1,,0,35,0,0,0,0,0,2,2,13
,2019-20093,39.660482,-105.025169,10/23/2019 17:35,17:35,3,0,1,FEDERAL BOULEVARD SOUTH & DARTMOUTH AVENUE WEST,2,2,0,2,1,3,,0,40,0,0,0,0,1,2,2,1
,2019-20116,39.718377,-105.0532785,10/30/2019 14:49,14:49,12,0,2,SHERIDAN BOULEVARD & FIRST AVENUE WEST,5,1,1,0,1,3,,0,35,0,0,0,0,1,2,2,14
,2019-2012,39.725649,-104.912811,9/24/2019 16:10,16:10,1,0,0,MONACO STREET NORTH & SIXTH AVENUE EAST,1,1,0,0,1,1,,0,35,0,0,0,0,0,4,2,13
,2019-2013,39.725649,-104.912811,10/16/2019 16:56,16:56,1,0,0,MONACO STREET NORTH & SIXTH AVENUE EAST,1,1,0,0,1,1,,0,30,0,0,0,0,0,4,2,13
,2019-20131,39.624164,-104.911822,12/5/2019 17:17,17:17,15,0,0,BELLEVIEW AVENUE EAST & MONACO STREET SOUTH,2,2,0,1,1,1,,0,40,0,0,0,0,0,2,2,5
,2019-2014,39.725649,-104.912811,11/25/2019 16:10,16:10,1,0,0,MONACO STREET NORTH & SIXTH AVENUE EAST,1,1,0,0,1,1,,0,30,0,0,0,0,0,4,2,8
,2019-20160,39.69038,-105.053219,11/30/2019 15:15,15:15,12,0,0,SHERIDAN BOULEVARD & 1445 SOUTH SHERIDAN BOULEVARD,6,1,0,2,1,2,,0,,0,0,0,0,0,2,2,13
,2019-20171,39.65334,-105.0532,12/4/2019 22:24,22:24,15,0,0,SHERIDAN BOULEVARD SOUTH & HIGHWAY 285,1,3,1,0,1,4,,0,35,0,0,0,0,0,2,2,5
,2019-20172,39.654758,-105.053154,10/17/2019 8:00,8:00,15,0,0,SHERIDAN BOULEVARD SOUTH & 3100 BLOCK SOUTH,1,1,0,0,1,4,,0,40,0,0,0,0,0,2,2,7
,2019-20174,39.68224,-105.053199,9/5/2019 20:40,20:40,12,0,0,SHERIDAN BOULEVARD SOUTH & JEWELL AVENUE WEST,1,3,0,0,1,1,,0,40,0,0,0,0,0,2,3,3
,2019-20175,39.68224,-105.053199,10/9/2019 11:27,11:27,3,0,0,SHERIDAN BOULEVARD SOUTH & JEWELL AVENUE WEST,1,1,1,0,1,1,,0,40,0,0,0,0,0,2,2,5
,2019-20176,39.68224,-105.053199,11/30/2019 21:08,21:08,1,0,0,SHERIDAN BOULEVARD SOUTH & JEWELL AVENUE WEST,1,3,0,0,1,1,,0,,0,0,0,0,0,2,2,1
,2019-20177,39.683,-105.053201,4/8/2019 8:20,8:20,12,0,2,SHERIDAN BOULEVARD & 1800 BLOCK SOUTH,1,1,1,0,1,4,,0,40,0,0,0,0,1,2,2,7
,2019-20178,39.683303,-105.053205,4/9/2019 18:44,18:44,1,0,0,SHERIDAN BOULEVARD SOUTH & COLORADO AVENUE WEST,1,1,1,0,1,2,,0,40,0,0,0,0,0,2,2,3
,2019-20179,39.683452,-105.053206,2/24/2019 19:47,19:47,3,0,0,SHERIDAN BOULEVARD SOUTH & COLORADO AVENUE WEST,1,3,0,0,1,1,,0,30,0,0,0,0,0,2,2,1
,2019-20180,39.683452,-105.053206,10/20/2019 18:50,18:50,5,0,0,SHERIDAN BOULEVARD SOUTH & COLORADO AVENUE WEST,1,3,1,0,3,1,,0,40,0,0,0,0,0,2,1,14
,2019-20181,39.692727,-105.053211,8/31/2019 15:32,15:32,15,0,0,SHERIDAN BOULEVARD SOUTH & LOUISIANA AVENUE,1,1,0,0,1,3,,0,35,0,0,0,0,0,2,2,7
,2019-20182,39.737866,-105.053216,9/16/2019 15:39,15:39,15,0,0,SHERIDAN BOULEVARD NORTH & 14TH AVENUE WEST,1,1,0,0,1,4,,0,40,0,0,0,0,0,2,2,1
,2019-20183,39.693235,-105.053213,8/31/2019 20:50,20:50,12,0,0,SHERIDAN BOULEVARD SOUTH & LOUISIANA AVENUE WEST,1,3,0,0,1,4,,0,40,0,0,0,0,0,2,2,3
,2019-20193,39.710715,-105.053261,2/14/2019 11:43,11:43,10,0,0,SHERIDAN BOULEVARD 300 BLOCK SOUTH & ALAMEDA AVENUE WEST,1,1,0,0,1,2,,0,30,0,0,0,0,0,2,2,13
,2019-20194,39.710715,-105.053261,4/3/2019 8:08,8:08,3,0,0,SHERIDAN BOULEVARD SOUTH 300 BLOCK & ALAMEDA AVENUE WEST,1,1,0,0,1,2,,0,,0,0,0,0,0,2,2,13
,2019-20195,39.710715,-105.053261,8/30/2019 13:37,13:37,12,0,0,SHERIDAN BOULEVARD SOUTH & HIGHWAY 26 / ALAMEDA AVENUE WEST,1,1,1,0,1,3,,0,35,0,0,0,0,0,2,2,3
,2019-20196,39.711126,-105.053259,1/9/2019 16:18,16:18,3,0,0,SHERIDAN BOULEVARD SOUTH & ALAMEDA AVENUE WEST,1,1,0,0,1,2,,0,25,0,0,0,0,0,2,2,8
,2019-20203,39.705525,-105.040863,4/9/2019 8:07,8:07,3,0,0,MORRISON ROAD & QUITMAN STREET SOUTH,1,1,0,0,1,1,,0,25,0,0,0,0,0,4,2,13
,2019-20205,39.71863,-105.053275,5/7/2019 13:00,13:00,12,0,0,SHERIDAN BOULEVARD NORTH & FIRST AVENUE WEST,2,1,1,1,1,4,,0,35,0,0,0,0,0,2,3,1
,2019-20207,39.71863,-105.053275,11/15/2019 11:50,11:50,15,0,0,SHERIDAN BOULEVARD NORTH & FIRST AVENUE WEST,1,1,1,0,1,4,,0,30,0,0,0,0,0,2,2,13
,2019-20208,39.718797,-105.053274,4/18/2019 15:47,15:47,5,0,2,SHERIDAN BOULEVARD NORTH & FIRST AVENUE WEST,1,1,1,0,3,4,,0,35,0,0,0,0,2,2,1,10
,2019-20209,39.719132,-105.053273,8/7/2019 7:55,7:55,1,0,0,SHERIDAN BOULEVARD NORTH & FIRST AVENUE ROAD WEST,1,1,1,0,1,2,,0,35,0,0,0,0,0,2,2,1
,2019-20210,39.720462,-105.053268,4/17/2019 7:25,7:25,12,0,0,SHERIDAN BOULEVARD NORTH & SECOND AVENUE WEST,1,1,0,0,1,1,,0,35,0,0,0,0,0,2,2,3
,2019-20211,39.721023,-105.053265,6/1/2019 16:54,16:54,12,0,0,SHERIDAN BOULEVARD NORTH & 43RD AVENUE WEST,1,1,0,0,1,1,,0,35,0,0,0,0,0,2,2,7
,2019-20213,39.721311,-105.053264,6/5/2019 9:33,9:33,12,0,1,SHERIDAN BOULEVARD 300 BLOCK NORTH & SECOND AVENUE WEST,1,1,0,0,1,3,,0,35,0,0,0,0,1,2,3,7
,2019-20214,39.72231,-105.0528,12/19/2019 7:38,7:38,15,0,0,SHERIDAN BOULEVARD NORTH & FIFTH AVENUE WEST,1,1,0,0,1,3,,0,35,0,0,0,0,0,2,2,1
,2019-20217,39.705525,-105.040863,11/5/2019 18:45,18:45,15,0,0,MORRISON ROAD & QUITMAN STREET SOUTH,1,3,0,0,1,1,,0,30,0,0,0,0,0,4,2,3
,2019-20223,39.731044,-104.940623,10/19/2019 10:18,10:18,15,0,0,COLORADO BOULEVARD NORTH & NINTH AVENUE,1,1,0,0,1,1,,0,40,0,0,0,0,0,2,2,13
,2019-20224,39.724175,-105.053225,2/22/2019 13:22,13:22,12,0,0,SHERIDAN BOULEVARD 500 BLOCK NORTH & FIFTH AVENUE WEST,1,1,1,0,1,4,,0,30,0,0,0,0,0,2,3,13
,2019-20225,39.7254,-105.053138,10/18/2019 14:10,14:10,1,0,0,SHERIDAN BOULEVARD NORTH & HIGHWAY 6 EASTBOUND ON RAMP,1,1,0,0,1,1,,0,30,0,0,0,0,0,2,2,13
,2019-20226,39.7254,-105.053138,11/4/2019 10:00,10:00,12,0,0,SHERIDAN BOULEVARD NORTH & SIXTH AVENUE WEST,1,1,1,0,1,4,,0,35,0,0,0,0,0,2,2,13
,2019-20227,39.725471,-105.053135,6/18/2019 9:46,9:46,12,0,0,SHERIDAN BOULEVARD & SIXTH AVENUE EASTBOUND RAMPS,1,1,0,0,1,3,,0,35,0,0,0,0,0,2,2,1
,2019-20228,39.725746,-105.053134,11/1/2019 19:49,19:49,15,0,0,SHERIDAN BOULEVARD NORTH & SIXTH AVENUE WEST,1,3,0,0,1,4,,0,35,0,0,0,0,0,2,2,13
,2019-20229,39.726031,-105.053139,7/18/2019 11:00,11:00,15,0,0,SHERIDAN BOULEVARD NORTH & HIGHWAY 6 WB RAMPS,1,1,0,0,1,4,,0,35,0,0,0,0,0,2,2,1
,2019-20232,39.726183,-105.053139,1/29/2019 13:35,13:35,15,0,0,SHERIDAN BOULEVARD NORTH & HIGHWAY 6 WB OFF RAMP,1,1,0,0,1,1,,0,25,0,0,0,0,0,2,2,7
,2019-20233,39.726183,-105.053139,2/27/2019 20:00,20:00,15,0,0,SHERIDAN BOULEVARD NORTH & SIXTH AVENUE WB OFF RAMP,1,3,0,0,1,1,,0,40,0,0,0,0,0,2,2,13
,2019-20234,39.72734,-105.05322,11/30/2019 10:50,10:50,3,0,0,SIXTH AVENUE NORTH FRONTAGE ROAD & SHERIDAN BOULEVARD NORTH,5,1,0,0,1,1,,0,,0,0,0,0,0,2,2,13
,2019-20235,39.728828,-105.053227,1/1/2019 1:16,1:16,12,0,0,SHERIDAN BOULEVARD NORTH & 700 BLOCK NORTH,5,3,1,2,1,4,,0,30,0,0,0,0,0,2,2,13
,2019-20236,39.729279,-105.053227,6/9/2019 22:17,22:17,5,0,0,SHERIDAN BOULEVARD & 790 NORTH,1,3,0,0,2,4,,0,25,0,0,0,0,0,2,1,5
,2019-20237,39.729577,-105.053227,3/25/2019 13:42,13:42,12,0,0,SHERIDAN BOULEVARD NORTH 900 BLOCK & 10TH AVENUE WEST,1,1,0,0,1,4,,0,35,0,0,0,0,0,2,2,7
,2019-20238,39.733137,-105.053226,7/27/2019 10:30,10:30,12,0,0,10TH AVENUE WEST & SHERIDAN BOULEVARD NORTH,1,1,0,0,1,1,,0,25,0,0,0,0,0,2,2,1
,2019-20239,39.730546,-105.053227,3/19/2019 11:05,11:05,12,0,0,SHERIDAN BOULEVARD NORTH 700 BLOCK & EIGHTH AVENUE WEST,1,1,0,0,1,4,,0,35,0,0,0,0,0,2,3,1
,2019-20240,39.731238,-105.053227,5/2/2019 13:56,13:56,12,0,0,SHERIDAN BOULEVARD NORTH & NINTH AVENUE WEST,1,1,1,0,1,1,,0,35,0,0,0,0,0,2,2,3
,2019-20241,39.73182,-105.053227,6/3/2019 17:45,17:45,15,0,0,SHERIDAN BOULEVARD NORTH & NINTH AVENUE WEST,1,1,0,0,1,4,,0,30,0,0,0,0,0,2,2,13
,2019-20243,39.732991,-105.053226,5/14/2019 15:45,15:45,15,0,0,SHERIDAN BOULEVARD NORTH & 10TH AVENUE WEST,1,1,1,0,1,4,,0,35,0,0,0,0,0,2,2,13
,2019-20244,39.733137,-105.053226,5/16/2019 8:23,8:23,15,0,0,SHERIDAN BOULEVARD NORTH & 10TH AVENUE WEST,1,1,0,0,1,4,,0,40,0,0,0,0,0,2,2,1
,2019-20245,39.733137,-105.053226,6/3/2019 18:40,18:40,1,0,0,10TH AVENUE WEST & SHERIDAN BOULEVARD NORTH,1,1,0,0,1,1,,0,30,0,0,0,0,0,2,2,13
,2019-20246,39.733137,-105.053226,10/4/2019 20:46,20:46,1,0,0,SHERIDAN BOULEVARD NORTH & 10TH AVENUE WEST,1,3,0,0,1,1,,0,35,0,0,0,0,0,2,2,13
,2019-20247,39.733137,-105.053226,10/30/2019 19:51,19:51,1,0,0,SHERIDAN BOULEVARD NORTH & 10TH AVENUE WEST,2,3,0,0,1,1,,0,35,0,0,0,0,0,2,2,3
,2019-20248,39.735879,-105.05322,9/5/2019 14:40,14:40,15,0,0,SHERIDAN BOULEVARD NORTH & 13TH AVENUE WEST,1,1,1,0,1,4,,0,35,0,0,0,0,0,2,2,13
,2019-20249,39.736695,-105.053218,10/8/2019 12:13,12:13,1,0,1,SHERIDAN BOULEVARD NORTH & 13TH AVENUE WEST,1,1,1,0,1,1,,0,35,0,0,0,0,1,2,2,13
,2019-20250,39.73675,-105.0532,12/11/2019 9:58,9:58,12,0,0,SHERIDAN BOULEVARD NORTH & 13TH AVENUE WEST,1,1,0,0,1,1,,0,35,0,0,0,0,0,2,2,13