id,drcog_id,latitude,longitude,crashtime,time,crashtype,numbkilled,numbinjurd,drcoglocat,rdconditin,lightngcon,roadcntgrd,weatherco,location,roaddescrp,schoolzone,constrzone,splimit,bikeinv,sctrinv,pedinv,motoinv,svrty,rdsystem,ttlvehcls,hcf
,2019-20251,39.73684,-105.053218,4/22/2019 16:27,16:27,12,0,1,SHERIDAN BOULEVARD & 1300 BLOCK NORTH,1,1,0,0,1,4,,0,35,0,0,0,0,1,2,2,3
,2019-20277,39.757864,-105.053239,3/12/2019 9:20,9:20,15,0,0,SHERIDAN BOULEVARD NORTH & 29TH AVENUE WEST,1,1,1,0,1,4,,0,35,0,0,0,0,0,2,2,13
,2019-20278,39.757864,-105.053239,7/4/2019 11:20,11:20,12,0,0,SHERIDAN BOULEVARD NORTH & 29TH AVENUE WEST,1,1,1,0,1,4,,0,35,0,0,0,0,0,2,2,13
,2019-20279,39.758155,-105.053239,3/3/2019 20:30,20:30,12,0,0,SHERIDAN BOULEVARD 2800 BLOCK NORTH & 29TH AVENUE WEST,5,3,0,2,1,4,,0,30,0,0,0,0,0,2,2,1
,2019-20280,39.758301,-105.053239,3/29/2019 13:58,13:58,12,0,0,SHERIDAN BOULEVARD NORTH & 29TH AVENUE WEST,1,1,0,0,1,4,,0,35,0,0,0,0,0,2,2,13
,2019-20281,39.758446,-105.053239,1/7/2019 18:06,18:06,1,0,2,SHERIDAN BOULEVARD & 29TH AVENUE WEST,1,2,1,0,1,1,,0,35,0,0,0,0,1,2,2,13
,2019-20282,39.76191,-105.053242,6/19/2019 16:39,16:39,12,0,0,SHERIDAN BOULEVARD 3100 BLOCK NORTH & 32ND AVENUE WEST,1,1,1,0,1,4,,0,35,0,0,0,0,0,2,2,13
,2019-20285,39.762056,-105.053242,4/11/2019 10:30,10:30,3,0,0,SHERIDAN BOULEVARD NORTH & 32ND AVENUE WEST,1,1,0,0,1,1,,0,35,0,0,0,0,0,2,3,13
,2019-20286,39.762056,-105.053242,5/1/2019 17:33,17:33,1,0,1,SHERIDAN BOULEVARD NORTH & 32ND AVENUE WEST,1,1,1,0,5,1,,0,35,0,0,0,0,1,2,2,13
,2019-20287,39.763964,-105.053243,3/19/2019 15:56,15:56,12,0,1,SHERIDAN BOULEVARD NORTH & 33RD AVENUE WEST,1,1,1,0,1,1,,0,35,0,0,0,0,1,2,2,13
,2019-20288,39.763964,-105.053243,8/14/2019 17:50,17:50,12,0,0,SHERIDAN BOULEVARD NORTH & 33RD AVENUE WEST,1,1,0,0,1,1,,0,35,0,0,0,0,0,2,3,13
,2019-20289,39.763964,-105.053243,9/3/2019 17:10,17:10,1,0,0,SHERIDAN BOULEVARD NORTH & 33RD AVENUE WEST,1,1,0,0,1,1,,0,35,0,0,0,0,0,2,2,13
,2019-20290,39.763964,-105.053243,9/4/2019 17:55,17:55,1,0,0,SHERIDAN BOULEVARD NORTH & 33RD AVENUE WEST,1,1,0,0,1,1,,0,35,0,0,0,0,0,2,2,13
,2019-20291,39.763964,-105.053243,10/16/2019 21:20,21:20,15,0,0,32ND AVENUE WEST & SHERIDAN BOULEVARD,1,3,0,0,1,4,,0,,0,0,0,0,0,2,2,13
,2019-20294,39.76842,-105.0532,12/31/2019 12:30,12:30,15,0,0,SHERIDAN BOULEVARD NORTH & 38TH AVENUE WEST,1,1,1,0,1,3,,0,35,0,0,0,0,0,2,2,13
,2019-2030,39.711366,-104.9129595,3/28/2019 7:58,7:58,12,0,0,MONACO STREET SOUTH & ALAMEDA AVENUE EAST,1,1,0,0,1,1,,0,35,0,0,0,0,0,4,2,13
,2019-20304,39.771106,-105.053238,9/17/2019 12:09,12:09,1,0,1,SHERIDAN BOULEVARD NORTH & 39TH AVENUE WEST,1,1,1,0,1,1,,0,35,0,0,0,0,1,2,2,13
,2019-20305,39.771106,-105.053238,9/24/2019 17:30,17:30,12,0,0,SHERIDAN BOULEVARD NORTH & 39TH AVENUE WEST,1,1,0,0,1,1,,0,35,0,0,0,0,0,2,2,13
,2019-20306,39.772226,-105.053232,9/20/2019 15:35,15:35,12,0,0,SHERIDAN BOULEVARD NORTH & 41ST AVENUE WEST,1,1,0,0,1,4,,0,35,0,0,0,0,0,2,2,13
,2019-20307,39.772925,-105.053235,2/9/2019 14:43,14:43,12,0,0,SHERIDAN BOULEVARD NORTH & 41ST AVENUE WEST,1,1,1,0,1,1,,0,35,0,0,0,0,0,2,3,14
,2019-20308,39.772925,-105.053235,5/21/2019 21:12,21:12,3,0,0,SHERIDAN BOULEVARD NORTH & 41ST AVENUE WEST,1,3,0,0,1,1,,0,25,0,0,0,0,0,2,2,13
,2019-20309,39.773073,-105.053235,7/7/2019 16:34,16:34,15,0,0,SHERIDAN BOULEVARD NORTH & 41ST AVENUE WEST / 4100 BLOCK NORTH,1,1,0,0,1,4,,0,35,0,0,0,0,0,2,2,3
,2019-2031,39.711366,-104.9129595,6/23/2019 16:15,16:15,12,0,0,MONACO STREET SOUTH & ALAMEDA AVENUE EAST,1,1,0,0,1,3,,0,35,0,0,0,0,0,4,2,7
,2019-20318,39.776564,-105.053242,12/24/2019 15:45,15:45,12,0,0,SHERIDAN BOULEVARD NORTH & 44TH AVENUE WEST,1,1,0,0,1,3,,0,35,0,0,0,0,0,2,2,13
,2019-2032,39.711366,-104.9129595,7/19/2019 8:08,8:08,10,0,0,MONACO STREET SOUTH & ALAMEDA AVENUE EAST,1,1,0,0,1,1,,0,35,0,0,0,0,0,4,2,1
,2019-20324,39.784546,-105.053271,4/30/2019 15:26,15:26,15,0,0,SHERIDAN BOULEVARD NORTH & I70 WB OFF SLIP RAMP,1,1,0,0,1,4,,0,25,0,0,0,0,0,2,2,7
,2019-20325,39.784546,-105.053271,5/16/2019 12:36,12:36,3,0,0,SHERIDAN BOULEVARD NORTH & I70 WB OFF RAMP SPLIT,1,1,1,0,1,1,,0,35,0,0,0,0,0,2,2,13
,2019-20327,39.786183,-105.05325,12/18/2019 17:14,17:14,8,0,4,SHERIDAN BOULEVARD 5000 BLOCK NORTH & 51ST AVENUE WEST,1,3,1,0,1,1,,0,35,0,0,0,0,1,2,2,15
,2019-20328,39.791049,-105.053247,3/22/2019 17:12,17:12,15,0,1,52ND AVENUE WEST & SHERIDAN BOULEVARD NORTH,2,1,0,1,1,1,,0,25,0,0,0,0,1,2,3,1
,2019-20329,39.791049,-105.053247,8/30/2019 16:41,16:41,12,0,2,SHERIDAN BOULEVARD NORTH & 52ND AVENUE WEST,1,1,1,0,1,1,,0,35,0,0,0,0,1,2,2,13
,2019-20370,39.741948,-104.884668,4/1/2019 17:15,17:15,3,0,0,16TH AVENUE EAST & YOSEMITE STREET NORTH,1,1,0,0,1,1,,0,25,0,0,0,0,0,4,3,13
,2019-20379,39.618331,-105.091239,12/24/2019 10:35,10:35,15,0,0,WADSWORTH 5500 BLOCK S & CROSS DRIVE WEST,1,1,1,0,1,3,,0,45,0,0,0,0,0,2,2,3
,2019-20380,39.618023,-105.091112,10/15/2019 13:38,13:38,12,0,2,WADSWORTH BOULEVARD SOUTH & CRESTLINE AVENUE WEST,1,1,0,0,1,3,,0,40,0,0,0,0,2,2,3,2
,2019-20381,39.61833,-105.091109,4/19/2019 20:01,20:01,12,0,1,CRESTLINE AVENUE WEST & WADSWORTH BOULEVARD SOUTH,1,3,0,0,1,1,,0,55,0,0,0,0,1,2,2,1
,2019-20383,39.61833,-105.091109,6/12/2019 12:20,12:20,12,0,0,WADSWORTH BOULEVARD SOUTH & CRESTLINE AVENUE WEST,1,1,0,0,1,1,,0,45,0,0,0,0,0,2,2,13
,2019-20384,39.61833,-105.091109,6/15/2019 12:49,12:49,1,0,0,CRESTLINE AVENUE WEST & WADSWORTH BOULEVARD SOUTH,1,1,0,0,1,1,,0,30,0,0,0,0,0,2,2,13
,2019-20385,39.61833,-105.091109,6/20/2019 12:13,12:13,1,0,0,WADSWORTH BOULEVARD SOUTH & CRESTLINE AVENUE WEST,1,1,0,0,1,1,,0,45,0,0,0,0,0,2,2,13
,2019-20399,39.629993,-105.086927,5/22/2019 17:00,17:00,12,0,0,WADSWORTH BOULEVARD SOUTH & LAYTON AVENUE WEST,2,1,0,1,1,4,,0,40,0,0,0,0,0,2,2,1
,2019-20424,39.754447,-104.981819,12/24/2019 9:00,9:00,12,0,3,STOUT STREET 2500 BLOCK & 25TH STREET,1,3,0,0,1,4,,0,,0,0,0,0,1,4,2,13
,2019-20427,39.704697,-105.04206,4/26/2019 18:15,18:15,12,0,0,MORRISON ROAD & RALEIGH STREET SOUTH,1,1,0,0,1,1,,0,30,0,0,0,0,0,4,3,13
,2019-20487,39.649392,-105.0346395,1/12/2019 9:04,9:04,3,0,1,LOWELL BOULEVARD SOUTH & KENYON AVENUE WEST,6,1,1,0,1,1,,0,25,0,0,0,0,1,4,2,3
,2019-20488,39.64893429,-105.0346428,11/6/2019 16:10,16:10,15,0,0,LOWELL BOULEVARD & 3600 BLOCK SOUTH,2,1,1,1,1,2,,0,25,0,0,0,0,0,4,2,13
,2019-20490,39.64893429,-105.0346428,5/8/2019 15:19,15:19,15,0,0,LOWELL BOULEVARD SOUTH & 3600 BLOCK,2,1,1,1,1,4,,0,20,0,0,0,0,0,4,2,7
,2019-20507,39.76075,-104.9733,12/21/2019 2:33,2:33,5,0,0,STOUT STREET & DOWNING STREET NORTH,1,3,0,0,2,3,,0,25,0,0,0,0,0,4,1,14
,2019-2051,39.680028,-104.912982,10/28/2019 7:21,7:21,1,0,0,MONACO STREET SOUTH & ASBURY AVENUE EAST,4,1,0,2,1,1,,0,35,0,0,0,0,0,4,2,13
,2019-20525,39.695967,-105.015573,8/4/2019 9:57,9:57,3,0,0,MOSIER PLACE WEST & ZUNI STREET SOUTH,1,1,0,0,1,1,,0,25,0,0,0,0,0,4,2,13
,2019-20527,39.634397,-104.900674,4/11/2019 1:20,1:20,5,0,0,I225 NORTHBOUND ON RAMP Y CONNECTION & I225,5,3,1,2,2,4,,0,55,0,0,0,0,0,1,1,13
,2019-20528,39.635523,-104.89346,10/11/2019 12:19,12:19,12,0,0,I225 & TAMARAC STREET SOUTH,1,1,1,0,1,4,,0,65,0,0,0,0,0,1,2,13
,2019-20529,39.639275,-104.885096,8/28/2019 9:25,9:25,12,0,1,I225 & YOSEMITE STREET SOUTH,1,1,0,0,1,4,,0,55,0,0,0,0,1,1,2,13
,2019-20530,39.639275,-104.885096,8/29/2019 8:58,8:58,12,0,0,I225 & YOSEMITE STREET SOUTH,1,1,0,0,1,4,,0,55,0,0,0,0,0,1,2,3
,2019-20532,39.639275,-104.885096,11/25/2019 17:50,17:50,12,0,0,YOSEMITE STREET SOUTH & I225 WB RAMPS,2,4,0,2,1,1,,0,35,0,0,0,0,0,1,2,13
,2019-20533,39.639275,-104.885096,2/24/2019 23:50,23:50,12,0,0,I225 EASTBOUND OFF RAMP & YOSEMITE STREET SOUTH,1,3,1,0,1,1,,0,30,0,0,0,0,0,1,3,5
,2019-20570,39.780803,-104.96675,8/9/2019 20:36,20:36,15,0,0,BRIGHTON BOULEVARD NORTH & 46TH AVENUE EAST,1,2,0,0,1,1,,0,35,0,0,0,0,0,2,2,13
,2019-20576,39.786758,-104.903472,11/20/2019 17:21,17:21,15,0,0,I270 WB ENTRANCE GORE POINT FROM & NORTHFIELD QUEBEC STREET NORTH,2,3,0,1,1,4,,0,25,0,0,0,0,0,1,2,13
,2019-20578,39.78522,-104.902405,12/2/2019 18:23,18:23,3,0,0,SAND CREEK ROAD NORTH & 49TH AVENUE EAST,2,2,0,0,1,1,,0,35,0,0,0,0,0,4,2,13
,2019-20579,39.783233,-104.901044,8/1/2019 13:29,13:29,12,0,0,SAND CREEK ROAD NORTH / I270 FRONTAGE ROAD WEST & QUEBEC STREET / NORTHFIELD NORTH,1,1,0,0,1,4,,0,25,0,0,0,0,0,4,2,13
,2019-2058,39.691431,-104.912901,1/30/2019 13:48,13:48,12,0,0,MONACO STREET SOUTH & CHERRY CREEK,1,1,0,0,1,1,,0,35,0,0,0,0,0,4,2,2
,2019-20580,39.782996,-104.900882,3/26/2019 7:01,7:01,12,0,0,I270 EASTBOUND & QUEBEC STREET NORTH,1,1,0,0,1,4,,0,55,0,0,0,0,0,1,2,3
,2019-20582,39.782848,-104.900781,7/26/2019 14:45,14:45,12,0,0,I270 WB/SB LOOP OFF RAMP SLIP & QUEBEC STREET / NORTHFIELD NORTH,1,1,1,0,1,7,,0,25,0,0,0,0,0,1,2,13
,2019-20583,39.780792,-104.899368,8/21/2019 4:40,4:40,15,0,1,I270 EASTBOUND LOOP EXIT GORE POINT & HIGHWAY 35 / QUEBEC STREET NORTH,1,3,1,0,1,4,,1,65,0,0,0,0,2,1,2,13
,2019-20584,39.780792,-104.899368,8/27/2019 2:01,2:01,5,0,0,I270 EASTBOUND LOOP EXIT GORE POINT & HIGHWAY 35 / QUEBEC STREET NORTH,1,3,1,0,3,4,,0,55,0,0,0,0,0,1,1,5
,2019-20585,39.776943,-104.881617,4/22/2019 12:46,12:46,12,0,0,I270 EASTBOUND DIRECT CONNECT TO EASTBOUND I70 & I70 EASTBOUND ENTRANCE GORE POINT FROM I270,1,1,0,0,1,4,,0,45,0,0,0,0,0,1,3,3
,2019-2059,39.690378,-104.91291,7/16/2019 19:00,19:00,12,0,0,MONACO STREET SOUTH & CHERRY CREEK SOUTH DRIVE EAST,1,1,0,0,1,1,,0,30,0,0,0,0,0,4,2,14
,2019-2060,39.678435,-104.912892,4/5/2019 10:57,10:57,12,0,0,MONACO STREET SOUTH & EVANS AVENUE EAST,1,1,0,0,1,1,,0,35,0,0,0,0,0,4,2,5
,2019-2061,39.678435,-104.912892,6/16/2019 18:57,18:57,12,0,1,MONACO STREET SOUTH & EVANS AVENUE EAST,1,1,0,0,1,3,,0,35,0,0,0,0,1,4,4,10
,2019-2062,39.678435,-104.912892,8/14/2019 17:30,17:30,15,0,0,MONACO STREET SOUTH & EVANS AVENUE EAST,1,1,0,0,1,1,,0,35,0,0,0,0,0,4,2,13
,2019-20637,39.652979,-104.917737,2/21/2019 8:47,8:47,10,0,0,I25 NORTHBOUND OFF RAMP & HAMPDEN AVENUE EAST,1,1,0,0,1,1,,0,35,0,0,0,0,0,2,2,3
,2019-20638,39.742894,-105.025209,3/10/2019 12:30,12:30,15,0,0,FEDERAL BOULEVARD 1600 BLOCK NORTH & 16TH AVENUE WEST,1,1,1,0,1,4,,0,35,0,0,0,0,0,2,2,13
,2019-20639,39.758551,-105.025134,2/1/2019 12:45,12:45,12,0,0,29TH AVENUE WEST & FEDERAL BOULEVARD NORTH,1,1,0,0,1,3,,0,30,0,0,0,0,0,2,2,13
,2019-20640,39.747545,-105.025216,3/5/2019 7:56,7:56,1,0,0,FEDERAL BOULEVARD NORTH & 20TH AVENUE WEST,1,1,0,0,1,1,,0,35,0,0,0,0,0,2,2,13
,2019-20641,39.747545,-105.025216,11/15/2019 16:34,16:34,15,0,0,FEDERAL BOULEVARD NORTH & 20TH AVENUE WEST,1,1,0,0,1,1,,0,35,0,0,0,0,0,2,2,13
,2019-20642,39.751249,-105.025139,10/28/2019 6:45,6:45,3,0,0,FEDERAL BOULEVARD NORTH & 23RD AVENUE WEST,5,3,0,2,1,1,,0,25,0,0,0,0,0,2,2,13
,2019-20643,39.751249,-105.025139,12/15/2019 15:06,15:06,12,0,0,FEDERAL BOULEVARD NORTH & 23RD AVENUE WEST,1,1,0,0,1,4,,0,35,0,0,0,0,0,2,2,13
,2019-20644,39.754855,-105.025129,1/2/2019 7:20,7:20,3,0,0,FEDERAL BOULEVARD NORTH & 26TH AVENUE WEST,4,1,0,0,1,1,,0,30,0,0,0,0,0,2,2,13
,2019-20645,39.760312,-105.025237,11/3/2019 18:35,18:35,3,0,0,FEDERAL BOULEVARD & SPEER BOULEVARD,1,3,0,0,1,1,,0,35,0,0,0,0,0,2,2,1
,2019-20646,39.765544,-105.025174,6/20/2019 17:26,17:26,12,0,1,FEDERAL BOULEVARD NORTH & 35TH AVENUE WEST,1,1,0,0,1,3,,0,35,0,0,0,0,1,2,3,13
,2019-20648,39.765544,-105.025174,8/12/2019 8:26,8:26,12,0,3,FEDERAL BOULEVARD NORTH & 35TH AVENUE WEST,1,1,1,0,1,1,,0,35,0,0,0,0,1,2,4,13
,2019-20649,39.769245,-105.025232,3/4/2019 13:42,13:42,12,0,2,38TH AVENUE WEST & FEDERAL BOULEVARD NORTH,1,1,0,0,1,3,,0,35,0,0,0,0,1,2,2,3
,2019-20650,39.783838,-105.025212,4/13/2019 20:21,20:21,1,0,0,FEDERAL BOULEVARD NORTH & I70 EASTBOUND RAMPS,1,3,0,0,1,1,,0,35,0,0,0,0,0,2,2,13
,2019-20651,39.786536,-105.025206,11/9/2019 16:31,16:31,3,0,0,FEDERAL BOULEVARD NORTH & 4900 BLOCK NORTH,1,1,0,0,1,2,,0,35,0,0,0,0,0,2,2,13
,2019-20652,39.786997,-105.025222,3/4/2019 21:57,21:57,3,0,0,FEDERAL BOULEVARD 4900 BLOCK NORTH & 50TH AVENUE WEST,1,3,0,0,1,2,,0,35,0,0,0,0,0,2,2,3
,2019-20653,39.787464,-105.025221,4/6/2019 6:30,6:30,5,0,0,HIGHWAY 287 & MM 286,1,1,0,0,2,4,,0,45,0,0,0,0,0,2,1,5
,2019-20654,39.787612,-105.025221,1/17/2019 15:22,15:22,15,0,0,FEDERAL BOULEVARD NORTH & 50TH AVENUE / REGIS BOULEVARD WEST,1,1,0,0,1,4,,0,35,0,0,0,0,0,2,2,13
,2019-20655,39.787612,-105.025221,9/15/2019 13:36,13:36,1,0,1,FEDERAL BOULEVARD NORTH & 50TH AVENUE WEST / REGIS BOULEVARD WEST,1,1,0,0,1,2,,0,35,0,0,0,0,1,2,2,13
,2019-20656,39.789228,-105.025203,8/1/2019 15:51,15:51,3,0,2,FEDERAL BOULEVARD NORTH & 51ST AVENUE,1,1,0,0,1,1,,0,40,0,0,0,0,1,2,2,14
,2019-20657,39.790242,-105.025155,1/18/2019 10:10,10:10,15,0,0,FEDERAL BOULEVARD NORTH & 52ND AVENUE WEST,2,1,0,2,1,4,,0,35,0,0,0,0,0,2,2,13
,2019-20658,39.790242,-105.025155,4/18/2019 8:20,8:20,12,0,2,FEDERAL BOULEVARD 5100 BLOCK NORTH & 52ND AVENUE WEST,1,1,0,0,1,4,,0,35,0,0,0,0,1,2,2,14
,2019-2071,39.678435,-104.912892,8/14/2019 18:15,18:15,15,0,0,MONACO STREET SOUTH & EVANS AVENUE EAST,1,1,0,0,1,3,,0,35,0,0,0,0,0,4,2,13
,2019-2076,39.75993318,-104.9175573,6/5/2019 22:23,22:23,6,0,0,KEARNEY STREET & 1500 BLOCK NORTH,1,3,1,0,1,4,,0,,0,0,0,0,0,4,2,13
,2019-20781,39.6531,-104.9090805,2/24/2019 15:53,15:53,15,0,0,HAMPDEN AVENUE EAST & ONEIDA WAY SOUTH,1,1,0,0,1,3,,0,45,0,0,0,0,0,2,2,13
,2019-2081,39.689343,-104.912901,3/14/2019 11:29,11:29,3,0,1,MONACO STREET SOUTH & FLORIDA AVENUE EAST,2,1,0,0,1,1,,0,35,0,0,0,0,1,4,3,1
,2019-20820,39.77107521,-104.8288271,10/3/2019 18:22,18:22,5,0,0,I70 EASTBOUND OFF RAMP TO & I225 SOUTHBOUND,7,3,1,0,3,7,,0,45,0,0,0,0,0,1,1,14
,2019-20859,39.826014,-104.746659,12/13/2019 22:15,22:15,5,0,0,E470 NORTHBOUND EXIT GORE POINT TO & PENA BOULEVARD OUTBOUND,1,3,1,0,3,7,,0,65,0,0,0,0,0,2,1,12
,2019-20860,39.837942,-104.746789,8/13/2019 7:05,7:05,9,0,1,E470 NORTHBOUND ON RAMP & PENA BOULEVARD,1,1,0,0,1,4,,0,50,0,0,0,0,2,2,1,14
,2019-20861,39.8421,-104.746767,12/22/2019 9:39,9:39,5,0,0,E470 NORTHBOUND ENTRANCE GORE POINT FROM & PENA BOULEVARD,1,1,0,0,2,4,,0,65,0,0,0,0,0,2,1,12
,2019-20882,39.74155,-104.9669,12/7/2019 1:40,1:40,6,0,0,16TH AVENUE EAST & GILPIN STREET NORTH,1,3,0,0,1,4,,0,25,0,0,0,0,0,4,2,3
,2019-2090,39.65652,-104.912829,9/16/2019 12:13,12:13,3,0,0,MONACO STREET SOUTH & FLOYD AVENUE EAST,1,1,0,0,1,1,,0,25,0,0,0,0,0,4,2,13
,2019-20904,39.732028,-104.981031,12/21/2019 14:40,14:40,3,0,1,10TH AVENUE EAST & PENNSYLVANIA STREET NORTH,1,1,0,0,1,1,,0,30,0,0,0,0,1,4,2,14
,2019-20905,39.736825,-104.968469,12/22/2019 3:25,3:25,6,0,0,13TH AVENUE 1600 BLOCK EAST & GILPIN STREET NORTH,1,4,0,0,1,4,,0,,0,0,0,0,0,4,3,13
,2019-20906,39.736847,-104.986131,12/22/2019 1:10,1:10,3,0,0,13TH AVENUE EAST & LINCOLN STREET NORTH,1,3,0,0,1,1,,0,30,0,0,0,0,0,4,3,9
,2019-20907,39.746939,-104.996878,12/17/2019 22:10,22:10,10,0,0,15TH STREET & ARAPAHOE STREET,1,3,0,0,1,1,,0,30,0,0,0,0,0,4,2,13
,2019-20908,39.747269,-104.997314,12/18/2019 9:45,9:45,6,0,0,15TH STREET 1100 BLOCK & LAWRENCE STREET,2,1,0,0,1,4,,0,,0,0,0,0,0,4,2,13
,2019-20909,39.747603,-104.997747,12/30/2019 18:49,18:49,12,0,1,15TH STREET & LAWRENCE STREET,5,3,1,0,1,1,,0,,0,0,0,0,1,4,2,13
,2019-20911,39.72564,-105.05313,5/8/2019 16:32,16:32,12,0,1,SHERIDAN BOULEVARD & SIXTH AVENUE WEST EASTBOUND ON RAMP,2,1,1,1,1,1,,0,35,0,0,0,0,1,2,2,13
,2019-20913,39.738492,-105.053211,3/14/2019 8:37,8:37,3,0,0,SHERIDAN BOULEVARD & 14TH AVENUE WEST,1,1,0,2,1,1,,0,35,0,0,0,0,0,2,2,7
,2019-20914,39.72564,-105.05313,1/7/2019 13:44,13:44,12,0,1,SHERIDAN BOULEVARD & SIXTH AVENUE WEST FRONTAGE ROAD NORTH,1,1,1,0,1,3,,0,35,0,0,0,0,1,2,2,3
,2019-20915,39.72564,-105.05313,12/14/2019 0:05,0:05,5,0,1,SHERIDAN BOULEVARD & SIXTH AVENUE WEST,1,3,1,0,3,1,,0,35,0,0,0,0,2,2,1,5
,2019-20916,39.750825,-104.997069,12/22/2019 8:58,8:58,3,0,0,17TH STREET & MARKET STREET,1,1,0,0,1,1,,0,25,0,0,0,0,0,4,2,13
,2019-20917,39.718131,-104.954619,4/11/2019 7:48,7:48,1,0,0,FIRST AVENUE EAST & DETROIT STREET NORTH,6,1,0,0,1,1,,0,30,0,0,0,0,0,4,2,13
,2019-20918,39.749586,-104.988228,12/24/2019 15:05,15:05,3,0,1,20TH STREET & STOUT STREET,1,1,0,0,1,1,,0,30,0,0,0,0,1,4,2,13
,2019-20919,39.783816,-105.053319,10/19/2019 15:55,15:55,12,0,0,SHERIDAN BOULEVARD & 48TH AVENUE,1,1,2,0,1,1,,0,35,0,0,0,1,0,2,2,13
,2019-20920,39.753478,-104.988425,11/9/2019 22:25,22:25,12,0,0,22ND STREET & ARAPAHOE STREET,1,3,0,0,1,1,,0,30,0,0,0,0,0,4,2,13
,2019-20921,39.756414,-104.894869,8/20/2019 15:52,15:52,14,0,0,28TH AVENUE EAST & UINTA STREET NORTH,1,1,0,0,1,4,,0,25,0,0,0,0,0,4,2,14
,2019-20922,39.75748,-104.9019,8/29/2019 14:00,14:00,6,0,0,29TH AVENUE EAST & 7400 BLOCK EAST,1,1,0,0,1,4,,0,25,0,0,0,0,0,4,2,5
,2019-20923,39.7585,-105.039303,12/23/2019 15:35,15:35,3,0,0,29TH AVENUE WEST & PERRY STREET NORTH,1,1,0,0,1,1,,0,30,0,0,0,0,0,4,2,13
,2019-20924,39.760331,-105.033439,12/13/2019 10:54,10:54,12,0,1,3500 BLOCK WEST 30TH AVENUE & LOWELL BOULEVARD NORTH,1,1,1,0,1,4,,0,,0,0,0,0,2,4,3,13
,2019-20925,39.766972,-104.9721,12/18/2019 10:49,10:49,3,0,0,36TH AVENUE EAST & MARION STREET NORTH,1,1,0,0,1,1,,0,30,0,0,0,0,0,4,2,14
,2019-20926,39.76745,-104.9034,12/24/2019 17:45,17:45,1,0,0,36TH AVENUE EAST & QUEBEC STREET NORTH,1,3,0,0,1,1,,0,25,0,0,0,0,0,4,2,14
,2019-20927,39.776703,-105.038089,4/19/2019 12:37,12:37,12,0,2,44TH AVENUE WEST & OSCEOLA STREET NORTH,1,1,0,0,1,3,,0,30,0,0,0,0,1,4,2,3
,2019-20928,39.777425,-104.853372,12/31/2019 7:06,7:06,5,0,0,45TH AVENUE & 11700 BLOCK EAST,5,1,0,0,3,4,,0,15,0,0,0,0,0,4,1,1
,2019-20929,39.783428,-104.931622,12/18/2019 15:02,15:02,15,0,0,48TH AVENUE EAST & DAHLIA STREET NORTH,1,3,0,0,1,1,,0,,0,0,0,0,0,4,2,13
,2019-2093,39.654054,-104.91282,11/5/2019 7:47,7:47,3,0,0,MONACO STREET SOUTH & GIRARD AVENUE EAST,1,1,0,0,1,1,,0,35,0,0,0,0,0,4,2,13
,2019-20930,39.72561,-104.9582,11/25/2019 17:06,17:06,3,0,0,SIXTH AVENUE EAST  & JOSEPHINE STREET NORTH,5,3,0,0,1,1,,0,30,0,0,0,0,0,4,2,13
,2019-20931,39.725614,-104.958228,12/28/2019 8:05,8:05,3,0,0,SIXTH AVENUE EAST & JOSEPHINE STREET NORTH,4,1,0,2,1,1,,0,35,0,0,0,0,0,4,2,13
,2019-20932,39.725639,-104.998958,12/10/2019 14:30,14:30,15,0,0,SIXTH AVENUE 900 BLOCK WEST & KALAMATH STREET NORTH,1,1,0,0,1,4,,0,,0,0,0,0,0,4,2,13
,2019-20933,39.824622,-104.689125,12/27/2019 15:39,15:39,10,0,0,71ST AVENUE & 25560 EAST,1,1,0,0,1,4,,0,45,0,0,0,0,0,4,2,13
,2019-20934,39.72911,-104.959,12/27/2019 2:46,2:46,3,0,0,EIGHTH AVENUE EAST & JOSEPHINE STREET NORTH,1,3,0,0,1,1,,0,,0,0,0,0,0,4,2,6
,2019-20935,39.711183,-104.992397,12/27/2019 15:00,15:00,3,0,0,ALAMEDA AVENUE WEST & CHEROKEE STREET SOUTH,1,1,0,0,1,1,,0,30,0,0,0,0,0,4,2,3
,2019-20936,39.707192,-104.891292,11/5/2019 7:42,7:42,12,0,0,ALAMEDA AVENUE 8600 EAST & FAIRMOUNT DRIVE EAST,1,1,0,0,1,4,,0,35,0,0,0,0,0,4,2,13
,2019-20937,39.711297,-104.912861,11/29/2019 11:32,11:32,12,0,0,ALAMEDA AVENUE EAST & MONACO STREET SOUTH,5,1,0,4,1,1,,0,30,0,0,0,0,0,4,2,14
,2019-20938,39.728619,-104.989486,12/13/2019 19:44,19:44,6,0,0,BANNOCK STREET NORTH & SPEER BOULEVARD NORTH,1,3,0,0,1,4,,0,,0,0,0,0,0,4,2,13
,2019-20939,39.744836,-104.974778,12/30/2019 12:00,12:00,12,0,0,PARK AVENUE & 18TH AVENUE EAST,2,1,0,0,1,1,,0,35,0,0,0,0,0,4,2,13
,2019-20940,39.73845,-104.990242,12/28/2019 15:50,15:50,12,0,0,BANNOCK STREET NORTH & 14TH AVENUE WEST,6,1,0,2,1,4,,0,30,0,0,0,0,0,4,2,14
,2019-20941,39.72565,-104.9904,11/27/2019 9:30,9:30,6,0,0,BANNOCK STREET NORTH & SIXTH AVENUE WEST,2,1,0,0,1,4,,0,25,0,0,0,0,0,4,2,3
,2019-20942,39.728075,-104.990481,12/23/2019 18:15,18:15,6,0,0,BANNOCK STREET 777 NORTH & PARKING LOT,1,3,0,0,6,6,,0,10,0,0,0,0,0,3,2,1