id,drcog_id,latitude,longitude,crashtime,time,crashtype,numbkilled,numbinjurd,drcoglocat,rdconditin,lightngcon,roadcntgrd,weatherco,location,roaddescrp,schoolzone,constrzone,splimit,bikeinv,sctrinv,pedinv,motoinv,svrty,rdsystem,ttlvehcls,hcf
,2019-20943,39.717928,-104.988364,10/10/2019 21:17,21:17,15,0,0,BROADWAY STREET NORTH & IRVINGTON STREET WEST,1,3,0,0,1,4,,0,35,0,0,0,0,0,4,2,7
,2019-20944,39.765636,-105.0041025,6/10/2019 17:08,17:08,3,0,1,NAVAJO STREET NORTH & 35TH AVENUE WEST,1,1,0,0,1,1,,0,25,0,0,0,0,1,4,2,8
,2019-20945,39.701267,-104.987464,12/26/2019 11:04,11:04,5,0,0,BROADWAY STREET 800 BLOCK SOUTH & OHIO AVENUE EAST,1,1,0,0,3,2,,0,35,0,0,0,0,0,4,1,5
,2019-20946,39.785728,-104.883069,11/18/2019 8:25,8:25,3,0,0,CENTRAL PARK BOULEVARD NORTH & NORTHFIELD BOULEVARD EAST,1,1,0,0,1,1,,0,40,0,0,0,0,0,4,2,13
,2019-20947,39.77505,-104.809897,12/26/2019 16:33,16:33,3,0,0,CHAMBERS ROAD NORTH & ANDREWS DRIVE EAST,1,2,0,0,1,1,,0,40,0,0,0,0,0,4,2,7
,2019-20948,39.679961,-104.938572,5/9/2019 18:50,18:50,15,0,0,COLORADO CENTER DRIVE EAST & COLORADO BOULEVARD SOUTH,2,1,0,1,1,4,,0,20,0,0,0,0,0,4,2,5
,2019-20949,39.68201,-105.0564,12/26/2019 14:06,14:06,12,0,0,DEPEW STREET SOUTH & JEWELL AVENUE WEST,1,1,0,0,1,1,,0,25,0,0,0,0,0,4,2,13
,2019-2095,39.674844,-104.9129685,4/13/2019 13:23,13:23,1,0,1,MONACO STREET SOUTH & ILIFF AVENUE EAST,1,1,0,0,1,1,,0,30,0,0,0,0,1,4,2,13
,2019-20950,39.692689,-104.976939,12/18/2019 16:08,16:08,3,0,1,EMERSON STREET SOUTH & BUCHTEL BOULEVARD EAST,1,2,0,0,1,1,,0,30,0,0,0,0,1,4,2,8
,2019-20951,39.678528,-104.975753,12/28/2019 10:38,10:38,1,0,2,EVANS AVENUE EAST & OGDEN STREET SOUTH,4,1,0,2,1,1,,0,35,0,0,0,0,1,4,2,7
,2019-20952,39.689161,-104.965467,12/28/2019 13:20,13:20,12,0,0,FRANKLIN 1500 BLOCK SOUTH & BUCHTEL BOULEVARD EAST,4,1,0,2,1,3,,0,25,0,0,0,0,0,4,2,7
,2019-20953,39.652816,-105.055645,2/11/2019 7:35,7:35,5,0,0,HAMPDEN AVENUE SOUTH FRONTAGE ROAD  & 5500 WEST,1,1,1,0,3,4,,0,35,0,0,0,0,0,4,1,14
,2019-20954,39.67484,-104.9593,12/4/2019 15:10,15:10,12,0,0,ILIFF AVENUE EAST & UNIVERSITY BOULEVARD SOUTH,1,1,0,0,1,3,,0,25,0,0,0,0,0,4,2,1
,2019-20955,39.795428,-104.7519,12/23/2019 14:45,14:45,5,0,0,IRELAND STREET 5500 BLOCK NORTH & MAXWELL PLACE EAST,1,1,0,0,3,4,,0,,0,0,0,0,0,4,1,13
,2019-20956,39.642244,-105.029958,12/29/2019 15:01,15:01,12,0,0,IRVING STREET SOUTH & OXFORD AVENUE WEST,6,1,0,0,1,3,,0,25,0,0,0,0,0,4,2,13
,2019-20957,39.629898,-105.10983,5/21/2019 17:23,17:23,3,0,0,KIPLING STREET SOUTH & SARATOGA PLACE WEST,2,1,0,0,1,1,,0,30,0,0,0,0,0,4,2,7
,2019-20958,39.769272,-105.004161,3/30/2019 13:53,13:53,12,0,0,NAVAJO STREET NORTH & 38TH AVENUE WEST,1,1,0,0,1,1,,0,25,0,0,0,1,0,4,2,13
,2019-20959,39.736814,-104.958597,12/29/2019 9:55,9:55,12,0,1,JOSEPHINE 1200 BLOCK NORTH & 13TH AVENUE EAST,5,1,0,0,1,3,,0,30,0,0,0,0,1,4,2,13
,2019-2096,39.682062,-104.912811,8/20/2019 14:55,14:55,12,0,0,MONACO STREET SOUTH & JEWELL AVENUE EAST,1,1,0,0,1,3,,0,30,0,0,0,0,0,4,2,1
,2019-20960,39.786522,-105.033383,12/22/2019 20:45,20:45,6,0,0,KING STREET 4900 BLOCK NORTH & 49TH AVENUE WEST,1,3,0,0,1,4,,0,,0,0,0,0,0,4,2,13
,2019-20961,39.749675,-104.996819,6/6/2019 20:55,20:55,6,0,0,LARIMER STREET & 1000 BLOCK,1,3,0,0,1,4,,0,30,0,0,0,0,0,4,2,13
,2019-20962,39.710239,-104.986386,12/18/2019 8:50,8:50,12,0,0,LINCOLN STREET 400 BLOCK SOUTH & VIRGINIA AVENUE EAST,1,1,0,0,1,4,,0,30,0,0,0,0,0,4,2,1
,2019-20963,39.693897,-104.982772,12/23/2019 15:05,15:05,3,0,0,LOGAN STREET 1200 BLOCK SOUTH & ARIZONA AVENUE EAST,1,1,0,0,1,3,,0,30,0,0,0,0,0,4,2,13
,2019-20964,39.741639,-104.972156,12/19/2019 17:07,17:07,15,0,0,MARION STREET NORTH & 16TH AVENUE EAST,1,3,0,0,1,1,,0,35,0,0,0,0,0,4,2,14
,2019-20965,39.711297,-104.912861,10/8/2019 9:38,9:38,3,0,0,MONACO STREET SOUTH & ALAMEDA AVENUE EAST,1,1,0,0,1,1,,0,30,0,0,0,0,0,4,2,13
,2019-20966,39.761906,-104.912622,12/20/2019 7:45,7:45,3,0,0,MONACO STREET NORTH & MLK BOULEVARD EAST,1,1,0,0,1,1,,0,,0,0,0,0,0,4,2,13
,2019-20967,39.747431,-104.912444,12/31/2019 17:19,17:19,12,0,1,MONACO STREET NORTH & MONTVIEW BOULEVARD EAST,1,3,1,0,1,1,,0,30,0,0,0,0,1,4,2,12
,2019-20968,39.725454,-105.032275,12/20/2019 19:19,19:19,12,0,0,SIXTH AVENUE WEST & I25,1,3,0,0,1,4,,0,45,0,0,0,0,0,2,2,7
,2019-2097,39.710466,-104.912802,1/9/2019 19:00,19:00,15,0,0,MONACO STREET SOUTH & MAR VISTA PLACE EAST,1,3,0,0,1,1,,0,30,0,0,0,0,0,4,2,5
,2019-20970,39.76514,-104.995,12/16/2019 6:35,6:35,5,0,0,PARK AVENUE WEST & 3421 PARK AVENUE WEST,1,3,0,0,3,2,,0,10,0,0,0,0,0,4,1,13
,2019-20971,39.751714,-104.983744,12/31/2019 8:24,8:24,3,0,1,PARK AVENUE WEST & CALIFORNIA STREET,1,1,0,0,1,1,,0,25,0,0,0,0,1,4,2,14
,2019-20972,39.75645,-104.989822,12/21/2019 8:49,8:49,3,0,0,PARK AVENUE WEST & MARKET STREET,1,1,0,0,1,1,,0,30,0,0,0,0,0,4,2,14
,2019-20973,39.807708,-104.783458,12/1/2019 23:20,23:20,15,0,0,PENA BOULEVARD & 7200 BLOCK,1,3,0,0,1,4,,0,,0,0,0,0,0,4,2,13
,2019-20974,39.738431,-104.981056,12/24/2019 19:59,19:59,3,0,2,PENNSYLVANIA STREET NORTH & 14TH AVENUE EAST,1,3,0,0,1,1,,0,30,0,0,0,0,2,4,2,14
,2019-20975,39.754069,-104.903414,12/25/2019 21:14,21:14,15,0,0,QUEBEC STREET 2500 BLOCK NORTH & 26TH AVENUE EAST,1,3,0,0,1,4,,0,35,0,0,0,0,0,4,2,13
,2019-20976,39.798392,-104.903394,12/29/2019 11:52,11:52,15,0,0,QUEBEC STREET NORTH & 3200 BLOCK,6,1,0,0,1,4,,0,35,0,0,0,0,0,4,2,13
,2019-20977,39.795278,-104.845542,12/28/2019 11:30,11:30,6,0,0,QUENTIN STREET 5400 BLOCK NORTH & EDWARDS PLACE EAST,6,1,0,6,1,4,,0,30,0,0,0,0,0,4,2,7
,2019-20978,39.752108,-105.040489,12/29/2019 14:10,14:10,14,0,0,QUITMAN STREET NORTH & 24TH AVENUE WEST,4,1,0,0,1,4,,0,25,0,0,0,0,0,4,2,13
,2019-20979,39.726903,-104.988192,11/11/2019 12:40,12:40,15,0,1,SPEER BOULEVARD 600 BLOCK NORTH & BANNOCK STREET NORTH,2,1,1,0,1,4,,0,30,0,0,0,0,1,4,2,1
,2019-2098,39.696624,-104.9129685,2/3/2019 12:17,12:17,3,0,1,MONACO STREET SOUTH & MISSISSIPPI AVENUE EAST,1,1,0,0,1,1,,0,35,0,0,0,0,2,4,2,3
,2019-20980,39.726961,-104.988142,7/21/2019 15:20,15:20,15,0,0,SPEER BOULEVARD 600 BLOCK NORTH & BROADWAY STREET NORTH,1,1,1,0,1,4,,0,35,0,0,0,0,0,4,2,13
,2019-20981,39.740108,-104.998847,10/18/2019 14:05,14:05,15,0,1,SPEER BOULEVARD 1400 BLOCK NORTH & COLFAX AVENUE WEST,1,1,0,0,1,4,,0,35,0,0,0,0,1,4,2,13
,2019-20982,39.750986,-104.986419,12/18/2019 9:05,9:05,15,0,2,STOUT STREET 2100 BLOCK & 22ND AVENUE,1,1,0,0,1,4,,0,25,0,0,0,0,1,4,2,14
,2019-20984,39.745822,-104.992567,12/5/2019 18:28,18:28,6,0,0,STOUT STREET 1600 BLOCK & PARKING METER ST1620,2,3,1,1,1,4,,0,30,0,0,0,0,0,4,2,13
,2019-20985,39.685647,-104.896911,12/30/2019 14:00,14:00,1,0,0,TRENTON STREET SOUTH & MEXICO AVENUE EAST,5,1,0,0,1,3,,0,25,0,0,0,0,0,4,2,14
,2019-20986,39.631683,-104.897356,12/20/2019 7:58,7:58,12,0,0,TUFTS AVENUE EAST & ULSTER STREET SOUTH,1,1,0,0,1,1,,0,30,0,0,0,0,0,4,2,13
,2019-20987,39.671069,-104.869697,12/28/2019 11:36,11:36,6,0,0,VASSAR DRIVE 9700 BLOCK EAST & DAYTON WAY SOUTH,5,1,1,2,1,4,,0,25,0,0,0,0,0,4,3,13
,2019-20988,39.641544,-104.889975,12/19/2019 9:19,9:19,6,0,0,VINCENNES 3900 BLOCK SOUTH & MANSFIELD AVENUE EAST,1,1,1,0,1,4,,0,25,0,0,0,0,0,4,2,3
,2019-20989,39.708039,-105.040867,12/7/2019 14:46,14:46,3,0,2,VIRGINIA AVENUE WEST & QUITMAN STREET SOUTH,1,1,0,0,1,1,,0,25,0,0,0,0,1,4,2,13
,2019-2099,39.696624,-104.9129685,10/5/2019 12:54,12:54,12,0,0,MONACO STREET SOUTH & MISSISSIPPI AVENUE EAST,1,1,0,0,1,1,,0,40,0,0,0,0,0,4,2,7
,2019-20990,39.738703,-104.888181,12/17/2019 16:25,16:25,3,0,0,WILLOW STREET NORTH & 14TH AVENUE EAST,1,1,0,0,1,1,,0,25,0,0,0,0,0,4,3,1
,2019-20991,39.741983,-104.888169,12/30/2019 12:15,12:15,6,0,0,WILLOW STREET NORTH & 16TH AVENUE EAST,5,1,0,0,1,1,,0,25,0,0,0,0,0,4,2,1
,2019-20992,39.724139,-105.048244,11/30/2019 16:01,16:01,8,0,0,WOLFF STREET 500 BLOCK NORTH & SIXTH AVENUE FRONTAGE ROAD,5,1,0,0,1,3,,0,,0,0,0,0,0,4,2,13
,2019-20993,39.793361,-104.831328,8/27/2019 19:35,19:35,10,0,2,WORCHESTER STREET NORTH & MAXWELL PLACE EAST,1,1,0,0,1,2,,0,25,0,0,0,0,2,4,2,7
,2019-20997,39.721725,-105.0041115,12/1/2019 3:22,3:22,5,0,2,NAVAJO STREET & 4200 BLOCK NORTH,5,3,0,0,1,4,,0,25,0,0,0,0,2,4,1,9
,2019-2100,39.761829,-104.912442,3/23/2019 11:40,11:40,1,0,0,MONACO STREET NORTH & MLK BOULEVARD EAST,1,1,0,0,1,1,,0,35,0,0,0,0,0,4,2,8
,2019-2101,39.761829,-104.912442,5/24/2019 21:22,21:22,12,0,0,MONACO STREET NORTH & MLK BOULEVARD EAST,1,3,0,0,1,1,,0,,0,0,0,0,0,4,2,13
,2019-2102,39.761829,-104.912442,10/22/2019 8:33,8:33,15,0,0,MONACO STREET NORTH & MLK BOULEVARD EAST,1,1,0,0,1,1,,0,30,0,0,0,0,0,4,2,13
,2019-2108,39.773151,-104.9127615,11/5/2019 18:04,18:04,3,0,0,MONACO STREET NORTH & SMITH ROAD EAST,1,3,0,0,1,1,,0,30,0,0,0,0,0,4,2,1
,2019-2109,39.778686,-104.912874,1/8/2019 13:50,13:50,3,0,0,MONACO STREET NORTH & STAPLETON NORTH DRIVE EAST,1,1,0,0,1,1,,0,30,0,0,0,0,0,4,2,13
,2019-21090,39.778384,-105.025145,12/12/2019 6:25,6:25,15,0,0,FEDERAL BOULEVARD NORTH & 45TH AVENUE,1,3,0,0,1,4,,0,,0,0,0,0,0,2,2,13
,2019-2110,39.778686,-104.912874,7/31/2019 14:19,14:19,10,0,0,MONACO STREET NORTH & STAPLETON DRIVE NORTH EAST,1,1,0,0,1,1,,0,30,0,0,0,0,0,4,2,8
,2019-2111,39.627441,-104.911263,6/20/2019 11:50,11:50,1,0,0,MONACO STREET SOUTH & UNION AVENUE EAST,1,1,1,0,1,1,,0,35,0,0,0,0,0,4,2,7
,2019-2114,39.673017,-104.912811,6/19/2019 12:45,12:45,15,0,1,MONACO STREET SOUTH & WESLEY AVENUE EAST,1,1,0,0,1,1,,0,35,0,0,0,0,1,4,2,13
,2019-2134,39.80498452,-104.7873105,10/11/2019 14:02,14:02,5,0,0,PENA BOULEVARD & 56TH AVENUE EAST,1,1,0,0,3,4,,0,65,0,0,0,0,0,4,1,12
,2019-2135,39.78840547,-104.7906994,6/11/2019 9:20,9:20,15,0,0,PENA BOULEVARD 7900 BLOCK & PENA COUNTY ROAD,1,1,0,0,1,4,,0,45,0,0,0,0,0,4,2,8
,2019-21357,39.742314,-104.999336,12/28/2019 19:07,19:07,15,0,0,SPEER BOULEVARD NORTH & CHAMPA STREET,4,3,0,2,1,1,,0,30,0,0,0,0,0,4,2,13
,2019-2138,39.78901491,-104.7906994,3/3/2019 2:58,2:58,15,0,1,PENA BOULEVARD 8000 BLOCK & PENA CIRCLE,4,3,0,2,1,1,,0,45,0,0,0,0,2,4,2,7
,2019-2140,39.74543095,-104.998068,5/2/2019 22:36,22:36,3,0,0,ARAPAHOE STREET & 14TH STREET,1,3,0,0,1,2,,0,30,0,0,0,0,0,4,2,13
,2019-2141,39.7868956,-104.7906994,11/21/2019 18:50,18:50,15,0,0,PENA BOULEVARD & 84TH AVENUE EAST,1,3,0,0,1,4,,0,15,0,0,0,0,0,4,2,13
,2019-21417,39.725435,-105.014317,10/7/2019 1:58,1:58,6,0,1,SIXTH AVENUE WEST & I25,1,3,0,0,1,4,,0,55,0,0,0,0,1,2,2,5
,2019-2142,39.72861357,-104.9906115,11/29/2019 9:07,9:07,15,0,0,SPEER BOULEVARD 700 BLOCK NORTH & EIGHTH AVENUE WEST,5,1,0,0,1,4,,0,35,0,0,0,0,0,4,2,13
,2019-2143,39.78060904,-104.7906994,2/26/2019 9:53,9:53,12,0,2,PENA BOULEVARD OU 8000 BLOCK & DIA TERMINAL,8,1,1,0,1,4,,0,45,0,0,0,0,2,4,2,8
,2019-21459,39.732039,-104.9873985,7/11/2019 15:37,15:37,10,0,0,10TH AVENUE EAST & BROADWAY STREET NORTH,1,1,1,0,1,1,,0,30,0,0,0,0,0,4,2,13
,2019-21460,39.732021,-104.977611,4/16/2019 17:19,17:19,3,0,2,10TH AVENUE EAST & CLARKSON COURT NORTH,1,1,0,0,1,1,,0,30,0,0,0,0,1,4,2,13
,2019-21461,39.732021,-104.977611,5/20/2019 23:00,23:00,3,0,0,10TH AVENUE EAST & CLARKSON COURT NORTH,6,3,0,2,1,1,,0,30,0,0,0,0,0,4,4,13
,2019-21462,39.732021,-104.977611,12/6/2019 5:46,5:46,3,0,0,10TH AVENUE EAST & CLARKSON STREET NORTH,5,3,0,0,1,1,,0,30,0,0,0,0,0,4,2,13
,2019-21463,39.732984,-105.0394815,8/19/2019 21:53,21:53,1,0,0,10TH AVENUE WEST & PERRY STREET NORTH,1,3,1,0,1,1,,0,15,0,0,0,0,0,4,2,5
,2019-21464,39.73176,-104.903469,3/31/2019 18:54,18:54,5,0,0,10TH AVENUE EAST & QUEBEC STREET NORTH,1,1,0,0,3,1,,0,30,0,0,0,0,0,4,1,7
,2019-21465,39.733866,-105.0213035,6/16/2019 4:00,4:00,6,0,0,11TH AVENUE & 1300 EAST,1,3,0,0,1,4,,0,30,0,0,0,0,0,4,2,5
,2019-21466,39.733677,-105.0001605,6/12/2019 14:33,14:33,6,0,0,11TH AVENUE WEST & KALAMATH STREET NORTH,1,1,0,0,1,1,,0,25,0,0,0,0,0,4,3,2
,2019-21467,39.733686,-104.9823,7/8/2019 10:35,10:35,3,0,0,11TH AVENUE EAST & LOGAN STREET NORTH,1,1,0,0,1,1,,0,30,0,0,0,0,0,4,2,13
,2019-21468,39.733722,-104.9718195,3/3/2019 15:35,15:35,3,0,1,11TH AVENUE EAST & MARION STREET NORTH,4,1,0,2,1,1,,0,30,0,0,0,0,1,4,2,13
,2019-21470,39.733632,-104.9941215,9/29/2019 17:09,17:09,3,0,0,11TH AVENUE WEST & SPEER BOULEVARD NORTH,1,1,0,0,1,1,,0,30,0,0,0,0,0,4,2,13
,2019-21471,39.733632,-104.9941215,10/4/2019 16:04,16:04,1,0,0,11TH AVENUE WEST & SPEER BOULEVARD NORTH,1,1,0,0,1,1,,0,30,0,0,0,0,0,4,2,13
,2019-21472,39.748131,-105.004269,3/23/2019 15:48,15:48,3,0,0,12TH STREET & AURARIA PARKWAY,1,1,0,0,1,1,,0,35,0,0,0,0,0,4,2,14
,2019-21473,39.735144,-104.978718,7/27/2019 17:13,17:13,3,0,0,12TH AVENUE EAST & WASHINGTON STREET NORTH,1,1,0,0,1,1,,0,30,0,0,0,0,0,4,2,13
,2019-21474,39.735144,-104.978718,12/11/2019 11:39,11:39,12,0,0,12TH AVENUE EAST & WASHINGTON STREET NORTH,1,1,0,0,1,1,,0,,0,0,0,0,0,4,2,13
,2019-21475,39.736836,-104.990229,11/19/2019 11:10,11:10,10,0,0,13TH AVENUE WEST & BANNOCK STREET NORTH,1,1,0,0,1,1,,0,25,0,0,0,0,0,4,2,13
,2019-21476,39.736476,-104.9361615,2/6/2019 9:25,9:25,10,0,0,13TH AVENUE EAST & BIRCH STREET NORTH,5,1,0,2,1,1,,0,30,0,0,0,0,0,4,2,13
,2019-21477,39.736854,-104.9873715,1/8/2019 6:52,6:52,12,0,1,13TH AVENUE EAST & BROADWAY STREET NORTH,1,2,1,0,1,1,,0,30,0,0,0,0,1,4,2,13
,2019-21478,39.736809,-104.957433,2/2/2019 8:00,8:00,3,0,0,13TH AVENUE EAST & COLUMBINE STREET NORTH,1,1,0,0,1,1,,0,20,0,0,0,0,0,4,2,7
,2019-21479,39.736782,-104.956272,9/18/2019 13:46,13:46,3,0,0,13TH AVENUE EAST & ELIZABETH STREET NORTH,1,1,0,0,1,1,,0,25,0,0,0,0,0,4,2,1
,2019-21480,39.736485,-104.929209,9/26/2019 7:45,7:45,3,0,0,13TH AVENUE EAST & ELM STREET NORTH,1,1,0,0,1,1,,0,30,0,0,0,0,0,4,2,13
,2019-21481,39.736863,-104.98617,3/20/2019 9:55,9:55,3,0,1,13TH AVENUE EAST & LINCOLN AVENUE NORTH,1,1,0,0,1,1,,0,30,0,0,0,0,1,4,2,13
,2019-21482,39.736863,-104.98617,4/10/2019 7:24,7:24,12,0,0,13TH AVENUE EAST & LINCOLN STREET NORTH,2,1,0,1,1,4,,0,25,0,0,0,0,0,4,2,14
,2019-21483,39.738393,-104.9672115,11/28/2019 18:46,18:46,12,0,0,14TH AVENUE EAST & GILPIN STREET NORTH,10,3,0,0,1,3,,0,30,0,0,0,0,0,4,2,14
,2019-21484,39.742011,-104.99283,5/13/2019 22:45,22:45,3,0,0,14TH STREET & GLENARM PLACE,1,3,0,0,1,1,,0,30,0,0,0,0,0,4,3,7
,2019-21485,39.738294,-104.92578,2/14/2019 0:14,0:14,12,0,0,14TH AVENUE & GLENCOE STREET,2,3,0,0,1,4,,0,30,0,0,0,0,0,4,2,13
,2019-21486,39.738276,-104.9418,12/4/2019 13:30,13:30,3,0,0,14TH AVENUE EAST & HARRISON STREET NORTH,1,1,0,0,1,1,,0,30,0,0,0,0,0,4,2,13
,2019-21487,39.738456,-104.9861385,1/5/2019 18:40,18:40,10,0,0,14TH AVENUE EAST & LINCOLN STREET NORTH,1,3,0,0,1,1,,0,25,0,0,0,0,0,4,2,8
,2019-21488,39.738456,-104.9861385,8/7/2019 16:44,16:44,12,0,1,14TH AVENUE EAST & LINCOLN STREET NORTH,1,1,0,0,1,1,,0,25,0,0,0,0,1,4,2,14
,2019-21489,39.738456,-105.0369885,2/4/2019 15:44,15:44,3,0,0,14TH AVENUE WEST & NEWTON STREET NORTH,1,1,1,0,1,1,,0,25,0,0,0,0,0,4,2,13
,2019-21490,39.738384,-104.9622525,1/3/2019 10:13,10:13,15,0,0,14TH AVENUE EAST & VINE STREET NORTH,1,1,0,0,1,1,,0,25,0,0,0,0,0,4,2,14
,2019-21491,39.73869,-104.88582,11/7/2019 13:10,13:10,3,0,0,14TH AVENUE EAST & XENIA STREET NORTH,1,1,0,0,1,1,,0,30,0,0,0,0,0,4,2,7
,2019-21492,39.738492,-105.050961,1/24/2019 19:26,19:26,3,0,0,14TH AVENUE WEST & YATES STREET NORTH,5,3,0,2,1,1,,0,25,0,0,0,0,0,4,2,14
,2019-21493,39.738366,-104.959818,10/29/2019 8:40,8:40,3,0,1,14TH AVENUE EAST & YORK STREET NORTH,4,1,0,2,1,1,,0,30,0,0,0,0,2,4,3,7
,2019-21494,39.738366,-104.959818,12/21/2019 1:46,1:46,3,0,1,14TH AVENUE EAST & YORK STREET NORTH,1,3,0,0,1,1,,0,30,0,0,0,0,1,4,3,13
,2019-21495,39.745566,-104.995152,3/3/2019 2:30,2:30,3,0,0,15TH STREET & CHAMPA STREET,4,3,0,2,1,1,,0,30,0,0,0,0,0,4,2,13
,2019-21496,39.740895,-104.9889735,5/29/2019 10:49,10:49,15,0,0,15TH STREET & CLEVELAND PLACE,1,1,0,0,1,4,,0,25,0,0,0,0,0,4,2,14
,2019-21497,39.710232,-105.003882,7/19/2019 16:13,16:13,3,0,0,NAVAJO STREET SOUTH & NEVADA PLACE WEST,1,1,0,0,1,1,,0,25,0,0,0,0,0,4,2,3
,2019-21498,39.74625,-104.995971,10/30/2019 15:42,15:42,12,0,0,15TH STREET & CURTIS STREET,4,1,0,0,1,1,,0,25,0,0,0,0,0,4,2,7
,2019-21499,39.752298,-105.0038685,6/11/2019 9:10,9:10,1,0,0,15TH STREET & DELGANY STREET,1,1,0,0,1,1,,0,30,0,0,0,1,0,4,2,13
,2019-2150,39.73515387,-104.9821758,7/26/2019 18:00,18:00,6,0,0,12TH AVENUE EAST & LOGAN STREET NORTH,1,1,0,0,1,4,,0,25,0,0,0,0,0,4,2,13
,2019-21500,39.754323,-105.0065595,4/29/2019 14:55,14:55,12,0,0,15TH STREET & LITTLE RAVEN STREET,1,1,0,0,1,1,,0,30,0,0,0,0,0,4,2,13
,2019-21501,39.754323,-105.0065595,5/21/2019 16:58,16:58,1,0,0,15TH STREET & LITTLE RAVEN STREET,1,1,0,0,1,1,,0,25,0,0,0,0,0,4,2,13
,2019-21502,39.742245,-104.99076,10/26/2019 18:00,18:00,10,0,0,15TH STREET & TREMONT PLACE,1,1,0,0,1,1,,0,30,0,0,0,0,0,4,2,8
,2019-21503,39.741813,-105.0186159,6/23/2019 16:00,16:00,6,0,0,16TH AVENUE & 4400 BLOCK WEST,1,1,0,0,1,4,,0,,0,0,0,0,0,4,2,13
,2019-21505,39.741444,-104.9873715,4/9/2019 7:25,7:25,5,0,0,16TH STREET & BROADWAY STREET NORTH,1,1,0,0,2,1,,0,25,0,0,0,0,0,4,1,13
,2019-21506,39.745188,-104.9921595,12/9/2019 16:15,16:15,6,0,0,16TH STREET & CALIFORNIA STREET,1,1,0,0,1,4,,0,30,0,0,0,0,0,4,2,13
,2019-21507,39.74652,-104.993919,8/7/2019 12:10,12:10,10,0,0,16TH STREET & CHAMPA STREET,2,1,0,0,1,1,,0,25,0,0,0,0,0,4,2,13
,2019-21508,39.747204,-104.994819,6/30/2019 12:07,12:07,5,0,0,16TH STREET & CURTIS STREET,1,1,0,0,3,1,,0,15,0,0,0,0,0,4,1,13
,2019-21509,39.741651,-104.9709195,3/10/2019 9:58,9:58,3,0,0,16TH AVENUE EAST & LAFAYETTE STREET NORTH,1,1,0,0,1,1,,0,25,0,0,0,0,0,4,2,8
,2019-21510,39.741651,-104.9861295,2/8/2019 21:45,21:45,3,0,0,16TH AVENUE EAST & LINCOLN STREET NORTH,2,3,0,0,1,1,,0,35,0,0,0,0,0,4,2,5
,2019-21512,39.741651,-104.972148,11/15/2019 12:23,12:23,10,0,0,16TH AVENUE EAST & MARION STREET NORTH,1,1,0,0,1,1,,0,30,0,0,0,0,0,4,2,8
,2019-21513,39.741651,-104.9799015,9/12/2019 20:30,20:30,3,0,2,16TH AVENUE EAST & PEARL STREET NORTH,1,2,0,0,1,1,,0,25,0,0,0,0,1,4,2,7
,2019-21514,39.741471,-104.903451,6/4/2019 17:20,17:20,3,0,0,16TH AVENUE EAST & QUEBEC STREET NORTH,1,1,0,0,1,1,,0,25,0,0,0,0,0,4,5,7
,2019-21515,39.751461,-104.99796,4/30/2019 18:42,18:42,6,0,0,17TH STREET & BLAKE STREET,1,1,0,0,1,3,,0,30,0,0,0,0,0,4,2,8
,2019-21516,39.743397,-104.9873895,2/8/2019 17:00,17:00,15,0,0,17TH STREET & BROADWAY STREET NORTH,6,2,0,0,1,1,,0,30,0,0,0,0,0,4,2,1
,2019-21517,39.746106,-104.9909715,6/26/2019 15:13,15:13,15,0,0,17TH STREET & CALIFORNIA STREET,1,1,0,0,1,1,,0,30,0,0,0,0,0,4,2,1
,2019-21518,39.743253,-104.976171,1/2/2019 13:41,13:41,1,0,0,17TH AVENUE EAST & EMERSON STREET NORTH,1,1,0,0,1,1,,0,25,0,0,0,0,0,4,2,14
,2019-21520,39.74491563,-104.9868971,1/15/2019 12:10,12:10,6,0,0,17TH AVENUE EAST / 18TH AVENUE ALLEY & EMERSON STREET,1,1,0,0,1,4,,0,25,0,0,0,0,0,4,2,13
,2019-21521,39.743415,-104.95926,10/16/2019 7:52,7:52,3,0,0,17TH AVENUE EAST & JOSEPHINE STREET NORTH,1,2,0,0,1,1,,0,30,0,0,0,0,0,4,3,13
,2019-21522,39.749445,-104.995323,11/12/2019 11:00,11:00,10,0,0,17TH STREET & LAWRENCE STREET,1,1,0,0,1,1,,0,30,0,0,0,0,0,4,2,13
,2019-21523,39.74328,-104.9861115,1/21/2019 20:17,20:17,3,0,0,17TH AVENUE EAST & LINCOLN STREET NORTH,1,3,1,0,1,1,,0,30,0,0,0,0,0,4,2,13
,2019-21524,39.74328,-104.9861115,3/11/2019 18:31,18:31,3,0,0,17TH AVENUE EAST & LINCOLN STREET NORTH,2,1,1,0,1,1,,0,30,0,0,0,0,0,4,3,13
,2019-21525,39.74328,-104.9861115,8/25/2019 10:00,10:00,3,0,0,17TH AVENUE EAST & LINCOLN STREET NORTH,1,3,0,0,1,1,,0,30,0,0,0,0,0,4,2,5
,2019-21527,39.74328,-104.9861115,11/21/2019 14:36,14:36,15,0,0,17TH AVENUE EAST & LINCOLN STREET NORTH,2,1,1,0,1,1,,0,35,0,0,0,0,0,4,2,13