id,drcog_id,latitude,longitude,crashtime,time,crashtype,numbkilled,numbinjurd,drcoglocat,rdconditin,lightngcon,roadcntgrd,weatherco,location,roaddescrp,schoolzone,constrzone,splimit,bikeinv,sctrinv,pedinv,motoinv,svrty,rdsystem,ttlvehcls,hcf
,2019-21528,39.743478,-104.912811,2/11/2019 13:25,13:25,12,0,0,17TH AVENUE EAST & MONACO STREET NORTH,1,1,0,0,1,1,,0,30,0,0,0,0,0,4,2,1
,2019-21529,39.74328,-104.9810985,8/13/2019 18:07,18:07,15,0,1,17TH AVENUE EAST & PENNSYLVANIA STREET NORTH,1,1,0,0,1,1,,0,30,0,0,0,0,1,4,2,8
,2019-21530,39.744081,-104.9882805,3/11/2019 7:35,7:35,3,0,0,17TH STREET & TREMONT PLACE,1,1,0,0,1,1,,0,30,0,0,0,0,0,4,2,13
,2019-21531,39.743766,-104.884668,8/25/2019 13:30,13:30,3,0,0,17TH AVENUE EAST & YOSEMITE STREET NORTH,1,1,0,0,1,1,,0,30,0,0,0,0,0,4,2,1
,2019-21532,39.744846,-104.973399,6/25/2019 12:34,12:34,3,0,0,18TH AVENUE EAST & DOWNING STREET NORTH,1,1,0,0,1,1,,0,30,0,0,0,0,0,4,2,13
,2019-21533,39.74481,-104.983569,6/24/2019 12:30,12:30,3,0,0,18TH AVENUE EAST & GRANT STREET NORTH,1,1,0,0,1,1,,0,30,0,0,0,0,0,4,2,13
,2019-21534,39.74481,-104.9861205,10/11/2019 20:31,20:31,3,0,1,18TH AVENUE EAST & LINCOLN STREET NORTH,1,3,1,0,1,1,,0,35,0,0,0,0,1,4,2,13
,2019-21535,39.744783,-104.9598225,11/12/2019 7:40,7:40,15,0,0,18TH AVENUE EAST & YORK STREET NORTH,1,1,0,0,1,1,,0,30,0,0,0,0,0,4,2,3
,2019-21536,39.75784589,-105.0013491,4/18/2019 7:52,7:52,12,0,0,19TH STREET & 1500 BLOCK,1,1,0,0,1,4,,0,30,0,0,0,0,0,4,2,13
,2019-21537,39.745944,-104.973381,6/23/2019 18:52,18:52,3,0,0,19TH AVENUE EAST & DOWNING STREET NORTH,1,1,0,0,1,1,,0,30,0,0,0,0,0,4,2,8
,2019-21538,39.746178,-104.9765715,11/23/2019 18:54,18:54,8,0,1,19TH AVENUE EAST & PARK AVENUE,1,3,0,0,1,1,,0,30,0,0,0,0,1,4,2,5
,2019-21539,39.718377,-104.9921325,3/10/2019 15:40,15:40,3,0,0,FIRST AVENUE WEST & CHEROKEE STREET NORTH,1,1,0,0,1,1,,0,25,0,0,0,0,0,4,2,13
,2019-21540,39.718197,-104.955831,2/21/2019 15:10,15:10,1,0,0,FIRST AVENUE EAST & CLAYTON LANE NORTH,1,1,0,0,1,1,,0,35,0,0,0,0,0,4,2,13
,2019-21541,39.718161,-105.031251,1/31/2019 17:59,17:59,3,0,0,FIRST AVENUE WEST & JULIAN STREET NORTH,1,2,0,0,1,1,,0,30,0,0,0,0,0,4,3,1
,2019-21542,39.718026,-104.952222,11/22/2019 19:20,19:20,1,0,0,FIRST AVENUE EAST & MILWAUKEE STREET NORTH,1,3,0,0,1,1,,0,30,0,0,0,0,0,4,2,13
,2019-21543,39.718359,-104.9127795,3/11/2019 7:54,7:54,12,0,0,FIRST AVENUE EAST & MONACO STREET NORTH,1,1,0,0,1,1,,0,35,0,0,0,0,0,4,2,13
,2019-21544,39.717819,-104.944932,9/29/2019 12:39,12:39,3,0,0,FIRST AVENUE EAST & MONROE STREET NORTH,1,1,0,0,1,1,,0,25,0,0,0,0,0,4,2,5
,2019-21545,39.75760393,-104.9985579,10/10/2019 11:55,11:55,12,0,0,20TH STREET & 1600 BLOCK,4,1,1,2,1,3,,0,30,0,0,0,0,0,4,2,13
,2019-21546,39.748896,-104.9874525,9/29/2019 10:20,10:20,10,0,0,20TH STREET & BROADWAY STREET NORTH,1,1,0,0,1,1,,0,30,0,0,0,0,0,4,2,13
,2019-21547,39.74751,-104.977557,10/25/2019 13:22,13:22,3,0,0,20TH AVENUE EAST & CLARKSON STREET NORTH,1,1,0,0,1,1,,0,5,0,0,0,0,0,4,2,14
,2019-21548,39.750921,-104.98995,10/11/2019 8:34,8:34,3,0,0,20TH STREET & CURTIS STREET,1,1,0,0,1,1,,0,30,0,0,0,0,0,4,3,13
,2019-21549,39.747942,-104.9861295,9/4/2019 16:52,16:52,3,0,0,20TH STREET & LINCOLN STREET NORTH,1,1,1,0,1,1,,0,30,0,0,0,0,0,4,2,14
,2019-2155,39.667644,-104.9129595,7/6/2019 19:40,19:40,3,0,0,MONACO STREET SOUTH & YALE AVENUE EAST,1,2,0,0,1,1,,0,35,0,0,0,0,0,4,2,13
,2019-21550,39.7618065,-105.0054907,3/29/2019 1:03,1:03,5,0,1,20TH STREET & OSAGE STREET NORTH,2,4,1,1,4,1,,0,30,0,0,0,0,2,4,1,5
,2019-21551,39.748185,-104.98644,5/28/2019 14:50,14:50,12,0,0,20TH STREET & WELTON STREET,1,1,0,0,1,1,,0,25,0,0,0,0,0,4,2,13
,2019-21552,39.748185,-104.98644,6/18/2019 16:31,16:31,10,0,0,20TH STREET & WELTON STREET,1,1,1,0,1,1,,0,30,0,0,0,0,0,4,2,8
,2019-21553,39.748185,-104.98644,9/24/2019 11:00,11:00,3,0,0,20TH STREET & WELTON STREET,1,1,0,0,1,1,,0,25,0,0,0,0,0,4,2,13
,2019-21554,39.752532,-104.989653,2/28/2019 5:56,5:56,3,0,0,21ST STREET & ARAPAHOE STREET,1,3,0,0,1,1,,0,30,0,0,0,0,0,4,2,13
,2019-21555,39.74877,-105.0299415,3/7/2019 8:25,8:25,3,0,1,21ST AVENUE WEST & IRVING STREET NORTH,6,1,0,0,1,1,,0,25,0,0,0,0,1,4,3,3
,2019-21556,39.753891,-104.99139,2/26/2019 15:06,15:06,3,0,2,21ST STREET & LARIMER STREET,1,1,0,0,1,1,,0,35,0,0,0,0,2,4,2,13
,2019-21557,39.752667,-104.98743,6/9/2019 20:25,20:25,12,0,0,22ND STREET & BROADWAY STREET NORTH,1,3,0,0,1,1,,0,30,0,0,0,0,0,4,2,13
,2019-21558,39.752667,-104.98743,6/14/2019 19:22,19:22,15,0,0,22ND STREET & BROADWAY STREET NORTH,1,1,0,0,1,1,,0,25,0,0,0,0,0,4,2,14
,2019-21559,39.754809,-104.9901885,5/3/2019 22:45,22:45,12,0,0,22ND STREET & LARIMER STREET,1,3,0,0,1,1,,0,30,0,0,0,0,0,4,2,13
,2019-2156,39.77957415,-104.9480972,3/30/2019 9:00,9:00,5,0,0,ADAMS STREET 4400 BLOCK NORTH & COOK STREET NORTH,1,1,0,0,3,5,,0,25,0,0,0,0,0,4,1,13
,2019-21560,39.75417,-104.9893335,5/5/2019 23:12,23:12,3,0,2,22ND STREET & LAWRENCE STREET,1,3,0,0,1,1,,0,30,0,0,0,0,1,4,2,7
,2019-21561,39.750723,-104.9733495,6/30/2019 21:53,21:53,14,0,0,23RD AVENUE EAST & DOWNING STREET NORTH,1,3,0,0,1,1,,0,30,0,0,0,0,0,4,2,5
,2019-21563,39.750705,-104.968413,1/22/2019 9:50,9:50,6,0,0,23RD AVENUE EAST & FRANKLIN STREET NORTH,5,1,0,2,1,1,,0,25,0,0,0,0,0,4,3,7
,2019-21564,39.750705,-104.968413,3/12/2019 16:53,16:53,3,0,1,23RD AVENUE EAST & FRANKLIN STREET NORTH,1,1,0,0,1,1,,0,25,0,0,0,0,1,4,2,1
,2019-21565,39.750714,-104.9634315,5/24/2019 8:02,8:02,12,0,0,23RD AVENUE EAST & RACE STREET NORTH,1,1,0,0,1,1,,0,25,0,0,0,0,0,4,2,14
,2019-21566,39.750705,-104.9659425,7/9/2019 11:30,11:30,3,0,0,23RD AVENUE EAST & WILLIAMS STREET NORTH,1,1,0,0,1,1,,0,25,0,0,0,0,0,4,2,8
,2019-21567,39.756681,-104.98779,3/16/2019 16:32,16:32,3,0,0,24TH STREET & LARIMER STREET,1,1,0,0,1,1,,0,25,0,0,0,0,0,4,2,13
,2019-21568,39.753594,-105.0204915,4/18/2019 15:49,15:49,1,0,0,25TH AVENUE WEST & CLAY STREET NORTH,1,1,1,0,1,1,,0,30,0,0,0,0,0,4,3,13
,2019-21569,39.753216,-104.9598,2/22/2019 18:10,18:10,15,0,0,25TH AVENUE EAST & YORK STREET NORTH,4,3,0,2,1,1,,0,45,0,0,0,0,0,4,3,13
,2019-2157,39.786219,-104.8469715,11/10/2019 18:56,18:56,15,0,0,PEORIA STREET NORTH & ANDREWS DRIVE EAST,1,1,0,0,1,1,,0,40,0,0,0,0,0,4,2,5
,2019-21570,39.754818,-105.0205095,11/30/2019 17:11,17:11,3,0,1,26TH AVENUE WEST & CLAY STREET NORTH,5,3,0,0,1,1,,0,25,0,0,0,0,1,4,2,3
,2019-21571,39.75444,-104.949909,9/5/2019 12:00,12:00,15,0,0,26TH AVENUE EAST & STEELE STREET NORTH,1,1,0,0,1,1,,0,30,0,0,0,0,0,4,2,1
,2019-21572,39.755196,-104.9809815,6/9/2019 6:47,6:47,3,0,0,26TH STREET & STOUT STREET,1,1,0,0,1,1,,0,25,0,0,0,0,0,4,2,13
,2019-21573,39.756384,-104.977692,4/3/2019 15:00,15:00,3,0,3,28TH STREET & CALIFORNIA STREET,1,1,0,0,1,1,,0,30,0,0,0,0,2,4,2,8
,2019-21574,39.757896,-104.890689,10/31/2019 18:17,18:17,3,0,0,29TH AVENUE EAST & CENTRAL PARK BOULEVARD NORTH,5,3,0,0,1,1,,0,25,0,0,0,0,0,4,2,13
,2019-21575,39.758463,-105.0220485,8/5/2019 14:33,14:33,10,0,0,29TH AVENUE WEST & DECATUR STREET NORTH,1,1,0,0,1,1,,0,30,0,0,0,0,0,4,2,13
,2019-21576,39.758418,-104.996151,5/28/2019 0:38,0:38,3,0,0,29TH AVENUE WEST & DELGANY STREET,2,3,0,1,1,1,,0,25,0,0,0,0,0,4,5,5
,2019-21577,39.758247,-104.9683815,5/8/2019 16:47,16:47,3,0,0,29TH AVENUE EAST & FRANKLIN STREET NORTH,2,1,0,1,1,1,,0,30,0,0,0,0,0,4,2,13
,2019-21578,39.758238,-104.97213,4/25/2019 17:20,17:20,1,0,0,29TH AVENUE EAST & MARION STREET NORTH,1,1,0,0,1,1,,0,30,0,0,0,0,0,4,2,1
,2019-21579,39.757986,-104.903451,2/9/2019 13:33,13:33,12,0,0,29TH AVENUE EAST & QUEBEC STREET NORTH,1,1,0,0,1,3,,0,20,0,0,0,0,0,4,2,13
,2019-2158,39.7819399,-104.9541185,8/6/2019 13:00,13:00,6,0,0,CLAYTON STREET NORTH & 47TH AVENUE EAST,1,1,0,0,1,4,,0,25,0,0,0,0,0,4,2,13
,2019-21580,39.758409,-105.015879,9/15/2019 19:45,19:45,3,0,0,29TH AVENUE WEST & ZUNI STREET NORTH,1,2,0,0,1,1,,0,35,0,0,0,0,0,4,2,13
,2019-21581,39.71939947,-105.0006235,10/14/2019 10:40,10:40,12,0,0,SECOND AVENUE WEST & 2900 BLOCK WEST,1,1,0,0,1,4,,0,25,0,0,0,0,0,4,2,3
,2019-21582,39.719745,-105.0324705,2/13/2019 9:35,9:35,3,0,0,SECOND AVENUE WEST & KNOX COURT NORTH,2,1,0,0,1,1,,0,25,0,0,0,0,0,4,2,3
,2019-21583,39.758274,-104.975262,4/4/2019 16:43,16:43,3,0,0,30TH STREET & CALIFORNIA STREET,1,1,0,0,1,1,,0,30,0,0,0,0,0,4,2,14
,2019-21585,39.767058,-104.9843205,11/5/2019 13:58,13:58,3,0,0,31ST STREET & ARKINS COURT,1,1,0,0,1,1,,0,25,0,0,0,0,0,4,2,13
,2019-21586,39.760794,-105.0144705,12/1/2019 22:33,22:33,3,0,0,31ST AVENUE WEST & WYANDOT STREET NORTH,5,3,0,0,1,1,,0,,0,0,0,0,0,4,4,13
,2019-21587,39.761496,-104.974641,10/19/2019 11:29,11:29,12,0,0,32ND STREET & CHAMPA STREET,1,1,0,0,1,1,,0,25,0,0,0,0,0,4,2,8
,2019-21588,39.762108,-105.0393015,9/20/2019 7:34,7:34,3,0,0,32ND AVENUE WEST & PERRY STREET NORTH,2,1,1,0,1,1,,0,30,0,0,0,0,0,4,2,13
,2019-21589,39.763242,-104.9647095,9/1/2019 20:58,20:58,3,0,0,33RD AVENUE EAST & HIGH STREET NORTH,1,2,0,0,1,3,,0,30,0,0,0,0,0,4,2,13
,2019-21590,39.766284,-104.9736285,8/21/2019 17:18,17:18,3,0,0,35TH STREET & LAWRENCE STREET,1,1,0,0,1,1,,0,25,0,0,0,0,0,4,2,1
,2019-21591,39.783789,-104.9222295,4/15/2019 16:00,16:00,3,0,0,48TH AVENUE EAST & HOLLY STREET NORTH,1,1,0,0,1,1,,0,35,0,0,0,0,0,4,2,13
,2019-21592,39.765708,-104.9462415,7/14/2019 14:39,14:39,3,0,0,35TH AVENUE EAST & MADISON STREET NORTH,1,1,0,0,1,1,,0,25,0,0,0,0,0,4,2,3
,2019-21593,39.767445,-104.905809,1/22/2019 6:08,6:08,1,0,0,36TH AVENUE EAST & PONTIAC STREET NORTH,5,3,0,2,1,1,,0,25,0,0,0,0,0,4,2,13
,2019-21594,39.76927851,-105.0191541,12/6/2019 9:45,9:45,5,0,0,38TH AVENUE & 2432 WEST,5,1,0,0,3,4,,0,35,0,0,0,0,0,4,1,7
,2019-21595,39.772971,-104.975442,10/13/2019 12:20,12:20,15,0,0,38TH STREET & BRIGHTON BOULEVARD NORTH,1,1,0,0,1,1,,0,30,0,0,0,0,0,4,2,13
,2019-21596,39.772971,-104.975442,10/31/2019 8:55,8:55,3,0,0,38TH STREET & BRIGHTON BOULEVARD NORTH,1,1,1,0,1,1,,0,30,0,0,0,0,0,4,2,13
,2019-21597,39.769182,-104.9428485,9/5/2019 17:31,17:31,3,0,0,38TH AVENUE EAST & JACKSON STREET NORTH,1,1,0,1,1,1,,0,25,0,0,0,0,0,4,2,8
,2019-21598,39.769281,-105.00057,8/6/2019 7:50,7:50,3,0,0,38TH AVENUE WEST & KALAMATH STREET NORTH,1,1,0,0,1,1,,0,25,0,0,0,0,0,4,2,13
,2019-21599,39.769281,-104.912712,5/1/2019 16:43,16:43,10,0,0,38TH AVENUE EAST & MONACO STREET NORTH,2,1,0,1,1,1,,0,30,0,0,0,0,0,4,2,1
,2019-2160,39.69382531,-104.9734133,8/16/2019 12:22,12:22,6,0,0,DOWNING STREET SOUTH & LOUISIANA AVENUE EAST,1,1,0,0,1,4,,0,30,0,0,0,0,0,4,2,13
,2019-21600,39.769281,-105.008031,10/30/2019 6:55,6:55,12,0,1,38TH AVENUE WEST & QUIVAS STREET NORTH,5,3,1,0,1,1,,0,35,0,0,0,0,1,4,3,13
,2019-21601,39.769362,-104.9007915,2/17/2019 11:30,11:30,3,0,0,38TH AVENUE EAST & ROSLYN STREET NORTH,1,1,0,0,1,1,,0,25,0,0,0,0,0,4,2,12
,2019-21602,39.773061,-104.973552,7/24/2019 17:40,17:40,3,0,0,39TH STREET & WYNKOOP STREET,1,1,0,0,1,1,,0,25,0,0,0,0,0,4,2,13
,2019-21603,39.770514,-105.015861,5/28/2019 16:24,16:24,3,0,2,39TH AVENUE WEST & ZUNI STREET NORTH,1,1,0,0,1,1,,0,25,0,0,0,0,1,4,2,13
,2019-21604,39.720906,-104.99517,7/9/2019 8:30,8:30,3,0,0,THIRD AVENUE WEST & FOX STREET NORTH,1,1,0,0,1,1,,0,25,0,0,0,0,0,4,2,1
,2019-21605,39.720933,-104.9837985,2/28/2019 17:45,17:45,3,0,0,THIRD AVENUE EAST & GRANT STREET NORTH,1,2,0,0,1,1,,0,25,0,0,0,0,0,4,2,13
,2019-21606,39.720987,-104.95944,1/28/2019 15:26,15:26,12,0,1,THIRD AVENUE EAST & UNIVERSITY BOULEVARD NORTH,6,1,0,2,1,4,,0,30,0,0,0,0,1,4,2,13
,2019-21607,39.772863,-104.8658895,11/13/2019 11:10,11:10,10,0,0,40TH AVENUE EAST & HAVANA STREET NORTH,1,1,0,0,1,1,,0,30,0,0,0,0,0,4,2,13
,2019-21608,39.772863,-104.8658895,11/20/2019 16:35,16:35,1,0,0,40TH AVENUE EAST & HAVANA STREET NORTH,2,3,0,1,1,1,,0,35,0,0,0,0,0,4,2,14
,2019-21609,39.772863,-104.8658895,12/17/2019 16:39,16:39,3,0,0,40TH AVENUE EAST & HAVANA STREET NORTH,1,3,0,0,1,1,,0,35,0,0,0,0,0,4,2,14
,2019-2161,39.61866272,-105.0607465,9/10/2019 6:33,6:33,5,0,1,JAY CIRCLE SOUTH & PRENTICE CIRCLE WEST,1,1,0,0,3,4,,0,25,0,0,0,0,2,4,1,13
,2019-21610,39.77073,-104.753493,1/22/2019 4:59,4:59,12,0,0,40TH AVENUE EAST & HIMALAYA ROAD NORTH,4,3,0,2,1,1,,0,35,0,0,0,0,0,4,2,13
,2019-21611,39.775113,-104.73768,8/11/2019 1:35,1:35,6,0,1,42ND AVENUE EAST & ORLEANS COURT NORTH,1,3,0,0,1,1,,0,25,0,0,0,0,2,4,2,5
,2019-21612,39.775347,-105.0204915,1/25/2019 9:39,9:39,3,0,0,43RD AVENUE WEST & CLAY STREET NORTH,5,1,0,2,1,1,,0,,0,0,0,0,0,4,2,14
,2019-21613,39.776679,-105.029901,8/5/2019 21:34,21:34,1,0,0,44TH AVENUE WEST & IRVING STREET NORTH,1,3,0,0,1,1,,0,30,0,0,0,0,0,4,2,8
,2019-21614,39.777669,-104.95827,5/20/2019 8:29,8:29,3,0,0,44TH AVENUE EAST & JOSEPHINE STREET NORTH,2,1,0,1,1,1,,0,25,0,0,0,0,0,4,2,13
,2019-21615,39.77876341,-104.8704672,9/16/2019 7:29,7:29,6,0,0,45TH AVENUE EAST & 19000 BLOCK EAST,1,1,0,0,1,4,,0,25,0,0,0,0,0,4,3,7
,2019-21616,39.778326,-104.9858595,9/15/2019 0:01,0:01,3,0,0,45TH AVENUE EAST & LINCOLN STREET NORTH,1,3,0,0,1,1,,0,25,0,0,0,0,0,4,2,13
,2019-21617,39.782277,-104.8613085,4/18/2019 15:00,15:00,3,0,0,47TH AVENUE EAST & JOLIET STREET NORTH,1,1,0,0,1,1,,0,30,0,0,0,0,0,4,2,13
,2019-21618,39.782367,-104.858991,9/2/2019 12:13,12:13,3,0,0,47TH AVENUE EAST & KINGSTON STREET NORTH,1,1,0,0,1,1,,0,35,0,0,0,0,0,4,2,13
,2019-21619,39.783771,-104.927022,6/6/2019 12:24,12:24,3,0,0,48TH AVENUE EAST & FORREST STREET NORTH,1,1,0,0,1,1,,0,25,0,0,0,0,0,4,2,7
,2019-2162,39.75695779,-104.9317182,8/10/2019 4:17,4:17,6,0,0,DAHLIA STREET NORTH & 28TH AVENUE EAST,1,4,0,0,1,4,,0,25,0,0,0,0,0,4,2,5
,2019-21620,39.722544,-104.9862825,2/5/2019 15:20,15:20,1,0,0,FOURTH AVENUE EAST & LINCOLN STREET NORTH,1,1,0,0,1,1,,0,25,0,0,0,0,0,4,2,13
,2019-21621,39.722544,-104.9862825,5/4/2019 13:30,13:30,3,0,0,FOURTH AVENUE EAST & LINCOLN STREET NORTH,1,1,0,0,1,1,,0,25,0,0,0,0,0,4,2,13
,2019-21622,39.787434,-105.034563,2/22/2019 7:10,7:10,3,0,0,50TH AVENUE WEST & LOWELL BOULEVARD NORTH,1,1,0,0,1,1,,0,35,0,0,0,0,0,4,2,14
,2019-21623,39.787407,-105.0181515,11/5/2019 15:51,15:51,3,0,1,50TH AVENUE WEST & M BEACH COURT,1,1,0,0,1,1,,0,25,0,0,0,0,1,4,2,13
,2019-21624,39.790107,-104.866029,8/25/2019 17:50,17:50,15,0,0,51ST AVENUE EAST & HAVANA STREET NORTH,1,1,0,0,1,1,,0,35,0,0,0,0,0,4,2,13
,2019-21625,39.788982,-104.9782815,6/14/2019 16:29,16:29,3,0,1,51ST AVENUE EAST & WASHINGTON STREET NORTH,1,1,0,0,1,1,,0,25,0,0,0,0,2,4,2,13
,2019-21626,39.793122,-104.861358,1/25/2019 14:10,14:10,15,0,0,53RD AVENUE EAST & JOLIET STREET NORTH,2,1,0,0,1,1,,0,30,0,0,0,0,0,4,2,1
,2019-21627,39.794553,-104.86602,2/14/2019 17:50,17:50,1,0,1,54TH AVENUE EAST & HAVANA STREET NORTH,1,3,0,0,1,1,,0,40,0,0,0,0,1,4,2,13
,2019-21628,39.794553,-104.86602,8/22/2019 17:25,17:25,3,0,0,54TH AVENUE EAST & HAVANA STREET NORTH,1,1,0,0,1,1,,0,25,0,0,0,0,0,4,2,13
,2019-21629,39.79422,-104.847219,6/6/2019 17:18,17:18,3,0,0,54TH AVENUE EAST & PEORIA STREET NORTH,1,1,0,0,1,1,,0,25,0,0,0,0,0,4,2,1
,2019-21630,39.79630574,-104.7376542,3/5/2019 7:30,7:30,12,0,0,55TH AVENUE & 15180 EAST,6,1,0,0,1,2,,0,25,0,0,0,0,0,4,2,14
,2019-21631,39.798297,-104.88447,4/2/2019 8:05,8:05,3,0,0,56TH AVENUE EAST & CENTRAL PARK NORTH,1,1,0,0,1,1,,0,45,0,0,0,0,0,4,2,13
,2019-21632,39.798297,-104.88447,6/13/2019 21:48,21:48,3,0,0,56TH AVENUE EAST & CENTRAL PARK BOULEVARD NORTH,1,3,0,0,1,1,,0,45,0,0,0,0,0,4,2,3
,2019-21633,39.79845,-104.762772,3/6/2019 5:24,5:24,1,0,1,56TH AVENUE EAST & DUNKIRK STREET NORTH,1,3,0,0,1,1,,0,35,0,0,0,0,2,4,2,2
,2019-21634,39.798396,-104.7873105,8/4/2019 8:26,8:26,1,0,1,56TH AVENUE EAST & PENA BOULEVARD,1,1,0,0,1,1,,0,35,0,0,0,0,1,4,2,13
,2019-21635,39.79818,-104.8450185,8/6/2019 7:50,7:50,12,0,0,56TH AVENUE EAST & QUENTIN STREET NORTH,1,1,0,0,1,1,,0,40,0,0,0,0,0,4,2,2
,2019-21636,39.798171,-104.84235,8/23/2019 15:52,15:52,3,0,1,56TH AVENUE EAST & REVERE STREET NORTH,1,1,0,0,1,1,,0,40,0,0,0,0,2,4,2,13
,2019-21637,39.798108,-104.835609,2/7/2019 0:28,0:28,5,0,1,56TH AVENUE EAST & UVALDA STREET NORTH,4,3,0,2,2,1,,0,45,0,0,0,0,1,4,1,13
,2019-21638,39.798108,-104.835609,4/14/2019 14:50,14:50,3,0,0,56TH AVENUE EAST & UVALDA STREET NORTH,1,1,0,0,1,1,,0,25,0,0,0,0,0,4,2,1
,2019-21639,39.78216001,-105.0369396,3/18/2019 8:40,8:40,3,0,0,65TH AVENUE WEST & NEWTON STREET NORTH,1,1,0,0,1,1,,0,25,0,0,0,0,0,4,2,13
,2019-21640,39.820077,-104.7720735,11/12/2019 9:25,9:25,10,0,0,68TH AVENUE EAST & TOWER ROAD NORTH,1,1,0,0,1,1,,0,40,0,0,0,0,0,4,2,13
,2019-21641,39.72564,-105.000831,3/30/2019 7:40,7:40,5,0,1,SIXTH AVENUE WEST & 1100 WEST SIXTH AVENUE,5,1,1,2,2,4,,0,45,0,0,0,0,1,4,2,13
,2019-21642,39.81296965,-104.866489,6/11/2019 6:02,6:02,5,0,1,SIXTH AVENUE & 2400 BLOCK EAST,1,2,0,0,2,4,,0,30,0,0,0,0,2,4,1,1
,2019-21643,39.81296965,-104.866489,5/7/2019 9:00,9:00,15,0,0,SIXTH AVENUE & 600 BLOCK WEST,1,1,0,0,1,4,,0,30,0,0,0,0,0,4,2,3
,2019-21644,39.81296965,-104.866489,3/11/2019 11:35,11:35,12,0,0,SIXTH AVENUE 1500 BLOCK WEST & SIXTH AVENUE EASTBOUND EXIT GORE POINT TO OSAGE STREET NORTH,1,1,0,0,1,4,,0,45,0,0,0,0,0,4,2,3
,2019-21645,39.725658,-104.989158,4/17/2019 10:55,10:55,12,0,0,SIXTH AVENUE WEST & ACOMA STREET NORTH,1,1,0,0,1,3,,0,35,0,0,0,0,0,4,2,14
,2019-21646,39.72564,-104.9874435,9/29/2019 12:47,12:47,10,0,0,SIXTH AVENUE EAST  & BROADWAY STREET NORTH,1,1,0,1,1,1,,0,30,0,0,0,0,0,4,2,13
,2019-21647,39.725658,-104.9863095,3/30/2019 8:46,8:46,3,0,1,SIXTH AVENUE EAST & LINCOLN STREET NORTH,2,1,1,0,1,1,,0,30,0,0,0,0,1,4,2,13
,2019-21648,39.725649,-104.912811,2/10/2019 13:40,13:40,3,0,0,SIXTH AVENUE EAST & MONACO STREET NORTH,1,1,0,0,1,1,,0,35,0,0,0,0,0,4,2,13
,2019-21649,39.725658,-104.9863095,3/8/2019 12:46,12:46,15,0,0,SIXTH AVENUE EAST & SPEER BOULEVARD EAST,1,1,0,0,1,3,,0,35,0,0,0,0,0,4,2,13
,2019-2165,39.73711492,-105.0322476,9/14/2019 13:31,13:31,6,0,1,KNOX COURT NORTH & 13TH AVENUE WEST,1,1,1,0,1,4,,0,30,0,0,0,0,2,4,3,5
,2019-21650,39.725658,-104.9863095,10/15/2019 17:00,17:00,12,0,0,SIXTH AVENUE EAST & SPEER BOULEVARD NORTH,1,1,0,0,1,3,,0,30,0,0,0,0,0,4,2,3
,2019-21651,39.725658,-104.9863095,10/24/2019 9:26,9:26,15,0,0,SIXTH AVENUE EAST  & SPEER BOULEVARD EAST,2,1,0,0,1,1,,0,30,0,0,0,0,0,4,2,13
,2019-21652,39.831858,-104.69295,10/5/2019 10:55,10:55,15,0,0,75TH AVENUE EAST & JACKSON GAP STREET NORTH,1,1,0,0,1,1,,0,45,0,0,0,0,0,4,2,8
,2019-21653,39.837546,-104.719581,1/30/2019 7:35,7:35,3,0,0,78TH AVENUE & 77TH AVENUE EAST,1,1,1,0,1,1,,0,45,0,0,0,0,0,4,2,8
,2019-21654,39.838032,-104.7097305,6/12/2019 22:48,22:48,3,0,0,78TH AVENUE EAST & CALAWABA STREET,1,3,0,0,1,1,,0,45,0,0,0,0,0,4,2,13
,2019-21655,39.727287,-104.9835915,4/25/2019 15:43,15:43,3,0,1,SEVENTH AVENUE EAST & GRANT STREET NORTH,1,1,0,0,1,1,,0,25,0,0,0,0,1,4,2,1
,2019-21656,39.727107,-104.959062,1/28/2019 10:40,10:40,3,0,0,SEVENTH AVENUE EAST & JOSEPHINE STREET NORTH,4,1,1,2,1,1,,0,30,0,0,0,0,0,4,2,8
,2019-21657,39.727323,-105.0002235,3/22/2019 20:39,20:39,3,0,0,SEVENTH AVENUE WEST & KALAMATH STREET NORTH,2,3,0,1,1,1,,0,35,0,0,0,0,0,4,2,13
,2019-21658,39.729114,-104.988852,2/27/2019 9:33,9:33,12,0,0,EIGHTH AVENUE WEST & ACOMA STREET NORTH,1,1,0,0,1,1,,0,25,0,0,0,0,0,4,2,14
,2019-21659,39.729114,-104.988852,8/21/2019 11:48,11:48,3,0,0,EIGHTH AVENUE WEST & ACOMA STREET NORTH,1,1,0,0,1,1,,0,25,0,0,0,0,0,4,2,13
,2019-21660,39.729123,-104.9418495,2/18/2019 10:29,10:29,10,0,0,EIGHTH AVENUE EAST & HARRISON STREET NORTH,2,1,0,2,1,1,,0,30,0,0,0,0,0,4,2,8
,2019-21661,39.729123,-104.9418495,3/9/2019 10:20,10:20,10,0,0,EIGHTH AVENUE EAST & HARRISON STREET,1,1,0,0,1,1,,0,30,0,0,0,0,0,4,2,7