id,drcog_id,latitude,longitude,crashtime,time,crashtype,numbkilled,numbinjurd,drcoglocat,rdconditin,lightngcon,roadcntgrd,weatherco,location,roaddescrp,schoolzone,constrzone,splimit,bikeinv,sctrinv,pedinv,motoinv,svrty,rdsystem,ttlvehcls,hcf
,2019-21662,39.728952,-105.000183,5/28/2019 17:00,17:00,10,0,0,EIGHTH AVENUE WEST & KALAMATH STREET NORTH,1,1,0,0,1,1,,0,30,0,0,0,0,0,4,2,1
,2019-21663,39.729087,-104.986152,7/7/2019 12:30,12:30,10,0,0,EIGHTH AVENUE EAST & LINCOLN STREET NORTH,1,1,0,0,1,1,,0,30,0,0,0,0,0,4,2,13
,2019-21664,39.729087,-104.986152,9/19/2019 16:18,16:18,3,0,1,EIGHTH AVENUE EAST & LINCOLN STREET NORTH,1,1,0,0,1,1,,0,30,0,0,0,1,1,4,2,8
,2019-21665,39.729078,-104.982399,5/13/2019 14:45,14:45,12,0,0,EIGHTH AVENUE EAST & LOGAN STREET NORTH,1,1,0,0,1,1,,0,30,0,0,0,0,0,4,2,14
,2019-21666,39.729276,-104.912811,4/20/2019 10:30,10:30,12,0,1,EIGHTH AVENUE EAST & MONACO STREET NORTH,1,1,0,0,1,1,,0,30,0,0,0,0,1,4,2,14
,2019-21667,39.728943,-104.9906115,1/24/2019 15:12,15:12,3,0,0,EIGHTH AVENUE WEST & SPEER BOULEVARD NORTH,2,1,1,0,1,1,,0,30,0,0,0,0,0,4,2,13
,2019-21668,39.728943,-104.9906115,3/1/2019 4:25,4:25,3,0,2,EIGHTH AVENUE WEST & SPEER BOULEVARD NORTH,1,3,1,0,1,1,,0,35,0,0,0,0,1,4,2,8
,2019-21670,39.728583,-104.887332,12/10/2019 7:51,7:51,3,0,0,EIGHTH AVENUE EAST & YOSEMITE STREET NORTH,1,1,1,0,1,1,,0,35,0,0,0,0,0,4,2,7
,2019-21671,39.729321,-105.0159285,4/15/2019 7:51,7:51,12,0,1,EIGHTH AVENUE WEST & ZUNI STREET NORTH,1,1,0,0,1,3,,0,30,0,0,0,0,1,4,3,1
,2019-21672,39.736746,-104.948379,1/4/2019 22:08,22:08,3,0,0,ADAMS STREET NORTH & 13TH AVENUE EAST,1,3,0,0,1,1,,0,35,0,0,0,0,0,4,2,13
,2019-21673,39.772908,-104.9486715,6/10/2019 13:00,13:00,6,0,0,ADAMS STREET NORTH & 241 NORTH ADAMS STREET,1,1,0,0,1,5,,0,10,0,0,0,0,0,4,2,13
,2019-21674,39.76584263,-104.948711,5/22/2019 12:36,12:36,12,0,1,ADAMS STREET NORTH & 3800 BLOCK NORTH,1,1,0,0,1,2,,0,25,0,0,0,0,1,4,2,13
,2019-21675,39.711168,-104.99238,11/5/2019 15:40,15:40,1,0,0,ALAMEDA AVENUE WEST & CHEROKEE STREET SOUTH,1,1,0,0,1,1,,0,30,0,0,0,0,0,4,2,3
,2019-21676,39.71115,-104.984019,8/7/2019 18:10,18:10,3,0,0,ALAMEDA AVENUE EAST  & GRANT STREET SOUTH,1,1,0,0,1,1,,0,25,0,0,0,0,0,4,2,14
,2019-21677,39.711447,-104.944968,5/12/2019 10:06,10:06,12,0,0,ALAMEDA AVENUE EAST 3600 BLOCK & MONROE STREET SOUTH,1,1,0,0,1,4,,0,35,0,0,0,0,0,4,2,13
,2019-21678,39.711348,-104.9035005,11/23/2019 20:40,20:40,1,0,0,ALAMEDA AVENUE EAST & QUEBEC STREET SOUTH,1,3,0,0,1,1,,0,35,0,0,0,0,0,4,2,13
,2019-21679,39.711123,-104.964012,11/5/2019 19:00,19:00,12,0,0,ALAMEDA AVENUE EAST & RACE STREET SOUTH,1,3,0,0,1,3,,0,25,0,0,0,0,0,4,3,3
,2019-2168,39.8361335,-104.7718928,9/25/2019 2:45,2:45,15,0,0,PENA BOULEVARD & TOWER ROAD NORTH,1,3,0,0,1,4,,0,55,0,0,0,0,0,4,2,13
,2019-21680,39.711186,-104.997132,6/11/2019 19:10,19:10,12,0,0,ALAMEDA AVENUE EAST  & SANTA FE DRIVE SOUTH,1,1,0,0,1,1,,0,30,0,0,0,0,0,4,2,13
,2019-21681,39.781539,-104.8422735,10/1/2019 15:06,15:06,3,0,1,ALBROOK DRIVE EAST & TULSA COURT NORTH,1,1,0,0,1,1,,0,25,0,0,0,0,1,4,2,13
,2019-21682,39.78618267,-104.8363124,11/9/2019 15:05,15:05,3,0,0,ANDREWS DRIVE EAST & 15400 BLOCK,1,1,0,0,1,2,,0,15,0,0,0,0,0,4,2,13
,2019-21683,39.710295,-105.0445035,5/20/2019 21:36,21:36,12,0,0,NEVADA PLACE WEST & 4390 WEST NEVADA PLACE,4,3,0,2,1,2,,0,25,0,0,0,0,0,4,2,1
,2019-21684,39.773691,-104.8081275,8/24/2019 22:50,22:50,3,0,0,ANDREWS DRIVE EAST & 15470 EAST ANDREWS DRIVE,1,3,0,0,1,2,,0,25,0,0,0,0,0,4,2,1
,2019-21685,39.775032,-104.810688,3/25/2019 11:00,11:00,12,0,0,ANDREWS DRIVE EAST & GRANBY WAY NORTH,1,1,0,0,1,1,,0,25,0,0,0,0,0,4,2,14
,2019-21686,39.775032,-104.810688,2/8/2019 7:40,7:40,3,0,2,ANDREWS DRIVE EAST & GRANDBY WAY NORTH,11,1,0,2,1,2,,0,35,0,0,0,0,1,4,2,13
,2019-21687,39.694914,-105.026319,6/25/2019 20:10,20:10,3,0,0,ARIZONA AVENUE WEST & GROVE STREET SOUTH,1,3,0,0,1,1,,0,25,0,0,0,0,0,4,2,13
,2019-21688,39.680316,-104.9888115,1/29/2019 8:08,8:08,3,0,0,ASBURY AVENUE WEST & ACOMA STREET SOUTH,5,1,0,0,1,1,,0,,0,0,0,0,0,4,2,13
,2019-21689,39.680244,-104.9593995,2/5/2019 21:40,21:40,12,0,0,ASBURY AVENUE EAST & UNIVERSITY BOULEVARD SOUTH,1,2,0,0,1,1,,0,35,0,0,0,0,0,4,2,5
,2019-2169,39.73916933,-105.0393137,7/1/2019 3:17,3:17,5,0,1,PERRY STREET NORTH & 14TH AVENUE WEST,1,3,0,0,3,4,,0,25,0,0,0,0,1,4,2,14
,2019-21690,39.63370885,-105.0895794,1/31/2019 16:49,16:49,5,0,0,BALSAM WAY & 4800 BLOCK SOUTH,1,1,0,0,3,4,,0,25,0,0,0,0,0,4,1,3
,2019-21691,39.725658,-104.990868,11/22/2019 6:24,6:24,12,0,0,BANNOCK STREET NORTH & SIXTH AVENUE WEST,5,1,0,2,1,1,,0,25,0,0,0,0,0,4,4,13
,2019-21692,39.714813,-105.0109515,7/19/2019 14:31,14:31,10,0,0,BAYAUD AVENUE WEST & TEJON STREET SOUTH,1,1,0,0,1,1,,0,25,0,0,0,0,0,4,2,1
,2019-21693,39.729717,-104.991219,9/29/2019 8:30,8:30,3,0,0,BANNOCK STREET NORTH & SPEER BOULEVARD NORTH,1,1,0,0,1,1,,0,35,0,0,0,0,0,4,2,13
,2019-21694,39.714966,-105.0349005,10/29/2019 9:00,9:00,3,0,1,BAYAUD AVENUE WEST & LOWELL BOULEVARD SOUTH,4,1,0,2,1,1,,0,25,0,0,0,0,1,4,2,7
,2019-21695,39.714732,-104.9803515,7/24/2019 17:35,17:35,14,0,0,BAYAUD AVENUE EAST & PEARL STREET SOUTH,1,1,0,0,1,1,,0,25,0,0,0,0,0,4,2,13
,2019-21697,39.624219,-104.889852,4/21/2019 11:40,11:40,3,0,0,BELLEVIEW AVENUE EAST & DTC BOULEVARD,1,1,1,0,1,1,,0,35,0,0,0,0,0,4,2,1
,2019-21698,39.624219,-104.889852,6/14/2019 9:36,9:36,1,0,2,BELLEVIEW AVENUE EAST & DTC BOULEVARD,1,1,0,0,1,1,,0,40,0,0,0,0,1,4,2,13
,2019-21699,39.624219,-104.889852,7/5/2019 7:17,7:17,12,0,0,BELLEVIEW AVENUE EAST & DTC BOULEVARD,1,1,0,0,1,1,,0,35,0,0,0,0,0,4,2,13
,2019-21700,39.763296,-104.982966,7/28/2019 14:01,14:01,6,0,0,BLAKE STREET & 2901 BLAKE STREET,1,1,0,0,1,4,,0,30,0,0,0,0,0,4,3,14
,2019-21701,39.747348,-104.98743,4/3/2019 11:27,11:27,12,0,1,BORADWAY STREET NORTH & WELTON STREET,1,1,0,0,1,1,,0,30,0,0,0,0,1,4,3,14
,2019-21702,39.79998,-104.8796505,1/4/2019 15:00,15:00,1,0,0,BOSTON COURT NORTH & 57TH AVENUE EAST,1,1,0,0,1,1,,0,25,0,0,0,0,0,4,2,13
,2019-21703,39.77213302,-104.9765361,2/17/2019 19:20,19:20,15,0,0,BRIGHTON BOULEVARD & 3000 BLOCK,4,3,0,2,1,4,,0,35,0,0,0,0,0,4,2,5
,2019-21704,39.733839,-104.9873895,7/4/2019 8:37,8:37,10,0,0,BROADWAY STREET NORTH & 11TH AVENUE EAST,1,1,0,0,1,1,,0,30,0,0,0,0,0,4,2,14
,2019-21705,39.733839,-104.9873895,8/11/2019 23:30,23:30,10,0,0,BROADWAY STREET NORTH & 11TH AVENUE EAST,1,3,0,0,1,1,,0,30,0,0,0,0,0,4,2,10
,2019-21706,39.738429,-104.9873895,7/12/2019 12:00,12:00,10,0,0,BROADWAY STREET NORTH & 14TH AVENUE EAST,1,1,0,0,1,1,,0,35,0,0,0,0,0,4,2,13
,2019-21707,39.744855,-104.9873895,9/25/2019 12:57,12:57,3,0,0,BROADWAY STREET NORTH & 18TH AVENUE EAST,1,1,0,0,1,1,,0,30,0,0,0,0,0,4,2,13
,2019-21708,39.744855,-104.9873895,10/29/2019 14:20,14:20,3,0,0,BROADWAY STREET NORTH & 18TH AVENUE EAST,4,1,1,2,1,1,,0,25,0,0,0,0,0,4,2,13
,2019-21709,39.752667,-104.98743,7/19/2019 22:15,22:15,15,0,0,BROADWAY STREET NORTH & 22ND STREET,1,3,0,0,1,1,,0,35,0,0,0,0,0,4,2,13
,2019-21710,39.7422,-104.9873715,5/7/2019 9:30,9:30,12,0,1,BROADWAY STREET NORTH & CLEVELAND PLACE,1,1,0,0,1,1,,0,35,0,0,0,0,1,4,2,1
,2019-21711,39.75696,-104.98743,8/3/2019 22:23,22:23,3,0,0,BROADWAY STREET NORTH & LARIMER STREET,1,3,0,0,1,1,,0,30,0,0,0,0,0,4,2,13
,2019-21712,39.755565,-104.987439,6/14/2019 13:45,13:45,15,0,0,BROADWAY BOULEVARD NORTH & LAWRENCE STREET NORTH,1,1,0,0,1,1,,0,35,0,0,0,0,0,4,2,13
,2019-21713,39.693033,-104.9874615,4/27/2019 11:00,11:00,12,0,0,BROADWAY STREET SOUTH 1300 BLOCK & LOUISIANA AVENUE WEST,1,1,0,0,1,4,,0,35,0,0,0,0,0,4,2,1
,2019-21714,39.62661763,-104.8875811,1/29/2019 11:06,11:06,6,0,0,BRUCE RAND & 1800 EAST,5,1,1,0,1,4,,0,30,0,0,0,0,0,4,3,1
,2019-21715,39.676707,-104.98752,1/18/2019 12:16,12:16,12,0,2,BROADWAY STREET SOUTH & WARREN AVENUE EAST,4,1,0,2,1,1,,0,35,0,0,0,0,1,4,2,13
,2019-21716,39.72933,-105.0192315,8/23/2019 12:26,12:26,3,0,0,BRYANT STREET NORTH & EIGHTH AVENUE WEST,1,1,0,0,1,1,,0,30,0,0,0,0,0,4,2,13
,2019-21717,39.681288,-104.9508315,7/28/2019 21:49,21:49,1,0,0,BUCHTEL BOULEVARD EAST & STREET PAUL STREET SOUTH,1,3,0,0,1,1,,0,30,0,0,0,0,0,4,2,13
,2019-21718,39.682764,-104.959332,1/24/2019 8:41,8:41,1,0,0,BUCHTEL BOULEVARD EAST & UNIVERSITY BOULEVARD SOUTH,5,1,0,2,1,1,,0,30,0,0,0,0,0,4,2,13
,2019-2172,39.70215565,-104.9035128,5/28/2019 8:06,8:06,12,0,0,QUEBEC STREET SOUTH & PARKER ROAD / 800 BLOCK SOUTH,1,1,0,0,1,4,,0,35,0,0,0,0,0,4,2,3
,2019-21720,39.750759,-104.9849415,5/5/2019 18:05,18:05,3,0,0,CALIFORNIA STREET & 22ND STREET,1,1,0,0,1,1,,0,35,0,0,0,0,0,4,3,13
,2019-21721,39.712995,-104.9875695,3/29/2019 17:17,17:17,12,0,0,CEDAR AVENUE EAST & BROADWAY STREET SOUTH,2,1,1,1,1,1,,0,30,0,0,0,0,0,4,4,3
,2019-21722,39.712887,-104.922081,10/4/2019 8:13,8:13,5,0,0,CEDAR AVENUE 5600 BLOCK EAST & PRIVATE PROPERTY,1,1,0,0,3,4,,0,25,0,0,0,0,0,4,1,10
,2019-21723,39.75928383,-105.008086,12/2/2019 9:32,9:32,6,0,0,CENTRAL STREET & 1400 BLOCK,5,2,0,0,1,4,,0,25,0,0,0,0,0,4,2,3
,2019-21724,39.749616,-104.8866795,6/27/2019 16:09,16:09,10,0,0,CENTRAL PARK BOULEVARD NORTH & 23RD AVENUE EAST,1,1,0,0,1,1,,0,35,0,0,0,0,0,4,2,13
,2019-21725,39.773187,-104.809932,1/15/2019 7:45,7:45,12,0,0,CHAMBERS ROAD NORTH & 40TH AVENUE EAST,1,2,0,0,1,1,,0,35,0,0,0,0,0,4,2,13
,2019-21726,39.776571,-104.8099095,11/27/2019 16:08,16:08,12,0,0,CHAMBERS ROAD NORTH & 46TH AVENUE EAST,5,2,0,0,1,1,,0,45,0,0,0,0,0,4,3,13
,2019-21727,39.790269,-104.809779,5/20/2019 8:25,8:25,3,0,0,CHAMBERS ROAD NORTH & 53RD AVENUE EAST,2,1,0,1,1,1,,0,25,0,0,0,0,0,4,2,13
,2019-21728,39.775041,-104.8099185,2/19/2019 8:15,8:15,3,0,0,CHAMBERS ROAD NORTH & ANDREWS DRIVE EAST,1,1,0,0,1,1,,0,40,0,0,0,0,0,4,2,13
,2019-21729,39.783636,-104.809842,11/3/2019 14:52,14:52,1,0,2,CHAMBERS ROAD NORTH & GATEWAY AVENUE EAST,1,1,0,0,1,1,,0,40,0,0,0,0,1,4,2,13
,2019-21730,39.794787,-104.809761,8/4/2019 15:22,15:22,1,0,0,CHAMBERS ROAD NORTH & MAXWELL PLACE EAST,1,1,0,0,1,1,,0,40,0,0,0,0,0,4,2,5
,2019-21731,39.741939,-104.99985,8/9/2019 18:33,18:33,3,0,0,CHAMPA STREET & SPEER BOULEVARD NORTH,1,1,0,0,1,1,,0,35,0,0,0,0,0,4,2,13
,2019-21733,39.714804,-104.992173,2/27/2019 12:21,12:21,6,0,0,CHEROKEE STREET 100 BLOCK SOUTH & BAYAUD AVENUE WEST,1,1,0,0,1,1,,0,25,0,0,0,1,0,4,2,13
,2019-21734,39.758463,-105.0220485,1/18/2019 13:55,13:55,3,0,0,DECATUR STREET NORTH & 29TH AVENUE WEST,5,1,1,2,1,1,,0,25,0,0,0,0,0,4,2,13
,2019-21735,39.696903,-104.923899,11/25/2019 16:10,16:10,1,0,0,CHERRY CREEK SOUTH DRIVE EAST & MISSISSIPPI AVENUE EAST,2,1,0,2,1,1,,0,30,0,0,0,0,0,4,2,13
,2019-21736,39.684987,-104.9035905,1/11/2019 16:01,16:01,12,0,0,CHERRY CREEK SOUTH DRIVE EAST & QUEBEC STREET SOUTH,4,1,0,2,1,1,,0,30,0,0,0,0,0,4,2,5
,2019-21737,39.715272,-104.959323,3/17/2019 14:11,14:11,1,0,0,CHERRY CREEK DRIVE NORTH & UNIVERSITY BOULEVARD SOUTH,1,1,0,0,1,1,,0,30,0,0,0,0,0,4,2,13
,2019-21738,39.758058,-105.02055,10/17/2019 21:28,21:28,3,0,0,CLAY STREET NORTH & SPEER BOULEVARD NORTH,1,3,0,0,1,1,,0,25,0,0,0,0,0,4,2,13
,2019-21739,39.752343,-105.0075585,7/28/2019 21:18,21:18,12,0,0,CLITCH CIRCLE & SPEER BOULEVARD NORTH,1,3,1,0,1,1,,0,15,0,0,0,0,0,4,3,13
,2019-21740,39.684096,-105.020343,3/8/2019 8:33,8:33,3,0,0,COLORADO AVENUE WEST & CLAY STREET SOUTH,1,1,0,0,1,1,,0,25,0,0,0,0,0,4,2,13
,2019-21741,39.684096,-105.022692,3/7/2019 16:26,16:26,3,0,0,COLORADO AVENUE WEST & DECATUR STREET SOUTH,1,1,0,0,1,1,,0,30,0,0,0,0,0,4,2,8
,2019-21742,39.772899,-104.94756,2/18/2019 15:35,15:35,3,0,0,COOK STREET NORTH & 1445 NORTH COOK STREET,5,1,0,2,1,5,,0,15,0,0,0,0,0,4,2,13
,2019-21743,39.719403,-104.94738,1/16/2019 14:00,14:00,6,0,0,COOK STREET NORTH & SECOND AVENUE EAST,1,1,0,0,1,3,,0,,0,0,0,0,0,4,2,13
,2019-21744,39.71835,-104.9745915,9/21/2019 19:32,19:32,3,0,0,CORONA STREET NORTH & SPEER BOULEVARD EAST,1,3,0,0,1,1,,0,25,0,0,0,0,0,4,2,13
,2019-21745,39.752757,-104.9875515,10/23/2019 11:27,11:27,3,0,0,CURTIS STREET & 22ND STREET,1,1,0,0,1,1,,0,30,0,0,0,0,0,4,2,14
,2019-21746,39.709026,-104.8754385,6/9/2019 16:48,16:48,3,0,0,DAYTON STREET SOUTH & ALAMEDA AVENUE EAST,1,1,0,0,1,1,,0,45,0,0,0,0,0,4,2,13
,2019-21747,39.730437,-104.9763825,6/19/2019 11:09,11:09,6,0,0,EMERSON STREET NORTH & NINTH AVENUE EAST,1,1,0,0,1,1,,0,25,0,0,0,0,0,4,2,14
,2019-21748,39.709026,-104.8754385,8/23/2019 19:10,19:10,12,0,0,DAYTON STREET SOUTH & ALAMEDA AVENUE EAST,1,1,0,0,1,1,,0,30,0,0,0,0,0,4,2,13
,2019-21749,39.78414,-104.8212495,11/5/2019 8:19,8:19,1,0,0,DILLON STREET NORTH & SABLE STREET EAST,1,1,0,0,1,1,,0,25,0,0,0,0,0,4,2,13
,2019-21750,39.785436,-105.006411,10/2/2019 8:02,8:02,3,0,0,DIXIE PLACE WEST & PECOS STREET NORTH,1,1,0,0,1,1,,0,25,0,0,0,0,0,4,2,13
,2019-21751,39.678507,-104.9734395,8/19/2019 18:10,18:10,12,0,0,DOWNING STREET SOUTH & EVANS AVENUE EAST,1,1,0,0,1,1,,0,25,0,0,0,0,0,4,2,3
,2019-21752,39.67128,-104.97348,12/19/2019 14:40,14:40,3,0,1,DOWNING STREET SOUTH & HARVARD AVENUE EAST,1,1,0,0,1,1,,0,25,0,0,0,0,2,4,2,14
,2019-21753,39.676689,-104.973462,12/4/2019 17:00,17:00,3,0,0,DOWNING STREET SOUTH & WARREN AVENUE EAST,1,4,0,0,1,1,,0,35,0,0,0,0,0,4,2,13
,2019-21754,39.782772,-104.8212495,7/15/2019 18:40,18:40,3,0,0,DULUTH COURT NORTH & BOLLING DRIVE EAST,1,1,0,0,1,1,,0,25,0,0,0,0,0,4,2,13
,2019-21755,39.78726376,-104.7618598,3/7/2019 6:55,6:55,3,0,1,DUNKIRK STREET NORTH & 50TH AVENUE EAST,5,1,0,0,1,1,,0,25,0,0,0,0,2,4,2,13
,2019-21756,39.638727,-104.904081,4/3/2019 17:32,17:32,1,0,0,EASTMOOR DRIVE EAST & QUINCY AVENUE EAST,1,1,0,0,1,1,,0,35,0,0,0,0,0,4,2,7
,2019-21757,39.707344,-104.940742,9/18/2019 18:30,18:30,12,0,0,COLORADO BOULEVARD SOUTH & CHERRY CREEK DRIVE NORTHEAST,1,1,0,0,1,1,,0,35,0,0,0,0,0,2,2,3
,2019-21758,39.67845326,-104.9971477,8/1/2019 18:20,18:20,12,0,0,EVANS AVENUE WEST & 2700 BLOCK WEST,1,1,0,0,1,4,,0,30,0,0,0,0,0,4,3,3
,2019-21759,39.678426,-104.9385015,6/11/2019 16:15,16:15,1,0,3,EVANS AVENUE EAST & ASH STREET SOUTH,1,1,0,0,1,1,,0,35,0,0,0,0,1,4,2,13
,2019-21760,39.678498,-104.9875605,5/10/2019 22:09,22:09,15,0,0,EVANS AVENUE EAST & BROADWAY STREET SOUTH,1,3,0,0,1,1,,0,35,0,0,0,0,0,4,2,13
,2019-21761,39.678426,-104.995971,7/16/2019 15:00,15:00,15,0,0,EVANS AVENUE WEST & GALAPAGO STREET SOUTH,1,1,0,0,1,1,,0,30,0,0,0,0,0,4,2,1
,2019-21762,39.678453,-104.920992,2/18/2019 11:02,11:02,12,0,0,EVANS AVENUE EAST & IVANHOE STREET SOUTH,2,1,0,0,1,4,,0,35,0,0,0,0,0,4,2,13
,2019-21763,39.678507,-104.972283,7/16/2019 12:47,12:47,3,0,0,EVANS AVENUE EAST & MARION STREET SOUTH,1,1,0,0,1,1,,0,35,0,0,0,0,0,4,2,13
,2019-21764,39.678435,-104.912892,4/9/2019 16:50,16:50,12,0,0,EVANS AVENUE EAST & MONACO STREET SOUTH,1,1,0,0,1,1,,0,35,0,0,0,0,0,4,2,7
,2019-21765,39.678435,-104.912892,6/17/2019 18:30,18:30,12,0,0,EVANS AVENUE EAST & MONACO STREET SOUTH,1,1,0,0,1,3,,0,30,0,0,0,0,0,4,2,12
,2019-21766,39.67983,-105.0422715,6/15/2019 14:00,14:00,1,0,0,EVANS AVENUE WEST & RALEIGH STREET SOUTH,1,1,0,0,1,1,,0,30,0,0,0,0,0,4,2,7
,2019-21767,39.67866,-105.011028,11/27/2019 14:52,14:52,3,0,0,EVANS AVENUE WEST & TEJON STREET SOUTH,5,1,1,0,1,1,,0,25,0,0,0,0,0,4,2,13
,2019-21768,39.689532,-105.0166305,3/3/2019 9:56,9:56,3,0,0,FLORIDA AVENUE WEST & BEACH COURT SOUTH,5,1,1,2,1,1,,0,25,0,0,0,0,0,4,3,14
,2019-21770,39.68955,-105.0500115,10/14/2019 17:35,17:35,12,0,1,FLORIDA AVENUE WEST & XAVIER STREET SOUTH,1,2,0,0,1,1,,0,30,0,0,0,0,1,4,2,13
,2019-21771,39.736881,-104.9952825,8/2/2019 8:30,8:30,12,0,0,FOX STREET NORTH & 13TH AVENUE WEST,1,1,0,0,1,1,,0,30,0,0,0,0,0,4,2,14
,2019-21772,39.741633,-104.968449,4/23/2019 8:32,8:32,3,0,0,FRANKLIN STREET NORTH & 16TH AVENUE EAST,1,1,0,0,1,1,,0,25,0,0,0,0,0,4,2,3
,2019-21773,39.783609,-104.772222,9/18/2019 5:25,5:25,12,0,0,GREEN VALLEY RANCH BOULEVARD EAST & TOWER ROAD NORTH,1,4,0,0,1,1,,0,5,0,0,0,0,0,4,2,2
,2019-21774,39.783609,-104.772222,10/10/2019 6:15,6:15,1,0,0,GREEN VALLEY RANCH BOULEVARD EAST & TOWER ROAD NORTH,4,1,0,2,1,1,,0,40,0,0,0,0,0,4,2,1
,2019-21775,39.688587,-105.015681,3/16/2019 0:35,0:35,9,0,2,GUNNISON PLACE WEST & 1620 WEST GUNNISON PLACE,1,4,0,0,3,4,,0,35,0,0,0,0,2,4,1,7
,2019-21776,39.688587,-105.015681,10/25/2019 23:15,23:15,5,0,0,GUNNISON DRIVE WEST & 2695 WEST GUNNISON DRIVE,1,3,0,0,2,3,,0,25,0,0,0,0,0,4,1,13
,2019-21778,39.688821,-104.898789,6/20/2019 21:30,21:30,5,0,1,GUNNISON PLACE EAST & SYRACUSE STREET SOUTH,1,4,0,0,2,1,,0,25,0,0,0,0,2,4,1,5
,2019-21779,39.781863,-104.7394005,6/20/2019 20:00,20:00,1,0,0,GREEN VALLEY RANCH BOULEVARD EAST & 18500 BLOCK EAST,1,1,0,0,1,2,,0,40,0,0,0,0,0,4,2,13
,2019-21780,39.783609,-104.791392,12/2/2019 23:08,23:08,3,0,3,GREEN VALLEY RANCH BOULEVARD EAST & PENA BOULEVARD,11,3,0,0,1,1,,0,40,0,0,0,0,2,4,2,1
,2019-21781,39.78723741,-104.865971,9/11/2019 8:37,8:37,3,0,0,HAVANA STREET  & 2800 BLOCK NORTH,1,1,0,0,1,2,,0,25,0,0,0,0,0,4,2,14
,2019-21782,39.711213,-104.922279,10/23/2019 19:00,19:00,1,0,1,HOLLY STREET SOUTH & ALAMEDA AVENUE EAST,4,3,0,2,1,1,,0,25,0,0,0,0,1,4,2,13
,2019-21783,39.729078,-104.969448,8/14/2019 14:21,14:21,3,0,0,HUMBOLDT STREET NORTH & EIGHTH AVENUE EAST,1,1,0,0,1,1,,0,25,0,0,0,0,0,4,2,14
,2019-21784,39.76452,-104.9696415,9/21/2019 13:13,13:13,1,0,0,HUMBOLDT STREET NORTH & BRUCE RANDOLPH AVENUE EAST,1,1,0,0,1,1,,0,25,0,0,0,0,0,4,2,13
,2019-21785,39.674826,-104.9565195,10/15/2019 18:00,18:00,3,0,1,ILIFF AVENUE EAST & COLUMBINE STREET SOUTH,1,1,0,0,1,1,,0,25,0,0,0,0,1,4,3,13
,2019-21786,39.674763,-104.875281,2/12/2019 17:27,17:27,12,0,1,ILIFF AVENUE EAST & DAYTON WAY SOUTH,1,2,1,0,1,3,,0,35,0,0,0,0,1,4,2,13
,2019-21787,39.674763,-104.875281,6/21/2019 18:37,18:37,1,0,0,ILIFF AVENUE EAST & DAYTON WAY SOUTH,2,1,0,1,1,1,,0,45,0,0,0,0,0,4,2,14
,2019-21788,39.758364,-104.921091,3/3/2019 20:29,20:29,3,0,0,IVANHOE STREET NORTH & 29TH AVENUE EAST,4,3,0,0,1,1,,0,,0,0,0,0,0,4,2,13
,2019-21789,39.75916558,-104.921095,11/11/2019 8:45,8:45,6,0,0,IVANHOE STREET NORTH & 700 BLOCK NORTH,2,1,0,0,1,3,,0,25,0,0,0,0,0,4,2,13
,2019-21790,39.833469,-104.692932,10/13/2019 21:15,21:15,1,0,0,JACKSON GAP STREET NORTH & PENA BOULEVARD,1,3,0,0,1,1,,0,35,0,0,0,0,0,4,2,13
,2019-21791,39.833469,-104.692932,11/7/2019 21:45,21:45,1,0,0,JACKSON GAP NORTH & PENA BOULEVARD,1,3,0,0,1,1,,0,30,0,0,0,0,0,4,2,13
,2019-21792,39.833469,-104.692932,11/20/2019 11:45,11:45,1,0,1,JACKSON GAP STREET NORTH & PENA BOULEVARD,1,1,1,0,1,1,,0,35,0,0,0,0,1,4,2,8
,2019-21793,39.682215,-104.9374035,1/13/2019 14:00,14:00,3,0,0,JEWELL AVENUE EAST & BELLAIRE STREET SOUTH,1,1,0,0,1,1,,0,25,0,0,0,0,0,4,2,3
,2019-21794,39.682116,-104.9875785,1/30/2019 21:41,21:41,15,0,0,JEWELL AVENUE EAST & BROADWAY STREET SOUTH,1,3,0,0,1,1,,0,35,0,0,0,0,0,4,2,13
,2019-21795,39.682116,-104.9875785,10/8/2019 9:50,9:50,5,0,0,JEWELL AVENUE WEST & BROADWAY STREET SOUTH,1,1,0,0,3,1,,0,30,0,0,0,0,0,4,1,13
,2019-21796,39.733434,-104.958639,4/27/2019 15:48,15:48,15,0,1,JOSEPHINE STREET NORTH & 11TH AVENUE EAST,1,1,0,0,1,1,,0,30,0,0,0,0,1,4,2,13
,2019-21797,39.729123,-104.959071,2/7/2019 11:33,11:33,15,0,0,JOSEPHINE STREET NORTH & EIGHTH AVENUE EAST,4,1,0,2,1,1,,0,35,0,0,0,0,0,4,2,13
,2019-21798,39.758499,-105.032259,6/25/2019 17:47,17:47,3,0,0,JULIAN STREET NORTH & 29TH AVENUE WEST,1,1,1,0,1,1,,0,25,0,0,0,0,0,4,2,13
,2019-21799,39.760317,-105.032259,5/16/2019 7:40,7:40,3,0,0,JULIAN STREET NORTH & 30TH AVENUE WEST,1,1,0,0,1,1,,0,25,0,0,0,0,0,4,2,3
,2019-21800,39.714777,-105.0001515,7/15/2019 18:40,18:40,15,0,0,KALAMATH STREET SOUTH & BAYAUD AVENUE WEST,1,1,0,0,1,4,,0,35,0,0,0,0,0,4,2,12