id,drcog_id,latitude,longitude,crashtime,time,crashtype,numbkilled,numbinjurd,drcoglocat,rdconditin,lightngcon,roadcntgrd,weatherco,location,roaddescrp,schoolzone,constrzone,splimit,bikeinv,sctrinv,pedinv,motoinv,svrty,rdsystem,ttlvehcls,hcf
,2019-21801,39.716622,-105.000192,5/6/2019 15:30,15:30,12,0,0,KALAMATH STREET NORTH & ELLSWORTH AVENUE WEST,2,1,0,0,1,1,,0,35,0,0,0,0,0,4,3,13
,2019-21802,39.716622,-105.000192,7/19/2019 16:15,16:15,10,0,0,KALAMATH STREET NORTH & ELLSWORTH AVENUE WEST,1,1,0,0,1,1,,0,30,0,0,0,0,0,4,2,7
,2019-21803,39.741939,-104.99985,5/21/2019 9:43,9:43,15,0,0,KALAMATH STREET NORTH & SPEER BOULEVARD NORTH,1,1,0,0,1,1,,0,30,0,0,0,0,0,4,2,15
,2019-21804,39.699972,-105.0156449,11/9/2019 4:19,4:19,6,0,0,KENTUCKY AVENUE WEST & 1600 BLOCK WEST,1,4,0,0,1,4,,0,25,0,0,0,0,0,4,2,7
,2019-21805,39.772881,-104.8016205,5/7/2019 8:05,8:05,15,0,0,KITTREDGE STREET NORTH & 40TH AVENUE EAST,1,1,0,0,1,1,,0,35,0,0,0,0,0,4,2,13
,2019-21806,39.783609,-104.8017105,2/14/2019 12:00,12:00,12,0,0,KITTREDGE STREET NORTH & GREEN VALLEY RANCH BOULEVARD EAST,1,1,0,0,1,1,,0,30,0,0,0,0,0,4,2,13
,2019-21807,39.73833,-104.916141,9/12/2019 8:15,8:15,12,0,0,KRAMERIA STREET NORTH & 14TH AVENUE EAST,1,1,0,0,1,1,,0,25,0,0,0,0,0,4,2,7
,2019-21808,39.743226,-104.970897,7/7/2019 14:11,14:11,14,0,0,LAFAYETTE STREET NORTH & 17TH AVENUE EAST,1,1,0,0,1,1,,0,25,0,0,0,0,0,4,2,3
,2019-21809,39.75293374,-104.9925163,12/16/2019 22:43,22:43,10,0,0,LARIMER STREET 2000 BLOCK & 20TH STREET,1,3,0,0,1,2,,0,25,0,0,0,0,0,4,2,13
,2019-21810,39.76047189,-104.9828977,5/30/2019 11:08,11:08,10,0,0,LARIMER STREET & 2200 BLOCK,1,1,0,0,1,2,,0,30,0,0,0,0,0,4,2,13
,2019-21811,39.754809,-104.9901885,9/13/2019 1:06,1:06,3,0,3,LARIMER STREET & 22ND STREET,1,3,1,0,1,1,,0,35,0,0,0,0,2,4,2,1
,2019-21812,39.757617,-104.9865705,3/18/2019 8:00,8:00,3,0,1,LARIMER STREET & 25TH STREET,1,1,0,0,1,1,,0,30,0,0,0,0,1,4,2,13
,2019-21813,39.730608,-104.9859585,1/4/2019 15:30,15:30,12,0,0,LINCOLN STREET 900 BLOCK NORTH & 10TH AVENUE,1,1,0,0,1,1,,0,30,0,0,0,0,0,4,2,13
,2019-21814,39.70960244,-104.9863905,8/8/2019 18:20,18:20,6,0,0,LINCOLN STREET SOUTH & 1100 BLOCK SOUTH,1,1,0,0,1,4,,0,25,0,0,0,0,0,4,2,12
,2019-21815,39.736863,-104.98617,6/21/2019 22:44,22:44,12,0,0,LINCOLN STREET NORTH & 13TH AVENUE EAST,1,3,0,0,1,1,,0,35,0,0,0,0,0,4,2,8
,2019-21816,39.720924,-104.98626,12/7/2019 7:29,7:29,3,0,0,LINCOLN STREET NORTH & THIRD AVENUE EAST,1,1,0,0,1,1,,0,30,0,0,0,0,0,4,2,13
,2019-21817,39.791061,-104.7444795,11/12/2019 8:50,8:50,6,0,0,LIVERPOOL STREET NORTH & 4831 NORTH LIVERPOOL STREET,1,1,0,0,2,4,,0,25,0,0,0,0,0,4,3,3
,2019-21818,39.741678,-104.9823495,1/10/2019 12:52,12:52,15,0,0,LOGAN STREET NORTH & 16TH AVENUE EAST,1,1,0,0,1,1,,0,30,0,0,0,0,0,4,2,14
,2019-21819,39.73199125,-104.9822744,7/22/2019 6:50,6:50,6,0,0,LOGAN STREET NORTH & 400 BLOCK NORTH,1,1,0,0,1,4,,0,25,0,0,0,0,0,4,2,13
,2019-21821,39.69117,-104.9827905,6/25/2019 7:54,7:54,3,0,1,LOGAN STREET SOUTH & ARKANSAS AVENUE EAST,1,1,0,0,1,1,,0,30,0,0,0,0,1,4,2,13
,2019-21822,39.69117,-104.9827905,10/8/2019 8:53,8:53,3,0,0,LOGAN STREET SOUTH & ARKANSAS AVENUE EAST,1,1,0,0,1,1,,0,30,0,0,0,0,0,4,3,13
,2019-21823,39.693024,-104.9827815,4/30/2019 13:17,13:17,12,0,0,LOUISIANA AVENUE EAST & LOGAN STREET SOUTH,1,1,0,0,1,1,,0,25,0,0,0,0,0,4,2,13
,2019-21824,39.69306,-105.005079,10/1/2019 16:37,16:37,10,0,0,LOUISIANA AVENUE WEST & OSAGE STREET SOUTH,1,1,1,0,1,1,,0,30,0,0,0,0,0,4,2,3
,2019-21825,39.783735,-105.03459,11/16/2019 4:28,4:28,5,0,0,LOWELL BOULEVARD NORTH & 48TH AVENUE WEST,1,3,0,0,3,1,,0,35,0,0,0,0,0,4,1,13
,2019-21826,39.768147,-104.972121,7/16/2019 17:06,17:06,3,0,0,MARION STREET NORTH & 37TH AVENUE EAST,1,1,0,0,1,1,,0,25,0,0,0,0,0,4,2,1
,2019-21827,39.74762475,-105.0022423,10/25/2019 8:23,8:23,3,0,0,MARKET STREET 1300 BLOCK & 14TH COURT,1,1,0,0,1,1,,0,,0,0,0,0,0,4,2,14
,2019-21828,39.75501067,-104.991631,1/5/2019 22:00,22:00,6,0,3,MARKET STREET & 1500 BLOCK,1,3,1,0,1,4,,0,30,0,0,0,0,2,4,2,13
,2019-21829,39.761928,-104.9027625,10/29/2019 12:15,12:15,3,0,0,MLK BOULEVARD EAST & QUEBEC STREET NORTH,6,1,0,0,1,1,,0,35,0,0,0,0,0,4,2,13
,2019-21830,39.78564246,-104.8975206,12/11/2019 11:59,11:59,6,0,0,MAYALA STREET & 5000 BLOCK NORTH,1,1,0,0,1,4,,0,,0,0,0,0,0,4,2,13
,2019-21831,39.680226,-104.95224,4/10/2019 11:51,11:51,3,0,0,MILWAUKEE STREET SOUTH & ASBURY AVENUE EAST,2,1,0,1,1,1,,0,25,0,0,0,0,0,4,2,13
,2019-21832,39.696714,-105.0041359,7/12/2019 17:50,17:50,3,0,0,MISSISSIPPI AVENUE WEST & 1400 BLOCK WEST,1,1,1,0,1,2,,0,30,0,0,0,0,0,4,2,13
,2019-21833,39.696741,-105.02037,9/18/2019 18:15,18:15,15,0,0,MISSISSIPPI AVENUE WEST & CLAY STREET SOUTH,1,1,0,0,1,1,,0,30,0,0,0,0,0,4,2,3
,2019-21834,39.696624,-104.9129685,4/19/2019 16:40,16:40,1,0,0,MISSISSIPPI AVENUE EAST & MONACO STREET SOUTH,1,1,0,0,1,1,,0,30,0,0,0,0,0,4,2,13
,2019-21835,39.716559,-105.0396885,7/2/2019 19:10,19:10,5,0,0,PERRY STREET NORTH & 959 NORTH PERRY STREET,1,1,1,0,3,4,,0,30,0,0,0,0,0,4,1,7
,2019-21836,39.696759,-105.0390315,9/8/2019 11:51,11:51,3,0,0,MISSISSIPPI AVENUE WEST & PATTON COURT SOUTH,1,1,0,0,1,1,,0,25,0,0,0,0,0,4,2,13
,2019-21837,39.696732,-105.0061725,9/14/2019 12:00,12:00,3,0,0,MISSISSIPPI AVENUE WEST & PECOS STREET SOUTH,1,1,0,0,1,1,,0,30,0,0,0,0,0,4,2,13
,2019-21838,39.696741,-105.0087195,12/4/2019 14:48,14:48,12,0,0,MISSISSIPPI AVENUE WEST & RARITAN STREET SOUTH,1,1,0,0,1,1,,0,30,0,0,0,0,0,4,3,14
,2019-21839,39.69675,-105.0107805,11/11/2019 6:30,6:30,3,0,0,MISSISSIPPI AVENUE WEST & SHOSHONE STREET SOUTH,5,1,0,2,1,1,,0,35,0,0,0,0,0,4,2,13
,2019-2184,39.76213666,-105.0342162,7/16/2019 17:45,17:45,6,0,0,32ND AVENUE WEST & LOWELL BOULEVARD NORTH,1,1,0,0,1,4,,0,30,0,0,0,0,0,4,2,13
,2019-21840,39.759876,-104.8907475,6/23/2019 14:05,14:05,15,0,0,MLK BOULEVARD EAST & CENTRAL PARK BOULEVARD NORTH,1,1,0,0,1,1,,0,35,0,0,0,0,0,4,2,8
,2019-21841,39.759876,-104.8907475,6/25/2019 20:50,20:50,3,0,0,MLK BOULEVARD EAST & CENTRAL PARK BOULEVARD NORTH,1,2,0,0,1,1,,0,35,0,0,0,0,0,4,2,13
,2019-21842,39.743478,-104.912811,5/2/2019 8:30,8:30,15,0,0,MONACO STREET NORTH & 17TH AVENUE EAST,1,1,0,0,1,1,,0,,0,0,0,0,0,4,3,13
,2019-21843,39.63799683,-104.9126781,1/29/2019 17:40,17:40,3,0,0,MONACO STREET & 4346 SOUTH,5,3,0,0,1,1,,0,35,0,0,0,0,0,4,2,13
,2019-21844,39.624219,-104.9117722,2/20/2019 7:59,7:59,5,0,0,MONACO STREET SOUTH & 600 BLOCK NORTH,2,1,0,0,3,4,,0,35,0,0,0,0,0,4,1,7
,2019-21845,39.725649,-104.912811,10/4/2019 16:01,16:01,3,0,0,MONACO STREET NORTH & SIXTH AVENUE EAST,1,1,0,0,1,1,,0,35,0,0,0,0,0,4,2,13
,2019-21846,39.729276,-104.912811,6/13/2019 15:48,15:48,3,0,2,MONACO STREET NORTH & EIGHTH STREET EAST,1,1,0,0,1,1,,0,30,0,0,0,0,1,4,2,8
,2019-21847,39.713103,-104.9129415,2/8/2019 22:35,22:35,3,0,0,MONACO STREET SOUTH & CEDAR AVENUE EAST,1,3,0,0,1,1,,0,35,0,0,0,0,0,4,2,13
,2019-21848,39.682062,-104.912811,5/24/2019 15:47,15:47,1,0,0,MONACO STREET SOUTH & JEWELL AVENUE EAST,1,1,0,0,1,1,,0,35,0,0,0,0,0,4,2,1
,2019-21849,39.778002,-104.912901,6/13/2019 9:39,9:39,15,0,0,MONACO STREET NORTH & STAPLETON SOUTH DRIVE EAST,1,1,0,0,1,1,,0,30,0,0,0,0,0,4,2,14
,2019-2185,39.7282021,-104.9874096,5/28/2019 6:44,6:44,6,0,0,40TH AVENUE EAST & BROADWAY STREET NORTH,1,2,0,0,1,4,,0,25,0,0,0,0,0,4,1,13
,2019-21850,39.778686,-104.912874,7/25/2019 13:03,13:03,10,0,0,MONACO STREET NORTH & STAPLETON DRIVE NORTH EAST,1,1,0,0,1,1,,0,30,0,0,0,0,0,4,2,1
,2019-21851,39.736764,-104.945058,10/30/2019 0:07,0:07,3,0,0,MONROE STREET NORTH & 13TH AVENUE EAST,4,3,0,2,1,1,,0,,0,0,0,0,0,4,2,8
,2019-21852,39.716244,-104.944941,11/11/2019 11:00,11:00,5,0,0,MONROE STREET SOUTH & 274 SOUTH MONROE STREET,4,1,0,2,3,4,,0,25,0,0,0,0,0,4,1,13
,2019-21853,39.747456,-104.8846905,5/30/2019 8:11,8:11,12,0,0,MONTEVIEW BOULEVARD EAST & YOSEMITE STREET NORTH / 8800 BLOCK EAST,1,1,0,0,1,3,,0,30,0,0,0,0,0,4,0,2
,2019-21854,39.747366,-104.93946,8/2/2019 16:41,16:41,3,0,0,MONTVIEW BOULEVARD EAST & ALBION STREET NORTH,1,1,0,0,1,1,,0,25,0,0,0,0,0,4,2,1
,2019-21855,39.747393,-104.922261,11/18/2019 8:30,8:30,5,0,0,MONTVIEW BOULEVARD EAST & HOLLY STREET NORTH,1,1,0,0,2,1,,0,30,0,0,0,0,0,4,1,8
,2019-21856,39.684918,-104.958448,12/22/2019 18:05,18:05,15,0,0,I25 & MM 205,1,3,0,0,1,4,,0,,0,0,0,0,0,1,2,13
,2019-21857,39.747429,-104.913972,5/1/2019 17:30,17:30,12,0,0,MONTVIEW BOULEVARD EAST & LOCUST STREET NORTH,1,1,0,0,1,1,,0,30,0,0,0,0,0,4,4,1
,2019-21858,39.702204,-105.045579,11/7/2019 6:46,6:46,3,0,0,MORRISON ROAD & OHIO AVENUE WEST,1,1,0,0,1,1,,0,30,0,0,0,0,0,4,2,13
,2019-21859,39.70674,-105.0391395,10/30/2019 13:13,13:13,12,0,1,MORRISON ROAD & PATTON COURT SOUTH,2,1,0,0,1,1,,0,30,0,0,0,0,1,4,2,3
,2019-2186,39.72891653,-104.9951127,11/27/2019 10:45,10:45,12,0,0,EIGHTH AVENUE WEST & FOX STREET NORTH,5,1,0,0,1,3,,0,30,0,0,0,0,0,4,2,13
,2019-21860,39.785733,-104.8830885,4/18/2019 7:00,7:00,3,0,1,NORTHFIELD BOULEVARD EAST & CENTRAL PARK BOULEVARD NORTH,1,1,0,0,1,1,,0,35,0,0,0,0,1,4,2,14
,2019-21861,39.84180399,-104.7373342,2/17/2019 1:00,1:00,6,0,0,ODESSA STREET & 4700 BLOCK NORTH,5,3,0,0,1,4,,0,25,0,0,0,0,0,4,3,3
,2019-21862,39.743793,-104.973399,12/21/2019 20:43,20:43,3,0,2,PARK AVENUE WEST & DOWNING STREET NORTH,1,3,0,0,1,1,,0,30,0,0,0,0,1,4,2,3
,2019-21863,39.755754,-104.9890095,11/7/2019 7:13,7:13,15,0,0,PARK AVENUE WEST & LARIMER STREET,1,1,0,0,1,1,,0,30,0,0,0,0,0,4,2,13
,2019-21864,39.716559,-105.0396885,10/14/2019 19:39,19:39,5,0,0,PERRY STREET NORTH & 962 NORTH PERRY STREET,1,2,1,0,2,4,,0,30,0,0,0,0,0,4,1,14
,2019-21865,39.747528,-104.9782995,9/10/2019 14:50,14:50,12,0,1,PARK AVENUE WEST & WASHINGTON STREET NORTH,1,1,0,0,1,1,,0,30,0,0,0,0,1,4,3,14
,2019-21866,39.716523,-104.980302,6/29/2019 22:00,22:00,6,0,0,PEARL STREET NORTH & 1435 PEARL STREET,1,1,1,0,1,4,,0,30,0,0,0,0,0,4,2,14
,2019-21867,39.74481,-104.9799015,1/14/2019 15:42,15:42,3,0,1,PEARL STREET NORTH & 18TH AVENUE EAST,1,1,0,0,1,1,,0,25,0,0,0,0,1,4,2,14
,2019-21868,39.769281,-105.0064515,2/20/2019 2:54,2:54,12,0,0,PECOS STREET NORTH & 38TH AVENUE WEST,1,3,0,0,1,1,,0,35,0,0,0,0,0,4,2,13
,2019-21869,39.78785643,-104.7906994,10/10/2019 19:23,19:23,15,0,0,PENA BOULEVARD & 24800 BLOCK,2,3,0,2,1,4,,0,65,0,0,0,0,0,4,2,13
,2019-21870,39.78785643,-104.7906994,10/31/2019 1:50,1:50,15,0,0,PENA BOULEVARD & 4100 BLOCK,1,3,0,0,1,4,,0,55,0,0,0,0,0,4,2,13
,2019-21871,39.78785643,-104.7906994,9/13/2019 17:29,17:29,12,0,1,PENA BOULEVARD & 4800 BLOCK,1,1,1,0,1,4,,0,55,0,0,0,0,1,4,2,13
,2019-21872,39.78785643,-104.7906994,2/6/2019 13:41,13:41,5,0,0,PENA BOULEVARD & 8100 BLOCK,10,1,1,2,3,4,,0,35,0,0,0,0,0,4,1,13
,2019-21873,39.833469,-104.692932,8/9/2019 16:53,16:53,15,0,0,PENA BOULEVARD & JACKSON GAP ROAD NORTH,1,1,0,0,1,4,,0,65,0,0,0,0,0,4,2,14
,2019-21875,39.851928,-104.6740455,3/29/2019 8:37,8:37,15,0,0,PENA BOULEVARD 8500 & LEVEL 6,2,1,0,1,1,4,,0,15,0,0,0,0,0,4,2,13
,2019-21876,39.74328,-104.9810985,9/24/2019 18:17,18:17,10,0,0,PENNSYLVANIA STREET NORTH & 17TH AVENUE EAST,1,1,0,1,1,1,,0,25,0,0,0,0,0,4,2,9
,2019-21877,39.74328,-104.9810985,11/1/2019 9:40,9:40,3,0,0,PENNSYLVANIA STREET NORTH & 17TH AVENUE EAST,1,1,0,0,1,1,,0,30,0,0,0,0,0,4,2,13
,2019-21878,39.74328,-104.9810985,12/4/2019 18:05,18:05,3,0,0,PENNSYLVANIA STREET NORTH & 17TH AVENUE EAST,1,3,0,0,1,1,,0,25,0,0,0,0,0,4,2,13
,2019-21879,39.771072,-104.847039,9/12/2019 9:59,9:59,15,0,0,PEORIA STREET NORTH & 39TH AVENUE EAST,1,1,0,0,1,1,,0,45,0,0,0,0,0,4,2,1
,2019-2188,39.67847423,-104.9231909,7/8/2019 9:39,9:39,12,0,0,EVANS AVENUE EAST 5500 BLOCK & HUDSON STREET SOUTH,1,1,0,0,1,2,,0,30,0,0,0,0,0,4,3,13
,2019-21880,39.75519604,-104.9046158,11/15/2019 3:50,3:50,6,0,0,POPLAR STREET NORTH & 1400 BLOCK NORTH,1,3,0,0,1,4,,0,25,0,0,0,0,0,4,4,5
,2019-21881,39.737268,-104.90346,6/13/2019 12:15,12:15,15,0,0,QUEBEC STREET NORTH & 13TH AVENUE EAST,1,1,1,0,1,3,,0,30,0,0,0,0,0,4,2,1
,2019-21882,39.767391,-104.902533,8/17/2019 20:50,20:50,1,0,0,QUEBEC STREET NORTH & 36TH AVENUE EAST,1,1,0,0,1,1,,0,35,0,0,0,0,0,4,2,13
,2019-21883,39.767391,-104.902533,11/16/2019 6:50,6:50,15,0,0,QUEBEC STREET NORTH  & 36TH AVENUE EAST,1,1,0,0,1,1,,0,,0,0,0,0,0,4,2,13
,2019-21884,39.76312069,-104.902749,4/19/2019 7:00,7:00,5,0,0,QUEBEC STREET NORTH & 4000 BLOCK NORTH,1,1,0,0,1,4,,0,30,0,0,0,0,0,4,2,13
,2019-21885,39.77514,-104.9026815,5/13/2019 15:42,15:42,12,0,1,QUEBEC STREET NORTH & 41ST AVENUE EAST,1,1,1,0,1,1,,0,45,0,0,0,0,2,4,2,13
,2019-21886,39.76312069,-104.902749,5/10/2019 17:52,17:52,12,0,0,QUEBEC STREET & 5400 BLOCK NORTH,1,1,0,0,1,4,,0,45,0,0,0,0,0,4,2,12
,2019-21887,39.684987,-104.9035905,7/20/2019 0:29,0:29,12,0,0,QUEBEC STREET SOUTH & CHERRY CREEK SOUTH DRIVE EAST,1,3,0,0,1,1,,0,35,0,0,0,0,0,4,2,1
,2019-21888,39.703869,-104.9034915,4/8/2019 17:10,17:10,12,0,0,QUEBEC STREET SOUTH & EXPOSITION AVENUE EAST,1,1,0,0,1,1,,0,30,0,0,0,0,0,4,2,13
,2019-21889,39.703869,-104.9034915,5/16/2019 7:34,7:34,12,0,0,QUEBEC STREET SOUTH & EXPOSITION AVENUE EAST,1,1,0,0,1,4,,0,35,0,0,0,0,0,4,3,13
,2019-2189,39.7350405,-104.9594759,7/11/2019 1:39,1:39,6,0,0,12TH AVENUE EAST & YORK STREET NORTH,1,3,0,0,1,4,,0,25,0,0,0,0,0,4,4,13
,2019-21890,39.717054,-104.9037885,6/26/2019 7:30,7:30,12,0,0,QUEBEC STREET NORTH & LOWRY BOULEVARD EAST,1,1,0,0,1,1,,0,30,0,0,0,0,0,4,2,14
,2019-21891,39.761928,-104.9027625,11/21/2019 16:04,16:04,15,0,0,QUEBEC STREET NORTH  & MLK BOULEVARD EAST,2,2,0,2,1,1,,0,35,0,0,0,0,0,4,2,8
,2019-21892,39.63861,-104.8992795,1/25/2019 7:30,7:30,3,0,0,QUINCY AVENUE EAST & SYRACUSE STREET SOUTH,2,1,0,0,1,2,,0,35,0,0,0,0,0,4,2,13
,2019-21893,39.762108,-105.0416595,1/28/2019 11:17,11:17,12,0,0,RALEIGH STREET NORTH & 32ND AVENUE WEST,5,1,1,2,1,1,,0,25,0,0,0,0,0,4,2,13
,2019-21895,39.787533,-105.02991,10/23/2019 21:50,21:50,5,0,0,REGIS BOULEVARD WEST & IRVING STREET NORTH,2,3,0,2,4,1,,0,25,0,0,0,0,0,4,1,3
,2019-21896,39.77252174,-104.9012415,1/23/2019 9:35,9:35,6,0,0,SANDOWN ROAD & 6800 EAST,5,1,0,0,1,4,,0,35,0,0,0,0,0,4,2,13
,2019-21897,39.733668,-104.998689,4/22/2019 6:38,6:38,12,0,0,SANTA FE DRIVE NORTH & 11TH AVENUE WEST,2,1,0,1,1,1,,1,30,0,0,0,0,0,4,2,3
,2019-21898,39.716559,-104.998572,9/4/2019 16:46,16:46,10,0,0,SANTA FE DRIVE SOUTH  & ELLSWORTH AVENUE EAST,1,1,0,0,1,1,,0,35,0,0,0,0,0,4,2,8
,2019-21899,39.710313,-105.029811,3/1/2019 8:01,8:01,3,0,0,NEVADA PLACE WEST & IRVING STREET SOUTH,1,1,0,0,1,1,,0,25,0,0,0,0,0,4,2,13
,2019-2190,39.79835303,-104.7710832,10/26/2019 20:26,20:26,4,0,0,56TH AVENUE EAST & TOWER ROAD NORTH,5,3,0,2,1,4,,0,45,0,0,0,0,0,4,1,13
,2019-21900,39.74328,-104.9848425,10/11/2019 9:25,9:25,10,0,0,SHERMAN STREET NORTH & 17TH AVENUE EAST,1,1,0,0,1,1,,0,,0,0,0,0,0,4,2,14
,2019-21901,39.79094776,-104.985189,11/27/2019 12:00,12:00,12,0,0,SHERMAN & 2700 SOUTH,5,1,1,0,1,4,,0,40,0,0,0,0,0,4,3,13
,2019-21902,39.774528,-104.9223105,6/3/2019 11:47,11:47,12,0,0,SMITH ROAD EAST & HOLLY STREET NORTH,1,1,0,0,1,1,,0,30,0,0,0,0,0,4,2,13
,2019-21903,39.736872,-104.9964795,10/18/2019 12:44,12:44,3,0,1,SPEER BOULEVARD NORTH & 13TH AVENUE WEST,1,1,1,0,1,1,,0,30,0,0,0,0,1,4,2,13
,2019-21904,39.728943,-104.9906115,8/17/2019 7:15,7:15,3,0,0,SPEER BOULEVARD NORTH & EIGHTH AVENUE WEST,1,1,0,0,1,1,,0,25,0,0,0,0,0,4,2,3
,2019-21905,39.729717,-104.991219,10/17/2019 13:20,13:20,12,0,0,SPEER BOULEVARD NORTH & BANNOCK STREET NORTH,1,1,0,0,1,1,,0,30,0,0,0,0,0,4,2,13
,2019-21906,39.733038,-104.99292,9/2/2019 18:13,18:13,15,0,0,SPEER BOULEVARD NORTH & DELAWARE STREET NORTH,1,1,0,0,1,1,,0,30,0,0,0,0,0,4,2,3
,2019-21907,39.718287,-104.9737815,1/24/2019 16:30,16:30,12,0,0,SPEER BOULEVARD EAST & DOWNING STREET NORTH,5,1,0,0,1,1,,0,30,0,0,0,0,0,4,2,13
,2019-21908,39.725658,-104.9863095,7/27/2019 9:51,9:51,10,0,0,SPEER BOULEVARD EAST & LINCOLN STREET NORTH,1,1,0,0,1,1,,0,35,0,0,0,0,0,4,2,13
,2019-21909,39.678453,-104.931612,4/2/2019 7:19,7:19,12,0,0,DAHLIA STREET SOUTH & EVANS AVENUE EAST,1,1,0,0,1,3,,0,,0,0,0,0,0,4,3,13
,2019-2191,39.74180788,-104.9948116,1/18/2019 16:17,16:17,15,0,0,WELTION STREET & 13TH STREET,1,1,0,0,1,4,,0,,0,0,0,0,0,4,2,13
,2019-21910,39.747681,-105.0023295,8/4/2019 19:07,19:07,3,0,0,SPEER BOULEVARD NORTH & MARKET STREET,1,1,0,0,1,1,,0,40,0,0,0,0,0,4,2,8
,2019-21911,39.720456,-104.9791185,2/9/2019 13:01,13:01,15,0,0,SPEER BOULEVARD EAST & WASHINGTON STREET NORTH,1,1,0,0,1,1,,0,35,0,0,0,0,0,4,2,1
,2019-21913,39.756339,-105.015852,1/11/2019 12:15,12:15,1,0,0,SPEER BOULEVARD & ZUNI STREET NORTH,4,1,0,2,1,1,,0,35,0,0,0,0,0,4,2,14
,2019-21914,39.67716315,-104.9508201,7/22/2019 12:07,12:07,5,0,0,STREET PAUL STREET SOUTH & 2100 BLOCK SOUTH,1,1,1,0,1,4,,1,25,0,0,0,0,0,4,1,3
,2019-21915,39.7269009,-104.9494933,9/13/2019 12:18,12:18,12,0,0,STREET PAUL STREET 2800 BLOCK NORTH & STEELE STREET,1,1,0,0,1,5,,0,,0,0,0,0,0,4,2,3
,2019-21916,39.680226,-104.9508,6/27/2019 9:05,9:05,3,0,0,STREET PAUL STREET SOUTH & ASBURY AVENUE EAST,1,1,0,0,1,1,,0,25,0,0,0,0,0,4,2,13
,2019-21917,39.76367471,-104.949891,11/9/2019 3:00,3:00,6,0,0,STEELE STREET NORTH & 4330 NORTH,1,3,0,0,3,4,,0,35,0,0,0,0,0,4,2,5
,2019-21918,39.74958,-104.988249,5/17/2019 9:39,9:39,10,0,0,STOUT STREET & 20TH STREET,1,1,0,0,1,1,,0,25,0,0,0,0,0,4,2,14
,2019-21919,39.751443,-104.985828,10/28/2019 19:20,19:20,3,0,0,STOUT STREET & 22ND STREET,5,3,0,0,1,1,,0,30,0,0,0,0,0,4,2,14
,2019-2192,39.72886187,-104.9952177,10/4/2019 22:00,22:00,6,0,0,FOX STREET NORTH & EIGHTH AVENUE WEST,1,3,0,0,1,4,,0,25,0,0,0,0,0,4,2,13
,2019-21920,39.654279,-104.8988205,5/9/2019 7:44,7:44,1,0,0,TAMARAC DRIVE SOUTH & GIRARD AVENUE EAST,2,1,0,1,1,1,,0,35,0,0,0,0,0,4,2,13
,2019-21921,39.77893693,-105.010848,2/2/2019 22:27,22:27,5,0,1,TEJON STREET 800 BLOCK SOUTH & SHOSHONE STREET ALY SOUTH,5,4,0,0,4,5,,0,5,0,0,0,0,1,4,1,1
,2019-21922,39.783816,-104.781681,3/2/2019 4:14,4:14,12,0,0,TELLURIDE STREET NORTH & GREEN VALLEY RANCH BOULEVARD,1,3,0,0,1,1,,0,25,0,0,0,0,0,4,2,2
,2019-21923,39.698757,-104.91759,5/5/2019 10:46,10:46,3,0,0,TENNESSEE AVENUE EAST & KEARNEY STREET SOUTH,1,1,0,0,1,1,,0,25,0,0,0,0,0,4,2,13
,2019-21925,39.783861,-105.04395,11/2/2019 11:54,11:54,3,0,0,TENNYSON STREET NORTH & 48TH AVENUE WEST,1,1,0,0,1,1,,0,35,0,0,0,0,0,4,2,13
,2019-21926,39.778002,-104.7722715,2/1/2019 20:00,20:00,1,0,0,TOWER ROAD NORTH & 45TH AVENUE EAST,1,3,0,0,1,1,,0,40,0,0,0,0,0,4,2,13
,2019-21927,39.778002,-104.7722715,2/14/2019 18:41,18:41,12,0,0,TOWER ROAD NORTH & 45TH AVENUE EAST,1,3,0,0,1,1,,0,45,0,0,0,0,0,4,2,13
,2019-21928,39.781791,-104.772258,11/22/2019 18:41,18:41,3,0,0,TOWER ROAD NORTH & 47TH AVENUE EAST,1,3,0,0,1,1,,0,45,0,0,0,0,0,4,3,13
,2019-21929,39.805497,-104.7721995,7/13/2019 22:20,22:20,1,0,4,TOWER ROAD NORTH & 60TH AVENUE EAST,1,3,0,0,1,1,,0,45,0,0,0,0,1,4,2,5
,2019-2193,39.69117095,-104.9804385,3/29/2019 19:15,19:15,6,0,0,ARKANSAS AVENUE 500 BLOCK EAST & PEARL STREET SOUTH,2,3,0,1,1,5,,0,25,0,0,0,0,0,4,2,13
,2019-21930,39.783609,-104.772222,4/11/2019 8:35,8:35,12,0,0,TOWER ROAD NORTH & GREEN VALLEY RANCH BOULEVARD EAST,5,1,0,0,1,1,,0,40,0,0,0,0,0,4,2,13
,2019-21931,39.741327,-104.9919615,1/4/2019 11:30,11:30,3,0,1,TREMONT PLACE & 14TH STREET,1,1,0,0,1,1,,0,30,0,0,0,0,1,4,2,3
,2019-21932,39.624201,-104.89473,7/8/2019 10:14,10:14,12,0,0,ULSTER STREET SOUTH & BELLEVIEW AVENUE EAST,1,1,0,0,1,3,,0,35,0,0,0,0,0,4,2,13
,2019-21933,39.631338,-104.8859685,4/16/2019 7:54,7:54,3,0,0,UNION AVENUE EAST & XENIA STREET SOUTH,1,1,1,0,1,1,,0,25,0,0,0,0,0,4,2,3