id,drcog_id,latitude,longitude,crashtime,time,crashtype,numbkilled,numbinjurd,drcoglocat,rdconditin,lightngcon,roadcntgrd,weatherco,location,roaddescrp,schoolzone,constrzone,splimit,bikeinv,sctrinv,pedinv,motoinv,svrty,rdsystem,ttlvehcls,hcf
,2019-21934,39.680244,-104.9593995,10/15/2019 21:40,21:40,3,0,0,UNIVERSITY BOULEVARD SOUTH & ASBURY AVENUE EAST,1,3,0,0,1,1,,0,25,0,0,0,0,0,4,2,2
,2019-21935,39.70566,-104.959323,7/18/2019 16:55,16:55,12,0,1,UNIVERSITY BOULEVARD SOUTH  & CENTER AVENUE EAST,1,1,0,0,1,1,,0,30,0,0,0,0,1,4,2,13
,2019-21936,39.673017,-104.9593905,3/5/2019 9:35,9:35,12,0,0,UNIVERSITY BOULEVARD SOUTH & WESLEY AVENUE EAST,1,1,0,0,1,3,,0,30,0,0,0,0,0,4,2,13
,2019-21937,39.741966,-104.89167,1/30/2019 15:53,15:53,3,0,0,VALENTIA STREET NORTH & 16TH AVENUE EAST,6,1,0,0,1,1,,0,25,0,0,0,0,0,4,2,1
,2019-21938,39.767607,-104.975361,6/4/2019 19:00,19:00,10,0,1,WALNUT STREET & 35TH STREET,1,1,0,0,1,1,,0,25,0,0,0,0,1,4,2,1
,2019-21939,39.732012,-104.978682,2/12/2019 16:41,16:41,3,0,0,WASHINGTON STREET NORTH & 10TH AVENUE EAST,1,1,0,0,1,1,,0,30,0,0,0,0,0,4,2,8
,2019-21940,39.778344,-104.9793615,4/19/2019 11:00,11:00,15,0,0,WASHINGTON STREET SOUTH & 45TH AVENUE EAST,1,1,0,0,1,1,,0,35,0,0,0,0,0,4,2,13
,2019-21941,39.787389,-104.9782905,4/12/2019 13:33,13:33,12,0,0,WASHINGTON STREET NORTH & 50TH AVENUE EAST,1,1,1,0,1,1,,0,35,0,0,0,0,0,4,2,13
,2019-21942,39.78132386,-104.9788786,1/11/2019 23:55,23:55,6,0,0,WASHINGTON STREET & 701 BLOCK NORTH APPROXIMATELY,2,3,0,2,1,4,,0,25,0,0,0,0,0,4,2,5
,2019-21943,39.754782,-104.9780115,11/8/2019 19:41,19:41,10,0,0,WELTON STREET & 27TH STREET,1,3,0,0,1,1,,0,30,0,0,0,0,0,4,2,8
,2019-21944,39.72488313,-104.965848,10/7/2019 10:03,10:03,6,0,0,WILLIAMS STREET NORTH & 1400 BLOCK NORTH,1,1,0,0,1,4,,0,30,0,0,0,0,0,4,2,13
,2019-21945,39.769407,-105.04746,11/19/2019 9:55,9:55,15,0,0,WINONA COURT NORTH & 38TH AVENUE WEST,1,1,0,0,1,1,,0,25,0,0,0,0,0,4,2,13
,2019-21946,39.69495,-105.0472125,9/27/2019 22:31,22:31,6,0,0,WINONA COURT SOUTH & ARIZONA AVENUE WEST,1,3,0,0,1,4,,0,25,0,0,0,0,0,4,2,13
,2019-21947,39.742191,-105.0486705,5/10/2019 22:01,22:01,3,0,1,WOLFF STREET NORTH & 16TH AVENUE WEST,1,2,0,0,1,1,,0,25,0,0,0,0,1,4,2,13
,2019-21948,39.794283,-104.831271,10/20/2019 1:36,1:36,3,0,0,WORCHESTER STREET NORTH & MAXWELL PLACE EAST,1,3,0,0,1,1,,0,,0,0,0,0,0,4,2,13
,2019-21950,39.753774,-104.998509,3/22/2019 19:41,19:41,15,0,0,WYNKOOP STREET & 18TH STREET,2,3,0,1,1,1,,0,35,0,0,0,0,0,4,2,14
,2019-21951,39.667464,-104.936211,3/9/2019 17:04,17:04,3,0,1,YALE AVENUE EAST & CLERMONT DRIVE SOUTH,1,1,0,0,1,1,,0,30,0,0,0,0,1,4,2,13
,2019-21952,39.667464,-104.936211,9/12/2019 15:56,15:56,1,0,1,YALE AVENUE EAST & CLERMONT DRIVE SOUTH,1,1,0,0,1,1,,0,35,0,0,0,0,1,4,2,13
,2019-21953,39.667707,-105.0298695,11/6/2019 15:45,15:45,3,0,2,YALE AVENUE WEST & IRVING STREET SOUTH,2,2,0,0,1,1,,0,30,0,0,0,0,1,4,3,3
,2019-21954,39.667698,-104.9726205,8/16/2019 20:50,20:50,1,0,0,YALE AVENUE 4100 EAST & YALE AVENUE EAST,1,3,0,0,1,1,,0,30,0,0,0,0,0,4,3,7
,2019-21955,39.773943,-104.959431,8/1/2019 6:46,6:46,3,0,0,YORK STREET NORTH & 41ST AVENUE EAST,1,1,0,0,1,2,,0,25,0,0,0,0,0,4,2,13
,2019-21956,39.776409,-104.959413,4/23/2019 9:01,9:01,3,0,3,YORK STREET NORTH & 43RD AVENUE EAST,1,1,0,0,1,1,,0,25,0,0,0,0,1,4,2,13
,2019-21957,39.781962,-104.9592915,5/11/2019 10:30,10:30,3,0,0,YORK STREET NORTH & 47TH AVENUE EAST,1,1,0,0,1,1,,0,25,0,0,0,0,0,4,2,12
,2019-21958,39.762018,-104.959773,9/12/2019 19:55,19:55,1,0,0,YORK STREET NORTH & MLK BOULEVARD EAST,1,3,0,0,1,1,,0,30,0,0,0,0,0,4,2,1
,2019-21959,39.624201,-104.8853295,1/7/2019 8:18,8:18,12,0,0,YOSEMITE STREET SOUTH & BELLEVIEW AVENUE EAST,1,1,0,0,1,1,,0,40,0,0,0,0,0,4,2,13
,2019-21960,39.689559,-105.0520905,4/19/2019 15:56,15:56,3,0,1,ZENOBIA STREET SOUTH & FLORIDA AVENUE WEST,1,1,0,0,1,2,,0,35,0,0,0,0,1,4,2,13
,2019-21962,39.73851,-105.0159195,10/23/2019 14:05,14:05,10,0,0,ZUNI STREET NORTH & 14TH AVENUE WEST,1,1,0,0,1,1,,0,35,0,0,0,0,0,4,2,8
,2019-21963,39.758409,-105.015879,3/2/2019 16:44,16:44,3,0,0,ZUNI STREET NORTH & 29TH AVENUE WEST,4,1,0,2,1,1,,0,30,0,0,0,0,0,4,2,7
,2019-21964,39.758409,-105.015879,3/4/2019 13:57,13:57,3,0,0,ZUNI STREET NORTH & 29TH AVENUE WEST,1,1,1,0,1,1,,0,30,0,0,0,0,0,4,2,13
,2019-21965,39.690873,-105.01569,1/16/2019 16:20,16:20,12,0,2,ZUNI STREET SOUTH & ARKANSAS AVENUE WEST,1,1,1,0,1,3,,0,25,0,0,0,0,1,4,2,5
,2019-21966,39.678696,-105.015681,3/22/2019 20:00,20:00,3,0,2,ZUNI STREET SOUTH & EVANS AVENUE WEST,2,3,0,1,1,1,,0,25,0,0,0,0,2,4,6,12
,2019-21967,39.678696,-105.015681,7/10/2019 20:50,20:50,15,0,0,ZUNI STREET SOUTH & EVANS AVENUE WEST,1,3,0,0,1,1,,0,30,0,0,0,0,0,4,2,3
,2019-2197,39.75269615,-104.9929185,7/10/2019 13:34,13:34,6,0,0,MARKET STREET & 19TH STREET,1,1,0,0,1,4,,0,25,0,0,0,0,0,4,2,14
,2019-2198,39.70312432,-105.0295887,9/30/2019 7:30,7:30,6,0,0,WASH PLACE WEST & IRVING STREET SOUTH,1,1,0,0,1,4,,0,25,0,0,0,0,0,4,2,13
,2019-2205,39.68344795,-104.9804831,7/18/2019 14:57,14:57,6,0,0,PEARL STREET SOUTH & COLORADO AVENUE EAST,1,1,0,0,1,4,,0,25,0,0,0,0,0,4,2,13
,2019-2207,39.73813874,-104.9338465,9/25/2019 18:24,18:24,6,0,0,CHERRY STREET NORTH & 14TH AVENUE EAST,1,2,0,0,1,4,,0,25,0,0,0,0,0,4,3,13
,2019-2208,39.72564692,-104.9862613,9/12/2019 22:35,22:35,15,0,0,LINCOLN STREET NORTH & SIXTH AVENUE EAST,1,3,0,0,1,3,,0,30,0,0,0,0,0,4,2,13
,2019-2209,39.62472052,-104.9069577,1/25/2019 16:30,16:30,6,0,0,NEWPORT STREET 4900 BLOCK SOUTH & CHENANGO AVENUE EAST,1,1,0,0,1,4,,0,,0,0,0,0,0,4,2,13
,2019-2212,39.7084768,-104.9035114,8/31/2019 7:25,7:25,5,0,0,QUEBEC STREET SOUTH & ALAMEDA AVENUE EAST,1,1,0,0,3,4,,0,35,0,0,0,0,0,4,1,1
,2019-2213,39.73683975,-104.8975563,5/18/2019 9:00,9:00,6,0,0,SPRUCE STREET NORTH & 13TH AVENUE EAST,1,1,0,0,1,4,,0,25,0,0,0,0,0,4,2,7
,2019-2214,39.70537646,-104.9733742,5/30/2019 12:08,12:08,6,0,0,DOWNING STREET SOUTH & CENTER AVENUE EAST,1,1,0,0,1,4,,0,30,0,0,0,1,0,4,2,13
,2019-2215,39.75436353,-104.9757563,7/30/2019 18:51,18:51,6,0,0,EMERSON STREET NORTH & 26TH AVENUE EAST,1,1,0,0,1,4,,0,25,0,0,0,0,0,4,2,13
,2019-2216,39.71459244,-105.0156964,10/25/2019 5:15,5:15,6,0,1,ZUNI STREET SOUTH & BAYAUD AVENUE WEST,1,4,0,0,1,4,,0,30,0,0,0,0,2,4,3,7
,2019-22161,39.740384,-105.017599,1/7/2019 16:31,16:31,5,0,0,COLFAX AVENUE WEST & I25 SOUTHBOUND ON RAMP,1,1,0,0,2,4,,0,45,0,0,0,0,0,2,1,14
,2019-2217,39.82927077,-104.7718663,8/9/2019 9:20,9:20,6,0,0,PENA BOULEVARD & TOWER ROAD NORTH,1,1,1,0,1,4,,0,65,0,0,0,0,0,4,2,14
,2019-22170,39.783609,-104.791392,4/1/2019 6:08,6:08,3,0,0,GREEN VALLEY RANCH BOULEVARD & PENA BOULEVARD,1,1,0,0,1,1,,0,,0,0,0,0,0,4,2,13
,2019-22224,39.78331788,-104.8469728,2/27/2019 8:10,8:10,13,0,1,PEORIA SOUTH 4700 BLOCK NORTH & 47TH AVENUE EAST,1,1,0,0,1,4,,0,,0,0,0,0,3,4,2,13
,2019-22225,39.707487,-104.905323,6/8/2019 15:50,15:50,3,0,0,VIRGINA AVENUE EAST & PONTIAC WAY SOUTH,1,1,0,7,1,1,,0,30,0,0,0,0,0,4,2,3
,2019-22226,39.77439748,-105.0463045,1/28/2019 11:00,11:00,6,0,0,VRAIN STREET & 1855 SOUTH,4,1,1,2,1,4,,0,15,0,0,0,0,0,4,2,13
,2019-22229,39.77439748,-105.0463045,4/10/2019 8:45,8:45,13,0,1,VRAIN STREET & 3050 SOUTH,1,1,0,0,1,4,,0,20,0,0,0,0,1,4,2,13
,2019-2223,39.77640538,-104.9565371,2/15/2019 14:13,14:13,5,0,0,43RD AVENUE EAST & ELIZABETH STREET NORTH,1,1,0,0,3,3,,0,30,0,0,0,1,0,4,1,13
,2019-22230,39.776562,-105.046308,7/21/2019 18:05,18:05,1,0,0,VRAIN STREET NORTH & 44TH AVENUE WEST,1,1,0,0,1,1,,0,30,0,0,0,0,0,4,2,7
,2019-22231,39.658131,-105.046119,9/11/2019 8:07,8:07,3,0,1,VRAIN STREET SOUTH & DARTMOUTH AVENUE WEST,1,1,0,0,1,1,,0,25,0,0,0,0,1,4,2,14
,2019-22232,39.6639855,-104.8896922,11/23/2019 5:56,5:56,5,0,0,WABASH STREET SOUTH & 4002 SOUTH WABASH STREET,1,3,0,0,2,4,,0,25,0,0,0,0,0,4,1,13
,2019-22233,39.751929,-104.889852,5/19/2019 22:10,22:10,1,0,0,WABASH STREET NORTH & CENTRAL PARK BOULEVARD NORTH,1,3,0,0,1,1,,0,35,0,0,0,0,0,4,2,3
,2019-22234,39.62988,-105.087042,7/10/2019 2:21,2:21,12,0,0,WADSWORTH WAY SOUTH  & LAYTON AVENUE WEST,1,3,0,0,1,1,,0,40,0,0,0,0,0,4,2,7
,2019-22236,39.764826,-104.9789835,10/4/2019 23:43,23:43,3,0,0,WALNUT STREET & 32ND STREET,1,3,0,0,1,1,,0,,0,0,0,0,0,4,2,13
,2019-22237,39.765744,-104.9777505,9/11/2019 16:19,16:19,10,0,0,WALNUT STREET & 33RD STREET,1,1,0,0,1,1,,0,30,0,0,0,0,0,4,2,8
,2019-22238,39.76466363,-104.9791964,7/4/2019 23:58,23:58,6,0,0,WALNUT STREET & 3400 BLOCK,1,3,0,0,1,4,,0,30,0,0,0,0,0,4,3,13
,2019-22239,39.766662,-104.9765805,5/28/2019 15:25,15:25,3,0,0,WALNUT STREET & 34TH STREET,1,1,0,0,1,1,,0,25,0,0,0,0,0,4,2,1
,2019-22240,39.768552,-104.9741685,4/18/2019 17:25,17:25,3,0,0,WALNUT STREET & 36TH STREET,1,1,0,0,1,1,,0,25,0,0,0,0,0,4,3,8
,2019-22241,39.768552,-104.9741685,10/1/2019 6:46,6:46,3,0,0,WALNUT STREET & 36TH STREET,2,2,0,1,1,1,,0,30,0,0,0,0,0,4,2,13
,2019-22242,39.770262,-104.9719725,2/27/2019 9:28,9:28,3,0,0,WALNUT STREET & 38TH STREET,1,1,0,0,1,1,,0,30,0,0,0,0,0,4,2,1
,2019-22244,39.680379,-104.931612,2/16/2019 20:38,20:38,5,0,1,DAHLIA STREET SOUTH & ASBURY AVENUE EAST,1,4,0,0,1,1,,0,30,0,0,0,0,3,4,1,5
,2019-22245,39.780036,-104.7609585,9/6/2019 14:57,14:57,11,0,1,ESPANA WAY NORTH & 46TH AVENUE EAST,1,1,0,0,1,1,,0,25,0,1,1,0,3,4,2,1
,2019-22246,39.73383,-104.986161,1/24/2019 19:31,19:31,11,0,1,LINCOLN STREET NORTH & 11TH AVENUE EAST,5,3,0,0,1,1,,0,,0,0,1,0,1,4,2,13
,2019-22247,39.72491,-105.012638,5/27/2019 2:11,2:11,5,0,2,SIXTH EASTBOUND TO & I25 RAMP NB/SB SPLIT GORE POINT,1,3,0,0,3,7,,0,45,0,0,0,0,3,1,1,5
,2019-22248,39.74049276,-105.0172072,4/19/2019 7:10,7:10,5,1,1,COLFAX AVENUE WB ON RAMP FROM AURARIA & RAMP END,1,1,1,0,2,7,,0,35,0,0,0,0,4,2,1,14
,2019-22255,39.733668,-104.975271,7/10/2019 19:11,19:11,2,0,1,11TH AVENUE EAST & OGDEN STREET NORTH,1,2,0,0,1,1,,0,30,1,0,0,0,1,4,2,1
,2019-22256,39.736854,-104.973039,5/11/2019 23:00,23:00,11,0,1,13TH AVENUE EAST & DOWNING STREET NORTH,1,3,0,0,1,1,,0,,0,0,1,0,2,4,2,13
,2019-22257,39.674898,-104.98284,11/13/2019 18:06,18:06,2,0,1,ILIFF AVENUE EAST & LOGAN STREET SOUTH,1,3,1,0,1,1,,0,,1,0,0,0,2,4,2,13
,2019-22258,39.73383,-104.986161,4/1/2019 12:50,12:50,2,0,1,LINCOLN STREET NORTH & 11TH AVENUE EAST,1,1,1,0,1,1,,0,30,1,0,0,0,3,4,2,13
,2019-22267,39.70022117,-104.957086,3/18/2019 0:05,0:05,6,0,2,KENTUCKY AVENUE EAST & COLUMBINE STREET SOUTH,1,4,0,0,1,4,,0,20,0,0,0,0,3,4,2,5
,2019-2227,39.73289467,-105.0394575,11/2/2019 2:35,2:35,12,0,0,10TH AVENUE WEST & PERRY STREET NORTH,1,3,0,0,1,3,,0,,0,0,0,0,0,4,2,13
,2019-22276,39.72737422,-104.9034806,4/17/2019 17:30,17:30,1,0,1,QUEBEC STREET 700 BLOCK NORTH & SEVENTH AVENUE EAST,1,1,0,0,1,2,,0,35,0,0,0,0,3,4,2,3
,2019-22278,39.673319,-104.940708,12/2/2019 20:15,20:15,8,0,1,COLORADO BOULEVARD SOUTH & WESLEY AVENUE EAST,1,3,0,0,1,1,,0,,0,0,0,0,3,2,3,13
,2019-22279,39.674733,-104.940642,1/12/2019 18:12,18:12,11,0,1,COLORADO BOULEVARD SOUTH & ILIFF AVENUE EAST,1,3,0,0,1,4,,0,40,0,0,1,0,1,2,2,13
,2019-2228,39.74327994,-104.9848466,10/11/2019 18:00,18:00,12,0,0,17TH AVENUE 100 BLOCK EAST & SHERMAN STREET NORTH,1,1,0,0,1,3,,0,30,0,0,0,0,0,4,2,14
,2019-22280,39.67488,-104.940644,9/5/2019 1:15,1:15,5,0,1,HIGHWAY 2 / COLORADO BOULEVARD SOUTH & ILIFF AVENUE EAST,1,3,0,0,2,1,,0,35,0,0,0,0,3,2,1,9
,2019-22282,39.676627,-104.940637,5/20/2019 13:41,13:41,3,0,1,COLORADO BOULEVARD SOUTH & WARREN AVENUE EAST,2,1,0,1,1,1,,0,25,0,0,0,0,3,2,2,7
,2019-22283,39.680122,-104.94064,9/7/2019 16:42,16:42,2,0,1,HIGHWAY 2 / COLORADO BOULEVARD SOUTH & BUCHTEL BOULEVARD EAST,1,1,0,0,1,1,,0,,1,0,0,0,2,2,2,7
,2019-22284,39.680122,-104.94064,11/8/2019 15:34,15:34,2,0,1,BUCHTEL BOULEVARD EAST / COLORADO CENTER DRIVE & COLORADO BOULEVARD SOUTH,1,1,0,0,1,1,,0,,1,0,0,0,2,2,2,1
,2019-22285,39.685667,-104.940548,6/8/2019 16:59,16:59,12,0,1,COLORADO BOULEVARD SOUTH & MEXICO AVENUE EAST,1,1,0,0,1,1,,0,40,0,0,0,0,3,2,2,5
,2019-22286,39.689321,-104.940549,6/4/2019 12:54,12:54,2,0,1,COLORADO BOULEVARD SOUTH & FLORIDA AVENUE EAST,1,1,1,0,1,1,,0,,1,0,0,0,2,2,2,13
,2019-22287,39.689468,-104.940549,4/6/2019 7:05,7:05,3,0,2,COLORADO BOULEVARD SOUTH & FLORIDA AVENUE EAST,1,1,0,0,1,1,,0,35,0,0,0,0,3,2,2,1
,2019-22288,39.694786,-104.940551,7/12/2019 15:05,15:05,1,0,1,COLORADO BOULEVARD SOUTH & ARIZONA AVENUE EAST,1,1,0,0,1,1,,0,35,0,0,0,0,3,2,2,13
,2019-22289,39.696625,-104.940562,7/18/2019 7:41,7:41,11,0,1,COLORADO BOULEVARD SOUTH & MISSISSIPPI AVENUE EAST,1,1,1,0,1,1,,0,35,0,0,1,0,2,2,2,13
,2019-2229,39.74945726,-104.9651363,10/14/2019 8:27,8:27,6,0,0,22ND AVENUE EAST & HIGH STREET NORTH,1,1,0,0,1,4,,0,30,0,0,0,0,0,4,2,13
,2019-22290,39.696625,-104.940562,8/14/2019 12:46,12:46,11,0,1,COLORADO BOULEVARD SOUTH & MISSISSIPPI AVENUE EAST,1,1,0,0,1,1,,0,30,0,0,1,0,1,2,2,13
,2019-22291,39.696625,-104.940562,9/18/2019 18:39,18:39,11,0,1,HIGHWAY 2 / COLORADO BOULEVARD SOUTH & MISSISSIPPI AVENUE EAST,1,1,0,0,1,1,,0,45,0,0,1,0,2,2,2,13
,2019-22292,39.696572,-104.940611,12/31/2019 15:43,15:43,11,0,1,MISSISSIPPI AVENUE EAST & COLORADO BOULEVARD SOUTH,5,1,1,0,1,1,,0,35,0,0,1,0,1,2,2,13
,2019-22300,39.717824,-104.940628,2/27/2019 14:02,14:02,1,0,2,COLORADO BOULEVARD NORTH & FIRST AVENUE EAST,1,1,0,0,1,1,,0,35,0,0,0,0,3,2,2,13
,2019-22301,39.717824,-104.940628,10/24/2019 11:24,11:24,1,1,1,COLORADO BOULEVARD NORTH & FIRST AVENUE EAST,1,1,1,0,1,1,,0,35,0,0,0,0,4,2,3,13
,2019-22302,39.720916,-104.940629,7/20/2019 7:50,7:50,2,0,1,THIRD AVENUE EAST & COLORADO BOULEVARD NORTH,1,1,0,0,1,1,,0,25,1,0,0,0,3,2,2,3
,2019-22303,39.725476,-104.940629,9/3/2019 0:17,0:17,3,0,1,HIGHWAY 2 / COLORADO BOULEVARD NORTH & SIXTH AVENUE EAST,1,4,0,0,1,1,,0,35,0,0,0,0,3,2,2,13
,2019-22304,39.734732,-104.940618,9/14/2019 2:13,2:13,8,1,3,COLORADO BOULEVARD NORTH & 12TH AVENUE EAST,1,3,0,0,1,1,,0,40,0,0,0,0,4,2,2,1
,2019-22305,39.740086,-104.940612,4/22/2019 20:14,20:14,11,0,1,COLORADO BOULEVARD NORTH & COLFAX AVENUE EAST / 1400 BLOCK NORTH,1,3,0,0,1,1,,0,35,0,0,1,0,2,2,2,1
,2019-22306,39.740086,-104.940612,6/9/2019 1:10,1:10,3,2,2,COLFAX AVENUE EAST & COLORADO BOULEVARD NORTH,1,3,0,0,1,1,,0,35,0,0,0,0,4,2,3,9
,2019-22307,39.740086,-104.940612,7/6/2019 9:45,9:45,1,0,2,COLFAX AVENUE EAST & COLORADO BOULEVARD NORTH,1,1,0,0,1,1,,0,35,0,0,0,0,3,2,2,1
,2019-22308,39.740086,-104.940612,8/14/2019 14:56,14:56,11,0,1,COLFAX AVENUE NORTH & HIGHWAY 2 / COLORADO BOULEVARD NORTH,1,1,0,0,1,1,,0,,0,0,1,0,1,2,2,13
,2019-22309,39.740086,-104.940612,9/22/2019 18:07,18:07,11,0,1,COLORADO BOULEVARD NORTH & COLFAX AVENUE EAST,1,2,0,0,1,1,,0,,0,0,1,0,3,2,2,13
,2019-2231,39.78743542,-105.0395101,6/12/2019 2:11,2:11,6,0,0,50TH AVENUE 4000 BLOCK WEST & PERRY STREET NORTH,1,3,0,2,1,4,,0,25,0,0,0,0,0,4,2,13
,2019-22310,39.740086,-104.940612,11/11/2019 7:14,7:14,11,0,0,COLFAX AVENUE EAST & COLORADO BOULEVARD NORTH,4,1,0,2,1,1,,0,35,0,0,1,0,0,2,2,7
,2019-22311,39.747364,-104.940604,11/20/2019 17:34,17:34,3,0,2,COLORADO BOULEVARD NORTH & MONTVIEW BOULEVARD EAST,2,3,1,2,1,1,,0,35,0,0,0,0,3,2,3,5
,2019-22312,39.751011,-104.940599,10/12/2019 17:24,17:24,2,0,0,COLORADO BOULEVARD NORTH & 23RD AVENUE EAST,1,1,0,0,1,1,,0,40,1,0,0,0,0,2,2,3
,2019-22313,39.756637,-104.940532,2/1/2019 19:03,19:03,11,0,1,COLORADO BOULEVARD NORTH & 28TH AVENUE EAST,1,3,0,0,1,4,,0,35,0,0,1,0,3,2,2,13
,2019-22314,39.758322,-104.940525,3/6/2019 5:55,5:55,1,0,2,COLORADO BOULEVARD NORTH & 29TH AVENUE EAST,1,3,0,0,1,1,,0,35,0,0,0,0,3,2,2,13
,2019-22315,39.765639,-104.940496,9/28/2019 1:09,1:09,2,0,1,COLORADO BOULEVARD NORTH & 35TH AVENUE EAST,1,3,0,0,1,1,,0,,1,0,0,0,2,2,2,14
,2019-22316,39.765639,-104.940496,11/14/2019 7:18,7:18,11,0,1,COLORADO BOULEVARD NORTH & 35TH AVENUE EAST,1,1,0,1,1,1,,0,25,0,0,1,0,1,2,2,13
,2019-22317,39.780462,-104.940714,7/28/2019 23:40,23:40,2,0,1,COLORADO BOULEVARD NORTH & 4600 BLOCK NORTH,1,4,0,0,1,4,,0,35,1,0,0,0,2,2,2,14
,2019-22318,39.783831,-104.940459,5/14/2019 17:24,17:24,1,0,2,COLORADO BOULEVARD NORTH & 48TH AVENUE EAST,1,1,0,0,1,1,,0,40,0,0,0,0,3,2,2,1
,2019-22319,39.783772,-104.940519,11/24/2019 14:56,14:56,1,0,1,COLORADO BOULEVARD NORTH & 48TH AVENUE EAST,1,1,0,0,1,1,,0,40,0,0,0,0,3,2,2,13
,2019-2232,39.7508704,-105.0236229,8/10/2019 19:00,19:00,6,0,0,23RD AVENUE WEST & ELIOT STREET NORTH,1,1,0,0,1,4,,0,25,0,0,0,0,0,4,2,8
,2019-22327,39.725423,-105.029848,8/20/2019 21:47,21:47,11,0,0,SIXTH AVENUE WEST & FEDERAL BOULEVARD NORTH,1,3,0,0,1,4,,0,,0,0,1,0,0,2,2,13
,2019-22328,39.725211,-105.017879,11/10/2019 11:05,11:05,5,0,1,SIXTH AVENUE WEST & EASTBOUND EXIT GORE POINT TO I25,1,1,1,0,2,4,,0,55,0,0,0,0,3,2,1,14
,2019-22329,39.725613,-105.011329,11/21/2019 18:42,18:42,12,0,11,SIXTH AVENUE WEST & I25,5,4,0,2,1,4,,0,45,0,0,0,0,3,2,42,13
,2019-2233,39.66541724,-104.9384538,8/6/2019 12:01,12:01,6,0,0,AMHERST AVENUE EAST & BELLAIRE STREET SOUTH,1,1,0,0,1,4,,0,25,0,0,0,0,0,4,2,2
,2019-22330,39.72546,-105.01393,4/25/2019 16:09,16:09,12,0,1,SIXTH AVENUE & I25 SOUTHBOUND OFF LOOP RAMP ENTRANCE GORE POINT,1,1,1,0,1,4,,0,55,0,0,0,0,3,2,2,12
,2019-22331,39.784596,-104.94709,11/8/2019 19:58,19:58,5,0,1,VASQUEZ BOULEVARD NORTH & 48TH AVENUE EAST,1,3,0,0,3,3,,1,35,0,0,0,0,3,2,2,5
,2019-22357,39.755141,-105.012706,12/30/2019 14:30,14:30,12,0,1,I25 & SPEER BOULEVARD NORTH,1,1,0,0,1,4,,0,65,0,0,0,0,1,1,2,12
,2019-2236,39.7094408,-105.0329857,8/30/2019 11:41,11:41,6,0,0,DAKOTA AVENUE WEST & KNOX COURT SOUTH,1,1,0,0,1,4,,0,25,0,0,0,0,0,4,2,14
,2019-22364,39.627163,-104.903401,11/1/2019 13:50,13:50,5,0,2,I25 & BELLEVIEW AVENUE EAST,1,1,0,0,3,4,,0,60,0,0,0,0,3,1,1,1
,2019-22365,39.630353,-104.905149,3/11/2019 14:06,14:06,12,0,2,I25 & I225 NORTHBOUND DIRECT CONNECT RAMP,1,1,0,0,1,4,,0,65,0,0,0,0,3,1,2,13
,2019-22366,39.637856,-104.909356,11/16/2019 23:20,23:20,12,0,1,I25 & I225,1,3,0,0,1,4,,0,65,0,0,0,0,3,1,3,5
,2019-22367,39.648026,-104.915377,5/31/2019 1:15,1:15,11,1,0,I25 & HAMPDEN AVENUE EAST,1,3,0,0,1,4,,0,55,0,0,1,0,4,1,2,13
,2019-22368,39.650993,-104.9171,10/24/2019 2:00,2:00,5,0,2,I25 NORTHBOUND EXIT GORE POINT TO & HAMPDEN AVENUE EAST,6,3,0,2,3,4,,0,65,0,0,0,0,3,1,1,7
,2019-22369,39.653208,-104.918306,10/31/2019 19:46,19:46,11,0,1,I25 NORTHBOUND ON SLIP RAMP FROM & HAMPDEN AVENUE EAST,1,3,0,0,1,7,,0,40,0,0,1,0,3,1,2,8
,2019-2237,39.71126144,-105.0332729,4/15/2019 6:51,6:51,15,0,0,MORRISON ROAD 3500 BLOCK & KNOX COURT SOUTH,1,1,0,0,1,4,,0,30,0,0,0,0,0,4,2,13
,2019-22370,39.666578,-104.924855,11/21/2019 5:27,5:27,12,0,2,I25 & YALE AVENUE EAST,2,3,0,2,1,4,,0,60,0,0,0,0,3,1,2,1
,2019-22371,39.68457361,-104.9594898,2/10/2019 2:38,2:38,12,0,4,I25 & UNIVERSITY BOULEVARD SOUTH,1,3,1,0,1,4,,0,60,0,0,0,0,3,1,2,5
,2019-22372,39.68486,-104.9594,12/7/2019 1:16,1:16,3,0,4,UNIVERSITY BOULEVARD SOUTH & I25 SOUTHBOUND OFF RAMP,1,3,0,0,1,1,,0,35,0,0,0,0,3,1,3,5
,2019-22373,39.692284,-104.976903,11/29/2019 14:04,14:04,15,0,1,I25 NORTHBOUND & EMERSON STREET SOUTH,2,1,0,0,1,4,,0,60,0,0,0,0,3,1,2,3
,2019-22374,39.697043,-104.982249,1/21/2019 8:30,8:30,12,0,3,I25 NORTHBOUND ON RAMP & LOGAN STREET SOUTH,1,1,1,0,1,7,,0,55,0,0,0,0,3,1,3,3
,2019-22375,39.701988,-104.988067,9/21/2019 10:20,10:20,5,0,1,I25 & BROADWAY STREET SOUTH,1,1,1,0,2,4,,0,65,0,0,0,0,3,1,2,13
,2019-22376,39.759258,-105.007002,3/12/2019 7:24,7:24,5,0,2,I25 & 20TH STREET,1,1,0,0,2,4,,0,65,0,0,0,0,1,1,2,1
,2019-22377,39.707253,-104.996845,4/4/2019 11:29,11:29,15,0,2,I25 SOUTHBOUND ON RAMP & SANTA FE DRIVE NORTH,1,1,0,0,1,7,,0,45,0,0,0,0,3,1,2,3
,2019-22378,39.71325659,-104.9994036,5/13/2019 5:21,5:21,2,0,1,KALAMATH STREET SOUTH & CEDAR AVENUE WEST,1,1,0,0,1,1,,0,,1,0,0,0,2,1,2,13