id,drcog_id,latitude,longitude,crashtime,time,crashtype,numbkilled,numbinjurd,drcoglocat,rdconditin,lightngcon,roadcntgrd,weatherco,location,roaddescrp,schoolzone,constrzone,splimit,bikeinv,sctrinv,pedinv,motoinv,svrty,rdsystem,ttlvehcls,hcf
,2019-22379,39.72491,-105.012638,9/7/2019 23:49,23:49,5,0,1,I25 NORTHBOUND ON RAMP LOOP ENTRANCE GORE POINT FROM & HIGHWAY 6 EASTBOUND,1,3,1,0,3,7,,0,40,0,0,0,1,3,1,1,5
,2019-2238,39.676674,-104.9671119,8/22/2019 12:19,12:19,3,0,0,WARREN AVENUE 1700 BLOCK EAST & WILLIAMS STREET SOUTH,1,1,0,0,1,5,,0,15,0,0,0,0,0,4,2,13
,2019-22380,39.72491,-105.012638,7/11/2019 21:34,21:34,5,1,0,I25 NORTHBOUND LOOP ON RAMP FROM SIXTH AVENUE & RAMP BEGIN,1,3,1,0,2,7,,0,55,0,0,0,0,4,1,1,1
,2019-22381,39.72301,-105.010662,7/7/2019 2:35,2:35,12,0,1,I25 NORTHBOUND EXIT GORE POINT & SIXTH AVENUE EAST,1,3,2,0,1,4,,0,65,0,0,0,0,3,1,2,5
,2019-22382,39.72491,-105.012638,4/28/2019 16:46,16:46,9,1,3,I25 NORTHBOUND LOOP ON RAMP FROM SIXTH AVENUE & RAMP BEGIN,1,1,1,0,1,7,,0,55,0,0,0,0,4,1,1,1
,2019-22383,39.72543,-105.013021,1/14/2019 13:39,13:39,15,0,1,I25 & SIXTH AVENUE WEST INTCH,1,1,0,0,1,4,,0,65,0,0,0,0,3,1,3,3
,2019-22384,39.729174,-105.014764,3/5/2019 20:35,20:35,5,0,1,I25 & EIGHTH AVENUE WEST,2,3,0,0,2,4,,0,55,0,0,0,0,3,1,1,7
,2019-22385,39.729489,-105.014877,2/15/2019 5:30,5:30,12,0,1,I25 & EIGHTH AVENUE WEST,1,1,0,0,1,4,,0,55,0,0,0,0,3,1,3,13
,2019-22386,39.74031419,-105.0140662,12/22/2019 22:49,22:49,5,0,1,I25 & COLFAX AVENUE WEST,1,3,0,0,3,4,,0,55,0,0,0,0,3,1,1,3
,2019-22387,39.74031684,-105.0140498,10/31/2019 19:12,19:12,11,0,1,I25 NORTHBOUND EXIT GORE POINT TO & COLFAX AVENUE WEST,1,3,1,0,1,4,,0,55,0,0,1,0,1,1,3,1
,2019-22388,39.738069,-105.013852,6/16/2019 23:22,23:22,12,0,3,I25 & COLFAX AVENUE WEST,1,3,1,0,1,4,,0,55,0,0,0,0,3,1,2,7
,2019-22389,39.751291,-105.016572,4/23/2019 14:55,14:55,12,0,1,I25 & 23RD AVENUE WEST,1,1,0,0,1,4,,0,55,0,0,0,0,3,1,3,7
,2019-2239,39.72555612,-104.9013135,3/2/2019 3:55,3:55,15,0,1,SIXTH AVENUE EAST & ROSLYN STREET NORTH,1,3,0,0,1,4,,0,25,0,0,0,0,1,4,2,13
,2019-22390,39.769142,-104.995466,4/7/2019 10:17,10:17,12,0,1,38TH AVENUE WEST & FOX STREET NORTH,1,1,1,0,1,1,,0,35,0,0,0,0,3,1,2,1
,2019-22391,39.756353,-105.011028,4/21/2019 13:34,13:34,12,0,2,I25 SOUTHBOUND EXIT GORE POINT & SPEER BOULEVARD NORTH,1,1,0,0,1,4,,0,55,0,0,0,0,3,1,4,3
,2019-22392,39.756447,-105.010899,11/25/2019 17:40,17:40,15,0,0,I25 SOUTHBOUND EXIT GORE POINT TO & SPEER BOULEVARD NORTH,4,3,0,2,1,4,,0,,0,0,0,0,0,1,2,13
,2019-22393,39.75654,-105.010772,9/3/2019 15:01,15:01,12,0,1,I25 SOUTHBOUND EXIT GORE POINT & SPEER BOULEVARD NORTH,1,1,0,0,1,4,,0,55,0,0,0,0,3,1,2,3
,2019-22394,39.711145,-105.020337,9/20/2019 15:30,15:30,2,0,0,ALAMEDA AVENUE WEST & CLAY STREET SOUTH,1,1,0,0,1,1,,0,25,1,0,0,0,0,2,2,13
,2019-22395,39.748941,-105.0012495,7/12/2019 16:19,16:19,15,0,0,14TH STREET & BLAKE STREET,1,1,0,0,1,1,,0,30,0,0,0,0,0,4,2,1
,2019-22396,39.758227,-105.00919,11/14/2019 9:13,9:13,12,0,1,I25 & 16TH STREET,2,1,1,0,1,4,,0,55,0,0,0,0,3,1,3,1
,2019-22397,39.760615,-105.004878,4/5/2019 19:45,19:45,12,0,3,I25 & 20TH STREET,1,3,0,0,1,4,,0,55,0,0,0,0,3,1,2,5
,2019-22398,39.760997,-105.004275,2/8/2019 0:39,0:39,11,0,1,20TH STREET & I25 SOUTHBOUND ON RAMP,1,3,0,0,1,1,,0,30,0,0,1,0,1,1,2,13
,2019-22399,39.760997,-105.004275,8/11/2019 21:18,21:18,11,0,1,20TH STREET & I25 SOUTHBOUND ON RAMP,1,3,1,0,1,1,,0,35,0,1,1,0,2,1,2,14
,2019-22400,39.760997,-105.004275,1/11/2019 22:30,22:30,11,0,2,20TH STREET & I25 NORTHBOUND ON RAMP,2,3,1,1,1,1,,0,30,0,0,1,0,2,1,3,13
,2019-22401,39.760997,-105.004275,7/24/2019 19:07,19:07,11,0,1,20TH STREET & I25 NORTHBOUND OFF RAMP,1,1,1,0,1,1,,0,35,0,0,1,0,1,1,2,14
,2019-22402,39.760997,-105.004275,10/5/2019 9:30,9:30,11,0,0,20TH STREET & I25 NORTHBOUND OFF RAMP,1,1,0,0,1,1,,0,25,0,1,1,0,0,1,2,14
,2019-22403,39.763479,-105.001808,12/4/2019 11:06,11:06,6,0,1,I25 SOUTHBOUND EXIT GORE POINT TO & 20TH STREET,2,1,0,0,3,4,,0,,0,0,0,0,3,1,2,13
,2019-22404,39.764844,-105.000809,5/19/2019 2:46,2:46,12,0,1,I25 & 20TH STREET,1,3,0,0,1,4,,0,55,0,0,0,0,3,1,2,5
,2019-22406,39.76916991,-104.9952176,10/3/2019 11:49,11:49,15,0,2,FOX STREET NORTH & 38TH AVENUE WEST,1,1,1,0,1,1,,0,35,0,0,0,0,3,1,2,14
,2019-22407,39.768039,-104.994789,12/4/2019 20:40,20:40,12,0,1,PARK AVENUE WEST & I25 NORTHBOUND OFF RAMP,1,3,0,0,1,1,,0,35,0,0,0,0,3,1,3,5
,2019-22408,39.768143,-104.994545,1/7/2019 8:21,8:21,11,0,1,I25 NORTHBOUND ON RAMP & PARK AVENUE WEST,1,1,0,0,1,7,,0,5,0,0,1,0,1,1,2,13
,2019-22409,39.772184,-104.989995,4/24/2019 9:24,9:24,12,0,1,I25 SOUTHBOUND ON RAMP ENTRANCE GORE POINT FROM & I70 WB,1,1,1,0,1,7,,0,55,0,0,0,0,3,1,3,1
,2019-22426,39.711256,-105.050105,8/3/2019 16:15,16:15,2,0,1,ALAMEDA AVENUE WEST & XAVIER STREET SOUTH,1,1,0,0,1,1,,0,35,1,0,0,0,2,2,2,13
,2019-22427,39.711332,-105.053258,5/23/2019 21:34,21:34,1,1,0,SHERIDAN BOULEVARD SOUTH & ALAMEDA AVENUE WEST,2,3,0,0,1,1,,0,35,0,0,0,0,4,2,3,5
,2019-22428,39.7112,-105.04202,6/28/2019 22:37,22:37,11,1,0,ALAMEDA AVENUE 4100 WEST & RALEIGH STREET SOUTH,1,3,0,0,1,1,,0,35,0,0,1,0,4,2,3,14
,2019-22429,39.7112,-105.04202,12/15/2019 17:58,17:58,11,0,1,RALEIGH STREET SOUTH & ALAMEDA AVENUE WEST,1,3,0,0,1,3,,0,,0,0,1,0,1,2,2,13
,2019-22430,39.711187,-105.039623,6/21/2019 17:25,17:25,2,0,0,ALAMEDA AVENUE WEST & PERRY STREET SOUTH,2,1,0,1,1,1,,0,,1,0,0,0,0,2,2,13
,2019-22431,39.711086,-105.023753,8/24/2019 20:11,20:11,2,0,1,ALAMEDA AVENUE WEST & ELIOT STREET SOUTH,1,2,0,0,1,1,,0,30,1,0,0,0,2,2,2,1
,2019-22432,39.711077,-105.025063,2/4/2019 11:00,11:00,11,0,1,ALAMEDA AVENUE WEST & FEDERAL BOULEVARD SOUTH,1,1,1,0,1,1,,0,25,0,0,1,0,1,2,2,13
,2019-22433,39.711096,-105.028811,3/21/2019 18:28,18:28,2,0,1,ALAMEDA AVENUE WEST & HOOKER STREET SOUTH,1,1,0,0,1,1,,0,35,1,0,0,0,2,2,2,13
,2019-22435,39.711091,-105.027501,9/30/2019 20:05,20:05,2,0,1,ALAMEDA AVENUE WEST & HAZEL COURT SOUTH,1,4,0,0,1,1,,0,,1,0,0,0,2,2,2,13
,2019-22436,39.711077,-105.025063,2/10/2019 12:28,12:28,11,0,1,ALAMEDA AVENUE WEST & FEDERAL BOULEVARD SOUTH,1,1,0,0,1,1,,0,35,0,0,1,0,2,2,2,13
,2019-22437,39.711077,-105.025063,3/6/2019 6:30,6:30,11,0,1,ALAMEDA AVENUE WEST & FEDERAL BOULEVARD SOUTH,1,2,0,0,1,1,,0,35,0,0,1,0,1,2,2,3
,2019-22438,39.711133,-105.016823,7/1/2019 6:00,6:00,5,0,2,ALAMEDA AVENUE WEST & ALCOTT STREET SOUTH,1,1,0,1,3,1,,0,35,0,0,0,0,3,2,1,1
,2019-22439,39.711133,-105.016823,10/9/2019 13:25,13:25,2,0,1,ALAMEDA AVENUE WEST & ALCOTT STREET SOUTH,1,1,0,0,1,1,,0,,1,0,0,0,1,2,2,14
,2019-2244,39.68980654,-105.0175653,1/17/2019 23:20,23:20,6,0,0,BRYANT STREET 1400 SOUTH & FLORIDA AVENUE WEST,1,4,0,0,1,4,,0,,0,0,0,0,0,4,2,13
,2019-22440,39.711182,-105.009906,8/23/2019 13:49,13:49,11,0,0,ALAMEDA AVENUE WEST & TEJON STREET SOUTH,1,1,0,0,1,2,,0,35,0,0,1,0,0,2,2,13
,2019-22441,39.711181,-105.008597,4/16/2019 18:45,18:45,2,0,1,ALAMEDA AVENUE WEST & RARITAN STREET SOUTH,1,1,0,0,1,1,,0,35,1,0,0,0,2,2,2,13
,2019-22442,39.71118,-105.006348,2/3/2019 17:38,17:38,2,0,1,ALAMEDA AVENUE WEST & PECOS STREET SOUTH,1,3,0,0,1,1,,0,30,1,0,0,0,1,2,2,13
,2019-22443,39.711184,-105.000621,5/15/2019 14:57,14:57,3,0,2,PLATTE RIVER DRIVE SOUTH & ALAMEDA AVENUE WEST,1,1,0,0,1,1,,0,30,0,0,0,0,3,2,3,1
,2019-22444,39.653077,-104.909041,11/10/2019 15:30,15:30,2,0,1,HAMPDEN AVENUE EAST & ONEIDA WAY,1,1,0,0,1,1,,0,45,1,0,0,0,1,2,2,13
,2019-22445,39.6531,-104.906664,8/14/2019 10:40,10:40,11,0,1,HIGHWAY 30 / HAMPDEN AVENUE EAST & OLEANDER PLACE SOUTH,1,1,0,0,1,2,,0,40,0,0,1,0,1,2,2,1
,2019-22446,39.653111,-104.900072,9/27/2019 13:50,13:50,2,0,0,HAMPDEN AVENUE EAST & 7785 EAST HAMPDEN AVENUE,1,1,0,0,1,2,,0,,1,0,0,0,0,2,2,13
,2019-22447,39.653077,-104.898688,9/23/2019 11:45,11:45,1,0,4,HAMPDEN AVENUE EAST & TAMARAC STREET SOUTH,1,1,0,0,1,1,,0,40,0,0,0,0,3,2,2,13
,2019-22448,39.653054,-104.884765,8/25/2019 3:17,3:17,3,0,3,HAMPDEN AVENUE EAST & YOSEMITE STREET SOUTH,1,1,0,0,1,1,,0,45,0,0,0,0,3,2,2,3
,2019-22449,39.745803,-105.017947,10/29/2019 23:11,23:11,12,0,0,I25 & MM 210.75,10,3,1,2,1,4,,0,55,0,0,0,0,0,1,2,13
,2019-2245,39.65469855,-105.0455658,4/11/2019 18:30,18:30,6,0,0,3424 SOUTH WINONA COURT & HAMILTON PLACE WEST,1,1,0,0,1,4,,0,,0,0,0,0,0,4,2,13
,2019-22450,39.65306,-104.8814,12/18/2019 18:34,18:34,1,0,1,HAMPDEN AVENUE EAST & AKRON STREET SOUTH,1,3,0,0,1,1,,0,45,0,0,0,0,3,2,2,13
,2019-22451,39.666109,-104.86617,2/11/2019 18:02,18:02,12,0,1,HAVANA STREET 2700 BLOCK SOUTH & YALE AVENUE EAST,1,3,1,0,1,4,,0,40,0,0,0,0,3,2,2,1
,2019-22452,39.667514,-104.866108,12/22/2019 1:59,1:59,12,0,2,HAVANA STREET SOUTH & YALE AVENUE EAST,1,3,0,0,1,3,,0,40,0,0,0,0,3,2,3,5
,2019-2247,39.76324761,-104.9609699,2/23/2019 22:22,22:22,6,0,0,GAYLORD STREET NORTH & 33RD AVENUE EAST,4,3,0,0,1,1,,0,,0,0,0,0,0,4,3,13
,2019-2248,39.73105333,-104.9309008,11/17/2019 18:51,18:51,6,0,0,NINTH AVENUE EAST & DAHLIA STREET NORTH,1,3,0,0,1,4,,0,25,0,0,0,0,0,4,3,5
,2019-22480,39.73842,-104.9787315,12/8/2019 11:25,11:25,3,0,0,WASHINGTON STREET NORTH & 14TH AVENUE EAST,1,1,0,0,1,1,,0,30,0,0,0,0,0,4,2,13
,2019-2251,39.7653828,-104.9747862,6/15/2019 0:45,0:45,6,0,0,34TH STREET & LAWRENCE STREET,1,3,0,0,1,4,,0,35,0,0,0,0,0,4,3,5
,2019-2252,39.74802913,-104.9885119,7/13/2019 15:06,15:06,6,0,0,CALIFORNIA STREET & 19TH STREET,1,1,0,0,1,4,,0,30,0,0,0,0,0,4,2,7
,2019-2253,39.735099,-104.9450715,4/12/2019 14:13,14:13,3,0,0,MONROE STREET NORTH & 12TH AVENUE EAST,1,1,0,0,1,1,,0,25,0,0,0,0,0,4,2,8
,2019-2254,39.71142411,-104.9863625,3/23/2019 21:50,21:50,5,0,0,LINCOLN STREET 200 BLOCK SOUTH & ALAMEDA AVENUE EAST,1,3,0,0,2,4,,0,30,0,0,0,0,0,4,1,13
,2019-2255,39.716244,-104.944941,11/16/2019 22:28,22:28,6,0,1,MONROE STREET SOUTH & 1721 SOUTH MONROE STREET,1,4,0,0,1,4,,0,25,0,0,0,0,1,4,3,5
,2019-22551,39.740298,-105.052105,12/17/2019 16:55,16:55,11,1,0,COLFAX AVENUE WEST & ZENOBIA STREET NORTH,1,3,0,0,1,2,,0,35,0,0,1,0,4,2,2,13
,2019-22552,39.740353,-105.050969,4/9/2019 15:54,15:54,11,0,1,YATES STREET NORTH & COLFAX AVENUE WEST,1,1,1,0,1,1,,0,25,0,0,1,0,2,2,2,13
,2019-22553,39.740354,-105.049797,2/25/2019 16:43,16:43,2,0,1,COLFAX AVENUE WEST & XAVIER STREET NORTH,1,1,1,0,1,1,,0,30,1,0,0,0,1,2,2,13
,2019-22554,39.740349,-105.048711,2/2/2019 21:25,21:25,1,2,1,COLFAX AVENUE WEST & WOLFF STREET NORTH,1,3,0,0,1,1,,0,30,0,0,0,0,4,2,2,13
,2019-22555,39.740344,-105.047615,2/18/2019 17:06,17:06,11,0,1,COLFAX AVENUE 4700 BLOCK WEST & WINONA COURT NORTH,1,1,0,0,1,4,,0,,0,0,1,0,3,2,2,13
,2019-22556,39.740335,-105.044015,6/15/2019 12:23,12:23,2,0,1,TENNYSON STREET NORTH & COLFAX AVENUE WEST,1,1,0,0,1,1,,0,30,1,0,0,0,3,2,2,13
,2019-22557,39.740337,-105.04344,1/24/2019 11:00,11:00,10,0,1,COLFAX AVENUE 4300 WEST & TENNYSON STREET NORTH,5,1,0,2,1,5,,0,35,0,0,0,0,3,2,2,13
,2019-22558,39.740338,-105.042865,8/14/2019 20:33,20:33,1,1,0,COLFAX AVENUE WEST & STUART STREET NORTH,1,3,0,0,1,1,,0,30,0,0,0,0,4,2,2,8
,2019-22559,39.740336,-105.015418,8/18/2019 15:24,15:24,12,0,2,COLFAX AVENUE WEST & I25 SOUTHBOUND OFF RAMP,1,1,0,0,1,1,,0,35,0,0,0,0,3,2,2,3
,2019-2256,39.716244,-104.944941,8/18/2019 17:00,17:00,6,0,0,MONROE STREET SOUTH & 360 SOUTH MONROE STREET,1,1,0,0,1,4,,0,30,0,0,0,0,0,4,2,7
,2019-22560,39.74034,-105.041363,3/21/2019 21:15,21:15,11,1,0,COLFAX AVENUE 4100 BLOCK WEST & RALEIGH STREET NORTH,1,3,0,0,1,4,,0,35,0,0,1,0,4,2,2,13
,2019-22561,39.740342,-105.035718,1/22/2019 0:00,0:00,11,0,1,COLFAX AVENUE WEST & MEADE STREET NORTH,1,1,0,0,1,1,,0,30,0,0,1,0,1,2,2,7
,2019-22562,39.740339,-105.035819,12/18/2019 15:00,15:00,11,0,1,MEADE STREET NORTH & COLFAX AVENUE WEST,1,1,0,0,1,1,,0,25,0,0,1,0,2,2,2,13
,2019-22563,39.740342,-105.034582,2/22/2019 7:21,7:21,3,0,1,COLFAX AVENUE WEST & LOWELL BOULEVARD NORTH,1,1,0,0,1,1,,0,35,0,0,0,0,3,2,3,14
,2019-22564,39.740273,-105.028956,1/3/2019 6:46,6:46,11,1,0,COLFAX AVENUE WEST & IRVING STREET NORTH,1,2,0,0,1,4,,0,,0,0,1,0,4,2,2,13
,2019-22565,39.740301,-105.025904,8/28/2019 8:50,8:50,2,0,1,HIGHWAY 40 EASTBOUND LOOP ENTRANCE MERGE GORE POINT & HIGHWAY 88 / FEDERAL BOULEVARD NORTH,1,1,0,0,1,4,,0,,1,0,0,0,2,2,2,13
,2019-22566,39.740587,-105.023564,11/8/2019 22:49,22:49,11,0,1,COLFAX AVENUE WEST & HIGHWAY 88 NORTHBOUND OFF RAMP / ELIOT STREET,1,3,0,0,1,1,,0,,0,0,1,0,3,2,2,13
,2019-22567,39.740336,-105.015418,9/20/2019 11:08,11:08,3,0,2,COLFAX AVENUE WEST & I25 SOUTHBOUND OFF RAMP,1,1,1,0,1,1,,0,40,0,0,0,0,3,2,2,13
,2019-22568,39.740306,-105.014081,6/8/2019 23:22,23:22,12,0,1,COLFAX AVENUE WEST & I25,2,3,0,1,1,3,,0,45,0,0,0,0,3,2,3,5
,2019-22569,39.740276,-105.01251,4/20/2019 7:30,7:30,12,0,2,COLFAX AVENUE WEST & I25 NORTHBOUND OFF RAMP,1,1,0,0,1,1,,0,40,0,0,0,0,3,2,2,5
,2019-2257,39.77254037,-105.0393204,11/11/2019 8:02,8:02,6,0,0,PERRY STREET NORTH & 41ST AVENUE WEST,5,2,1,2,1,4,,0,25,0,0,0,0,0,4,4,13
,2019-22570,39.74022176,-105.0124079,12/9/2019 20:20,20:20,11,0,0,COLFAX AVENUE & I25 WB EXIT GORE POINT,1,4,0,0,1,1,,0,,0,0,1,0,0,2,2,13
,2019-22571,39.740082,-105.005223,1/19/2019 11:15,11:15,3,1,1,COLFAX AVENUE WEST & SEVENTH STREET,1,1,1,0,1,1,,0,35,0,0,0,0,4,2,2,5
,2019-22572,39.740082,-105.005223,6/21/2019 15:09,15:09,2,0,1,OSAGE STREET NORTH & COLFAX AVENUE WEST,1,1,1,0,1,1,,0,,1,0,0,0,2,2,2,13
,2019-22573,39.740028,-105.002765,9/17/2019 23:13,23:13,11,0,1,COLFAX AVENUE WEST & MARIPOSA STREET NORTH / NINTH STREET,1,3,0,0,1,1,,0,35,0,0,1,0,3,2,2,14
,2019-22574,39.740028,-105.002765,10/22/2019 21:11,21:11,11,0,0,COLFAX AVENUE WEST & MARIPOSA STREET NORTH,1,3,0,0,1,1,,0,35,0,0,1,0,0,2,2,7
,2019-22575,39.740035,-105.00184,1/3/2019 20:22,20:22,11,0,1,COLFAX AVENUE 1100 BLOCK WEST & LIPAN STREET NORTH,1,3,0,0,1,4,,0,35,0,0,1,0,3,2,2,13
,2019-22576,39.740038,-105.001466,8/11/2019 22:24,22:24,2,0,1,COLFAX AVENUE WEST & LIPAN STREET NORTH,1,3,0,0,1,1,,0,,1,0,0,0,1,2,2,5
,2019-22577,39.740048,-104.999948,7/14/2019 15:16,15:16,1,0,1,COLFAX AVENUE WEST & KALAMATH AVENUE NORTH,1,1,0,0,1,1,,0,35,0,0,0,0,3,2,2,14
,2019-22578,39.740035,-104.998869,5/11/2019 6:52,6:52,3,0,1,COLFAX AVENUE WEST & SPEER BOULEVARD NORTH,1,1,0,0,1,1,,0,30,0,0,0,0,3,2,3,3
,2019-22579,39.740035,-104.998869,7/20/2019 16:45,16:45,11,0,1,COLFAX AVENUE WEST & SPEER BOULEVARD NORTH,2,1,0,1,1,1,,0,,0,1,1,0,1,2,2,13
,2019-2258,39.76196309,-105.0144789,9/28/2019 19:30,19:30,6,0,0,WYANDOT STREET NORTH & 32ND AVENUE WEST,1,1,0,0,1,4,,0,25,0,0,0,0,0,4,2,13
,2019-22580,39.740035,-104.998869,9/29/2019 1:18,1:18,3,0,3,COLFAX AVENUE WEST & SPEER BOULEVARD SOUTHBOUND,1,3,0,0,1,1,,0,30,0,0,0,0,3,2,2,5
,2019-22581,39.740027,-104.987863,1/20/2019 10:55,10:55,5,0,1,COLFAX AVENUE 100 WEST & BROADWAY STREET NORTH,1,1,0,0,2,4,,0,30,0,0,0,0,3,2,1,7
,2019-22582,39.740025,-104.998125,11/21/2019 10:45,10:45,2,0,1,COLFAX AVENUE WEST & SPEER BOULEVARD,2,1,0,0,1,1,,0,35,1,0,0,0,1,2,2,13
,2019-22583,39.740007,-104.993607,7/19/2019 9:20,9:20,11,0,1,COLFAX AVENUE WEST & TREMONT PLACE,1,1,0,0,1,1,,0,,0,0,1,0,1,2,2,13
,2019-22584,39.740018,-104.996682,4/8/2019 13:10,13:10,15,0,4,COLFAX AVENUE 600 BLOCK WEST & GALAPAGO STREET NORTH,1,1,0,0,1,4,,0,30,0,0,0,0,3,2,4,2
,2019-22585,39.740006,-104.992919,4/16/2019 11:00,11:00,11,0,0,DELAWARE STREET NORTH & COLFAX AVENUE WEST,1,1,0,0,1,1,,0,25,0,0,1,0,0,2,2,13
,2019-22586,39.740006,-104.992919,6/4/2019 15:30,15:30,11,0,1,COLFAX AVENUE WEST & DELAWARE STREET SOUTH,1,1,0,0,1,1,,0,,0,0,1,0,1,2,2,13
,2019-22587,39.74007,-104.9929,12/17/2019 9:51,9:51,11,0,1,COLFAX AVENUE WEST & DELAWARE STREET NORTH,1,1,0,0,1,1,,0,25,0,0,1,0,1,2,2,13
,2019-22588,39.7402,-104.988197,11/6/2019 11:02,11:02,11,0,1,COLFAX AVENUE WEST & 15TH STREET,1,1,0,0,1,3,,0,,0,0,1,0,1,2,2,13
,2019-22589,39.740002,-104.987333,2/22/2019 17:37,17:37,11,0,1,COLFAX AVENUE WEST & BROADWAY STREET NORTH,4,2,0,2,1,1,,0,30,0,0,1,0,1,2,2,8
,2019-2259,39.63277029,-105.0499291,10/5/2019 13:57,13:57,6,0,0,WOLFF STREET SOUTH & TEMPLE PLACE WEST,1,1,0,0,1,4,,0,25,0,0,0,0,0,4,2,13
,2019-22590,39.740002,-104.987333,4/4/2019 7:03,7:03,2,0,1,COLFAX AVENUE EAST & BROADWAY STREET NORTH,1,1,1,0,1,1,,0,30,1,0,0,0,2,2,2,15
,2019-22591,39.740002,-104.987333,4/11/2019 16:34,16:34,11,0,1,COLFAX AVENUE EAST & BROADWAY STREET NORTH,1,1,0,0,1,1,,0,30,0,0,1,0,2,2,2,13
,2019-22592,39.740002,-104.987333,4/26/2019 18:35,18:35,2,0,1,COLFAX AVENUE EAST & BROADWAY STREET NORTH,1,1,0,0,1,1,,0,35,1,0,0,0,2,2,2,14
,2019-22593,39.74003,-104.982271,3/5/2019 23:55,23:55,11,0,1,COLFAX AVENUE EAST & LOGAN STREET NORTH,1,3,0,0,1,1,,0,30,0,0,1,0,2,2,2,14
,2019-22594,39.740002,-104.987333,7/22/2019 11:55,11:55,11,0,1,BROADWAY STREET NORTH & COLFAX AVENUE WEST,1,1,0,0,1,1,,0,,0,0,1,0,3,2,2,13
,2019-22595,39.740002,-104.987333,11/12/2019 14:55,14:55,11,0,1,COLFAX AVENUE EAST & BROADWAY STREET NORTH,1,1,0,0,1,1,,0,30,0,0,1,0,1,2,2,13
,2019-22596,39.740002,-104.987333,12/7/2019 20:09,20:09,2,0,3,COLFAX AVENUE EAST & BROADWAY STREET NORTH,1,3,0,0,1,1,,0,30,1,0,0,0,2,2,2,13
,2019-22597,39.740007,-104.986199,4/11/2019 15:24,15:24,11,0,1,COLFAX AVENUE EAST & LINCOLN STREET NORTH,1,1,1,0,1,1,,0,35,0,1,1,0,1,2,2,14
,2019-22598,39.740007,-104.986199,5/13/2019 12:36,12:36,11,0,1,COLFAX AVENUE EAST & LINCOLN STREET NORTH,1,1,1,0,1,1,,0,,0,1,1,0,2,2,2,14
,2019-22599,39.740007,-104.986199,7/31/2019 10:53,10:53,11,0,1,COLFAX AVENUE EAST & LINCOLN STREET NORTH,1,1,0,0,1,1,,0,,0,0,1,0,2,2,2,13
,2019-2260,39.678462,-104.9451885,10/16/2019 16:30,16:30,15,0,0,MONROE STREET SOUTH & EVANS AVENUE EAST,1,1,0,0,1,1,,0,25,0,0,0,0,0,4,2,14
,2019-22600,39.740029,-104.984894,4/8/2019 13:55,13:55,11,0,1,COLFAX AVENUE EAST & SHERMAN STREET NORTH,1,1,1,0,1,1,,0,30,0,1,1,0,1,2,2,13
,2019-22601,39.740041,-104.983517,2/22/2019 15:48,15:48,11,0,0,COLFAX AVENUE EAST & GRANT STREET NORTH,1,1,0,0,1,1,,0,,0,0,1,0,0,2,2,13
,2019-22602,39.74002,-104.981157,11/18/2019 9:40,9:40,2,0,1,PENNSYLVANIA STREET NORTH & COLFAX AVENUE EAST,1,1,0,0,1,1,,0,25,1,0,0,0,1,2,2,13
,2019-22603,39.740007,-104.979685,11/10/2019 22:05,22:05,11,0,1,COLFAX AVENUE 600 BLOCK EAST & PEARL STREET NORTH,3,3,0,1,1,4,,0,,0,0,1,0,3,2,2,13
,2019-22604,39.739999,-104.978866,5/11/2019 10:44,10:44,2,0,1,COLFAX AVENUE 600 BLOCK EAST & WASHINGTON STREET NORTH,1,1,0,0,1,4,,0,30,1,0,0,0,2,2,3,14
,2019-22605,39.740003,-104.976142,1/21/2019 15:44,15:44,11,0,1,COLFAX AVENUE EAST & EMERSON STREET NORTH,1,1,0,0,1,1,,0,30,0,0,1,0,1,2,2,7
,2019-22606,39.740003,-104.976142,6/24/2019 16:17,16:17,12,0,2,COLFAX AVENUE & EMERSON STREET,1,1,0,0,1,1,,0,30,0,0,0,0,3,2,2,3
,2019-22607,39.740007,-104.974242,4/14/2019 19:11,19:11,11,0,1,COLFAX AVENUE & 1007 EAST,1,1,0,0,1,5,,0,30,0,0,1,0,2,2,2,13
,2019-22608,39.740011,-104.971893,7/16/2019 17:55,17:55,2,0,0,COLFAX AVENUE EAST & MARION STREET,1,1,0,0,1,1,,0,40,1,0,0,0,0,2,3,13
,2019-22609,39.740013,-104.970931,4/2/2019 11:45,11:45,2,0,1,COLFAX AVENUE EAST & LAFAYETTE STREET NORTH,1,1,0,0,1,1,,0,30,1,0,0,0,3,2,2,13
,2019-2261,39.73123077,-105.032128,2/3/2019 21:01,21:01,6,0,0,KNOX COURT NORTH & NINTH AVENUE WEST,1,3,0,0,1,4,,0,25,0,0,0,0,0,4,2,13
,2019-22610,39.740014,-104.969683,5/22/2019 17:28,17:28,2,0,1,COLFAX AVENUE EAST & HUMBOLDT STREET NORTH,1,1,0,0,1,1,,0,30,1,0,0,0,3,2,2,3
,2019-22611,39.740003,-104.967211,6/27/2019 14:48,14:48,11,0,1,GILPIN STREET NORTH & COLFAX AVENUE EAST,1,1,0,0,1,1,,0,5,0,0,1,0,1,2,2,13
,2019-22612,39.740003,-104.967211,9/4/2019 20:35,20:35,11,0,1,COLFAX AVENUE EAST & GILPIN STREET NORTH,1,3,1,0,1,1,,0,,0,0,1,0,2,2,2,13