id,drcog_id,latitude,longitude,crashtime,time,crashtype,numbkilled,numbinjurd,drcoglocat,rdconditin,lightngcon,roadcntgrd,weatherco,location,roaddescrp,schoolzone,constrzone,splimit,bikeinv,sctrinv,pedinv,motoinv,svrty,rdsystem,ttlvehcls,hcf
,2019-22613,39.740003,-104.967211,12/17/2019 17:14,17:14,11,0,1,GILPIN STREET NORTH & COLFAX AVENUE EAST,1,4,0,0,1,1,,0,35,0,0,1,0,1,2,2,13
,2019-22614,39.740001,-104.966829,1/2/2019 16:06,16:06,11,0,1,COLFAX AVENUE EAST & GILPIN STREET NORTH,1,1,0,0,1,4,,0,30,0,0,1,0,2,2,2,3
,2019-22615,39.739992,-104.964751,4/29/2019 22:51,22:51,11,0,0,COLFAX AVENUE EAST & HIGH STREET NORTH,4,3,0,2,1,1,,0,,0,0,1,0,0,2,2,14
,2019-22616,39.739992,-104.964751,6/11/2019 10:15,10:15,11,0,1,HIGH STREET NORTH & COLFAX AVENUE EAST,1,1,0,0,1,1,,0,35,0,0,1,0,1,2,2,13
,2019-22617,39.739978,-104.961744,12/22/2019 17:15,17:15,11,0,1,COLFAX AVENUE EAST & RACE STREET NORTH,1,3,0,0,1,1,,0,,0,0,1,0,2,2,2,13
,2019-22619,39.740167,-104.956327,2/15/2019 18:21,18:21,11,0,1,COLFAX AVENUE EAST & ELIZABETH STREET NORTH,1,3,0,0,1,1,,0,30,0,0,1,0,2,2,2,1
,2019-2262,39.72414091,-104.9845929,3/9/2019 22:51,22:51,12,0,1,SPEER BOULEVARD EAST & FIFTH AVENUE EAST,1,3,0,0,1,4,,0,35,0,0,0,0,2,4,2,1
,2019-22620,39.761982,-104.910561,11/22/2019 14:23,14:23,12,0,0,NIAGARA STREET NORTH & MLK BOULEVARD EAST,2,1,0,0,1,1,,0,35,0,0,0,0,0,4,2,13
,2019-22621,39.740167,-104.956327,9/25/2019 7:23,7:23,2,0,1,COLFAX AVENUE EAST & ELIZABETH STREET NORTH,1,1,0,0,1,1,,0,35,1,0,0,0,1,2,2,5
,2019-22622,39.740145,-104.948789,5/1/2019 3:00,3:00,11,0,1,COLFAX AVENUE EAST & ADAMS STREET NORTH,2,3,0,0,1,1,,0,30,0,0,1,0,3,2,2,14
,2019-22623,39.740136,-104.945369,6/14/2019 17:30,17:30,1,0,1,COLFAX AVENUE EAST & MONROE STREET NORTH,1,1,0,0,1,1,,0,35,0,0,0,0,3,2,2,14
,2019-22624,39.740075,-104.940589,2/20/2019 14:32,14:32,11,0,1,COLFAX AVENUE EAST & COLORADO BOULEVARD NORTH,1,1,0,0,1,1,,0,30,0,0,1,0,2,2,2,1
,2019-22625,39.74006,-104.937271,7/15/2019 8:21,8:21,2,0,1,BELLAIRE STREET NORTH & COLFAX AVENUE EAST,1,1,0,0,1,1,,0,25,1,0,0,0,1,2,2,13
,2019-22626,39.740058,-104.935503,6/8/2019 10:12,10:12,3,0,1,COLFAX AVENUE EAST & CLERMONT STREET NORTH,1,1,0,0,1,1,,0,25,0,0,0,0,3,2,2,13
,2019-22627,39.740056,-104.932358,8/7/2019 7:48,7:48,12,0,1,COLFAX AVENUE EAST & DEXTER STREET NORTH,1,1,0,0,1,3,,0,30,0,0,0,0,3,2,2,13
,2019-22628,39.740063,-104.929838,10/2/2019 16:15,16:15,11,0,1,COLFAX AVENUE EAST & ELM STREET,1,1,0,0,1,1,,0,30,0,0,1,0,2,2,2,14
,2019-22629,39.740067,-104.928942,8/14/2019 23:14,23:14,6,1,1,COLFAX AVENUE  & ELM STREET NORTH,1,3,0,0,1,4,,0,35,0,0,0,0,4,2,2,5
,2019-22630,39.740062,-104.928124,8/20/2019 15:39,15:39,11,0,1,COLFAX AVENUE EAST & FAIRFAX STREET,1,1,0,0,1,1,,0,30,0,0,1,0,2,2,2,3
,2019-22631,39.740075,-104.916293,12/13/2019 18:58,18:58,11,0,1,COLFAX AVENUE EAST & KRAMERIA STREET NORTH,1,3,0,0,1,1,,0,35,0,0,1,0,2,2,2,13
,2019-22632,39.740079,-104.912395,7/4/2019 22:34,22:34,3,0,1,COLFAX AVENUE EAST & MONACO PARKWAY NORTH,1,3,0,0,1,1,,0,35,0,0,0,0,3,2,2,3
,2019-22634,39.740081,-104.903688,2/8/2019 7:45,7:45,5,0,1,COLFAX AVENUE EAST & QUEBEC STREET NORTH,4,1,0,0,2,4,,0,35,0,0,0,0,3,2,1,10
,2019-22635,39.740079,-104.903501,6/3/2019 13:09,13:09,1,0,1,COLFAX AVENUE EAST & QUEBEC STREET NORTH,1,1,0,0,1,1,,0,35,0,0,0,0,3,2,3,13
,2019-2264,39.7432214,-104.9632717,5/21/2019 6:00,6:00,6,0,0,17TH STREET EAST & RACE STREET NORTH,1,1,0,0,1,4,,0,30,0,0,0,0,0,4,2,13
,2019-2267,39.747429,-104.912442,5/12/2019 16:15,16:15,3,0,0,MONTEVIEW BOULEVARD EAST & MONACO PARKWAY NORTH,1,1,0,0,1,1,,0,30,0,0,0,0,0,4,2,13
,2019-22671,39.783357,-105.034566,5/2/2019 16:46,16:46,2,0,1,I70 EASTBOUND ON RAMP & LOWELL BOULEVARD NORTH,1,1,1,0,1,1,,0,30,1,0,0,0,1,1,2,13
,2019-22672,39.783483,-105.011513,11/15/2019 16:05,16:05,12,0,1,I70 & TEJON STREET NORTH,1,1,1,0,1,4,,0,55,0,0,0,0,3,1,2,7
,2019-22673,39.783138,-105.006328,8/15/2019 13:42,13:42,1,0,1,PECOS STREET NORTH & 48TH AVENUE WEST,1,1,1,0,1,1,,0,30,0,0,0,0,3,1,2,13
,2019-22674,39.783257,-105.005197,11/17/2019 2:35,2:35,9,0,1,I70 & PECOS STREET NORTH,1,3,1,0,3,4,,0,55,0,0,0,0,3,1,1,2
,2019-22675,39.768521,-104.993734,8/21/2019 23:15,23:15,5,0,0,I25 & PARK AVENUE WEST,2,3,0,0,3,4,,0,,0,0,0,0,0,1,1,13
,2019-22676,39.781094,-104.993765,6/7/2019 21:53,21:53,9,0,1,I70 EASTBOUND OFF RAMP SPLIT & I25 NORTHBOUND ON RAMP,1,3,0,0,1,7,,0,65,0,0,0,0,3,1,1,13
,2019-22677,39.781055,-104.993627,3/31/2019 22:57,22:57,5,0,2,I70 EASTBOUND OFF RAMP TO & I25 NORTHBOUND,1,3,1,0,3,7,,0,65,0,0,0,0,3,1,1,5
,2019-22678,39.74481,-104.9787225,4/12/2019 12:45,12:45,3,0,0,WASHINGTON STREET NORTH & 18TH AVENUE EAST,1,1,0,0,1,1,,0,30,0,0,0,0,0,4,2,14
,2019-22679,39.779936,-104.98866,10/4/2019 18:13,18:13,12,0,1,I70 WB OFF RAMP SPLIT & I25 SOUTHBOUND,1,1,0,0,1,7,,0,65,0,0,0,0,3,1,2,13
,2019-22680,39.779425,-104.978832,11/29/2019 22:48,22:48,5,0,1,I70 & WASHINGTON STREET NORTH,5,3,0,0,2,4,,0,55,0,0,0,0,2,1,3,14
,2019-22681,39.779573,-104.974648,1/8/2019 13:05,13:05,12,0,3,I70 EASTBOUND MERGE LANE & WASHINGTON STREET EASTBOUND ENTRANCE GORE,1,1,0,0,1,4,,0,55,0,0,0,0,3,1,2,1
,2019-22682,39.780014,-104.959201,6/27/2019 10:28,10:28,10,0,3,45TH AVENUE EAST & YORK STREET NORTH,1,1,1,0,1,1,,0,30,0,0,0,0,3,1,2,13
,2019-22683,39.775714,-104.866833,1/7/2019 14:40,14:40,12,0,2,I70 & HAVANA STREET NORTH INTCH,1,1,0,0,1,4,,0,55,0,0,0,0,3,1,3,14
,2019-22684,39.775555,-104.864992,10/4/2019 13:36,13:36,12,0,2,I70 EASTBOUND EXIT LOOP GORE POINT & HAVANA STREET NORTH,1,1,1,0,1,4,,0,55,0,0,0,0,3,1,4,7
,2019-22685,39.775193,-104.860795,8/27/2019 22:00,22:00,5,0,1,I70 & HAVANA STREET NORTH,7,3,0,0,1,4,,0,55,0,0,0,0,3,1,1,13
,2019-22686,39.774147,-104.848669,5/12/2019 22:58,22:58,6,0,3,I70 & PEORIA STREET NORTH,1,3,1,0,1,4,,0,65,0,0,0,0,3,1,3,14
,2019-22690,39.779944,-104.940633,12/16/2019 23:35,23:35,5,0,0,I70 & COLORADO BOULEVARD NORTH,1,3,0,0,2,4,,0,65,0,0,0,0,0,1,1,5
,2019-22691,39.73195432,-104.978682,7/9/2019 13:00,13:00,6,0,1,WASHINGTON STREET NORTH & 220 BLOCK NORTH,1,1,0,0,1,4,,0,25,0,0,0,0,1,4,2,14
,2019-22722,39.6420345,-105.029928,8/20/2019 12:00,12:00,12,0,0,IRVING STREET SOUTH & OXFORD AVENUE WEST,1,1,0,0,1,1,,0,25,0,0,0,0,0,4,2,14
,2019-2273,39.73345217,-104.9634969,10/27/2019 3:00,3:00,6,0,0,11TH AVENUE EAST & RACE STREET NORTH,4,3,0,2,1,4,,0,35,0,0,0,0,0,4,3,14
,2019-22734,39.672644,-104.868137,6/22/2019 22:01,22:01,1,0,2,PARKER ROAD SOUTH & HARVARD AVENUE EAST,2,3,1,0,1,1,,0,45,0,0,0,0,3,2,2,5
,2019-22735,39.674747,-104.870792,11/10/2019 8:00,8:00,11,0,0,PARKER ROAD SOUTH & ILIFF AVENUE EAST,1,1,0,0,1,1,,0,35,0,0,1,0,0,2,2,13
,2019-22736,39.674747,-104.870792,11/18/2019 5:36,5:36,11,0,1,PARKER ROAD SOUTH & ILIFF AVENUE EAST,1,1,0,0,1,1,,0,35,0,0,1,0,2,2,2,13
,2019-22737,39.674758,-104.870842,12/17/2019 7:49,7:49,11,0,1,PARKER ROAD SOUTH & ILIFF AVENUE EAST,1,1,0,0,1,1,,0,35,0,0,1,0,1,2,2,14
,2019-22738,39.700274,-104.908215,1/21/2019 15:13,15:13,11,0,1,LEETSDALE DRIVE & ONEIDA STREET SOUTH,1,1,0,0,1,1,,0,40,0,0,1,0,2,2,2,1
,2019-22739,39.707031,-104.920978,12/18/2019 16:43,16:43,2,0,0,LEETSDALE DRIVE 5800 BLOCK & HOLLY STREET SOUTH,1,2,0,0,1,2,,0,10,1,0,0,0,0,2,2,14
,2019-2274,39.73687637,-104.9717443,7/15/2019 11:49,11:49,6,0,0,13TH AVENUE NORTH & MARION STREET NORTH,1,1,0,0,1,4,,0,25,0,0,0,0,0,4,2,13
,2019-22740,39.707347,-104.922286,3/24/2019 19:50,19:50,1,0,3,LEETSDALE DRIVE & HOLLY STREET SOUTH,1,2,0,0,1,1,,0,35,0,0,0,0,3,2,2,1
,2019-22741,39.708173,-104.927063,3/31/2019 13:57,13:57,3,0,2,FOREST STREET SOUTH & LEETSDALE DRIVE,1,1,0,0,1,1,,0,35,0,0,0,0,3,2,3,3
,2019-22742,39.708173,-104.927063,8/27/2019 9:29,9:29,2,0,1,HIGHWAY 83 / LEETSDALE DRIVE & FOREST STREET SOUTH,1,1,0,0,1,1,,0,,1,0,0,0,1,2,2,13
,2019-22743,39.708205,-104.927243,7/12/2019 12:23,12:23,11,0,1,LEETSDALE DRIVE EAST & FOREST STREET SOUTH,1,1,0,0,1,4,,0,,0,0,1,0,3,2,2,13
,2019-22744,39.708369,-104.928144,2/8/2019 20:30,20:30,5,0,2,LEETSDALE DRIVE 5100 BLOCK & FOREST STREET SOUTH,9,3,0,0,3,4,,0,30,0,0,0,0,3,2,2,14
,2019-2275,39.75823118,-104.9619318,6/18/2019 0:30,0:30,6,0,0,29TH AVENUE EAST & VINE STREET NORTH,1,3,0,0,1,4,,0,25,0,0,0,0,0,4,2,5
,2019-22756,39.678438,-104.993322,5/23/2019 15:33,15:33,11,0,1,SANTA FE DRIVE SOUTH & EVANS AVENUE WEST,1,2,0,0,1,1,,0,35,0,0,1,0,1,2,2,13
,2019-22757,39.678438,-104.993322,11/8/2019 8:37,8:37,2,0,1,EVANS AVENUE WEST & HIGHWAY 85 NB/SB OFF RAMPS,1,1,1,0,1,1,,1,,1,0,0,0,1,2,2,13
,2019-22758,39.682361,-104.992356,10/20/2019 2:57,2:57,5,0,1,SANTA FE DRIVE SOUTH & 1700 BLOCK SOUTH,1,3,0,0,3,4,,0,45,0,0,0,0,3,2,1,5
,2019-22759,39.687548,-104.99194,5/4/2019 15:45,15:45,3,2,1,SANTA FE DRIVE SOUTH & IOWA AVENUE WEST,1,1,0,0,1,1,,0,55,0,0,0,0,4,2,3,1
,2019-2276,39.76936371,-105.0479679,6/17/2019 15:07,15:07,6,0,1,38TH AVENUE 4700 WEST & WOLFF STREET NORTH,1,1,0,0,1,4,,0,35,0,0,0,0,1,4,2,1
,2019-22760,39.689371,-104.992053,9/23/2019 7:53,7:53,11,0,1,SANTA FE DRIVE SOUTH & FLORIDA AVENUE WEST,1,1,0,0,1,1,,0,,0,0,1,0,2,2,2,13
,2019-22762,39.689542,-104.992096,3/23/2019 19:55,19:55,12,0,4,SANTA FE DRIVE SOUTH & FLORIDA AVENUE WEST,1,3,1,0,1,4,,0,45,0,0,0,1,3,2,3,14
,2019-22763,39.689738,-104.992134,12/17/2019 21:50,21:50,12,0,1,SANTA FE DRIVE SOUTH & FLORIDA AVENUE WEST,1,3,0,0,1,4,,0,45,0,0,0,0,3,2,2,5
,2019-22764,39.696696,-104.991872,7/28/2019 1:16,1:16,3,0,2,PLATTE RIVER DRIVE SOUTH & MISSISSIPPI AVENUE WEST,1,3,0,0,1,1,,0,30,0,0,0,0,3,2,3,14
,2019-22765,39.696696,-104.991872,8/2/2019 23:02,23:02,2,0,1,HIGHWAY 85 / PLATTE RIVER DRIVE SOUTH & MISSISSIPPI AVENUE WEST,1,3,0,0,1,1,,0,,1,0,0,0,2,2,2,7
,2019-22766,39.699177,-104.991978,9/28/2019 8:04,8:04,12,0,1,SANTA FE DRIVE SOUTH & MISSISSIPPI AVENUE EAST,1,1,0,0,1,4,,0,45,0,0,0,0,3,2,3,7
,2019-22767,39.70215,-104.994069,3/2/2019 3:08,3:08,5,0,1,SANTA FE DRIVE SOUTH & OHIO AVENUE WEST,1,3,0,0,2,4,,0,45,0,0,0,0,3,2,1,5
,2019-2277,39.78015592,-105.0057263,12/2/2019 14:50,14:50,12,0,0,46TH AVENUE WEST & PECOS STREET NORTH,2,1,0,0,1,4,,0,35,0,0,0,0,0,4,2,13
,2019-2278,39.747438,-104.90346,6/11/2019 14:19,14:19,15,0,0,MONTVIEW BOULEVARD EAST & QUEBEC STREET NORTH,1,1,0,0,1,1,,0,35,0,0,0,0,0,4,2,13
,2019-22780,39.737867,-105.025278,5/28/2019 21:22,21:22,11,1,0,FEDERAL BOULEVARD NORTH & HOWARD PLACE WEST,2,3,0,1,1,4,,0,40,0,0,1,0,4,2,2,14
,2019-22781,39.732922,-105.02517,10/20/2019 18:50,18:50,2,0,1,FEDERAL BOULEVARD NORTH & 10TH AVENUE WEST,1,3,0,0,1,1,,0,,1,0,0,0,1,2,2,13
,2019-22782,39.732922,-105.02517,5/17/2019 7:30,7:30,11,0,1,FEDERAL BOULEVARD NORTH & 10TH AVENUE WEST,1,1,0,0,1,1,,1,30,0,0,1,0,1,2,2,13
,2019-22783,39.716455,-105.025219,6/16/2019 21:56,21:56,11,0,1,FEDERAL BOULEVARD NORTH & ELLSWORTH AVENUE WEST,1,3,0,0,1,4,,0,,0,0,1,0,3,2,2,13
,2019-22784,39.712893,-105.025241,8/18/2019 21:23,21:23,11,0,1,FEDERAL BOULEVARD SOUTH & CEDAR AVENUE WEST,1,3,1,0,1,4,,0,,0,0,1,0,1,2,2,13
,2019-22785,39.707532,-105.025074,1/25/2019 7:01,7:01,11,0,1,FEDERAL BOULEVARD SOUTH & VIRGINIA AVENUE WEST,2,1,0,0,1,1,,0,35,0,0,1,0,1,2,2,7
,2019-22786,39.705779,-105.025084,7/6/2019 11:33,11:33,2,0,1,CENTER AVENUE  & FEDERAL BOULEVARD SOUTH,1,1,0,0,1,1,,0,,1,0,0,0,2,2,2,14
,2019-22787,39.70041,-105.025085,5/30/2019 16:22,16:22,2,0,1,KENTUCKY AVENUE WEST & FEDERAL BOULEVARD SOUTH,1,1,0,0,1,1,,0,40,1,0,0,0,2,2,2,13
,2019-22788,39.698627,-105.025068,8/31/2019 20:48,20:48,3,0,1,FEDERAL BOULEVARD SOUTH & TENNESSEE AVENUE WEST,1,3,0,0,1,1,,0,30,0,0,0,0,3,2,2,8
,2019-22789,39.694884,-105.025057,7/1/2019 6:33,6:33,2,0,0,FEDERAL BOULEVARD SOUTH & ARIZONA AVENUE WEST,1,1,0,0,1,1,,0,25,1,0,0,0,0,2,2,13
,2019-22790,39.6931,-105.025036,9/24/2019 16:48,16:48,11,0,1,FEDERAL BOULEVARD SOUTH & LOUISIANA AVENUE WEST,1,1,0,0,1,1,,0,25,0,0,1,0,1,2,2,3
,2019-22791,39.692665,-105.025039,4/10/2019 9:42,9:42,11,0,0,FEDERAL BOULEVARD 1200 BLOCK SOUTH & LOUISIANA AVENUE WEST,2,1,0,1,1,4,,0,,0,0,1,0,0,2,2,13
,2019-22792,39.69114391,-105.0250584,4/19/2019 13:50,13:50,2,0,0,FEDERAL BOULEVARD SOUTH & ARKANSAS AVENUE WEST,1,1,0,0,1,2,,0,40,1,0,0,0,0,2,2,5
,2019-22793,39.780962,-104.989163,10/26/2019 0:03,0:03,5,0,0,I25 & I70,1,1,0,0,2,4,,0,65,0,0,0,0,0,1,1,1
,2019-22794,39.689552,-105.02506,1/7/2019 8:22,8:22,11,0,1,FLORIDA AVENUE WEST & FEDERAL BOULEVARD SOUTH,1,1,0,0,1,1,,0,35,0,0,1,0,2,2,2,13
,2019-22795,39.689251,-105.025057,12/1/2019 23:51,23:51,11,0,1,FEDERAL BOULEVARD SOUTH & FLORIDA AVENUE WEST,5,3,0,0,1,3,,0,,0,0,1,0,3,2,2,13
,2019-22796,39.682271,-105.025016,7/29/2019 3:50,3:50,12,0,1,FEDERAL BOULEVARD SOUTH & JEWELL AVENUE WEST,1,3,0,0,1,1,,0,40,0,0,0,0,3,2,2,10
,2019-22797,39.678616,-105.025049,10/16/2019 14:42,14:42,2,0,0,FEDERAL BOULEVARD SOUTH & EVANS AVENUE WEST,1,1,0,0,1,1,,0,,1,0,0,0,0,2,2,14
,2019-22798,39.680374,-105.025027,4/19/2019 14:47,14:47,10,0,1,FEDERAL BOULEVARD SOUTH & ASBURY AVENUE WEST,1,1,0,0,1,2,,0,40,0,0,0,0,3,2,2,1
,2019-22799,39.68008,-105.02503,12/16/2019 21:19,21:19,11,0,1,FEDERAL BOULEVARD 2000 BLOCK SOUTH & ASBURY AVENUE WEST,1,3,0,0,1,4,,0,,0,0,1,0,2,2,2,14
,2019-22800,39.678616,-105.025049,3/13/2019 6:40,6:40,11,0,1,EVANS AVENUE 3000 BLOCK WEST & FEDERAL BOULEVARD SOUTH,2,3,0,1,1,1,,0,,0,0,1,1,2,2,2,13
,2019-22801,39.678616,-105.025049,4/22/2019 6:47,6:47,11,0,1,FEDERAL BOULEVARD SOUTH & EVANS AVENUE WEST,2,1,0,1,1,1,,0,30,0,0,1,0,2,2,2,13
,2019-22802,39.678616,-105.025049,4/24/2019 13:06,13:06,11,0,1,FEDERAL BOULEVARD SOUTH & DARTMOUTH AVENUE WEST,1,1,0,0,1,1,,0,25,0,0,1,0,1,2,2,14
,2019-22803,39.678616,-105.025049,4/26/2019 18:04,18:04,3,0,2,FEDERAL BOULEVARD SOUTH & EVANS AVENUE WEST,1,1,0,0,1,1,,0,25,0,0,0,0,3,2,2,3
,2019-22804,39.676758,-105.025054,7/3/2019 16:39,16:39,3,0,1,FEDERAL BOULEVARD SOUTH & WARREN AVENUE WEST,1,1,1,0,1,1,,0,35,0,0,0,0,3,2,2,13
,2019-22805,39.675237,-105.02504,9/9/2019 20:04,20:04,1,0,1,FEDERAL BOULEVARD SOUTH & ILIFF AVENUE,1,3,0,0,1,1,,0,35,0,0,0,0,3,2,2,13
,2019-22806,39.667681,-105.025108,8/8/2019 15:12,15:12,1,0,3,FEDERAL BOULEVARD SOUTH & YALE AVENUE WEST,1,1,0,0,1,1,,0,40,0,0,0,0,3,2,3,1
,2019-22807,39.662639,-105.025159,12/12/2019 17:21,17:21,11,0,2,FEDERAL BOULEVARD 2900 BLOCK SOUTH & CORNELL AVENUE WEST,1,3,0,0,1,4,,0,,0,0,1,0,3,2,3,13
,2019-22808,39.6605,-105.025161,8/9/2019 14:50,14:50,1,0,1,FEDERAL BOULEVARD SOUTH & DARTMOUTH AVENUE WEST,1,1,0,0,1,1,,0,40,0,0,0,0,3,2,2,13
,2019-22809,39.657937,-105.025196,2/8/2019 22:10,22:10,11,0,1,FEDERAL BOULEVARD SOUTH & FLOYD AVENUE WEST,4,3,1,0,1,4,,0,40,0,0,1,0,3,2,2,13
,2019-22819,39.789239,-104.988863,10/2/2019 8:34,8:34,5,0,1,I25 & 51ST AVENUE WEST,2,1,0,0,3,4,,0,55,0,0,0,0,2,1,1,7
,2019-2282,39.73833675,-105.0428306,4/3/2019 15:10,15:10,6,0,0,STUART STREET NORTH & 14TH AVENUE WEST,1,1,0,0,1,4,,0,30,0,0,0,0,0,4,2,13
,2019-22828,39.785733,-104.8830885,1/22/2019 9:00,9:00,12,0,0,NORTHFIELD BOULEVARD EAST & CENTRAL PARK BOULEVARD NORTH,11,1,0,2,1,1,,0,35,0,0,0,0,0,4,2,13
,2019-2283,39.7153389,-104.95905,1/19/2019 11:39,11:39,6,0,0,CHERRY CREEK 2400 EAST & UNIVERSITY BOULEVARD SOUTH,5,1,0,0,1,4,,0,25,0,0,0,0,0,4,2,1
,2019-22832,39.655147,-105.053141,7/6/2019 16:45,16:45,3,0,2,SHERIDAN BOULEVARD SOUTH & 3125 SOUTH SHERIDAN BOULEVARD,1,1,0,0,1,2,,0,40,0,0,0,0,3,2,2,3
,2019-22833,39.656175,-105.053223,6/4/2019 5:37,5:37,2,0,1,DARTMOUTH AVENUE WEST & SHERIDAN BOULEVARD SOUTH,1,1,0,0,1,1,,0,30,1,0,0,0,2,2,2,13
,2019-22834,39.675721,-105.053261,3/11/2019 15:45,15:45,3,0,4,SHERIDAN BOULEVARD SOUTH & WARREN AVENUE WEST,1,1,0,0,1,1,,0,40,0,0,0,0,3,2,3,3
,2019-22835,39.693235,-105.053213,6/8/2019 16:42,16:42,1,0,1,SHERIDAN BOULEVARD SOUTH & LOUISIANA AVENUE,1,1,0,0,1,1,,0,40,0,0,0,0,3,2,2,1
,2019-22838,39.710715,-105.053261,10/28/2019 22:57,22:57,11,0,1,SHERIDAN BOULEVARD SOUTH & NEVADA PLACE WEST,1,3,0,0,1,4,,0,,0,0,1,0,3,2,2,13
,2019-2284,39.6784525,-104.9359509,12/5/2019 9:53,9:53,15,0,0,EVANS AVENUE 4400 BLOCK EAST & BIRCH STREET SOUTH,2,1,0,1,1,4,,0,,0,0,0,0,0,4,2,13
,2019-22841,39.744431,-105.052764,11/16/2019 1:09,1:09,11,1,0,SHERIDAN BOULEVARD & 1700 BLOCK NORTH,1,3,0,0,1,4,,0,,0,0,1,0,4,2,2,13
,2019-22845,39.7858,-105.053257,4/7/2019 15:39,15:39,12,0,2,SHERIDAN BOULEVARD & 5000 BLOCK,1,1,0,0,1,4,,0,35,0,0,0,0,3,2,2,5
,2019-2285,39.68933406,-104.9316971,11/20/2019 17:35,17:35,12,0,1,FLORIDA AVENUE EAST & DAHLIA STREET SOUTH,2,3,0,1,1,3,,0,30,0,0,0,0,1,4,2,13
,2019-2286,39.747429,-104.8975695,8/16/2019 9:50,9:50,1,0,0,MONTEVIEW BOULEVARD EAST & SPRUCE STREET NORTH,1,1,0,0,1,1,,0,30,0,0,0,0,0,4,2,7
,2019-22862,39.616485,-105.091127,4/18/2019 1:00,1:00,1,1,0,WADSWORTH BOULEVARD 5500 BLOCK SOUTH & CRESTLINE AVENUE WEST,2,3,0,1,1,2,,0,45,0,0,0,0,4,2,2,1
,2019-22863,39.635297,-105.082331,9/18/2019 20:35,20:35,11,0,1,WADSWORTH BOULEVARD SOUTH & STANFORD AVENUE WEST,1,3,0,0,1,1,,0,40,0,0,1,0,2,2,2,13
,2019-22866,39.75103,-105.016697,7/23/2019 12:12,12:12,12,0,1,I25 & 23RD AVENUE WEST,1,1,0,0,1,4,,0,55,0,0,0,0,1,1,2,13
,2019-2287,39.68204089,-104.9427422,12/8/2019 14:00,14:00,6,0,0,JEWELL AVENUE 3800 BLOCK EAST & JACKSON STREET SOUTH,1,1,0,0,1,2,,0,,0,0,0,0,0,4,2,13
,2019-2288,39.83797123,-104.6923439,12/31/2019 5:45,5:45,5,0,1,78TH AVENUE EAST & JACKSONS GAP STREET,5,3,0,0,2,4,,0,45,0,0,0,0,2,4,1,13
,2019-22886,39.780031,-104.93177,5/17/2019 16:40,16:40,12,0,0,I70 & DAHLIA STREET NORTH,1,1,0,0,1,4,,0,55,0,0,0,1,0,1,2,13
,2019-2289,39.71527187,-104.9593067,1/5/2019 22:58,22:58,1,0,0,UNIVERSITY BOULEVARD SOUTH & CHERRY CREEK SOUTH DRIVE EAST,1,3,0,0,1,1,,0,35,0,0,0,0,0,4,2,13
,2019-2290,39.747456,-104.8882095,1/15/2019 18:07,18:07,1,0,0,MONTEVIEW BOULEVARD EAST & WILLOW STREET NORTH,1,3,0,0,1,1,,0,30,0,0,0,0,0,4,2,1
,2019-2291,39.747456,-104.8846905,2/23/2019 17:00,17:00,1,0,0,MONTVIEW BOULEVARD EAST & CENTRAL PARK BOULEVARD NORTH,6,1,0,0,1,1,,0,30,0,0,0,0,0,4,2,13
,2019-22911,39.635523,-104.89346,11/18/2019 0:26,0:26,12,0,2,I225 & TAMARAC STREET SOUTH,1,1,1,4,1,4,,0,55,0,0,0,1,3,1,2,5
,2019-22912,39.639275,-104.885096,9/1/2019 16:38,16:38,3,1,2,YOSEMITE STREET SOUTH & OFF RAMP FROM SOUTHBOUND I225,1,1,0,0,1,1,,0,35,0,0,0,0,4,1,2,13
,2019-22916,39.769245,-105.025232,4/17/2019 20:05,20:05,11,0,1,FEDERAL BOULEVARD NORTH & 38TH AVENUE WEST,1,3,0,0,1,1,,0,35,0,0,1,0,1,2,2,3
,2019-22927,39.778284,-104.914357,3/31/2019 17:07,17:07,5,0,1,I70 & MONACO STREET NORTH,1,1,0,0,2,4,,0,55,0,0,0,0,2,1,1,13
,2019-22942,39.785239,-104.902847,10/4/2019 13:30,13:30,3,0,1,49TH AVENUE EAST & SAND CREEK ROAD NORTH,1,1,0,0,1,1,,0,35,0,0,0,0,3,4,2,5
,2019-22953,39.753984,-105.025127,5/30/2019 17:54,17:54,2,0,0,FEDERAL BOULEVARD NORTH & 25TH AVENUE WEST,1,1,1,0,1,2,,0,,1,0,0,1,0,2,2,13
,2019-22954,39.754994,-105.025129,11/14/2019 15:25,15:25,11,0,1,FEDERAL BOULEVARD NORTH & 26TH AVENUE WEST,1,1,1,0,1,4,,0,,0,0,1,0,3,2,2,13
,2019-22955,39.755272,-105.02513,7/1/2019 12:27,12:27,11,0,1,FEDERAL BOULEVARD NORTH & 26TH AVENUE WEST,1,1,1,0,1,4,,0,,0,0,1,0,2,2,2,14
,2019-22956,39.761983,-105.025211,1/19/2019 19:18,19:18,11,0,1,32ND AVENUE WEST & FEDERAL BOULEVARD NORTH,2,3,0,0,1,1,,0,25,0,0,1,0,1,2,2,7
,2019-22957,39.765544,-105.025174,8/29/2019 17:30,17:30,3,0,1,FEDERAL BOULEVARD NORTH & 35TH AVENUE WEST,1,1,0,0,1,1,,0,35,0,0,0,0,1,2,3,1
,2019-22958,39.780246,-105.025146,5/11/2019 14:21,14:21,1,0,1,FEDERAL BOULEVARD NORTH & 46TH AVENUE WEST,1,1,0,1,1,1,,0,35,0,0,0,0,3,2,3,13
,2019-22959,39.787435,-105.025221,3/4/2019 17:21,17:21,11,0,1,FEDERAL BOULEVARD NORTH & 50TH AVENUE WEST,1,2,1,1,1,1,,0,35,0,0,1,0,3,2,2,13