id,drcog_id,latitude,longitude,crashtime,time,crashtype,numbkilled,numbinjurd,drcoglocat,rdconditin,lightngcon,roadcntgrd,weatherco,location,roaddescrp,schoolzone,constrzone,splimit,bikeinv,sctrinv,pedinv,motoinv,svrty,rdsystem,ttlvehcls,hcf
,2019-2296,39.747366,-104.9328315,9/12/2019 15:22,15:22,12,0,0,MONTVIEW BOULEVARD EAST & DEXTER STREET NORTH,1,1,0,0,1,1,,0,30,0,0,0,0,0,4,3,1
,2019-22960,39.787435,-105.025221,3/11/2019 17:17,17:17,11,0,1,50TH AVENUE WEST & FEDERAL BOULEVARD NORTH,1,1,1,0,1,1,,0,35,0,0,1,0,1,2,2,13
,2019-22961,39.787435,-105.025221,4/6/2019 13:10,13:10,1,0,1,50TH AVENUE WEST & FEDERAL BOULEVARD NORTH,1,1,0,0,1,1,,0,30,0,0,0,0,3,2,2,13
,2019-22962,39.788935,-105.025207,4/30/2019 16:11,16:11,11,0,0,FEDERAL BOULEVARD 5000 BLOCK NORTH & 51ST AVENUE WEST,2,1,1,1,1,4,,0,35,0,0,1,0,0,2,3,13
,2019-22963,39.789228,-105.025203,1/6/2019 20:47,20:47,11,1,0,FEDERAL BOULEVARD  & 51ST AVENUE WEST,1,3,0,0,1,3,,0,,0,0,1,0,4,2,2,13
,2019-22969,39.778291,-104.911102,8/18/2019 1:51,1:51,15,0,0,I70 & MONACO STREET NORTH,1,3,0,0,1,4,,0,55,0,0,0,0,0,1,2,1
,2019-2299,39.747384,-104.9269905,10/17/2019 8:02,8:02,3,0,0,MONTVIEW BOULEVARD EAST & FOREST STREET NORTH,1,1,0,0,1,3,,0,30,0,0,0,0,0,4,2,13
,2019-23015,39.785733,-104.8830885,3/28/2019 11:35,11:35,1,0,0,NORTHFIELD BOULEVARD EAST & CENTRAL PARK BOULEVARD NORTH,1,1,0,0,1,1,,0,40,0,0,0,0,0,4,2,13
,2019-2303,39.711721,-104.999203,5/12/2019 3:18,3:18,5,0,1,I25 & ALAMEDA AVENUE WEST,1,3,0,0,1,4,,0,65,0,0,0,0,3,1,1,13
,2019-23033,39.832889,-104.746844,5/9/2019 11:30,11:30,9,0,1,E470 NORTHBOUND ON LOOP RAMP & PENA BOULEVARD,2,1,0,1,3,7,,0,,0,0,0,0,3,2,1,8
,2019-23047,39.733631,-104.994097,12/24/2019 11:32,11:32,3,0,3,11TH AVENUE WEST & SPEER BOULEVARD NORTH,1,1,0,0,1,1,,0,35,0,0,0,0,3,4,3,7
,2019-23048,39.741678,-104.986117,12/26/2019 7:57,7:57,11,0,1,16TH AVENUE EAST & LINCOLN STREET NORTH,1,1,0,0,1,1,,0,25,0,0,1,0,1,4,2,14
,2019-23049,39.741672,-104.979897,9/20/2019 22:00,22:00,11,0,1,16TH AVENUE EAST & PEARL STREET NORTH,1,3,0,0,1,1,,0,,0,1,1,0,2,4,2,1
,2019-23050,39.745447,-104.990097,12/16/2019 15:22,15:22,2,0,1,17TH STREET & WELTON STREET,1,1,0,0,6,1,,0,,1,0,0,0,1,3,2,13
,2019-23051,39.74591604,-104.9907216,12/20/2019 23:45,23:45,2,0,0,17TH STREET & WELTON STREET,1,3,0,0,1,4,,0,,1,0,0,0,0,4,2,13
,2019-23052,39.749989,-105.035797,10/3/2019 18:27,18:27,11,0,0,22ND AVENUE WEST & MEADE STREET NORTH,1,1,0,0,1,1,,0,25,0,0,1,0,0,4,2,13
,2019-23053,39.757603,-104.974433,12/17/2019 17:40,17:40,3,0,2,30TH STREET & WELTON STREET,1,3,0,0,1,1,,0,25,0,0,0,0,3,4,2,8
,2019-23054,39.782097,-104.78195,8/24/2019 15:47,15:47,2,0,1,47TH AVENUE EAST & TELLURIDE STREET NORTH,1,1,0,0,1,1,,0,,1,0,0,0,1,4,2,13
,2019-23055,39.72567,-104.9928,12/31/2019 17:45,17:45,2,0,0,SIXTH AVENUE WEST  & DELAWARE STREET NORTH,1,2,0,0,1,1,,0,35,1,0,0,0,0,4,2,13
,2019-23056,39.785733,-104.8830885,4/8/2019 15:41,15:41,3,0,1,NORTHFIELD BOULEVARD EAST & CENTRAL PARK BOULEVARD NORTH,1,1,0,0,1,3,,0,35,0,0,0,0,1,4,2,13
,2019-23057,39.72914822,-104.9823804,12/16/2019 1:40,1:40,11,0,1,EIGHTH AVENUE EAST & LOGAN STREET NORTH,1,4,2,0,1,5,,0,10,0,0,1,0,2,4,2,13
,2019-23058,39.778119,-104.836436,11/24/2019 17:14,17:14,11,0,1,ALBROOK DRIVE EAST & AUCKLAND COURT NORTH,1,3,0,6,1,3,,0,25,0,0,1,0,3,4,2,14
,2019-23059,39.780592,-104.841711,12/24/2019 18:07,18:07,3,0,1,ALBROOK DRIVE EAST & TULSA COURT NORTH,1,3,0,0,1,1,,0,25,0,0,0,0,3,4,2,13
,2019-23060,39.7283,-104.9899,12/6/2019 10:48,10:48,11,0,1,BANNOCK STREET NORTH & SPEER BOULEVARD NORTH,2,1,0,0,1,1,,0,30,0,0,1,0,1,4,2,13
,2019-23061,39.725647,-104.986261,10/3/2019 22:10,22:10,11,0,1,LINCOLN STREET NORTH & SIXTH AVENUE EAST,1,3,0,0,1,1,,0,,0,1,1,0,1,4,2,13
,2019-23062,39.693161,-105.049564,6/9/2019 20:33,20:33,3,0,3,LOUISIANA AVENUE WEST & XAVIER STREET SOUTH,1,2,0,0,1,1,,0,35,0,0,0,0,3,4,3,5
,2019-23063,39.70200023,-105.0458602,12/31/2019 16:01,16:01,11,0,1,MORRISON ROAD & UTICA STREET SOUTH,1,1,1,0,1,4,,0,,0,0,1,0,3,4,2,13
,2019-23064,39.7710805,-104.8470133,12/17/2019 18:48,18:48,11,0,1,PEORIA STREET & 3900 NORTH,1,3,0,0,1,4,,0,30,0,0,1,0,1,4,2,1
,2019-23065,39.77108,-104.847,12/17/2019 18:48,18:48,11,0,1,PEORIA STREET NORTH & 39TH AVENUE EAST,1,3,0,0,1,1,,0,35,0,0,1,0,1,4,2,13
,2019-23066,39.7289,-104.9986,9/27/2019 13:12,13:12,11,0,0,SANTA FE DRIVE NORTH & EIGHTH AVENUE WEST,1,1,0,0,1,1,,0,25,0,0,1,0,0,4,2,13
,2019-23067,39.76933921,-104.8766897,11/24/2019 23:40,23:40,5,1,1,SMITH ROAD & 9500 EAST,1,4,0,0,4,3,,0,35,0,0,0,0,4,4,1,14
,2019-23068,39.71625,-104.949856,6/4/2019 17:11,17:11,11,0,1,STEELE STREET NORTH & ELLSWORTH AVENUE EAST,1,1,0,0,1,1,,0,25,0,0,1,0,1,4,2,5
,2019-2307,39.747393,-104.9258025,12/14/2019 14:58,14:58,3,0,0,MONTVIEW BOULEVARD EAST & GLENCOE STREET NORTH,1,1,0,0,1,1,,0,25,0,0,0,0,0,4,2,3
,2019-23070,39.82189,-104.7719,12/29/2019 18:08,18:08,11,0,1,TOWER ROAD NORTH & 69TH AVENUE EAST,1,4,0,0,1,1,,0,45,0,0,1,0,3,4,2,13
,2019-23071,39.783697,-104.772125,11/4/2019 7:25,7:25,13,0,1,TOWER ROAD NORTH & GREEN VALLEY RANCH BOULEVARD EAST,1,1,0,0,1,1,,0,40,0,0,0,0,3,4,2,13
,2019-23072,39.68025,-104.959389,12/10/2019 8:30,8:30,11,0,1,UNIVERSITY BOULEVARD SOUTH & ASBURY AVENUE EAST,1,1,0,0,1,1,,0,30,0,0,1,0,1,4,2,14
,2019-23073,39.706844,-104.869358,11/25/2019 14:00,14:00,5,0,1,VIRGINIA AVENUE & 10150 EAST,1,1,0,0,3,4,,0,25,0,0,0,0,3,4,2,5
,2019-23074,39.73202,-104.9786,12/26/2019 17:39,17:39,11,0,1,WASHINGTON STREET NORTH & 10TH AVENUE EAST,1,3,0,0,1,1,,0,,0,0,1,0,3,4,2,13
,2019-23075,39.643214,-104.885072,12/9/2019 16:49,16:49,13,0,1,YOSEMITE STREET SOUTH & NASSAU AVENUE EAST,1,2,0,0,1,1,,0,35,0,0,0,0,3,4,2,1
,2019-23080,39.74949,-104.978151,2/21/2019 8:37,8:37,1,0,0,WASHINGTON STREET NORTH & 22ND AVENUE EAST,1,1,0,0,1,1,,0,30,0,0,0,0,0,4,2,13
,2019-2309,39.747393,-104.922261,11/22/2019 7:48,7:48,12,0,0,MONTVIEW BOULEVARD EAST & HOLLY STREET NORTH,4,1,0,2,1,1,,0,30,0,0,0,0,0,4,2,13
,2019-23095,39.785733,-104.8830885,5/7/2019 10:10,10:10,15,0,0,NORTHFIELD BOULEVARD EAST & CENTRAL PARK BOULEVARD NORTH,1,1,0,0,1,1,,0,35,0,0,0,0,0,4,2,1
,2019-2310,39.77347886,-104.8141128,1/10/2019 16:53,16:53,6,0,0,ANDREWS DRIVE EAST & 43RD AVENUE EAST,1,3,0,0,1,4,,0,25,0,0,0,0,0,4,2,13
,2019-23114,39.775911,-104.869108,8/21/2019 15:30,15:30,12,0,0,I70 & HAVANA STREET NORTH,1,1,0,0,1,4,,1,55,0,0,0,0,0,1,2,13
,2019-2312,39.74742,-104.9175,10/11/2019 16:17,16:17,3,0,1,MONTVIEW BOULEVARD EAST & KEARNEY STREET NORTH,1,1,0,0,1,1,,0,25,0,0,0,0,1,4,2,1
,2019-23128,39.774005,-104.847034,5/21/2019 16:15,16:15,5,0,0,PEORIA STREET NORTH & I70 WB RAMPS,2,1,0,0,3,1,,0,35,0,0,0,0,0,1,1,13
,2019-2313,39.74742,-104.916321,3/16/2019 6:30,6:30,3,0,0,MONTVIEW BOULEVARD EAST & KRAMERIA STREET EAST,1,2,0,0,1,1,,0,25,0,0,0,0,0,4,2,3
,2019-2315,39.747429,-104.912442,7/9/2019 13:35,13:35,3,0,0,MONTVIEW BOULEVARD EAST & MONACO STREET NORTH,1,1,0,0,1,1,,0,30,0,0,0,0,0,4,2,1
,2019-23154,39.741651,-104.9799015,11/16/2019 3:33,3:33,11,0,1,PENNSYLVANIA PEARL NORTH & 16TH AVENUE EAST,1,4,0,0,1,5,,0,,0,0,1,0,3,4,2,13
,2019-23158,39.738429,-104.9873895,4/4/2019 9:06,9:06,15,0,0,14TH AVENUE EAST & BROADWAY STREET NORTH,1,1,0,0,1,1,,0,30,0,0,0,0,0,4,2,13
,2019-2316,39.68214966,-105.0110407,4/22/2019 22:00,22:00,6,0,0,JEWELL AVENUE WEST & TEJON STREET SOUTH,1,3,0,0,1,4,,0,25,0,0,0,0,0,4,2,5
,2019-2317,39.72552101,-104.9587575,5/20/2019 21:59,21:59,8,0,0,JOSEPHINE STREET NORTH & SIXTH AVENUE EAST,4,4,0,2,1,3,,0,30,0,0,0,0,0,4,3,13
,2019-2318,39.69526275,-104.9128905,7/28/2019 0:20,0:20,6,0,1,MONACO STREET SOUTH & ARIZONA AVENUE EAST,1,3,0,0,1,4,,0,35,0,0,0,0,2,4,2,7
,2019-2319,39.74126323,-104.8963818,5/25/2019 22:00,22:00,6,0,0,TRENTON STREET NORTH & 16TH AVENUE EAST,1,4,0,0,1,4,,0,30,0,0,0,0,0,4,2,3
,2019-2320,39.73400517,-104.9706575,6/14/2019 12:07,12:07,6,0,0,LAFAYETTE STREET 1200 BLOCK NORTH & 13TH AVENUE EAST,1,1,0,0,1,4,,0,,0,0,0,0,0,4,2,13
,2019-23206,39.791052,-105.0532605,3/1/2019 5:37,5:37,3,0,0,SHERIDAN BOULEVARD & 52ND AVENUE,1,1,1,0,1,1,,0,45,0,0,0,0,0,2,2,3
,2019-23212,39.73195432,-104.978682,11/30/2019 1:10,1:10,8,0,1,WASHINGTON STREET NORTH & 4400 BLOCK NORTH,6,3,1,0,1,4,,0,30,0,0,0,0,1,4,2,8
,2019-23213,39.738447,-104.99166,6/1/2019 14:15,14:15,3,0,2,14TH AVENUE WEST & CHEROKEE STREET NORTH,1,1,0,1,1,1,,0,25,0,0,0,0,1,4,2,13
,2019-23263,39.78785643,-104.7906994,11/21/2019 17:32,17:32,11,0,1,PENA BOULEVARD & 8400 BLOCK,2,2,0,2,1,4,,0,10,0,0,1,0,1,4,2,13
,2019-23269,39.735612,-104.8846905,9/5/2019 8:51,8:51,2,0,1,12TH AVENUE EAST & YOSEMITE STREET NORTH,1,1,0,0,1,1,,0,25,1,0,0,0,1,4,2,14
,2019-2327,39.747429,-104.912442,9/4/2019 13:44,13:44,1,0,0,MONTVIEW BOULEVARD EAST & MONACO STREET NORTH,1,1,0,0,1,1,,0,30,0,0,0,0,0,4,2,7
,2019-2328,39.73195594,-104.9986464,10/28/2019 11:45,11:45,5,0,1,SANTA FE DRIVE NORTH  & 10TH AVENUE WEST,5,1,1,0,3,4,,0,30,0,0,0,0,1,4,1,13
,2019-2331,39.77657201,-105.0512229,9/17/2019 16:03,16:03,5,0,0,44TH AVENUE WEST & YATES STREET NORTH,1,1,0,0,3,4,,0,,0,0,0,0,0,4,1,13
,2019-2333,39.76074068,-104.9684252,7/22/2019 14:00,14:00,6,0,0,31ST AVENUE EAST & FRANKLIN STREET NORTH,1,1,0,0,1,4,,1,25,0,0,0,0,0,4,2,13
,2019-2335,39.78361769,-104.7744644,12/3/2019 17:54,17:54,12,0,0,GREEN VALLEY RANCH BOULEVARD 18300 BLOCK EAST & YAMPA STREET NORTH,2,3,0,0,1,4,,0,35,0,0,0,0,0,4,3,7
,2019-2336,39.65294676,-105.0580288,3/29/2019 1:25,1:25,5,0,0,HAMPDEN AVENUE 5800 BLOCK WEST & DEPEW COURT SOUTH,1,3,0,0,3,4,,0,55,0,0,0,0,0,4,1,13
,2019-23368,39.732039,-104.9873985,5/20/2019 14:14,14:14,11,0,1,10TH AVENUE EAST & BROADWAY STREET NORTH,1,1,0,0,1,1,,0,30,0,0,1,0,2,4,2,8
,2019-23369,39.732039,-104.9873985,9/24/2019 17:56,17:56,11,0,1,10TH AVENUE EAST & BROADWAY STREET NORTH,1,1,0,0,1,1,,0,25,0,1,1,0,1,4,2,13
,2019-2337,39.72549515,-104.8787425,12/1/2019 4:38,4:38,5,0,0,LOWRY BOULEVARD EAST & ALTON WAY NORTH,6,3,0,0,3,4,,0,40,0,0,0,0,0,4,1,13
,2019-23370,39.732039,-104.9729895,11/25/2019 17:12,17:12,11,0,1,10TH AVENUE EAST & DOWNING STREET NORTH,4,4,0,2,1,1,,0,25,0,0,1,0,2,4,2,8
,2019-23371,39.732039,-104.9836005,10/25/2019 17:30,17:30,11,0,1,10TH AVENUE EAST & GRANT STREET NORTH,1,1,0,0,1,1,,0,30,0,0,1,0,1,4,2,3
,2019-23372,39.73383,-104.988843,11/4/2019 13:25,13:25,2,0,1,11TH AVENUE WEST & ACOMA STREET NORTH,1,1,0,0,1,1,,0,30,1,0,0,0,2,4,2,13
,2019-23373,39.733839,-104.9873895,1/27/2019 3:22,3:22,11,0,1,11TH AVENUE EAST & BROADWAY NORTH,1,3,0,0,1,1,,0,,0,0,1,0,2,4,2,13
,2019-23374,39.733668,-104.9965605,5/16/2019 18:05,18:05,11,0,1,11TH AVENUE WEST & GALAPAGO STREET NORTH,1,1,0,0,1,1,,0,25,0,0,1,0,1,4,2,13
,2019-23375,39.733686,-104.9823,10/21/2019 8:00,8:00,1,0,1,11TH AVENUE EAST & LOGAN STREET NORTH,1,1,0,0,1,1,,0,30,0,0,0,0,3,4,2,14
,2019-23376,39.733632,-104.9941215,8/31/2019 16:24,16:24,11,0,1,11TH AVENUE WEST & SPEER BOULEVARD NORTH,1,1,0,0,1,1,,0,,0,1,1,0,2,4,2,7
,2019-23377,39.733632,-104.9941215,9/10/2019 17:35,17:35,2,0,1,11TH AVENUE WEST & SPEER BOULEVARD NORTHBOUND,1,1,0,0,1,1,,0,30,1,0,0,0,2,4,2,13
,2019-23378,39.734676,-104.9394915,9/23/2019 6:17,6:17,2,0,1,12TH AVENUE EAST & ALBION STREET NORTH,1,2,0,0,1,1,,0,25,1,0,0,0,1,4,2,13
,2019-23379,39.748131,-105.004269,10/25/2019 22:36,22:36,3,0,1,12TH STREET & AURARIA PARKWAY,1,4,0,0,1,1,,0,35,0,0,0,0,3,4,2,7
,2019-2338,39.747429,-104.898771,7/28/2019 0:06,0:06,3,0,0,MONTVIEW BOULEVARD EAST & SYRACUSE STREET NORTH,1,3,0,0,1,1,,0,35,0,0,0,0,0,4,2,5
,2019-23380,39.735252,-104.9873805,9/12/2019 9:00,9:00,11,0,0,12TH AVENUE EAST & BROADWAY STREET NORTH,1,1,0,0,1,1,,0,25,0,1,1,0,0,4,2,14
,2019-23381,39.734676,-104.929209,8/28/2019 8:08,8:08,2,0,1,12TH AVENUE EAST & ELM STREET NORTH,1,1,0,0,1,1,,0,30,1,0,0,0,1,4,2,13
,2019-23382,39.735621,-104.898762,8/14/2019 17:30,17:30,3,0,1,12TH AVENUE EAST & SYRACUSE STREET NORTH,1,1,0,0,1,1,,0,30,0,0,0,0,3,4,2,5
,2019-23383,39.745062,-104.999274,12/12/2019 20:52,20:52,2,0,0,13TH STREET & ARAPAHOE STREET,1,3,0,0,1,1,,0,25,1,0,0,0,0,4,2,13
,2019-23384,39.736836,-104.990229,5/6/2019 18:26,18:26,2,0,0,13TH AVENUE WEST & BANNOCK STREET NORTH,1,1,0,0,1,1,,0,30,1,0,0,0,0,4,2,2
,2019-23385,39.736854,-104.9873715,2/11/2019 17:33,17:33,11,0,0,13TH AVENUE EAST & BROADWAY STREET NORTH,1,2,0,0,1,1,,0,30,0,0,1,0,0,4,2,13
,2019-23386,39.736854,-104.9873715,6/8/2019 6:14,6:14,3,0,1,13TH AVENUE EAST & BROADWAY STREET NORTH,1,1,0,0,1,1,,0,30,0,0,0,0,3,4,2,13
,2019-23387,39.736863,-104.97762,11/7/2019 17:11,17:11,2,0,0,13TH AVENUE EAST & CLARKSON STREET NORTH,1,3,0,0,1,1,,0,30,1,0,0,0,0,4,2,8
,2019-23388,39.7368,-104.9610105,6/25/2019 7:50,7:50,2,0,1,13TH AVENUE EAST & GAYLORD STREET NORTH,1,1,0,0,1,1,,0,25,1,0,0,0,2,4,2,13
,2019-23389,39.742506,-104.988681,9/28/2019 20:20,20:20,2,0,0,16TH STREET & COURT PLACE,1,3,0,0,1,1,,0,30,1,0,0,0,0,4,2,5
,2019-2339,39.75483103,-105.0193464,9/16/2019 10:00,10:00,6,0,0,26TH AVENUE WEST & BRYANT STREET NORTH,1,1,0,0,1,4,,0,30,0,0,0,0,0,4,2,13
,2019-23390,39.741057,-104.9940225,6/22/2019 18:43,18:43,11,0,1,13TH STREET & GLENARM PLACE,2,1,0,1,1,1,,0,25,0,0,1,0,1,4,2,13
,2019-23391,39.736881,-105.0015825,6/19/2019 12:00,12:00,3,0,1,13TH AVENUE WEST & LIPAN STREET NORTH,1,1,0,0,1,1,,0,30,0,0,0,0,3,4,2,1
,2019-23392,39.736881,-105.0015825,11/8/2019 12:40,12:40,1,0,1,13TH AVENUE WEST & LIPAN STREET NORTH,1,1,1,0,1,1,,0,30,0,0,0,0,3,4,2,13
,2019-23393,39.738438,-104.9836185,3/7/2019 9:30,9:30,11,0,1,14TH AVENUE EAST & GRANT STREET NORTH,6,1,0,0,1,1,,0,30,0,0,1,0,1,4,2,3
,2019-23394,39.738438,-104.9836185,5/30/2019 11:52,11:52,11,0,1,14TH AVENUE EAST & GRANT STREET NORTH,1,1,0,0,1,1,,0,25,0,0,1,0,1,4,2,14
,2019-23395,39.738357,-104.958702,7/14/2019 8:00,8:00,11,0,1,14TH AVENUE EAST & JOSEPHINE STREET NORTH,1,1,0,0,1,1,,0,30,0,0,1,0,2,4,2,5
,2019-23396,39.73833,-104.916141,5/14/2019 15:30,15:30,11,0,1,14TH AVENUE EAST & KRAMERIA STREET NORTH,1,1,0,0,1,1,,0,25,0,0,1,0,3,4,2,13
,2019-23398,39.738456,-104.9861385,9/1/2019 20:28,20:28,11,0,1,14TH AVENUE EAST & LINCOLN STREET NORTH,1,2,0,0,1,1,,0,30,0,0,1,0,1,4,2,5
,2019-23399,39.738438,-104.9823405,3/8/2019 11:37,11:37,3,0,3,14TH AVENUE EAST & LOGAN STREET NORTH,1,1,0,0,1,1,,0,35,0,0,0,0,1,4,4,13
,2019-23400,39.738672,-104.908131,4/3/2019 7:40,7:40,3,0,1,14TH AVENUE EAST & ONEIDA STREET NORTH,1,1,0,0,1,1,,0,30,0,0,0,0,3,4,2,3
,2019-23401,39.738384,-104.965992,10/24/2019 17:54,17:54,2,0,1,14TH AVENUE EAST & WILLIAMS STREET NORTH,1,2,0,0,1,1,,0,,1,0,0,0,1,4,2,14
,2019-23402,39.73869,-104.88582,9/2/2019 15:45,15:45,2,0,1,14TH AVENUE EAST & XENIA STREET NORTH,1,1,0,0,1,1,,0,35,1,0,0,0,1,4,2,3
,2019-23403,39.749634,-105.0003405,3/22/2019 20:51,20:51,11,0,1,15TH STREET & BLAKES STREET,1,1,0,0,1,1,,0,25,0,0,1,0,2,4,3,1
,2019-23404,39.749634,-105.0003405,6/4/2019 21:03,21:03,11,0,1,15TH STREET & BLAKE STREET,1,3,0,0,1,1,,0,25,0,1,1,0,2,4,2,13
,2019-23405,39.749634,-105.0003405,9/14/2019 19:30,19:30,11,0,0,15TH STREET & BLAKE STREET,1,2,0,0,1,1,,0,,0,0,1,0,0,4,2,13
,2019-23406,39.75741,-105.0105015,11/11/2019 17:53,17:53,11,0,1,15TH STREET & CENTRAL STREET,1,3,0,0,1,1,,0,25,0,0,1,0,1,4,2,8
,2019-23407,39.745566,-104.995152,10/7/2019 9:00,9:00,2,0,1,15TH STREET & CHAMPA STREET,1,1,0,0,1,1,,0,30,1,0,0,0,2,4,2,7
,2019-23408,39.745566,-104.995152,10/17/2019 17:01,17:01,2,0,1,15TH STREET & CHAMPA STREET,1,1,0,0,1,1,,0,30,1,0,0,0,1,4,2,13
,2019-23409,39.74895,-104.9995305,5/11/2019 1:00,1:00,11,0,0,15TH STREET & MARKET STREET,1,3,0,0,1,1,,0,35,0,0,1,0,0,4,2,13
,2019-2341,39.77833796,-104.9983277,8/16/2019 13:54,13:54,6,0,0,45TH AVENUE 900 BLOCK WEST & INCA STREET NORTH,1,1,0,0,1,4,,0,25,0,0,0,0,0,4,2,14
,2019-23410,39.74895,-104.9995305,9/7/2019 17:34,17:34,11,0,1,15TH STREET & MARKET STREET,1,1,0,0,1,1,,0,30,0,1,1,0,1,4,2,13
,2019-23411,39.742245,-104.99076,2/25/2019 14:57,14:57,11,0,1,15TH STREET & TREMONT PLACE,1,1,0,0,1,1,,0,25,0,0,1,0,1,4,2,13
,2019-23412,39.742245,-104.99076,9/9/2019 11:15,11:15,2,0,0,15TH STREET & TREMONT PLACE,1,1,0,0,1,1,,0,25,1,0,0,0,0,4,2,13
,2019-23413,39.751623,-105.002991,6/9/2019 0:05,0:05,11,0,1,15TH STREET & WEWATTA STREET,2,3,0,1,1,1,,0,30,0,0,1,0,2,4,2,13
,2019-23414,39.750939,-105.0021,11/10/2019 14:30,14:30,2,0,0,15TH STREET & WYNKOOP STREET,1,1,0,0,1,1,,0,30,1,0,0,0,0,4,2,7
,2019-23415,39.751623,-105.002991,5/30/2019 13:50,13:50,2,0,0,15TH STREET & WEEATTA STREET,1,1,0,0,1,1,,0,25,1,0,0,0,0,4,2,14
,2019-23416,39.747852,-104.9956695,9/30/2019 11:30,11:30,11,0,1,16TH STREET & ARAPAHOE STREET,1,1,0,0,1,1,,0,5,0,0,1,0,3,4,2,13
,2019-23417,39.750552,-104.9991615,4/7/2019 17:26,17:26,11,0,0,16TH STREET & BLAKE STREET,1,1,0,0,1,1,,0,25,0,1,1,0,0,4,2,7
,2019-23418,39.741678,-104.987367,8/29/2019 15:41,15:41,11,0,1,16TH AVENUE & BROADWAY STREET NORTH,1,1,1,0,1,1,,0,,0,0,1,0,2,4,2,13
,2019-23419,39.741651,-104.9861295,2/5/2019 13:20,13:20,2,0,1,16TH AVENUE & LINCOLN STREET,1,1,1,0,3,3,,0,30,1,0,0,0,1,4,2,13
,2019-2342,39.7241356,-104.9911166,8/9/2019 15:00,15:00,6,0,0,FIFTH AVENUE EAST & BANNOCK STREET SOUTH,1,1,0,0,1,4,,0,25,0,0,0,0,0,4,2,13
,2019-23420,39.741651,-104.9861295,7/9/2019 17:34,17:34,11,0,1,16TH AVENUE EAST & LINCOLN STREET NORTH,1,1,0,0,1,1,,0,25,0,0,1,0,2,4,2,3
,2019-23421,39.741651,-104.9861295,9/7/2019 22:10,22:10,11,0,1,16TH AVENUE EAST & LINCOLN STREET NORTH,1,1,0,0,1,1,,0,,0,0,1,0,2,4,2,13
,2019-23422,39.741651,-104.9861295,9/24/2019 7:35,7:35,11,0,1,16TH AVENUE EAST & LINCOLN STREET NORTH,1,1,1,0,1,1,,0,25,0,1,1,0,1,4,2,3
,2019-23423,39.741651,-104.9799015,9/19/2019 17:33,17:33,2,0,1,16TH AVENUE EAST & PEARL STREET NORTH,1,1,0,0,1,1,,0,25,1,0,0,0,2,4,2,13
,2019-23424,39.74166,-104.9810895,8/20/2019 16:38,16:38,2,0,0,16TH AVENUE EAST & PENNSYLVANIA STREET NORTH,1,1,0,0,1,1,,0,35,1,0,0,0,0,4,2,13
,2019-23425,39.753207,-105.0025905,11/12/2019 17:56,17:56,2,0,1,16TH STREET & WEWATTA STREET,1,3,0,0,1,1,,0,,1,0,0,0,3,4,2,3
,2019-23426,39.743397,-104.9873895,4/13/2019 11:33,11:33,2,0,0,17TH AVENUE EAST & BROADWAY STREET NORTH,2,1,0,2,1,1,,0,35,1,0,0,0,0,4,2,3
,2019-23427,39.743397,-104.9873895,12/15/2019 20:51,20:51,2,0,1,17TH AVENUE EAST & BROADWAY STREET NORTH,1,3,0,0,1,3,,0,,1,0,0,0,1,4,2,3
,2019-23428,39.746106,-104.9909715,6/20/2019 20:07,20:07,11,0,1,17TH STREET & CALIFORNIA STREET,1,3,0,1,1,1,,0,30,0,1,1,0,1,4,2,8
,2019-23429,39.743226,-104.973408,11/23/2019 17:42,17:42,11,0,1,17TH AVENUE EAST & DOWNING STREET NORTH,1,3,0,0,1,1,,0,35,0,0,1,0,1,4,2,13
,2019-23430,39.743811,-104.9566815,6/17/2019 13:04,13:04,2,0,1,17TH AVENUE EAST & ESPLANADE NORTH,1,1,0,0,1,1,,0,,1,0,0,0,1,4,2,13
,2019-23431,39.743217,-104.96475,9/4/2019 16:03,16:03,11,0,1,17TH AVENUE EAST & HIGH STREET NORTH,1,1,0,0,1,1,,0,25,0,0,1,0,2,4,2,13
,2019-23432,39.743226,-104.970897,7/9/2019 0:00,0:00,3,0,1,17TH AVENUE EAST & LAFAYETTE STREET NORTH,1,1,0,0,1,1,,0,30,0,0,0,0,3,4,2,13
,2019-23433,39.750129,-104.9962005,8/28/2019 8:53,8:53,12,0,1,17TH STREET & LARIMER STREET,1,1,0,0,1,1,,0,30,0,0,0,0,3,4,3,2
,2019-23434,39.74328,-104.9861115,1/23/2019 15:50,15:50,2,0,1,17TH AVENUE EAST & LINCOLN STREET NORTH,1,1,1,6,1,1,,0,,1,0,0,0,2,4,2,14
,2019-23435,39.74328,-104.9861115,11/8/2019 20:48,20:48,11,0,1,17TH AVENUE EAST & LINCOLN STREET NORTH,1,3,0,0,1,1,,0,30,0,0,1,0,1,4,2,3
,2019-23436,39.74328,-104.9823495,8/13/2019 7:15,7:15,11,0,1,17TH AVENUE EAST & LOGAN STREET NORTH,1,1,0,0,1,1,,0,25,0,0,1,0,1,4,2,14
,2019-23437,39.743235,-104.9726475,7/10/2019 11:54,11:54,2,0,1,17TH AVENUE EAST & PARK AVENUE WEST,1,1,0,0,1,1,,0,,1,0,0,0,3,4,2,13