id,drcog_id,latitude,longitude,crashtime,time,crashtype,numbkilled,numbinjurd,drcoglocat,rdconditin,lightngcon,roadcntgrd,weatherco,location,roaddescrp,schoolzone,constrzone,splimit,bikeinv,sctrinv,pedinv,motoinv,svrty,rdsystem,ttlvehcls,hcf
,2019-23438,39.74328,-104.9810985,1/17/2019 18:53,18:53,11,0,1,17TH AVENUE EAST & PENNSYLVANIA NORTH,1,3,0,0,1,5,,0,30,0,0,1,0,2,4,2,14
,2019-23439,39.752406,-104.9967405,4/23/2019 16:05,16:05,11,0,1,18TH STREET & BLAKE STREET,1,1,0,0,1,1,,0,30,0,1,1,0,1,4,2,8
,2019-23440,39.755763,-105.001101,5/9/2019 9:00,9:00,11,0,1,18TH STREET & CHESTNUT STREET,2,1,0,2,1,1,,0,30,0,0,1,0,2,4,2,13
,2019-23441,39.744846,-104.973399,11/7/2019 15:16,15:16,11,0,1,18TH AVENUE EAST & DOWNING STREET NORTH,1,1,0,0,1,1,,0,,0,0,1,0,2,4,2,14
,2019-23442,39.74481,-104.9861205,5/23/2019 21:33,21:33,2,0,1,18TH AVENUE EAST & LINCOLN STREET NORTH,1,3,1,0,1,1,,0,,1,0,0,0,3,4,3,13
,2019-23443,39.74481,-104.9861205,9/5/2019 8:43,8:43,11,0,1,18TH AVENUE EAST & LINCOLN STREET NORTH,1,1,0,0,1,1,,0,30,0,0,1,0,1,4,2,13
,2019-23444,39.758004,-105.0040485,8/26/2019 17:29,17:29,11,0,1,18TH STREET & LITTLE RAVEN STREET,1,1,0,0,1,1,,0,,0,1,1,0,2,4,2,7
,2019-23445,39.758796,-105.002649,9/28/2019 17:15,17:15,11,0,1,19TH STREET & LITTLE RAVEN STREET,1,1,0,0,1,1,,0,30,0,0,1,0,1,4,2,3
,2019-23446,39.754008,-104.996412,7/13/2019 0:50,0:50,11,0,0,19TH STREET & WAZEE STREET,1,3,0,0,1,1,,0,25,0,0,1,0,0,4,3,13
,2019-23447,39.718359,-104.986269,7/28/2019 21:00,21:00,11,0,0,FIRST AVENUE EAST & LINCOLN STREET NORTH,1,4,0,0,1,1,,0,25,0,0,1,0,0,4,2,13
,2019-23448,39.718377,-104.9921325,9/2/2019 16:57,16:57,11,0,1,FIRST AVENUE WEST & CHEROKEE STREET NORTH,1,1,0,0,1,1,,0,30,0,1,1,0,3,4,2,14
,2019-23449,39.718161,-105.0324795,8/21/2019 16:45,16:45,1,0,1,FIRST AVENUE WEST & KNOX COURT NORTH,1,1,0,0,1,1,,0,35,0,0,0,0,3,4,2,13
,2019-23450,39.718143,-105.0396885,2/5/2019 7:05,7:05,3,0,1,FIRST AVENUE WEST & PERRY STREET NORTH,1,1,1,0,1,1,,0,30,0,0,0,0,3,4,2,1
,2019-23451,39.718404,-104.9037795,4/7/2019 12:21,12:21,2,0,1,FIRST AVENUE EAST & QUEBEC STREET NORTH,1,1,0,0,1,1,,0,,1,0,0,0,2,4,2,13
,2019-23452,39.754323,-104.99427,9/13/2019 23:24,23:24,11,0,1,20TH STREET & BLAKE STREET,1,3,0,0,1,1,,0,,0,0,1,0,3,4,2,13
,2019-23453,39.757662,-104.9986305,5/27/2019 16:29,16:29,11,0,1,20TH STREET & CHESTNUT PLACE,1,1,0,0,1,1,,0,,0,0,1,0,1,4,2,13
,2019-23454,39.747105,-104.968422,8/20/2019 10:11,10:11,11,0,1,20TH AVENUE EAST & FRANKLIN STREET NORTH,1,1,0,0,1,1,,0,30,0,0,1,0,1,4,2,13
,2019-23455,39.753612,-104.993451,8/25/2019 1:56,1:56,11,0,2,20TH STREET & MARKET STREET,1,3,0,0,1,1,,0,25,0,0,1,0,2,4,3,14
,2019-23456,39.752946,-104.9926095,4/28/2019 22:50,22:50,11,1,0,20TH STREET & LARIMER STREET,1,3,0,6,1,1,,0,25,0,0,1,0,4,4,2,13
,2019-23457,39.752946,-104.9926095,8/12/2019 8:19,8:19,2,0,1,20TH STREET & LARIMER STREET,1,1,0,0,1,1,,0,,1,0,0,0,2,4,2,14
,2019-23458,39.752271,-104.991804,3/27/2019 17:57,17:57,2,0,1,20TH STREET & LAWRENCE STREET,1,1,0,0,1,1,,0,,1,0,0,0,2,4,2,13
,2019-23459,39.752271,-104.991804,9/25/2019 13:51,13:51,11,0,1,20TH STREET & LAWRENCE STREET,1,1,0,0,1,1,,0,,0,0,1,0,3,4,2,13
,2019-23460,39.759588,-105.0017805,8/5/2019 21:15,21:15,2,0,1,20TH STREET & LITTLE RAVEN STREET,1,3,0,0,1,1,,0,30,1,0,0,0,1,4,2,3
,2019-23461,39.747537,-104.9810895,11/20/2019 16:42,16:42,11,0,1,20TH AVENUE EAST & PENNSYLVANIA STREET NORTH,2,2,0,1,1,1,,0,25,0,0,1,0,1,4,2,14
,2019-23462,39.754989,-104.995143,3/26/2019 18:25,18:25,2,0,1,20TH STREET & WAZEE STREET,1,2,1,0,1,1,,0,,1,0,0,0,1,4,2,13
,2019-23463,39.751866,-104.988762,4/1/2019 21:23,21:23,3,0,2,21ST STREET & CURTIS STREET,1,3,0,0,1,1,,0,30,0,0,0,0,3,4,2,5
,2019-23464,39.751866,-104.988762,5/4/2019 16:49,16:49,11,0,0,21ST STREET & CURTIS STREET,1,1,0,0,1,1,,0,25,0,1,1,0,0,4,2,3
,2019-23465,39.748203,-104.968413,4/23/2019 10:15,10:15,11,0,1,21ST AVENUE EAST & FRANKLIN STREET NORTH,1,1,0,0,1,1,,0,,0,0,1,0,1,4,2,13
,2019-23466,39.753207,-104.990562,3/30/2019 0:26,0:26,11,0,1,21ST STREET & LAWRENCE STREET,2,3,0,1,1,3,,0,30,0,0,1,0,2,4,2,3
,2019-23467,39.785733,-104.8830885,9/4/2019 8:04,8:04,15,0,0,NORTHFIELD BOULEVARD EAST  & CENTRAL PARK BOULEVARD NORTH,1,1,0,0,1,1,,0,30,0,0,0,0,0,4,2,13
,2019-23468,39.75264,-104.9825115,8/26/2019 8:05,8:05,2,0,1,24TH STREET & CALIFORNIA STREET,1,1,0,0,1,1,,0,30,1,0,0,0,1,4,2,13
,2019-23469,39.748194,-104.9598,9/20/2019 17:20,17:20,2,0,1,21ST AVENUE EAST & YORK STREET NORTH,1,1,0,0,1,1,,0,25,1,0,0,0,2,4,2,14
,2019-2347,39.74407402,-104.9901365,5/6/2019 11:15,11:15,1,0,0,GLENARM PLACE 1600 BLOCK & 17TH STREET,1,1,0,0,1,4,,0,25,0,0,0,0,0,4,2,1
,2019-23470,39.75615,-104.991912,1/3/2019 6:59,6:59,11,0,1,22ND STREET & BLAKE STREET,1,3,0,0,1,1,,0,30,0,0,1,0,1,4,2,13
,2019-23471,39.752667,-104.98743,3/12/2019 12:50,12:50,3,0,2,22ND STREET & BROADWAY STREET NORTH,1,1,0,0,1,1,,0,30,0,0,0,0,3,4,3,14
,2019-23472,39.750759,-104.9849415,10/2/2019 19:29,19:29,2,0,1,22ND STREET & CALIFORNIA STREET,1,3,0,0,1,1,,0,,1,0,0,0,2,4,2,14
,2019-23473,39.75417,-104.9893335,11/18/2019 17:50,17:50,11,0,0,22ND STREET & LAWRENCE STREET,1,3,0,0,1,1,,0,30,0,0,1,0,0,4,2,13
,2019-23474,39.750741,-104.975748,3/5/2019 18:25,18:25,3,0,5,23RD AVENUE EAST & EMERSON STREET NORTH,12,2,0,0,1,1,,0,25,0,0,0,0,3,4,3,9
,2019-23475,39.751074,-104.916321,7/10/2019 16:56,16:56,2,0,1,23RD AVENUE EAST & KRAMERIA STREET NORTH,1,1,0,0,1,1,,0,,1,0,0,0,3,4,2,13
,2019-23476,39.751047,-104.9128605,3/7/2019 20:04,20:04,1,0,1,23RD AVENUE EAST & MONACO STREET NORTH,1,3,0,0,1,1,,0,25,0,0,0,0,3,4,2,1
,2019-23477,39.751011,-104.903442,4/17/2019 19:25,19:25,2,0,0,23RD AVENUE EAST & QUEBEC STREET NORTH,1,1,0,0,1,1,,0,35,1,0,0,0,0,4,2,7
,2019-23478,39.751992,-104.974542,5/29/2019 12:52,12:52,2,0,1,24TH AVENUE EAST & OGDEN STREET NORTH,1,1,0,0,1,1,,0,,1,0,0,0,1,4,2,13
,2019-23479,39.753585,-104.9813325,6/22/2019 10:08,10:08,2,0,1,25TH STREET 500 BLOCK & WELTON STREET / CALIFORNIA STREET,1,1,0,0,1,5,,0,,1,0,0,0,1,4,2,13
,2019-23480,39.653307,-105.032151,5/11/2019 17:12,17:12,5,0,1,KNOX COURT SOUTH & HAMPDEN AVENUE WEST,1,1,1,0,3,2,,0,25,0,0,0,0,2,4,1,10
,2019-23481,39.754611,-104.9769495,1/13/2019 14:40,14:40,3,0,1,26TH AVENUE EAST & CLARKSON STREET NORTH,1,1,0,0,1,1,,0,25,0,0,0,0,3,4,2,13
,2019-23482,39.754827,-105.0268185,4/6/2019 13:04,13:04,1,0,2,26TH AVENUE WEST & GROVE STREET NORTH,1,1,0,0,1,1,,0,30,0,0,0,1,3,4,2,7
,2019-23483,39.754872,-105.042834,8/18/2019 15:12,15:12,2,0,1,26TH AVENUE WEST & STUART STREET NORTH,1,1,1,0,1,1,,0,,1,0,0,0,2,4,2,13
,2019-23484,39.754449,-104.9598,10/22/2019 17:32,17:32,2,0,1,26TH AVENUE EAST & YORK STREET NORTH,1,1,0,0,1,1,,0,30,1,0,0,0,1,4,2,13
,2019-23485,39.760029,-104.9799825,5/9/2019 17:53,17:53,2,0,1,29TH STREET & ARAPAHOE STREET,2,2,0,1,1,1,,0,25,1,0,0,0,1,4,2,1
,2019-23486,39.765843,-104.9884875,10/3/2019 14:16,14:16,3,0,1,29TH STREET & ARKINS COURT,1,1,0,0,1,1,,0,25,0,0,0,0,3,4,2,14
,2019-23487,39.758418,-104.99715,11/9/2019 2:00,2:00,11,0,1,29TH AVENUE WEST & HURON STREET NORTH,1,3,1,0,1,1,,0,30,0,1,1,0,2,4,2,13
,2019-23488,39.75849,-105.029928,5/26/2019 16:09,16:09,12,0,2,29TH AVENUE WEST & IRVING STREET NORTH,1,1,0,0,1,1,,0,30,0,0,0,0,3,4,2,1
,2019-23489,39.761343,-104.9817285,1/9/2019 18:03,18:03,2,0,1,29TH STREET & LARIMER STREET,1,3,0,0,1,1,,0,30,1,0,0,0,1,4,2,1
,2019-23490,39.759327,-104.900508,7/16/2019 10:50,10:50,11,0,0,29TH DRIVE EAST & ROSLYN STREET NORTH,1,1,0,0,1,1,,0,25,0,1,1,0,0,4,2,13
,2019-23491,39.758364,-105.011802,6/20/2019 22:45,22:45,5,0,1,29TH AVENUE WEST & UMATILLA STREET NORTH,1,3,1,0,3,1,,0,25,0,0,0,0,3,4,1,13
,2019-23492,39.75822,-104.959791,7/25/2019 11:53,11:53,2,0,0,29TH AVENUE EAST & YORK STREET NORTH,1,1,0,0,1,1,,0,25,1,0,0,0,0,4,2,1
,2019-23493,39.71934,-104.9825227,5/25/2019 18:54,18:54,2,0,1,SECOND AVENUE EAST & 2700 BLOCK EAST,1,1,1,0,1,5,,0,,1,0,0,0,2,4,2,1
,2019-23494,39.720249,-105.022782,9/7/2019 16:58,16:58,2,0,1,SECOND AVENUE WEST & DECATUR STREET NORTH,1,1,0,0,1,1,,0,,1,0,0,0,2,4,2,3
,2019-23496,39.719421,-104.95944,5/29/2019 17:00,17:00,2,0,0,SECOND AVENUE EAST & UNIVERSITY BOULEVARD NORTH,1,1,0,0,1,1,,0,25,1,0,0,0,0,4,2,14
,2019-23497,39.759498,-104.973372,6/11/2019 16:44,16:44,3,0,1,30TH AVENUE EAST & DOWNING STREET NORTH,1,1,0,0,1,1,,0,25,0,0,0,0,3,4,2,1
,2019-23498,39.760758,-104.9733405,1/7/2019 18:00,18:00,2,0,0,31ST AVENUE EAST & DOWNING STREET NORTH,1,3,0,0,1,1,,0,30,1,0,0,0,0,4,2,16
,2019-23499,39.762,-105.023601,8/4/2019 20:05,20:05,2,1,0,32ND AVENUE WEST & ELIOT STREET NORTH,1,2,0,0,1,1,,0,,1,0,0,0,4,4,2,7
,2019-2350,39.67867409,-105.0175567,11/16/2019 17:24,17:24,12,0,0,EVANS AVENUE WEST & ZUNI STREET SOUTH,1,3,0,0,1,4,,0,40,0,0,0,0,0,4,2,12
,2019-23500,39.762018,-105.0052905,6/9/2019 0:22,0:22,11,0,2,32ND AVENUE WEST & OSAGE STREET NORTH,1,3,0,0,1,1,,0,30,0,0,1,0,1,4,3,3
,2019-23501,39.7692,-104.975028,10/6/2019 20:31,20:31,11,0,1,36TH STREET & BLAKE STREET,1,2,0,0,1,1,,0,,0,0,1,0,3,4,2,13
,2019-23502,39.765456,-104.9026095,3/11/2019 6:55,6:55,1,0,1,35TH AVENUE EAST & QUEBEC STREET NORTH,1,1,0,0,1,1,,0,30,0,0,0,0,3,4,2,7
,2019-23503,39.765258,-104.8925385,3/16/2019 18:08,18:08,3,0,4,35TH AVENUE EAST & UINTA STREET NORTH,1,1,0,0,1,1,,0,25,0,0,0,0,3,4,2,8
,2019-23504,39.767391,-104.902533,1/13/2019 18:42,18:42,3,0,4,36TH AVENUE EAST & QUEBEC STREET NORTH,1,1,0,0,1,1,,0,45,0,0,0,0,3,4,2,5
,2019-23505,39.76927851,-105.0191541,4/14/2019 16:11,16:11,2,0,0,38TH AVENUE & 1900 BLOCK WEST,1,1,1,0,1,2,,0,35,1,0,0,0,0,4,2,13
,2019-23506,39.772971,-104.975442,8/23/2019 19:30,19:30,2,0,1,38TH STREET & BRIGHTON BOULEVARD NORTH,1,2,0,0,1,1,,0,35,1,0,0,0,1,4,2,13
,2019-23508,39.769182,-104.9428485,6/8/2019 19:12,19:12,3,0,2,38TH AVENUE EAST & JACKSON STREET NORTH,1,1,0,0,1,1,,0,25,0,0,0,0,3,4,2,14
,2019-23509,39.769281,-105.00057,8/25/2019 12:57,12:57,3,0,1,38TH AVENUE WEST & KALAMATH STREET NORTH,1,1,0,0,1,1,,0,35,0,0,0,0,3,4,2,3
,2019-2351,39.653052,-104.88456,10/1/2019 11:57,11:57,15,0,0,HAMPDEN AVENUE EAST & YOSEMITE STREET SOUTH,1,1,0,0,1,4,,0,45,0,0,0,0,0,2,2,13
,2019-23510,39.769281,-105.01119,11/23/2019 10:10,10:10,11,0,1,38TH AVENUE WEST & TEJON STREET NORTH,1,1,0,0,1,1,,0,30,0,0,1,0,1,4,2,5
,2019-23511,39.72006606,-104.9713761,3/19/2019 8:46,8:46,2,0,1,THIRD AVENUE EAST & 2300 BLOCK EAST,1,1,0,0,1,5,,0,25,1,0,0,0,1,4,2,13
,2019-23512,39.720933,-104.9874975,8/14/2019 8:30,8:30,2,0,0,THIRD AVENUE WEST & BROADWAY STREET NORTH,1,1,0,0,1,1,,0,30,1,0,0,0,0,4,2,14
,2019-23513,39.770847,-104.74272,3/21/2019 16:20,16:20,3,0,2,40TH AVENUE EAST & MALAYA STREET NORTH,1,1,0,0,1,1,,0,25,0,0,0,0,3,4,2,13
,2019-23515,39.775221,-104.9876685,10/19/2019 22:38,22:38,11,0,1,43RD AVENUE EAST & 14460 EAST 43RD AVENUE,1,3,0,0,1,4,,0,25,0,0,1,0,2,4,3,13
,2019-23516,39.776589,-104.9935905,2/26/2019 15:34,15:34,11,0,1,44TH AVENUE WEST & ELATI STREET NORTH,1,1,0,0,1,1,,0,,0,0,1,0,3,4,2,14
,2019-23517,39.776688,-105.038082,11/12/2019 8:10,8:10,11,0,1,44TH AVENUE WEST & OSCEOLA STREET NORTH,1,1,0,0,1,5,,0,10,0,0,1,0,1,4,2,14
,2019-23518,39.776571,-105.0509205,7/3/2019 13:22,13:22,1,0,1,44TH AVENUE WEST & YATES STREET NORTH,1,1,0,0,1,1,,0,25,0,0,0,0,3,4,2,3
,2019-23519,39.778047,-104.84712,11/8/2019 10:25,10:25,11,0,1,45TH AVENUE EAST & PEORIA STREET NORTH,1,2,0,0,1,1,,0,35,0,0,1,0,1,4,2,3
,2019-23521,39.782403,-104.8489515,2/3/2019 12:47,12:47,10,0,2,47TH AVENUE EAST & PARIS STREET NORTH,1,1,0,0,1,1,,0,40,0,0,0,0,3,4,2,5
,2019-23522,39.782403,-104.8489515,2/6/2019 8:15,8:15,1,0,2,47TH AVENUE EAST & PARIS STREET NORTH,2,1,0,2,1,1,,0,35,0,0,0,0,3,4,2,13
,2019-23523,39.783807,-104.9177295,7/15/2019 16:22,16:22,2,0,1,48TH AVENUE EAST & LEYDEN STREET NORTH,1,1,0,0,1,1,,0,35,1,0,0,0,1,4,2,14
,2019-23524,39.783978,-105.0158385,1/15/2019 23:03,23:03,12,0,0,48TH AVENUE WEST & ZUNI AVENUE NORTH,1,3,0,0,1,1,,0,,0,0,0,0,0,4,3,13
,2019-23525,39.722949,-105.03972,8/12/2019 7:22,7:22,2,0,1,FOURTH AVENUE WEST & PERRY STREET NORTH,1,1,0,0,1,1,,0,25,1,0,0,0,2,4,2,13
,2019-23526,39.787011,-104.824809,9/6/2019 16:28,16:28,2,0,0,51ST AVENUE EAST & BOLLING DRIVE EAST,2,1,0,1,1,1,,0,25,1,0,0,0,0,4,2,13
,2019-23527,39.790314,-104.8613535,7/15/2019 17:38,17:38,3,0,1,51ST AVENUE EAST & JOLIET STREET NORTH,1,1,0,0,1,1,,0,30,0,0,0,0,3,4,2,7
,2019-23528,39.791052,-105.0126032,3/11/2019 6:39,6:39,11,0,1,52ND AVENUE & 3800 BLOCK EAST,1,2,0,0,1,2,,0,,0,0,1,0,1,4,2,13
,2019-23529,39.798297,-104.88447,11/1/2019 19:55,19:55,1,0,3,56TH AVENUE EAST & CENTRAL PARK BOULEVARD NORTH,1,3,0,0,1,1,,0,45,0,0,0,0,3,4,2,13
,2019-23530,39.79845,-104.762772,7/18/2019 13:34,13:34,2,0,1,56TH AVENUE EAST & DUNKIRK STREET NORTH,1,1,0,0,1,1,,0,25,1,0,0,0,2,4,2,13
,2019-23531,39.79845,-104.762772,7/28/2019 20:53,20:53,2,0,0,56TH AVENUE EAST & DUNKIRK STREET NORTH,1,3,0,0,1,1,,0,40,1,0,0,0,0,4,2,13
,2019-23532,39.798243,-104.7721815,3/1/2019 17:36,17:36,1,0,1,56TH AVENUE EAST & TOWER ROAD NORTH,1,2,0,0,1,1,,0,45,0,0,0,0,3,4,3,7
,2019-23533,39.798243,-104.7721815,10/20/2019 14:29,14:29,1,0,2,56TH AVENUE EAST & TOWER ROAD NORTH,1,1,0,6,1,1,,0,40,0,0,0,0,3,4,2,7
,2019-23534,39.798279,-104.89419,9/12/2019 7:50,7:50,2,0,1,56TH AVENUE EAST & UINTA STREET NORTH,1,1,0,0,1,1,,0,45,1,0,0,0,2,4,2,14
,2019-23535,39.724137,-104.987502,3/7/2019 20:30,20:30,3,0,1,FIFTH AVENUE & BROADWAY STREET NORTH,1,3,0,0,1,1,,0,25,0,0,0,0,3,4,2,13
,2019-23536,39.814596,-104.772168,10/18/2019 6:25,6:25,3,0,1,65TH AVENUE EAST & TOWER ROAD NORTH,1,3,0,0,1,1,,0,25,0,0,0,0,3,4,2,13
,2019-23537,39.81825,-104.772114,3/8/2019 15:44,15:44,11,0,1,67TH AVENUE EAST & TOWER ROAD NORTH,1,1,0,0,1,1,,0,45,0,0,1,0,2,4,3,13
,2019-23538,39.821868,-104.7720285,1/15/2019 20:56,20:56,3,0,2,69TH AVENUE EAST & TOWER ROAD NORTH,1,3,0,0,1,1,,0,45,0,0,0,0,3,4,2,8
,2019-23539,39.821868,-104.7720285,3/7/2019 2:10,2:10,3,0,1,69TH AVENUE EAST & TOWER ROAD NORTH,5,3,0,2,1,1,,0,45,0,0,0,0,3,4,2,2
,2019-2354,39.781935,-104.9570415,6/20/2019 16:44,16:44,12,0,0,47TH AVENUE EAST & COLUMBINE STREET NORTH,1,1,0,0,1,1,,0,25,0,0,0,0,0,4,2,13
,2019-23540,39.821868,-104.7720285,3/17/2019 6:55,6:55,1,0,4,69TH AVENUE EAST & TOWER ROAD NORTH,1,1,0,0,1,1,,0,40,0,0,0,0,3,4,2,13
,2019-23541,39.821868,-104.7720285,11/16/2019 22:54,22:54,3,0,4,69TH AVENUE EAST & TOWER ROAD NORTH,1,3,0,0,1,1,,0,40,0,0,0,0,3,4,2,7
,2019-23542,39.72564,-104.987439,1/4/2019 16:59,16:59,2,0,1,SIXTH AVENUE EAST & BROADWAY NORTH,1,1,0,0,1,1,,0,30,1,0,0,0,2,4,2,13
,2019-23543,39.72564,-104.9874435,8/5/2019 23:20,23:20,2,0,1,SIXTH AVENUE EAST  & BROADWAY STREET NORTH,1,3,0,0,1,1,,0,,1,0,0,0,2,4,2,13
,2019-23544,39.72578274,-105.0351159,6/7/2019 22:45,22:45,10,0,1,SIXTH AVENUE DRIVE NORTH & LOWELL BOULEVARD NORTH,1,3,0,0,1,1,,0,25,0,0,0,0,3,4,2,5
,2019-23545,39.725649,-104.912811,9/24/2019 22:42,22:42,3,0,3,SIXTH AVENUE EAST & MONACO STREET NORTH,1,3,0,0,1,1,,0,30,0,0,0,1,3,4,2,7
,2019-23546,39.727332,-104.948379,9/13/2019 7:45,7:45,2,0,1,SEVENTH AVENUE EAST & ADAMS STREET NORTH,1,1,0,0,1,1,,0,25,1,0,0,0,1,4,2,13
,2019-23547,39.727296,-104.97294,5/2/2019 17:00,17:00,11,0,0,SEVENTH AVENUE EAST & DOWNING STREET NORTH,1,1,0,0,1,1,,0,25,0,0,1,0,0,4,2,14
,2019-23548,39.727107,-104.9566995,7/21/2019 8:05,8:05,11,0,1,SEVENTH AVENUE EAST & ELIZABETH STREET NORTH,1,1,0,0,1,1,,0,30,0,0,1,0,2,4,2,3
,2019-23549,39.727107,-104.9612985,1/8/2019 15:29,15:29,11,0,1,SEVENTH AVENUE EAST & GAYLORD STREET NORTH,1,1,0,0,1,1,,0,25,0,0,1,0,2,4,2,13
,2019-23550,39.727287,-104.9694705,7/19/2019 17:37,17:37,2,0,2,SEVENTH AVENUE EAST & HUMBOLDT STREET NORTH,1,1,0,0,1,1,,0,20,1,0,0,0,2,4,2,13
,2019-23551,39.727287,-104.9848785,2/4/2019 14:29,14:29,2,0,1,SEVENTH AVENUE EAST & SHERMAN STREET NORTH,1,1,0,0,1,1,,0,25,1,0,0,0,2,4,2,13
,2019-23552,39.727134,-104.9494905,6/14/2019 11:43,11:43,2,0,1,SEVENTH AVENUE EAST & STEELE STREET NORTH,1,1,0,0,1,1,,0,,1,0,0,0,2,4,2,13
,2019-23553,39.729114,-104.988852,11/5/2019 15:25,15:25,11,0,1,EIGHTH AVENUE WEST & ACOMA STREET NORTH,1,1,0,0,1,1,,0,,0,0,1,0,3,4,2,13
,2019-23554,39.72924,-104.939469,5/2/2019 13:04,13:04,11,0,1,EIGHTH AVENUE EAST & ALBION STREET NORTH,1,1,0,0,1,1,,0,25,0,0,1,0,1,4,2,13
,2019-23555,39.729078,-104.9836095,9/9/2019 17:25,17:25,11,0,1,EIGHTH AVENUE EAST & GRANT STREET NORTH,1,1,0,0,1,1,,0,35,0,0,1,0,2,4,2,13
,2019-23557,39.729078,-104.969448,12/13/2019 12:55,12:55,2,0,1,EIGHTH AVENUE 1500 BLOCK EAST & HUMBOLDT STREET NORTH,1,1,0,0,1,4,,0,25,1,0,0,0,2,4,2,13
,2019-23558,39.729087,-104.9706,8/26/2019 16:11,16:11,2,0,1,EIGHTH AVENUE EAST & LAFAYETT STREET NORTH,1,1,0,0,1,1,,0,,1,0,0,0,1,4,2,8
,2019-23559,39.729087,-104.986152,5/8/2019 15:09,15:09,11,0,1,EIGHTH AVENUE EAST & LINCOLN STREET NORTH,2,1,0,1,1,1,,0,30,0,0,1,0,1,4,2,13
,2019-23560,39.728961,-105.001623,6/10/2019 16:27,16:27,1,0,1,EIGHTH AVENUE WEST & LIPAN STREET NORTH,1,1,0,0,1,1,,0,25,0,0,0,0,3,4,2,13
,2019-23561,39.729267,-104.91048,4/5/2019 17:36,17:36,3,0,1,EIGHTH AVENUE EAST & NIAGARA STREET NORTH,1,1,0,0,1,1,,0,25,0,0,0,0,3,4,2,1
,2019-23562,39.729078,-104.9848605,6/29/2019 13:30,13:30,2,0,1,EIGHTH AVENUE EAST & SHERMAN STREET NORTH,1,1,0,0,1,1,,0,,1,0,0,0,2,4,2,13
,2019-23563,39.728943,-104.9906115,4/6/2019 15:15,15:15,3,0,1,EIGHTH AVENUE WEST & SPEER BOULEVARD NORTH,1,1,0,0,1,1,,0,35,0,0,0,0,3,4,2,14
,2019-23564,39.730437,-104.974101,7/19/2019 13:00,13:00,2,0,1,NINTH AVENUE EAST & CORONA STREET NORTH,1,1,0,0,1,1,,0,,1,0,0,0,1,4,2,1
,2019-23565,39.730509,-104.99643,11/14/2019 17:36,17:36,2,0,1,NINTH AVENUE WEST & GALAPAGO STREET NORTH,1,3,0,0,1,1,,0,,1,0,0,0,2,4,2,14
,2019-23566,39.777642,-104.948631,6/6/2019 15:11,15:11,2,0,2,ADAMS STREET NORTH & 44TH AVENUE EAST,1,1,0,0,1,1,,0,25,1,0,0,0,2,4,2,14
,2019-23567,39.711168,-104.99238,9/26/2019 14:10,14:10,1,0,1,ALAMEDA AVENUE WEST & CHEROKEE STREET SOUTH,1,1,0,0,1,1,,0,35,0,0,0,0,3,4,2,1
,2019-23568,39.71133,-104.8929075,8/17/2019 10:01,10:01,2,0,1,ALAMEDA AVENUE EAST  & FAIRMOUNT DRIVE SOUTH,1,1,0,0,1,1,,0,35,1,0,0,0,3,4,2,13
,2019-23569,39.7116,-104.941359,8/21/2019 14:50,14:50,5,0,1,ALAMEDA AVENUE EAST  & HARRISON STREET SOUTH,1,1,0,0,3,1,,0,30,0,0,0,0,3,4,1,14
,2019-23570,39.711114,-104.9756895,9/25/2019 9:05,9:05,10,0,1,ALAMEDA AVENUE EAST  & OGDEN STREET SOUTH,1,1,0,0,1,1,,0,30,0,0,0,0,3,4,2,7
,2019-23571,39.711186,-104.997132,1/24/2019 6:36,6:36,2,0,0,ALAMEDA AVENUE WEST & SANTA FE DRIVE SOUTH,1,1,3,0,1,1,,0,35,1,0,0,0,0,4,2,13
,2019-23572,39.711186,-104.997132,6/6/2019 21:30,21:30,1,0,1,ALAMEDA AVENUE WEST & SANTA FE DRIVE SOUTH,1,3,0,0,1,1,,0,35,0,0,0,0,3,4,2,13
,2019-23574,39.711186,-104.997132,7/18/2019 21:56,21:56,3,0,1,ALAMEDA AVENUE WEST  & SANTA FE DRIVE SOUTH,1,3,0,0,1,1,,0,35,0,0,0,0,3,4,2,1
,2019-23575,39.783474,-104.8295835,7/21/2019 13:45,13:45,2,0,1,ANDREWS DRIVE EAST & CARSON STREET NORTH,1,1,0,0,1,1,,0,25,1,0,0,0,1,4,2,14
,2019-23576,39.775041,-104.8099185,1/23/2019 17:30,17:30,12,0,1,ANDREWS DRIVE EAST & CHAMBERS ROAD NORTH,1,1,0,0,1,1,,0,35,0,0,0,0,3,4,2,1
,2019-23577,39.751578,-104.990841,2/15/2019 11:39,11:39,11,0,1,ARAPAHOE STREET & 20TH STREET,1,1,0,0,1,1,,0,35,0,1,1,0,1,4,2,13
,2019-23578,39.753423,-104.988402,4/23/2019 9:15,9:15,11,0,1,ARAPAHOE STREET & 22ND STREET,1,1,0,0,1,1,,0,30,0,0,1,1,1,4,2,13
,2019-23579,39.691143,-104.9734215,10/18/2019 10:36,10:36,3,0,1,ARKANSAS AVENUE EAST & DOWNING STREET SOUTH,1,1,0,0,1,1,,0,30,0,0,0,0,3,4,2,13