id,drcog_id,latitude,longitude,crashtime,time,crashtype,numbkilled,numbinjurd,drcoglocat,rdconditin,lightngcon,roadcntgrd,weatherco,location,roaddescrp,schoolzone,constrzone,splimit,bikeinv,sctrinv,pedinv,motoinv,svrty,rdsystem,ttlvehcls,hcf
,2019-23580,39.747627,-105.0053805,10/10/2019 18:40,18:40,11,0,1,AURARIA PARKWAY WEST & 11TH STREET,1,3,0,0,1,1,,0,25,0,0,1,0,1,4,2,7
,2019-23581,39.736836,-104.990229,8/30/2019 18:29,18:29,11,0,0,BANNOCK STREET NORTH & 13TH AVENUE WEST,1,1,0,0,1,1,,0,,0,1,1,0,0,4,2,7
,2019-23582,39.727323,-104.9902785,9/18/2019 16:40,16:40,2,0,0,BANNOCK STREET NORTH & SEVENTH AVENUE WEST,1,1,0,0,1,1,,0,,1,0,0,0,0,4,2,13
,2019-23583,39.714759,-104.9875425,1/5/2019 16:01,16:01,3,0,2,BAYAUD AVENUE EAST & BROADWAY STREET SOUTH,1,1,0,0,1,1,,0,30,0,0,0,0,3,4,2,1
,2019-23584,39.714759,-104.9875425,11/8/2019 17:37,17:37,11,0,1,BAYAUD AVENUE EAST & BROADWAY STREET SOUTH,1,3,0,0,1,1,,0,30,0,0,1,0,1,4,2,8
,2019-23585,39.71466,-104.949972,4/19/2019 14:28,14:28,2,0,1,BAYAUD AVENUE EAST & STEELE STREET SOUTH,1,1,1,0,1,1,,0,30,1,0,0,0,2,4,2,13
,2019-23586,39.714813,-105.0109515,7/12/2019 17:43,17:43,3,1,0,BAYUAD AVENUE WEST & TEJON STREET SOUTH,1,1,0,0,1,1,,0,,0,0,0,0,4,4,2,1
,2019-23588,39.749634,-105.0003405,4/5/2019 20:33,20:33,11,1,0,BLAKE STREET & 15TH STREET,1,4,0,0,1,1,,0,30,0,0,1,0,4,4,4,14
,2019-23589,39.749634,-105.0003405,8/13/2019 11:30,11:30,11,0,1,BLAKE STREET & 15TH STREET,1,1,0,0,1,1,,0,25,0,0,1,0,1,4,2,13
,2019-2359,39.747456,-104.885802,5/31/2019 9:08,9:08,3,0,0,MONTVIEW BOULEVARD EAST & XENIA STREET NORTH,1,1,0,0,1,1,,0,,0,0,0,0,0,4,2,13
,2019-23590,39.726603,-104.987412,6/30/2019 2:23,2:23,3,0,4,BORADWAY STREET NORTH & SPEER BOULEVARD EAST,1,3,0,0,1,1,,0,30,0,0,0,0,3,4,2,13
,2019-23591,39.771243,-104.977692,7/29/2019 20:05,20:05,11,0,1,BRIGHTON BOULEVARD NORTH & 36TH STREET,1,2,0,0,1,1,,0,30,0,0,1,0,2,4,2,2
,2019-23592,39.772971,-104.975442,10/7/2019 22:22,22:22,2,1,0,BRIGHTON BOULEVARD NORTH & 38TH STREET,1,3,0,0,1,1,,0,,1,0,0,0,4,4,2,13
,2019-23593,39.772971,-104.975442,11/10/2019 14:17,14:17,12,0,1,BRIGHTON BOULEVARD NORTH & 38TH STREET,1,1,0,0,1,3,,0,30,0,0,0,0,3,4,2,10
,2019-23594,39.72820181,-104.987404,7/20/2019 0:30,0:30,11,0,1,BROADWAY STREET NORTH & 1000 BLOCK NORTH,1,3,0,0,1,1,,0,,0,0,1,0,3,4,2,13
,2019-23595,39.7615185,-104.988069,9/28/2019 2:00,2:00,11,0,1,BROADWAY STREET & 1000 BLOCK NORTH,1,1,0,0,1,4,,0,,0,0,1,0,3,4,2,13
,2019-23596,39.738429,-104.9873895,5/30/2019 7:12,7:12,11,0,1,BROADWAY NORTH & 14TH AVENUE EAST,1,1,0,0,1,1,,0,35,0,0,1,0,1,4,2,13
,2019-23597,39.743397,-104.9873895,3/21/2019 12:26,12:26,11,0,1,BROADWAY STREET NORTH & 17TH STREET,1,1,0,0,1,1,,0,30,0,1,1,0,1,4,2,13
,2019-23598,39.744855,-104.9873895,9/21/2019 22:40,22:40,2,0,1,BROADWAY STREET NORTH & 18TH AVENUE EAST,2,3,0,1,1,1,,0,,1,0,0,0,2,4,2,14
,2019-23599,39.70652191,-104.9875857,5/27/2019 18:20,18:20,2,0,0,BROADWAY SOUTH & 2100 BLOCK SOUTH,1,1,0,0,1,4,,0,30,1,0,0,0,0,4,2,1
,2019-23600,39.722535,-104.987502,10/7/2019 15:00,15:00,2,0,0,BROADWAY STREET NORTH & FOURTH AVENUE EAST,1,1,0,0,1,1,,0,30,1,0,0,0,0,4,2,3
,2019-23601,39.678498,-104.9875605,3/5/2019 9:16,9:16,11,0,0,BROADWAY STREET SOUTH & EVANS AVENUE EAST,1,1,0,0,1,1,,0,35,0,0,1,0,0,4,2,13
,2019-23602,39.696633,-104.9874525,2/20/2019 23:20,23:20,2,0,0,BROADWAY STREET SOUTH & MISSISSIPPI AVENUE EAST,1,3,0,0,1,1,,0,,1,0,0,0,0,4,2,13
,2019-23603,39.726603,-104.987412,11/7/2019 14:14,14:14,2,0,1,BROADWAY STREET NORTH & SPEER BOULEVARD NORTH,1,1,0,0,1,1,,0,35,1,0,0,0,2,4,2,13
,2019-23604,39.75831,-104.9874615,1/16/2019 18:12,18:12,11,0,1,BROADWAY STREET NORTH & WALNUT STREET,1,3,0,0,1,1,,0,,0,0,1,0,3,4,2,13
,2019-23605,39.75423538,-104.9804689,7/12/2019 17:05,17:05,11,0,0,CALIFORNIA STREET & 700 BLOCK,1,1,0,0,1,5,,0,,0,1,1,0,0,4,2,13
,2019-23606,39.764466,-104.952402,3/16/2019 13:45,13:45,2,0,1,BRUCE RANDOLPH AVENUE EAST & MILWAUKEE STREET NORTH,1,1,0,0,1,1,,0,30,1,0,0,0,2,4,2,1
,2019-23607,39.692997,-104.97726,10/3/2019 7:06,7:06,2,0,1,BUCHTEL BOULEVARD EAST & LOUISIANA AVENUE EAST,1,1,0,0,1,1,,0,30,1,0,0,0,1,4,2,13
,2019-23608,39.680586,-104.94513,11/3/2019 11:36,11:36,2,0,1,BUCHTEL BOULEVARD EAST & MONROE STREET SOUTH,1,1,0,0,1,1,,0,35,1,0,0,0,1,4,2,13
,2019-23609,39.748113,-104.9879565,3/16/2019 19:17,19:17,2,0,1,CALIFORNIA STREET 1900 BLOCK & 20TH STREET,1,3,0,0,1,3,,0,,1,0,0,0,2,4,2,13
,2019-23610,39.79763549,-104.7662602,12/24/2019 11:08,11:08,11,0,1,CATHAY STREET NORTH & 4300 BLOCK NORTH,1,1,0,0,1,4,,0,25,0,0,1,0,1,4,2,13
,2019-23611,39.713103,-104.9129415,9/23/2019 9:50,9:50,2,0,1,CEDAR AVENUE EAST & MONACO STREET SOUTH,1,1,0,0,1,1,,0,35,1,0,0,0,1,4,2,13
,2019-23612,39.713382,-105.0373125,4/23/2019 17:05,17:05,2,0,1,CEDAR AVENUE WEST & NEWTON STREET SOUTH,1,1,0,0,1,1,,0,25,1,0,0,0,2,4,2,13
,2019-23613,39.712977,-104.903541,2/21/2019 18:34,18:34,3,1,1,CEDAR PLACE EAST & QUEBEC STREET SOUTH,1,3,1,0,1,1,,0,35,0,0,0,0,4,4,2,13
,2019-23614,39.73270926,-104.9729895,7/13/2019 18:00,18:00,11,0,1,DOWNING STREET NORTH & 2600 BLOCK NORTH,1,3,0,0,1,4,,0,,0,1,1,0,1,4,2,13
,2019-23615,39.776571,-104.8099095,8/18/2019 19:11,19:11,12,1,1,CHAMBERS ROAD NORTH & 46TH AVENUE EAST,1,1,0,0,1,1,,0,45,0,0,0,0,4,4,3,13
,2019-23616,39.775041,-104.8099185,3/4/2019 14:51,14:51,1,0,4,CHAMBERS ROAD NORTH & ANDREWS DRIVE EAST,1,1,0,0,1,1,,0,45,0,0,0,0,3,4,2,7
,2019-23617,39.775041,-104.8099185,7/19/2019 6:35,6:35,1,1,0,CHAMBERS ROAD NORTH & ANDREWS DRIVE EAST,1,1,0,0,1,1,,0,35,0,0,0,0,4,4,2,14
,2019-23618,39.775041,-104.8099185,10/24/2019 17:21,17:21,1,0,4,CHAMBERS ROAD NORTH & ANDREWS DRIVE EAST,1,1,0,0,1,1,,0,40,0,0,0,0,3,4,2,13
,2019-2362,39.650993,-104.9171,8/15/2019 7:30,7:30,5,0,1,I25 NORTHBOUND EXIT GORE POINT & HAMPDEN AVENUE EAST,1,1,0,0,3,4,,0,,0,0,0,0,1,1,1,1
,2019-23620,39.74652,-104.993919,5/8/2019 9:00,9:00,2,0,0,CHAMPA STREET & 16TH STREET,2,3,0,2,1,1,,0,25,1,0,0,0,0,4,2,13
,2019-23621,39.751191,-104.987889,9/18/2019 11:47,11:47,2,0,1,CHAMPA STREET & 21ST STREET,1,1,0,0,1,1,,0,15,1,0,0,0,3,4,2,13
,2019-23622,39.741939,-104.99985,11/17/2019 22:13,22:13,3,0,1,CHAMPA STREET & SPEER BOULEVARD NORTH,1,3,0,0,1,1,,0,30,0,0,0,0,3,4,2,13
,2019-23623,39.747384,-104.9339385,9/23/2019 7:47,7:47,2,0,1,CHERRY STREET NORTH & MONTVIEW BOULEVARD EAST,1,1,0,0,1,1,,0,30,1,0,0,0,1,4,2,13
,2019-23624,39.77850883,-104.8362143,9/30/2019 17:56,17:56,2,0,0,AUCKLAND COURT NORTH & ALLBROOK DRIVE EAST,1,1,0,0,1,4,,0,25,1,0,0,0,0,4,2,13
,2019-23625,39.757662,-104.9986305,1/4/2019 15:00,15:00,11,0,1,CHESTNUT PLACE & 20TH STREET,1,1,0,0,1,1,,0,30,0,0,1,0,2,4,2,13
,2019-23626,39.682287,-105.020343,11/5/2019 7:58,7:58,2,0,1,CLAY STREET SOUTH & JEWELL AVENUE WEST,1,1,0,0,1,1,,0,,1,0,0,0,3,4,2,3
,2019-23627,39.702078,-105.020352,8/5/2019 19:23,19:23,2,0,1,CLAY STREET SOUTH & OHIO AVENUE WEST,1,1,0,0,1,1,,0,25,1,0,0,0,2,4,2,14
,2019-23628,39.764484,-104.954859,5/22/2019 12:45,12:45,3,1,0,CLAYTON STREET NORTH & BRUCE RANDOLPH AVENUE EAST,1,1,1,0,1,1,,0,25,0,0,0,0,4,4,2,1
,2019-23629,39.736809,-104.957433,5/3/2019 21:33,21:33,3,0,1,COLUMBINE STREET NORTH & 13TH AVENUE EAST,1,3,0,0,1,1,,0,30,0,0,0,0,3,4,7,13
,2019-2363,39.655279,-105.05332,6/14/2019 3:14,3:14,5,0,0,SHERIDAN BOULEVARD SOUTH & 3125 SOUTH SHERIDAN BOULEVARD,1,3,0,0,3,2,,0,,0,0,0,0,0,2,1,13
,2019-23630,39.76128001,-104.9573205,6/27/2019 11:45,11:45,2,0,1,COLUMBINE STREET NORTH & 200 BLOCK NORTH,1,1,0,0,1,2,,0,,1,0,0,1,2,4,2,7
,2019-23631,39.764493,-104.9573205,7/20/2019 21:32,21:32,3,1,3,COLUMBINE STREET NORTH & BRUCE RANDOLPH AVENUE EAST,1,3,0,0,1,1,,0,25,0,0,0,0,4,4,2,5
,2019-23632,39.789162,-104.94756,3/30/2019 13:50,13:50,10,0,1,COOK STREET NORTH & 51ST AVENUE EAST,1,1,0,0,1,3,,0,30,0,0,0,0,3,4,2,7
,2019-23633,39.714723,-104.974488,6/20/2019 11:49,11:49,2,0,1,CORONA STREET SOUTH & BAYAUD AVENUE EAST,1,1,0,0,1,1,,0,25,1,0,0,0,1,4,2,13
,2019-23634,39.762144,-104.975469,12/11/2019 17:30,17:30,11,0,1,CURTIS STREET & 32ND STREET,1,3,0,0,1,1,,0,25,0,0,1,0,1,4,2,13
,2019-23635,39.75372,-104.98635,8/22/2019 17:29,17:29,2,0,1,CURTIS STREET & PARK AVENUE WEST,1,1,0,0,1,1,,0,30,1,0,0,0,1,4,2,13
,2019-23636,39.769173,-104.973372,4/13/2019 6:44,6:44,5,0,2,WALNUT STREET & DOWNING STREET NORTH,1,2,0,0,3,1,,0,35,0,0,0,0,3,4,1,5
,2019-23637,39.69675,-105.021549,10/24/2019 16:55,16:55,11,0,1,DALE COURT SOUTH & MISSISSIPPI AVENUE WEST,1,1,0,0,1,1,,0,35,0,0,1,0,2,4,2,14
,2019-23638,39.656727,-105.0496695,11/10/2019 16:25,16:25,11,0,1,DARTMOUTH AVENUE WEST & ZENOBIA STREET SOUTH,1,1,0,0,1,1,,0,25,0,0,1,0,1,4,2,3
,2019-23639,39.674763,-104.875281,2/6/2019 10:56,10:56,11,0,1,DAYTON WAY SOUTH & ILIFF AVENUE EAST,10,1,0,2,1,1,,0,25,0,0,1,0,3,4,2,1
,2019-23640,39.78816049,-105.021621,5/2/2019 18:53,18:53,11,0,1,DECATUR STREET & 1300 NORTH,1,1,0,0,1,4,,0,30,0,0,1,0,1,4,2,13
,2019-23641,39.719394,-104.9327595,9/24/2019 15:00,15:00,2,0,1,DEXTER STREET NORTH & SECOND AVENUE EAST,1,1,0,0,1,1,,0,,1,0,0,0,2,4,2,12
,2019-23642,39.749472,-104.973381,11/7/2019 15:16,15:16,11,0,1,DOWNING STREET NORTH & 22ND AVENUE EAST,1,1,0,0,1,1,,0,30,0,0,1,0,1,4,2,13
,2019-23643,39.682152,-104.9734305,9/2/2019 21:09,21:09,2,0,1,DOWNING STREET SOUTH & JEWELL AVENUE EAST,1,3,1,0,1,1,,0,,1,0,0,0,2,4,2,13
,2019-23644,39.769173,-104.973372,10/11/2019 8:14,8:14,11,0,1,DOWNING STREET NORTH & WALNUT STREET,1,1,0,0,1,1,,0,30,0,0,1,0,2,4,2,13
,2019-23645,39.79845,-104.762772,4/25/2019 7:10,7:10,11,0,1,DUNKIRK STREET NORTH & 56TH AVENUE EAST,1,1,0,0,1,1,,0,30,0,0,1,0,2,4,2,13
,2019-23646,39.703887,-105.0238485,10/31/2019 15:39,15:39,3,0,3,ELIOT STREET SOUTH & EXPOSITION AVENUE WEST,2,1,0,0,1,1,,0,25,0,0,0,0,3,4,4,9
,2019-23647,39.689514,-105.023151,4/26/2019 21:25,21:25,11,0,0,ELIOT STREET SOUTH & FLORIDA AVENUE WEST,1,4,0,0,1,1,,0,25,0,0,1,0,0,4,3,3
,2019-23648,39.6927,-104.9769495,3/13/2019 9:32,9:32,3,0,2,EMERSON STREET SOUTH & BUCHTEL BOULEVARD EAST,4,1,0,2,1,1,,0,25,0,0,0,0,3,4,2,13
,2019-23649,39.67845326,-104.9971477,8/15/2019 20:59,20:59,11,0,1,EVANS AVENUE WEST & 2600 BLOCK WEST,1,3,0,0,1,2,,0,,0,0,1,0,1,4,2,13
,2019-23650,39.678435,-104.98995,8/4/2019 22:31,22:31,5,1,0,EVANS AVENUE WEST & BANNOCK STREET SOUTH,1,3,1,0,1,1,,0,30,0,0,0,0,4,4,1,3
,2019-23651,39.678426,-104.93631,7/30/2019 11:00,11:00,11,0,1,EVANS AVENUE EAST & BIRCH STREET SOUTH,1,1,0,0,1,1,,0,,0,0,1,0,3,4,2,14
,2019-23652,39.67866,-105.020352,10/19/2019 19:25,19:25,2,0,1,EVANS AVENUE WEST & CLAY STREET SOUTH,1,3,0,0,1,1,,0,,1,0,0,0,3,4,2,13
,2019-23653,39.67866,-105.020352,10/31/2019 12:56,12:56,11,0,1,EVANS AVENUE WEST & CLAY STREET SOUTH,2,1,0,0,1,1,,0,25,0,0,1,0,1,4,2,13
,2019-23654,39.678453,-104.9222295,5/1/2019 5:08,5:08,11,0,1,EVANS AVENUE EAST & HOLLY STREET SOUTH,1,3,0,1,1,1,,0,,0,0,1,0,3,4,2,13
,2019-23655,39.678444,-104.9187915,11/18/2019 16:57,16:57,11,1,0,EVANS AVENUE  & JASMINE STREET SOUTH,1,2,0,0,1,4,,0,,0,0,1,0,4,4,2,13
,2019-23656,39.678498,-104.9710995,9/15/2019 21:55,21:55,11,0,1,EVANS AVENUE EAST & LAFAYETTE STREET SOUTH,1,3,0,0,1,1,,0,,0,0,1,0,3,4,2,13
,2019-23657,39.74481,-104.983569,3/20/2019 6:52,6:52,11,0,1,GRANT STREET NORTH & 18TH AVENUE EAST,1,3,0,0,1,1,,0,25,0,0,1,0,3,4,2,14
,2019-23658,39.678453,-104.9081895,9/12/2019 17:46,17:46,12,0,1,EVANS AVENUE EAST & ONEIDA STREET SOUTH,1,1,0,0,1,1,,0,35,0,0,0,0,3,4,4,13
,2019-23659,39.678372,-104.9593995,3/29/2019 20:57,20:57,11,0,1,EVANS AVENUE EAST & UNIVERSITY BOULEVARD SOUTH,2,4,0,2,1,1,,0,30,0,0,1,0,2,4,2,13
,2019-23660,39.689298,-104.939541,11/1/2019 21:27,21:27,11,0,1,FLORIDA AVENUE EAST & ALBION STREET SOUTH,1,3,0,0,1,1,,0,,0,0,1,0,3,4,2,13
,2019-23661,39.689523,-105.020361,8/10/2019 10:51,10:51,3,0,1,FLORIDA AVENUE WEST & CLAY STREET SOUTH,1,1,0,0,1,1,,0,35,0,0,0,0,3,4,2,13
,2019-23662,39.689316,-104.9500305,4/25/2019 15:17,15:17,2,0,1,FLORIDA AVENUE EAST & STEELE STREET SOUTH,1,1,0,0,1,1,,0,30,1,0,0,0,2,4,2,13
,2019-23663,39.689532,-105.01569,10/21/2019 17:15,17:15,2,0,1,FLORIDA AVENUE WEST & ZUNI STREET SOUTH,1,1,1,0,1,1,,0,35,1,0,0,0,3,4,2,13
,2019-23664,39.67665857,-104.9687415,6/24/2019 18:00,18:00,11,0,1,FRANKLIN STREET SOUTH & 800 BLOCK SOUTH,1,1,0,0,1,4,,0,,0,0,1,0,1,4,2,13
,2019-23665,39.692961,-104.968728,9/5/2019 14:58,14:58,2,0,0,FRANKLIN STREET SOUTH & LOUISIANA AVENUE EAST,1,1,0,0,1,1,,0,30,1,0,0,0,0,4,2,13
,2019-23666,39.760056,-104.8705425,5/8/2019 11:53,11:53,3,1,0,FULTON STREET NORTH & MLK BOULEVARD EAST,2,1,0,1,1,1,,0,25,0,0,0,0,4,4,2,9
,2019-23667,39.743226,-104.9610015,8/19/2019 8:25,8:25,11,0,1,GAYLORD STREET NORTH & 17TH AVENUE EAST,1,1,0,0,1,1,,0,25,0,0,1,0,3,4,2,13
,2019-23668,39.741642,-104.9672205,9/10/2019 8:45,8:45,11,0,0,GILPIN STREET NORTH & 16TH AVENUE EAST,1,1,0,0,1,1,,0,25,0,1,1,0,0,4,2,13
,2019-23669,39.692961,-104.967531,5/28/2019 7:35,7:35,2,0,1,GILPN STREET SOUTH & LOUISIANA AVENUE EAST,1,1,0,0,1,1,,0,25,1,0,0,0,2,4,2,13
,2019-23670,39.765726,-104.9948415,1/3/2019 15:26,15:26,11,0,2,GLOBEVILLE ROAD & PARK AVENUE WEST,1,1,1,0,1,1,,0,35,0,0,1,0,3,4,3,13
,2019-23672,39.729078,-104.9836095,12/17/2019 9:23,9:23,3,0,1,GRANT STREET NORTH & EIGHTH AVENUE EAST,1,1,1,0,1,1,,0,30,0,0,0,0,3,4,2,3
,2019-23673,39.783609,-104.791392,10/2/2019 18:49,18:49,1,0,2,GREEN VALLEY RANCH BOULEVARD EAST & PENA BOULEVARD,1,2,0,0,1,1,,0,45,0,0,0,0,3,4,2,13
,2019-23674,39.836493,-104.7155175,6/4/2019 8:45,8:45,1,0,5,GUN CLUB ROAD NORTH & 77TH AVENUE EAST,1,1,0,0,1,1,,0,35,0,0,0,0,3,4,2,14
,2019-23675,39.783663,-104.7649095,2/1/2019 16:12,16:12,11,0,1,GREEN VALLEY RANCH BOULEVARD EAST & ARGONNE STREET NORTH,1,1,0,0,1,1,,0,35,0,0,1,0,3,4,2,13
,2019-23676,39.783636,-104.809653,5/20/2019 16:44,16:44,1,0,1,GREEN VALLEY RANCH BOULEVARD EAST & CHAMBERS ROAD NORTH,2,1,0,1,1,1,,0,35,0,0,0,0,3,4,2,7
,2019-23677,39.781026,-104.7492405,11/13/2019 15:50,15:50,2,0,1,GREEN VALLEY RANCH BOULEVARD EAST & JEBEL STREET NORTH,1,1,1,0,1,1,,0,35,1,0,0,0,2,4,2,5
,2019-23678,39.772872,-104.9647185,8/27/2019 14:38,14:38,2,0,1,HIGH STREET NORTH & 40TH AVENUE EAST,1,1,0,0,1,1,,0,,1,0,0,0,2,4,2,13
,2019-23679,39.68028,-104.9652315,2/11/2019 20:49,20:49,11,0,1,HIGH STREET SOUTH & ASBURY AVENUE EAST,1,4,0,0,1,1,,0,35,0,0,1,0,1,4,2,13
,2019-23680,39.761847,-104.922261,1/10/2019 15:13,15:13,11,0,1,HOLLY STREET NORTH & MLK BOULEVARD,1,1,0,0,1,1,,0,25,0,0,1,0,2,4,2,1
,2019-23681,39.7255545,-105.04395,6/29/2019 16:19,16:19,3,0,1,HIGHWAY 6 FRONTAGE ROAD  & TENNYSON STREET NORTH,1,1,0,0,1,1,,0,25,0,0,0,0,3,4,2,14
,2019-23682,39.674817,-104.955129,10/15/2019 8:25,8:25,2,0,1,ILIFF AVENUE EAST & CLAYTON STREET SOUTH,1,1,0,0,1,1,,0,25,1,0,0,0,1,4,2,14
,2019-23683,39.674745,-104.87403,4/9/2019 7:10,7:10,1,0,1,ILIFF AVENUE EAST & EMPORIA STREET SOUTH,1,1,1,0,1,1,,0,40,0,0,0,0,3,4,2,1
,2019-23684,39.674898,-104.98284,1/27/2019 13:50,13:50,3,0,2,ILIFF AVENUE EAST & LOGAN STREET SOUTH,1,1,0,0,1,1,,0,25,0,0,0,0,3,4,2,1
,2019-23685,39.684024,-105.029802,5/2/2019 18:28,18:28,2,0,1,IRVING STREET SOUTH & BAILS PLACE WEST,1,1,0,0,1,1,,0,25,1,0,0,0,2,4,2,14
,2019-23686,39.689469,-105.029712,9/1/2019 1:34,1:34,1,0,1,IRVING STREET SOUTH & FLORIDA AVENUE WEST,1,3,0,0,1,1,,0,30,0,0,0,0,3,4,2,5
,2019-23687,39.693105,-105.02973,9/3/2019 19:02,19:02,2,0,0,IRVING STREET SOUTH & LOUISIANA AVENUE WEST,1,1,0,0,1,1,,0,25,1,0,0,0,0,4,2,13
,2019-23688,39.670335,-105.0298515,4/22/2019 20:34,20:34,11,0,1,IRVING STREET SOUTH & VASSAR AVENUE WEST,1,3,0,0,1,1,,0,25,0,0,1,0,2,4,2,13
,2019-23689,39.82518527,-104.6955058,9/25/2019 5:48,5:48,3,1,1,JACKSON GAP ROAD & 7600 BLOCK,1,3,0,0,1,4,,0,30,0,0,0,0,4,4,3,13
,2019-2369,39.636266,-104.90812,7/10/2019 18:10,18:10,12,0,1,I25 & MM 200.25,1,1,0,0,1,4,,0,65,0,0,0,0,1,1,2,13
,2019-23691,39.696705,-104.99913,9/27/2019 12:44,12:44,11,0,1,JASON STREET SOUTH & MISSISSIPPI AVENUE WEST,1,1,0,0,1,1,,0,30,0,0,1,0,1,4,2,3
,2019-23692,39.781026,-104.7492405,12/11/2019 18:47,18:47,11,0,1,JEBEL STREET NORTH & GREEN VALLEY RANCH BOULEVARD EAST,1,4,1,0,1,3,,0,35,0,0,1,0,3,4,2,13
,2019-23693,39.651111,-104.884839,7/3/2019 21:00,21:00,11,0,1,JEFFERSON AVENUE EAST  & YOSEMITE STREET SOUTH,1,3,0,0,1,1,,0,30,0,0,1,0,3,4,2,13
,2019-23694,39.733434,-104.958639,9/20/2019 13:30,13:30,10,0,1,JOSEPHINE STREET NORTH & 11TH AVENUE EAST,1,1,0,0,1,1,,0,30,0,0,0,0,2,4,3,8
,2019-23696,39.743937,-105.0314895,3/22/2019 16:50,16:50,3,0,1,JULIAN STREET NORTH & 17TH AVENUE WEST,1,1,1,0,1,1,,0,25,0,0,0,0,3,4,2,13
,2019-23697,39.762108,-105.032241,5/26/2019 15:00,15:00,2,0,1,JULIAN STREET NORTH & 32ND AVENUE WEST,1,1,0,0,1,1,,0,30,1,0,0,0,2,4,2,13
,2019-23698,39.72411,-105.000192,11/18/2019 12:07,12:07,3,0,1,KALAMATH STREET NORTH & FIFTH AVENUE WEST,1,1,0,0,1,1,,0,35,0,0,0,0,3,4,2,1
,2019-23699,39.77490157,-105.0322679,8/13/2019 1:20,1:20,11,0,1,KNOX COURT NORTH & 700 BLOCK NORTH,1,4,0,0,1,5,,0,20,0,0,1,0,3,4,2,13
,2019-23700,39.738411,-104.970681,8/5/2019 8:15,8:15,11,0,1,LAFAYETTE STREET NORTH & 14TH AVENUE EAST,1,1,0,0,1,1,,0,25,0,0,1,0,1,4,2,13
,2019-23701,39.752946,-104.9926095,2/21/2019 19:16,19:16,11,0,2,LARIMER STREET & 20TH STREET,1,3,0,0,1,1,,0,30,0,0,1,0,1,4,3,8
,2019-23702,39.754809,-104.9901885,1/18/2019 19:33,19:33,11,0,1,LARIMER STREET & 22ND STREET,2,3,0,0,1,1,,0,35,0,0,1,0,3,4,2,14
,2019-23703,39.76047189,-104.9828977,9/6/2019 23:47,23:47,2,0,1,LARIMER STREET & 2600 BLOCK,1,3,0,0,1,4,,0,25,1,0,0,0,2,4,2,13
,2019-23704,39.764214,-104.977548,1/27/2019 11:01,11:01,14,0,3,LARIMER STREET 3200 BLOCK & 32ND STREET,1,1,0,0,1,4,,0,30,0,0,0,0,3,4,3,10
,2019-23705,39.736863,-104.98617,3/9/2019 6:56,6:56,3,0,1,LINCOLN STREET NORTH & 13TH AVENUE EAST,1,1,0,0,1,1,,0,30,0,0,0,0,3,4,2,3
,2019-23706,39.74481,-104.9861205,1/31/2019 18:16,18:16,11,0,1,LINCOLN STREET NORTH & 18TH AVENUE EAST,5,3,1,0,1,1,,0,30,0,0,1,0,2,4,2,8
,2019-23707,39.789216,-104.9863905,11/4/2019 10:24,10:24,11,0,1,LINCOLN STREET NORTH & 51ST AVENUE EAST,1,1,1,0,1,1,,0,25,0,0,1,0,3,4,2,13
,2019-23708,39.733686,-104.9823,4/4/2019 23:06,23:06,11,0,1,LOGAN STREET NORTH & 11TH AVENUE EAST,1,3,0,0,1,1,,0,30,0,0,1,0,2,4,2,14
,2019-23709,39.687561,-104.982813,11/12/2019 16:30,16:30,11,0,1,LOGAN STREET SOUTH & IOWA AVENUE EAST,1,1,0,0,1,1,,0,30,0,0,1,0,1,4,2,13
,2019-23710,39.693006,-104.9804415,12/2/2019 7:28,7:28,11,0,1,LOUISIANA AVENUE EAST & PEARL STREET SOUTH,5,2,0,0,1,1,,0,25,0,0,1,0,1,4,2,13
,2019-23711,39.69315,-105.0484005,3/23/2019 16:30,16:30,2,0,0,LOUISIANA AVENUE WEST & WOLFF STREET SOUTH,1,1,0,0,1,1,,0,,1,0,0,0,0,4,2,13
,2019-23712,39.714444,-104.972742,7/24/2019 15:57,15:57,2,1,0,MARION STREET PARKWAY SOUTH & BAYAUD AVENUE EAST,1,1,0,0,1,1,,0,25,1,0,0,0,4,4,2,8
,2019-23713,39.749886,-104.998311,6/13/2019 13:19,13:19,11,0,0,MARKET STREET & 16TH STREET,1,1,0,0,1,1,,0,25,0,0,1,0,0,4,2,14
,2019-23714,39.75642,-104.989833,5/11/2019 21:20,21:20,11,0,1,MARKET STREET & PARK AVENUE,1,3,0,0,1,1,,0,30,0,0,1,0,1,4,2,7
,2019-23715,39.795975,-104.7976515,6/26/2019 19:22,19:22,11,1,0,MAXWELL PLACE EAST & LEWISTON STREET NORTH,1,1,0,0,1,1,,0,25,0,0,1,0,4,4,2,7
,2019-23716,39.798297,-104.795532,2/28/2019 7:20,7:20,3,0,3,MEMPHIS STREET NORTH & 56TH AVENUE EAST,2,1,0,0,1,1,,0,45,0,0,0,0,3,4,3,13
,2019-23717,39.685905,-105.015672,3/14/2019 22:10,22:10,5,0,1,MEXICO AVENUE WEST & ZUNI STREET SOUTH,1,3,0,0,2,1,,0,25,0,0,0,0,3,4,5,7
,2019-23718,39.696588,-104.8706325,9/14/2019 13:10,13:10,2,0,1,MISSISSIPPI AVENUE WEST & FULTON STREET SOUTH,1,1,0,0,1,1,,0,35,1,0,0,0,1,4,2,13