id,drcog_id,latitude,longitude,crashtime,time,crashtype,numbkilled,numbinjurd,drcoglocat,rdconditin,lightngcon,roadcntgrd,weatherco,location,roaddescrp,schoolzone,constrzone,splimit,bikeinv,sctrinv,pedinv,motoinv,svrty,rdsystem,ttlvehcls,hcf
,2019-23719,39.69657,-104.9453595,12/9/2019 16:25,16:25,3,0,1,MISSISSIPPI AVENUE EAST & MONROE STREET SOUTH,1,1,0,0,1,1,,0,25,0,0,0,0,3,4,2,2
,2019-23720,39.695661,-104.9035905,7/14/2019 11:20,11:20,11,0,1,MISSISSIPPI AVENUE EAST & QUEBEC STREET SOUTH,1,1,0,0,1,1,,0,25,0,0,1,0,1,4,2,3
,2019-23721,39.696741,-105.0087195,7/12/2019 20:22,20:22,11,0,1,MISSISSIPPI AVENUE WEST & RARITAN STREET SOUTH,1,1,0,0,1,1,,0,,0,0,1,0,2,4,2,13
,2019-23722,39.696741,-105.0087195,8/15/2019 7:30,7:30,11,0,1,MISSISSIPPI AVENUE WEST & RARITAN STREET SOUTH,1,1,1,0,1,1,,0,35,0,0,1,0,3,4,2,1
,2019-23723,39.69666,-104.8917105,2/14/2019 12:53,12:53,3,1,1,MISSISSIPPI AVENUE EAST & VALENTIA STREET SOUTH,1,1,0,0,1,1,,0,35,0,0,0,0,4,4,2,1
,2019-23724,39.762009,-104.931828,7/25/2019 20:44,20:44,2,0,0,MLK BOULEVARD EAST & DAHLIA STREET NORTH,1,2,0,0,1,1,,0,35,1,0,0,0,0,4,2,14
,2019-23725,39.718359,-104.9127795,6/10/2019 21:03,21:03,2,0,1,MONACO STREET NORTH & FIRST AVENUE EAST,1,3,0,0,1,1,,0,,1,0,0,0,3,4,2,13
,2019-23726,39.725649,-104.912811,2/4/2019 18:50,18:50,1,0,1,MONACO STREET NORTH & SIXTH AVENUE EAST,1,3,0,0,1,1,,0,30,0,0,0,0,3,4,2,1
,2019-23727,39.711366,-104.9129595,11/15/2019 14:45,14:45,13,0,1,MONACO STREET SOUTH & ALAMEDA AVENUE EAST,1,1,0,0,1,1,,0,,0,0,0,0,3,4,3,13
,2019-23728,39.691431,-104.912901,4/7/2019 13:30,13:30,1,0,2,MONACO STREET SOUTH & CHERRY CREEK NORTH DRIVE EAST,1,1,0,0,1,1,,0,35,0,0,0,0,3,4,2,13
,2019-23729,39.674844,-104.9129685,1/8/2019 6:52,6:52,13,0,1,MONACO STREET SOUTH & ILIFF AVENUE EAST,1,3,0,1,1,1,,0,25,0,0,0,0,3,4,2,13
,2019-23730,39.696624,-104.9129685,5/3/2019 17:00,17:00,8,0,3,MONACO STREET SOUTH & MISSISSIPPI AVENUE EAST,1,1,0,0,1,1,,0,35,0,0,0,0,3,4,3,10
,2019-23731,39.69846,-104.912919,8/5/2019 11:00,11:00,11,0,1,MONACO STREET SOUTH & TENNESSEE AVENUE EAST,1,1,0,0,1,1,,0,35,0,0,1,0,2,4,2,13
,2019-23732,39.667644,-104.9129595,2/26/2019 13:00,13:00,1,0,2,MONACO STREET SOUTH & YALE AVENUE EAST,1,1,0,0,1,1,,0,35,0,0,0,0,3,4,2,10
,2019-23733,39.74742,-104.9010795,1/3/2019 17:04,17:04,12,0,1,MONTEVIEW BOULEVARD EAST & ROSLYN STREET NORTH,8,2,0,0,1,1,,0,30,0,0,0,0,3,4,4,12
,2019-23734,39.700413,-105.0481305,4/24/2019 16:21,16:21,2,0,1,MORRISON ROAD & KENTUCKY AVENUE WEST,1,1,0,0,1,1,,0,30,1,0,0,0,3,4,2,14
,2019-23735,39.703968,-105.0430905,2/10/2019 17:58,17:58,2,0,0,MORRISOON ROAD & STUART STREET SOUTH,1,3,0,0,1,3,,0,30,1,0,0,0,0,4,2,13
,2019-23736,39.770532,-105.0041925,12/13/2019 14:45,14:45,2,0,1,NAVAJO STREET NORTH & 39TH AVENUE WEST,1,1,0,0,1,1,,0,,1,0,0,0,3,4,2,7
,2019-23737,39.702177,-105.0391215,5/17/2019 14:19,14:19,3,1,2,OHIO AVENUE WEST & PATTON COURT SOUTH,1,1,0,0,1,1,,0,25,0,0,0,0,4,4,2,5
,2019-23738,39.638763,-104.9066595,7/25/2019 16:53,16:53,2,0,1,OLIVE STREET SOUTH & QUINCY AVENUE EAST,1,1,1,0,1,1,,0,25,1,0,0,0,3,4,2,13
,2019-23739,39.743235,-104.9726475,9/27/2019 1:39,1:39,1,1,0,PARK AVENUE & 17TH AVENUE EAST,1,3,0,0,1,1,,0,30,0,0,0,0,4,4,2,5
,2019-23740,39.75254845,-104.9848523,9/22/2019 0:20,0:20,11,0,1,PARK AVENUE WEST & DENARGO WAY,1,3,0,0,1,1,,0,45,0,0,1,0,2,4,2,13
,2019-23741,39.765726,-104.9948415,9/29/2019 14:07,14:07,15,0,1,PARK AVENUE WEST & GLOBEVILLE ROAD NORTH,1,1,0,0,1,1,,0,35,0,0,0,0,3,4,2,13
,2019-23742,39.755088,-104.9881095,3/9/2019 12:28,12:28,11,0,1,PARK AVENUE WEST & LAWRENCE STREET,1,1,0,0,1,1,,0,30,0,0,1,0,3,4,2,13
,2019-23743,39.759291,-104.993892,6/29/2019 17:24,17:24,11,0,0,PARK AVENUE WEST & WEWATTA STREET,1,1,0,0,1,1,,0,35,0,0,1,0,0,4,2,13
,2019-23744,39.73162164,-104.9798441,5/11/2019 15:30,15:30,2,0,0,PEARL STREET NORTH & 1300 BLOCK NORTH,1,1,1,0,1,3,,0,30,1,0,0,0,0,4,2,13
,2019-23745,39.763251,-105.0064695,3/14/2019 22:19,22:19,11,0,1,PECOS STREET NORTH & 33RD AVENUE WEST,1,3,1,0,1,1,,0,25,0,0,1,0,2,4,2,14
,2019-23746,39.74328,-104.9810985,8/22/2019 20:18,20:18,11,0,1,PENNSYLVANIA STREET NORTH & 17TH AVENUE EAST,1,3,0,0,1,1,,0,25,0,0,1,0,2,4,2,14
,2019-23747,39.711132,-104.9815395,8/10/2019 10:45,10:45,2,0,0,PENNSYLVANIA STREET SOUTH & ALAMEDA AVENUE EAST,1,1,0,0,1,1,,0,30,1,0,0,0,0,4,2,13
,2019-23748,39.796407,-104.813037,8/29/2019 23:23,23:23,11,0,1,PENSACOLA PLACE EAST & 14971 EAST PENSACOLA PLACE,1,3,0,0,1,1,,0,25,0,0,1,0,3,4,2,14
,2019-23749,39.771072,-104.847039,8/22/2019 18:36,18:36,3,0,1,PEORIA STREET NORTH & 39TH AVENUE EAST,1,1,1,0,1,1,,0,35,0,0,0,0,3,4,2,13
,2019-23750,39.776859,-104.8469535,7/9/2019 14:52,14:52,1,0,1,PEORIA STREET NORTH & 44TH AVENUE EAST,1,1,0,0,1,1,,0,35,0,0,0,0,3,4,3,13
,2019-23751,39.75759134,-105.0078248,11/21/2019 8:27,8:27,2,0,1,PLATTE STREET & 1600 BLOCK,2,1,0,0,1,1,,0,25,1,0,0,0,2,4,2,5
,2019-23752,39.711222,-104.9035005,9/22/2019 16:12,16:12,2,0,0,QUEBEC STREET SOUTH & ALAMEDA AVENUE EAST,1,1,0,0,1,1,,0,35,1,0,0,0,0,4,2,13
,2019-23753,39.727323,-104.998608,1/25/2019 22:10,22:10,11,0,1,SANTA FE DRIVE NORTH & SEVENTH AVENUE WEST,1,3,0,0,1,1,,0,30,0,1,1,0,1,4,2,13
,2019-23754,39.728907,-104.9986395,7/15/2019 17:05,17:05,11,0,0,SANTA FE DRIVE NORTH  & EIGHTH AVENUE WEST,1,1,0,0,1,1,,0,30,0,0,1,0,0,4,2,13
,2019-23755,39.727287,-104.9848785,12/18/2019 11:50,11:50,11,0,1,SHERMAN STREET NORTH & SEVENTH AVENUE EAST,1,1,0,0,1,1,,0,,0,0,1,0,1,4,2,13
,2019-23756,39.71115,-104.98518,7/8/2019 22:40,22:40,2,0,1,SHERMAN STREET SOUTH & ALAMEDA AVENUE EAST,1,3,0,0,1,1,,0,25,1,0,0,0,1,4,2,14
,2019-23757,39.735288,-104.9945895,9/12/2019 18:12,18:12,2,0,1,SPEER BOULEVARD NORTH & 12TH AVENUE EAST,1,1,0,0,1,1,,0,30,1,0,0,0,1,4,2,1
,2019-23759,39.736872,-104.9964795,11/14/2019 9:42,9:42,11,0,1,SPEER BOULEVARD NORTH & 13TH AVENUE WEST,1,1,1,0,1,1,,0,30,0,0,1,0,3,4,2,13
,2019-23760,39.738456,-104.9976405,3/15/2019 21:25,21:25,3,0,1,SPEER BOULEVARD NORTH & 14TH AVENUE WEST,1,3,0,0,1,1,,0,35,0,0,0,0,3,4,2,3
,2019-23761,39.728943,-104.9906115,10/10/2019 6:30,6:30,11,0,1,SPEER BOULEVARD NORTH & EIGHTH AVENUE WEST,4,3,0,2,1,1,,0,35,0,0,1,0,2,4,2,13
,2019-23762,39.748518,-105.0031305,1/17/2019 11:01,11:01,3,0,1,SPEER BOULEVARD NORTH & BLAKE STREET,1,1,0,0,1,1,,0,35,0,0,0,0,3,4,2,13
,2019-23763,39.752343,-105.0075585,6/24/2019 13:03,13:03,2,0,0,SPEER BOULEVARD SOUTH & ELITCH CIRCLE,1,1,1,0,1,1,,0,,1,0,0,0,0,4,2,13
,2019-23764,39.752343,-105.0075585,8/23/2019 20:50,20:50,11,0,1,SPEER BOULEVARD NORTH & ELITCH CIRCLE,1,3,1,0,1,1,,0,35,0,0,1,0,3,4,2,14
,2019-23765,39.724128,-104.98455,7/11/2019 8:54,8:54,1,0,3,SPEER BOULEVARD NORTH & FIFTH COURT NORTH,1,1,0,0,1,1,,0,35,0,0,0,0,1,4,3,1
,2019-23766,39.747681,-105.0023295,5/12/2019 14:45,14:45,3,0,2,SPEER BOULEVARD NORTH & MARKET STREET,1,1,0,0,1,1,,0,35,0,0,0,0,3,4,3,3
,2019-23767,39.741228,-104.999508,4/4/2019 8:21,8:21,11,0,1,SPEER BOULEVARD NORTH & STOUT STREET,1,1,0,0,1,1,,0,25,0,1,1,0,1,4,2,1
,2019-23768,39.720456,-104.9791185,11/21/2019 17:30,17:30,11,0,1,SPEER BOULEVARD EAST & WASHINGTON STREET NORTH,4,3,1,2,1,1,,0,30,0,0,1,0,2,4,2,13
,2019-23769,39.821868,-104.7720285,3/9/2019 21:30,21:30,5,0,1,TOWER ROAD NORTH & 69TH AVENUE EAST,1,3,0,0,1,1,,0,35,0,0,0,0,3,4,1,6
,2019-23770,39.674826,-104.950782,5/28/2019 8:56,8:56,11,0,1,STREET PAUL STREET SOUTH & ILIFF AVENUE EAST,1,1,0,0,1,1,,0,20,0,0,1,0,1,4,2,10
,2019-23771,39.635757,-105.0873075,8/12/2019 16:37,16:37,2,0,1,STANDFORD AVENUE WEST & AMMONS STREET SOUTH,3,1,0,0,1,1,,0,30,1,0,0,0,2,4,2,13
,2019-23772,39.75329421,-104.9833273,3/23/2019 11:37,11:37,11,0,1,STOUT STREET 2400 BLOCK & 24TH STREET,1,1,0,0,1,3,,0,30,0,0,1,0,1,4,2,8
,2019-23773,39.698559,-104.9874795,6/25/2019 8:50,8:50,2,0,1,TENNESSEE AVENUE EAST & BROADWAY STREET SOUTH,1,1,0,0,1,1,,0,,1,0,0,0,2,4,2,13
,2019-23774,39.69846,-104.912919,1/15/2019 13:00,13:00,11,0,1,TENNESSEE AVENUE EAST & MONACO PARKWAY SOUTH,1,1,0,0,1,1,,0,30,0,0,1,0,1,4,2,7
,2019-23775,39.769407,-105.04404,1/11/2019 17:10,17:10,11,0,1,TENNYSON STREET NORTH & 38TH AVENUE WEST,1,2,1,2,1,1,,0,25,0,0,1,0,2,4,2,13
,2019-23776,39.772476,-105.044013,12/13/2019 16:03,16:03,11,0,1,TENNYSON STREET NORTH & 41ST AVENUE WEST,1,1,0,0,1,1,,0,25,0,0,1,0,1,4,2,1
,2019-23777,39.688209,-105.044229,9/24/2019 20:30,20:30,2,0,1,TENNYSON STREET SOUTH & IOWA AVENUE WEST,1,3,0,0,1,1,,0,25,1,0,0,0,1,4,2,14
,2019-23778,39.778002,-104.7722715,4/26/2019 12:25,12:25,1,0,1,TOWER ROAD NORTH & 45TH AVENUE EAST,1,1,0,0,1,1,,0,40,0,0,0,0,3,4,2,13
,2019-23779,39.781791,-104.772258,5/23/2019 15:41,15:41,1,0,1,TOWER ROAD NORTH & 47TH AVENUE EAST,1,1,0,0,1,1,,0,45,0,0,0,0,3,4,2,13
,2019-23780,39.798243,-104.7721815,5/19/2019 11:52,11:52,1,0,2,TOWER ROAD NORTH & 56TH AVENUE EAST,2,1,0,1,1,1,,0,40,0,0,0,0,3,4,2,5
,2019-23781,39.820077,-104.7720735,6/28/2019 18:50,18:50,1,0,1,TOWER ROAD NORTH & 68TH AVENUE EAST,1,1,0,0,1,1,,0,40,0,0,0,0,3,4,2,13
,2019-23782,39.783816,-105.01236,10/6/2019 11:10,11:10,11,0,0,UMATILLA STREET NORTH & 48TH AVENUE WEST,1,1,0,0,1,1,,0,25,0,0,1,0,0,4,2,3
,2019-23783,39.682764,-104.959332,6/6/2019 15:10,15:10,11,0,1,UNIVERSITY BOULEVARD SOUTH & BUCHTEL BOULEVARD EAST,1,1,0,0,1,1,,0,30,0,1,1,0,2,4,2,1
,2019-23784,39.682764,-104.959332,9/21/2019 22:45,22:45,11,0,1,UNIVERSITY BOULEVARD SOUTH & BUCHTEL BOULEVARD EAST,2,3,0,1,1,1,,0,35,0,0,1,0,2,4,2,2
,2019-23785,39.676617,-104.9593815,4/7/2019 0:00,0:00,11,0,1,UNIVERSITY BOULEVARD SOUTH & WARREN AVENUE EAST,1,3,0,0,1,1,,0,30,0,0,1,0,3,4,2,13
,2019-23786,39.781791,-104.7756105,8/13/2019 13:27,13:27,11,0,1,WALDEN WAY NORTH & 47TH AVENUE EAST,1,1,0,0,1,1,,0,25,0,0,1,0,1,4,2,13
,2019-23787,39.762027,-104.9826015,7/26/2019 22:56,22:56,11,0,1,WALNUT STREET & 29TH STREET EAST,1,3,0,0,1,1,,0,30,0,1,1,0,2,4,2,1
,2019-23788,39.781854,-104.978628,5/27/2019 16:33,16:33,2,0,1,WASHINGTON STREET NORTH & 47TH AVENUE EAST,1,1,1,0,1,1,,0,,1,0,0,0,1,4,2,13
,2019-23789,39.716514,-104.97915,11/3/2019 1:35,1:35,5,0,1,WASHINGTON STREET NORTH & 4800 NORTH WASHINGTON STREET,1,3,0,0,3,4,,0,35,0,0,0,0,3,4,1,13
,2019-23790,39.788982,-104.9782815,1/23/2019 15:55,15:55,2,0,1,WASHINGTON STREET NORTH & 51ST AVENUE EAST,1,1,0,6,1,1,,0,30,1,0,0,0,2,4,2,13
,2019-23791,39.752163,-104.998842,3/16/2019 14:33,14:33,11,0,1,WAZEE STREET & 17TH STREET,1,1,0,0,1,1,,0,30,0,0,1,0,1,4,2,1
,2019-23792,39.76074,-104.9659515,9/9/2019 20:23,20:23,11,0,0,WILLIAMS STREET NORTH & 31ST AVENUE EAST,1,4,0,0,1,1,,0,,0,0,1,0,0,4,2,13
,2019-23793,39.680289,-104.9664015,11/15/2019 17:00,17:00,11,0,1,WILLIAMS STREET NORTH & ASBURY AVENUE EAST,1,4,0,0,1,1,,0,25,0,0,1,0,1,4,2,14
,2019-23794,39.76938,-105.0486795,12/6/2019 11:10,11:10,11,0,1,WOLFF STREET NORTH & 38TH AVENUE WEST,1,1,0,0,1,1,,0,30,0,0,1,0,2,4,2,13
,2019-23795,39.714957,-105.048099,3/29/2019 11:48,11:48,2,0,1,WOLFF STREET SOUTH & BAYAUD AVENUE WEST,1,1,1,0,1,1,,0,25,1,0,0,0,2,4,2,13
,2019-23796,39.77262948,-104.9741075,5/2/2019 7:50,7:50,2,0,1,WYNKOOP STREET & 1500 BLOCK,1,1,0,0,1,2,,0,30,1,0,0,0,2,4,2,13
,2019-23797,39.750939,-105.0021,3/12/2019 18:54,18:54,2,0,0,WYNKOOP STREET & 15TH STREET,1,2,0,0,1,1,,0,35,1,0,0,0,0,4,2,14
,2019-23799,39.751029,-105.001785,12/4/2019 18:35,18:35,2,0,1,WYNKOOP STREET 1500 BLOCK & 16TH STREET,8,3,0,0,1,4,,0,5,1,0,0,0,2,4,2,5
,2019-23800,39.667644,-104.9129595,9/16/2019 23:20,23:20,11,0,1,YALE AVENUE EAST & MONACO STREET SOUTH,1,3,0,0,1,1,,0,30,0,0,1,0,2,4,2,13
,2019-23801,39.667725,-105.0417585,10/24/2019 15:02,15:02,3,0,1,YALE AVENUE WEST & RALEIGH STREET SOUTH,1,1,0,0,1,1,,0,25,0,0,0,0,3,4,2,13
,2019-23802,39.764484,-104.9597685,9/20/2019 6:12,6:12,3,0,3,YORK STREET NORTH & BRUCE RANDOLPH AVENUE EAST,1,1,0,0,1,1,,0,35,0,0,0,0,3,4,2,13
,2019-23803,39.762018,-104.959773,1/25/2019 10:20,10:20,3,0,1,YORK STREET NORTH & MLK BOULEVARD EAST,1,2,0,0,1,1,,0,30,0,0,0,0,3,4,2,13
,2019-23804,39.729321,-105.0159285,9/18/2019 11:50,11:50,11,0,1,ZUNI STREET NORTH & EIGHTH AVENUE WEST,1,1,0,0,1,1,,0,35,0,1,1,0,2,4,2,13
,2019-23805,39.678696,-105.015681,6/19/2019 6:32,6:32,3,0,2,ZUNI STREET SOUTH & EVANS AVENUE WEST,1,2,0,0,1,1,,0,35,0,0,0,0,3,4,2,13
,2019-23854,39.718143,-105.0396885,8/25/2019 2:38,2:38,3,0,1,PERRY STREET NORTH & FIRST AVENUE WEST,1,3,0,0,1,1,,0,30,0,0,0,0,2,4,2,5
,2019-24132,39.70653412,-104.9792674,3/4/2019 7:54,7:54,12,0,0,WASHINGTON SOUTH & 4500 BLOCK NORTH,5,1,0,0,1,1,,0,35,0,0,0,0,0,4,2,13
,2019-24163,39.785733,-104.8830885,10/29/2019 12:04,12:04,12,0,1,NORTHFIELD BOULEVARD EAST & CENTRAL PARK BOULEVARD NORTH,4,1,0,2,1,1,,0,35,0,0,0,0,1,4,2,7
,2019-24166,39.7482187,-104.9987038,1/31/2019 15:05,15:05,2,0,1,15TH STREET 1200 BLOCK & LARIMER STREET,1,1,0,0,1,4,,0,25,1,0,0,0,2,4,2,1
,2019-24167,39.75943737,-104.9937194,5/2/2019 19:15,19:15,11,0,1,28TH STREET 1800 BLOCK & DELGANY STREET,1,1,0,0,1,4,,0,,0,0,1,0,1,4,2,13
,2019-24174,39.639663,-104.885019,5/18/2019 14:29,14:29,5,0,0,YOSEMITE STREET & I225 NORTHBOUND ON RAMP,1,1,0,0,2,1,,0,40,0,0,0,0,0,1,1,13
,2019-24178,39.744234,-104.993379,5/8/2019 9:22,9:22,2,0,1,15TH STREET & CALIFORNIA STREET,2,1,0,1,1,2,,0,25,1,0,0,0,1,4,2,14
,2019-24179,39.90129537,-104.6753103,4/10/2019 21:03,21:03,5,1,0,QUEENSBURG STREET 11300 NORTH & TRUSSVILLE STREET,4,4,0,2,5,4,,0,45,0,0,0,0,4,4,2,14
,2019-2418,39.70133576,-105.0471153,3/2/2019 9:48,9:48,3,0,0,MORRISON ROAD & ADA PLACE WEST,1,1,0,0,1,1,,0,25,0,0,0,0,0,4,3,13
,2019-24181,39.778344,-104.9793615,5/8/2019 18:20,18:20,12,0,0,WASHINGTON STREET NORTH & 45TH AVENUE EAST,2,1,0,1,1,1,,0,30,0,0,0,0,0,4,2,8
,2019-24182,39.81259726,-104.7874227,7/16/2019 3:38,3:38,5,0,2,PENA BOULEVARD & 56TH AVENUE EAST,1,3,0,0,2,4,,0,65,0,0,0,0,3,4,2,2
,2019-24188,39.785733,-104.8830885,11/17/2019 13:16,13:16,3,0,0,NORTHFIELD BOULEVARD EAST & CENTRAL PARK BOULEVARD NORTH,1,1,0,0,1,1,,0,35,0,0,0,0,0,4,2,13
,2019-2419,39.721311,-105.053264,3/1/2019 12:48,12:48,6,0,0,SHERIDAN BOULEVARD 300 BLOCK NORTH & SECOND AVENUE WEST,1,1,0,0,1,4,,0,35,0,0,0,0,0,2,2,13
,2019-24190,39.733632,-104.9941215,8/14/2019 13:40,13:40,11,0,1,11TH AVENUE WEST & SPEER BOULEVARD NORTH,1,1,0,0,1,4,,0,,0,0,1,0,3,4,2,13
,2019-24191,39.718359,-104.9127795,9/24/2019 18:30,18:30,2,0,0,FIRST AVENUE EAST & MONACO STREET NORTH,1,1,0,0,1,3,,0,25,1,0,0,0,0,4,2,13
,2019-24192,39.75822,-104.9585805,9/23/2019 7:28,7:28,6,0,1,29TH AVENUE EAST & JOSEPHINE STREET NORTH,1,1,1,0,1,4,,0,25,0,0,0,0,3,4,2,1
,2019-24193,39.764484,-104.9597685,10/21/2019 20:12,20:12,11,0,1,BRUCE RANDOLPH AVENUE EAST & YORK STREET NORTH,1,3,0,0,1,4,,0,25,0,0,1,0,2,4,2,13
,2019-24195,39.757662,-104.9986305,5/18/2019 12:38,12:38,11,0,1,CHESTNUT PLACE & 20TH STREET,1,1,0,0,1,2,,0,5,0,0,1,1,1,4,2,14
,2019-24196,39.75372,-104.98635,3/29/2019 20:40,20:40,2,0,0,PARK AVENUE 900 WEST & CURTIS STREET,2,2,0,2,1,5,,0,30,1,0,0,0,0,4,2,13
,2019-24200,39.746898,-104.996871,4/3/2019 13:35,13:35,11,0,1,ARAPAHOE STREET & 15TH STREET,1,1,0,0,1,2,,0,25,0,1,1,0,1,4,2,14
,2019-24202,39.71115,-104.987592,4/24/2019 18:17,18:17,2,0,1,BROADWAY STREET SOUTH & ALAMEDA AVENUE EAST,1,1,0,2,1,2,,0,35,1,0,0,0,1,4,2,13
,2019-24222,39.743739,-104.9401056,10/9/2019 7:33,7:33,2,0,1,17TH AVENUE EAST & COLORADO BOULEVARD NORTH,1,1,0,0,1,4,,0,,1,0,0,0,1,4,2,13
,2019-24229,39.75116455,-104.9551866,8/21/2019 13:30,13:30,2,0,1,23RD AVENUE EAST & YORK STREET NORTH,1,1,0,0,1,2,,0,,1,0,0,0,2,4,2,1
,2019-24233,39.74475607,-104.994075,7/12/2019 15:09,15:09,2,0,1,15TH STREET & STOUT STREET,1,1,0,0,1,2,,0,,1,0,0,0,1,4,2,1
,2019-24234,39.75077248,-104.9128605,2/10/2019 18:56,18:56,5,0,1,23RD AVENUE EAST & MONACO STREET NORTH,1,3,0,0,2,4,,0,35,0,0,0,0,3,4,1,5
,2019-24235,39.62960141,-105.0906883,6/15/2019 18:45,18:45,5,1,0,BALSAM WAY SOUTH & UNION AVENUE WEST,1,1,0,0,3,4,,0,25,0,0,0,0,4,4,1,1
,2019-24236,39.77590039,-104.882949,5/25/2019 7:55,7:55,5,0,1,CENTRAL PARK BOULEVARD NORTH & I70 EASTBOUND RAMPS,1,1,1,0,2,4,,0,35,0,0,0,0,3,4,1,3
,2019-24237,39.70356135,-105.0367663,5/31/2019 19:20,19:20,2,0,0,EXPOSITION AVENUE WEST & NEWTON STREET SOUTH,1,1,0,0,1,5,,0,15,1,0,0,0,0,4,2,13
,2019-24238,39.75896959,-104.9931456,7/12/2019 19:55,19:55,9,0,2,PARK AVENUE WEST & WEWATTA STREET,1,1,1,0,2,4,,0,25,0,0,0,0,3,4,1,9
,2019-24239,39.77458555,-104.902881,6/26/2019 18:30,18:30,3,0,1,QUEBEC STREET FRONTAGE ROAD EAST  & 41ST AVENUE EAST,1,1,0,0,1,2,,0,25,0,0,0,0,3,4,2,1
,2019-2424,39.707532,-105.025074,1/20/2019 14:33,14:33,5,0,0,FEDERAL BOULEVARD SOUTH & VIRGINIA AVENUE WEST,1,1,0,0,3,1,,0,40,0,0,0,0,0,2,1,1
,2019-24240,39.70420825,-104.890149,11/15/2019 17:55,17:55,2,0,1,VALENTIA STREET SOUTH & FAIRMOUNT DRIVE EAST,1,4,0,0,1,4,,0,30,1,0,0,0,2,4,2,3
,2019-24241,39.75400294,-105.0016021,1/31/2019 17:23,17:23,2,0,0,WEWATTA STREET & 17TH STREET,5,3,0,0,1,4,,0,30,1,0,0,0,0,4,2,14
,2019-24248,39.74243608,-104.9910053,6/13/2019 15:58,15:58,2,0,1,15TH STREET & TREMONT PLACE,1,1,0,0,1,2,,0,30,1,0,0,0,2,4,2,13
,2019-24249,39.75319917,-104.9929647,5/6/2019 15:10,15:10,2,0,1,20TH STREET 1300 BLOCK & LARIMER STREET,1,1,0,0,1,5,,0,30,1,0,0,0,2,4,2,13
,2019-2425,39.6981,-105.05142,5/3/2019 20:30,20:30,6,0,0,MORRISON ROAD & TENNESSEE AVENUE WEST,1,3,0,0,1,2,,0,25,0,0,0,0,0,4,2,13
,2019-24250,39.74796469,-105.0046019,2/16/2019 20:00,20:00,5,0,3,AURARIA PARKWAY & 12TH STREET,1,3,0,0,2,4,,0,30,0,0,0,0,3,4,1,1
,2019-24251,39.761928,-104.9031182,2/8/2019 22:39,22:39,5,0,1,MLK BOULEVARD EAST & QUEBEC STREET NORTH / 7200 BLOCK EAST,1,3,0,0,2,4,,0,35,0,0,0,0,3,4,1,5
,2019-24252,39.83075821,-104.7801903,4/14/2019 6:20,6:20,12,0,1,PENA BOULEVARD INBOUND & TOWER ROAD NORTH / 7200 BLOCK,1,1,0,0,1,4,,0,65,0,0,0,0,3,4,2,1
,2019-24253,39.638628,-105.0495341,3/25/2019 17:24,17:24,5,0,1,QUINCY AVENUE WEST & WOLFF STREET SOUTH,1,1,1,0,2,4,,0,35,0,0,0,0,3,4,1,1
,2019-24270,39.711154,-105.034866,2/24/2019 2:51,2:51,6,0,0,LOWELL BOULEVARD 200 BLOCK SOUTH & ALAMEDA AVENUE WEST,5,4,1,0,1,4,,0,30,0,0,0,0,0,2,2,14
,2019-24279,39.75245517,-104.9966984,4/3/2019 14:15,14:15,2,0,1,18TH STREET & BLAKE STREET,1,1,0,0,1,4,,0,30,1,0,0,0,2,4,2,13
,2019-2428,39.696003,-105.009489,8/21/2019 0:00,0:00,6,0,0,MOSIER PLACE WEST & 1841 WEST MOSIER PLACE,1,1,0,0,1,5,,0,15,0,0,0,0,0,4,2,7
,2019-24280,39.75237458,-104.9919035,5/9/2019 15:56,15:56,11,0,1,20TH STREET & LAWRENCE STREET,2,1,0,0,1,4,,0,,0,0,1,0,2,4,2,13
,2019-24281,39.80453942,-104.8829505,8/23/2019 7:54,7:54,2,0,0,ALTON STREET NORTH & 59TH PLACE EAST,1,1,0,0,1,5,,0,,1,0,0,0,0,4,2,14
,2019-24282,39.73300162,-104.9916848,2/2/2019 11:22,11:22,6,0,1,CHEROKEE STREET & 1000 NORTH,1,1,0,0,1,4,,0,25,0,0,0,0,3,4,2,10
,2019-24283,39.70983604,-104.9803722,3/2/2019 19:23,19:23,11,0,0,DAKOTA AVENUE EAST & PEARL STREET SOUTH,5,3,0,2,1,4,,0,25,0,0,1,0,0,4,2,14
,2019-24284,39.69169997,-104.9687138,9/5/2019 7:45,7:45,2,0,1,FRANKLIN STREET SOUTH & ARKANSAS AVENUE EAST,1,1,0,0,1,2,,0,20,1,0,0,0,1,4,2,13
,2019-24285,39.77552703,-104.9582478,1/4/2019 13:13,13:13,11,0,1,JOSEPHINE 4200 BLOCK NORTH  & 42ND AVENUE EAST,1,1,0,0,1,4,,0,35,0,0,1,0,2,4,2,13
,2019-24286,39.69720727,-105.0297412,8/19/2019 16:01,16:01,11,0,1,IRVING STREET SOUTH & MISSISSIPPI AVENUE WEST,1,1,1,0,1,4,,0,25,0,0,1,0,2,4,2,13
,2019-24287,39.72613417,-104.9823623,10/1/2019 14:30,14:30,11,0,1,LOGAN STREET NORTH & SIXTH AVENUE EAST,1,1,0,0,1,2,,0,,0,0,1,0,3,4,2,13
,2019-24288,39.72201256,-105.0397166,11/5/2019 11:45,11:45,9,0,1,PERRY STREET NORTH & THIRD AVENUE WEST,1,1,1,0,1,4,,0,30,0,0,0,0,3,4,2,1