id,drcog_id,latitude,longitude,crashtime,time,crashtype,numbkilled,numbinjurd,drcoglocat,rdconditin,lightngcon,roadcntgrd,weatherco,location,roaddescrp,schoolzone,constrzone,splimit,bikeinv,sctrinv,pedinv,motoinv,svrty,rdsystem,ttlvehcls,hcf
,2019-24289,39.70642545,-105.0395691,3/19/2019 13:31,13:31,6,0,1,PERRY STREET SOUTH & MORRISON ROAD,1,1,0,0,1,3,,0,30,0,0,0,0,3,4,2,5
,2019-24290,39.66296702,-104.9022812,4/13/2019 1:55,1:55,5,0,1,QUEBEC STREET SOUTH & DARMOUTH AVENUE EAST,2,3,0,1,2,4,,0,30,0,0,0,0,3,4,1,5
,2019-24291,39.72556521,-104.9035123,3/18/2019 11:37,11:37,11,0,1,QUEBEC STREET NORTH 600 BLOCK & SIXTH AVENUE EAST,1,1,0,0,1,1,,0,,0,0,1,0,1,4,2,13
,2019-24292,39.66421735,-104.9025201,10/29/2019 9:16,9:16,9,0,1,QUEBEC STREET SOUTH  & CORNELL AVENUE EAST,4,1,1,2,2,4,,0,35,0,0,0,0,3,4,1,13
,2019-24293,39.7229178,-104.9985774,6/1/2019 20:37,20:37,11,0,1,SANTA FE DRIVE NORTH  & FOURTH AVENUE WEST,1,2,0,0,1,4,,0,,0,0,1,0,3,4,2,13
,2019-24295,39.72890602,-104.9986412,10/25/2019 0:32,0:32,11,0,1,SANTA FE DRIVE NORTH  & EIGHTH AVENUE WEST,1,3,0,0,1,3,,0,30,0,0,1,0,2,4,2,13
,2019-24296,39.78890585,-104.8401855,4/4/2019 19:37,19:37,11,0,1,TITAN COURT NORTH & TITAN WAY NORTH,1,2,0,0,1,4,,0,,0,0,1,1,3,4,2,13
,2019-24297,39.78590051,-104.7721288,12/15/2019 19:05,19:05,11,0,1,TOWER ROAD NORTH & 49TH AVENUE EAST,1,4,0,0,1,1,,0,,0,0,1,0,1,4,2,13
,2019-24298,39.74022155,-104.8928219,8/5/2019 3:00,3:00,11,0,1,UINTA STREET NORTH & COLFAX AVENUE EAST,1,3,0,0,3,4,,0,30,0,0,1,0,2,4,2,13
,2019-24299,39.74075998,-104.8858215,2/8/2019 20:54,20:54,6,0,1,XENIA STREET NORTH & COLFAX AVENUE EAST,5,4,0,0,1,4,,0,35,0,0,0,0,1,4,3,13
,2019-2432,39.764421,-105.0041295,10/9/2019 19:00,19:00,6,0,0,NAVAJO STREET NORTH & 34TH AVENUE WEST,1,4,0,6,1,1,,0,30,0,0,0,0,0,4,2,8
,2019-2433,39.76542893,-105.0392851,9/10/2019 3:00,3:00,6,0,0,PERRY STREET NORTH & 800 BLOCK NORTH,1,3,1,0,1,4,,0,25,0,0,0,0,0,4,2,13
,2019-24334,39.75159391,-105.0029294,10/12/2019 23:42,23:42,11,0,2,15TH STREET & WEWATTA STREET,1,3,0,0,1,4,,0,30,0,1,1,0,2,4,2,5
,2019-24335,39.74715401,-104.9947624,6/30/2019 9:28,9:28,11,0,0,16TH STREET & CURTIS STREET,1,1,0,0,1,4,,0,,0,0,1,0,0,4,2,13
,2019-24336,39.74163206,-104.9640476,4/9/2019 7:00,7:00,2,0,0,16TH AVENUE 1900 BLOCK EAST & HIGH STREET NORTH,1,1,0,0,1,5,,0,15,1,0,0,0,0,4,2,13
,2019-24338,39.74162408,-104.9616745,1/6/2019 11:09,11:09,2,0,1,16TH AVENUE 2100 BLOCK EAST & VINE STREET NORTH,1,1,0,0,1,5,,0,30,1,0,0,0,2,4,2,13
,2019-24339,39.71820454,-104.9546199,7/12/2019 15:15,15:15,5,0,1,FIRST AVENUE EAST & DETROIT STREET NORTH,1,1,0,0,3,3,,0,30,0,0,0,0,2,4,2,7
,2019-24340,39.7548778,-105.0435952,11/2/2019 9:24,9:24,2,0,1,26TH AVENUE WEST & TENNYSON STREET NORTH,1,1,0,0,1,4,,0,35,1,0,0,0,3,4,2,13
,2019-24341,39.76929618,-104.9615581,8/31/2019 21:00,21:00,11,0,1,38TH AVENUE EAST & VINE STREET NORTH,1,4,0,0,1,5,,0,25,0,0,1,0,2,4,2,13
,2019-24342,39.6784434,-104.9208308,10/17/2019 16:34,16:34,2,0,1,EVANS AVENUE 5700 BLOCK EAST & IVANHOE STREET SOUTH,1,1,0,0,1,2,,0,,1,0,0,0,3,4,2,14
,2019-24343,39.69674436,-105.026311,9/25/2019 2:15,2:15,6,0,1,MISSISSIPPI AVENUE WEST & GROVE STREET SOUTH,1,3,0,0,1,4,,0,30,0,0,0,0,3,4,3,5
,2019-24350,39.83805448,-104.706058,9/7/2019 3:30,3:30,5,0,1,78TH AVENUE 24000 BLOCK EAST & GUN CLUB ROAD,1,3,0,0,3,4,,0,45,0,0,0,0,3,4,1,2
,2019-24351,39.78363885,-104.7684647,8/5/2019 10:10,10:10,11,0,1,GREEN VALLEY RANCH BOULEVARD EAST & TOWER ROAD NORTH,1,1,0,0,1,2,,0,10,0,1,1,0,2,4,2,13
,2019-24358,39.73980418,-104.9776369,9/14/2019 1:11,1:11,11,0,1,CLARKSON STREET NORTH & COLFAX AVENUE EAST,1,3,0,0,1,4,,0,30,0,0,1,0,2,4,4,13
,2019-24369,39.71602011,-104.9485829,2/16/2019 13:30,13:30,11,0,1,ADAMS STREET & ELLSWORTH AVENUE EAST,2,1,0,2,1,4,,0,25,0,0,1,0,2,4,2,14
,2019-24370,39.73951802,-104.9361536,3/6/2019 8:34,8:34,11,0,1,BIRCH STREET NORTH & COLFAX AVENUE EAST,11,1,0,0,1,4,,0,25,0,0,1,0,2,4,2,13
,2019-24371,39.74276748,-104.9873496,4/22/2019 16:30,16:30,2,0,1,BROADWAY STREET 1600 BLOCK NORTH & 17TH AVENUE EAST,1,1,0,0,1,4,,0,30,1,0,0,0,2,4,2,13
,2019-24372,39.67825918,-104.9875682,8/6/2019 11:35,11:35,2,0,1,BROADWAY STREET SOUTH & EVANS AVENUE EAST,1,1,0,0,1,2,,0,,1,0,0,0,1,4,2,14
,2019-24373,39.74745549,-104.9733356,3/8/2019 17:58,17:58,11,0,1,DOWNING STREET NORTH & 20TH AVENUE EAST,1,3,0,0,1,4,,0,35,0,0,1,0,1,4,2,13
,2019-24374,39.70376865,-104.9687132,11/16/2019 14:48,14:48,2,0,0,HUMBOLDT STREET SOUTH & EXPOSITION AVENUE EAST,1,1,0,0,1,2,,0,10,1,0,0,0,0,4,2,13
,2019-24375,39.67408476,-104.9175742,7/31/2019 11:42,11:42,11,0,1,KEARNEY STREET SOUTH & ILIFF AVENUE EAST,1,1,0,0,1,4,,0,25,0,0,1,0,1,4,2,13
,2019-24376,39.72997797,-105.0015907,6/10/2019 12:30,12:30,2,0,1,LIPAN STREET NORTH & NINTH AVENUE WEST,1,1,0,0,1,5,,0,25,1,0,0,0,1,4,2,14
,2019-24377,39.76203834,-105.0346085,10/14/2019 16:19,16:19,2,0,1,LOWELL BOULEVARD NORTH & 32ND AVENUE WEST,1,1,0,0,1,3,,0,,1,0,0,0,2,4,2,1
,2019-24378,39.83064331,-104.771878,2/23/2019 7:30,7:30,5,0,1,PENA BOULEVARD 7000 BLOCK & TOWER ROAD NORTH,6,1,1,0,3,4,,0,55,0,0,0,0,3,4,4,14
,2019-24380,39.69798336,-104.9035696,12/2/2019 6:38,6:38,11,0,1,QUEBEC STREET 1000 BLOCK SOUTH & PARKER ROAD SOUTH,1,2,0,0,1,1,,0,,0,0,1,0,2,4,2,13
,2019-24381,39.7143851,-104.9499566,7/9/2019 20:10,20:10,9,0,1,STEELE STREET SOUTH & BAYAUD AVENUE EAST,1,1,0,0,1,4,,0,35,0,0,0,0,3,4,1,2
,2019-24382,39.67996946,-104.9593893,8/11/2019 0:16,0:16,11,0,1,UNIVERSITY BOULEVARD SOUTH & ASBURY AVENUE EAST,1,4,0,0,1,4,,0,,0,0,1,0,3,4,2,13
,2019-24383,39.68707927,-105.0500353,10/31/2019 19:57,19:57,11,0,0,XAVIER STREET SOUTH & FLORIDA STREET SOUTH,1,4,0,0,1,4,,0,,0,0,1,0,0,4,2,14
,2019-24384,39.68593033,-105.0156713,10/6/2019 19:19,19:19,2,0,1,ZUNI STREET SOUTH & MEXICO AVENUE WEST,1,3,1,0,1,3,,0,35,1,0,0,0,2,4,2,13
,2019-24411,39.73202579,-104.9790021,8/25/2019 10:39,10:39,3,0,2,10TH AVENUE EAST & WASHINGTON STREET NORTH,1,1,0,0,1,5,,0,25,0,0,0,0,3,4,2,3
,2019-24412,39.73286214,-104.9376466,7/24/2019 8:10,8:10,11,0,1,11TH AVENUE EAST & BELLAIRE STREET NORTH,1,1,0,0,1,4,,0,25,0,0,1,0,1,4,2,13
,2019-24413,39.7336801,-104.9987422,7/10/2019 9:06,9:06,2,0,1,11TH AVENUE WEST & SANTA FE DRIVE NORTH,1,1,0,0,1,2,,0,25,1,0,0,0,1,4,2,13
,2019-24414,39.7384319,-104.9874109,1/9/2019 14:41,14:41,11,0,1,14TH AVENUE EAST & BROADWAY NORTH,1,1,0,0,1,1,,0,30,0,0,1,0,2,4,2,14
,2019-24415,39.75442602,-104.9512615,4/6/2019 10:50,10:50,13,0,1,26TH AVENUE & 3100 BLOCK WEST,1,1,0,0,1,4,,0,30,0,0,0,0,3,4,2,13
,2019-24416,39.76080893,-104.9576216,3/26/2019 17:42,17:42,2,0,1,31ST AVENUE EAST & COLUMBINE STREET NORTH,1,1,0,0,1,4,,0,,1,0,0,0,1,4,2,13
,2019-24417,39.76695933,-104.9664851,7/18/2019 8:06,8:06,2,0,1,36TH AVENUE EAST & WILLIAMS STREET NORTH,1,1,0,0,1,4,,0,,1,0,0,0,2,4,2,12
,2019-24418,39.78449979,-105.0228961,5/27/2019 22:23,22:23,8,0,1,48TH AVENUE WEST 2800 BLOCK & ELM COURT NORTH,2,3,0,1,1,4,,0,30,0,0,0,0,3,4,2,5
,2019-24419,39.83809585,-104.7172434,12/18/2019 17:40,17:40,5,1,0,78TH AVENUE 23200 EAST & GUN CLUB ROAD,1,3,0,0,3,4,,0,,0,0,0,0,4,4,1,8
,2019-2442,39.64315,-105.050778,12/31/2019 11:17,11:17,5,0,0,OXFORD AVENUE WEST & YATES WAY SOUTH,4,1,0,0,3,1,,0,,0,0,0,0,0,4,1,13
,2019-24420,39.80185247,-104.7647852,7/24/2019 20:06,20:06,2,0,1,58TH AVENUE EAST & CEYLON STREET NORTH,1,1,0,0,1,5,,0,15,1,0,0,0,3,4,2,13
,2019-24421,39.68053561,-105.0210536,4/17/2019 18:33,18:33,2,0,1,ASBURY AVENUE WEST & CLAY STREET SOUTH,1,1,0,0,1,2,,0,,1,0,0,0,2,4,2,14
,2019-24423,39.68009303,-104.9414746,9/21/2019 16:29,16:29,1,0,2,BUCHTEL BOULEVARD EAST & COLORADO BOULEVARD SOUTH,1,1,0,0,1,2,,0,35,0,0,0,0,3,4,2,14
,2019-24424,39.74462416,-104.9964013,3/22/2019 12:51,12:51,2,0,2,CHAMPA STREET & 14TH STREET,1,1,0,0,1,4,,0,,1,0,0,0,1,4,2,13
,2019-24425,39.71679936,-105.0186613,8/29/2019 5:52,5:52,11,0,1,ELLSWORTH AVENUE WEST & BRYANT WAY SOUTH,1,4,1,0,1,4,,0,25,0,0,1,1,2,4,2,13
,2019-24426,39.67865834,-105.0205119,2/5/2019 18:43,18:43,11,0,1,EVANS AVENUE WEST & CLAY STREET SOUTH,1,3,0,0,1,4,,0,,0,0,1,0,3,4,2,13
,2019-24427,39.67843854,-104.9413111,7/15/2019 14:20,14:20,11,1,1,EVANS AVENUE  & COLORADO BOULEVARD SOUTH,1,1,0,0,1,4,,0,,0,0,1,0,4,4,3,13
,2019-24428,39.67849137,-104.9688789,5/2/2019 15:20,15:20,11,0,1,EVANS AVENUE 6300 BLOCK EAST & EVANS AVENUE EAST,1,1,0,0,1,4,,0,35,0,0,1,0,1,4,2,14
,2019-24429,39.6784566,-104.9189691,4/13/2019 18:57,18:57,11,0,2,EVANS AVENUE 5800 BLOCK EAST & JASMINE STREET SOUTH,1,1,0,0,1,2,,0,35,0,0,1,0,2,4,3,13
,2019-24430,39.68229874,-105.0113741,12/11/2019 12:20,12:20,11,1,0,JEWELL AVENUE  & TEJON STREET SOUTH,1,1,0,0,1,4,,0,30,0,0,1,0,4,4,2,2
,2019-24431,39.74794382,-105.0009307,4/17/2019 12:19,12:19,2,0,1,MARKET STREET & 14TH STREET,1,1,1,0,1,4,,0,10,1,0,0,0,1,4,2,8
,2019-24432,39.70207797,-105.0227257,5/18/2019 2:45,2:45,6,0,1,OHIO AVENUE WEST & DECATUR STREET SOUTH,1,4,0,0,1,3,,0,30,0,0,0,0,3,4,2,5
,2019-24433,39.74746451,-104.8889208,9/12/2019 7:00,7:00,2,0,1,MONTVIEW BOULEVARD EAST & WILLOW STREET,1,1,0,0,1,2,,0,30,1,0,0,0,2,4,2,14
,2019-24434,39.67660885,-104.9409155,2/26/2019 15:27,15:27,2,0,1,WARREN A 3900 BLOCK EAST & COLORADO BOULEVARD SOUTH,1,1,0,0,1,2,,0,25,1,0,0,0,2,4,2,13
,2019-24454,39.791079,-105.0641595,7/19/2019 9:56,9:56,3,0,1,52ND AVENUE WEST & INGALLS STREET,1,1,0,0,1,1,,0,30,0,0,0,0,2,4,2,13
,2019-24471,39.74884421,-104.994521,4/30/2019 14:33,14:33,2,0,1,17TH STREET & ARAPAHOE STREET,1,1,1,1,1,4,,0,30,1,0,0,0,1,4,2,8
,2019-24472,39.75516772,-105.0157984,1/6/2019 8:09,8:09,11,0,1,26TH AVENUE WEST & ZUNI STREET NORTH,1,1,1,0,3,3,,0,25,0,1,1,0,3,4,2,1
,2019-24473,39.74867767,-105.001789,8/16/2019 1:05,1:05,15,0,1,BLAKE STREET 1500 BLOCK & 14TH STREET,1,3,0,0,1,4,,0,30,0,0,0,0,3,4,2,13
,2019-24474,39.70407472,-104.9874959,11/21/2019 13:07,13:07,11,0,0,BROADWAY STREET SOUTH & EXPOSITION AVENUE EAST,2,1,0,0,1,4,,0,30,0,0,1,0,0,4,2,13
,2019-24475,39.79547315,-104.8097177,8/31/2019 12:34,12:34,12,0,1,CHAMBERS ROAD NORTH & MAXWELL PLACE EAST,1,1,0,0,1,4,,0,40,0,0,0,0,3,4,2,13
,2019-24476,39.75481776,-105.0023118,11/6/2019 18:37,18:37,11,0,1,CHESTNUT PLACE & 17TH STREET,2,3,0,1,1,4,,0,,0,0,1,0,2,4,2,14
,2019-24477,39.70068567,-104.9745838,8/20/2019 9:51,9:51,5,0,1,CORONA STREET SOUTH & KENTUCKY AVENUE EAST,1,1,0,0,1,4,,0,25,0,0,0,0,2,4,2,3
,2019-24478,39.75533121,-104.87429,9/15/2019 15:50,15:50,2,0,0,EMPORIA STREET NORTH & 26TH AVENUE,1,1,0,0,1,5,,0,25,1,0,0,0,0,4,2,13
,2019-24479,39.7621719,-104.9222653,8/6/2019 14:45,14:45,11,0,1,HOLLY STREET NORTH & MLK BOULEVARD EAST,1,1,0,0,1,4,,0,,0,0,1,0,1,4,2,13
,2019-24480,39.71953363,-105.0324738,8/4/2019 18:39,18:39,6,1,2,KNOX COURT  & FIRST AVENUE WEST,1,1,1,0,1,4,,0,25,0,0,0,0,4,4,3,1
,2019-24481,39.70752632,-104.9863504,6/28/2019 12:28,12:28,12,0,1,LINCOLN STREET SOUTH 400 BLOCK & VIRGINIA AVENUE EAST,1,1,0,0,1,4,,0,35,0,0,0,0,3,4,2,5
,2019-24482,39.716559,-105.0396885,7/6/2019 0:57,0:57,6,0,1,PERRY STREET NORTH & 420 NORTH PERRY STREET,1,4,0,0,1,4,,0,35,0,0,0,0,1,4,2,12
,2019-24483,39.6788501,-104.9722598,7/7/2019 13:00,13:00,2,0,1,MARION STREET SOUTH & EVANS AVENUE EAST,1,1,0,0,1,2,,0,25,1,0,0,0,2,4,2,3
,2019-24484,39.75123601,-105.0061191,2/5/2019 0:40,0:40,2,0,1,SPEER BOULEVARD 1700 BLOCK NORTH & WEWATTA STREET,1,3,2,0,1,4,,0,35,1,0,0,1,1,4,2,5
,2019-24485,39.75632153,-105.0440122,5/19/2019 0:55,0:55,6,0,1,TENNYSON STREET & 27TH AVENUE WEST,1,3,0,0,1,4,,0,25,0,0,0,0,3,4,2,5
,2019-24486,39.78415841,-104.7721173,9/17/2019 17:07,17:07,12,0,1,TOWER ROAD NORTH & GREEN VALLEY RANCH BOULEVARD EAST,1,1,0,0,1,3,,0,45,0,0,0,0,3,4,2,13
,2019-24490,39.685491,-104.940547,4/6/2019 13:00,13:00,12,0,0,COLORADO BOULEVARD SOUTH & MEXICO AVENUE SOUTH / 1700 BLOCK SOUTH,1,1,0,0,1,4,,0,35,0,0,0,0,0,2,2,13
,2019-24495,39.791124,-105.0346305,12/7/2019 14:25,14:25,3,0,0,LOWELL BOULEVARD & 52ND AVENUE,2,1,0,0,1,1,,0,35,0,0,0,0,0,4,2,13
,2019-24524,39.73505292,-104.9633212,3/20/2019 17:01,17:01,2,0,1,12TH AVENUE EAST & RACE STREET NORTH,1,1,0,0,1,1,,0,15,1,0,0,0,1,4,2,13
,2019-24525,39.74167039,-104.9785003,8/27/2019 19:02,19:02,2,0,0,16TH AVENUE EAST & WASHINGTON STREET NORTH,1,1,0,0,1,5,,0,30,1,0,0,0,0,4,2,8
,2019-24526,39.74335811,-104.9873762,12/11/2019 5:16,5:16,11,0,1,17TH AVENUE & BROADWAY STREET NORTH,1,3,1,0,1,4,,0,35,0,0,1,0,2,4,2,3
,2019-24527,39.74948332,-104.9953025,9/30/2019 0:17,0:17,2,0,1,17TH STREET & LAWRENCE STREET,1,3,0,0,1,2,,0,30,1,0,0,0,1,4,2,1
,2019-24528,39.75483337,-105.0246064,9/12/2019 9:10,9:10,12,0,1,26TH AVENUE 2900 BLOCK WEST & FEDERAL BOULEVARD NORTH,1,1,0,0,1,4,,0,30,0,0,0,0,3,4,2,13
,2019-24529,39.75595759,-104.8997216,8/19/2019 15:36,15:36,11,0,1,28TH AVENUE EAST & ROSLYN STREET NORTH,1,1,0,0,1,4,,0,,0,0,1,0,2,4,2,13
,2019-24530,39.76093567,-104.8691527,11/26/2019 12:00,12:00,11,0,1,31ST AVENUE EAST & GALENA STREET NORTH,4,1,0,2,1,4,,0,25,0,0,1,0,1,4,2,13
,2019-24531,39.76323332,-105.0078485,1/21/2019 19:35,19:35,11,0,1,33RD AVENUE 1700 WEST & QUIVAS STREET NORTH,1,4,0,0,1,4,,0,25,0,0,1,0,1,4,2,13
,2019-24532,39.76737704,-104.9019995,1/21/2019 14:04,14:04,2,0,1,36TH AVENUE 7407 EAST & QUEBEC STREET NORTH,1,1,0,0,1,2,,0,30,1,0,0,0,1,4,2,13
,2019-24533,39.77290902,-104.9682416,6/20/2019 1:06,1:06,9,1,0,40TH AVENUE 1600 EAST & FRANKLIN STREET NORTH,1,3,0,0,2,3,,0,35,0,0,0,0,4,4,1,1
,2019-24534,39.78227849,-104.8607214,10/11/2019 18:30,18:30,5,0,1,47TH AVENUE 10900 BLOCK & JOLIET STREET NORTH,1,1,0,0,3,4,,0,35,0,0,0,0,3,4,2,5
,2019-24535,39.785733,-104.8830885,11/29/2019 15:38,15:38,3,0,0,NORTHFIELD BOULEVARD EAST & CENTRAL PARK BOULEVARD NORTH,2,2,0,0,1,1,,0,35,0,0,0,0,0,4,2,13
,2019-24536,39.708898,-104.8753735,6/5/2019 9:45,9:45,2,0,0,ALAMEDA AVENUE EAST & DAYTON STREET SOUTH,1,1,0,0,1,3,,0,30,1,0,0,0,0,4,2,13
,2019-24537,39.7730464,-104.8061374,7/18/2019 21:40,21:40,11,0,1,ANDREWS DRIVE EAST & 40TH AVENUE EAST,1,3,0,0,1,4,,0,,0,0,1,0,1,4,2,13
,2019-24539,39.67845332,-104.9361147,4/27/2019 20:48,20:48,5,0,1,COLORADO CENTER DRIVE EAST & BIRCH STREET SOUTH,1,3,0,0,2,4,,0,25,0,0,0,0,3,4,1,7
,2019-24540,39.67842795,-104.9585115,9/6/2019 18:44,18:44,12,0,5,EVANS AVENUE 2350 BLOCK EAST & UNIVERSITY BOULEVARD SOUTH,1,1,0,1,1,3,,0,35,0,0,0,0,3,4,4,1
,2019-24541,39.7039681,-105.0344473,11/2/2019 16:32,16:32,11,0,1,EXPOSITION AVENUE WEST & LOWELL BOULEVARD SOUTH,1,1,0,0,1,4,,0,25,0,0,1,0,2,4,2,13
,2019-24542,39.68954593,-105.052994,3/11/2019 14:06,14:06,11,0,1,FLORIDA AVENUE 5100 BLOCK WEST & SHERIDAN BOULEVARD SOUTH,1,1,0,0,1,2,,0,25,0,0,1,0,1,4,2,13
,2019-24543,39.77503908,-104.8113656,1/2/2019 14:23,14:23,11,0,1,FULLERTON COURT NORTH & ANDREWS DRIVE EAST,1,1,0,0,1,4,,0,25,0,0,1,0,2,4,2,13
,2019-24544,39.70036475,-105.0285939,8/30/2019 2:10,2:10,6,1,0,KENTUCKY AVENUE  & IRVING STREET SOUTH,1,3,0,0,1,4,,0,25,0,0,0,0,4,4,3,5
,2019-24545,39.69662814,-104.9862064,9/13/2019 17:20,17:20,2,0,1,MISSISSIPPI AVENUE EAST & LINCOLN STREET SOUTH,1,1,0,0,1,3,,0,25,1,0,0,0,2,4,2,13
,2019-2455,39.691233,-105.0039315,2/13/2019 13:30,13:30,3,0,0,NAVAJO STREET SOUTH & ARKANSAS AVENUE WEST,1,1,1,0,1,1,,0,25,0,0,0,0,0,4,2,1
,2019-24560,39.785733,-104.8830885,12/2/2019 15:31,15:31,3,0,1,NORTHFIELD BOULEVARD EAST & CENTRAL PARK BOULEVARD NORTH,1,1,0,0,1,1,,0,40,0,0,0,1,1,4,2,3
,2019-24566,39.75012689,-104.9961852,12/6/2019 18:14,18:14,11,0,1,17TH STREET & LARIMER STREET,1,3,0,0,1,3,,0,,0,0,1,0,1,4,2,13
,2019-24567,39.7318084,-104.9874029,8/4/2019 1:11,1:11,9,0,1,BROADWAY STREET NORTH & 10TH AVENUE EAST,1,3,0,0,1,4,,0,35,0,0,0,0,3,4,1,13
,2019-24568,39.73347653,-104.9874128,8/16/2019 7:53,7:53,2,0,1,BROADWAY STREET NORTH & 11TH AVENUE WEST,1,1,0,0,1,4,,0,30,1,0,0,0,3,4,2,3
,2019-24569,39.72094386,-104.9875021,11/27/2019 15:16,15:16,11,0,1,BROADWAY STREET NORTH & THIRD AVENUE EAST,6,1,0,0,1,3,,0,,0,0,1,0,3,4,2,1
,2019-24570,39.77632944,-104.8099035,8/23/2019 14:37,14:37,11,0,1,CHAMBERS ROAD NORTH & 46TH AVENUE EAST,1,1,0,0,1,3,,0,40,0,0,1,0,3,4,2,3
,2019-24571,39.67836968,-104.9734327,4/5/2019 10:17,10:17,5,0,1,DOWNING 2100 BLOCK SOUTH & EVANS AVENUE EAST,1,1,0,0,3,4,,0,30,0,0,0,0,3,4,1,3
,2019-24572,39.69084922,-104.9317129,7/17/2019 4:30,4:30,11,0,2,DAHLIA STREET SOUTH & ARKANSAS AVENUE EAST,1,3,0,0,1,4,,0,25,0,0,1,0,3,4,2,5
,2019-24573,39.71266343,-104.9316305,7/17/2019 4:31,4:31,9,0,1,DAHLIA STREET SOUTH & 1000 BLOCK SOUTH,1,3,1,0,2,3,,0,30,0,0,0,0,2,4,1,5
,2019-24574,39.76119359,-104.9910723,4/19/2019 22:28,22:28,9,0,1,DENARGO STREET 3100 BLOCK & WEWATTA WAY,1,4,1,0,1,4,,0,45,0,0,0,0,3,4,1,1
,2019-24575,39.653072,-104.887461,12/28/2019 22:59,22:59,10,0,0,HAMPDEN AVENUE EAST & WILLOW STREET SOUTH,4,3,0,0,1,1,,0,40,0,0,0,0,0,2,2,14
,2019-24576,39.68568608,-104.9734218,2/6/2019 11:55,11:55,5,1,1,DOWNING STREET 1700 BLOCK SOUTH & MEXICO AVENUE EAST,2,1,0,2,2,4,,0,30,0,0,0,0,4,4,1,10
,2019-24577,39.69640994,-104.9220078,10/7/2019 16:58,16:58,5,0,1,HOLLY STREET SOUTH & CHERRY CREEK DRIVE SOUTH EAST,1,1,0,0,3,4,,0,30,0,0,0,0,3,4,1,10
,2019-24578,39.72564049,-104.9862421,7/20/2019 17:58,17:58,2,0,1,LINCOLN STREET NORTH & SPEER BOULEVARD NORTH,2,2,0,1,1,4,,0,,1,0,0,0,2,4,2,13
,2019-24579,39.70200231,-104.9827908,4/17/2019 9:55,9:55,8,1,2,LOGAN STREET  & OHIO AVENUE EAST,1,1,0,0,1,4,,0,30,0,0,0,0,4,4,2,6
,2019-2458,39.678561,-105.004089,8/27/2019 17:25,17:25,3,0,0,NAVAJO STREET SOUTH & EVANS AVENUE WEST,1,1,1,0,1,1,,0,25,0,0,0,0,0,4,2,3
,2019-24580,39.70723778,-105.0381327,10/8/2019 15:15,15:15,2,0,1,MORRISON ROAD & OSCEOLA AVENUE WEST,1,1,0,0,1,4,,0,,1,0,0,0,2,4,2,13
,2019-24581,39.7302221,-104.9799269,10/6/2019 18:15,18:15,11,0,0,PEARL STREET NORTH & NINTH AVENUE EAST,1,1,0,0,1,4,,0,25,0,1,1,0,0,4,2,12
,2019-24582,39.76892065,-105.0064555,2/4/2019 16:08,16:08,11,0,1,PECOS STREET 3800 BLOCK NORTH & 39TH AVENUE WEST,1,1,0,0,1,4,,0,25,0,0,1,0,1,4,2,13
,2019-24583,39.76521319,-104.9026432,8/14/2019 22:36,22:36,11,0,1,QUEBEC STREET NORTH & 35TH AVENUE EAST,1,3,0,0,1,2,,0,35,0,0,1,0,2,4,2,14
,2019-24584,39.68407436,-104.8914476,5/12/2019 20:43,20:43,5,0,2,QUEBEC WAY SOUTH & 1800 BLOCK SOUTH,1,3,0,0,3,2,,0,30,0,0,0,0,3,4,1,1
,2019-24585,39.75319011,-104.9034238,3/12/2019 19:20,19:20,11,0,1,QUEBEC STREET NORTH & 25TH AVENUE EAST,1,3,0,0,1,4,,0,30,0,0,1,0,1,4,2,13
,2019-24586,39.68208717,-104.9034043,5/14/2019 15:44,15:44,11,0,1,QUEBEC STREET SOUTH & JEWELL AVENUE EAST,1,1,0,0,1,3,,0,35,0,0,1,0,3,4,2,13
,2019-24587,39.76167957,-104.965955,3/20/2019 21:17,21:17,11,1,0,WILLIAMS STREET 3100 BLOCK NORTH & MLK BOULEVARD,1,3,0,0,1,4,,0,30,0,0,1,0,4,4,2,13
,2019-2461,39.734694,-104.938389,8/28/2019 17:44,17:44,3,0,1,12TH AVENUE EAST & ASH STREET NORTH,1,1,0,0,1,1,,0,25,0,0,0,0,1,4,2,1
,2019-24610,39.73525407,-104.9891832,9/11/2019 14:39,14:39,2,0,1,12TH AVENUE WEST & ACOMA STREET NORTH,1,1,0,0,1,2,,0,25,1,0,0,0,1,4,2,8
,2019-24611,39.73527526,-104.9850027,10/6/2019 1:15,1:15,11,0,1,12TH AVENUE EAST & SHERMAN STREET NORTH,1,3,1,0,1,4,,0,,0,0,1,0,2,4,2,13
,2019-24612,39.73837877,-104.9544147,12/16/2019 17:45,17:45,6,0,2,14TH AVENUE EAST & DETROIT STREET NORTH,1,3,0,0,1,4,,0,30,0,0,0,0,3,4,2,12
,2019-24613,39.73835934,-104.9495922,3/28/2019 14:59,14:59,5,0,1,14TH AVENUE EAST & STEELE STREET NORTH,1,1,0,0,2,3,,0,30,0,0,0,0,3,4,1,1
,2019-24614,39.76542893,-105.0392851,8/3/2019 21:34,21:34,6,0,0,PERRY STREET NORTH & 500 BLOCK NORTH,1,3,0,0,1,4,,0,25,0,0,0,0,0,4,2,5