id,drcog_id,latitude,longitude,crashtime,time,crashtype,numbkilled,numbinjurd,drcoglocat,rdconditin,lightngcon,roadcntgrd,weatherco,location,roaddescrp,schoolzone,constrzone,splimit,bikeinv,sctrinv,pedinv,motoinv,svrty,rdsystem,ttlvehcls,hcf
,2019-24615,39.74546973,-104.9953116,5/13/2019 10:41,10:41,2,0,1,15TH STREET & CHAMPA STREET,1,1,0,0,1,4,,0,30,1,0,0,0,1,4,2,13
,2019-24616,39.74232118,-104.9908582,8/5/2019 15:05,15:05,2,0,0,15TH STREET & TREMONT PLACE,1,1,0,0,1,2,,0,30,1,0,0,0,0,4,2,13
,2019-24617,39.74166858,-104.9775569,8/12/2019 8:34,8:34,2,0,1,16TH AVENUE EAST & OGDEN STREET NORTH,1,1,0,0,1,4,,0,25,1,0,0,0,1,4,2,14
,2019-24618,39.75705677,-104.9928798,3/24/2019 21:25,21:25,5,0,1,22ND STREET 1600 BLOCK & WAZEE STREET,1,3,0,0,3,4,,0,25,0,0,0,0,3,4,1,2
,2019-24619,39.68474998,-105.0365067,3/20/2019 18:08,18:08,5,0,1,COLORADO AVENUE WEST & MICHIGAN WAY SOUTH,1,1,0,0,2,4,,0,25,0,0,0,1,3,4,1,8
,2019-2462,39.741669,-104.9747985,1/22/2019 12:35,12:35,3,0,0,16TH AVENUE EAST & OGDEN STREET NORTH,1,1,0,0,1,1,,0,30,0,0,0,0,0,4,2,13
,2019-24620,39.79061437,-104.8132093,11/23/2019 19:46,19:46,11,0,1,53RD AVENUE EAST & ALTURA STREET NORTH,1,3,0,0,1,4,,0,25,0,0,1,0,2,4,2,13
,2019-24621,39.79838046,-104.8666032,1/7/2019 18:49,18:49,5,0,1,56TH AVENUE EAST & HAVANA STREET NORTH,1,3,0,0,1,4,,0,40,0,0,0,0,3,4,3,14
,2019-24622,39.7982424,-104.7721186,5/12/2019 1:46,1:46,12,0,1,56TH AVENUE EAST & TOWER ROAD NORTH,1,3,0,0,1,3,,0,45,0,0,0,0,3,4,2,12
,2019-24623,39.72890157,-105.0021555,11/26/2019 17:30,17:30,11,0,1,EIGHTH AVENUE WEST & LIPAN STREET NORTH,4,4,0,2,3,4,,0,,0,0,1,0,1,4,2,13
,2019-24624,39.68029689,-104.9671075,7/22/2019 6:43,6:43,11,0,1,ASBURY AVENUE EAST & HIGH STREET NORTH,1,1,0,0,1,4,,0,25,0,0,1,0,2,4,2,13
,2019-24625,39.74422032,-104.9934502,9/25/2019 12:40,12:40,11,0,1,CALIFORNIA STREET & 15TH STREET,1,1,0,0,1,4,,0,30,0,0,1,0,2,4,2,1
,2019-24626,39.67846239,-104.9132473,6/11/2019 16:13,16:13,2,0,1,EVANS AVENUE 6355 EAST & MONACO STREET SOUTH,1,1,0,0,1,4,,0,,1,0,0,0,1,4,2,13
,2019-24628,39.69295531,-104.9377275,12/10/2019 14:30,14:30,11,0,1,LOUISIANA AVENUE EAST & BELLAIRE STREET SOUTH,1,1,0,0,1,4,,0,,0,0,1,0,2,4,2,13
,2019-24629,39.69312908,-105.0197066,2/23/2019 17:45,17:45,6,0,1,LOUISIANA AVENUE WEST & CANOSA COURT SOUTH,5,1,0,0,1,4,,0,25,0,0,0,0,1,4,3,5
,2019-24630,39.71707131,-104.9000764,9/25/2019 15:38,15:38,11,0,1,LOWRY BOULEVARD EAST & ROSEMARY STREET SOUTH,1,1,0,0,1,4,,0,,0,0,1,0,2,4,2,13
,2019-24631,39.68571263,-104.936201,5/9/2019 16:30,16:30,5,1,0,MEXICO AVENUE 4300 EAST & BIRCH STREET SOUTH,1,1,0,0,3,3,,0,25,0,0,0,0,4,4,1,15
,2019-24632,39.7618365,-104.9167044,6/19/2019 22:30,22:30,11,0,1,MLK BOULEVARD EAST & KRAMERIA STREET NORTH,1,3,0,0,1,4,,0,,0,0,1,0,3,4,2,13
,2019-24633,39.70399196,-105.0431086,10/11/2019 13:03,13:03,3,0,1,MORRISON ROAD & WALSH PLACE WEST,1,1,0,0,1,2,,0,30,0,0,0,0,3,4,3,3
,2019-24634,39.69310823,-105.009346,10/7/2019 1:49,1:49,5,0,2,RARITAN STREET SOUTH & LOUISIANA AVENUE WEST,1,3,0,0,2,4,,0,25,0,0,0,0,3,4,1,5
,2019-24635,39.7266863,-104.9874667,9/19/2019 1:47,1:47,11,0,0,SPEER BOULEVARD EAST & BROADWAY STREET NORTH,1,3,1,0,1,4,,0,,0,0,1,0,0,4,2,14
,2019-24639,39.78750671,-104.9893634,12/6/2019 19:00,19:00,12,0,0,I70 & I25,2,3,1,0,1,4,,0,15,0,0,0,0,0,1,2,7
,2019-2464,39.795426,-104.7397815,3/3/2019 12:30,12:30,3,0,0,NETHERLAND STREET NORTH & 55TH AVENUE EAST,6,1,0,2,1,1,,0,25,0,0,0,0,0,4,3,13
,2019-24640,39.77930657,-104.9809625,6/15/2019 16:02,16:02,12,0,4,I70 EASTBOUND OFF RAMP & WASHINGTON STREET RAMP SPLIT,1,1,0,0,1,7,,0,,0,0,0,0,1,1,2,13
,2019-24642,39.78143608,-104.9901099,12/17/2019 7:23,7:23,12,0,1,I70 & I25,1,1,0,0,1,4,,0,55,0,0,0,0,1,1,2,13
,2019-24643,39.78143608,-104.9901099,1/20/2019 0:31,0:31,5,0,0,I70 WB OFF RAMP & I25,1,3,0,0,3,7,,0,65,0,0,0,0,0,1,1,1
,2019-24644,39.66025,-104.866296,3/19/2019 16:56,16:56,5,0,0,HAVANA STREET SOUTH & DARTMOUTH AVENUE EAST,1,1,1,0,2,1,,0,45,0,0,0,0,0,2,1,5
,2019-24645,39.77707569,-104.8941316,1/18/2019 8:08,8:08,12,0,0,I270 & MM 5,1,1,0,0,1,4,,1,65,0,0,0,0,0,1,2,13
,2019-24646,39.7741476,-104.846974,2/5/2019 9:45,9:45,15,0,0,I70 & PEORIA STREET NORTH,1,1,0,0,1,4,,0,65,0,0,0,0,0,1,2,14
,2019-24649,39.75836916,-105.0252884,5/4/2019 8:37,8:37,10,0,0,29TH AVENUE 3000 BLOCK WEST & FEDERAL BOULEVARD NORTH,1,1,0,0,1,1,,0,30,0,0,0,0,0,2,2,13
,2019-2465,39.727323,-105.0002235,7/29/2019 7:18,7:18,12,0,0,SEVENTH AVENUE WEST & KALAMATH STREET NORTH,1,1,0,0,1,1,,0,30,0,0,0,0,0,4,2,3
,2019-24651,39.74755542,-104.9847844,3/5/2019 9:40,9:40,3,0,0,20TH AVENUE EAST & SHERMAN STREET NORTH,1,1,0,0,1,1,,0,30,0,0,0,0,0,4,2,13
,2019-24652,39.76925638,-105.0205121,12/6/2019 8:33,8:33,5,0,0,38TH AVENUE WEST & CLAY STREET NORTH,5,1,1,0,3,4,,0,35,0,0,0,0,0,4,2,7
,2019-24654,39.77842157,-104.9683929,11/21/2019 23:30,23:30,12,0,0,44TH AVENUE EAST & BRIGHTON BOULEVARD NORTH,2,3,0,2,1,3,,0,,0,0,0,0,0,4,2,13
,2019-24655,39.72986353,-104.8859878,12/30/2019 8:22,8:22,5,0,0,YOSEMITE STREET 1000 BLOCK NORTH & 11TH STREET EAST,5,1,0,0,3,4,,0,35,0,0,0,0,0,4,1,13
,2019-2466,39.71115,-104.987592,3/14/2019 12:13,12:13,3,0,0,BROADWAY STREET SOUTH & ALAMEDA AVENUE WEST,2,1,0,0,1,1,,0,35,0,0,0,0,0,4,2,3
,2019-2467,39.713049,-105.01101,6/2/2019 6:58,6:58,5,0,0,CEDAR AVENUE WEST & TEJON STREET SOUTH,1,1,0,0,3,1,,0,25,0,0,0,0,0,4,1,13
,2019-24688,39.696625,-104.940562,2/5/2019 19:53,19:53,11,0,1,COLORADO BOULEVARD SOUTH & MISSISSIPPI AVENUE EAST,1,3,1,0,1,1,,0,25,0,0,1,0,3,2,2,13
,2019-2469,39.728943,-104.9928615,10/17/2019 16:40,16:40,3,0,1,DELAWARE STREET NORTH & EIGHTH AVENUE WEST,1,1,0,0,1,1,,0,25,0,0,0,0,2,4,2,13
,2019-24691,39.772547,-104.829979,8/26/2019 19:25,19:25,15,0,5,I70 WB ON RAMP LOOP FROM & I225 NORTHBOUND FLYOVER,1,1,1,0,1,7,,0,65,0,0,0,0,3,1,2,14
,2019-24695,39.664864,-105.081443,10/13/2019 19:13,19:13,11,0,0,WADSWORTH BOULEVARD SOUTH & AMHERST AVENUE WEST,1,4,1,0,1,4,,0,40,0,0,1,0,0,2,2,13
,2019-24696,39.666863,-105.08143,8/3/2019 21:30,21:30,11,0,1,WADSWORTH BOULEVARD SOUTH & YALE AVENUE WEST,1,4,0,0,1,4,,0,,0,0,1,0,3,2,2,13
,2019-24697,39.667718,-105.081421,7/30/2019 8:40,8:40,1,0,2,WADSWORTH BOULEVARD SOUTH & YALE AVENUE WEST,1,1,1,0,1,1,,0,45,0,0,0,0,3,2,2,1
,2019-2470,39.7319935,-104.98617,10/25/2019 15:41,15:41,6,0,0,LINCOLN STREET NORTH & 1700 BLOCK NORTH,1,1,0,0,1,4,,0,30,0,0,0,0,0,4,2,13
,2019-2471,39.750201,-105.0047415,9/19/2019 10:45,10:45,1,0,0,SPEER BOULEVARD NORTH & WEWATTA STREET,1,1,0,0,1,1,,0,30,0,0,0,0,0,4,2,13
,2019-24719,39.729688,-104.940624,7/2/2019 2:53,2:53,11,0,1,COLORADO BOULEVARD & 800 BLOCK NORTH,1,3,0,0,1,4,,0,35,0,0,1,0,3,2,2,2
,2019-24724,39.698614,-104.903604,9/30/2019 16:00,16:00,11,0,1,HIGHWAY 83 & QUEBEC STREET SOUTH,1,1,0,0,1,1,,0,,0,0,1,0,1,2,2,13
,2019-24726,39.711401,-105.05326,8/23/2019 21:12,21:12,1,0,2,ALAMEDA AVENUE WEST & SHERIDAN BOULEVARD SOUTH,1,3,0,0,1,1,,0,40,0,0,0,0,3,2,2,5
,2019-24729,39.772925,-105.053235,4/9/2019 18:30,18:30,2,0,1,SHERIDAN BOULEVARD & 41ST AVENUE WEST,1,1,0,0,1,1,,0,,1,0,0,0,1,2,2,7
,2019-24737,39.667707,-104.987511,5/28/2019 20:42,20:42,11,0,1,BROADWAY SOUTH & YALE AVENUE EAST,2,3,0,1,1,1,,0,35,0,0,1,0,2,4,2,3
,2019-24738,39.70269206,-104.9298661,9/5/2019 20:17,20:17,9,0,4,CHERRY CREEK DRIVE SOUTH & 4100 BLOCK SOUTH,1,3,0,0,2,4,,0,35,0,0,0,0,3,4,1,9
,2019-24739,39.71015999,-104.8696263,4/2/2019 17:34,17:34,11,0,1,ALAMEDA AVENUE EAST & GALENA WAY SOUTH,1,1,0,0,1,2,,0,40,0,0,1,0,1,4,2,14
,2019-24740,39.729078,-104.9848605,8/2/2019 12:08,12:08,11,0,1,EIGHTH AVENUE EAST & SHERMAN STREET NORTH,1,1,0,0,1,1,,0,25,0,1,1,0,1,4,2,14
,2019-24741,39.747393,-104.9237574,5/9/2019 12:04,12:04,2,0,1,MONTVIEW BOULEVARD & 8200 BLOCK EAST,1,1,0,1,1,4,,0,30,1,0,0,0,1,4,2,13
,2019-24742,39.78358,-104.900137,2/25/2019 18:16,18:16,1,0,2,QUEBEC STREET NORTH & I270 WB ON RAMP,1,3,1,0,1,1,,0,35,0,0,0,0,3,2,2,13
,2019-24743,39.783028,-104.900628,11/23/2019 20:16,20:16,1,0,2,NORTHFIELD QUEBEC SOUTH NORTH & I270 WB ON RAMP,1,3,1,0,1,1,,0,40,0,0,0,0,3,2,3,5
,2019-24764,39.637856,-104.909356,4/16/2019 10:00,10:00,15,0,0,I25 NORTHBOUND ENTRANCE GORE POINT & I225 SOUTHBOUND/WESTBOUND OFF RAMP,1,1,0,0,1,4,,0,60,0,0,0,0,0,1,2,1
,2019-24765,39.634278,-104.9071,8/15/2019 20:13,20:13,12,0,0,I25 & I225,1,3,0,0,1,4,,0,55,0,0,0,0,0,1,2,3
,2019-24766,39.642565,-104.912208,10/28/2019 8:40,8:40,5,0,0,I25 & MM 200.80,4,1,0,2,3,4,,0,60,0,0,0,0,0,1,1,13
,2019-24767,39.652864,-104.918141,7/21/2019 0:58,0:58,5,0,1,I25 & HAMPDEN AVENUE EAST,1,3,0,0,2,4,,0,65,0,0,0,0,1,1,1,2
,2019-24768,39.678363,-104.933558,7/24/2019 17:30,17:30,15,0,0,I25 & EVANS AVENUE EAST,1,1,0,0,1,4,,0,55,0,0,0,0,0,1,2,1
,2019-24769,39.683026,-104.940163,10/12/2019 20:20,20:20,5,0,0,I25 EASTBOUND OFF RAMP & COLORADO BOULEVARD SOUTH,1,3,0,0,3,7,,0,55,0,0,0,0,0,1,1,13
,2019-2477,39.710313,-105.029811,4/10/2019 7:34,7:34,3,0,1,NEVADA PLACE WEST & IRVING STREET SOUTH,2,1,0,1,1,1,,0,25,0,0,0,0,2,4,2,13
,2019-24770,39.68492,-104.959512,2/6/2019 16:03,16:03,15,0,0,I25 & UNIVERSITY BOULEVARD SOUTH,5,1,0,2,1,4,,0,55,0,0,0,0,0,1,2,13
,2019-24771,39.69304,-104.97773,4/16/2019 8:30,8:30,12,0,2,I25 & LOUISIANA AVENUE EAST,1,1,0,0,1,4,,0,60,0,0,0,0,1,1,2,1
,2019-24772,39.715318,-105.00145,10/21/2019 10:05,10:05,15,0,0,I25 & ALAMEDA AVENUE WEST,1,1,0,0,1,4,,0,55,0,0,0,0,0,1,2,1
,2019-24773,39.72491,-105.012638,6/17/2019 6:06,6:06,12,0,0,I25 NB/SB RAMP GORE POINT FROM & HIGHWAY 6 EASTBOUND,1,1,1,0,1,7,,0,55,0,0,0,0,0,1,2,1
,2019-24774,39.72543,-105.013021,7/18/2019 19:45,19:45,15,0,0,I25 & SIXTH AVENUE WEST,1,3,0,0,1,4,,0,55,0,0,0,0,0,1,2,13
,2019-24775,39.726145,-105.013499,11/5/2019 7:46,7:46,9,0,0,I25 NORTHBOUND EXIT GORE POINT TO & EIGHTH AVENUE WEST,1,4,1,0,3,4,,0,55,0,0,0,0,0,1,1,1
,2019-24776,39.729334,-105.014821,8/2/2019 10:00,10:00,12,0,0,I25 & EIGHTH AVENUE WEST,1,1,0,0,1,4,,0,55,0,0,0,0,0,1,2,13
,2019-24777,39.731416,-105.015493,12/3/2019 7:00,7:00,12,0,0,I25 & EIGHTH AVENUE WEST,1,1,0,0,1,4,,0,,0,0,0,0,0,1,2,13
,2019-24778,39.733332,-105.015492,11/8/2019 17:45,17:45,12,0,0,I25 & EIGHTH AVENUE WEST,1,3,1,0,1,4,,0,55,0,0,0,0,0,1,2,7
,2019-24779,39.783147,-105.006138,11/29/2019 9:54,9:54,5,0,0,I70 WB OFF RAMP & PECOS STREET NORTH,5,1,1,0,3,7,,0,55,0,0,0,0,0,1,1,13
,2019-2478,39.710313,-105.029811,10/11/2019 17:57,17:57,1,0,0,NEVADA PLACE WEST & IRVING STREET SOUTH,1,3,0,0,1,1,,0,25,0,0,0,0,0,4,2,13
,2019-24780,39.747665,-105.01807,12/26/2019 16:03,16:03,12,0,0,I25 & 20TH AVENUE WEST,1,2,0,0,1,4,,0,55,0,0,0,0,0,1,2,13
,2019-24781,39.750235,-105.017032,5/5/2019 10:45,10:45,15,0,0,I25 & 23RD AVENUE WEST,1,1,1,0,1,4,,0,55,0,0,0,0,0,1,2,13
,2019-24782,39.755236,-105.012575,3/29/2019 10:40,10:40,15,0,0,I25 & SPEER BOULEVARD NORTH,1,1,0,0,1,4,,0,,0,0,0,0,0,1,2,13
,2019-24783,39.754181,-105.014053,12/15/2019 9:55,9:55,12,0,1,I25 & SPEER BOULEVARD NORTH,1,1,1,0,1,4,,0,,0,0,0,0,1,1,2,13
,2019-24784,39.755141,-105.012706,11/16/2019 9:00,9:00,12,0,0,I25 & SPEER BOULEVARD NORTH,1,1,0,0,1,4,,0,,0,0,0,0,0,1,2,13
,2019-24785,39.760997,-105.004275,5/20/2019 11:41,11:41,15,0,0,I25 & 20TH STREET,1,1,0,0,1,4,,0,55,0,0,0,0,0,1,2,3
,2019-24786,39.768143,-104.994545,10/8/2019 20:10,20:10,15,0,0,I25 & PARK AVENUE WEST,1,1,1,0,1,4,,0,65,0,0,0,0,0,1,2,1
,2019-24787,39.768331,-104.994972,12/29/2019 21:33,21:33,12,0,0,I25 & PARK AVENUE WEST,1,3,0,0,1,4,,0,,0,0,0,0,0,1,2,13
,2019-24788,39.784652,-104.98914,11/27/2019 12:51,12:51,15,0,0,I25 & MM 214,2,1,0,0,1,4,,0,55,0,0,0,0,0,1,2,3
,2019-2479,39.76047189,-104.9828977,5/3/2019 10:52,10:52,6,0,0,LARIMER STREET & 1900 BLOCK,1,1,0,0,1,4,,0,30,0,0,0,0,0,4,2,13
,2019-24796,39.711131,-105.014469,5/2/2019 18:17,18:17,12,0,0,YUMA STREET SOUTH & ALAMEDA AVENUE WEST,1,1,0,0,1,1,,0,15,0,0,0,0,0,2,2,13
,2019-2480,39.738456,-104.9861385,7/12/2019 17:45,17:45,10,0,0,LINCOLN STREET NORTH & 14TH AVENUE EAST,1,1,0,0,1,1,,0,30,0,0,0,0,0,4,2,13
,2019-24806,39.740301,-105.025904,10/4/2019 6:25,6:25,15,0,0,COLFAX AVENUE WEST & FEDERAL BOULEVARD NORTH,1,2,0,0,1,4,,0,35,0,0,0,0,0,2,2,13
,2019-24807,39.740092,-105.005411,2/6/2019 8:50,8:50,12,0,0,COLFAX AVENUE WEST & OSAGE STREET NORTH,2,1,0,2,1,3,,0,35,0,0,0,0,0,2,2,13
,2019-24808,39.740092,-105.005411,8/11/2019 17:19,17:19,5,0,0,COLFAX AVENUE WEST & REED STREET,1,1,1,0,2,1,,0,35,0,0,0,0,0,2,1,5
,2019-24809,39.740082,-105.005223,11/10/2019 16:53,16:53,9,0,1,COLFAX AVENUE WEST & SEVENTH STREET,1,3,0,0,2,3,,0,35,0,0,0,0,2,2,1,1
,2019-24810,39.740025,-104.998125,12/5/2019 2:01,2:01,3,0,0,COLFAX AVENUE WEST & SPEER BOULEVARD NORTH,1,3,0,0,1,1,,0,,0,0,0,0,0,2,2,13
,2019-24811,39.740009,-104.96852,5/16/2019 11:35,11:35,12,0,0,PARK AVENUE & COLFAX AVENUE EAST,1,1,0,0,1,1,,0,35,0,0,0,0,0,2,2,13
,2019-24812,39.739986,-104.963641,10/11/2019 2:10,2:10,6,0,0,COLFAX AVENUE 1900 BLOCK EAST & RACE STREET NORTH,1,3,0,0,1,4,,0,,0,0,0,0,0,2,2,13
,2019-24813,39.74011,-104.958744,3/23/2019 20:25,20:25,3,0,0,COLFAX AVENUE EAST & JOSEPHINE STREET NORTH,1,3,0,0,1,1,,0,,0,0,0,0,0,2,2,13
,2019-2482,39.66879388,-105.0532248,10/27/2019 0:24,0:24,12,0,2,SHERIDAN BOULEVARD SOUTH & YALE AVENUE WEST,1,3,1,1,1,4,,0,40,0,0,0,0,3,2,3,3
,2019-24828,39.75501067,-104.991631,8/31/2019 15:08,15:08,6,0,0,MARKET STREET & 1400 BLOCK,1,3,0,0,1,4,,0,25,0,0,0,0,0,4,2,13
,2019-24829,39.775623,-104.865778,7/24/2019 8:50,8:50,15,0,0,I70 & HAVANA STREET NORTH,1,1,0,0,1,4,,0,65,0,0,0,0,0,1,2,13
,2019-24830,39.774476,-104.852481,11/22/2019 13:20,13:20,5,0,0,I70 & HAVANA STREET NORTH,2,1,0,0,2,4,,0,65,0,0,0,0,0,1,1,3
,2019-24831,39.774319,-104.850667,5/9/2019 22:32,22:32,15,0,0,I70 & PEORIA STREET NORTH,1,3,0,1,1,4,,0,55,0,0,0,0,0,1,2,1
,2019-24832,39.774005,-104.847034,12/1/2019 16:12,16:12,15,0,0,PEORIA STREET NORTH & I70 EASTBOUND OFF RAMP,1,1,0,0,1,1,,0,,0,0,0,0,0,1,2,13
,2019-24833,39.773973,-104.846662,4/23/2019 7:27,7:27,12,0,0,I70 WB OFF RAMP & PEORIA STREET NORTH,1,1,0,0,1,7,,0,55,0,0,0,0,0,1,2,13
,2019-24841,39.703818,-104.914505,8/3/2019 18:30,18:30,15,0,0,LEETSDALE DRIVE & EXPOSITION AVENUE EAST,1,1,0,0,1,3,,0,35,0,0,0,0,0,2,2,13
,2019-24845,39.687548,-104.99194,10/5/2019 17:25,17:25,15,0,0,SANTA FE DRIVE SOUTH & IOWA AVENUE WEST,1,1,0,0,1,1,,0,55,0,0,0,0,0,2,2,7
,2019-24848,39.737974,-105.025273,9/14/2019 10:50,10:50,15,0,0,FEDERAL BOULEVARD NORTH & 14TH AVENUE WEST / HOWARD PLACE WEST,1,1,1,0,1,1,,0,45,0,0,0,0,0,2,2,13
,2019-24849,39.725737,-105.025211,3/25/2019 21:22,21:22,15,0,0,FEDERAL BOULEVARD NORTH & SIXTH AVENUE WEST WB OFF RAMP,1,3,0,0,1,1,,0,,0,0,0,0,0,2,2,13
,2019-2485,39.689321,-104.940549,7/3/2019 6:50,6:50,2,0,1,COLORADO BOULEVARD SOUTH & FLORIDA AVENUE EAST,1,1,1,0,1,1,,0,,1,0,0,0,2,2,2,14
,2019-24850,39.71479,-105.025242,11/22/2019 6:42,6:42,5,0,0,FEDERAL BOULEVARD SOUTH & BAYAUD AVENUE,5,1,1,2,3,4,,0,35,0,0,0,0,0,2,1,7
,2019-24876,39.63322,-104.903993,5/29/2019 10:49,10:49,12,0,0,I225 & MM 0.25,1,1,0,0,1,4,,0,55,0,0,0,0,0,1,2,8
,2019-24883,39.782554,-104.90058,3/28/2019 8:15,8:15,12,0,1,I270 & NORTHFIELD QUEBEC STREET NORTH,1,1,0,0,1,4,,0,55,0,0,0,0,1,1,2,2
,2019-2490,39.779734,-104.985777,9/29/2019 2:43,2:43,5,0,3,I70 EASTBOUND OFF RAMP SPLIT TO & I25 NORTHBOUND,1,3,1,0,3,7,,0,,0,0,0,0,3,1,1,14
,2019-2491,39.658448,-104.940485,7/7/2019 3:14,3:14,5,2,0,COLORADO BOULEVARD  & DARTMOUTH AVENUE EAST,1,3,1,0,3,4,,0,40,0,0,0,0,4,2,1,5
,2019-24917,39.711172,-105.036364,1/18/2019 19:24,19:24,5,0,0,ALAMEDA AVENUE & 3700 WEST,5,4,0,0,2,4,,0,35,0,0,0,0,0,2,1,13
,2019-2492,39.660303,-104.940565,7/15/2019 16:00,16:00,2,0,0,DARTMOUTH AVENUE  & COLORADO BOULEVARD SOUTH,1,1,0,0,1,1,,0,25,1,0,0,0,0,2,2,13
,2019-24927,39.667716,-104.9804652,11/11/2019 21:00,21:00,15,0,0,YALE AVENUE & 8111 EAST,1,4,0,0,1,4,,0,35,0,0,0,0,0,4,2,3
,2019-24928,39.711114,-104.972418,9/4/2019 11:28,11:28,4,0,0,ALAMEDA AVENUE EAST & MARION STREET SOUTH,1,1,0,0,1,1,,0,30,0,0,0,0,0,4,1,13
,2019-24929,39.77631,-104.822631,6/8/2019 2:38,2:38,6,0,0,ANDREWS DRIVE EAST & 14569 EAST ANDREWS DRIVE,1,3,0,0,1,4,,0,35,0,0,0,0,0,4,2,1
,2019-2493,39.669563,-104.940617,10/24/2019 15:32,15:32,11,0,1,COLORADO BOULEVARD SOUTH & YALE AVENUE,1,1,0,0,1,2,,0,35,0,0,1,0,3,2,2,7
,2019-24930,39.767058,-104.9843205,11/18/2019 7:50,7:50,9,0,0,ARKINS COURT & 31ST STREET,1,1,1,0,6,4,,0,15,0,0,0,0,0,3,1,14
,2019-24931,39.765726,-104.9948415,2/22/2019 18:05,18:05,1,0,0,BROADWAY STREET NORTH & PARK AVENUE WEST,4,3,0,2,1,1,,0,30,0,0,0,0,0,4,2,13
,2019-24932,39.72997798,-104.9472934,11/30/2019 23:23,23:23,5,0,0,COOK STREET & 5090 NORTH,5,3,0,0,2,8,,0,,0,0,0,0,0,4,1,13
,2019-24933,39.678453,-104.9081895,10/15/2019 13:45,13:45,1,0,0,EVANS AVENUE EAST & ONEIDA STREET SOUTH,1,1,0,0,1,1,,0,35,0,0,0,0,0,4,2,14
,2019-24934,39.725073,-105.032502,3/21/2019 13:48,13:48,5,0,0,SIXTH AVENUE NORTH FRONTAGE ROAD  & KNOX COURT NORTH,1,1,0,0,1,1,,0,30,0,0,0,0,0,4,1,13
,2019-24935,39.790773,-104.984721,9/17/2019 8:12,8:12,5,0,0,GRANT STREET & 1500 BLOCK NORTH,1,1,0,0,2,2,,0,30,0,0,0,0,0,4,1,13
,2019-24936,39.688821,-104.8990231,11/20/2019 2:23,2:23,6,0,0,GUNNISON PLACE & 1800 BLOCK WEST,1,4,0,0,1,4,,0,,0,0,0,0,0,4,2,13
,2019-24937,39.774528,-104.9223105,1/14/2019 12:29,12:29,5,0,0,HOLLY STREET NORTH & SMITH ROAD,1,1,0,0,1,1,,0,,0,0,0,0,0,4,1,13
,2019-24938,39.674844,-104.9129685,9/29/2019 17:30,17:30,15,0,0,ILIFF AVENUE EAST & MONACO PARKWAY SOUTH,1,1,0,0,1,1,,0,30,0,0,0,0,0,4,2,13
,2019-24939,39.682017,-104.9453595,2/17/2019 5:00,5:00,6,0,0,JEWELL AVENUE EAST & MONROE STREET SOUTH,1,3,0,0,1,3,,0,,0,0,0,0,0,4,2,13
,2019-24940,39.7319935,-104.98617,1/11/2019 11:00,11:00,6,0,0,LINCOLN STREET & 1600 BLOCK NORTH,2,1,0,1,1,4,,0,30,0,0,0,0,0,4,2,13
,2019-24941,39.7319935,-104.98617,5/16/2019 16:10,16:10,15,0,0,LINCOLN STREET NORTH & 1900 BLOCK NORTH,1,1,0,0,1,4,,0,35,0,0,0,0,0,4,2,1
,2019-24942,39.76557047,-105.0346221,4/13/2019 1:07,1:07,6,0,0,LOWELL BOULEVARD & 2400 BLOCK NORTH,2,3,0,1,1,4,,0,25,0,0,0,0,0,4,3,13
,2019-24943,39.691431,-104.912901,9/25/2019 8:32,8:32,1,0,0,MONACO STREET SOUTH & CHERRY CREEK NORTH DRIVE EAST,1,1,0,0,1,1,,0,35,0,0,0,0,0,4,2,13
,2019-24954,39.638785,-104.886114,1/1/2019 3:12,3:12,5,0,0,I225 SOUTHBOUND / WB COLLECTOR & YOSEMITE STREET SOUTH,5,3,1,2,3,7,,0,30,0,0,0,0,0,1,1,1
,2019-24959,39.741981,-104.892858,12/29/2019 8:10,8:10,6,0,0,16TH AVENUE 8200 BLOCK EAST & VALENCIA STREET NORTH,5,1,0,0,1,4,,0,,0,0,0,0,0,4,2,13
,2019-2496,39.740507,-105.013959,12/22/2019 12:34,12:34,12,0,2,I25 NORTHBOUND ON RAMP & COLFAX AVENUE WEST,1,1,0,0,1,7,,0,35,0,0,0,0,3,1,2,5
,2019-24960,39.75347,-104.9884,12/27/2019 6:45,6:45,5,0,0,22ND STREET & ARAPAHOE STREET,1,3,0,0,2,4,,0,,0,0,0,0,0,4,1,13
,2019-24961,39.73842,-104.97528,5/13/2019 14:15,14:15,3,0,1,OGDEN STREET NORTH & 14TH AVENUE EAST,1,1,0,0,1,1,,0,30,0,0,0,0,2,4,2,13
,2019-24962,39.658241,-104.940476,6/7/2019 11:17,11:17,1,0,0,COLORADO BOULEVARD SOUTH & EASTMAN AVENUE EAST,1,1,0,0,1,1,,0,40,0,0,0,0,0,2,2,13
,2019-24963,39.660303,-104.940565,2/13/2019 9:47,9:47,1,0,0,COLORADO BOULEVARD SOUTH & DARTMOUTH AVENUE,1,1,1,0,1,1,,0,35,0,0,0,0,0,2,2,13
,2019-24964,39.660303,-104.940565,6/24/2019 11:41,11:41,1,0,0,COLORADO BOULEVARD SOUTH & DARTMOUTH AVENUE,1,1,0,0,1,1,,0,35,0,0,0,0,0,2,2,13
,2019-24965,39.663462,-104.940595,8/19/2019 16:00,16:00,12,0,0,HIGHWAY 2 / COLORADO BOULEVARD SOUTH & CORNELL AVENUE,1,1,0,0,1,1,,0,35,0,0,0,0,0,2,2,3
,2019-24966,39.667466,-104.940609,4/22/2019 9:48,9:48,3,0,0,COLORADO BOULEVARD SOUTH & YALE AVENUE EAST,1,1,0,0,1,1,,0,30,0,0,0,0,0,2,2,13