id,drcog_id,latitude,longitude,crashtime,time,crashtype,numbkilled,numbinjurd,drcoglocat,rdconditin,lightngcon,roadcntgrd,weatherco,location,roaddescrp,schoolzone,constrzone,splimit,bikeinv,sctrinv,pedinv,motoinv,svrty,rdsystem,ttlvehcls,hcf
,2019-24967,39.668384,-104.940613,6/4/2019 18:30,18:30,15,0,0,COLORADO BOULEVARD SOUTH & YALE AVENUE EAST,1,1,0,0,1,1,,0,30,0,0,0,0,0,2,2,3
,2019-24968,39.668384,-104.940613,8/12/2019 15:30,15:30,12,0,0,YALE AVENUE  & COLORADO BOULEVARD SOUTH,1,1,0,0,1,1,,0,25,0,0,0,0,0,2,2,3
,2019-24969,39.668532,-104.940613,1/18/2019 10:57,10:57,3,0,0,COLORADO BOULEVARD SOUTH & YALE AVENUE EAST,4,1,0,2,1,2,,0,35,0,0,0,0,0,2,2,12
,2019-24970,39.669858,-104.940618,2/21/2019 12:26,12:26,12,0,0,COLORADO BOULEVARD 2400 BLOCK SOUTH & DICKENSON PLACE EAST,1,1,0,0,1,2,,0,35,0,0,0,0,0,2,2,13
,2019-24971,39.67194,-104.940626,3/20/2019 18:20,18:20,12,0,0,COLORADO BOULEVARD SOUTH & DICKENSON PLACE EAST,1,1,0,0,1,1,,0,35,0,0,0,0,0,2,2,13
,2019-24972,39.673237,-104.940631,11/12/2019 7:41,7:41,12,0,0,COLORADO BOULEVARD SOUTH & WESLEY AVENUE EAST,1,1,0,0,1,4,,0,45,0,0,0,0,0,2,2,13
,2019-24973,39.67488,-104.940644,7/26/2019 11:04,11:04,3,0,0,COLORADO BOULEVARD SOUTH & ILIFF AVENUE EAST,1,1,0,0,1,1,,0,30,0,0,0,0,0,2,3,12
,2019-24974,39.717395,-104.940627,4/1/2019 9:55,9:55,12,0,0,COLORADO BOULEVARD NORTH & FIRST AVENUE EAST,1,1,1,0,1,4,,0,35,0,0,0,0,0,2,2,1
,2019-24975,39.67488,-104.940644,9/20/2019 15:45,15:45,1,0,0,COLORADO BOULEVARD SOUTH & ILIFF AVENUE EAST,1,1,0,0,1,1,,0,35,0,0,0,0,0,2,2,1
,2019-24976,39.67488,-104.940644,9/27/2019 13:08,13:08,3,0,0,COLORADO BOULEVARD SOUTH & ILIFF AVENUE EAST,1,1,0,0,1,1,,0,40,0,0,0,0,0,2,2,13
,2019-24977,39.67488,-104.940644,12/12/2019 7:54,7:54,3,0,0,COLORADO BOULEVARD SOUTH & ILIFF AVENUE EAST,1,1,0,0,1,1,,0,30,0,0,0,0,0,2,2,13
,2019-24978,39.676627,-104.940637,4/10/2019 18:50,18:50,3,0,0,COLORADO BOULEVARD SOUTH & WARREN AVENUE EAST,4,3,0,0,1,1,,0,35,0,0,0,0,0,2,2,13
,2019-24979,39.676627,-104.940637,8/30/2019 17:49,17:49,10,0,1,HIGHWAY 2 / COLORADO BOULEVARD SOUTH & WARREN AVENUE EAST,1,1,0,0,1,1,,0,40,0,0,0,0,1,2,2,2
,2019-2498,39.625326,-104.9089095,12/4/2019 18:20,18:20,3,0,0,NIAGARA STREET SOUTH & CHENANGO AVENUE EAST,1,3,0,0,1,1,,0,25,0,0,0,0,0,4,2,13
,2019-24980,39.676776,-104.940636,6/20/2019 15:30,15:30,10,0,0,COLORADO BOULEVARD SOUTH & WARREN AVENUE EAST,1,1,0,0,1,2,,0,35,0,0,0,0,0,2,2,3
,2019-24981,39.677506,-104.940739,12/26/2019 13:18,13:18,15,0,0,COLORADO BOULEVARD SOUTH & EVANS AVENUE EAST / 2100 BLOCK SOUTH,1,1,0,0,1,4,,0,30,0,0,0,0,0,2,2,13
,2019-24982,39.678261,-104.94063,5/24/2019 9:45,9:45,15,0,0,COLORADO BOULEVARD SOUTH & EVANS AVENUE EAST,1,1,0,0,1,4,,0,35,0,0,0,0,0,2,2,13
,2019-24983,39.678409,-104.940629,1/10/2019 18:19,18:19,1,0,0,COLORADO BOULEVARD SOUTH & EVANS AVENUE EAST,1,3,0,0,1,1,,0,40,0,0,0,0,0,2,3,13
,2019-24984,39.678409,-104.940629,1/22/2019 17:43,17:43,1,0,0,COLORADO BOULEVARD SOUTH & EVANS AVENUE EAST,1,3,0,0,1,1,,0,35,0,0,0,0,0,2,2,13
,2019-24985,39.678409,-104.940629,1/30/2019 6:48,6:48,1,0,0,COLORADO BOULEVARD SOUTH & EVANS AVENUE EAST,1,2,0,0,1,1,,0,35,0,0,0,0,0,2,2,3
,2019-24986,39.678409,-104.940629,2/11/2019 13:00,13:00,1,0,0,COLORADO BOULEVARD SOUTH & EVANS AVENUE EAST,1,1,0,0,1,1,,0,35,0,0,0,0,0,2,2,13
,2019-24987,39.678409,-104.940629,2/19/2019 14:40,14:40,1,0,1,EVANS AVENUE EAST & COLORADO BOULEVARD SOUTH,1,1,0,0,1,1,,0,35,0,0,0,0,2,2,2,13
,2019-24988,39.678409,-104.940629,3/25/2019 18:00,18:00,12,0,0,EVANS AVENUE EAST & COLORADO BOULEVARD SOUTH,1,1,0,0,1,1,,0,30,0,0,0,0,0,2,2,13
,2019-24989,39.678409,-104.940629,4/9/2019 19:20,19:20,12,0,0,EVANS AVENUE EAST & COLORADO BOULEVARD SOUTH,1,2,0,0,1,1,,0,30,0,0,0,0,0,2,2,5
,2019-2499,39.725135,-105.012815,2/21/2019 23:08,23:08,5,0,0,I25 NORTHBOUND ON RAMP & SIXTH AVENUE,1,3,1,0,3,7,,0,65,0,0,0,0,0,1,1,1
,2019-24990,39.678409,-104.940629,4/25/2019 0:01,0:01,12,0,0,EVANS AVENUE EAST & COLORADO BOULEVARD SOUTH,1,3,0,0,1,1,,0,35,0,0,0,0,0,2,2,13
,2019-24991,39.678409,-104.940629,5/7/2019 17:10,17:10,12,0,0,EVANS AVENUE EAST & COLORADO BOULEVARD SOUTH,2,1,0,1,1,1,,0,35,0,0,0,0,0,2,2,3
,2019-24992,39.678409,-104.940629,6/12/2019 15:30,15:30,1,0,0,EVANS AVENUE EAST & COLORADO BOULEVARD SOUTH,1,1,0,0,1,1,,0,35,0,0,0,0,0,2,2,3
,2019-24993,39.678409,-104.940629,6/23/2019 6:44,6:44,3,0,0,EVANS AVENUE EAST & COLORADO BOULEVARD SOUTH,1,1,0,0,1,1,,0,40,0,0,0,0,0,2,2,13
,2019-24994,39.678409,-104.940629,6/23/2019 10:15,10:15,1,0,3,EVANS AVENUE EAST & COLORADO BOULEVARD SOUTH,1,1,0,0,1,1,,0,35,0,0,0,0,2,2,2,13
,2019-24995,39.678409,-104.940629,7/17/2019 19:20,19:20,12,0,0,EVANS AVENUE EAST & COLORADO BOULEVARD SOUTH,1,1,0,0,1,3,,0,30,0,0,0,0,0,2,2,12
,2019-24996,39.678409,-104.940629,9/8/2019 16:12,16:12,12,0,0,COLORADO BOULEVARD SOUTH & EVANS AVENUE EAST,1,1,0,0,1,1,,0,45,0,0,0,0,0,2,2,13
,2019-24997,39.678409,-104.940629,10/22/2019 18:35,18:35,1,0,0,EVANS AVENUE EAST & COLORADO BOULEVARD SOUTH,1,2,0,0,1,1,,0,15,0,0,0,0,0,2,2,13
,2019-24998,39.67841,-104.9407,11/2/2019 20:56,20:56,3,0,0,COLORADO BOULEVARD SOUTH & EVANS AVENUE EAST,1,3,0,0,1,1,,0,35,0,0,0,0,0,2,2,5
,2019-24999,39.678563,-104.94063,2/23/2019 14:21,14:21,12,0,0,COLORADO BOULEVARD & EVANS AVENUE EAST,2,1,0,0,1,3,,0,40,0,0,0,0,0,2,2,13
,2019-25000,39.67872,-104.940631,1/15/2019 7:15,7:15,15,0,0,COLORADO BOULEVARD SOUTH & EVANS AVENUE EAST,1,1,0,0,1,3,,0,35,0,0,0,0,0,2,2,13
,2019-25001,39.679033,-104.940633,5/31/2019 11:32,11:32,12,0,1,COLORADO BOULEVARD SOUTH & EVANS AVENUE EAST,1,1,0,0,1,4,,0,35,0,0,0,0,1,2,3,13
,2019-25002,39.680097,-104.940686,12/2/2019 17:00,17:00,12,0,0,BUCHTEL BOULEVARD EAST & COLORADO BOULEVARD SOUTH,5,1,0,0,1,1,,0,30,0,0,0,0,0,2,2,13
,2019-25003,39.683673,-104.940414,2/8/2019 9:54,9:54,15,0,0,COLORADO BOULEVARD SOUTH & I25 NORTHBOUND ON RAMP,2,1,1,0,1,1,,0,35,0,0,0,0,0,2,2,13
,2019-25004,39.683673,-104.940414,3/14/2019 11:19,11:19,1,0,0,COLORADO BOULEVARD SOUTH & I25 NORTHBOUND ON RAMP,1,1,1,0,1,1,,0,35,0,0,0,0,0,2,2,13
,2019-25005,39.683673,-104.940414,7/19/2019 21:15,21:15,12,0,0,COLORADO BOULEVARD SOUTH & I25 NORTHBOUND ON RAMP,1,3,0,0,1,1,,0,40,0,0,0,0,0,2,2,13
,2019-25006,39.683673,-104.940414,7/29/2019 8:51,8:51,1,0,0,COLORADO BOULEVARD SOUTH & I25 NORTHBOUND ON RAMP,1,1,1,0,1,1,,0,40,0,0,0,0,0,2,2,13
,2019-25007,39.683673,-104.940414,10/3/2019 15:08,15:08,3,0,0,COLORADO BOULEVARD SOUTH & I25 NORTHBOUND RAMPS,1,1,1,0,1,1,,0,55,0,0,0,0,0,2,2,1
,2019-25008,39.685667,-104.940548,5/2/2019 15:35,15:35,12,0,0,COLORADO BOULEVARD SOUTH & MEXICO AVENUE EAST,1,1,0,0,1,1,,0,35,0,0,0,0,0,2,3,12
,2019-25009,39.685667,-104.940548,7/8/2019 8:40,8:40,12,0,0,COLORADO BOULEVARD SOUTH & MEXICO AVENUE EAST,1,1,0,0,1,1,,0,40,0,0,0,0,0,2,3,13
,2019-25010,39.685667,-104.940548,7/27/2019 22:16,22:16,1,0,0,COLORADO BOULEVARD SOUTH & MEXICO AVENUE EAST,1,3,0,0,1,1,,0,35,0,0,0,0,0,2,2,5
,2019-25011,39.685667,-104.940548,9/3/2019 12:31,12:31,3,0,0,HIGHWAY 2 / COLORADO BOULEVARD SOUTH & MEXICO AVENUE EAST,1,1,0,0,1,1,,0,30,0,0,0,0,0,2,2,13
,2019-25012,39.685667,-104.940548,9/10/2019 19:00,19:00,12,0,0,HIGHWAY 2 / COLORADO BOULEVARD SOUTH & MEXICO AVENUE EAST,1,1,0,0,1,1,,0,35,0,0,0,0,0,2,2,3
,2019-25013,39.73515,-104.940618,9/3/2019 14:45,14:45,3,0,0,COLORADO BOULEVARD NORTH & 12TH AVENUE,1,1,0,0,1,1,,0,35,0,0,0,0,0,2,2,13
,2019-25014,39.685827,-104.940548,4/11/2019 12:50,12:50,15,0,0,COLORADO BOULEVARD SOUTH & MEXICO AVENUE EAST,1,1,0,0,1,4,,0,35,0,0,0,0,0,2,2,13
,2019-25015,39.685827,-104.940548,9/12/2019 19:50,19:50,3,0,0,HIGHWAY 2 / COLORADO BOULEVARD SOUTH & MEXICO AVENUE EAST,1,3,1,0,1,2,,0,35,0,0,0,0,0,2,2,13
,2019-25016,39.685827,-104.940548,10/18/2019 13:30,13:30,12,0,1,COLORADO BOULEVARD SOUTH & MEXICO AVENUE EAST,1,1,0,0,1,3,,0,35,0,0,0,0,1,2,2,7
,2019-25017,39.685827,-104.940548,12/2/2019 12:49,12:49,12,0,0,COLORADO BOULEVARD SOUTH & MEXICO AVENUE EAST,2,1,1,0,1,4,,0,35,0,0,0,0,0,2,2,3
,2019-25018,39.685985,-104.940548,1/25/2019 17:00,17:00,12,0,0,COLORADO BOULEVARD SOUTH & MEXICO AVENUE EAST,1,3,0,0,1,4,,0,35,0,0,0,0,0,2,3,13
,2019-25019,39.686302,-104.940548,10/23/2019 18:00,18:00,15,0,0,COLORADO BOULEVARD SOUTH & MEXICO AVENUE EAST,4,3,1,2,1,4,,0,45,0,0,0,0,0,2,2,7
,2019-2502,39.740008,-104.973453,1/5/2019 23:25,23:25,11,0,1,DOWNING STREET  & COLFAX AVENUE EAST,1,3,0,0,1,1,,0,25,0,0,1,0,2,2,2,3
,2019-25020,39.687411,-104.940549,9/14/2019 21:26,21:26,15,0,0,HIGHWAY 2 / COLORADO BOULEVARD SOUTH & IOWA AVENUE EAST,1,3,1,0,1,3,,0,40,0,0,0,0,0,2,2,3
,2019-25021,39.687564,-104.940549,4/22/2019 17:52,17:52,1,0,0,COLORADO BOULEVARD SOUTH & IOWA AVENUE EAST,1,1,1,0,1,1,,0,30,0,0,0,0,0,2,2,13
,2019-25022,39.687564,-104.940549,7/2/2019 17:51,17:51,1,0,1,COLORADO BOULEVARD SOUTH & IOWA AVENUE EAST,1,1,0,0,1,1,,0,35,0,0,0,0,1,2,2,13
,2019-25023,39.689321,-104.940549,5/9/2019 12:20,12:20,12,0,0,COLORADO BOULEVARD SOUTH & FLORIDA AVENUE EAST,1,1,0,0,1,1,,0,35,0,0,0,0,0,2,3,12
,2019-25024,39.689321,-104.940549,6/8/2019 9:02,9:02,3,0,0,COLORADO BOULEVARD SOUTH & FLORIDA AVENUE EAST,1,1,0,0,1,1,,0,40,0,0,0,0,0,2,2,1
,2019-25025,39.689321,-104.940549,6/12/2019 18:10,18:10,3,0,0,COLORADO BOULEVARD SOUTH & FLORIDA AVENUE EAST,1,1,0,0,1,1,,0,40,0,0,0,0,0,2,2,14
,2019-25026,39.689321,-104.940549,7/27/2019 12:20,12:20,3,0,0,COLORADO BOULEVARD SOUTH & FLORIDA AVENUE EAST,1,1,0,0,1,1,,0,35,0,0,0,0,0,2,3,13
,2019-25027,39.689321,-104.940549,8/13/2019 16:00,16:00,12,0,0,FLORIDA AVENUE EAST & COLORADO BOULEVARD SOUTH,1,1,0,0,1,3,,0,35,0,0,0,0,0,2,2,12
,2019-25028,39.689321,-104.940549,10/25/2019 16:00,16:00,12,0,0,COLORADO BOULEVARD SOUTH & FLORIDA AVENUE EAST,1,1,0,0,1,1,,0,35,0,0,0,0,0,2,2,13
,2019-25029,39.689321,-104.940549,11/2/2019 17:16,17:16,12,0,0,FLORIDA AVENUE EAST & COLORADO BOULEVARD SOUTH,1,1,0,0,1,1,,0,25,0,0,0,0,0,2,2,2
,2019-2503,39.785733,-104.8830885,1/10/2019 14:20,14:20,15,0,0,NORTHFIELD BOULEVARD & CENTRAL PARK BOULEVARD,1,1,0,0,1,1,,0,35,0,0,0,0,0,4,2,13
,2019-25030,39.689321,-104.940549,11/3/2019 22:20,22:20,3,0,1,FLORIDA AVENUE EAST & COLORADO BOULEVARD SOUTH,1,3,0,0,1,1,,0,45,0,0,0,0,2,2,2,1
,2019-25031,39.68931,-104.9406,12/1/2019 17:00,17:00,12,0,0,FLORIDA AVENUE EAST & COLORADO BOULEVARD SOUTH,5,3,0,2,1,1,,0,30,0,0,0,0,0,2,2,14
,2019-25032,39.738302,-104.940614,9/12/2019 0:54,0:54,5,0,0,COLORADO 1300 BLOCK NORTH & 14TH AVENUE EAST,2,3,0,0,2,1,,0,35,0,0,0,0,0,2,1,5
,2019-25033,39.68976,-104.940549,10/25/2019 7:02,7:02,12,0,1,COLORADO BOULEVARD SOUTH & FLORIDA AVENUE EAST,1,2,0,0,1,4,,0,35,0,0,0,0,1,2,2,3
,2019-25034,39.690052,-104.940549,6/22/2019 9:09,9:09,15,0,1,COLORADO BOULEVARD SOUTH & ARKANSAS AVENUE EAST,2,1,1,1,1,2,,0,35,0,0,0,0,2,2,2,13
,2019-25035,39.691076,-104.94055,1/7/2019 13:05,13:05,12,0,0,COLORADO BOULEVARD SOUTH & ARKANSAS AVENUE EAST,1,1,0,0,1,1,,0,40,0,0,0,0,0,2,2,13
,2019-25036,39.691076,-104.94055,9/19/2019 11:30,11:30,12,0,1,COLORADO BOULEVARD SOUTH & ARKANSAS AVENUE EAST,1,1,0,0,1,1,,0,35,0,0,0,0,1,2,3,13
,2019-25037,39.691223,-104.94055,8/31/2019 13:20,13:20,12,0,0,HIGHWAY 2 / COLORADO BOULEVARD SOUTH & ARKANSAS AVENUE EAST,1,1,0,0,1,4,,0,35,0,0,0,0,0,2,3,13
,2019-25038,39.691668,-104.94055,5/8/2019 9:16,9:16,12,0,1,COLORADO BOULEVARD SOUTH & ARKANSAS AVENUE EAST,2,1,1,1,1,4,,0,35,0,0,0,0,2,2,2,3
,2019-25039,39.692705,-104.94055,9/20/2019 21:37,21:37,12,0,0,COLORADO BOULEVARD SOUTH & LOUISIANA AVENUE EAST,1,3,0,0,1,3,,0,35,0,0,0,0,0,2,2,3
,2019-25040,39.692853,-104.94055,2/26/2019 14:37,14:37,12,0,1,COLORADO BOULEVARD & LOUISIANA AVENUE,1,1,0,0,1,3,,0,35,0,0,0,0,1,2,2,1
,2019-25041,39.692853,-104.94055,6/12/2019 11:50,11:50,12,0,0,COLORADO BOULEVARD SOUTH & LOUISIANA AVENUE EAST,1,1,0,0,1,3,,0,35,0,0,0,0,0,2,3,8
,2019-25042,39.692853,-104.94055,8/28/2019 13:49,13:49,15,0,0,HIGHWAY 2 / COLORADO BOULEVARD SOUTH & LOUISIANA AVENUE EAST,1,1,1,0,1,3,,0,35,0,0,0,0,0,2,2,8
,2019-25043,39.692939,-104.940633,11/6/2019 19:52,19:52,12,0,0,COLORADO BOULEVARD SOUTH & LOUISIANA AVENUE EAST,1,3,1,0,1,4,,0,40,0,0,0,0,0,2,2,13
,2019-25044,39.692997,-104.94055,1/2/2019 18:20,18:20,1,0,0,COLORADO BOULEVARD SOUTH & LOUISIANA AVENUE EAST,6,3,0,0,1,1,,0,30,0,0,0,0,0,2,2,13
,2019-25045,39.692997,-104.94055,1/14/2019 16:10,16:10,12,0,0,COLORADO BOULEVARD SOUTH & LOUISIANA AVENUE EAST,1,1,0,0,1,1,,0,35,0,0,0,0,0,2,3,7
,2019-25046,39.692997,-104.94055,1/31/2019 16:07,16:07,3,0,0,LOUISIANA AVENUE EAST & COLORADO BOULEVARD SOUTH,1,2,0,0,1,1,,0,35,0,0,0,0,0,2,2,13
,2019-25047,39.692997,-104.94055,2/9/2019 15:30,15:30,12,0,0,COLORADO BOULEVARD SOUTH & LOUISIANA AVENUE EAST,1,1,0,0,1,1,,0,35,0,0,0,0,0,2,2,13
,2019-25048,39.692997,-104.94055,3/26/2019 18:20,18:20,12,0,0,COLORADO BOULEVARD SOUTH & LOUISIANA AVENUE EAST,1,1,0,0,1,1,,0,35,0,0,0,0,0,2,2,3
,2019-25049,39.692997,-104.94055,5/20/2019 16:58,16:58,12,0,1,COLORADO BOULEVARD SOUTH & LOUISIANA AVENUE EAST,2,1,0,1,1,1,,0,35,0,0,0,0,1,2,3,13
,2019-25050,39.692997,-104.94055,8/14/2019 12:54,12:54,12,0,0,COLORADO BOULEVARD SOUTH & LOUISIANA AVENUE EAST,1,1,1,0,1,1,,0,40,0,0,0,0,0,2,2,13
,2019-25051,39.692997,-104.94055,11/11/2019 15:20,15:20,12,0,0,LOUISIANA AVENUE EAST & COLORADO BOULEVARD SOUTH,1,1,0,0,1,1,,0,25,0,0,0,0,0,2,2,3
,2019-25052,39.693135,-104.94055,10/3/2019 14:27,14:27,12,0,0,COLORADO BOULEVARD SOUTH & LOUISIANA AVENUE EAST,1,1,1,0,1,3,,0,35,0,0,0,0,0,2,2,3
,2019-25053,39.69341,-104.94055,2/16/2019 17:13,17:13,12,0,1,COLORADO BOULEVARD SOUTH & LOUISIANA AVENUE EAST / 1200 BLOCK SOUTH,1,1,0,0,1,4,,0,35,0,0,0,0,1,2,3,5
,2019-25054,39.694786,-104.940551,2/22/2019 12:48,12:48,1,0,0,COLORADO BOULEVARD SOUTH & ARIZONA AVENUE EAST,1,1,0,0,1,1,,0,35,0,0,0,0,0,2,2,13
,2019-25055,39.694786,-104.940551,4/21/2019 10:05,10:05,3,0,0,COLORADO BOULEVARD SOUTH & ARIZONA AVENUE EAST,1,1,0,0,1,1,,0,35,0,0,0,0,0,2,2,3
,2019-25056,39.694786,-104.940551,8/20/2019 17:15,17:15,3,0,0,COLORADO BOULEVARD SOUTH & ARIZONA AVENUE EAST,1,1,0,0,1,1,,0,25,0,0,0,0,0,2,2,13
,2019-25057,39.694911,-104.940551,11/25/2019 10:10,10:10,12,0,0,COLORADO BOULEVARD SOUTH & ARIZONA AVENUE EAST / 1100 BLOCK SOUTH,1,1,1,0,1,4,,0,35,0,0,0,0,0,2,2,13
,2019-25058,39.694756,-104.940633,12/15/2019 1:15,1:15,12,0,0,COLORADO BOULEVARD SOUTH & ARIZONA AVENUE EAST,1,3,0,0,1,4,,0,,0,0,0,0,0,2,2,13
,2019-25059,39.695289,-104.940551,5/3/2019 13:22,13:22,12,0,0,COLORADO BOULEVARD SOUTH & MISSISSIPPI AVENUE EAST,1,1,0,0,1,4,,0,40,0,0,0,0,0,2,2,13
,2019-25061,39.696625,-104.940562,2/27/2019 18:10,18:10,15,0,0,MISSISSIPPI AVENUE EAST & COLORADO BOULEVARD SOUTH,1,3,0,0,1,1,,0,25,0,0,0,0,0,2,2,13
,2019-25062,39.696625,-104.940562,3/14/2019 12:22,12:22,3,0,0,COLORADO BOULEVARD SOUTH & MISSISSIPPI AVENUE EAST,1,1,0,0,1,1,,0,35,0,0,0,0,0,2,2,3
,2019-25063,39.696625,-104.940562,3/14/2019 14:28,14:28,3,0,0,COLORADO BOULEVARD SOUTH & MISSISSIPPI AVENUE EAST,2,1,0,0,1,1,,0,30,0,0,0,0,0,2,2,13
,2019-25064,39.696625,-104.940562,4/3/2019 14:10,14:10,12,0,0,COLORADO BOULEVARD SOUTH & MISSISSIPPI AVENUE EAST,1,1,0,0,1,1,,0,35,0,0,0,0,0,2,2,3
,2019-25065,39.696625,-104.940562,9/12/2019 22:38,22:38,12,0,0,COLORADO BOULEVARD SOUTH & MISSISSIPPI AVENUE EAST,1,3,0,0,1,1,,0,40,0,0,0,0,0,2,2,5
,2019-25066,39.696625,-104.940562,10/5/2019 10:57,10:57,12,0,0,COLORADO BOULEVARD SOUTH & MISSISSIPPI AVENUE EAST,1,1,0,0,1,1,,0,45,0,0,0,0,0,2,2,1
,2019-25067,39.696625,-104.940562,10/17/2019 21:35,21:35,12,0,1,COLORADO BOULEVARD SOUTH & MISSISSIPPI AVENUE EAST,1,3,0,0,1,1,,0,40,0,0,0,0,1,2,2,5
,2019-2507,39.785733,-104.8830885,1/13/2019 13:35,13:35,3,0,0,NORTHFIELD BOULEVARD EAST & CENTRAL PARK BOULEVARD NORTH,1,1,0,0,1,3,,0,40,0,0,0,0,0,4,2,14
,2019-25075,39.71779,-104.9407,11/24/2019 3:56,3:56,1,0,0,COLORADO BOULEVARD NORTH & FIRST AVENUE EAST,1,3,0,0,1,1,,0,40,0,0,0,0,0,2,2,14
,2019-2508,39.743253,-104.9924475,4/7/2019 11:36,11:36,11,0,0,15TH STREET & 550 15TH STREET,1,1,0,0,1,5,,0,,0,1,1,0,0,4,2,13
,2019-25083,39.711365,-104.940627,4/15/2019 10:41,10:41,12,0,0,COLORADO BOULEVARD SOUTH & ALAMEDA AVENUE EAST,1,1,0,0,1,4,,0,40,0,0,0,0,0,2,2,13
,2019-25084,39.711365,-104.940627,5/20/2019 20:25,20:25,12,0,0,COLORADO BOULEVARD SOUTH & ALAMEDA AVENUE EAST,4,3,0,2,1,4,,0,35,0,0,0,0,0,2,2,13
,2019-25085,39.737465,-104.940598,9/25/2019 17:00,17:00,15,0,0,COLORADO BOULEVARD NORTH & 1300 BLOCK NORTH,1,1,0,0,1,4,,0,35,0,0,0,0,0,2,2,14
,2019-25086,39.711365,-104.940627,11/30/2019 9:46,9:46,3,0,0,COLORADO BOULEVARD SOUTH & ALAMEDA AVENUE EAST,5,1,0,0,1,2,,0,35,0,0,0,0,0,2,2,13
,2019-25087,39.71149,-104.940627,1/10/2019 20:20,20:20,15,0,0,ALAMEDA AVENUE EAST & COLORADO BOULEVARD SOUTH,1,3,0,0,1,1,,0,30,0,0,0,0,0,2,2,8
,2019-25088,39.71149,-104.940627,1/23/2019 14:16,14:16,1,0,0,ALAMEDA AVENUE EAST & COLORADO BOULEVARD SOUTH,1,1,0,0,1,1,,0,30,0,0,0,0,0,2,2,13
,2019-25089,39.71149,-104.940627,1/28/2019 1:01,1:01,12,0,0,ALAMEDA AVENUE EAST & COLORADO BOULEVARD SOUTH,1,3,0,0,1,1,,0,30,0,0,0,0,0,2,2,5
,2019-25090,39.71149,-104.940627,2/12/2019 6:30,6:30,12,0,0,COLORADO BOULEVARD SOUTH & ALAMEDA AVENUE EAST,1,1,0,0,1,1,,0,35,0,0,0,0,0,2,2,13
,2019-25091,39.71149,-104.940627,2/18/2019 5:33,5:33,3,0,0,ALAMEDA AVENUE EAST & COLORADO BOULEVARD SOUTH,5,3,0,2,1,1,,0,35,0,0,0,0,0,2,2,13
,2019-25092,39.71149,-104.940627,2/19/2019 20:38,20:38,5,0,0,ALAMEDA AVENUE EAST & COLORADO BOULEVARD SOUTH,2,3,0,1,2,1,,0,30,0,0,0,0,0,2,1,5
,2019-25093,39.71149,-104.940627,5/20/2019 15:24,15:24,12,0,0,ALAMEDA AVENUE EAST & COLORADO BOULEVARD SOUTH,2,1,0,1,1,1,,0,35,0,0,0,0,0,2,2,7
,2019-25094,39.71149,-104.940627,6/22/2019 21:52,21:52,3,0,0,COLORADO BOULEVARD SOUTH & ALAMEDA AVENUE EAST,2,3,0,1,1,1,,0,40,0,0,0,0,0,2,2,5
,2019-25095,39.71149,-104.940627,7/8/2019 19:45,19:45,12,0,0,ALAMEDA AVENUE EAST & COLORADO BOULEVARD SOUTH,1,1,0,0,1,1,,0,30,0,0,0,0,0,2,2,3
,2019-25096,39.71149,-104.940627,7/29/2019 15:15,15:15,12,0,0,ALAMEDA AVENUE EAST  & COLORADO BOULEVARD SOUTH,1,1,0,0,1,1,,0,35,0,0,0,0,0,2,2,13
,2019-25097,39.71149,-104.940627,8/1/2019 19:00,19:00,12,0,0,ALAMEDA AVENUE EAST  & COLORADO BOULEVARD SOUTH,1,1,0,0,1,1,,0,35,0,0,0,0,0,2,2,1
,2019-25098,39.71149,-104.940627,8/3/2019 15:05,15:05,9,0,0,COLORADO BOULEVARD SOUTH & ALAMEDA AVENUE EAST,1,1,0,0,1,1,,0,35,0,0,0,0,0,2,2,13
,2019-25099,39.71149,-104.940627,8/5/2019 15:30,15:30,12,0,0,COLORADO BOULEVARD SOUTH & ALAMEDA AVENUE EAST,1,1,0,0,1,1,,0,35,0,0,0,0,0,2,2,3
,2019-25100,39.71149,-104.940627,9/8/2019 15:55,15:55,5,0,0,COLORADO BOULEVARD SOUTH & ALAMEDA AVENUE EAST,1,1,0,0,3,1,,0,35,0,0,0,0,0,2,1,1
,2019-25101,39.71149,-104.940627,11/12/2019 22:52,22:52,12,0,1,ALAMEDA AVENUE EAST & COLORADO BOULEVARD SOUTH,1,3,0,0,1,1,,0,35,0,0,0,0,1,2,2,5
,2019-25102,39.71156,-104.9407,12/30/2019 16:00,16:00,15,0,0,ALAMEDA AVENUE EAST & COLORADO BOULEVARD SOUTH,1,1,0,0,1,1,,0,30,0,0,0,0,0,2,2,13
,2019-25104,39.711621,-104.940627,3/22/2019 15:41,15:41,15,0,0,COLORADO BOULEVARD SOUTH & ALAMEDA AVENUE EAST,1,1,0,1,1,4,,0,40,0,0,0,0,0,2,2,7
,2019-25105,39.711621,-104.940627,9/10/2019 9:04,9:04,12,0,0,HIGHWAY 2 / COLORADO BOULEVARD SOUTH & ALAMEDA AVENUE EAST,1,1,0,0,1,3,,0,35,0,0,0,0,0,2,2,13
,2019-25107,39.711621,-104.940627,9/30/2019 12:51,12:51,15,0,0,COLORADO BOULEVARD SOUTH & ALAMEDA AVENUE EAST,1,1,0,0,1,3,,0,35,0,0,0,0,0,2,3,1
,2019-25108,39.711621,-104.940627,11/20/2019 16:21,16:21,12,0,0,COLORADO BOULEVARD SOUTH & ALAMEDA AVENUE EAST / 200 BLOCK SOUTH,9,3,0,2,1,4,,0,35,0,0,0,0,0,2,2,13