id,drcog_id,latitude,longitude,crashtime,time,crashtype,numbkilled,numbinjurd,drcoglocat,rdconditin,lightngcon,roadcntgrd,weatherco,location,roaddescrp,schoolzone,constrzone,splimit,bikeinv,sctrinv,pedinv,motoinv,svrty,rdsystem,ttlvehcls,hcf
,2019-25109,39.711758,-104.940628,3/16/2019 11:00,11:00,15,0,0,COLORADO BOULEVARD SOUTH & ALAMEDA AVENUE EAST / 200 BLOCK SOUTH,1,1,0,0,1,4,,0,35,0,0,0,0,0,2,2,13
,2019-2511,39.635523,-104.89346,10/26/2019 6:03,6:03,5,0,1,I225 & TAMARAC STREET SOUTH,1,3,0,0,3,4,,0,65,0,0,0,0,3,1,1,13
,2019-25110,39.714615,-104.940629,4/5/2019 8:17,8:17,12,0,0,BAYAUD AVENUE EAST & COLORADO BOULEVARD SOUTH,1,1,1,0,1,1,,0,30,0,0,0,0,0,2,2,13
,2019-25111,39.729581,-104.940692,8/9/2019 7:50,7:50,15,0,0,HIGHWAY 2 / COLORADO BOULEVARD NORTH & 800 BLOCK NORTH,1,1,0,0,1,4,,1,35,0,0,0,0,0,2,2,13
,2019-25112,39.714615,-104.940629,5/23/2019 7:26,7:26,3,0,1,COLORADO BOULEVARD SOUTH & BAYAUD AVENUE EAST,1,1,0,0,1,1,,0,35,0,0,0,0,1,2,2,3
,2019-25113,39.714615,-104.940629,7/12/2019 11:53,11:53,15,0,0,COLORADO BOULEVARD SOUTH & BAYAUD AVENUE EAST,1,1,0,0,1,1,,0,35,0,0,0,0,0,2,2,13
,2019-25114,39.714644,-104.940694,8/13/2019 11:47,11:47,1,0,0,COLORADO BOULEVARD SOUTH & BAYAUD AVENUE EAST,1,1,1,0,1,1,,0,35,0,0,0,0,0,2,2,13
,2019-25115,39.714615,-104.940629,8/23/2019 10:34,10:34,1,0,0,HIGHWAY 2 / COLORADO BOULEVARD SOUTH & BAYAUD AVENUE EAST,1,1,0,0,1,1,,0,35,0,0,0,0,0,2,2,13
,2019-25116,39.714615,-104.940629,11/11/2019 17:30,17:30,12,0,0,BAYAUD AVENUE EAST & COLORADO BOULEVARD SOUTH,1,3,0,0,1,1,,0,25,0,0,0,0,0,2,2,3
,2019-25117,39.714615,-104.940629,12/2/2019 14:00,14:00,12,0,0,BAYAUD AVENUE EAST & COLORADO BOULEVARD NORTH,5,1,0,0,1,1,,0,25,0,0,0,0,0,2,2,3
,2019-25118,39.714644,-104.940417,12/23/2019 14:00,14:00,12,0,0,BAYAUD AVENUE EAST & COLORADO BOULEVARD SOUTH,1,1,0,0,1,1,,0,25,0,0,0,0,0,2,2,3
,2019-25119,39.714913,-104.940628,3/11/2019 19:08,19:08,12,0,1,LEETSDALE DRIVE EAST & COLORADO BOULEVARD SOUTH,1,3,0,0,1,1,,0,30,0,0,0,0,1,2,2,13
,2019-2512,39.713599,-105.000331,3/24/2019 2:05,2:05,5,0,1,I25 SOUTHBOUND & ALAMEDA AVENUE WEST,1,3,0,0,1,7,,0,45,0,0,0,0,3,1,1,13
,2019-25120,39.71501,-104.940628,9/19/2019 12:40,12:40,12,0,1,LEETSDALE DRIVE & COLORADO BOULEVARD SOUTH,1,1,0,0,1,1,,0,35,0,0,0,0,1,2,2,13
,2019-25121,39.714913,-104.940628,11/20/2019 12:30,12:30,12,0,0,LEETSDALE DRIVE & COLORADO BOULEVARD SOUTH,1,1,0,0,1,1,,0,35,0,0,0,0,0,2,2,3
,2019-25122,39.715064,-104.940697,12/24/2019 12:10,12:10,12,0,1,LEETSDALE DRIVE & COLORADO BOULEVARD SOUTH,1,1,0,0,1,1,,0,35,0,0,0,0,1,2,2,8
,2019-25123,39.71521,-104.940627,3/19/2019 12:33,12:33,15,0,0,COLORADO BOULEVARD SOUTH & LEETSDALE DRIVE,1,1,0,0,1,4,,0,35,0,0,0,0,0,2,2,13
,2019-25124,39.715508,-104.940627,1/22/2019 16:53,16:53,15,0,0,COLORADO BOULEVARD SOUTH & LEETSDALE DRIVE,1,1,0,0,1,4,,0,35,0,0,0,0,0,2,2,13
,2019-25125,39.716252,-104.940627,9/10/2019 17:00,17:00,12,0,0,ELLSWORTH AVENUE EAST & COLORADO BOULEVARD NORTH,1,1,0,0,1,1,,0,25,0,0,0,0,0,2,2,3
,2019-25126,39.716395,-104.940627,8/16/2019 7:33,7:33,12,0,0,HIGHWAY 2 / COLORADO BOULEVARD SOUTH & ELLSWORTH AVENUE EAST,1,1,0,0,1,3,,0,35,0,0,0,0,0,2,2,13
,2019-25127,39.717538,-104.940628,3/21/2019 11:40,11:40,15,0,0,COLORADO BOULEVARD NORTH & FIRST AVENUE EAST,1,1,0,0,1,4,,0,35,0,0,0,0,0,2,2,3
,2019-25128,39.717538,-104.940628,6/27/2019 12:45,12:45,12,0,0,COLORADO BOULEVARD SOUTH & FIRST AVENUE EAST,1,1,0,0,1,4,,0,30,0,0,0,0,0,2,2,13
,2019-25129,39.717824,-104.940628,1/30/2019 16:35,16:35,12,0,0,COLORADO BOULEVARD NORTH & FIRST AVENUE EAST,1,1,0,0,1,1,,0,35,0,0,0,0,0,2,3,13
,2019-25130,39.717824,-104.940628,3/14/2019 8:39,8:39,1,0,0,COLORADO BOULEVARD NORTH & FIRST AVENUE EAST,6,1,0,0,1,1,,0,35,0,0,0,0,0,2,2,13
,2019-25131,39.717824,-104.940628,5/21/2019 16:25,16:25,12,0,0,FIRST AVENUE EAST & COLORAOD BOULEVARD NORTH,1,1,0,0,1,1,,0,30,0,0,0,0,0,2,2,13
,2019-25132,39.717824,-104.940628,7/9/2019 16:00,16:00,12,0,0,COLORADO BOULEVARD NORTH & FIRST AVENUE EAST,1,1,0,0,1,1,,0,30,0,0,0,0,0,2,2,3
,2019-25133,39.720471,-104.940629,2/14/2019 18:14,18:14,15,0,0,COLORADO BOULEVARD NORTH & THIRD AVENUE EAST / 200 BLOCK NORTH,1,3,0,0,1,4,,0,40,0,0,0,0,0,2,2,13
,2019-25134,39.717824,-104.940628,10/4/2019 23:30,23:30,12,0,0,COLORADO BOULEVARD NORTH & FIRST AVENUE EAST,1,3,0,0,1,1,,0,40,0,0,0,0,0,2,3,13
,2019-25135,39.717824,-104.940628,10/8/2019 18:55,18:55,1,0,0,COLORADO BOULEVARD NORTH & FIRST AVENUE EAST,1,3,0,0,1,1,,0,35,0,0,0,0,0,2,3,14
,2019-25136,39.71797,-104.940628,1/2/2019 12:10,12:10,12,0,0,COLORADO BOULEVARD NORTH & FIRST AVENUE EAST / 100 BLOCK NORTH,1,1,1,0,1,3,,0,35,0,0,0,0,0,2,3,3
,2019-25137,39.71797,-104.940628,7/27/2019 8:39,8:39,12,0,0,COLORADO BOULEVARD NORTH & FIRST AVENUE EAST,1,1,1,0,1,3,,0,30,0,0,0,0,0,2,2,14
,2019-25138,39.71797,-104.940628,8/22/2019 17:42,17:42,12,0,0,HIGHWAY 2 / COLORADO BOULEVARD NORTH & FIRST AVENUE EAST,1,1,0,0,1,3,,0,40,0,0,0,0,0,2,3,5
,2019-25139,39.71797,-104.940628,9/9/2019 16:05,16:05,12,0,0,HIGHWAY 2 / COLORADO BOULEVARD NORTH & FIRST AVENUE EAST,1,1,1,0,1,3,,0,35,0,0,0,0,0,2,2,13
,2019-25140,39.71797,-104.940628,10/4/2019 23:15,23:15,12,0,0,COLORADO BOULEVARD NORTH & FIRST AVENUE EAST,1,3,1,0,1,3,,0,40,0,0,0,0,0,2,2,3
,2019-25141,39.718116,-104.940628,4/6/2019 10:30,10:30,12,0,0,COLORADO BOULEVARD NORTH & FIRST AVENUE EAST,1,1,0,0,1,4,,0,35,0,0,0,0,0,2,2,13
,2019-25142,39.719431,-104.940628,5/9/2019 12:22,12:22,12,0,0,COLORADO BOULEVARD NORTH & SECOND AVENUE EAST,1,1,0,0,1,1,,0,35,0,0,0,0,0,2,3,1
,2019-25143,39.719431,-104.940628,9/17/2019 17:30,17:30,12,0,0,HIGHWAY 2 / COLORADO BOULEVARD NORTH & SECOND AVENUE EAST,1,1,0,0,1,1,,0,35,0,0,0,0,0,2,4,3
,2019-25144,39.720916,-104.940629,1/10/2019 15:15,15:15,3,0,0,COLORADO BOULEVARD NORTH & THIRD AVENUE EAST,1,1,0,0,1,1,,0,30,0,0,0,0,0,2,2,8
,2019-25145,39.720916,-104.940629,3/13/2019 11:07,11:07,3,0,0,COLORADO BOULEVARD NORTH & THIRD AVENUE EAST,6,1,0,2,1,1,,0,35,0,0,0,0,0,2,2,14
,2019-25146,39.720916,-104.940629,6/19/2019 15:38,15:38,1,0,0,THIRD AVENUE EAST & COLORADO BOULEVARD NORTH,1,1,0,0,1,1,,0,35,0,0,0,0,0,2,2,13
,2019-25147,39.720916,-104.940629,11/8/2019 13:38,13:38,1,0,0,COLORADO BOULEVARD NORTH & THIRD AVENUE EAST,1,1,1,0,1,1,,0,30,0,0,0,0,0,2,2,13
,2019-25148,39.720961,-104.940703,12/20/2019 22:11,22:11,1,0,1,THIRD AVENUE EAST & COLORADO BOULEVARD NORTH,1,3,0,0,1,1,,0,35,0,0,0,0,1,2,2,7
,2019-25149,39.721611,-104.940629,5/31/2019 11:20,11:20,15,0,0,COLORADO BOULEVARD NORTH & FOURTH AVENUE,1,1,0,0,1,4,,0,30,0,0,0,0,0,2,2,13
,2019-2515,39.65302,-104.875566,11/12/2019 15:00,15:00,11,0,1,HAMPDEN AVENUE EAST & DAYTON STREET SOUTH,1,1,0,0,1,1,,0,45,0,0,1,0,2,2,2,13
,2019-25150,39.72175,-104.940629,10/16/2019 7:50,7:50,12,0,0,COLORADO BOULEVARD NORTH & THIRD AVENUE EAST,1,1,0,0,1,4,,0,35,0,0,0,0,0,2,2,5
,2019-25152,39.722588,-104.940629,5/23/2019 9:23,9:23,15,0,0,COLORADO BOULEVARD & FOURTH AVENUE,1,1,0,0,1,1,,0,35,0,0,0,0,0,2,2,13
,2019-25153,39.72292,-104.940629,2/27/2019 22:57,22:57,15,0,0,COLORADO BOULEVARD NORTH & SIXTH AVENUE EAST,1,3,0,0,1,4,,0,35,0,0,0,0,0,2,2,13
,2019-25154,39.723085,-104.94063,2/28/2019 15:09,15:09,12,0,0,COLORADO BOULEVARD NORTH & FIFTH AVENUE  / 400 BLOCK NORTH,1,1,0,0,1,4,,0,35,0,0,0,0,0,2,2,13
,2019-25155,39.723085,-104.94063,5/15/2019 12:40,12:40,12,0,0,COLORADO BOULEVARD NORTH & FOURTH AVENUE,1,1,0,0,1,1,,0,35,0,0,0,0,0,2,3,13
,2019-25156,39.723085,-104.94063,5/20/2019 11:39,11:39,3,0,0,COLORADO BOULEVARD NORTH & FOURTH AVENUE,2,1,0,0,1,1,,0,35,0,0,0,0,0,2,2,13
,2019-25157,39.723085,-104.94063,8/26/2019 7:29,7:29,12,0,0,HIGHWAY 2 / COLORADO BOULEVARD NORTH & FOURTH AVENUE,1,1,1,0,1,1,,0,35,0,0,0,0,0,2,2,13
,2019-25158,39.723646,-104.94063,6/27/2019 11:00,11:00,12,0,0,COLORADO BOULEVARD NORTH & FIFTH AVENUE,1,1,0,0,1,1,,0,35,0,0,0,0,0,2,2,12
,2019-25159,39.723646,-104.94063,10/17/2019 18:05,18:05,15,0,0,COLORADO BOULEVARD NORTH & FIFTH AVENUE,1,2,0,0,1,3,,0,35,0,0,0,0,0,2,2,13
,2019-2516,39.74002,-104.981157,10/18/2019 17:15,17:15,11,0,0,COLFAX AVENUE EAST & PENNSYLVANIA STREET NORTH,1,1,1,0,1,1,,0,30,0,0,1,0,0,2,2,13
,2019-25160,39.723646,-104.94063,10/18/2019 11:10,11:10,12,0,0,COLORADO BOULEVARD NORTH & SIXTH AVENUE EAST,1,1,0,0,1,3,,0,35,0,0,0,0,0,2,2,3
,2019-25161,39.724472,-104.94063,6/10/2019 17:15,17:15,12,0,0,COLORADO BOULEVARD NORTH & SIXTH AVENUE EAST,1,1,0,0,1,4,,0,35,0,0,0,0,0,2,2,3
,2019-25162,39.724472,-104.94063,7/17/2019 21:00,21:00,5,0,0,COLORADO BOULEVARD NORTH & SIXTH AVENUE EAST,1,1,0,0,3,4,,0,35,0,0,0,0,0,2,1,13
,2019-25163,39.724344,-104.9407,11/21/2019 12:08,12:08,15,0,0,COLORADO BOULEVARD NORTH & FIFTH AVENUE EAST,2,1,0,2,1,3,,0,35,0,0,0,0,0,2,2,1
,2019-25164,39.725297,-104.940629,3/20/2019 9:49,9:49,12,0,0,COLORADO BOULEVARD NORTH & FOURTH AVENUE,1,1,1,0,1,4,,0,35,0,0,0,0,0,2,3,3
,2019-25165,39.725297,-104.940629,5/31/2019 18:15,18:15,12,0,0,COLORADO BOULEVARD NORTH & SIXTH AVENUE EAST,1,1,0,0,1,4,,0,35,0,0,0,0,0,2,2,13
,2019-25166,39.718341,-104.9757615,8/4/2019 14:33,14:33,1,0,0,OGDEN STREET NORTH & FIRST AVENUE EAST,1,1,0,0,1,1,,0,25,0,0,0,0,0,4,3,7
,2019-25167,39.725297,-104.940629,8/16/2019 9:56,9:56,12,0,0,COLORADO BOULEVARD NORTH & SIXTH AVENUE EAST,1,1,0,0,1,4,,0,35,0,0,0,0,0,2,2,13
,2019-25168,39.725297,-104.940629,11/12/2019 13:05,13:05,12,0,0,COLORADO BOULEVARD NORTH & SIXTH AVENUE EAST,1,1,0,0,1,3,,0,35,0,0,0,1,0,2,3,12
,2019-25169,39.725476,-104.940629,1/11/2019 21:13,21:13,12,0,3,COLORADO BOULEVARD NORTH & SIXTH AVENUE EAST,9,3,0,2,1,1,,0,35,0,0,0,0,1,2,2,13
,2019-25170,39.725476,-104.940629,3/14/2019 11:05,11:05,3,0,1,COLORADO BOULEVARD NORTH & SIXTH AVENUE EAST,5,1,0,0,1,1,,0,35,0,0,0,0,1,2,2,13
,2019-25171,39.725476,-104.940629,5/25/2019 12:35,12:35,12,0,0,COLORADO BOULEVARD NORTH & SIXTH AVENUE EAST,1,1,0,0,1,1,,0,40,0,0,0,0,0,2,2,13
,2019-25172,39.725476,-104.940629,6/21/2019 14:56,14:56,1,0,1,COLORADO BOULEVARD NORTH & SIXTH AVENUE EAST,2,1,0,1,1,1,,0,30,0,0,0,0,1,2,2,13
,2019-25173,39.725476,-104.940629,7/12/2019 10:22,10:22,15,0,0,COLORADO BOULEVARD NORTH & SIXTH AVENUE EAST,1,1,0,0,1,1,,0,30,0,0,0,0,0,2,2,1
,2019-25174,39.725476,-104.940629,9/23/2019 16:09,16:09,8,0,0,SIXTH AVENUE EAST  & COLORADO BOULEVARD NORTH,1,1,0,0,1,1,,0,30,0,0,0,0,0,2,2,8
,2019-25175,39.725476,-104.940629,11/13/2019 17:10,17:10,12,0,0,SIXTH AVENUE EAST  & COLORADO BOULEVARD NORTH,1,3,0,0,1,1,,0,30,0,0,0,0,0,2,3,3
,2019-25176,39.785562,-104.9782905,11/26/2019 13:10,13:10,12,0,0,WASHINGTON STREET NORTH & 49TH AVENUE EAST,5,1,0,0,1,1,,0,35,0,0,0,0,0,4,2,13
,2019-25178,39.725476,-104.940629,11/15/2019 15:06,15:06,12,0,0,COLORADO BOULEVARD NORTH & SIXTH AVENUE EAST,1,1,0,0,1,1,,0,35,0,0,0,0,0,2,2,5
,2019-25179,39.725476,-104.940629,11/19/2019 10:07,10:07,15,0,0,COLORADO BOULEVARD NORTH & SIXTH AVENUE EAST,1,1,1,0,1,1,,0,30,0,0,0,0,0,2,2,14
,2019-25180,39.732119,-104.940621,8/18/2019 23:12,23:12,15,0,0,HIGHWAY 2 / COLORADO BOULEVARD NORTH & 10TH AVENUE EAST,1,3,0,0,1,1,,0,40,0,0,0,0,0,2,2,13
,2019-25181,39.725656,-104.940629,6/23/2019 1:45,1:45,9,0,3,COLORADO BOULEVARD NORTH & SIXTH AVENUE EAST,1,3,0,0,2,4,,0,40,0,0,0,0,2,2,2,13
,2019-25182,39.725656,-104.940629,9/13/2019 11:20,11:20,12,0,2,COLORADO BOULEVARD NORTH & SIXTH AVENUE EAST,1,1,0,0,1,3,,0,35,0,0,0,0,1,2,2,13
,2019-25183,39.726605,-104.940628,4/23/2019 7:11,7:11,12,0,0,COLORADO BOULEVARD NORTH & SEVENTH AVENUE EAST,1,1,0,0,1,3,,0,35,0,0,0,0,0,2,2,3
,2019-25184,39.726605,-104.940628,5/13/2019 20:35,20:35,12,0,0,COLORADO BOULEVARD NORTH & SEVENTH AVENUE EAST,1,3,0,0,1,3,,0,35,0,0,0,0,0,2,3,3
,2019-25185,39.726797,-104.940628,4/1/2019 15:45,15:45,12,0,0,COLORADO BOULEVARD NORTH & SEVENTH AVENUE EAST,1,1,0,0,1,1,,0,30,0,0,0,0,0,2,3,1
,2019-25186,39.726797,-104.940628,5/6/2019 12:45,12:45,1,0,1,COLORADO BOULEVARD NORTH & SEVENTH AVENUE EAST,1,1,0,0,1,1,,0,30,0,0,0,0,1,2,2,1
,2019-25187,39.726797,-104.940628,5/10/2019 7:33,7:33,12,0,0,COLORADO BOULEVARD NORTH & SEVENTH AVENUE EAST,1,1,0,0,1,1,,0,30,0,0,0,0,0,2,3,14
,2019-25188,39.726797,-104.940628,6/3/2019 15:40,15:40,1,0,0,COLORADO BOULEVARD NORTH & SEVENTH AVENUE EAST,1,1,0,0,1,1,,0,35,0,0,0,0,0,2,2,7
,2019-25189,39.727306,-104.9407,12/1/2019 17:32,17:32,1,0,0,SEVENTH AVENUE  & COLORADO BOULEVARD NORTH,6,3,0,0,1,1,,0,,0,0,0,0,0,2,2,13
,2019-25190,39.727366,-104.940627,4/2/2019 16:00,16:00,12,0,0,COLORADO BOULEVARD NORTH & SEVENTH AVENUE,1,1,0,0,1,1,,0,,0,0,0,0,0,2,2,13
,2019-25191,39.73682076,-104.9634709,3/22/2019 10:28,10:28,5,0,1,13TH AVENUE EAST & RACE STREET NORTH,1,5,0,0,3,3,,0,35,0,0,0,0,3,4,1,13
,2019-25192,39.727366,-104.940627,4/4/2019 14:46,14:46,15,0,0,COLORADO BOULEVARD NORTH & SEVENTH AVENUE,1,1,0,0,1,1,,0,35,0,0,0,0,0,2,2,13
,2019-25193,39.729394,-104.940625,8/28/2019 13:24,13:24,12,0,0,COLORADO BOULEVARD NORTH & EIGHTH AVENUE EAST,1,1,0,0,1,2,,0,30,0,0,0,0,0,2,2,13
,2019-25194,39.727366,-104.940627,11/8/2019 17:04,17:04,1,0,1,COLORADO BOULEVARD NORTH & SEVENTH AVENUE,1,2,0,0,1,1,,0,35,0,0,0,0,1,2,3,1
,2019-25195,39.727517,-104.940627,8/23/2019 2:41,2:41,15,0,0,COLORADO BOULEVARD NORTH & SEVENTH AVENUE,1,3,0,0,1,3,,0,35,0,0,0,0,0,2,2,13
,2019-25196,39.728274,-104.940626,7/25/2019 8:15,8:15,15,0,0,COLORADO BOULEVARD NORTH & EIGHTH AVENUE EAST,1,1,0,0,1,4,,0,35,0,0,0,0,0,2,2,13
,2019-25197,39.728577,-104.940626,3/15/2019 11:01,11:01,15,0,0,COLORADO BOULEVARD NORTH & EIGHTH AVENUE EAST / 700 BLOCK NORTH,1,1,0,0,1,2,,0,35,0,0,0,0,0,2,2,13
,2019-25198,39.729031,-104.940625,3/16/2019 8:50,8:50,12,0,0,COLORADO BOULEVARD NORTH & EIGHTH AVENUE EAST,1,1,0,0,1,3,,0,30,0,0,0,0,0,2,2,7
,2019-25199,39.729031,-104.940625,5/23/2019 18:55,18:55,12,0,0,COLORADO BOULEVARD NORTH & EIGHTH AVENUE EAST,1,1,0,0,1,3,,0,30,0,0,0,0,0,2,2,3
,2019-25200,39.729182,-104.940625,1/21/2019 18:15,18:15,1,0,0,COLORADO BOULEVARD NORTH & EIGHTH AVENUE EAST,1,3,0,0,1,1,,0,30,0,0,0,0,0,2,2,1
,2019-25201,39.729182,-104.940625,4/6/2019 13:14,13:14,1,0,0,EIGHTH AVENUE EAST & COLORADO BOULEVARD NORTH,1,1,0,0,1,1,,0,35,0,0,0,0,0,2,2,13
,2019-25202,39.729182,-104.940625,4/24/2019 18:00,18:00,10,0,0,COLORADO BOULEVARD NORTH & EIGHTH AVENUE EAST,1,1,0,0,1,1,,0,30,0,0,0,0,0,2,2,8
,2019-25204,39.729182,-104.940625,5/21/2019 14:46,14:46,1,0,0,COLORADO BOULEVARD NORTH & EIGHTH AVENUE EAST,1,1,0,0,1,1,,0,35,0,0,0,0,0,2,2,1
,2019-25205,39.729182,-104.940625,6/23/2019 14:50,14:50,1,0,0,COLORADO BOULEVARD NORTH & EIGHTH AVENUE EAST,1,1,0,0,1,1,,0,35,0,0,0,0,0,2,2,1
,2019-25206,39.729296,-104.940625,8/16/2019 11:26,11:26,15,0,0,COLORADO BOULEVARD NORTH & EIGHTH AVENUE EAST,1,1,0,0,1,4,,0,35,0,0,0,0,0,2,2,14
,2019-25207,39.729394,-104.940625,8/22/2019 7:55,7:55,15,0,0,HIGHWAY 2 / COLORADO BOULEVARD NORTH & EIGHTH AVENUE EAST,1,1,0,0,1,4,,0,35,0,0,0,0,0,2,2,3
,2019-25208,39.729394,-104.940625,9/4/2019 9:10,9:10,15,0,0,HIGHWAY 2 / COLORADO BOULEVARD NORTH & EIGHTH AVENUE EAST,1,1,0,0,1,4,,0,35,0,0,0,0,0,2,2,7
,2019-25209,39.729492,-104.940624,8/29/2019 10:35,10:35,15,0,0,HIGHWAY 2 / COLORADO BOULEVARD NORTH & EIGHTH AVENUE EAST,1,1,0,0,1,4,,0,35,0,0,0,0,0,2,2,13
,2019-25210,39.729688,-104.940624,10/4/2019 17:10,17:10,15,0,0,COLORADO BOULEVARD NORTH & EIGHTH AVENUE EAST,1,1,0,0,1,4,,0,35,0,0,0,0,0,2,2,5
,2019-25211,39.730372,-104.940623,5/13/2019 2:25,2:25,15,0,0,COLORADO BOULEVARD NORTH & NINTH AVENUE EAST,1,3,0,0,1,4,,0,40,0,0,0,0,0,2,2,5
,2019-25212,39.730372,-104.940623,8/3/2019 4:34,4:34,15,0,1,COLORADO BOULEVARD NORTH & NINTH AVENUE EAST,1,3,0,0,1,4,,0,35,0,0,0,0,2,2,3,5
,2019-25213,39.73047,-104.940623,1/2/2019 13:28,13:28,3,0,0,NINTH AVENUE EAST  & COLORADO BOULEVARD NORTH,1,1,0,0,1,1,,0,35,0,0,0,0,0,2,2,13
,2019-25214,39.73061,-104.940623,5/14/2019 11:44,11:44,12,0,0,COLORADO BOULEVARD NORTH & NINTH AVENUE EAST,1,1,0,0,1,3,,0,35,0,0,0,0,0,2,2,13
,2019-25215,39.730899,-104.940623,6/18/2019 8:00,8:00,12,0,0,COLORADO BOULEVARD NORTH & NINTH AVENUE,1,1,0,0,1,4,,0,35,0,0,0,0,0,2,2,13
,2019-25217,39.730899,-104.940623,8/15/2019 13:36,13:36,15,0,0,COLORADO BOULEVARD NORTH & NINTH AVENUE,1,1,0,0,1,4,,0,35,0,0,0,0,0,2,2,13
,2019-25218,39.730899,-104.940623,9/25/2019 12:42,12:42,15,0,0,COLORADO BOULEVARD NORTH & NINTH AVENUE,1,1,0,0,1,3,,0,35,0,0,0,0,0,2,2,13
,2019-25219,39.751011,-104.940599,6/24/2019 17:19,17:19,1,0,0,COLORADO BOULEVARD NORTH & 23RD AVENUE EAST,1,1,0,0,1,1,,0,35,0,0,0,0,0,2,2,13
,2019-2522,39.785733,-104.8830885,6/15/2019 23:08,23:08,3,0,1,NORTHFIELD BOULEVARD EAST & CENTRAL PARK BOULEVARD NORTH,1,3,0,0,1,1,,0,40,0,0,0,0,1,4,2,8
,2019-25220,39.730899,-104.940623,10/21/2019 15:00,15:00,15,0,0,COLORADO BOULEVARD NORTH & NINTH AVENUE,1,1,0,0,1,3,,0,35,0,0,0,0,0,2,2,13
,2019-25221,39.731044,-104.940623,10/13/2019 12:40,12:40,12,0,0,COLORADO BOULEVARD SOUTH & NINTH AVENUE,1,1,0,0,1,1,,0,30,0,0,0,0,0,2,2,3
,2019-25222,39.731044,-104.940623,11/7/2019 18:14,18:14,1,0,0,COLORADO BOULEVARD NORTH & NINTH AVENUE,1,3,0,0,1,1,,0,30,0,0,0,0,0,2,2,1
,2019-25223,39.731198,-104.940622,5/6/2019 14:55,14:55,12,0,0,COLORADO BOULEVARD NORTH & NINTH AVENUE,1,1,0,0,1,4,,0,30,0,0,0,0,0,2,2,1
,2019-25224,39.731352,-104.940622,8/23/2019 10:40,10:40,12,0,0,COLORADO BOULEVARD NORTH & NINTH AVENUE,1,1,0,0,1,3,,0,35,0,0,0,0,0,2,2,12
,2019-25225,39.732119,-104.940621,5/7/2019 15:28,15:28,12,0,0,10TH AVENUE EAST & COLORADO BOULEVARD NORTH,1,1,0,0,1,1,,0,30,0,0,0,0,0,2,2,13
,2019-25226,39.732687,-104.940621,10/11/2019 14:37,14:37,12,0,0,COLORADO BOULEVARD NORTH & 11TH AVENUE EAST,1,1,0,0,1,3,,0,35,0,0,0,0,0,2,3,5
,2019-25227,39.732829,-104.940621,12/12/2019 18:00,18:00,12,0,0,COLORADO BOULEVARD SOUTH & 11TH AVENUE EAST,1,4,0,0,1,1,,0,,0,0,0,0,0,2,2,13
,2019-25228,39.733665,-104.94062,11/11/2019 10:12,10:12,3,0,0,COLORADO BOULEVARD NORTH & 11TH AVENUE EAST,2,1,0,0,1,1,,0,35,0,0,0,0,0,2,2,13
,2019-25230,39.733665,-104.94062,11/25/2019 15:00,15:00,12,0,0,COLORADO BOULEVARD NORTH & 11TH AVENUE EAST,2,1,0,2,1,1,,0,30,0,0,0,0,0,2,2,15
,2019-25231,39.733753,-104.940619,7/10/2019 17:30,17:30,12,0,0,COLORADO BOULEVARD NORTH & 11TH AVENUE EAST,1,1,0,0,1,4,,0,35,0,0,0,0,0,2,4,1
,2019-25232,39.733753,-104.940619,8/1/2019 8:09,8:09,15,0,0,COLORADO BOULEVARD NORTH & 11TH AVENUE EAST,1,1,0,0,1,3,,0,35,0,0,0,0,0,2,3,3
,2019-25233,39.734454,-104.940619,10/19/2019 13:42,13:42,12,0,1,COLORADO BOULEVARD NORTH & 11TH AVENUE EAST,1,1,0,0,1,4,,0,35,0,0,0,0,1,2,3,3
,2019-25234,39.734542,-104.940619,7/18/2019 12:25,12:25,12,0,0,COLORADO BOULEVARD NORTH & 12TH AVENUE EAST,1,1,0,0,1,3,,0,40,0,0,0,1,0,2,2,13
,2019-25236,39.73515,-104.940618,2/17/2019 21:59,21:59,6,0,0,12TH AVENUE EAST  & COLORADO BOULEVARD NORTH,5,3,0,0,1,3,,0,25,0,0,0,0,0,2,2,13
,2019-25237,39.73515,-104.940618,4/20/2019 22:36,22:36,12,0,0,COLORADO BOULEVARD NORTH & 12TH AVENUE,1,3,0,0,1,1,,0,,0,0,0,0,0,2,2,13
,2019-25238,39.735591,-104.940617,8/29/2019 12:22,12:22,12,0,1,HIGHWAY 2 / COLORADO BOULEVARD NORTH & 12TH AVENUE,1,1,0,0,1,4,,0,35,0,0,0,0,1,2,2,13
,2019-25239,39.735738,-104.940617,8/19/2019 17:50,17:50,15,0,0,COLORADO BOULEVARD NORTH & 12TH AVENUE,1,1,0,0,1,4,,0,30,0,0,0,0,0,2,2,1
,2019-25240,39.736767,-104.940616,2/11/2019 13:14,13:14,3,0,0,COLORADO BOULEVARD NORTH & 13TH AVENUE EAST,1,1,0,0,1,1,,0,35,0,0,0,0,0,2,3,13
,2019-25241,39.736767,-104.940616,6/22/2019 9:40,9:40,15,0,0,13TH AVENUE EAST & COLORADO BOULEVARD NORTH,1,1,0,0,1,1,,0,30,0,0,0,0,0,2,2,13