id,drcog_id,latitude,longitude,crashtime,time,crashtype,numbkilled,numbinjurd,drcoglocat,rdconditin,lightngcon,roadcntgrd,weatherco,location,roaddescrp,schoolzone,constrzone,splimit,bikeinv,sctrinv,pedinv,motoinv,svrty,rdsystem,ttlvehcls,hcf
,2019-25242,39.736767,-104.940616,6/28/2019 23:58,23:58,3,0,1,COLORADO BOULEVARD NORTH & 13TH AVENUE EAST,1,3,0,0,1,1,,0,35,0,0,0,0,1,2,2,14
,2019-25243,39.736911,-104.940616,5/28/2019 12:10,12:10,12,0,0,COLORADO BOULEVARD NORTH & 13TH AVENUE EAST,1,1,0,0,1,3,,0,35,0,0,0,0,0,2,2,3
,2019-25244,39.737345,-104.940615,5/29/2019 9:22,9:22,12,0,0,COLORADO BOULEVARD NORTH & 1300 BLOCK NORTH,1,1,0,0,1,3,,0,35,0,0,0,0,0,2,2,13
,2019-25245,39.738031,-104.940614,10/9/2019 12:45,12:45,15,0,0,COLORADO BOULEVARD NORTH & 14TH AVENUE EAST,1,1,0,0,1,4,,0,35,0,0,0,0,0,2,2,1
,2019-25246,39.738166,-104.940614,9/14/2019 14:45,14:45,12,0,0,HIGHWAY 2 / COLORADO BOULEVARD NORTH & 14TH AVENUE EAST,1,1,0,0,1,3,,0,30,0,0,0,0,0,2,2,13
,2019-25247,39.738166,-104.940614,10/26/2019 17:55,17:55,12,0,0,COLORADO BOULEVARD NORTH & 14TH AVENUE EAST,1,3,0,0,1,4,,0,35,0,0,0,0,0,2,3,5
,2019-25248,39.738302,-104.940614,6/9/2019 11:59,11:59,3,0,0,COLORADO BOULEVARD NORTH & 14TH AVENUE EAST,1,1,0,0,1,1,,0,35,0,0,0,0,0,2,2,13
,2019-25249,39.738302,-104.940614,7/8/2019 10:23,10:23,15,0,0,14TH AVENUE EAST & COLORADO BOULEVARD NORTH,1,1,0,0,1,1,,0,30,0,0,0,0,0,2,2,14
,2019-2525,39.785733,-104.8830885,8/22/2019 13:14,13:14,3,0,0,NORTHFIELD BOULEVARD EAST & CENTRAL PARK BOULEVARD NORTH,1,1,0,0,1,1,,0,30,0,0,0,0,0,4,2,13
,2019-25250,39.738302,-104.940614,7/18/2019 7:04,7:04,3,0,0,COLORADO BOULEVARD NORTH & 14TH AVENUE EAST,1,1,0,0,1,1,,0,35,0,0,0,0,0,2,2,3
,2019-25251,39.738302,-104.940614,7/25/2019 15:25,15:25,15,0,0,14TH AVENUE EAST & COLORADO BOULEVARD NORTH,1,1,0,0,1,1,,0,30,0,0,0,0,0,2,2,1
,2019-25252,39.738302,-104.940614,9/17/2019 14:30,14:30,12,0,0,14TH AVENUE EAST & COLORADO BOULEVARD NORTH,1,1,0,0,1,1,,0,35,0,0,0,0,0,2,2,13
,2019-25253,39.738302,-104.940614,11/19/2019 10:58,10:58,15,0,0,14TH AVENUE EAST & COLORADO BOULEVARD NORTH,1,1,0,0,1,1,,0,30,0,0,0,0,0,2,2,1
,2019-25254,39.737494,-104.940667,12/20/2019 15:34,15:34,12,0,0,COLORADO BOULEVARD NORTH & 14TH AVENUE EAST,1,1,0,0,1,1,,0,35,0,0,0,0,0,2,2,13
,2019-25255,39.738451,-104.940614,1/5/2019 15:40,15:40,12,0,0,COLORADO BOULEVARD NORTH & 14TH AVENUE EAST,1,1,0,0,1,4,,0,30,0,0,0,0,0,2,2,13
,2019-25256,39.738451,-104.940614,7/10/2019 7:55,7:55,15,0,0,COLORADO BOULEVARD NORTH & 14TH AVENUE EAST,1,1,0,0,1,3,,0,35,0,0,0,0,0,2,2,13
,2019-25257,39.739937,-104.940612,1/31/2019 14:55,14:55,12,0,0,COLORADO BOULEVARD NORTH & COLFAX AVENUE EAST / 1400 BLOCK NORTH,1,1,0,0,1,3,,0,35,0,0,0,1,0,2,2,5
,2019-25258,39.739937,-104.940612,5/17/2019 14:13,14:13,15,0,0,COLORADO BOULEVARD NORTH & COLFAX AVENUE WEST,1,1,0,0,1,3,,0,35,0,0,0,0,0,2,2,13
,2019-25259,39.739937,-104.940612,7/6/2019 9:00,9:00,12,0,0,COLORADO BOULEVARD NORTH & COLFAX AVENUE EAST,1,1,0,0,1,3,,0,30,0,0,0,0,0,2,3,3
,2019-25260,39.740086,-104.940612,9/9/2019 22:34,22:34,12,0,1,HIGHWAY 2 / COLORADO BOULEVARD NORTH & HIGHWAY 40 / COLFAX AVENUE EAST,1,3,0,0,1,1,,0,35,0,0,0,0,2,2,2,13
,2019-25261,39.740086,-104.940612,7/19/2019 13:15,13:15,1,0,0,COLFAX AVENUE EAST & COLORADO BOULEVARD NORTH,1,1,0,0,1,1,,0,30,0,0,0,0,0,2,2,1
,2019-25262,39.740086,-104.940612,3/8/2019 12:40,12:40,12,0,0,COLORADO BOULEVARD NORTH & COLFAX AVENUE,1,1,0,0,1,1,,0,35,0,0,0,0,0,2,2,7
,2019-25263,39.756496,-104.940532,5/30/2019 3:10,3:10,3,0,0,COLORADO AVENUE NORTH & 28TH AVENUE EAST,1,3,0,0,1,1,,0,35,0,0,0,0,0,2,2,13
,2019-25264,39.740086,-104.940612,3/15/2019 8:28,8:28,12,0,0,COLFAX AVENUE EAST & COLORADO BOULEVARD NORTH,1,1,0,0,1,1,,0,30,0,0,0,0,0,2,2,14
,2019-25265,39.740086,-104.940612,3/23/2019 23:52,23:52,1,0,2,COLFAX AVENUE EAST & COLORADO BOULEVARD NORTH,1,3,0,0,1,1,,0,35,0,0,0,0,1,2,2,7
,2019-25266,39.740086,-104.940612,4/1/2019 5:54,5:54,1,0,2,COLORADO BOULEVARD NORTH & COLFAX AVENUE EAST,1,2,0,0,1,1,,0,35,0,0,0,0,2,2,2,13
,2019-25267,39.740086,-104.940612,5/19/2019 21:58,21:58,1,0,1,COLFAX AVENUE EAST & COLORADO BOULEVARD NORTH,1,3,0,0,1,1,,0,35,0,0,0,0,1,2,2,1
,2019-25268,39.740086,-104.940612,7/3/2019 10:02,10:02,3,0,0,COLORADO BOULEVARD NORTH & COLFAX AVENUE EAST,1,1,0,0,1,1,,0,30,0,0,0,0,0,2,2,14
,2019-25269,39.740086,-104.940612,10/27/2019 21:30,21:30,12,0,0,HIGHWAY 2 / COLORADO BOULEVARD NORTH & HIGHWAY 40 / COLFAX AVENUE EAST,4,3,0,2,1,1,,0,40,0,0,0,0,0,2,2,13
,2019-25270,39.740086,-104.940612,11/18/2019 9:50,9:50,15,0,0,COLORADO BOULEVARD NORTH & COLFAX AVENUE EAST,1,1,0,0,1,1,,0,35,0,0,0,0,0,2,2,13
,2019-25271,39.740086,-104.940612,12/5/2019 5:24,5:24,1,0,1,COLFAX AVENUE EAST & COLORADO BOULEVARD NORTH,1,3,0,0,1,1,,0,30,0,0,0,0,1,2,2,13
,2019-25272,39.740086,-104.940612,12/20/2019 2:30,2:30,15,0,0,COLFAX AVENUE EAST & COLORADO BOULEVARD,1,3,0,0,1,1,,0,35,0,0,0,0,0,2,2,13
,2019-25273,39.740131,-104.940664,12/25/2019 9:46,9:46,5,0,1,COLFAX AVENUE EAST & COLORADO BOULEVARD NORTH,1,1,0,0,3,1,,0,35,0,0,0,0,2,2,1,5
,2019-25274,39.740259,-104.940612,1/29/2019 8:40,8:40,15,0,0,COLORADO BOULEVARD NORTH & COLFAX AVENUE EAST / 1600 BLOCK NORTH,2,1,0,0,1,3,,0,35,0,0,0,0,0,2,2,1
,2019-25275,39.740259,-104.940612,4/30/2019 23:10,23:10,12,0,0,COLORADO BOULEVARD NORTH & COLFAX AVENUE / 1500 BLOCK NORTH,2,3,0,0,1,3,,0,35,0,0,0,0,0,2,2,14
,2019-25276,39.740259,-104.940612,10/31/2019 12:24,12:24,15,0,0,COLORADO BOULEVARD NORTH & COLFAX AVENUE EAST,2,1,0,0,1,3,,0,35,0,0,0,0,0,2,2,14
,2019-25277,39.740441,-104.940612,8/16/2019 13:30,13:30,15,0,0,HIGHWAY 2 / COLORADO BOULEVARD NORTH & HIGHWAY 40 / COLFAX AVENUE EAST,1,1,0,0,1,4,,0,35,0,0,0,1,0,2,2,13
,2019-25278,39.741355,-104.940611,3/11/2019 16:12,16:12,3,0,0,COLORADO BOULEVARD NORTH & 16TH AVENUE,1,1,0,0,1,1,,0,35,0,0,0,0,0,2,2,13
,2019-25279,39.741933,-104.94061,8/30/2019 16:21,16:21,12,0,0,HIGHWAY 2 / COLORADO BOULEVARD NORTH & 16TH AVENUE,1,1,0,0,1,1,,0,35,0,0,0,0,0,2,2,5
,2019-25281,39.74372,-104.940608,6/27/2019 21:46,21:46,12,0,0,COLORADO BOULEVARD NORTH & 17TH AVENUE EAST,1,3,1,0,1,1,,0,35,0,0,0,0,0,2,2,13
,2019-25282,39.742689,-104.940609,8/27/2019 14:07,14:07,12,0,0,HIGHWAY 2 / COLORADO BOULEVARD NORTH & 16TH AVENUE,1,1,0,0,1,4,,0,40,0,0,0,0,0,2,2,3
,2019-25283,39.742689,-104.940609,11/4/2019 12:50,12:50,15,0,0,COLORADO BOULEVARD NORTH & 17TH AVENUE EAST,1,1,0,0,1,4,,0,25,0,0,0,0,0,2,3,13
,2019-25284,39.743425,-104.940608,4/18/2019 7:45,7:45,15,0,0,COLORADO BOULEVARD NORTH & BATAVIA PLACE EAST / 1600 BLOCK NORTH,1,1,0,0,1,4,,0,35,0,0,0,0,0,2,2,1
,2019-25285,39.743425,-104.940608,4/30/2019 13:05,13:05,15,0,0,COLORADO BOULEVARD NORTH & 17TH AVENUE EAST / 1600 BLOCK NORTH,1,1,1,0,1,4,,0,35,0,0,0,0,0,2,2,13
,2019-25286,39.743425,-104.940608,10/17/2019 17:41,17:41,12,0,0,COLORADO BOULEVARD NORTH & 17TH AVENUE EAST,1,2,0,0,1,3,,0,35,0,0,0,0,0,2,2,1
,2019-25287,39.743572,-104.940608,7/4/2019 23:20,23:20,15,0,0,COLORADO BOULEVARD NORTH & 17TH AVENUE EAST,1,3,0,0,1,4,,0,35,0,0,0,0,0,2,2,13
,2019-25288,39.743572,-104.940608,7/8/2019 18:00,18:00,12,0,0,COLORADO BOULEVARD NORTH & 17TH AVENUE EAST,1,1,0,0,1,3,,0,35,0,0,0,1,0,2,2,1
,2019-25289,39.74372,-104.940608,1/19/2019 0:30,0:30,1,0,0,17TH AVENUE EAST & COLORADO BOULEVARD NORTH,1,3,0,0,1,1,,0,30,0,0,0,0,0,2,2,13
,2019-25290,39.74372,-104.940608,1/19/2019 13:30,13:30,12,0,0,17TH AVENUE EAST  & COLORADO BOULEVARD NORTH,1,1,0,0,1,3,,0,35,0,0,0,0,0,2,2,13
,2019-25291,39.74372,-104.940608,3/30/2019 5:21,5:21,15,0,0,17TH AVENUE EAST & COLORADO BOULEVARD NORTH,2,3,0,0,1,1,,0,35,0,0,0,0,0,2,3,14
,2019-25292,39.74372,-104.940608,4/5/2019 13:06,13:06,1,0,1,COLORADO BOULEVARD NORTH & 17TH AVENUE EAST,1,1,0,0,1,1,,0,30,0,0,0,0,1,2,2,1
,2019-25293,39.74372,-104.940608,5/3/2019 15:27,15:27,12,0,0,COLORADO BOULEVARD NORTH & 17TH AVENUE EAST,1,1,0,0,1,4,,0,35,0,0,0,0,0,2,2,12
,2019-25294,39.74372,-104.940608,5/17/2019 17:21,17:21,12,0,0,17TH AVENUE EAST & COLORADO BOULEVARD NORTH,1,1,0,0,1,1,,0,30,0,0,0,0,0,2,2,14
,2019-25295,39.74372,-104.940608,5/24/2019 19:17,19:17,12,0,0,17TH AVENUE EAST & COLORADO BOULEVARD NORTH,1,1,0,0,1,1,,0,30,0,0,0,0,0,2,2,3
,2019-25296,39.74372,-104.940608,5/29/2019 14:15,14:15,1,0,0,17TH AVENUE EAST & COLORADO BOULEVARD NORTH,1,1,0,0,1,1,,0,30,0,0,0,0,0,2,2,8
,2019-25297,39.74372,-104.940608,6/21/2019 8:55,8:55,1,0,0,17TH AVENUE EAST & COLORADO BOULEVARD NORTH,1,1,0,0,1,1,,0,35,0,0,0,0,0,2,2,13
,2019-25298,39.74372,-104.940608,6/28/2019 15:45,15:45,15,0,0,17TH AVENUE EAST & COLORADO BOULEVARD NORTH,1,1,0,0,1,1,,0,30,0,0,0,0,0,2,2,1
,2019-25299,39.74372,-104.940608,7/6/2019 17:43,17:43,12,0,0,COLORADO BOULEVARD NORTH & 17TH AVENUE EAST,1,1,0,0,1,1,,0,30,0,0,0,0,0,2,2,3
,2019-2530,39.736863,-104.983578,7/11/2019 16:25,16:25,11,0,1,GRANT STREET NORTH & 13TH AVENUE EAST,1,1,0,0,1,1,,0,,0,0,1,0,2,4,2,14
,2019-25300,39.74372,-104.940608,8/12/2019 9:18,9:18,15,0,0,COLORADO BOULEVARD NORTH & 17TH AVENUE EAST,1,1,0,0,1,1,,0,35,0,0,0,0,0,2,2,14
,2019-25301,39.74372,-104.940608,8/12/2019 20:20,20:20,1,0,5,17TH AVENUE EAST & COLORADO BOULEVARD NORTH,1,1,0,0,1,1,,0,30,0,0,0,0,2,2,2,13
,2019-25302,39.74372,-104.940608,8/21/2019 19:10,19:10,1,0,0,17TH AVENUE EAST & HIGHWAY 2 / COLORADO BOULEVARD NORTH,2,3,0,1,1,1,,0,30,0,0,0,0,0,2,2,13
,2019-25303,39.74372,-104.940608,11/16/2019 19:28,19:28,1,0,2,17TH AVENUE EAST & COLORADO BOULEVARD NORTH,1,3,0,0,1,1,,0,30,0,0,0,0,2,2,2,3
,2019-25304,39.74372,-104.940608,12/9/2019 17:48,17:48,1,0,1,17TH AVENUE EAST & COLORADO BOULEVARD NORTH,1,3,0,0,1,1,,0,30,0,0,0,0,2,2,2,13
,2019-25305,39.74372,-104.940608,12/22/2019 14:41,14:41,12,0,0,17TH AVENUE 3900 BLOCK EAST & COLORADO BOULEVARD NORTH,1,1,0,0,1,3,,0,30,0,0,0,0,0,2,2,8
,2019-25306,39.751151,-104.940599,7/20/2019 14:00,14:00,15,0,0,COLORADO BOULEVARD NORTH & 23RD AVENUE EAST,1,1,0,0,1,3,,0,35,0,0,0,0,0,2,2,13
,2019-25307,39.743867,-104.940608,3/8/2019 9:11,9:11,15,0,0,COLORADO BOULEVARD NORTH & 17TH AVENUE EAST / 1700 BLOCK NORTH,1,1,0,0,1,4,,0,35,0,0,0,0,0,2,2,13
,2019-25308,39.738276,-104.9338395,11/14/2019 15:10,15:10,3,0,1,14TH AVENUE EAST & CHERRY STREET NORTH,1,1,0,0,1,1,,0,25,0,0,0,0,1,4,2,1
,2019-25309,39.743867,-104.940608,8/26/2019 7:46,7:46,12,0,0,HIGHWAY 2 / COLORADO BOULEVARD NORTH & 17TH AVENUE EAST,1,2,0,0,1,3,,0,30,0,0,0,0,0,2,3,13
,2019-2531,39.75993318,-104.9175573,8/26/2019 1:26,1:26,6,0,1,KEARNEY STREET NORTH & 2800 BLOCK NORTH,1,3,0,0,1,4,,0,25,0,0,0,0,3,4,3,5
,2019-25310,39.743867,-104.940608,12/8/2019 21:50,21:50,12,0,1,COLORADO BOULEVARD NORTH & 17TH AVENUE EAST,1,3,0,0,1,4,,0,35,0,0,0,0,1,2,3,3
,2019-25311,39.744014,-104.940607,1/5/2019 15:30,15:30,12,0,0,COLORADO BOULEVARD NORTH & 17TH AVENUE EAST / 1700 BLOCK NORTH,1,1,1,0,1,4,,0,35,0,0,0,0,0,2,3,3
,2019-25312,39.744356,-104.94065,7/19/2019 22:33,22:33,15,0,0,COLORADO BOULEVARD NORTH & 1700 BLOCK NORTH,1,3,0,0,1,4,,0,35,0,0,0,1,0,2,2,13
,2019-25313,39.744603,-104.940607,11/17/2019 9:50,9:50,12,0,0,COLORADO BOULEVARD NORTH & 17TH AVENUE EAST,1,1,0,0,1,4,,0,35,0,0,0,0,0,2,2,3
,2019-25314,39.744898,-104.940606,5/18/2019 19:08,19:08,3,0,0,COLORADO BOULEVARD NORTH & 18TH AVENUE EAST,1,1,0,0,1,1,,0,35,0,0,0,0,0,2,2,7
,2019-25315,39.744898,-104.940606,8/1/2019 16:54,16:54,12,0,0,COLORADO BOULEVARD NORTH & 18TH AVENUE EAST,1,1,0,0,1,1,,0,35,0,0,0,0,0,2,2,10
,2019-25316,39.745043,-104.940606,2/24/2019 13:00,13:00,12,0,0,COLORADO BOULEVARD NORTH & 18TH AVENUE EAST / 1600 BLOCK NORTH,1,1,1,0,1,4,,0,35,0,0,0,0,0,2,3,13
,2019-25317,39.745043,-104.940606,5/8/2019 17:13,17:13,15,0,0,COLORADO BOULEVARD NORTH & 18TH AVENUE EAST,2,1,1,1,1,3,,0,30,0,0,0,0,0,2,2,7
,2019-25318,39.745043,-104.940606,10/25/2019 16:47,16:47,12,0,0,COLORADO BOULEVARD NORTH & 18TH AVENUE EAST,1,1,0,0,1,3,,0,35,0,0,0,0,0,2,3,12
,2019-25319,39.745615,-104.940606,3/31/2019 12:20,12:20,12,0,3,COLORADO BOULEVARD NORTH & 1800 BLOCK,1,1,0,0,1,4,,0,30,0,0,0,0,1,2,2,13
,2019-25320,39.746044,-104.940605,4/13/2019 11:28,11:28,12,0,0,COLORADO BOULEVARD NORTH & 19TH AVENUE EAST / 1800 BLOCK NORTH,2,1,0,0,1,4,,0,35,0,0,0,0,0,2,3,13
,2019-25321,39.746044,-104.940605,8/25/2019 13:30,13:30,12,0,0,COLORADO BOULEVARD NORTH & 19TH AVENUE EAST,1,1,0,0,1,3,,0,35,0,0,0,0,0,2,2,3
,2019-25322,39.74707,-104.940604,8/20/2019 12:04,12:04,12,0,0,COLORADO BOULEVARD NORTH & MONTVIEW BOULEVARD EAST,1,1,0,0,1,3,,0,35,0,0,0,0,0,2,2,13
,2019-25323,39.747217,-104.940604,5/27/2019 0:30,0:30,15,0,0,COLORADO BOULEVARD NORTH & MONTVIEW BOULEVARD EAST / 1900 BLOCK NORTH,1,3,0,0,1,4,,0,35,0,0,0,0,0,2,2,1
,2019-25324,39.747364,-104.940604,3/3/2019 21:18,21:18,1,0,1,COLORADO BOULEVARD NORTH & MONTVIEW BOULEVARD EAST,4,3,1,2,1,1,,0,35,0,0,0,0,1,2,2,7
,2019-25325,39.747364,-104.940604,4/8/2019 22:43,22:43,1,0,0,COLORADO BOULEVARD NORTH & MONTVIEW BOULEVARD EAST,1,3,0,0,1,1,,0,35,0,0,0,0,0,2,2,13
,2019-25326,39.747364,-104.940604,4/14/2019 14:42,14:42,12,0,0,COLORADO BOULEVARD NORTH & MONTVIEW BOULEVARD EAST,1,1,0,0,1,1,,0,40,0,0,0,0,0,2,2,3
,2019-25327,39.747364,-104.940604,6/25/2019 9:04,9:04,1,0,0,COLORADO BOULEVARD NORTH & MONTVIEW BOULEVARD EAST,1,1,0,0,1,1,,0,35,0,0,0,0,0,2,2,13
,2019-25328,39.747364,-104.940604,6/28/2019 16:48,16:48,12,0,0,COLORADO BOULEVARD NORTH & MONTVIEW BOULEVARD EAST,1,1,0,0,1,1,,0,35,0,0,0,0,0,2,2,3
,2019-25329,39.747364,-104.940604,8/17/2019 0:48,0:48,1,0,0,COLORADO BOULEVARD NORTH & MONTVIEW BOULEVARD EAST,1,3,0,0,1,1,,0,35,0,0,0,0,0,2,2,7
,2019-25330,39.747364,-104.940604,8/26/2019 12:20,12:20,1,0,0,COLORADO BOULEVARD NORTH & MONTVIEW BOULEVARD EAST,1,1,0,0,1,1,,0,35,0,0,0,0,0,2,2,13
,2019-25331,39.747509,-104.940603,8/23/2019 16:58,16:58,15,0,0,COLORADO BOULEVARD NORTH & MONTVIEW BOULEVARD EAST,1,1,0,0,1,3,,0,35,0,0,0,1,0,2,2,7
,2019-25332,39.747509,-104.940603,11/8/2019 10:30,10:30,15,0,0,COLORADO BOULEVARD NORTH & MONTVIEW BOULEVARD EAST,1,1,0,0,1,3,,0,35,0,0,0,1,0,2,2,13
,2019-25333,39.74881,-104.940602,11/22/2019 17:22,17:22,12,0,1,COLORADO BOULEVARD NORTH & 22ND AVENUE EAST / 2100 BLOCK NORTH,1,3,0,0,1,4,,0,35,0,0,0,1,1,2,3,5
,2019-25334,39.749244,-104.940601,3/20/2019 11:14,11:14,3,0,0,COLORADO BOULEVARD NORTH & 22ND AVENUE EAST,1,1,0,0,1,1,,0,35,0,0,0,0,0,2,2,13
,2019-25335,39.749244,-104.940601,6/1/2019 18:15,18:15,1,0,0,COLORADO BOULEVARD NORTH & 22ND AVENUE EAST,1,1,0,0,1,1,,0,35,0,0,0,0,0,2,2,1
,2019-25336,39.749244,-104.940601,10/9/2019 13:08,13:08,3,0,0,COLORADO BOULEVARD NORTH & 22ND AVENUE EAST,1,1,0,0,1,1,,0,30,0,0,0,0,0,2,2,1
,2019-25337,39.749391,-104.940601,9/19/2019 7:17,7:17,12,0,1,COLORADO BOULEVARD NORTH & 22ND AVENUE EAST,1,1,0,0,1,3,,0,35,0,0,0,0,1,2,2,14
,2019-25338,39.750863,-104.940599,2/10/2019 6:14,6:14,12,0,0,COLORADO BOULEVARD NORTH & 23RD AVENUE EAST / 2200 BLOCK NORTH,1,3,0,0,1,4,,0,35,0,0,0,0,0,2,2,13
,2019-2534,39.75849,-105.0393195,5/26/2019 18:41,18:41,3,0,0,PERRY STREET NORTH & 29TH AVENUE WEST,1,1,0,0,1,1,,0,30,0,0,0,0,0,4,2,8
,2019-25340,39.751011,-104.940599,1/23/2019 18:28,18:28,1,0,0,COLORADO BOULEVARD NORTH & 23RD AVENUE EAST,1,3,0,0,1,1,,0,35,0,0,0,0,0,2,2,1
,2019-25341,39.751011,-104.940599,3/9/2019 11:30,11:30,1,0,2,23RD AVENUE EAST & COLORADO BOULEVARD NORTH,1,1,0,0,1,1,,0,40,0,0,0,0,2,2,4,1
,2019-25342,39.751011,-104.940599,12/4/2019 7:20,7:20,15,0,0,23RD AVENUE EAST & COLORADO BOULEVARD NORTH / 4000 BLOCK EAST,1,1,0,0,1,1,,0,25,0,0,0,1,0,2,2,3
,2019-25343,39.751036,-104.940622,12/26/2019 19:18,19:18,1,0,0,COLORADO BOULEVARD NORTH & 23RD AVENUE EAST,1,3,0,0,1,1,,0,35,0,0,0,0,0,2,2,7
,2019-25344,39.751568,-104.940599,2/3/2019 14:00,14:00,12,0,0,COLORADO BOULEVARD NORTH & 23RD AVENUE EAST / 2300 BLOCK NORTH,1,1,0,0,1,4,,0,35,0,0,0,0,0,2,2,13
,2019-25345,39.772749,-104.940505,9/4/2019 19:18,19:18,15,0,2,COLORADO BOULEVARD NORTH & 40TH AVENUE EAST,1,1,0,0,1,3,,0,40,0,0,0,0,2,2,2,1
,2019-25346,39.752817,-104.940597,3/5/2019 6:45,6:45,12,0,1,COLORADO BOULEVARD NORTH & 25TH AVENUE EAST / 2400 BLOCK NORTH,1,1,0,0,1,1,,0,35,0,0,0,0,2,2,2,14
,2019-25347,39.752817,-104.940597,9/2/2019 9:55,9:55,12,0,0,HIGHWAY 2 / COLORADO BOULEVARD NORTH & 25TH AVENUE EAST,1,1,0,0,1,1,,0,35,0,0,0,0,0,2,2,5
,2019-25348,39.752817,-104.940597,9/2/2019 9:55,9:55,12,0,0,HIGHWAY 2 / COLORADO BOULEVARD NORTH & 25TH AVENUE EAST,1,1,0,0,1,1,,0,35,0,0,0,0,0,2,2,5
,2019-25349,39.752958,-104.940597,3/29/2019 21:30,21:30,15,0,0,COLORADO BOULEVARD NORTH & 26TH AVENUE EAST / 2500 BLOCK NORTH,2,3,0,2,1,4,,0,35,0,0,0,0,0,2,2,14
,2019-25350,39.753948,-104.940594,3/29/2019 21:35,21:35,12,0,1,COLORADO BOULEVARD NORTH & 26TH AVENUE EAST / 2500 BLOCK NORTH,2,3,0,2,1,4,,0,35,0,0,0,0,2,2,2,14
,2019-25351,39.754231,-104.940583,3/22/2019 9:53,9:53,12,0,0,COLORADO BOULEVARD NORTH & 26TH AVENUE EAST / 2500 BLOCK NORTH,1,1,0,0,1,4,,0,35,0,0,0,0,0,2,2,13
,2019-25352,39.754231,-104.940583,8/23/2019 7:57,7:57,12,0,0,HIGHWAY 2 / COLORADO BOULEVARD NORTH & 26TH AVENUE EAST,1,1,0,0,1,3,,0,35,0,0,0,0,0,2,3,14
,2019-25353,39.754372,-104.940575,10/31/2019 8:15,8:15,12,0,0,COLORADO BOULEVARD NORTH & 26TH AVENUE EAST,5,1,0,0,1,3,,0,35,0,0,0,0,0,2,2,14
,2019-25354,39.754512,-104.940549,2/19/2019 8:42,8:42,3,0,0,COLORADO BOULEVARD NORTH & 26TH AVENUE EAST,1,1,0,0,1,1,,0,30,0,0,0,0,0,2,2,13
,2019-25355,39.754512,-104.940549,2/25/2019 22:25,22:25,12,0,0,COLORADO BOULEVARD NORTH & 26TH AVENUE EAST,1,3,0,0,1,1,,0,35,0,0,0,0,0,2,2,13
,2019-25356,39.754512,-104.940549,3/8/2019 9:15,9:15,1,0,0,26TH AVENUE EAST & COLORADO BOULEVARD NORTH,1,1,0,0,1,1,,0,35,0,0,0,0,0,2,2,2
,2019-25357,39.754512,-104.940549,9/9/2019 18:44,18:44,3,0,0,HIGHWAY 2 / COLORADO BOULEVARD NORTH & 26TH AVENUE EAST,1,1,0,0,1,1,,0,35,0,0,0,1,0,2,2,3
,2019-25358,39.755008,-104.940606,8/17/2019 9:57,9:57,12,0,0,COLORADO BOULEVARD NORTH & HADDON ROAD NORTH,1,1,0,0,1,4,,0,35,0,0,0,0,0,2,2,13
,2019-25359,39.756496,-104.940532,10/2/2019 15:35,15:35,3,0,0,28TH AVENUE EAST & COLORADO BOULEVARD NORTH,1,1,0,0,1,1,,0,25,0,0,0,0,0,2,2,13
,2019-2536,39.76542893,-105.0392851,1/2/2019 22:30,22:30,6,0,0,PERRY STREET & 400 BLOCK SOUTH,1,4,0,0,3,4,,0,25,0,0,0,1,0,4,2,13
,2019-25360,39.756637,-104.940532,5/20/2019 13:45,13:45,15,0,0,COLORADO BOULEVARD NORTH & 28TH AVENUE EAST,2,1,0,1,1,3,,0,35,0,0,0,0,0,2,2,13
,2019-25361,39.758181,-104.940526,3/2/2019 16:00,16:00,6,0,0,COLORADO BOULEVARD NORTH & 29TH AVENUE EAST,4,1,0,2,1,4,,0,30,0,0,0,1,0,2,2,5
,2019-25362,39.758181,-104.940526,11/5/2019 11:47,11:47,15,0,0,COLORADO BOULEVARD NORTH & 29TH AVENUE EAST,1,1,0,0,1,3,,0,35,0,0,0,0,0,2,2,1
,2019-25363,39.758322,-104.940525,9/13/2019 12:00,12:00,1,0,0,HIGHWAY 2 / COLORADO BOULEVARD NORTH & 29TH AVENUE EAST,1,1,0,0,1,1,,0,35,0,0,0,0,0,2,2,8
,2019-25364,39.758322,-104.940525,11/12/2019 17:45,17:45,1,0,0,COLORADO BOULEVARD NORTH & 29TH AVENUE EAST,1,2,0,0,1,1,,0,35,0,0,0,0,0,2,2,1
,2019-25365,39.760062,-104.940518,4/8/2019 17:35,17:35,12,0,0,COLORADO BOULEVARD NORTH & 30TH AVENUE EAST / 2900 BLOCK NORTH,1,1,0,0,1,4,,0,35,0,0,0,0,0,2,2,3
,2019-25366,39.760062,-104.940518,8/15/2019 16:00,16:00,12,0,0,HIGHWAY 2 / COLORADO BOULEVARD NORTH & 30TH AVENUE EAST,1,1,0,0,1,3,,0,35,0,0,0,0,0,2,2,13
,2019-25367,39.760204,-104.940518,10/2/2019 16:30,16:30,10,0,0,COLORADO BOULEVARD NORTH & 30TH AVENUE EAST,1,1,0,0,1,1,,0,35,0,0,0,0,0,2,2,1
,2019-25368,39.760483,-104.940517,1/3/2019 16:30,16:30,12,0,0,COLORADO BOULEVARD NORTH & 30TH AVENUE EAST,1,1,0,0,1,4,,0,35,0,0,0,0,0,2,2,13