id,drcog_id,latitude,longitude,crashtime,time,crashtype,numbkilled,numbinjurd,drcoglocat,rdconditin,lightngcon,roadcntgrd,weatherco,location,roaddescrp,schoolzone,constrzone,splimit,bikeinv,sctrinv,pedinv,motoinv,svrty,rdsystem,ttlvehcls,hcf
,2019-25369,39.760622,-104.940516,5/11/2019 18:39,18:39,9,0,1,COLORADO BOULEVARD NORTH & MLK BOULEVARD EAST,1,1,0,0,1,4,,0,35,0,0,0,0,2,2,1,14
,2019-25370,39.760761,-104.940516,8/19/2019 14:15,14:15,15,0,0,HIGHWAY 2 / COLORADO BOULEVARD NORTH & 30TH AVENUE EAST,1,1,0,0,1,4,,0,35,0,0,0,0,0,2,2,1
,2019-25371,39.760761,-104.940516,8/19/2019 15:50,15:50,15,0,0,HIGHWAY 2 / COLORADO BOULEVARD NORTH & 30TH AVENUE EAST,1,1,0,0,1,4,,0,35,0,0,0,0,0,2,2,13
,2019-25372,39.761596,-104.940512,10/19/2019 15:15,15:15,12,0,0,COLORADO BOULEVARD NORTH & MLK BOULEVARD EAST,1,1,1,0,1,4,,0,40,0,0,0,0,0,2,2,3
,2019-25373,39.761736,-104.940512,4/30/2019 15:40,15:40,12,0,0,COLORADO BOULEVARD NORTH & MLK BOULEVARD EAST,2,1,0,1,1,3,,0,35,0,0,0,0,0,2,2,1
,2019-25374,39.761736,-104.940512,6/13/2019 7:29,7:29,15,0,0,COLORADO BOULEVARD NORTH & MLK BOULEVARD EAST / 3100 BLOCK NORTH,1,1,0,0,1,3,,0,35,0,0,0,0,0,2,2,7
,2019-25375,39.761736,-104.940512,7/11/2019 6:58,6:58,15,0,0,COLORADO BOULEVARD NORTH & MLK BOULEVARD EAST,1,1,0,0,1,3,,0,35,0,0,0,0,0,2,2,1
,2019-25376,39.761736,-104.940512,7/24/2019 11:41,11:41,12,0,1,COLORADO BOULEVARD NORTH & MLK BOULEVARD EAST,1,1,0,0,1,3,,0,35,0,0,0,0,1,2,2,14
,2019-25377,39.761879,-104.940511,1/28/2019 21:45,21:45,3,0,0,COLORADO BOULEVARD NORTH & MLK BOULEVARD EAST,2,3,0,0,1,1,,0,45,0,0,0,0,0,2,2,8
,2019-25378,39.761879,-104.940511,1/29/2019 14:51,14:51,12,0,0,COLORADO BOULEVARD NORTH & MLK BOULEVARD EAST,2,1,0,0,1,1,,0,35,0,0,0,0,0,2,2,13
,2019-25379,39.761879,-104.940511,2/16/2019 8:11,8:11,1,0,0,COLORADO BOULEVARD NORTH & MLK BOULEVARD EAST,1,1,0,0,1,1,,0,35,0,0,0,0,0,2,2,14
,2019-2538,39.71115,-104.987592,9/20/2019 11:00,11:00,11,0,1,BROADWAY STREET SOUTH & ALAMEDA AVENUE EAST,1,1,0,0,1,1,,0,30,0,1,1,0,2,4,2,13
,2019-25380,39.761879,-104.940511,3/8/2019 20:14,20:14,1,0,0,COLORADO BOULEVARD NORTH & MLK BOULEVARD EAST,2,3,0,1,1,1,,0,35,0,0,0,0,0,2,2,13
,2019-25381,39.761879,-104.940511,3/13/2019 14:15,14:15,12,0,0,COLORADO BOULEVARD NORTH & MLK BOULEVARD EAST,4,1,0,2,1,1,,0,35,0,0,0,0,0,2,2,1
,2019-25382,39.761879,-104.940511,4/22/2019 17:00,17:00,12,0,0,MLK BOULEVARD EAST & COLORADO BOULEVARD NORTH,1,2,0,0,1,1,,0,35,0,0,0,0,0,2,2,13
,2019-25383,39.761879,-104.940511,4/23/2019 11:30,11:30,15,0,0,COLORADO BOULEVARD NORTH & MLK BOULEVARD EAST / 3200 BLOCK NORTH,1,1,0,0,1,1,,0,35,0,0,0,0,0,2,2,7
,2019-25384,39.761879,-104.940511,4/25/2019 7:46,7:46,12,0,0,COLORADO BOULEVARD NORTH & MLK BOULEVARD EAST / 3200 BLOCK NORTH,1,1,0,0,1,1,,0,35,0,0,0,0,0,2,3,3
,2019-25385,39.761879,-104.940511,6/6/2019 17:10,17:10,1,0,1,COLORADO BOULEVARD NORTH & MLK BOULEVARD EAST,1,1,0,0,1,1,,0,35,0,0,0,0,1,2,2,1
,2019-25386,39.761879,-104.940511,6/27/2019 21:55,21:55,1,0,1,COLORADO BOULEVARD NORTH & MLK BOULEVARD EAST,1,1,0,0,1,1,,0,35,0,0,0,0,1,2,2,13
,2019-25387,39.761879,-104.940511,7/3/2019 16:29,16:29,15,0,0,COLORADO BOULEVARD NORTH & MLK BOULEVARD EAST,1,1,0,0,1,1,,0,30,0,0,0,0,0,2,2,1
,2019-25388,39.761879,-104.940511,7/5/2019 16:15,16:15,15,0,0,MLK BOULEVARD EAST & COLORADO BOULEVARD NORTH,1,1,0,0,1,1,,0,30,0,0,0,0,0,2,2,14
,2019-25389,39.761879,-104.940511,7/6/2019 17:51,17:51,5,0,0,COLORADO BOULEVARD NORTH & MLK BOULEVARD EAST,1,1,0,0,3,4,,0,,0,0,0,0,0,2,1,13
,2019-25390,39.761879,-104.940511,7/17/2019 22:41,22:41,1,0,2,MLK BOULEVARD EAST & COLORADO BOULEVARD NORTH,1,3,1,0,1,1,,0,30,0,0,0,1,2,2,2,5
,2019-25391,39.761879,-104.940511,8/2/2019 10:00,10:00,1,0,0,MLK BOULEVARD EAST & COLORADO BOULEVARD NORTH,1,1,0,0,1,1,,0,35,0,0,0,0,0,2,2,5
,2019-25392,39.761879,-104.940511,9/3/2019 11:50,11:50,1,0,0,HIGHWAY 2 / COLORADO BOULEVARD NORTH & MLK BOULEVARD EAST,1,1,0,0,1,1,,0,35,0,0,0,0,0,2,2,13
,2019-25393,39.761879,-104.940511,9/13/2019 23:45,23:45,12,0,0,MLK BOULEVARD EAST & HIGHWAY 2 / COLORADO BOULEVARD NORTH,1,3,0,0,1,1,,0,35,0,0,0,0,0,2,2,13
,2019-25394,39.761879,-104.940511,9/28/2019 1:53,1:53,15,0,2,COLORADO BOULEVARD NORTH & MLK BOULEVARD EAST,1,3,0,0,1,1,,0,40,0,0,0,1,1,2,2,13
,2019-25395,39.761879,-104.940511,10/17/2019 6:24,6:24,1,0,0,COLORADO BOULEVARD NORTH & MLK BOULEVARD EAST,1,3,0,0,1,1,,0,35,0,0,0,1,0,2,2,3
,2019-25396,39.761878,-104.940581,10/26/2019 21:44,21:44,15,0,0,MLK BOULEVARD EAST & COLORADO BOULEVARD NORTH,1,3,0,0,1,1,,0,35,0,0,0,0,0,2,2,13
,2019-25397,39.761879,-104.940511,10/27/2019 3:44,3:44,15,0,0,COLORADO BOULEVARD NORTH & MLK BOULEVARD EAST,2,3,0,1,1,1,,0,35,0,0,0,0,0,2,2,13
,2019-25398,39.761879,-104.940511,10/28/2019 13:20,13:20,1,0,0,MLK BOULEVARD EAST & COLORADO BOULEVARD NORTH,9,1,0,0,1,1,,0,30,0,0,0,0,0,2,2,7
,2019-25399,39.761879,-104.940511,11/5/2019 19:20,19:20,1,0,1,COLORADO BOULEVARD NORTH & MLK BOULEVARD EAST,1,3,0,0,1,1,,0,35,0,0,0,0,1,2,3,1
,2019-25400,39.761879,-104.940511,11/7/2019 11:13,11:13,1,0,0,COLORADO BOULEVARD NORTH & MLK BOULEVARD EAST,1,1,0,0,1,1,,0,35,0,0,0,0,0,2,2,7
,2019-25401,39.761879,-104.940511,11/11/2019 9:30,9:30,15,0,0,MLK BOULEVARD EAST & COLORADO BOULEVARD NORTH,4,1,1,0,1,1,,0,35,0,0,0,0,0,2,2,13
,2019-25402,39.761879,-104.940511,12/6/2019 21:59,21:59,12,0,0,COLORADO BOULEVARD NORTH & MLK BOULEVARD EAST,1,3,0,0,1,1,,0,,0,0,0,0,0,2,2,13
,2019-25403,39.764221,-104.940502,10/7/2019 8:50,8:50,12,0,0,COLORADO BOULEVARD NORTH & 34TH AVENUE EAST / BRUCE RANDOLPH AVENUE,1,1,0,0,1,4,,0,40,0,0,0,0,0,2,3,7
,2019-25404,39.764368,-104.940501,7/29/2019 13:50,13:50,15,0,0,COLORADO BOULEVARD NORTH & BRUCE RANDOLPH AVENUE EAST,1,1,0,0,1,4,,0,45,0,0,0,0,0,2,2,13
,2019-25405,39.764519,-104.940501,3/1/2019 22:06,22:06,1,0,0,COLORADO BOULEVARD NORTH & BRUCE RANDOLP AVENUE EAST,1,3,0,0,1,1,,0,40,0,0,0,0,0,2,2,13
,2019-25407,39.764519,-104.940501,5/30/2019 10:31,10:31,12,0,0,BRUCE RANDOLPH AVENUE EAST & COLORADO BOULEVARD NORTH,1,1,0,0,1,1,,0,30,0,0,0,0,0,2,2,3
,2019-25408,39.764519,-104.940501,6/5/2019 20:03,20:03,3,0,1,COLORADO BOULEVARD NORTH & BRUCE RANDOLPH AVENUE EAST,1,3,1,0,1,1,,0,40,0,0,0,0,2,2,2,13
,2019-25409,39.764519,-104.940501,7/8/2019 16:50,16:50,3,0,0,COLORADO BOULEVARD NORTH & BRUCE RANDOLPH AVENUE EAST,1,1,0,0,1,1,,0,35,0,0,0,0,0,2,2,13
,2019-2541,39.785733,-104.8830885,11/20/2019 7:15,7:15,3,0,0,NORTHFIELD BOULEVARD EAST & CENTRAL PARK BOULEVARD NORTH,1,1,0,0,1,1,,0,35,0,0,0,0,0,4,2,8
,2019-25410,39.764519,-104.940501,7/31/2019 17:28,17:28,1,0,0,COLORADO BOULEVARD NORTH & BRUCE RANDOLPH AVENUE EAST,1,1,0,0,1,1,,0,35,0,0,0,0,0,2,3,1
,2019-25411,39.764519,-104.940501,9/5/2019 14:40,14:40,3,0,0,HIGHWAY 2 / COLORADO BOULEVARD NORTH & BRUCE RANDOLPH AVENUE EAST,1,1,0,0,1,1,,0,40,0,0,0,0,0,2,2,13
,2019-25412,39.764519,-104.940501,10/8/2019 17:29,17:29,1,0,2,COLORADO BOULEVARD NORTH & 34TH AVENUE EAST / BRUCE RANDOLPH AVENUE,1,1,0,0,1,1,,0,35,0,0,0,0,1,2,2,1
,2019-25413,39.764679,-104.9405,7/12/2019 16:22,16:22,12,0,2,COLORADO BOULEVARD NORTH & BRUCE RANDOLPH AVENUE EAST,1,1,0,0,1,3,,0,35,0,0,0,0,2,2,2,7
,2019-25414,39.765639,-104.940496,2/22/2019 16:40,16:40,1,0,0,COLORADO BOULEVARD NORTH & 35TH AVENUE EAST,2,1,0,2,1,1,,0,35,0,0,0,0,0,2,2,1
,2019-25415,39.765639,-104.940496,4/12/2019 8:06,8:06,1,0,0,35TH AVENUE EAST & COLORADO BOULEVARD NORTH,1,1,0,0,1,1,,0,40,0,0,0,0,0,2,2,13
,2019-25416,39.765639,-104.940496,5/23/2019 17:34,17:34,1,0,0,COLORADO BOULEVARD NORTH & 35TH AVENUE EAST,1,1,0,0,1,1,,0,35,0,0,0,0,0,2,3,1
,2019-25417,39.765639,-104.940496,8/27/2019 14:05,14:05,15,0,0,COLORADO BOULEVARD NORTH & 35TH AVENUE EAST,1,1,0,0,1,1,,0,35,0,0,0,0,0,2,2,13
,2019-25418,39.765639,-104.940496,9/13/2019 10:20,10:20,1,0,1,HIGHWAY 2 / COLORADO BOULEVARD NORTH & 35TH AVENUE EAST,1,1,0,0,1,1,,0,35,0,0,0,0,2,2,2,13
,2019-25419,39.765639,-104.940496,10/30/2019 6:37,6:37,1,0,0,COLORADO BOULEVARD NORTH & 35TH AVENUE EAST,4,3,1,0,1,1,,0,35,0,0,0,1,0,2,2,7
,2019-2542,39.711133,-105.016823,1/12/2019 11:25,11:25,14,0,1,ALAMEDA AVENUE WEST & ALCOTT STREET SOUTH,2,1,0,0,1,4,,0,35,0,0,0,0,1,2,2,13
,2019-25420,39.765639,-104.940496,11/4/2019 21:28,21:28,1,0,0,COLORADO BOULEVARD NORTH & 35TH AVENUE EAST,1,3,0,0,1,1,,0,35,0,0,0,0,0,2,2,5
,2019-25421,39.765639,-104.940496,11/29/2019 8:05,8:05,3,0,0,COLORADO BOULEVARD NORTH & 35TH AVENUE EAST,5,1,0,2,1,1,,0,,0,0,0,0,0,2,2,8
,2019-25422,39.765639,-104.940496,12/2/2019 9:30,9:30,1,0,0,COLORADO BOULEVARD NORTH & 35TH AVENUE EAST,2,1,0,0,1,1,,0,40,0,0,0,0,0,2,2,13
,2019-25423,39.765639,-104.940496,12/3/2019 16:50,16:50,1,0,2,COLORADO BOULEVARD NORTH & 35TH AVENUE EAST,1,3,0,0,1,1,,0,35,0,0,0,0,1,2,2,1
,2019-25424,39.765672,-104.940569,12/10/2019 17:05,17:05,1,0,0,COLORADO BOULEVARD NORTH & 35TH AVENUE EAST,1,3,0,0,1,1,,0,35,0,0,0,0,0,2,2,1
,2019-25425,39.765918,-104.940495,9/24/2019 18:34,18:34,12,0,0,COLORADO BOULEVARD NORTH & 35TH AVENUE EAST,1,1,0,0,1,4,,0,40,0,0,0,0,0,2,3,14
,2019-25426,39.781017,-104.940386,11/29/2019 2:16,2:16,8,0,2,COLORADO BOULEVARD NORTH & I70 EASTBOUND ON RAMP,11,3,0,4,5,4,,0,,0,0,0,0,1,2,2,13
,2019-25427,39.766056,-104.940494,12/23/2019 7:40,7:40,15,0,0,COLORADO BOULEVARD NORTH & 36TH AVENUE EAST / 3500 BLOCK NORTH,1,1,0,0,1,4,,0,35,0,0,0,0,0,2,2,1
,2019-25428,39.766744,-104.940492,4/20/2019 23:07,23:07,15,0,1,COLORADO BOULEVARD NORTH & 36TH AVENUE EAST,1,3,0,0,1,3,,0,35,0,0,0,0,1,2,2,13
,2019-25429,39.767434,-104.940489,12/4/2019 8:00,8:00,15,0,0,COLORADO BOULEVARD NORTH & 40TH AVENUE EAST / 4200 BLOCK NORTH,1,1,1,0,1,4,,0,40,0,0,0,0,0,2,2,13
,2019-25430,39.768125,-104.94049,5/22/2019 17:55,17:55,1,0,1,COLORADO BOULEVARD NORTH & 37TH AVENUE EAST,1,1,0,0,1,1,,0,35,0,0,0,0,1,2,2,1
,2019-25431,39.768705,-104.940492,4/22/2019 16:16,16:16,12,0,0,COLORADO BOULEVARD & 3700 BLOCK NORTH,1,1,0,0,1,4,,0,35,0,0,0,0,0,2,2,8
,2019-25432,39.76885,-104.940493,11/21/2019 8:13,8:13,12,0,0,COLORADO BOULEVARD NORTH & 40TH AVENUE EAST / 3800 BLOCK NORTH,1,1,1,2,1,3,,0,40,0,0,0,0,0,2,3,14
,2019-25433,39.768995,-104.940493,8/2/2019 15:41,15:41,12,0,0,COLORADO BOULEVARD NORTH & 38TH AVENUE EAST,1,1,0,0,1,3,,0,35,0,0,0,0,0,2,3,14
,2019-25434,39.76914,-104.940494,12/1/2019 3:01,3:01,5,0,0,COLORADO BOULEVARD NORTH & 38TH AVENUE EAST,5,3,0,0,3,1,,0,35,0,0,0,0,0,2,1,13
,2019-25435,39.76914,-104.940494,12/7/2019 11:03,11:03,12,0,1,38TH AVENUE EAST & COLORADO BOULEVARD NORTH,1,1,0,0,1,1,,0,35,0,0,0,0,1,2,2,13
,2019-25436,39.769183,-104.940547,12/28/2019 5:40,5:40,15,0,0,COLORADO BOULEVARD NORTH & 38TH AVENUE EAST,5,3,0,2,1,1,,0,40,0,0,0,0,0,2,2,13
,2019-25437,39.769284,-104.940494,10/31/2019 15:15,15:15,5,0,0,COLORADO BOULEVARD NORTH & 38TH AVENUE EAST,1,1,0,0,3,4,,0,35,0,0,0,0,0,2,1,5
,2019-25438,39.769429,-104.940495,11/28/2019 21:40,21:40,9,0,0,COLORADO BOULEVARD NORTH & 38TH AVENUE EAST,5,3,0,2,1,4,,0,35,0,0,0,0,0,2,1,13
,2019-25439,39.769573,-104.940495,11/28/2019 11:37,11:37,9,0,1,COLORADO BOULEVARD NORTH & 38TH AVENUE EAST,5,1,0,0,2,4,,0,40,0,0,0,0,2,2,1,13
,2019-25440,39.772316,-104.940504,3/1/2019 7:30,7:30,15,0,0,COLORADO BOULEVARD NORTH & 40TH AVENUE EAST / 3900 BLOCK NORTH,1,1,0,0,1,4,,0,40,0,0,0,0,0,2,2,2
,2019-25441,39.772461,-104.940504,7/12/2019 7:51,7:51,12,0,0,COLORADO BOULEVARD NORTH & 40TH AVENUE EAST,1,1,0,0,1,4,,0,40,0,0,0,0,0,2,2,13
,2019-25442,39.772605,-104.940505,8/4/2019 17:29,17:29,15,0,0,COLORADO BOULEVARD NORTH & 40TH AVENUE EAST,1,1,0,0,1,3,,0,40,0,0,0,0,0,2,2,7
,2019-25443,39.772749,-104.940505,8/28/2019 11:55,11:55,12,0,0,HIGHWAY 2 / COLORADO BOULEVARD NORTH & 40TH AVENUE EAST,1,1,0,0,1,3,,0,40,0,0,0,0,0,2,2,1
,2019-25444,39.772749,-104.940505,8/28/2019 12:00,12:00,15,0,0,HIGHWAY 2 / COLORADO BOULEVARD NORTH & 40TH AVENUE EAST,1,1,0,0,1,3,,0,40,0,0,0,0,0,2,2,14
,2019-25445,39.772749,-104.940505,9/3/2019 17:44,17:44,15,0,0,HIGHWAY 2 / COLORADO BOULEVARD NORTH & 40TH AVENUE EAST,1,1,0,0,1,3,,0,40,0,0,0,0,0,2,2,13
,2019-25446,39.772749,-104.940505,10/1/2019 13:49,13:49,12,0,0,COLORADO BOULEVARD NORTH & 40TH AVENUE EAST,1,1,0,0,1,3,,0,35,0,0,0,0,0,2,2,12
,2019-25447,39.772893,-104.940506,1/7/2019 11:19,11:19,15,0,0,COLORADO BOULEVARD NORTH & 40TH AVENUE EAST,1,1,0,0,1,1,,0,40,0,0,0,0,0,2,2,13
,2019-25448,39.772893,-104.940506,1/12/2019 11:20,11:20,1,0,0,COLORADO BOULEVARD NORTH & 40TH AVENUE EAST,2,1,0,0,1,1,,0,35,0,0,0,0,0,2,2,13
,2019-25449,39.772893,-104.940506,1/25/2019 5:55,5:55,12,0,0,40TH AVENUE EAST & COLORADO BOULEVARD,5,3,0,0,1,1,,0,30,0,0,0,0,0,2,2,7
,2019-2545,39.83812827,-104.7149507,12/28/2019 9:15,9:15,5,0,0,78TH AVENUE 23102 EAST & GUN CLUB ROAD NORTH,4,1,0,2,1,4,,0,45,0,0,0,0,0,4,1,14
,2019-25450,39.772893,-104.940506,2/21/2019 5:59,5:59,1,0,0,COLORADO BOULEVARD NORTH & 40TH AVENUE EAST,1,2,0,0,1,1,,0,40,0,0,0,0,0,2,2,1
,2019-25451,39.772893,-104.940506,2/25/2019 15:35,15:35,3,0,0,40TH AVENUE EAST & COLORADO BOULEVARD NORTH,1,1,0,0,1,1,,0,15,0,0,0,0,0,2,2,7
,2019-25452,39.772893,-104.940506,3/1/2019 13:50,13:50,15,0,0,COLORADO BOULEVARD NORTH & 40TH AVENUE EAST,1,1,0,0,1,1,,0,40,0,0,0,0,0,2,2,3
,2019-25453,39.772893,-104.940506,3/7/2019 8:50,8:50,15,0,0,40TH AVENUE EAST & COLORADO BOULEVARD NORTH,4,1,0,0,1,1,,0,35,0,0,0,0,0,2,2,13
,2019-25454,39.772893,-104.940506,3/16/2019 19:55,19:55,1,0,0,COLORADO BOULEVARD NORTH & 40TH AVENUE EAST,1,3,0,0,1,1,,0,35,0,0,0,0,0,2,3,13
,2019-25455,39.772893,-104.940506,3/19/2019 16:20,16:20,12,0,1,COLORADO BOULEVARD & 40TH AVENUE EAST,1,1,0,0,1,1,,0,40,0,0,0,0,1,2,2,3
,2019-25456,39.772893,-104.940506,4/14/2019 19:38,19:38,1,0,2,40TH AVENUE EAST & COLORADO BOULEVARD NORTH,1,2,0,0,1,1,,0,35,0,0,0,0,2,2,2,14
,2019-25457,39.772893,-104.940506,5/5/2019 1:06,1:06,5,0,0,COLORADO BOULEVARD NORTH & 40TH AVENUE EAST,1,3,0,0,3,1,,0,40,0,0,0,1,0,2,1,13
,2019-25458,39.772893,-104.940506,6/8/2019 12:55,12:55,12,0,0,COLORADO BOULEVARD NORTH & 40TH AVENUE EAST,1,1,0,0,1,1,,0,40,0,0,0,0,0,2,2,14
,2019-25459,39.772893,-104.940506,6/30/2019 15:35,15:35,12,0,0,COLORADO BOULEVARD NORTH & 40TH AVENUE EAST,1,1,0,0,1,1,,0,40,0,0,0,0,0,2,2,1
,2019-2546,39.662487,-105.041691,7/20/2019 1:56,1:56,5,0,2,PERRY STREET SOUTH & 555 SOUTH PERRY STREET,1,3,0,0,2,4,,0,25,0,0,0,0,1,4,1,5
,2019-25460,39.772893,-104.940506,8/7/2019 7:07,7:07,1,0,1,COLORADO BOULEVARD NORTH & 40TH AVENUE EAST,1,1,0,0,1,1,,0,35,0,0,0,0,1,2,2,14
,2019-25461,39.772893,-104.940506,10/4/2019 12:00,12:00,12,0,0,COLORADO BOULEVARD NORTH & 40TH AVENUE EAST,1,1,0,0,1,1,,0,30,0,0,0,0,0,2,3,14
,2019-25462,39.772893,-104.940506,10/14/2019 7:16,7:16,12,0,0,40TH AVENUE EAST & COLORADO BOULEVARD NORTH,1,1,0,0,1,1,,0,25,0,0,0,1,0,2,3,13
,2019-25463,39.772893,-104.940506,10/25/2019 7:40,7:40,12,0,1,40TH AVENUE EAST & COLORADO BOULEVARD NORTH,1,1,0,0,1,1,,0,35,0,0,0,0,1,2,2,13
,2019-25464,39.772893,-104.940506,11/2/2019 8:40,8:40,12,0,0,40TH AVENUE EAST & COLORADO BOULEVARD NORTH,1,1,0,0,1,1,,0,25,0,0,0,0,0,2,2,13
,2019-25465,39.77303,-104.940506,1/10/2019 15:31,15:31,12,0,0,COLORADO BOULEVARD NORTH & 40TH AVENUE EAST,1,1,0,0,1,3,,0,35,0,0,0,0,0,2,2,13
,2019-25466,39.77303,-104.940506,4/9/2019 7:54,7:54,15,0,0,COLORADO BOULEVARD & 40TH AVENUE EAST,1,1,0,0,1,3,,0,40,0,0,0,1,0,2,2,3
,2019-25467,39.77303,-104.940506,7/9/2019 11:45,11:45,15,0,0,COLORADO BOULEVARD NORTH & 40TH AVENUE EAST,1,1,0,0,1,3,,0,35,0,0,0,0,0,2,2,13
,2019-25468,39.77303,-104.940506,7/10/2019 11:13,11:13,15,0,0,COLORADO BOULEVARD NORTH & 40TH AVENUE EAST,1,1,0,0,1,3,,0,35,0,0,0,0,0,2,2,13
,2019-25469,39.773166,-104.940507,2/26/2019 11:15,11:15,12,0,0,COLORADO BOULEVARD & 40TH AVENUE EAST,1,1,0,0,1,4,,0,40,0,0,0,0,0,2,3,7
,2019-25470,39.773166,-104.940507,7/26/2019 13:30,13:30,15,0,0,COLORADO BOULEVARD NORTH & 40TH AVENUE EAST,1,1,0,1,1,4,,0,40,0,0,0,0,0,2,3,7
,2019-25471,39.77385,-104.940509,7/28/2019 10:30,10:30,12,0,0,COLORADO BOULEVARD NORTH & 41ST AVENUE EAST,1,1,0,0,1,1,,0,45,0,0,0,0,0,2,2,13
,2019-25472,39.774019,-104.94051,10/10/2019 8:33,8:33,12,0,0,COLORADO BOULEVARD NORTH & 41ST AVENUE EAST,4,1,0,2,1,3,,0,40,0,0,0,1,0,2,2,3
,2019-25474,39.774189,-104.94051,9/12/2019 8:30,8:30,15,0,0,HIGHWAY 2 / COLORADO BOULEVARD NORTH & 40TH AVENUE EAST,1,1,0,0,1,3,,0,40,0,0,0,0,0,2,2,14
,2019-25475,39.774358,-104.940511,5/2/2019 20:50,20:50,15,0,0,COLORADO BOULEVARD NORTH & 40TH AVENUE EAST,1,3,0,0,1,4,,0,40,0,0,0,0,0,2,2,1
,2019-25476,39.774528,-104.940511,1/3/2019 14:00,14:00,3,0,2,COLORADO BOULEVARD NORTH & 41ST AVENUE,1,1,0,0,1,2,,0,40,0,0,0,0,2,2,2,13
,2019-25477,39.776922,-104.94052,5/13/2019 13:54,13:54,12,0,1,COLORADO BOULEVARD NORTH & I70 EASTBOUND OFF RAMP SLIP,1,1,1,0,1,4,,0,40,0,0,0,0,1,2,2,1
,2019-25478,39.77695,-104.9404,6/6/2019 14:20,14:20,15,0,0,COLORADO BOULEVARD NORTH & 4500 BLOCK NORTH,1,1,0,0,1,4,,1,,0,0,0,0,0,2,2,3
,2019-25479,39.777196,-104.940523,10/9/2019 12:03,12:03,12,0,0,COLORADO BOULEVARD NORTH & 40TH AVENUE EAST,1,1,1,0,1,4,,0,40,0,0,0,0,0,2,2,3
,2019-25480,39.77802,-104.940532,1/2/2019 16:37,16:37,12,0,0,COLORADO BOULEVARD NORTH & I70 EASTBOUND ON RAMP,1,1,0,0,1,4,,0,40,0,0,0,0,0,2,2,1
,2019-25481,39.77802,-104.940532,1/25/2019 16:15,16:15,15,0,0,COLORADO BOULEVARD NORTH & I70,1,1,1,0,1,4,,0,40,0,0,0,0,0,2,2,13
,2019-25483,39.77802,-104.940532,7/2/2019 17:55,17:55,15,0,0,COLORADO BOULEVARD NORTH & I70 EASTBOUND ON RAMP,1,1,0,0,1,4,,0,35,0,0,0,1,0,2,2,8
,2019-25484,39.778157,-104.94053,5/1/2019 11:33,11:33,15,0,0,COLORADO BOULEVARD NORTH & I70 EASTBOUND ON RAMP,1,1,0,0,1,1,,0,35,0,0,0,0,0,2,2,14
,2019-25485,39.778294,-104.940528,4/30/2019 12:20,12:20,15,0,0,COLORADO BOULEVARD NORTH & I70 EASTBOUND ON RAMP,1,1,1,0,1,4,,0,35,0,0,0,0,0,2,2,13
,2019-25486,39.779029,-104.94062,11/6/2019 17:07,17:07,15,0,3,COLORADO BOULEVARD NORTH & I70 EASTBOUND ON RAMP,2,3,0,1,1,4,,0,40,0,0,0,0,1,2,3,1
,2019-25487,39.778706,-104.940522,6/24/2019 10:14,10:14,12,0,0,COLORADO BOULEVARD NORTH & I70 / 4500 BLOCK NORTH,1,1,0,0,1,4,,0,40,0,0,0,0,0,2,2,13
,2019-25488,39.779118,-104.940517,2/4/2019 15:18,15:18,3,0,0,COLORADO BOULEVARD NORTH & I70 EASTBOUND OFF RAMP,1,1,0,0,1,1,,0,40,0,0,0,0,0,2,2,15
,2019-25489,39.779118,-104.940517,3/13/2019 11:00,11:00,3,0,0,COLORADO BOULEVARD NORTH & I70 EASTBOUND OFF RAMP,4,1,1,2,1,1,,0,40,0,0,0,0,0,2,2,7
,2019-25490,39.779118,-104.940517,12/21/2019 2:16,2:16,3,0,2,COLORADO BOULEVARD NORTH & I70 EASTBOUND OFF RAMP,1,3,1,0,1,1,,0,45,0,0,0,0,1,2,2,5
,2019-25491,39.779529,-104.940511,7/16/2019 16:50,16:50,12,0,0,COLORADO BOULEVARD NORTH & I70,1,1,0,0,1,4,,0,40,0,0,0,0,0,2,2,1
,2019-25492,39.779941,-104.940506,11/29/2019 7:20,7:20,8,0,1,COLORADO BOULEVARD NORTH & I70,5,1,0,2,5,4,,0,40,0,0,0,0,2,2,2,13
,2019-25493,39.780099,-104.940503,2/19/2019 17:21,17:21,12,0,0,COLORADO BOULEVARD NORTH & I70,1,1,0,0,1,4,,0,45,0,0,0,0,0,2,2,3
,2019-25494,39.780099,-104.940503,2/19/2019 17:21,17:21,12,0,0,COLORADO BOULEVARD NORTH & I70,1,1,0,0,1,4,,0,45,0,0,0,0,0,2,2,3
,2019-25495,39.780099,-104.940503,5/20/2019 17:09,17:09,15,0,0,COLORADO BOULEVARD NORTH & I70 WB LOOP ENTRANCE GORE POINT,2,1,1,1,1,4,,0,35,0,0,0,0,0,2,2,1
,2019-25496,39.780099,-104.940503,9/13/2019 21:49,21:49,12,0,0,HIGHWAY 2 / COLORADO BOULEVARD NORTH & I70,1,3,0,0,1,4,,0,35,0,0,0,0,0,2,2,13
,2019-25497,39.780099,-104.940503,10/10/2019 15:22,15:22,12,0,1,COLORADO BOULEVARD NORTH & I70,2,1,1,0,1,4,,0,40,0,0,0,0,1,2,3,12
,2019-25498,39.780099,-104.940503,11/1/2019 8:38,8:38,15,0,0,COLORADO BOULEVARD NORTH & I70,1,1,0,0,1,4,,0,35,0,0,0,0,0,2,2,13