id,drcog_id,latitude,longitude,crashtime,time,crashtype,numbkilled,numbinjurd,drcoglocat,rdconditin,lightngcon,roadcntgrd,weatherco,location,roaddescrp,schoolzone,constrzone,splimit,bikeinv,sctrinv,pedinv,motoinv,svrty,rdsystem,ttlvehcls,hcf
,2019-25499,39.78022,-104.940502,7/16/2019 9:50,9:50,15,0,0,COLORADO BOULEVARD NORTH & I70 WB LOOP ON RAMP ENTRANCE GORE POINT,1,1,1,0,1,4,,0,35,0,0,0,0,0,2,3,8
,2019-25500,39.780422,-104.940502,11/12/2019 13:10,13:10,12,0,0,COLORADO BOULEVARD NORTH & I70,1,1,0,0,1,4,,0,40,0,0,0,0,0,2,2,1
,2019-25501,39.781472,-104.940493,7/28/2019 22:00,22:00,3,0,0,COLORADO BOULEVARD NORTH & I70 WB OFF RAMP,1,3,0,0,1,1,,0,35,0,0,0,0,0,2,2,3
,2019-25502,39.781472,-104.940493,8/7/2019 9:55,9:55,12,0,1,COLORADO BOULEVARD NORTH & I70 WB OFF RAMP,1,1,0,0,1,1,,0,45,0,0,0,1,1,2,2,14
,2019-25503,39.781472,-104.940493,9/19/2019 13:30,13:30,3,0,0,HIGHWAY 2 / COLORADO BOULEVARD NORTH & I70 WB OFF RAMP,1,1,0,0,1,1,,0,40,0,0,0,0,0,2,2,13
,2019-25504,39.781472,-104.940493,11/8/2019 8:20,8:20,15,0,0,COLORADO BOULEVARD NORTH & I70 WB OFF RAMP,1,1,1,0,1,1,,0,35,0,0,0,0,0,2,2,13
,2019-25505,39.781472,-104.940493,12/10/2019 10:16,10:16,15,0,1,COLORADO BOULEVARD NORTH & I70 WB OFF RAMP,1,1,1,0,1,1,,0,20,0,0,0,0,1,2,2,14
,2019-25506,39.78163,-104.940491,3/26/2019 23:37,23:37,15,0,0,COLORADO BOULEVARD NORTH & I70 WB OFF RAMP,1,3,0,0,1,4,,0,35,0,0,0,0,0,2,2,7
,2019-25507,39.783575,-104.940463,3/3/2019 16:40,16:40,12,0,0,COLORADO BOULEVARD NORTH & 48TH AVENUE EAST / 4600 BLOCK NORTH,11,1,0,2,1,4,,0,40,0,0,0,0,0,2,2,13
,2019-25508,39.783692,-104.940461,2/1/2019 16:08,16:08,12,0,0,COLORADO BOULEVARD NORTH & 48TH AVENUE EAST / 4700 BLOCK NORTH,1,1,0,0,1,4,,0,40,0,0,0,0,0,2,2,3
,2019-25509,39.783831,-104.940459,1/6/2019 13:00,13:00,3,0,2,48TH AVENUE EAST & COLORADO BOULEVARD NORTH,1,1,0,0,1,1,,0,35,0,0,0,0,1,2,2,10
,2019-2551,39.785733,-104.8830885,12/17/2019 14:16,14:16,3,0,2,NORTHFIELD BOULEVARD EAST & CENTRAL PARK BOULEVARD NORTH,1,1,0,0,1,1,,0,35,0,0,0,0,2,4,2,13
,2019-25511,39.783831,-104.940459,2/8/2019 9:26,9:26,3,0,3,48TH AVENUE EAST & COLORADO BOULEVARD NORTH,5,1,0,0,1,1,,0,30,0,0,0,0,2,2,2,13
,2019-25513,39.783831,-104.940459,5/30/2019 10:36,10:36,15,0,0,48TH AVENUE EAST & COLORADO BOULEVARD NORTH,1,1,0,0,1,1,,0,25,0,0,0,0,0,2,2,13
,2019-25514,39.783831,-104.940459,7/2/2019 13:04,13:04,12,0,1,48TH AVENUE EAST & COLORADO BOULEVARD NORTH,1,1,0,0,1,1,,0,25,0,0,0,0,2,2,2,1
,2019-25516,39.783831,-104.940459,7/3/2019 17:50,17:50,3,0,0,COLORADO BOULEVARD NORTH & 48TH AVENUE EAST,1,1,0,0,1,1,,0,30,0,0,0,0,0,2,2,1
,2019-25517,39.783831,-104.940459,7/5/2019 20:16,20:16,1,0,2,COLORADO BOULEVARD NORTH & 48TH AVENUE EAST,2,3,0,1,1,1,,0,45,0,0,0,0,2,2,2,1
,2019-25518,39.783831,-104.940459,8/10/2019 8:21,8:21,12,0,2,COLORADO BOULEVARD NORTH & 48TH AVENUE EAST,1,1,0,0,1,1,,0,35,0,0,0,0,1,2,2,3
,2019-25519,39.783831,-104.940459,10/31/2019 10:50,10:50,10,0,0,48TH AVENUE EAST & COLORADO BOULEVARD,2,1,0,0,1,1,,0,30,0,0,0,0,0,2,2,7
,2019-25520,39.783831,-104.940459,11/27/2019 10:41,10:41,12,0,0,COLORADO BOULEVARD NORTH & 48TH AVENUE EAST,5,1,0,0,1,1,,0,40,0,0,0,1,0,2,2,13
,2019-25521,39.783831,-104.940459,12/10/2019 8:41,8:41,12,0,0,COLORADO BOULEVARD NORTH & 48TH AVENUE EAST,1,1,0,0,1,1,,0,45,0,0,0,0,0,2,2,2
,2019-25522,39.783831,-104.940459,12/23/2019 15:25,15:25,10,0,0,48TH AVENUE EAST & COLORADO BOULEVARD NORTH,1,1,0,0,1,1,,0,25,0,0,0,0,0,2,2,1
,2019-25523,39.784022,-104.940456,6/21/2019 7:10,7:10,12,0,0,COLORADO BOULEVARD NORTH & 48TH AVENUE EAST,1,1,0,0,1,4,,0,45,0,0,0,0,0,2,2,14
,2019-25524,39.784213,-104.940453,3/21/2019 12:09,12:09,12,0,0,COLORADO BOULEVARD NORTH & 48TH AVENUE EAST,1,1,0,0,1,4,,0,40,0,0,0,0,0,2,2,13
,2019-25525,39.78612,-104.940426,8/28/2019 9:12,9:12,15,0,0,HIGHWAY 2 / COLORADO BOULEVARD NORTH & 48TH AVENUE EAST,1,1,1,0,1,4,,0,40,0,0,0,0,0,2,2,13
,2019-25526,39.787169,-104.940411,4/26/2019 23:56,23:56,5,0,0,COLORADO BOULEVARD NORTH & 50TH AVENUE EAST,1,3,0,0,1,3,,0,35,0,0,0,0,0,2,1,13
,2019-25527,39.788884,-104.940338,6/28/2019 17:48,17:48,3,0,0,COLORADO BOULEVARD NORTH & 51ST AVENUE EAST,1,1,0,0,1,1,,0,35,0,0,0,0,0,2,2,13
,2019-25528,39.790939,-104.939902,3/7/2019 16:35,16:35,1,0,0,COLORADO BOULEVARD NORTH & 52ND AVENUE EAST,1,1,0,0,1,1,,0,40,0,0,0,0,0,2,2,1
,2019-25529,39.790939,-104.939902,3/7/2019 17:25,17:25,1,0,0,COLORADO BOULEVARD NORTH & 52ND AVENUE EAST,1,1,0,0,1,1,,0,40,0,0,0,0,0,2,2,1
,2019-2553,39.772845,-104.833531,11/27/2019 20:24,20:24,5,0,0,I70 EASTBOUND EXIT GORE POINT TO & I225 SOUTHBOUND,5,3,0,0,1,4,,0,55,0,0,0,1,0,1,1,13
,2019-25530,39.790939,-104.939902,4/4/2019 8:25,8:25,1,0,0,COLORADO BOULEVARD NORTH & 52ND AVENUE EAST,1,1,1,0,1,1,,0,40,0,0,0,0,0,2,2,7
,2019-25531,39.790939,-104.939902,4/11/2019 9:51,9:51,3,0,0,COLORADO BOULEVARD NORTH & 52ND AVENUE EAST,2,1,0,0,1,1,,0,40,0,0,0,0,0,2,2,8
,2019-25532,39.790939,-104.939902,4/19/2019 13:59,13:59,3,0,0,52ND AVENUE EAST & COLORADO BOULEVARD NORTH,1,1,0,0,1,1,,0,45,0,0,0,0,0,2,2,13
,2019-25533,39.790939,-104.939902,6/13/2019 17:55,17:55,1,0,1,COLORADO BOULEVARD NORTH & 52ND AVENUE EAST,1,1,0,0,1,1,,0,45,0,0,0,0,1,2,2,13
,2019-25534,39.790939,-104.939902,7/2/2019 15:55,15:55,1,0,0,COLORADO BOULEVARD NORTH & 52ND AVENUE EAST,1,1,0,0,1,1,,0,45,0,0,0,0,0,2,2,1
,2019-25535,39.790939,-104.939902,10/2/2019 17:59,17:59,3,0,0,COLORADO BOULEVARD NORTH & 52ND AVENUE EAST,1,2,0,0,1,1,,0,30,0,0,0,0,0,2,2,1
,2019-2555,39.782511,-104.876289,10/21/2019 8:20,8:20,15,0,0,NORTHFIELD BOULEVARD EAST & DALLAS STREET NORTH,1,1,0,0,1,3,,0,35,0,0,0,1,0,4,2,13
,2019-2556,39.74623617,-104.9925724,4/22/2019 21:45,21:45,11,0,1,STOUT STREET 1600 BLOCK & 16TH STREET,1,3,0,0,1,2,,0,,0,0,1,0,1,4,2,13
,2019-2559,39.758562,-105.00799,5/23/2019 21:44,21:44,5,0,0,I25 NORTHBOUND EXIT GORE POINT & 20TH STREET,1,3,0,0,2,4,,0,55,0,0,0,0,0,1,1,13
,2019-2561,39.696625,-104.940562,2/3/2019 13:42,13:42,5,0,0,COLORADO BOULEVARD SOUTH & MISSISSIPPI AVENUE EAST,1,1,0,0,2,1,,0,35,0,0,0,1,0,2,1,13
,2019-2562,39.696625,-104.940562,9/10/2019 6:37,6:37,12,0,0,MISSISSIPPI AVENUE EAST & COLORADO BOULEVARD SOUTH,1,1,0,0,1,1,,0,35,0,0,0,0,0,2,2,13
,2019-2563,39.725476,-104.940629,1/17/2019 19:47,19:47,15,0,0,COLORADO BOULEVARD NORTH & SIXTH AVENUE EAST,1,3,0,0,1,1,,0,,0,0,0,0,0,2,2,13
,2019-25631,39.74001,-104.968714,7/5/2019 12:06,12:06,6,0,0,COLFAX AVENUE EAST & FRANKLIN STREET NORTH,1,1,0,0,1,4,,0,30,0,0,0,0,0,2,2,14
,2019-2565,39.747474,-104.9746905,3/29/2019 20:01,20:01,15,0,0,OGDEN STREET NORTH & 20TH STREET,2,3,1,1,1,1,,0,25,0,0,0,0,0,4,2,7
,2019-2566,39.725613,-104.9752305,4/24/2019 8:45,8:45,3,0,0,OGDEN STREET NORTH & SIXTH AVENUE EAST,1,1,0,0,1,1,,0,25,0,0,0,0,0,4,2,13
,2019-2568,39.740086,-104.940612,4/3/2019 23:09,23:09,3,0,0,COLORADO BOULEVARD NORTH & COLFAX AVENUE EAST,1,3,0,0,1,1,,0,35,0,0,0,0,0,2,2,13
,2019-2570,39.781472,-104.940493,8/27/2019 6:03,6:03,15,0,0,COLORADO BOULEVARD NORTH & I70 WB OFF RAMP,1,1,1,0,1,1,,0,35,0,0,0,0,0,2,2,14
,2019-2571,39.783772,-104.940519,7/2/2019 8:42,8:42,10,0,0,48TH AVENUE EAST & COLORADO BOULEVARD NORTH,1,1,0,0,1,1,,0,25,0,0,0,0,0,2,2,13
,2019-2573,39.678112,-104.94063,9/11/2019 17:00,17:00,3,0,0,COLORADO BOULEVARD SOUTH & EVANS AVENUE EAST,1,1,0,1,1,2,,0,35,0,0,0,0,0,2,2,1
,2019-2577,39.780099,-104.940503,5/22/2019 16:26,16:26,5,0,0,COLORADO BOULEVARD NORTH & I70,1,1,0,0,3,4,,0,35,0,0,0,0,0,2,1,3
,2019-25777,39.725643,-105.048625,9/23/2019 7:50,7:50,15,0,1,HIGHWAY 6 WB EXIT GORE POINT TO & SHERIDAN BOULEVARD NORTH,1,1,0,0,1,4,,0,65,0,0,0,0,1,2,2,13
,2019-2584,39.702159,-104.9875605,2/25/2019 16:09,16:09,15,0,0,OHIO AVENUE EAST & BROADWAY STREET SOUTH,1,1,0,0,1,1,,0,25,0,0,0,0,0,4,2,13
,2019-25840,39.725512,-105.013153,5/7/2019 16:21,16:21,15,0,0,SIXTH AVENUE WEST & I25,2,1,1,1,1,4,,0,65,0,0,0,0,0,2,2,13
,2019-25841,39.725655,-105.053128,4/17/2019 6:06,6:06,12,0,4,HIGHWAY 6 EASTBOUND ON RAMP FROM & SHERIDAN BOULEVARD NORTH,1,2,0,0,1,7,,0,55,0,0,0,0,2,2,4,13
,2019-25842,39.725655,-105.053128,6/13/2019 9:04,9:04,12,0,0,SIXTH AVENUE EASTBOUND ON RAMP & SHERIDAN BOULEVARD NORTH,1,1,1,0,1,7,,0,55,0,0,0,0,0,2,2,3
,2019-25843,39.725655,-105.053128,7/19/2019 13:54,13:54,12,0,1,HIGHWAY 6 EASTBOUND ON RAMP & SHERIDAN BOULEVARD NORTH,1,1,0,0,1,7,,0,55,0,0,0,0,1,2,3,3
,2019-25844,39.725655,-105.053128,1/14/2019 12:24,12:24,12,0,1,HIGHWAY 6 WB OFF RAMP SLIP & SHERIDAN BOULEVARD NORTH,1,1,1,0,1,7,,0,35,0,0,0,0,1,2,2,13
,2019-25845,39.725655,-105.053128,1/20/2019 10:22,10:22,12,0,0,HIGHWAY 6 WB OFF RAMP & SHERIDAN BOULEVARD NORTH,1,1,0,0,1,7,,0,45,0,0,0,0,0,2,2,3
,2019-25846,39.725655,-105.053128,1/25/2019 13:29,13:29,12,0,0,HIGHWAY 6 WB OFF RAMP & SHERIDAN BOULEVARD NORTH,1,1,0,0,1,7,,0,35,0,0,0,0,0,2,2,13
,2019-25847,39.725655,-105.053128,8/19/2019 14:10,14:10,12,0,0,HIGHWAY 6 WB OFF RAMP SLIP & SHERIDAN BOULEVARD NORTH,1,1,1,0,1,7,,0,35,0,0,0,0,0,2,2,7
,2019-25848,39.725655,-105.053128,10/4/2019 12:39,12:39,12,0,0,HIGHWAY 6 WB OFF RAMP SLIP & SHERIDAN BOULEVARD NORTH,1,1,0,0,1,7,,0,30,0,0,0,0,0,2,2,3
,2019-25850,39.725655,-105.053128,10/25/2019 11:30,11:30,12,0,0,HIGHWAY 6 WB OFF RAMP SLIP & SHERIDAN BOULEVARD NORTH,1,1,0,0,1,7,,0,30,0,0,0,0,0,2,2,13
,2019-25851,39.725655,-105.052941,1/14/2019 8:19,8:19,12,0,0,SIXTH AVENUE WEST & SHERIDAN BOULEVARD NORTH INTCH,1,1,0,0,1,4,,0,65,0,0,0,0,0,2,2,3
,2019-25853,39.725655,-105.052941,5/16/2019 7:37,7:37,12,0,0,SIXTH AVENUE WEST & SHERIDAN BOULEVARD NORTH,1,1,0,0,1,4,,0,65,0,0,0,0,0,2,2,3
,2019-25854,39.725655,-105.052754,1/12/2019 13:35,13:35,12,0,3,SIXTH AVENUE WEST EASTBOUND ON RAMP & SHERIDAN BOULEVARD NORTH,1,1,2,0,1,7,,0,55,0,0,0,1,1,2,4,3
,2019-25855,39.725655,-105.052754,3/24/2019 17:33,17:33,12,0,0,HIGHWAY 6 EASTBOUND ON RAMP SLIP MERGE POINT FROM & HIGHWAY 95 NORTHBOUND,1,1,1,0,1,7,,0,50,0,0,0,0,0,2,3,1
,2019-25856,39.725655,-105.052566,11/22/2019 13:30,13:30,15,0,0,SIXTH AVENUE WEST & SHERIDAN BOULEVARD NORTH,1,1,0,0,1,4,,0,55,0,0,0,0,0,2,2,13
,2019-25857,39.725655,-105.052566,5/1/2019 5:44,5:44,12,0,0,HIGHWAY 6 EASTBOUND ON RAMP FROM & SHERIDAN BOULEVARD NORTH,2,1,1,1,1,7,,0,35,0,0,0,1,0,2,2,13
,2019-25858,39.725421,-105.026298,9/4/2019 18:04,18:04,12,0,0,HIGHWAY 6 EASTBOUND OFF RAMP & FEDERAL BOULEVARD NORTH,1,1,1,0,1,7,,0,55,0,0,0,0,0,2,2,13
,2019-25859,39.725655,-105.052566,11/12/2019 6:50,6:50,12,0,0,HIGHWAY 6 EASTBOUND ON RAMP FROM & SHERIDAN BOULEVARD NORTH,1,2,1,0,1,7,,0,65,0,0,0,0,0,2,2,7
,2019-25860,39.725655,-105.052379,12/2/2019 15:06,15:06,12,0,0,SIXTH AVENUE EASTBOUND ON RAMP & SHERIDAN BOULEVARD NORTH,2,1,0,0,1,7,,0,25,0,0,0,0,0,2,2,13
,2019-25861,39.725655,-105.052191,1/4/2019 6:38,6:38,15,0,2,SIXTH AVENUE WEST & SHERIDAN BOULEVARD NORTH,1,2,0,0,1,4,,0,55,0,0,0,0,2,2,2,3
,2019-25863,39.725655,-105.052191,1/25/2019 20:57,20:57,12,0,0,SIXTH AVENUE WEST & SHERIDAN BOULEVARD NORTH,1,3,0,0,1,4,,0,,0,0,0,0,0,2,3,13
,2019-25864,39.725655,-105.052191,10/6/2019 21:29,21:29,12,0,0,SIXTH AVENUE WEST & SHERIDAN BOULEVARD NORTH,1,3,0,0,1,4,,0,55,0,0,0,0,0,2,2,13
,2019-25865,39.725655,-105.052191,8/8/2019 13:50,13:50,12,0,0,HIGHWAY 6 EASTBOUND ON RAMP & SHERIDAN BOULEVARD NORTH,1,1,0,0,1,7,,0,55,0,0,0,0,0,2,3,13
,2019-25866,39.725655,-105.052004,6/16/2019 23:23,23:23,12,0,0,SIXTH AVENUE WEST & MM 282.4,1,3,0,1,1,4,,0,55,0,0,0,0,0,2,3,5
,2019-25867,39.725655,-105.051817,12/4/2019 11:20,11:20,12,0,0,SIXTH AVENUE EASTBOUND ON RAMP & SHERIDAN BOULEVARD NORTH,1,1,1,0,1,7,,0,5,0,0,0,0,0,2,2,1
,2019-25868,39.725655,-105.051629,12/8/2019 11:04,11:04,12,0,1,SIXTH AVENUE & SHERIDAN BOULEVARD NORTH,1,1,0,0,1,4,,0,65,0,0,0,0,1,2,2,3
,2019-25869,39.725648,-105.052003,9/27/2019 8:48,8:48,12,0,0,HIGHWAY 6 EASTBOUND ENTRANCE GORE POINT & HIGHWAY 95,1,1,0,0,1,4,,0,55,0,0,0,0,0,2,2,13
,2019-25870,39.725652,-105.050131,8/6/2019 6:54,6:54,12,0,0,HIGHWAY 6 EASTBOUND ON RAMP ENTRANCE GORE POINT & SHERIDAN BOULEVARD NORTH,1,1,1,0,1,7,,0,35,0,0,0,0,0,2,2,13
,2019-25871,39.725553,-105.036205,5/2/2019 10:13,10:13,5,0,1,SIXTH AVENUE WEST & MEADE STREET NORTH,1,1,0,0,2,4,,0,55,0,0,0,0,1,2,1,10
,2019-25872,39.725649,-105.049755,10/11/2019 15:23,15:23,12,0,0,HIGHWAY 6 EASTBOUND ENTRANCE GORE POINT & SHERIDAN BOULEVARD NORTH,1,1,0,0,1,4,,0,55,0,0,0,0,0,2,4,3
,2019-25873,39.725649,-105.049755,12/6/2019 19:43,19:43,15,0,0,SIXTH AVENUE WEST & SHERIDAN BOULEVARD NORTH / 4500 BLOCK WEST,1,3,0,0,1,4,,0,45,0,0,0,0,0,2,2,14
,2019-25874,39.725649,-105.049755,6/23/2019 3:46,3:46,5,0,0,HIGHWAY 6 WB OFF RAMP & SHERIDAN BOULEVARD NORTH,1,3,0,0,3,7,,0,65,0,0,0,0,0,2,1,5
,2019-25876,39.725644,-105.048813,7/13/2019 19:47,19:47,15,0,0,HIGHWAY 6 EASTBOUND ENTRANCE GORE POINT & SHERIDAN BOULEVARD NORTH,2,1,0,1,1,4,,0,65,0,0,0,0,0,2,3,14
,2019-25877,39.725643,-105.048625,2/4/2019 9:25,9:25,12,0,0,SIXTH AVENUE WEST & WOLFF STREET NORTH,1,1,0,0,1,4,,0,55,0,0,0,0,0,2,2,7
,2019-25878,39.725643,-105.048625,5/5/2019 21:20,21:20,12,0,0,HIGHWAY 6 WB EXIT GORE POINT TO & SHERIDAN BOULEVARD NORTH,1,3,0,0,1,4,,0,55,0,0,0,0,0,2,2,1
,2019-25879,39.725643,-105.048625,6/16/2019 3:54,3:54,12,0,1,SIXTH AVENUE WEST & SHERIDAN BOULEVARD NORTH,1,3,0,0,1,4,,0,55,0,0,0,0,1,2,2,14
,2019-25880,39.725643,-105.048625,8/11/2019 13:36,13:36,5,0,0,SIXTH AVENUE WEST & SHERIDAN BOULEVARD NORTH,1,1,1,0,2,4,,0,65,0,0,0,0,0,2,1,10
,2019-25881,39.725643,-105.048625,9/2/2019 22:32,22:32,5,0,0,HIGHWAY 6 WB EXIT GORE POINT & SHERIDAN BOULEVARD NORTH,1,3,0,0,3,4,,0,65,0,0,0,0,0,2,1,13
,2019-25882,39.725643,-105.048625,10/2/2019 11:53,11:53,12,0,1,SIXTH AVENUE WEST & SHERIDAN BOULEVARD NORTH,1,1,0,0,1,4,,0,55,0,0,0,0,2,2,2,13
,2019-25883,39.725643,-105.048625,12/18/2019 6:55,6:55,12,0,0,SIXTH AVENUE WEST & SHERIDAN BOULEVARD NORTH,1,1,0,0,1,4,,0,55,0,0,0,0,0,2,3,13
,2019-25884,39.725597,-105.043871,8/26/2019 5:09,5:09,12,0,0,SIXTH AVENUE WEST & SHERIDAN BOULEVARD NORTH,1,3,1,0,1,4,,0,55,0,0,0,0,0,2,3,13
,2019-25885,39.725597,-105.043871,9/14/2019 22:40,22:40,5,0,0,SIXTH AVENUE WEST & TENNYSON STREET NORTH,1,3,0,0,1,4,,0,55,0,0,0,0,0,2,1,1
,2019-25886,39.725512,-105.013153,7/31/2019 13:45,13:45,12,0,0,SIXTH AVENUE WEST & I25,1,1,0,0,1,4,,0,55,0,0,0,0,0,2,2,13
,2019-25887,39.725597,-105.043871,10/31/2019 16:25,16:25,12,0,0,SIXTH AVENUE WEST & SHERIDAN BOULEVARD NORTH,2,1,0,0,1,4,,0,55,0,0,0,0,0,2,2,13
,2019-25888,39.725588,-105.040238,7/22/2019 8:45,8:45,15,0,0,SIXTH AVENUE WEST & PERRY STREET NORTH,1,1,1,0,1,4,,0,55,0,0,0,0,0,2,2,13
,2019-25890,39.72556,-105.039538,1/3/2019 7:48,7:48,12,0,0,SIXTH AVENUE WEST & PERRY STREET NORTH,2,2,1,0,1,4,,0,55,0,0,0,0,0,2,4,1
,2019-25891,39.725552,-105.039373,1/3/2019 7:48,7:48,12,0,0,SIXTH AVENUE WEST & PERRY STREET NORTH,2,1,1,0,1,4,,0,55,0,0,0,0,0,2,2,13
,2019-25892,39.725552,-105.039373,1/8/2019 15:05,15:05,12,0,0,SIXTH AVENUE WEST & PERRY STREET NORTH,1,1,0,0,1,4,,0,45,0,0,0,0,0,2,3,3
,2019-25893,39.725552,-105.039373,1/25/2019 16:24,16:24,15,0,0,SIXTH AVENUE WEST & PERRY STREET NORTH,1,1,1,0,1,4,,0,55,0,0,0,0,0,2,2,6
,2019-25894,39.725552,-105.039373,2/5/2019 7:38,7:38,15,0,0,SIXTH AVENUE & PERRY STREET SOUTH,1,1,0,0,1,4,,0,55,0,0,0,0,0,2,2,14
,2019-25895,39.725552,-105.039373,4/9/2019 16:08,16:08,12,0,0,SIXTH AVENUE WEST & PERRY STREET NORTH,1,1,1,0,1,4,,0,55,0,0,0,0,0,2,2,3
,2019-25896,39.725552,-105.039373,6/16/2019 11:34,11:34,12,0,0,SIXTH AVENUE WEST & PERRY STREET NORTH,1,1,1,0,1,4,,0,55,0,0,0,0,0,2,2,1
,2019-25897,39.725552,-105.039373,9/10/2019 6:17,6:17,12,0,0,SIXTH AVENUE WEST & PERRY STREET NORTH,1,1,0,0,1,4,,0,55,0,0,0,0,0,2,2,3
,2019-25899,39.725552,-105.039373,11/8/2019 6:20,6:20,12,0,1,SIXTH AVENUE WEST & PERRY STREET NORTH,1,2,1,0,1,4,,0,65,0,0,0,0,1,2,4,13
,2019-2590,39.749031,-104.98023,8/6/2019 23:05,23:05,8,0,0,PARK AVENUE WEST & COURT PLACE,1,3,0,0,1,1,,0,30,0,0,0,0,0,4,2,14
,2019-25900,39.725537,-105.038996,4/28/2019 16:59,16:59,12,0,0,SIXTH AVENUE WEST & PERRY STREET NORTH,1,1,1,0,1,4,,0,55,0,0,0,0,0,2,3,13
,2019-25901,39.725548,-105.037503,6/8/2019 16:45,16:45,12,0,0,SIXTH AVENUE WEST & PERRY STREET NORTH,1,1,0,0,1,4,,0,65,0,0,0,0,0,2,2,13
,2019-25902,39.725549,-105.035092,10/12/2019 16:04,16:04,12,0,0,SIXTH AVENUE WEST & LOWELL BOULEVARD NORTH,1,1,0,0,1,4,,0,55,0,0,0,0,0,2,2,3
,2019-25903,39.734978,-104.940596,9/28/2019 2:29,2:29,5,0,0,COLORADO BOULEVARD NORTH & 1200 NORTH COLORADO BOULEVARD,1,3,0,0,3,2,,0,40,0,0,0,0,0,2,1,5
,2019-25904,39.725548,-105.037319,8/2/2019 7:59,7:59,12,0,0,SIXTH AVENUE WEST & PERRY STREET NORTH,1,1,1,0,1,4,,0,55,0,0,0,0,0,2,4,1
,2019-25905,39.72555,-105.036948,2/5/2019 7:11,7:11,12,0,0,SIXTH AVENUE WEST & LOWELL BOULEVARD NORTH,1,1,0,0,1,4,,0,55,0,0,0,0,0,2,2,3
,2019-25906,39.725551,-105.036762,6/17/2019 11:25,11:25,15,0,0,SIXTH AVENUE EAST & LOWELL BOULEVARD NORTH,1,1,1,0,1,4,,0,,0,0,0,0,0,2,3,13
,2019-25907,39.725552,-105.036576,8/2/2019 7:59,7:59,12,0,0,SIXTH AVENUE WEST & PERRY STREET NORTH,1,1,1,0,1,4,,0,55,0,0,0,0,0,2,2,1
,2019-25909,39.725553,-105.036205,8/2/2019 7:59,7:59,12,0,0,SIXTH AVENUE WEST & PERRY STREET NORTH,1,1,1,0,1,4,,0,55,0,0,0,0,0,2,3,1
,2019-2591,39.74006,-104.9861,12/28/2019 8:06,8:06,12,0,0,COLFAX AVENUE EAST & LINCOLN STREET NORTH,4,1,0,2,1,1,,0,30,0,0,0,0,0,2,2,5
,2019-25910,39.725551,-105.035463,7/18/2019 8:05,8:05,12,0,0,SIXTH AVENUE WEST & LOWELL BOULEVARD NORTH,1,1,0,0,1,4,,0,55,0,0,0,0,0,2,2,3
,2019-25911,39.72555,-105.035278,9/14/2019 22:22,22:22,12,0,0,SIXTH AVENUE WEST & LOWELL BOULEVARD NORTH,1,3,0,0,1,4,,0,35,0,0,0,1,0,2,2,13
,2019-25912,39.72562,-105.010517,3/28/2019 3:57,3:57,5,0,0,SIXTH AVENUE WEST & I25 NORTHBOUND OFF RAMP,1,3,1,0,2,4,,0,55,0,0,0,0,0,2,1,1
,2019-25913,39.725549,-105.035092,1/3/2019 20:38,20:38,15,0,0,SIXTH AVENUE WEST & FEDERAL BOULEVARD NORTH EASTBOUND EXIT GORE APPROXIMATELY,1,3,0,0,1,3,,0,50,0,0,0,0,0,2,2,8
,2019-25914,39.725549,-105.035092,3/7/2019 9:30,9:30,12,0,0,SIXTH AVENUE & LOWELL BOULEVARD,1,1,0,0,1,4,,0,55,0,0,0,0,0,2,3,13
,2019-25916,39.725549,-105.035092,5/10/2019 9:11,9:11,12,0,0,SIXTH AVENUE WEST & LOWELL BOULEVARD NORTH,1,1,0,0,1,4,,0,40,0,0,0,0,0,2,2,14
,2019-25917,39.725549,-105.035092,6/11/2019 11:15,11:15,12,0,1,SIXTH AVENUE WEST & LOWELL BOULEVARD NORTH,1,1,0,0,1,4,,0,55,0,0,0,0,2,2,2,8
,2019-25918,39.725549,-105.035092,8/19/2019 17:28,17:28,12,0,0,SIXTH AVENUE WEST & LOWELL BOULEVARD NORTH,1,1,1,0,1,4,,0,65,0,0,0,0,0,2,2,3
,2019-25919,39.725549,-105.035092,9/14/2019 22:11,22:11,12,0,0,SIXTH AVENUE WEST & LOWELL BOULEVARD NORTH,1,3,0,0,1,4,,0,55,0,0,0,0,0,2,3,13
,2019-25920,39.725547,-105.034529,4/2/2019 6:15,6:15,12,0,0,SIXTH AVENUE WEST & FEDERAL BOULEVARD NORTH,1,1,0,0,1,4,,0,55,0,0,0,0,0,2,2,1
,2019-25921,39.725547,-105.034529,6/8/2019 3:45,3:45,12,0,2,SIXTH AVENUE WEST & FEDERAL BOULEVARD NORTH,1,3,0,0,1,4,,0,55,0,0,0,0,2,2,2,1
,2019-25922,39.725547,-105.034529,12/6/2019 6:43,6:43,12,0,0,SIXTH AVENUE WEST & FEDERAL BOULEVARD NORTH / 4000 BLOCK WEST,2,1,0,0,1,4,,0,65,0,0,0,0,0,2,2,13
,2019-25923,39.725546,-105.034342,2/26/2019 10:49,10:49,12,0,0,SIXTH AVENUE EAST & LOWELL BOULEVARD,1,1,0,0,1,4,,0,35,0,0,0,0,0,2,2,14
,2019-25924,39.725545,-105.034154,9/20/2019 7:35,7:35,12,0,0,SIXTH AVENUE WEST & KNOX COURT NORTH,1,1,1,0,1,4,,0,55,0,0,0,0,0,2,2,14
,2019-25925,39.725511,-105.033227,6/11/2019 7:31,7:31,12,0,0,SIXTH AVENUE PARKWAY WEST & LOWELL BOULEVARD NORTH,1,1,0,0,1,4,,0,55,0,0,0,0,0,2,4,3