id,drcog_id,latitude,longitude,crashtime,time,crashtype,numbkilled,numbinjurd,drcoglocat,rdconditin,lightngcon,roadcntgrd,weatherco,location,roaddescrp,schoolzone,constrzone,splimit,bikeinv,sctrinv,pedinv,motoinv,svrty,rdsystem,ttlvehcls,hcf
,2019-25926,39.725517,-105.0333,7/26/2019 21:07,21:07,15,0,1,HIGHWAY 6 EASTBOUND ENTRANCE GORE POINT FROM & LOWELL BOULEVARD NORTH,1,3,1,0,1,4,,0,55,0,0,0,0,1,2,2,13
,2019-25927,39.725457,-105.032462,1/17/2019 15:19,15:19,12,0,0,SIXTH AVENUE WEST & KNOX COURT NORTH,1,1,1,0,1,4,,0,65,0,0,0,0,0,2,3,13
,2019-25928,39.725457,-105.032462,2/25/2019 9:29,9:29,12,0,0,SIXTH AVENUE WEST & KNOX COURT,1,1,0,0,1,4,,0,35,0,0,0,0,0,2,2,14
,2019-25929,39.725457,-105.032462,4/18/2019 7:49,7:49,12,0,0,SIXTH AVENUE WEST & KNOX COURT NORTH,1,1,0,0,1,4,,0,55,0,0,0,0,0,2,3,3
,2019-25930,39.725457,-105.032462,4/27/2019 9:15,9:15,12,0,0,SIXTH AVENUE & KNOX COURT / LOWELL WB EXIT GORE POINT,1,1,0,0,1,4,,0,55,0,0,0,0,0,2,2,13
,2019-25931,39.725457,-105.032462,5/31/2019 17:01,17:01,12,0,0,SIXTH AVENUE WEST & KNOX COURT NORTH,1,1,1,0,1,4,,0,45,0,0,0,0,0,2,2,13
,2019-25932,39.725457,-105.032462,10/10/2019 8:49,8:49,12,0,0,SIXTH AVENUE & KNOX COURT NORTH,10,1,1,2,1,4,,0,,0,0,0,0,0,2,2,13
,2019-25933,39.725457,-105.032462,11/19/2019 8:00,8:00,12,0,0,SIXTH AVENUE WEST & KNOX COURT NORTH,1,1,1,0,1,4,,0,55,0,0,0,0,0,2,2,13
,2019-25934,39.725454,-105.032275,5/6/2019 6:45,6:45,12,0,0,SIXTH AVENUE WEST & KNOX COURT NORTH,1,1,1,0,1,4,,0,55,0,0,0,0,0,2,4,7
,2019-25935,39.725454,-105.032275,5/6/2019 7:25,7:25,12,0,0,SIXTH AVENUE WEST & KNOX COURT,1,1,1,0,1,4,,0,55,0,0,0,0,0,2,2,7
,2019-25936,39.725451,-105.031902,2/21/2019 6:46,6:46,12,0,0,SIXTH AVENUE WEST & MM 283.50,1,1,0,0,1,4,,0,55,0,0,0,0,0,2,2,13
,2019-25937,39.725438,-105.031342,9/27/2019 21:11,21:11,12,0,1,SIXTH AVENUE WEST & KNOX COURT NORTH,1,4,0,0,1,4,,0,45,0,0,0,0,2,2,3,13
,2019-25938,39.725668,-105.031483,1/2/2019 11:21,11:21,12,0,3,HIGHWAY 6 WB DISTRIBUTOR RAMP EXIT GORE POINT T & LOWELL BOULEVARD,2,1,1,0,1,7,,0,55,0,0,0,0,1,2,4,13
,2019-25939,39.725425,-105.030782,5/31/2019 12:00,12:00,12,0,0,SIXTH AVENUE WEST & KNOX COURT NORTH,1,1,0,0,1,4,,0,65,0,0,0,0,0,2,2,13
,2019-25940,39.725423,-105.029848,1/12/2019 12:47,12:47,12,0,2,SIXTH AVENUE WEST & FEDERAL BOULEVARD NORTH,1,1,0,0,1,4,,0,55,0,0,0,0,1,2,3,12
,2019-25941,39.725423,-105.029848,2/19/2019 17:33,17:33,12,0,0,SIXTH AVENUE WEST & FEDERAL BOULEVARD NORTH / 3000 BLOCK WEST,1,3,0,0,1,4,,0,55,0,0,0,0,0,2,2,1
,2019-25942,39.725423,-105.029848,4/2/2019 6:20,6:20,12,0,0,SIXTH AVENUE WEST & FEDERAL BOULEVARD NORTH / 3600 BLOCK WEST,1,1,0,0,1,4,,0,65,0,0,0,0,0,2,2,13
,2019-25943,39.725423,-105.029848,4/27/2019 7:27,7:27,12,0,0,SIXTH AVENUE WEST & FEDERAL BOULEVARD NORTH,1,1,0,0,1,4,,0,65,0,0,0,0,0,2,2,3
,2019-25944,39.725423,-105.029848,8/2/2019 8:18,8:18,15,0,0,SIXTH AVENUE WEST & HIGHWAY 88 / FEDERAL BOULEVARD NORTH,1,1,0,0,1,4,,0,55,0,0,0,0,0,2,2,13
,2019-25945,39.725423,-105.029848,12/2/2019 7:33,7:33,12,0,0,SIXTH AVENUE WEST & FEDERAL BOULEVARD NORTH,1,1,0,0,1,4,,0,55,0,0,0,0,0,2,2,13
,2019-25946,39.725423,-105.028727,2/14/2019 9:45,9:45,15,0,0,SIXTH AVENUE EAST & FEDERAL BOULEVARD NORTH,1,1,1,0,1,4,,0,55,0,0,0,0,0,2,2,7
,2019-25947,39.725423,-105.028727,3/11/2019 11:27,11:27,12,0,4,SIXTH AVENUE WEST & FEDERAL BOULEVARD NORTH,1,1,0,0,1,4,,0,55,0,0,0,0,2,2,3,1
,2019-25948,39.725423,-105.028727,3/25/2019 16:45,16:45,15,0,2,SIXTH AVENUE WEST EASTBOUND OFF RAMP & FEDERAL BOULEVARD NORTH,1,1,1,0,1,7,,0,65,0,0,0,0,1,2,2,13
,2019-25949,39.725422,-105.028541,2/6/2019 14:54,14:54,5,0,0,SIXTH AVENUE EASTBOUND EXIT GORE POINT TO & EASTBOUND EXIT GORE POINT TO FEDERAL BOULEVARD NORTH,6,1,0,2,3,4,,0,55,0,0,0,0,0,2,1,13
,2019-25950,39.725422,-105.02798,7/18/2019 12:58,12:58,12,0,0,HIGHWAY 6 WB ENTRANCE GORE POINT & FEDERAL BOULEVARD NORTH,1,1,0,0,1,4,,0,55,0,0,0,0,0,2,2,13
,2019-25951,39.725422,-105.02798,10/12/2019 17:03,17:03,12,0,0,SIXTH AVENUE WEST & FEDERAL BOULEVARD NORTH,1,1,0,0,1,4,,0,65,0,0,0,0,0,2,2,12
,2019-25952,39.725422,-105.027606,10/21/2019 6:35,6:35,15,0,0,SIXTH AVENUE WEST & FEDERAL BOULEVARD NORTH,1,2,1,0,1,4,,0,55,0,0,0,0,0,2,2,3
,2019-25953,39.725422,-105.02742,12/12/2019 11:40,11:40,12,0,0,SIXTH AVENUE WEST & FEDERAL BOULEVARD NORTH,1,1,0,0,1,4,,0,65,0,0,0,0,0,2,2,1
,2019-25954,39.725422,-105.027233,11/12/2019 11:06,11:06,12,0,1,SIXTH AVENUE WEST & FEDERAL BOULEVARD NORTH,1,1,1,0,1,4,,0,55,0,0,0,0,1,2,2,13
,2019-25955,39.725421,-105.027046,3/4/2019 8:12,8:12,12,0,0,SIXTH AVENUE WB ON RAMP & FEDERAL BOULEVARD NORTH,9,1,0,0,1,7,,0,65,0,0,0,0,0,2,3,12
,2019-25956,39.725421,-105.026859,6/28/2019 9:18,9:18,12,0,0,SIXTH AVENUE WEST & FEDERAL BOULEVARD NORTH,1,1,0,0,1,4,,0,65,0,0,0,0,0,2,3,13
,2019-25957,39.725421,-105.026859,11/6/2019 17:33,17:33,12,0,0,SIXTH AVENUE WEST & FEDERAL BOULEVARD NORTH,2,3,0,1,1,4,,0,55,0,0,0,0,0,2,2,13
,2019-25958,39.725421,-105.026298,6/13/2019 9:00,9:00,12,0,0,SIXTH AVENUE WB ON RAMP & FEDERAL BOULEVARD SOUTH,1,1,0,0,1,7,,0,45,0,0,0,0,0,2,2,13
,2019-25959,39.72542,-105.025736,6/15/2019 9:19,9:19,12,0,0,SIXTH AVENUE WEST & LOWELL BOULEVARD NORTH,1,1,0,0,1,4,,0,55,0,0,0,0,0,2,2,14
,2019-25960,39.72542,-105.025736,4/1/2019 15:35,15:35,12,0,0,SIXTH AVENUE WB ON RAMP & FEDERAL BOULEVARD,1,1,1,0,1,7,,0,35,0,0,0,0,0,2,2,13
,2019-25961,39.72542,-105.025549,2/27/2019 19:44,19:44,12,0,0,SIXTH AVENUE WEST & FEDERAL BOULEVARD NORTH,1,3,0,0,1,4,,0,65,0,0,0,0,0,2,4,7
,2019-25962,39.72542,-105.025549,5/24/2019 18:19,18:19,12,0,0,SIXTH AVENUE WEST & FEDERAL BOULEVARD NORTH,1,1,1,0,1,4,,0,25,0,0,0,0,0,2,2,13
,2019-25963,39.72542,-105.025549,5/27/2019 17:16,17:16,12,0,0,SIXTH AVENUE WEST & FEDERAL BOULEVARD NORTH,1,1,1,0,1,4,,0,55,0,0,0,0,0,2,3,13
,2019-25964,39.72542,-105.025549,2/14/2019 18:08,18:08,12,0,0,SIXTH AVENUE WB ON RAMP & FEDERAL BOULEVARD NORTH,1,2,0,0,1,7,,0,55,0,0,0,0,0,2,2,13
,2019-25965,39.72542,-105.025549,8/18/2019 19:30,19:30,15,0,0,HIGHWAY 6 WB ON RAMP & FEDERAL BOULEVARD NORTH,1,1,1,0,1,7,,0,60,0,0,0,0,0,2,2,13
,2019-25966,39.72542,-105.025361,2/23/2019 9:50,9:50,15,0,0,SIXTH AVENUE WEST & FEDERAL BOULEVARD NORTH,10,1,0,0,1,4,,0,55,0,0,0,0,0,2,2,1
,2019-25967,39.72542,-105.025361,5/4/2019 12:55,12:55,12,0,0,SIXTH AVENUE EASTBOUND OFF RAMP & FEDERAL BOULEVARD,1,1,0,0,1,7,,0,30,0,0,0,0,0,2,2,7
,2019-25968,39.72542,-105.025361,10/1/2019 10:50,10:50,12,0,0,HIGHWAY 6 EASTBOUND OFF RAMP & FEDERAL BOULEVARD NORTH,2,1,0,0,1,7,,0,35,0,0,0,1,0,2,2,3
,2019-25969,39.72542,-105.025361,12/12/2019 6:35,6:35,12,0,0,SIXTH AVENUE EASTBOUND OFF RAMP & FEDERAL BOULEVARD NORTH,1,1,0,0,1,7,,0,55,0,0,0,0,0,2,2,3
,2019-25970,39.725512,-105.013153,3/27/2019 7:52,7:52,15,0,1,SIXTH AVENUE WEST & I25,1,1,1,0,1,4,,0,55,0,0,0,0,1,2,2,1
,2019-25971,39.72542,-105.025361,12/12/2019 6:35,6:35,12,0,1,SIXTH AVENUE EASTBOUND OFF RAMP & FEDERAL BOULEVARD NORTH,1,1,0,0,1,7,,0,65,0,0,0,0,1,2,2,3
,2019-25972,39.72542,-105.025361,12/17/2019 10:55,10:55,12,0,0,SIXTH AVENUE EASTBOUND OFF RAMP & FEDERAL BOULEVARD NORTH,1,1,1,0,1,7,,0,30,0,0,0,0,0,2,2,6
,2019-25973,39.73842,-104.9776695,2/2/2019 3:57,3:57,3,0,1,14TH AVENUE EAST & CLARKSON COURT NORTH,1,3,0,0,1,1,,0,35,0,0,0,0,1,4,2,14
,2019-25974,39.72542,-105.025361,7/11/2019 16:01,16:01,12,0,1,HIGHWAY 6 WB ON RAMP & FEDERAL BOULEVARD NORTH,1,1,1,0,1,7,,0,45,0,0,0,0,1,2,2,13
,2019-25975,39.72542,-105.025175,1/5/2019 11:41,11:41,12,0,0,SIXTH AVENUE WEST & FEDERAL BOULEVARD NORTH,1,1,0,0,1,4,,0,65,0,0,0,0,0,2,3,13
,2019-25976,39.72542,-105.025175,3/7/2019 14:12,14:12,12,0,0,SIXTH AVENUE WEST & FEDERAL BOULEVARD NORTH,1,1,1,0,1,4,,0,45,0,0,0,0,0,2,2,13
,2019-25977,39.72542,-105.025175,4/3/2019 16:27,16:27,12,0,0,SIXTH AVENUE WEST & FEDERAL BOULEVARD NORTH,1,1,0,0,1,4,,0,55,0,0,0,0,0,2,2,13
,2019-25978,39.72542,-105.025175,4/8/2019 18:24,18:24,12,0,0,SIXTH AVENUE WEST & FEDERAL BOULEVARD NORTH,1,1,0,0,1,4,,0,55,0,0,0,0,0,2,3,5
,2019-25979,39.72542,-105.025175,4/16/2019 6:36,6:36,12,0,0,SIXTH AVENUE WEST & FEDERAL BOULEVARD NORTH,1,2,0,0,1,4,,0,55,0,0,0,0,0,2,3,13
,2019-25980,39.72542,-105.025175,6/1/2019 18:08,18:08,12,0,0,SIXTH AVENUE WEST & FEDERAL BOULEVARD NORTH,1,1,0,0,1,4,,0,65,0,0,0,0,0,2,2,12
,2019-25981,39.72542,-105.025175,6/19/2019 17:26,17:26,12,0,0,SIXTH AVENUE WEST & FEDERAL BOULEVARD NORTH,1,1,0,0,1,4,,0,65,0,0,0,0,0,2,2,1
,2019-25982,39.72542,-105.025175,7/21/2019 13:05,13:05,12,0,0,SIXTH AVENUE WEST & HIGHWAY 88 / FEDERAL BOULEVARD NORTH,1,1,0,0,1,4,,0,55,0,0,0,0,0,2,2,3
,2019-25983,39.72542,-105.025175,7/30/2019 0:00,0:00,12,0,0,SIXTH AVENUE WEST & HIGHWAY 88 / FEDERAL BOULEVARD NORTH,1,1,1,0,1,4,,0,55,0,0,0,0,0,2,2,2
,2019-25984,39.72542,-105.025175,12/11/2019 9:29,9:29,15,0,0,SIXTH AVENUE WEST & FEDERAL BOULEVARD NORTH,1,1,0,0,1,4,,0,55,0,0,0,0,0,2,2,13
,2019-25985,39.725594,-105.025136,12/26/2019 8:25,8:25,12,0,0,SIXTH AVENUE WEST & FEDERAL BOULEVARD NORTH,1,1,1,0,1,4,,0,55,0,0,0,1,0,2,2,13
,2019-25986,39.748032,-105.0006915,4/19/2019 8:51,8:51,3,0,0,14TH STREET & MARKET STREET,1,1,0,0,1,1,,0,25,0,0,0,0,0,4,2,14
,2019-25987,39.72542,-105.025175,12/30/2019 16:18,16:18,12,0,0,SIXTH AVENUE & FEDERAL BOULEVARD NORTH,1,1,0,0,1,4,,0,55,0,0,0,0,0,2,2,1
,2019-25988,39.725421,-105.024979,6/11/2019 8:30,8:30,12,0,0,SIXTH AVENUE & FEDERAL BOULEVARD,1,1,0,0,1,4,,0,45,0,0,0,0,0,2,2,13
,2019-25989,39.725421,-105.024979,1/7/2019 9:11,9:11,15,0,0,SIXTH AVENUE WEST EASTBOUND ON RAMP & FEDERAL BOULEVARD NORTH,1,1,0,0,1,7,,0,35,0,0,0,0,0,2,2,13
,2019-2599,39.7190417,-104.908779,6/24/2019 22:11,22:11,6,0,0,ONEIDA STREET NORTH & 1600 BLOCK NORTH,1,3,0,0,1,4,,0,25,0,0,0,0,0,4,2,6
,2019-25990,39.725421,-105.024979,8/20/2019 12:48,12:48,12,0,0,HIGHWAY 6 WB OFF RAMP & FEDERAL BOULEVARD NORTH,1,1,0,0,1,7,,0,55,0,0,0,0,0,2,2,12
,2019-25991,39.725421,-105.024979,9/8/2019 22:50,22:50,12,0,3,HIGHWAY 6 WB OFF RAMP & FEDERAL BOULEVARD NORTH,2,3,0,0,1,7,,0,30,0,0,0,0,1,2,3,5
,2019-25992,39.725421,-105.024979,11/12/2019 13:00,13:00,15,0,0,HIGHWAY 6 WB OFF RAMP & FEDERAL BOULEVARD NORTH,1,1,0,0,1,7,,0,55,0,0,0,0,0,2,2,3
,2019-25993,39.725422,-105.024779,10/6/2019 19:05,19:05,12,0,0,HIGHWAY 6 WB OFF RAMP & FEDERAL BOULEVARD NORTH,1,3,1,0,1,7,,0,30,0,0,0,0,0,2,4,3
,2019-25994,39.725423,-105.02458,6/16/2019 21:00,21:00,12,0,0,HIGHWAY 6 WB OFF RAMP & FEDERAL BOULEVARD NORTH,1,3,1,0,1,7,,0,30,0,0,0,0,0,2,2,1
,2019-25995,39.72542,-105.024381,10/8/2019 20:15,20:15,12,0,1,HIGHWAY 6 EASTBOUND ON RAMP & FEDERAL BOULEVARD NORTH,1,3,0,0,1,7,,0,45,0,0,0,0,2,2,2,1
,2019-25996,39.725277,-105.016778,11/3/2019 1:03,1:03,5,0,0,HIGHWAY 6 WB COLLECTOR RAMP  & GORE POINT FROM I25 SOUTHBOUND,1,3,0,0,2,7,,0,60,0,0,0,0,0,2,1,1
,2019-25997,39.725414,-105.023982,9/19/2019 18:59,18:59,12,0,0,SIXTH AVENUE WEST & FEDERAL BOULEVARD NORTH,1,1,1,0,1,4,,0,45,0,0,0,0,0,2,2,3
,2019-25998,39.730428,-104.9787405,4/18/2019 8:50,8:50,3,0,0,WASHINGTON STREET 800 BLOCK NORTH & NINTH AVENUE EAST,1,1,0,0,1,5,,0,5,0,0,0,0,0,4,2,14
,2019-25999,39.73842,-104.9776695,3/29/2019 21:15,21:15,3,0,1,14TH AVENUE EAST & CLARKSON COURT NORTH,2,3,0,1,1,1,,0,30,0,0,0,0,1,4,2,3
,2019-26000,39.725414,-105.023982,2/28/2019 19:47,19:47,15,0,0,SIXTH AVENUE WB OFF RAMP & FEDERAL BOULEVARD NORTH,1,3,0,0,1,7,,0,45,0,0,0,0,0,2,3,13
,2019-26001,39.725413,-105.023383,7/31/2019 22:51,22:51,15,0,0,SIXTH AVENUE WEST & HIGHWAY 88 / FEDERAL BOULEVARD NORTH,1,3,0,0,1,4,,0,,0,0,0,0,0,2,2,5
,2019-26002,39.725411,-105.022785,6/20/2019 16:12,16:12,15,0,1,HIGHWAY 6 & I25,1,1,0,0,1,4,,0,55,0,0,0,0,2,2,3,13
,2019-26003,39.725049,-105.021058,7/12/2019 17:52,17:52,12,0,1,HIGHWAY 6 EASTBOUND DISTRIB RAMP TO  & I25 NB/SB RAMP,1,1,0,0,1,7,,0,45,0,0,0,0,1,2,2,3
,2019-26004,39.725199,-105.019007,12/2/2019 14:00,14:00,15,0,0,SIXTH AVENUE & BRYANT STREET NORTH,11,3,0,0,1,4,,0,,0,0,0,0,0,2,2,13
,2019-26005,39.725188,-105.018614,4/2/2019 15:26,15:26,15,0,0,SIXTH AVENUE WEST & BRYANT STREET NORTH,1,1,1,0,1,4,,0,65,0,0,0,0,0,2,2,13
,2019-26006,39.725188,-105.018614,6/22/2019 14:00,14:00,12,0,0,SIXTH AVENUE WEST & BRYANT STREET NORTH,1,1,0,0,1,4,,0,55,0,0,0,0,0,2,2,3
,2019-26008,39.725373,-105.015286,1/4/2019 2:14,2:14,5,0,0,SIXTH AVENUE WEST & I25 SB/NB OFF RAMP MERGE POINT NEW CONFIG,1,3,1,0,2,7,,0,35,0,0,0,0,0,2,2,7
,2019-26009,39.725373,-105.015286,3/6/2019 14:24,14:24,15,0,0,I25 SOUTHBOUND OFF RAMP & SIXTH AVENUE WB COLLECTOR RAMP,5,1,1,0,1,7,,0,55,0,0,0,0,0,2,2,14
,2019-26010,39.725512,-105.013153,2/8/2019 8:15,8:15,12,0,0,SIXTH AVENUE WEST & I25,5,1,0,0,1,4,,0,65,0,0,0,0,0,2,2,13
,2019-26011,39.725512,-105.013153,3/9/2019 13:23,13:23,5,0,2,SIXTH AVENUE WEST & I25,1,1,0,0,3,4,,0,,0,0,0,0,2,2,1,1
,2019-26012,39.725512,-105.013153,3/29/2019 18:18,18:18,15,0,0,SIXTH AVENUE WEST & I25,2,2,0,1,1,4,,0,65,0,0,0,1,0,2,2,1
,2019-26013,39.779517,-104.94972,7/6/2019 10:00,10:00,12,0,2,STEELE STREET NORTH 4500 BLOCK & I70 EASTBOUND RAMPS,1,1,0,0,1,4,,0,25,0,0,0,0,1,2,2,8
,2019-26014,39.779517,-104.94972,7/18/2019 15:59,15:59,15,0,0,I70 EASTBOUND OFF RAMP & STEELE STREET NORTH,1,1,0,0,1,1,,1,30,0,0,0,0,0,2,2,14
,2019-26015,39.779517,-104.94972,7/24/2019 5:45,5:45,3,0,0,HIGHWAY 6 / STEELE STREET NORTH & I70 EASTBOUND OFF RAMP,1,1,0,0,1,1,,0,30,0,0,0,0,0,2,2,13
,2019-26016,39.779517,-104.94972,9/21/2019 20:57,20:57,12,0,0,HIGHWAY 6 / STEELE STREET & I70 EASTBOUND OFF RAMP,2,3,0,0,1,1,,1,35,0,0,0,1,0,2,2,5
,2019-26017,39.779517,-104.94972,10/1/2019 10:27,10:27,15,0,1,HIGHWAY 6 / STEELE STREET & I70 EASTBOUND OFF RAMP,1,1,1,0,1,1,,0,30,0,0,0,1,1,2,2,14
,2019-26018,39.779517,-104.94972,10/21/2019 15:04,15:04,3,0,0,STEELE STREET NORTH & I70 EASTBOUND OFF RAMP,1,1,0,0,1,1,,0,25,0,0,0,0,0,2,2,13
,2019-26019,39.779517,-104.94972,12/8/2019 20:50,20:50,12,0,0,STEELE STREET NORTH & I70 EASTBOUND RAMPS,1,3,0,0,1,1,,0,,0,0,0,0,0,2,2,13
,2019-26020,39.780043,-104.949712,1/9/2019 11:00,11:00,3,0,0,STEELE STREET NORTH & 46TH AVENUE EAST VIADUCT,1,1,0,0,1,1,,0,35,0,0,0,0,0,2,2,13
,2019-26021,39.780043,-104.949712,1/19/2019 14:15,14:15,1,0,0,STEELE STREET & I70 WB ON RAMP,1,1,0,0,1,1,,0,35,0,0,0,0,0,2,2,13
,2019-26022,39.780043,-104.949712,2/9/2019 14:20,14:20,12,0,0,VASQUEZ BOULEVARD NORTH & 46TH AVENUE EAST,1,1,0,0,1,3,,0,35,0,0,0,0,0,2,2,13
,2019-26023,39.780043,-104.949712,2/15/2019 15:37,15:37,3,0,0,STEELE STREET NORTH & 46TH AVENUE EAST,1,1,0,0,1,1,,0,40,0,0,0,0,0,2,2,12
,2019-26024,39.780043,-104.949712,3/20/2019 15:26,15:26,3,0,1,STEELE STREET NORTH & 46TH AVENUE EAST,1,1,0,0,1,1,,0,35,0,0,0,1,1,2,2,8
,2019-26025,39.780071,-104.949811,3/31/2019 13:45,13:45,1,0,0,46TH AVENUE EAST & STEELE STREET NORTH,1,1,0,0,1,1,,0,30,0,0,0,0,0,2,2,14
,2019-26026,39.780043,-104.949712,6/10/2019 13:08,13:08,15,0,0,STEELE STREET NORTH & I70 EASTBOUND OFF RAMP,1,1,0,0,1,1,,0,25,0,0,0,0,0,2,2,3
,2019-26027,39.7802,-104.949714,10/9/2019 17:43,17:43,15,0,0,STEELE STREET NORTH & 46TH AVENUE EAST,1,2,0,0,1,4,,0,30,0,0,0,0,0,2,2,1
,2019-26028,39.780917,-104.949721,9/21/2019 23:52,23:52,15,0,0,HIGHWAY 6 / STEELE STREET & I70 WB OFF RAMP,2,3,0,0,1,4,,0,30,0,0,0,1,0,2,2,14
,2019-26030,39.781189,-104.949716,1/25/2019 7:47,7:47,15,0,0,STEELE STREET NORTH & I70 WB ON RAMP,1,1,0,0,1,1,,1,35,0,0,0,0,0,2,2,13
,2019-26031,39.781189,-104.949716,1/31/2019 8:26,8:26,10,0,0,STEELE STREET & I70 WB ON RAMP,1,1,0,0,1,1,,0,40,0,0,0,0,0,2,2,8
,2019-26032,39.781326,-104.949713,9/5/2019 12:09,12:09,12,0,0,VASQUEZ BOULEVARD FRONTAGE ROAD NORTH & STEELE STREET NORTH,1,1,0,0,1,3,,0,30,0,0,0,0,0,2,2,13
,2019-26033,39.781326,-104.949713,10/10/2019 6:49,6:49,15,0,0,HIGHWAY 6 / STEELE STREET & I70 WB ON RAMP,2,4,0,2,1,3,,0,40,0,0,0,0,0,2,2,3
,2019-26034,39.782086,-104.949404,4/12/2019 6:20,6:20,12,0,0,VASQUEZ BOULEVARD NORTH & 47TH AVENUE EAST,1,1,0,0,1,4,,0,35,0,0,0,1,0,2,2,13
,2019-26035,39.782086,-104.949404,11/22/2019 6:00,6:00,8,0,0,VASQUEZ BOULEVARD & 4700 BLOCK NORTH,4,1,0,2,1,4,,0,45,0,0,0,0,0,2,2,7
,2019-26036,39.782527,-104.948987,12/6/2019 7:49,7:49,8,0,1,VASQUEZ BOULEVARD 4700 BLOCK NORTH & 48TH AVENUE EAST,5,1,0,0,1,4,,0,30,0,0,0,0,1,2,2,14
,2019-26037,39.783789,-104.947914,9/20/2019 14:40,14:40,15,0,0,VASQUEZ BOULEVARD & 48TH AVENUE EAST,1,1,0,0,1,4,,0,45,0,0,0,0,0,2,2,7
,2019-26038,39.78352,-104.94805,2/8/2019 6:36,6:36,12,0,1,VASQUEZ BOULEVARD NORTH & 48TH AVENUE EAST,9,2,0,0,1,4,,0,35,0,0,0,0,1,2,2,13
,2019-26039,39.78374,-104.947842,1/11/2019 5:26,5:26,15,0,0,48TH AVENUE EAST & VASQUEZ BOULEVARD NORTH,2,3,0,1,1,1,,0,45,0,0,0,0,0,2,2,7
,2019-2604,39.685653,-104.908311,4/11/2019 1:30,1:30,5,0,0,ONEIDA STREET SOUTH & MEXICO AVENUE EAST,4,3,0,2,4,1,,0,25,0,0,0,0,0,4,1,1
,2019-26040,39.78374,-104.947842,2/7/2019 18:04,18:04,1,0,0,48TH AVENUE EAST & VASQUEZ BOULEVARD NORTH,6,3,0,0,1,1,,0,35,0,0,0,0,0,2,2,13
,2019-26041,39.78374,-104.947842,9/19/2019 17:40,17:40,1,0,0,VASQUEZ BOULEVARD NORTH & 48TH AVENUE EAST,1,1,0,0,1,1,,0,45,0,0,0,0,0,2,2,1
,2019-26042,39.783856,-104.947732,12/10/2019 8:38,8:38,10,0,0,VASQUEZ BOULEVARD 4800 BLOCK NORTH & 48TH AVENUE EAST,1,1,0,0,1,2,,0,25,0,0,0,0,0,2,2,1
,2019-26043,39.784349,-104.947302,9/25/2019 8:19,8:19,15,0,0,VASQUEZ BOULEVARD NORTH & 48TH AVENUE EAST,1,1,0,0,1,4,,0,45,0,0,0,0,0,2,2,1
,2019-26044,39.790209,-104.942052,8/22/2019 7:45,7:45,12,0,0,VASQUEZ BOULEVARD NORTH & 52ND AVENUE EAST,1,1,0,0,1,4,,0,45,0,0,0,0,0,2,2,13
,2019-26045,39.790815,-104.941495,2/20/2019 19:49,19:49,1,0,0,VASQUEZ BOULEVARD NORTH & 52ND AVENUE EAST,1,3,0,0,1,1,,0,40,0,0,0,0,0,2,2,1
,2019-26046,39.790866,-104.941483,5/17/2019 8:30,8:30,1,0,0,52ND AVENUE EAST & VASQUEZ BOULEVARD NORTH,1,1,0,0,1,1,,0,30,0,0,0,0,0,2,2,13
,2019-26047,39.790815,-104.941495,10/14/2019 11:04,11:04,3,0,0,VASQUEZ BOULEVARD NORTH & 52ND AVENUE EAST,1,1,0,0,1,1,,0,30,0,0,0,0,0,2,2,3
,2019-26048,39.790815,-104.941495,11/21/2019 4:05,4:05,12,0,0,VASQUEZ BOULEVARD NORTH & 52ND AVENUE EAST,1,3,1,6,1,4,,0,30,0,0,0,0,0,2,2,5
,2019-26049,39.790881,-104.941435,9/22/2019 1:34,1:34,12,0,0,VASQUEZ BOULEVARD NORTH & 52ND AVENUE EAST,2,3,0,0,1,3,,0,45,0,0,0,0,0,2,2,5
,2019-2605,39.654318,-104.918827,5/19/2019 1:51,1:51,5,0,1,I25 & HAMPDEN AVENUE EAST,1,3,0,0,2,4,,0,60,0,0,0,0,2,1,4,13
,2019-26050,39.790985,-104.941339,11/24/2019 9:27,9:27,12,0,0,VASQUEZ BOULEVARD NORTH & 52ND AVENUE EAST,1,1,0,0,1,4,,0,45,0,0,0,0,0,2,2,13
,2019-2606,39.761991,-104.9081715,3/10/2019 15:32,15:32,3,0,0,ONEIDA STREET NORTH & MLK BOULEVARD EAST,1,1,0,0,1,1,,0,,0,0,0,1,0,4,2,13
,2019-2607,39.668544,-104.906709,5/5/2019 2:40,2:40,5,0,0,ONEIDA STREET 2600 BLOCK SOUTH & VILLANOVA PLACE EAST,1,3,0,0,2,3,,0,,0,0,0,0,0,4,1,13
,2019-2608,39.796848,-104.7368205,5/29/2019 7:29,7:29,3,0,0,ORLEANS STREET NORTH & MAXWELL PLACE EAST,1,1,0,0,1,1,,0,30,0,0,0,0,0,4,2,1
,2019-2609,39.680379,-105.005232,5/18/2019 13:59,13:59,6,0,0,OSAGE STREET NORTH & 1365 NORTH OSAGE STREET,1,1,0,0,1,4,,0,25,0,0,0,0,0,4,2,14
,2019-2610,39.736872,-105.005322,4/6/2019 12:36,12:36,3,0,0,OSAGE STREET NORTH & 13TH AVENUE WEST,1,1,0,0,1,1,,0,25,0,0,0,0,0,4,2,13
,2019-2611,39.68492,-104.959512,5/6/2019 9:20,9:20,15,0,0,I25 & UNIVERSITY BOULEVARD SOUTH,1,1,0,0,1,4,,0,60,0,0,0,0,0,1,2,13
,2019-2612,39.683106,-104.940515,5/6/2019 13:11,13:11,15,0,0,I25 & COLORADO BOULEVARD SOUTH,1,1,0,0,1,4,,0,65,0,0,0,0,0,1,2,1
,2019-2613,39.684918,-104.950446,7/23/2019 9:05,9:05,12,0,0,I25 & STEELE STREET SOUTH,1,1,0,0,1,4,,0,55,0,0,0,0,0,1,2,13