id,drcog_id,latitude,longitude,crashtime,time,crashtype,numbkilled,numbinjurd,drcoglocat,rdconditin,lightngcon,roadcntgrd,weatherco,location,roaddescrp,schoolzone,constrzone,splimit,bikeinv,sctrinv,pedinv,motoinv,svrty,rdsystem,ttlvehcls,hcf
,2019-2614,39.72408878,-105.0055876,4/26/2019 21:30,21:30,6,0,0,OSAGE STREET NORTH & 3200 BLOCK NORTH,1,3,1,0,1,4,,0,25,0,0,0,1,0,4,2,13
,2019-2615,39.76326,-105.005268,11/9/2019 17:30,17:30,6,0,0,OSAGE STREET NORTH & 33RD AVENUE WEST,1,5,0,0,1,4,,0,25,0,0,0,0,0,4,2,14
,2019-2617,39.783843,-105.0051285,4/9/2019 10:55,10:55,12,0,0,OSAGE STREET NORTH & 48TH AVENUE WEST,1,1,0,0,1,1,,0,25,0,0,0,0,0,4,2,5
,2019-2618,39.69891,-105.0032205,1/1/2019 9:26,9:26,6,0,0,OSAGE STREET SOUTH & KENTUCKY AVENUE WEST,4,1,1,0,1,1,,0,25,0,0,0,0,0,4,2,1
,2019-2619,39.754872,-105.038163,10/2/2019 7:25,7:25,3,0,0,OSCEOLA STREET NORTH & 26TH AVENUE WEST,2,1,0,1,1,1,,0,25,0,0,0,0,0,4,2,3
,2019-2620,39.71655,-105.0384915,6/3/2019 17:46,17:46,5,0,0,OSCEOLA STREET NORTH & 43 NORTH OSCEOLA STREET,1,1,1,0,3,5,,0,10,0,0,0,0,0,4,3,13
,2019-2621,39.634142,-104.906736,10/27/2019 23:03,23:03,5,0,1,I25 & I225,5,3,0,2,2,4,,0,65,0,0,0,0,1,1,1,7
,2019-2622,39.624133,-104.901599,1/8/2019 11:32,11:32,5,0,1,I25 SOUTHBOUND OFF RAMP SPLIT & BELLEVIEW AVENUE EAST APPROXIMATELY,1,1,0,0,2,7,,0,65,0,0,0,0,1,1,1,2
,2019-2623,39.62534,-104.902297,10/25/2019 12:24,12:24,5,0,0,I25 & BELLEVIEW AVENUE EAST,1,1,1,0,2,4,,0,65,0,0,0,0,0,1,1,14
,2019-2624,39.640392,-104.88519,5/25/2019 21:55,21:55,12,0,0,OXFORD AVENUE EAST & YOSEMITE STREET SOUTH,1,3,0,0,1,1,,0,35,0,0,0,0,0,4,2,13
,2019-2626,39.634142,-104.906736,8/19/2019 14:12,14:12,15,0,0,I25 & I225,1,1,1,0,1,4,,0,60,0,0,0,0,0,1,2,13
,2019-2627,39.711241,-104.998918,6/28/2019 12:00,12:00,12,0,1,I25 & ALAMEDA AVENUE WEST,1,1,0,0,1,4,,0,55,0,0,0,0,1,1,2,3
,2019-2628,39.639097,-104.910179,12/20/2019 6:50,6:50,12,0,0,I25 & QUINCY AVENUE EAST,1,2,0,0,1,4,,0,,0,0,0,0,0,1,2,13
,2019-2629,39.720923,-105.008056,5/21/2019 14:30,14:30,12,0,0,I25 & THIRD AVENUE WEST,1,1,0,0,1,4,,0,55,0,0,0,0,0,1,2,2
,2019-2630,39.640392,-104.88519,10/9/2019 15:58,15:58,12,0,0,OXFORD DRIVE EAST & YOSEMITE STREET SOUTH,1,1,0,0,1,3,,0,35,0,0,0,0,0,4,2,5
,2019-26307,39.744855,-104.974803,3/8/2019 7:04,7:04,3,0,1,OGDEN STREET NORTH & PARK AVENUE WEST,1,1,0,0,1,1,,0,25,0,0,0,0,1,4,2,13
,2019-2631,39.722564,-105.010033,10/22/2019 11:59,11:59,15,0,0,I25 & SIXTH AVENUE WEST,1,1,0,0,1,4,,0,55,0,0,0,0,0,1,2,13
,2019-2632,39.66762,-104.925609,4/29/2019 6:36,6:36,12,0,0,I25 & YALE AVENUE EAST,1,1,0,0,1,4,,0,55,0,0,0,1,0,1,2,13
,2019-2633,39.780063,-104.975748,12/13/2019 9:24,9:24,12,0,0,PACKING HOUSE ROAD & 46TH AVENUE EAST,1,1,0,0,1,1,,0,25,0,0,0,0,0,4,2,14
,2019-26339,39.774951,-104.9780205,12/6/2019 17:34,17:34,3,0,0,WASHINGTON STREET NORTH & ARKINS COURT,1,3,0,0,1,1,,0,35,0,0,0,0,0,4,2,13
,2019-2634,39.723679,-105.011476,4/11/2019 14:27,14:27,12,0,0,I25 & SIXTH AVENUE WEST,1,1,1,0,1,4,,0,55,0,0,0,0,0,1,2,13
,2019-26345,39.707469,-104.975721,6/30/2019 14:40,14:40,3,0,1,OGDEN STREET SOUTH & VIRGINIA AVENUE EAST,1,1,1,0,1,1,,0,35,0,0,0,0,1,4,2,13
,2019-26348,39.678363,-104.933558,5/24/2019 11:30,11:30,5,0,0,I25 & EVANS AVENUE EAST,1,1,0,0,1,4,,0,,0,0,0,0,0,1,2,13
,2019-2635,39.725339,-105.012957,2/6/2019 1:00,1:00,5,0,0,I25 SOUTHBOUND OFF RAMP & SIXTH AVENUE WEST,1,4,0,0,3,7,,0,,0,0,0,0,0,1,1,14
,2019-2636,39.782403,-104.8489515,3/18/2019 16:29,16:29,3,0,0,PARIS STREET NORTH & 47TH AVENUE EAST,1,1,0,0,1,1,,0,35,0,0,0,0,0,4,2,13
,2019-2637,39.72543,-105.013021,5/8/2019 14:10,14:10,12,0,0,I25 & SIXTH AVENUE EAST,2,1,0,1,1,4,,0,55,0,0,0,0,0,1,2,13
,2019-2638,39.684918,-104.958448,5/16/2019 14:42,14:42,12,0,0,I25 & MM 205,2,1,0,0,1,4,,0,60,0,0,0,0,0,1,2,7
,2019-2639,39.72543,-105.013021,9/5/2019 20:35,20:35,12,0,0,I25 & SIXTH AVENUE WEST,1,3,1,0,1,4,,0,55,0,0,0,0,0,1,2,14
,2019-2640,39.68492,-104.959512,6/11/2019 9:40,9:40,12,0,2,I25 & UNIVERSITY BOULEVARD SOUTH,1,1,0,0,1,4,,0,,0,0,0,0,1,1,2,13
,2019-2641,39.684915,-104.959705,8/8/2019 1:43,1:43,5,0,0,I25 & UNIVERSITY BOULEVARD NORTH,1,3,0,0,3,4,,0,65,0,0,0,0,0,1,1,14
,2019-2642,39.726145,-105.013499,2/8/2019 6:54,6:54,5,0,0,I25 SOUTHBOUND OFF RAMP & SIXTH AVENUE WEST,5,1,1,0,2,7,,0,25,0,0,0,0,0,1,1,13
,2019-2643,39.731033,-105.015399,3/28/2019 20:54,20:54,5,0,0,I25 SOUTHBOUND OFF RAMP LOOP GORE POINT TO & ZUNI STREET,1,3,0,0,3,7,,0,65,0,0,0,0,0,1,1,14
,2019-2644,39.736712,-105.014105,12/22/2019 13:30,13:30,12,0,0,I25 & COLFAX AVENUE WEST,1,1,1,0,1,4,,0,65,0,0,0,1,0,1,2,13
,2019-2645,39.74539,-105.017763,2/19/2019 19:30,19:30,5,0,0,I25 NORTHBOUND OFF RAMP EXIT GORE POINT TO & 17TH AVENUE,2,3,0,0,2,7,,0,25,0,0,0,1,0,1,1,13
,2019-26455,39.694797,-104.979258,1/24/2019 7:55,7:55,12,0,0,WASHINGTON STREET SOUTH & BUCHTEL BOULEVARD EAST,4,1,0,2,1,1,,0,30,0,0,0,0,0,4,2,13
,2019-2646,39.708826,-104.997607,7/21/2019 20:40,20:40,15,0,0,I25 & ALAMEDA AVENUE WEST,1,2,0,0,1,4,,0,55,0,0,0,1,0,1,2,13
,2019-2647,39.768039,-104.994789,11/14/2019 0:00,0:00,5,0,0,PARK AVENUE 3500 BLOCK & FOX STREET NORTH,1,3,1,0,3,4,,0,35,0,0,0,0,0,1,1,13
,2019-2648,39.786228,-104.848893,4/2/2019 7:15,7:15,3,0,0,PARIS STREET NORTH & 49TH AVENUE EAST,1,1,0,0,1,1,,0,30,0,0,0,0,0,4,2,13
,2019-2649,39.743235,-104.9726475,1/30/2019 11:39,11:39,1,0,0,PARK AVENUE WEST & 17TH AVENUE EAST,1,1,0,0,1,1,,0,30,0,0,0,0,0,4,2,7
,2019-26501,39.740332,-105.015236,8/25/2019 1:10,1:10,12,0,0,COLFAX AVENUE WEST & I25 SOUTHBOUND OFF RAMP,1,3,0,0,1,3,,0,40,0,0,0,0,0,2,2,5
,2019-26514,39.740343,-105.033006,5/22/2019 12:08,12:08,12,0,1,KING STREET 1500 BLOCK NORTH & COLFAX AVENUE WEST,14,1,1,0,1,4,,0,,0,0,0,0,1,2,2,13
,2019-2652,39.739838,-105.013897,5/18/2019 15:28,15:28,15,0,0,I25 & COLFAX AVENUE WEST,1,1,0,0,1,4,,0,55,0,0,0,0,0,1,2,1
,2019-26549,39.740277,-105.029905,8/5/2019 8:00,8:00,12,0,0,COLFAX AVENUE WEST & IRVING STREET NORTH,1,1,0,0,1,1,,0,30,0,0,0,1,0,2,2,3
,2019-2655,39.768039,-104.994789,2/10/2019 14:25,14:25,5,0,0,PARK AVENUE WEST & I25,2,1,0,0,2,4,,0,35,0,0,0,0,0,1,1,1
,2019-26550,39.712896,-104.979249,8/22/2019 7:45,7:45,6,0,0,WASHINGTON STREET SOUTH & CEDAR AVENUE EAST,1,1,0,0,1,3,,0,30,0,0,0,1,0,4,2,7
,2019-2656,39.768039,-104.994789,1/8/2019 17:46,17:46,12,0,0,I25 & PARK AVENUE WEST / 38TH AVENUE,1,3,0,0,1,4,,0,55,0,0,0,1,0,1,2,13
,2019-2658,39.743235,-104.9726475,2/18/2019 9:10,9:10,1,0,0,PARK AVENUE & 17TH AVENUE EAST,9,1,0,0,1,1,,0,35,0,0,0,0,0,4,2,13
,2019-2659,39.743235,-104.9726475,3/31/2019 16:30,16:30,3,0,1,PARK AVENUE & 17TH AVENUE EAST,1,1,0,0,1,1,,0,30,0,0,0,0,1,4,2,1
,2019-2660,39.739366,-105.01387,12/14/2019 17:13,17:13,12,0,0,I25 & AURARIA PARKWAY,1,2,0,0,1,4,,0,,0,0,0,0,0,1,2,13
,2019-2661,39.787458,-104.989146,7/25/2019 13:24,13:24,15,0,0,I25 SOUTHBOUND OFF RAMP EXIT GORE POINT TO & I70,1,1,1,0,1,7,,0,65,0,0,0,0,0,1,2,13
,2019-2663,39.743235,-104.9726475,8/18/2019 22:14,22:14,1,0,0,PARK AVENUE WEST & 17TH AVENUE,1,3,0,1,1,1,,0,35,0,0,0,1,0,4,2,13
,2019-2665,39.747528,-104.9782995,1/28/2019 12:50,12:50,1,0,0,PARK AVENUE WEST & 20TH AVENUE EAST,4,1,0,0,1,1,,0,,0,0,0,0,0,4,2,13
,2019-2666,39.747528,-104.9782995,5/6/2019 15:36,15:36,12,0,0,PARK AVENUE WEST & 20TH AVENUE,1,1,0,0,1,1,,0,35,0,0,0,0,0,4,2,13
,2019-26669,39.740025,-104.998125,5/28/2019 15:54,15:54,3,0,0,SPEER BOULEVARD NORTH & COLFAX AVENUE WEST,1,1,0,0,1,1,,0,,0,0,0,0,0,2,2,13
,2019-2668,39.754756,-105.013246,8/17/2019 1:45,1:45,5,0,0,I25 & SPEER BOULEVARD,1,3,0,0,2,4,,0,55,0,0,0,0,0,1,1,13
,2019-2669,39.775297,-104.861994,7/10/2019 7:20,7:20,15,0,0,I70 & HAVANA STREET NORTH,1,1,0,0,1,4,,1,55,0,0,0,0,0,1,2,7
,2019-2670,39.755141,-105.012706,2/1/2019 14:19,14:19,15,0,0,I25 & SPEER BOULEVARD NORTH,1,1,1,0,1,4,,0,55,0,0,0,0,0,1,2,13
,2019-2672,39.77386,-104.845348,6/30/2019 19:45,19:45,15,0,0,I70 & PEORIA STREET NORTH,2,3,0,0,1,4,,0,55,0,0,0,0,0,1,2,13
,2019-2673,39.765726,-104.9948415,2/3/2019 10:00,10:00,15,0,0,PARK AVENUE WEST & BROADWAY STREET NORTH,1,1,0,0,1,1,,0,30,0,0,0,0,0,4,2,8
,2019-26777,39.740006,-104.976478,12/14/2019 21:30,21:30,6,0,0,EMERSON STREET NORTH & COLFAX AVENUE EAST,1,3,0,0,1,3,,0,,0,0,0,0,0,2,3,13
,2019-2678,39.711131,-105.032417,7/13/2019 1:16,1:16,1,0,0,ALAMEDA AVENUE WEST & MORRISON ROAD / KNOX COURT,1,3,0,0,1,1,,0,35,0,0,0,0,0,2,2,13
,2019-2679,39.765726,-104.9948415,10/8/2019 18:13,18:13,15,0,0,PARK AVENUE WEST & BROADWAY STREET NORTH,1,1,0,0,1,1,,0,30,0,0,0,0,0,4,2,13
,2019-2680,39.711182,-105.003261,12/3/2019 22:21,22:21,7,0,0,ALAMEDA AVENUE WEST & NAVAJO STREET SOUTH,2,3,0,0,1,1,,0,35,0,0,0,0,0,2,2,3
,2019-26805,39.653902,-104.918631,5/7/2019 17:48,17:48,12,0,0,I25 & HAMPDEN AVENUE EAST,2,1,0,1,1,4,,0,60,0,0,0,0,0,1,2,5
,2019-2681,39.751713,-104.98374,8/19/2019 6:57,6:57,10,0,1,PARK AVENUE WEST & CALIFORNIA STREET,1,1,0,0,1,1,,0,30,0,0,0,0,1,4,2,7
,2019-26814,39.74001,-104.972588,6/28/2019 8:43,8:43,6,0,0,COLFAX AVENUE EAST & LAFAYETTE STREET ROAD NORTH,1,1,0,0,1,4,,0,30,0,0,0,0,0,2,2,14
,2019-2685,39.746979,-104.9775795,10/11/2019 8:54,8:54,3,0,1,PARK AVENUE WEST & CLARKSON STREET NORTH,1,1,0,0,1,1,,0,25,0,0,0,0,1,4,2,14
,2019-26878,39.739985,-104.963261,1/17/2019 19:30,19:30,6,0,0,COLFAX AVENUE 2000 EAST & RACE STREET NORTH,1,2,0,0,1,4,,0,,0,0,0,0,0,2,2,13
,2019-26932,39.702222,-105.02982,10/1/2019 8:06,8:06,3,0,0,OHIO AVENUE WEST & IRVING STREET SOUTH,2,1,0,0,1,1,,0,25,0,0,0,0,0,4,2,13
,2019-2694,39.777546,-104.903402,5/23/2019 13:25,13:25,5,0,0,QUEBEC STREET & I70 EASTBOUND ON RAMP,1,1,0,0,3,3,,0,35,0,0,0,0,0,2,1,13
,2019-2695,39.782571,-104.901126,10/26/2019 6:10,6:10,5,0,0,QUEBEC STREET NORTH & I270 WB OFF RAMP LOOP SLIP,1,2,0,0,3,4,,0,65,0,0,0,0,0,2,1,5
,2019-2699,39.653077,-104.898688,1/26/2019 21:10,21:10,12,0,0,HAMPDEN AVENUE EAST & TAMARAC DRIVE SOUTH,1,3,0,0,1,1,,0,,0,0,0,0,0,2,2,13
,2019-26990,39.773772,-104.989438,2/7/2019 4:02,4:02,5,0,0,I25 & I70,4,3,0,2,2,4,,0,65,0,0,0,0,0,1,1,13
,2019-2700,39.653054,-104.884765,9/16/2019 18:20,18:20,12,0,0,HAMPDEN AVENUE EAST & YOSEMITE STREET SOUTH,1,1,0,0,1,1,,0,35,0,0,0,0,0,2,2,13
,2019-2701,39.65302,-104.875566,7/24/2019 6:20,6:20,5,0,0,HAMPDEN AVENUE EAST & DAYTON STREET SOUTH,1,1,0,0,3,1,,0,35,0,0,0,0,0,2,1,10
,2019-2702,39.653511,-104.868408,6/24/2019 8:00,8:00,12,0,0,HAMPDEN AVENUE / HAVANA STREET & GALENA STREET,1,1,0,0,1,4,,0,45,0,0,0,0,0,2,3,13
,2019-2703,39.738393,-104.9741595,4/10/2019 13:50,13:50,3,0,0,14TH AVENUE EAST & CORONA STREET NORTH,2,1,0,2,1,1,,0,30,0,0,0,0,0,4,2,5
,2019-27040,39.702024,-104.959341,8/29/2019 12:33,12:33,12,0,0,OHIO AVENUE EAST & UNIVERSITY BOULEVARD SOUTH,1,1,0,0,1,3,,0,30,0,0,0,0,0,4,2,3
,2019-27048,39.65297,-104.918192,9/26/2019 11:37,11:37,5,0,0,I25 NORTHBOUND OFF RAMP & HAMPDEN AVENUE EAST,1,1,1,0,3,7,,0,45,0,0,0,0,0,1,1,1
,2019-27059,39.634236,-104.906831,10/28/2019 9:09,9:09,15,0,0,I25 & I225 EB/NB FLYOVER,5,1,0,2,1,4,,0,60,0,0,0,0,0,1,2,13
,2019-2708,39.743793,-104.973399,4/15/2019 14:55,14:55,15,0,0,PARK AVENUE WEST & DOWNING STREET NORTH,1,1,0,0,1,1,,0,35,0,0,0,0,0,4,2,13
,2019-2710,39.743793,-104.973399,8/24/2019 0:11,0:11,1,0,0,PARK AVENUE & DOWNING STREET NORTH,1,3,0,0,1,1,,0,35,0,0,0,0,0,4,2,7
,2019-27173,39.702024,-104.9792715,9/21/2019 12:20,12:20,3,0,0,OHIO AVENUE EAST & WASHINGTON STREET SOUTH,1,1,0,0,1,1,,0,30,0,0,0,0,0,4,2,13
,2019-2718,39.750372,-104.9819805,8/1/2019 12:20,12:20,3,0,0,PARK AVENUE WEST & GLENARM PLACE,1,1,0,0,1,1,,0,35,0,0,0,0,0,4,2,13
,2019-27200,39.738672,-104.908131,2/3/2019 14:25,14:25,12,0,0,ONEIDA STREET NORTH & 14TH AVENUE EAST,1,1,0,0,1,1,,0,30,0,0,0,0,0,4,2,13
,2019-2722,39.740048,-104.999948,2/25/2019 8:15,8:15,5,0,0,KALAMATH STREET NORTH & COLFAX AVENUE WEST,1,1,0,0,2,1,,0,30,0,0,0,0,0,2,1,13
,2019-27227,39.632191,-104.90594,8/7/2019 18:24,18:24,12,0,0,I25 & I225,1,1,0,0,1,4,,0,65,0,0,0,1,0,1,2,13
,2019-2724,39.740276,-105.01251,12/31/2019 13:37,13:37,3,0,0,COLFAX AVENUE WEST & I25 NORTHBOUND OFF RAMP,1,1,0,0,1,1,,0,40,0,0,0,0,0,2,2,13
,2019-2725,39.750372,-104.9819805,11/5/2019 18:16,18:16,3,0,1,PARK AVENUE WEST & GLENARM PLACE,1,3,0,0,1,1,,0,35,0,0,0,0,2,4,2,13
,2019-27250,39.743757,-104.90814,4/12/2019 20:46,20:46,3,0,0,ONEIDA STREET NORTH & 17TH AVENUE EAST,2,3,0,2,1,1,,0,25,0,0,0,0,0,4,3,12
,2019-27252,39.629606,-104.905108,11/17/2019 2:12,2:12,15,0,4,I25 & I225,1,3,0,0,1,4,,0,,0,0,0,0,2,1,2,13
,2019-27263,39.632191,-104.90594,7/25/2019 9:34,9:34,15,0,0,I25 & I225,1,1,0,0,1,4,,0,65,0,0,0,0,0,1,2,13
,2019-27264,39.624401,-104.901755,4/15/2019 16:24,16:24,12,0,1,I25 & BELLEVIEW AVENUE EAST,1,1,0,0,1,4,,0,65,0,0,0,0,1,1,3,13
,2019-27265,39.624401,-104.901755,4/18/2019 16:02,16:02,12,0,0,I25 SOUTHBOUND OFF RAMP & BELLEVIEW AVENUE EAST,1,1,1,0,1,7,,0,30,0,0,0,0,0,1,2,13
,2019-27266,39.624401,-104.901755,7/4/2019 9:50,9:50,4,0,2,I25 NORTHBOUND ON RAMP & BELLEVIEW AVENUE EAST,1,1,1,0,1,7,,0,55,0,0,0,0,2,1,2,1
,2019-27267,39.624401,-104.901755,4/18/2019 16:02,16:02,12,0,1,I25 SOUTHBOUND OFF RAMP & BELLEVIEW AVENUE EAST,1,1,1,0,1,7,,0,30,0,0,0,0,1,1,3,1
,2019-27268,39.624669,-104.901912,11/14/2019 17:17,17:17,12,0,0,I25 SOUTHBOUND OFF RAMP TO & BELLEVIEW AVENUE EAST,1,3,0,0,1,7,,0,65,0,0,0,0,0,1,2,13
,2019-27269,39.625071,-104.902144,1/18/2019 11:44,11:44,12,0,0,I25 SOUTHBOUND OFF RAMP & BELLEVIEW AVENUE EAST,4,1,1,2,1,7,,0,45,0,0,0,0,0,1,2,13
,2019-2727,39.765726,-104.9948415,3/26/2019 14:10,14:10,12,0,0,PARK AVENUE WEST & GLOBEVILLE ROAD NORTH,1,1,0,0,1,1,,0,30,0,0,0,0,0,4,2,13
,2019-27270,39.62534,-104.902297,10/14/2019 16:49,16:49,12,0,0,I25 NORTHBOUND & BELLEVIEW AVENUE EAST,1,1,0,0,1,4,,0,65,0,0,0,0,0,1,4,13
,2019-27271,39.625608,-104.902451,7/23/2019 4:20,4:20,15,0,0,I25 & BELLEVIEW AVENUE EAST,1,3,0,0,1,4,,0,65,0,0,0,1,0,1,2,5
,2019-27272,39.625877,-104.902605,4/16/2019 16:20,16:20,12,0,1,I25 & BELLEVIEW AVENUE EAST,1,1,1,0,1,4,,0,60,0,0,0,0,1,1,3,13
,2019-27273,39.626414,-104.902912,7/10/2019 11:38,11:38,12,0,8,I25 & BELLEVIEW AVENUE EAST,1,1,0,0,1,4,,0,65,0,0,0,0,1,1,3,1
,2019-27274,39.626414,-104.902912,7/10/2019 11:40,11:40,12,0,1,I25 & BELLEVIEW AVENUE EAST,1,1,0,0,1,4,,0,65,0,0,0,0,1,1,2,1
,2019-27275,39.626414,-104.902912,8/13/2019 21:53,21:53,12,0,0,I25 & BELLEVIEW AVENUE EAST,1,3,0,0,1,4,,0,60,0,0,0,0,0,1,2,13
,2019-27276,39.626414,-104.902912,10/31/2019 9:24,9:24,15,0,0,I25 & BELLEVIEW AVENUE EAST,1,1,0,0,1,4,,0,65,0,0,0,0,0,1,2,13
,2019-27277,39.68492,-104.959512,1/18/2019 7:30,7:30,15,0,0,UNIVERSITY 1600 SOUTH & I25 NORTHBOUND RAMPS,1,2,0,0,1,4,,0,,0,0,0,0,0,1,2,13
,2019-27278,39.626414,-104.902912,9/7/2019 12:49,12:49,12,0,3,I25 NORTHBOUND ON RAMP & HIGHWAY 88 / BELLEVIEW AVENUE EAST,1,1,0,0,1,7,,0,65,0,0,0,0,2,1,2,12
,2019-27279,39.626548,-104.902989,11/5/2019 17:29,17:29,12,0,2,I25 & BELLEVIEW AVENUE EAST,1,1,0,0,1,4,,0,65,0,0,0,0,1,1,2,3
,2019-2728,39.740041,-104.983517,8/28/2019 19:30,19:30,12,0,0,COLFAX AVENUE EAST & GRANT STREET NORTH,1,3,1,0,1,1,,0,30,0,0,0,0,0,2,2,13
,2019-27280,39.626548,-104.902989,12/4/2019 17:51,17:51,12,0,1,I25 NORTHBOUND ON RAMP & UNION AVENUE EAST,1,3,0,0,1,7,,0,45,0,0,0,0,1,1,3,14
,2019-27281,39.626809,-104.903162,2/22/2019 18:22,18:22,5,0,1,I25 & I225 NORTHBOUND OFF RAMP GORE,4,3,0,2,3,4,,0,45,0,0,0,0,2,1,2,13
,2019-27282,39.62694,-104.90325,1/22/2019 8:53,8:53,15,0,0,I25 NORTHBOUND EXIT GORE POINT & I225,6,1,0,2,1,4,,0,,0,0,0,0,0,1,3,13
,2019-27283,39.627053,-104.903327,9/3/2019 9:12,9:12,15,0,0,I25 NORTHBOUND ENTRANCE GORE POINT FROM & BELLEVIEW AVENUE,1,1,0,0,1,4,,0,55,0,0,0,0,0,1,2,14
,2019-27284,39.627163,-104.903401,9/19/2019 15:51,15:51,15,0,1,I25 & BELLEVIEW AVENUE EAST,1,1,0,0,1,4,,0,65,0,0,0,0,1,1,2,13
,2019-27285,39.627719,-104.903748,3/7/2019 5:07,5:07,5,0,0,I25 & BELLEVIEW AVENUE EAST,6,3,0,0,3,4,,0,55,0,0,0,0,0,1,1,13
,2019-27286,39.627719,-104.903748,10/31/2019 12:11,12:11,12,0,0,I25 & UNION AVENUE EAST,2,1,0,0,1,4,,0,65,0,0,0,0,0,1,2,13
,2019-27287,39.627948,-104.903872,3/14/2019 11:01,11:01,5,0,1,I25 SOUTHBOUND & BELLEVIEW AVENUE EAST,6,1,0,0,3,4,,0,55,0,0,0,0,1,1,2,1
,2019-27288,39.627948,-104.903872,10/2/2019 7:05,7:05,12,0,1,I25 & UNION AVENUE EAST,2,1,0,1,1,4,,0,65,0,0,0,1,1,1,2,12
,2019-27289,39.628061,-104.903934,1/17/2019 10:08,10:08,5,0,2,I25 NORTHBOUND EXIT GORE POINT & I225,1,1,0,0,1,4,,0,65,0,0,0,0,1,1,2,3
,2019-2729,39.765726,-104.9948415,6/27/2019 9:35,9:35,1,0,1,PARK AVENUE WEST & GLOBEVILLE ROAD NORTH,1,1,0,0,1,1,,0,35,0,0,0,0,1,4,2,13
,2019-27290,39.628176,-104.903996,6/7/2019 17:37,17:37,15,0,0,I25 & I225,1,1,1,0,1,4,,0,45,0,0,0,0,0,1,3,14
,2019-27291,39.628176,-104.903996,10/28/2019 13:45,13:45,15,0,0,I25 & UNION AVENUE EAST,4,1,0,0,1,4,,0,55,0,0,0,0,0,1,3,1
,2019-27292,39.628413,-104.904125,3/7/2019 5:10,5:10,15,0,0,I25 & UNION AVENUE EAST,5,3,0,0,1,4,,0,65,0,0,0,0,0,1,3,13
,2019-27293,39.628413,-104.904125,8/7/2019 9:15,9:15,12,0,0,I25 & UNION AVENUE EAST,1,1,0,0,1,4,,0,65,0,0,0,0,0,1,2,13
,2019-27294,39.628413,-104.904125,8/23/2019 12:55,12:55,12,0,0,I25 & UNION AVENUE EAST,1,1,0,0,1,4,,0,65,0,0,0,0,0,1,2,13
,2019-27295,39.628413,-104.904125,9/3/2019 10:10,10:10,12,0,0,I25 & UNION AVENUE EAST,1,1,0,0,1,4,,0,65,0,0,0,0,0,1,2,13
,2019-27296,39.628413,-104.904125,10/14/2019 9:59,9:59,12,0,1,I25 & UNION AVENUE EAST,1,1,0,0,1,4,,0,65,0,0,0,0,1,1,2,3
,2019-27298,39.628413,-104.904125,11/12/2019 19:02,19:02,12,0,0,I25 & UNION AVENUE EAST,1,3,0,0,1,4,,0,60,0,0,0,0,0,1,3,3
,2019-27299,39.628413,-104.904125,11/21/2019 11:58,11:58,15,0,0,I25 & UNION AVENUE EAST,2,1,0,1,1,4,,0,,0,0,0,1,0,1,3,13
,2019-2730,39.765726,-104.9948415,7/14/2019 2:19,2:19,12,0,0,PARK AVENUE WEST & GLOBEVILLE AVENUE,1,3,0,0,1,1,,0,35,0,0,0,0,0,4,2,13
,2019-27300,39.628413,-104.904125,12/6/2019 7:33,7:33,9,0,0,UNION AVENUE EAST & I25,5,1,1,0,3,4,,0,35,0,0,0,0,0,1,1,13
,2019-27301,39.628551,-104.904201,2/1/2019 15:25,15:25,12,0,0,I25 & UNION AVENUE EAST,1,1,0,0,1,4,,0,65,0,0,0,0,0,1,2,13
,2019-27302,39.628551,-104.904201,2/20/2019 9:50,9:50,12,0,0,I25 & UNION AVENUE EAST,1,1,0,0,1,4,,0,55,0,0,0,0,0,1,2,3
,2019-27303,39.628551,-104.904201,5/23/2019 11:37,11:37,12,0,0,I25 & UNION AVENUE EAST,1,1,0,0,1,4,,0,65,0,0,0,0,0,1,2,13
,2019-27304,39.628551,-104.904201,7/25/2019 21:55,21:55,12,0,0,I25 & UNION AVENUE EAST,1,3,0,0,1,4,,0,65,0,0,0,0,0,1,2,13
,2019-27305,39.62835,-104.904064,8/23/2019 15:31,15:31,12,0,0,I25 & UNION AVENUE EAST,1,1,0,0,1,4,,0,65,0,0,0,0,0,1,3,13
,2019-27306,39.632827,-104.906186,6/11/2019 15:39,15:39,12,0,0,I25 & I225,1,1,1,0,1,4,,0,60,0,0,0,0,0,1,2,3
,2019-27307,39.634142,-104.906736,12/31/2019 12:50,12:50,12,0,0,I25 & I225 EXIT GORE POINT,1,1,0,0,1,4,,0,55,0,0,0,0,0,1,3,13
,2019-27308,39.628551,-104.904201,11/21/2019 7:35,7:35,12,0,0,UNION AVENUE EAST & I25,5,1,1,2,1,4,,0,35,0,0,0,0,0,1,2,13
,2019-27309,39.628689,-104.904276,10/11/2019 8:45,8:45,12,0,0,I25 & BELLEVIEW AVENUE EAST,1,1,0,0,1,4,,0,55,0,0,0,0,0,1,2,13
,2019-2731,39.740013,-104.971078,11/8/2019 1:30,1:30,6,0,0,COLFAX AVENUE & 1232 EAST,1,3,0,0,3,4,,0,,0,0,0,0,0,2,2,13
,2019-27310,39.628827,-104.904352,4/28/2019 16:35,16:35,15,0,0,I25 & UNION AVENUE EAST,1,1,1,0,1,4,,0,65,0,0,0,0,0,1,3,14
,2019-27311,39.628965,-104.904428,1/15/2019 19:07,19:07,5,0,1,I25 & UNION AVENUE EAST APPROXIMATELY,1,3,0,0,1,4,,0,65,0,0,0,0,2,1,2,13
,2019-27312,39.629672,-104.904819,6/26/2019 17:30,17:30,12,0,0,I25 & UNION AVENUE EAST,1,1,0,0,1,4,,0,65,0,0,0,0,0,1,3,13
,2019-27313,39.633244,-104.906325,5/18/2019 15:38,15:38,12,0,2,I25 & I225,1,1,0,0,1,4,,0,55,0,0,0,0,1,1,2,13