id,drcog_id,latitude,longitude,crashtime,time,crashtype,numbkilled,numbinjurd,drcoglocat,rdconditin,lightngcon,roadcntgrd,weatherco,location,roaddescrp,schoolzone,constrzone,splimit,bikeinv,sctrinv,pedinv,motoinv,svrty,rdsystem,ttlvehcls,hcf
,2019-27314,39.630009,-104.904994,9/18/2019 1:30,1:30,15,0,0,I25 & I225 NB/EB DIRECT CONNECT,1,3,0,0,1,4,,0,55,0,0,0,0,0,1,2,10
,2019-27315,39.634142,-104.906736,12/30/2019 15:47,15:47,12,0,1,I25 & I225 EXIT GORE POINT,1,1,0,0,1,4,,0,60,0,0,0,0,1,1,2,8
,2019-27316,39.630181,-104.905071,3/6/2019 23:45,23:45,15,0,0,I25 & I225 NORTHBOUND FLYOVER,6,4,0,2,1,4,,0,60,0,0,0,0,0,1,2,14
,2019-27317,39.630181,-104.905071,8/5/2019 10:20,10:20,5,0,2,I25 NORTHBOUND EXIT GORE POINT TO & I225 NB/EB,1,1,0,0,3,4,,0,65,0,0,0,1,2,1,1,1
,2019-27318,39.634142,-104.906736,9/19/2019 18:22,18:22,5,0,0,I25 NORTHBOUND EXIT GORE POINT TO & I225 NB/EB DIRECT CONNECT,1,1,1,0,2,4,,0,65,0,0,0,0,0,1,1,14
,2019-27319,39.639097,-104.910179,11/16/2019 1:30,1:30,5,0,1,I25 & QUINCY AVENUE EAST,1,3,0,0,3,4,,1,50,0,0,0,1,1,1,1,5
,2019-2732,39.765726,-104.9948415,9/16/2019 15:53,15:53,15,0,0,PARK AVENUE WEST & GLOBEVILLE ROAD,1,1,0,0,1,1,,0,35,0,0,0,0,0,4,2,13
,2019-27320,39.630525,-104.905226,6/20/2019 9:36,9:36,15,0,0,I25 & MM 199,1,1,0,0,1,4,,0,65,0,0,0,0,0,1,2,3
,2019-27321,39.630525,-104.905226,8/3/2019 16:59,16:59,12,0,0,I25 & BELLEVIEW AVENUE EAST,1,1,0,0,1,4,,0,55,0,0,0,0,0,1,2,14
,2019-27322,39.630868,-104.905382,5/7/2019 9:22,9:22,12,0,0,I25 & I25 NORTHBOUND OFF RAMP TO NORTHBOUND I225,1,1,0,0,1,4,,0,60,0,0,0,0,0,1,3,13
,2019-27323,39.630868,-104.905382,12/2/2019 16:13,16:13,15,0,0,I25 NORTHBOUND DIRECT CONNECT EXIT GORE POINT TO & I225,2,1,0,0,1,4,,0,65,0,0,0,0,0,1,2,5
,2019-27324,39.63104,-104.905459,10/7/2019 16:47,16:47,12,0,1,I25 & I225,1,1,0,0,1,4,,0,65,0,0,0,1,1,1,2,14
,2019-27325,39.631211,-104.905537,7/15/2019 16:52,16:52,15,0,0,I25 SOUTHBOUND ON RAMP MERGE GORE POINT & I225 SOUTHBOUND/WESTBOUND OFF RAMP,1,1,0,0,1,7,,0,50,0,0,0,0,0,1,2,13
,2019-27326,39.631872,-104.905817,6/10/2019 14:48,14:48,12,0,1,I25 & MM 200,1,1,0,0,1,4,,0,,0,0,0,0,1,1,4,13
,2019-27327,39.632191,-104.90594,11/26/2019 10:39,10:39,15,0,1,I25 & MM 200,4,1,0,2,1,4,,0,55,0,0,0,0,1,1,2,13
,2019-27328,39.63235,-104.906002,10/21/2019 14:54,14:54,12,0,0,I25 & UNION AVENUE EAST,1,1,0,0,1,4,,0,60,0,0,0,0,0,1,2,12
,2019-27329,39.632509,-104.906063,3/3/2019 9:07,9:07,5,0,0,I25 & COLORADO BOULEVARD SOUTH,10,1,0,2,2,4,,0,50,0,0,0,1,0,1,1,1
,2019-2733,39.740143,-104.947873,7/20/2019 12:06,12:06,12,0,0,COLFAX AVENUE EAST & COOK STREET,1,1,0,0,1,4,,0,35,0,0,0,0,0,2,2,13
,2019-27330,39.634142,-104.906736,10/11/2019 18:35,18:35,12,0,0,I25 & I225,1,1,0,0,1,4,,0,65,0,0,0,0,0,1,2,14
,2019-27331,39.632668,-104.906125,3/9/2019 14:25,14:25,12,0,0,I25 & I225 NORTHBOUND FLYOVER,1,1,0,0,1,4,,0,45,0,0,0,0,0,1,2,14
,2019-27332,39.632827,-104.906186,2/16/2019 12:17,12:17,12,0,0,I25 & I225 SOUTHBOUND OFF RAMP TO SOUTHBOUND I25,1,1,0,0,1,4,,0,65,0,0,0,0,0,1,2,13
,2019-27333,39.632827,-104.906186,3/1/2019 15:13,15:13,15,0,0,I25 & I225 SOUTHBOUND OFF RAMP TUNNEL,1,1,1,0,1,4,,0,65,0,0,0,0,0,1,2,13
,2019-27334,39.632827,-104.906186,5/20/2019 21:28,21:28,12,0,0,I25 & I225 NORTHBOUND FLYOVER,6,3,0,2,1,4,,0,55,0,0,0,0,0,1,2,13
,2019-27335,39.632827,-104.906186,6/7/2019 12:07,12:07,12,0,0,I25 & I225,1,1,0,0,1,4,,0,65,0,0,0,0,0,1,3,13
,2019-27336,39.632827,-104.906186,10/27/2019 22:11,22:11,12,0,3,I25 & I225 EB/NB FLYOVER,5,3,0,2,1,4,,0,65,0,0,0,0,1,1,2,7
,2019-27337,39.634142,-104.906736,10/31/2019 11:06,11:06,12,0,0,I25 & I225,1,1,0,0,1,4,,0,65,0,0,0,0,0,1,2,10
,2019-27338,39.632827,-104.906186,12/3/2019 17:24,17:24,12,0,0,I25 & I225,1,4,0,0,1,4,,0,55,0,0,0,0,0,1,2,13
,2019-27339,39.633244,-104.906325,8/15/2019 6:36,6:36,12,0,0,I25 & I225,1,1,0,0,1,4,,0,65,0,0,0,0,0,1,2,3
,2019-2734,39.740142,-104.947688,4/1/2019 7:07,7:07,12,0,1,COLFAX AVENUE EAST & COOK STREET NORTH,1,2,0,0,1,3,,0,30,0,0,0,0,1,2,2,13
,2019-27340,39.634236,-104.906831,2/19/2019 19:47,19:47,5,0,1,I25 & I225 NORTHBOUND / EASTBOUND FLYOVER,12,3,0,2,2,4,,0,60,0,0,0,0,1,1,2,13
,2019-27341,39.634142,-104.906736,9/25/2019 15:43,15:43,12,0,1,I25 & I225,1,1,0,0,1,4,,0,55,0,0,0,0,2,1,6,3
,2019-27342,39.692284,-104.976903,10/9/2019 18:14,18:14,12,0,0,I25 & EMERSON STREET SOUTH,1,1,0,6,1,4,,0,55,0,0,0,0,0,1,4,2
,2019-27343,39.6333,-104.906391,9/27/2019 11:45,11:45,15,0,0,I25 & I225,1,1,0,0,1,4,,0,55,0,0,0,0,0,1,2,8
,2019-27344,39.6333,-104.906391,9/30/2019 8:51,8:51,15,0,0,I25 & I225,1,1,0,0,1,4,,0,65,0,0,0,0,0,1,2,13
,2019-27345,39.633244,-104.906325,10/8/2019 17:25,17:25,12,0,0,I25 & I225,1,1,0,0,1,4,,0,65,0,0,0,0,0,1,2,13
,2019-27346,39.633244,-104.906325,11/16/2019 14:56,14:56,12,0,0,I25 & MM 200.07,1,1,0,0,1,4,,0,65,0,0,0,0,0,1,2,13
,2019-27347,39.633456,-104.906464,5/21/2019 17:44,17:44,12,0,0,I25 NORTHBOUND ON RAMP FROM & I225 SOUTHBOUND/WESTBOUND,1,1,0,0,1,7,,0,55,0,0,0,0,0,1,3,7
,2019-27348,39.633768,-104.906611,6/15/2019 14:00,14:00,12,0,4,I25 & MM 200.10,1,1,0,0,1,4,,0,55,0,0,0,0,1,1,2,13
,2019-27349,39.633768,-104.906611,7/25/2019 16:37,16:37,12,0,1,I25 & I225,1,1,1,0,1,4,,0,65,0,0,0,0,1,1,2,3
,2019-27350,39.633768,-104.906611,6/15/2019 7:28,7:28,12,0,1,I25 & I225,1,2,0,0,1,7,,0,65,0,0,0,0,2,1,2,2
,2019-27351,39.63408,-104.906757,2/1/2019 6:55,6:55,12,0,0,I25 & I225 NORTHBOUND FLYOVER,1,1,0,0,1,4,,0,55,0,0,0,0,0,1,3,3
,2019-27352,39.634142,-104.906736,5/23/2019 12:05,12:05,15,0,0,I25 & MM 200.12,1,1,0,0,1,4,,0,60,0,0,0,0,0,1,2,3
,2019-27353,39.63408,-104.906757,9/25/2019 14:43,14:43,12,0,0,I25 & I225,1,1,0,0,1,4,,0,45,0,0,0,0,0,1,2,7
,2019-27354,39.63414,-104.9067,12/26/2019 13:22,13:22,15,0,0,I25 & I225,1,1,0,0,1,4,,0,55,0,0,0,0,0,1,2,13
,2019-27355,39.634236,-104.906831,3/11/2019 8:31,8:31,12,0,0,I25 & I225 NORTHBOUND FLYOVER,1,1,1,0,1,4,,0,55,0,0,0,0,0,1,2,13
,2019-27356,39.634236,-104.906831,6/27/2019 11:09,11:09,12,0,1,I25 & QUINCY AVENUE EAST,1,1,0,0,1,4,,0,65,0,0,0,0,1,1,2,13
,2019-27357,39.634142,-104.906736,7/25/2019 15:44,15:44,12,0,0,I25 & I225,1,1,1,0,1,4,,0,60,0,0,0,0,0,1,2,13
,2019-27358,39.634236,-104.906831,8/6/2019 10:52,10:52,15,0,0,I25 & I225 NB/EB FLYOVER,1,1,0,0,1,4,,0,65,0,0,0,0,0,1,2,13
,2019-27359,39.634236,-104.906831,10/28/2019 18:30,18:30,15,0,0,I25 & I225 NB/EB FLYOVER,5,2,0,2,1,4,,0,65,0,0,0,0,0,1,2,1
,2019-2736,39.765726,-104.9948415,10/8/2019 19:50,19:50,1,0,1,PARK AVENUE WEST & GLOBEVILLE ROAD NORTH,1,1,0,0,1,1,,0,35,0,0,0,0,1,4,3,3
,2019-27360,39.634236,-104.906831,3/14/2019 8:24,8:24,12,0,0,I25 SOUTHBOUND FLY OVER TO NORTHBOUND I225 & I225 NORTHBOUND,5,1,1,0,1,7,,0,45,0,0,0,0,0,1,2,3
,2019-27361,39.634443,-104.906934,11/8/2019 16:05,16:05,15,0,0,I25 NORTHBOUND ENTRANCE GORE POINT FROM & BELLEVIEW AVENUE EAST,1,1,0,0,1,4,,0,65,0,0,0,0,0,1,2,3
,2019-27362,39.634278,-104.9071,11/13/2019 17:32,17:32,12,0,0,I25 & I225,1,3,0,0,1,4,,0,60,0,0,0,0,0,1,2,13
,2019-27363,39.63461,-104.906922,1/3/2019 13:10,13:10,15,0,0,I25 NORTHBOUND MERGE LANE & BELLEVIEW AVENUE EAST NORTHBOUND ENTRANCE GORE,1,1,0,0,1,4,,0,35,0,0,0,0,0,1,2,13
,2019-27364,39.63548,-104.907553,7/12/2019 15:43,15:43,15,0,0,I25 & I225,1,1,0,0,1,4,,0,65,0,0,0,0,0,1,2,1
,2019-27365,39.653081,-104.918447,10/18/2019 16:45,16:45,15,0,0,I25 & HAMPDEN AVENUE EAST,1,1,0,0,1,4,,0,60,0,0,0,0,0,1,2,1
,2019-27366,39.63548,-104.907553,11/28/2019 12:12,12:12,15,0,0,I25 SOUTHBOUND OFF RAMP TO & I225,5,1,1,0,1,7,,0,,0,0,0,0,0,1,2,13
,2019-27367,39.635668,-104.907685,5/31/2019 12:05,12:05,12,0,0,I25 NORTHBOUND ON RAMP FROM & I225 SOUTHBOUND/WESTBOUND,1,1,0,0,1,7,,0,55,0,0,0,0,0,1,2,13
,2019-27368,39.635981,-104.907902,1/8/2019 6:57,6:57,12,0,1,I25 & I225 INTCH APPROXIMATELY,1,1,0,0,1,4,,0,55,0,0,0,0,1,1,2,12
,2019-27369,39.7802,-104.9891,12/16/2019 17:03,17:03,12,0,0,I25 & I70,1,3,0,0,1,4,,0,55,0,0,0,1,0,1,2,13
,2019-2737,39.740081,-104.910482,6/3/2019 10:22,10:22,12,0,0,COLFAX AVENUE EAST & NIAGRA STREET NORTH,1,1,0,0,1,1,,0,35,0,0,0,0,0,2,2,13
,2019-27370,39.636834,-104.908562,4/24/2019 18:02,18:02,12,0,0,I25 & I225 SOUTHBOUND OFF RAMP TUNNEL,1,1,0,0,1,4,,0,65,0,0,0,0,0,1,2,14
,2019-27371,39.636834,-104.908562,6/12/2019 14:33,14:33,15,0,0,I25 & I225,1,1,0,0,1,4,,0,55,0,0,0,0,0,1,2,13
,2019-27372,39.633244,-104.906325,5/18/2019 12:49,12:49,12,0,0,I25 NORTHBOUND ON RAMP FROM & I225 SOUTHBOUND/WESTBOUND,1,1,0,0,1,7,,0,55,0,0,0,0,0,1,3,13
,2019-27373,39.637,-104.908545,11/1/2019 6:16,6:16,5,0,0,I25 NORTHBOUND ENTRANCE GORE POINT FROM & I225 WB/SB,1,4,0,0,3,4,,0,55,0,0,0,0,0,1,2,1
,2019-27374,39.637774,-104.909301,3/5/2019 16:42,16:42,12,0,0,I25 & I225 SOUTHBOUND ENTRANCE GORE POINT TO I25,1,1,0,0,1,4,,0,55,0,0,0,0,0,1,2,1
,2019-27375,39.637856,-104.909356,2/4/2019 16:43,16:43,12,0,0,I25 & I225 SOUTHBOUND OFF RAMP,1,1,0,0,1,4,,0,65,0,0,0,0,0,1,2,13
,2019-27376,39.634142,-104.906739,12/18/2019 15:02,15:02,15,0,0,I25 NORTHBOUND ENTRANCE GORE POINT FROM & I225 SOUTHBOUND/WESTBOUND,1,1,0,0,1,4,,0,65,0,0,0,0,0,1,2,13
,2019-27377,39.637939,-104.909412,3/2/2019 17:00,17:00,15,0,0,I25 & I25 NORTHBOUND ENTRANCE GORE POINT FROM I225,4,3,0,2,1,4,,0,55,0,0,0,1,0,1,3,5
,2019-27379,39.638269,-104.909634,4/24/2019 7:37,7:37,15,0,0,I25 & QUINCY AVENUE EAST,1,1,0,0,1,4,,0,55,0,0,0,0,0,1,2,3
,2019-2738,39.740085,-104.890202,10/26/2019 16:50,16:50,15,0,0,COLFAX AVENUE EAST & VERBENA STREET NORTH,1,1,0,0,1,4,,0,35,0,0,0,0,0,2,3,5
,2019-27380,39.638515,-104.909803,12/2/2019 16:03,16:03,15,0,0,I25 & NORTHBOUND ENTRANCE GORE POINT FROM I225,1,2,1,0,1,4,,0,55,0,0,0,0,0,1,2,13
,2019-27381,39.638763,-104.909968,12/17/2019 8:37,8:37,12,0,0,I25 & QUINCY AVENUE EAST,1,1,0,0,1,4,,0,55,0,0,0,0,0,1,2,13
,2019-27382,39.639097,-104.910179,2/7/2019 7:49,7:49,15,0,0,I25 & QUINCY AVENUE EAST,2,1,0,0,1,4,,0,55,0,0,0,0,0,1,2,13
,2019-27383,39.639097,-104.910179,3/1/2019 8:44,8:44,12,0,0,I25 & QUINCY AVENUE EAST,1,1,0,0,1,4,,0,65,0,0,0,0,0,1,2,3
,2019-27384,39.639097,-104.910179,4/30/2019 16:28,16:28,15,0,0,I25 & QUINCY AVENUE EAST,2,1,0,1,1,4,,0,65,0,0,0,0,0,1,2,12
,2019-27385,39.639097,-104.910179,7/30/2019 10:04,10:04,12,0,0,I25 & QUINCY AVENUE EAST,1,1,0,0,1,4,,0,65,0,0,0,0,0,1,2,3
,2019-27386,39.6615158,-104.9072401,10/30/2019 17:00,17:00,6,0,0,ONEIDA STREET SOUTH & 800 BLOCK SOUTH,5,1,0,0,1,4,,0,25,0,0,0,0,0,4,2,7
,2019-27387,39.639097,-104.910179,10/5/2019 10:50,10:50,12,0,0,I25 & QUINCY AVENUE EAST,1,1,0,0,1,4,,0,65,0,0,0,0,0,1,2,7
,2019-27388,39.639181,-104.910232,5/20/2019 16:20,16:20,12,0,0,I25 SOUTHBOUND OFF RAMP LOOP EXIT GORE POINT TO & I225 NORTHBOUND,1,1,1,0,1,7,,0,55,0,0,0,0,0,1,2,8
,2019-27389,39.639181,-104.910232,9/2/2019 3:08,3:08,9,0,1,I25 SOUTHBOUND OFF RAMP LOOP EXIT GORE POINT TO & I225 NORTHBOUND / EASTBOUND,1,3,1,0,1,7,,0,65,0,0,0,0,2,1,1,1
,2019-27390,39.639598,-104.910496,3/21/2019 13:31,13:31,15,0,0,I25 SOUTHBOUND & QUINCY AVENUE EAST,1,1,0,0,1,4,,0,65,0,0,0,0,0,1,2,13
,2019-27391,39.639598,-104.910496,11/17/2019 2:12,2:12,12,0,0,I25 SOUTHBOUND EXIT GORE POINT TO & I225 EB/NB ON RAMP,1,3,0,0,1,4,,0,65,0,0,0,0,0,1,2,14
,2019-27392,39.639767,-104.910596,3/28/2019 11:11,11:11,15,0,0,I25 & HAMPDEN AVENUE EAST,1,1,0,0,1,4,,0,65,0,0,0,0,0,1,2,13
,2019-27393,39.639767,-104.910596,9/8/2019 4:18,4:18,15,0,0,I25 & HAMPDEN AVENUE EAST,1,3,0,0,1,4,,0,65,0,0,0,0,0,1,2,1
,2019-27394,39.650888,-104.917041,4/1/2019 17:40,17:40,12,0,0,I25 & I25 NORTHBOUND EXIIT GORE POINT HAMPDEN AVENUE EAST,1,1,0,0,1,4,,0,65,0,0,0,0,0,1,2,13
,2019-27395,39.634278,-104.9071,8/15/2019 16:49,16:49,12,0,0,I25 & I225,1,1,0,0,1,4,,0,65,0,0,0,0,0,1,3,14
,2019-27396,39.640395,-104.910958,1/4/2019 17:33,17:33,12,0,0,I25 & QUINCY AVENUE EAST,1,2,0,0,1,4,,0,60,0,0,0,0,0,1,2,13
,2019-27397,39.64053,-104.911036,4/12/2019 5:30,5:30,12,0,0,I25 & ONEIDA STREET NORTH,1,4,0,0,1,4,,0,55,0,0,0,0,0,1,2,13
,2019-27398,39.641073,-104.911349,6/7/2019 14:08,14:08,12,0,0,I25 & HAMPDEN AVENUE EAST,1,1,0,0,1,4,,0,65,0,0,0,0,0,1,2,7
,2019-27400,39.641887,-104.911817,5/18/2019 12:57,12:57,12,0,0,I25 & MM 201,1,1,0,0,1,4,,0,65,0,0,0,0,0,1,3,14
,2019-27401,39.641887,-104.911817,10/28/2019 0:11,0:11,15,0,0,I25 & MM 200,4,3,0,2,1,4,,0,60,0,0,0,0,0,1,2,13
,2019-27402,39.64665,-104.914574,9/10/2019 21:40,21:40,12,0,0,I25 & HAMPDEN AVENUE EAST,1,3,0,0,1,4,,0,65,0,0,0,0,0,1,2,7
,2019-27403,39.64243,-104.91213,2/26/2019 15:16,15:16,12,0,0,I25 & I225 SOUTHBOUND OFF RAMP TUNNEL,1,1,1,0,1,4,,0,55,0,0,0,0,0,1,4,2
,2019-27404,39.643108,-104.912521,3/12/2019 8:40,8:40,15,0,0,I25 & HAMPDEN AVENUE EAST,1,1,0,0,1,4,,0,55,0,0,0,0,0,1,2,8
,2019-27405,39.645274,-104.913771,6/8/2019 14:27,14:27,12,0,0,I25 & MM 201,1,1,0,0,1,4,,0,65,0,0,0,0,0,1,2,3
,2019-27406,39.645274,-104.913771,6/26/2019 11:56,11:56,12,0,1,I25 & MM 201,1,1,0,0,1,4,,0,60,0,0,0,0,1,1,2,13
,2019-27408,39.64665,-104.914574,1/15/2019 8:36,8:36,15,0,0,I25 & HAMPDEN AVENUE EAST,1,1,0,0,1,4,,0,,0,0,0,0,0,1,3,13
,2019-27409,39.653075,-104.918243,3/13/2019 10:13,10:13,12,0,0,I25 & HAMPDEN AVENUE EAST,4,1,0,2,1,4,,0,65,0,0,0,0,0,1,2,13
,2019-27410,39.64665,-104.914574,2/5/2019 9:53,9:53,12,0,0,I25 & HAMPDEN AVENUE EAST,1,1,0,0,1,4,,0,55,0,0,0,0,0,1,3,1
,2019-27411,39.64665,-104.914574,3/23/2019 13:35,13:35,12,0,0,I25 NORTHBOUND & HAMPDEN AVENUE EAST,1,1,0,0,1,4,,0,65,0,0,0,0,0,1,2,13
,2019-27412,39.64665,-104.914574,5/10/2019 11:46,11:46,12,0,0,I25 & HAMPDEN AVENUE EAST,1,1,0,0,1,4,,0,65,0,0,0,0,0,1,2,13
,2019-27414,39.64665,-104.914574,7/3/2019 16:39,16:39,12,0,0,I25 & HAMPDEN AVENUE EAST,1,1,0,0,1,4,,0,55,0,0,0,0,0,1,2,13
,2019-27415,39.64665,-104.914574,7/24/2019 17:00,17:00,12,0,0,I25 & HAMPDEN AVENUE EAST,1,1,0,0,1,4,,0,65,0,0,0,0,0,1,2,2
,2019-27416,39.64665,-104.914574,8/14/2019 10:05,10:05,12,0,0,I25 & HAMPDEN AVENUE EAST,1,1,0,0,1,4,,0,65,0,0,0,0,0,1,2,13
,2019-27417,39.64665,-104.914574,8/27/2019 17:59,17:59,12,0,1,I25 & HAMPDEN AVENUE EAST,1,1,0,0,1,4,,0,65,0,0,0,0,1,1,2,3
,2019-27418,39.64665,-104.914574,9/6/2019 14:08,14:08,12,0,0,I25 & HAMPDEN AVENUE EAST,1,1,0,0,1,4,,0,65,0,0,0,0,0,1,2,13
,2019-27419,39.64665,-104.914574,10/15/2019 14:19,14:19,12,0,0,I25 & HAMPDEN AVENUE EAST,1,1,1,0,1,4,,0,65,0,0,0,0,0,1,2,13
,2019-27420,39.64665,-104.914574,11/25/2019 10:23,10:23,12,0,1,I25 & HAMPDEN AVENUE EAST,1,1,0,0,1,4,,0,55,0,0,0,0,1,1,3,13
,2019-27421,39.64665,-104.914574,12/4/2019 16:50,16:50,15,0,0,I25 & HAMPDEN AVENUE EAST,1,2,0,0,1,4,,0,65,0,0,0,0,0,1,2,13
,2019-27422,39.647873,-104.915288,11/21/2019 5:48,5:48,15,0,0,I25 & HAMPDEN AVENUE EAST,5,2,0,2,1,4,,0,65,0,0,0,0,0,1,2,13
,2019-27423,39.648179,-104.915467,2/19/2019 16:10,16:10,12,0,0,I25 & HAMPDEN AVENUE EAST,1,2,0,2,1,4,,0,55,0,0,0,0,0,1,2,3
,2019-27424,39.648638,-104.915734,12/12/2019 12:06,12:06,12,0,0,I25 & HAMPDEN AVENUE EAST,1,1,0,0,1,4,,0,65,0,0,0,0,0,1,3,13
,2019-27425,39.650468,-104.916801,1/14/2019 9:38,9:38,15,0,0,I25 & HAMPDEN AVENUE EAST,1,1,0,0,1,4,,0,60,0,0,0,0,0,1,3,13
,2019-27426,39.650468,-104.916801,2/20/2019 7:57,7:57,12,0,0,I25 & HAMPDEN AVENUE EAST,1,1,0,0,1,4,,0,55,0,0,0,0,0,1,2,13
,2019-27427,39.650468,-104.916801,3/4/2019 6:30,6:30,12,0,0,I25 & HAMPDEN AVENUE EAST,2,1,0,0,1,4,,0,55,0,0,0,0,0,1,2,13
,2019-27428,39.650468,-104.916801,4/9/2019 11:27,11:27,15,0,0,I25 & HAMPDEN AVENUE EAST,1,1,0,0,1,4,,0,65,0,0,0,0,0,1,2,13
,2019-27429,39.650468,-104.916801,5/15/2019 7:55,7:55,12,0,0,I25 & HAMPDEN AVENUE EAST,1,1,0,0,1,4,,0,55,0,0,0,0,0,1,2,14
,2019-27430,39.650468,-104.916801,5/21/2019 12:13,12:13,12,0,0,I25 & HAMPDEN AVENUE EAST,1,1,0,0,1,4,,0,60,0,0,0,0,0,1,2,13
,2019-27431,39.650468,-104.916801,10/9/2019 8:51,8:51,15,0,0,I25 SOUTHBOUND ENTRANCE GORE POINT & HAMPDEN AVENUE EAST,1,1,0,0,1,4,,0,65,0,0,0,0,0,1,2,1
,2019-27432,39.650468,-104.916801,11/25/2019 18:24,18:24,12,0,0,I25 SOUTHBOUND ENTRANCE GORE POINT FROM & HAMPDEN AVENUE EAST,2,3,0,2,1,4,,0,65,0,0,0,0,0,1,2,13
,2019-27433,39.650468,-104.916801,12/18/2019 18:10,18:10,12,0,0,I25 & HAMPDEN AVENUE EAST,1,3,0,0,1,4,,0,65,0,0,0,0,0,1,2,13
,2019-27434,39.650468,-104.916801,12/28/2019 7:04,7:04,12,0,1,I25 & HAMPDEN AVENUE EAST,4,2,0,2,1,4,,0,,0,0,0,0,1,1,2,13
,2019-27435,39.650573,-104.916861,4/4/2019 6:50,6:50,15,0,0,I25 SOUTHBOUND ON RAMP ENTRANCE GORE POINT & HAMPDEN AVENUE EAST,1,1,1,0,1,7,,0,35,0,0,0,0,0,1,2,13
,2019-27436,39.650573,-104.916861,11/5/2019 15:44,15:44,15,0,0,I25 SOUTHBOUND ON RAMP ENTRANCE GORE POINT FROM & HAMPDEN AVENUE EAST,1,1,1,0,1,7,,0,35,0,0,0,0,0,1,2,13
,2019-27437,39.650888,-104.917041,1/28/2019 5:47,5:47,15,0,0,I25 & NORTHBOUND EXIT TO HAMPDEN AVENUE,4,2,0,2,1,4,,0,,0,0,0,0,0,1,2,13
,2019-27438,39.650993,-104.9171,8/12/2019 18:00,18:00,12,0,0,I25 NORTHBOUND EXIT GORE POINT & HAMPDEN AVENUE EAST,1,1,0,0,1,4,,0,65,0,0,0,0,0,1,3,12
,2019-27439,39.678453,-104.9081895,1/3/2019 18:20,18:20,10,0,0,ONEIDA STREET SOUTH & EVANS AVENUE EAST,1,3,0,0,1,1,,0,25,0,0,0,0,0,4,2,1
,2019-27440,39.651098,-104.917161,6/3/2019 15:56,15:56,12,0,0,I25 & HAMPDEN AVENUE EAST,2,1,0,0,1,4,,0,65,0,0,0,0,0,1,2,3
,2019-27441,39.651098,-104.917161,10/17/2019 18:40,18:40,12,0,0,I25 & HAMPDEN AVENUE EAST,1,1,0,0,1,4,,0,65,0,0,0,0,0,1,2,14
,2019-27442,39.651411,-104.917345,1/20/2019 0:13,0:13,5,0,2,I25 NORTHBOUND EXIT GORE POINT & HAMPDEN AVENUE,1,3,0,0,3,4,,0,65,0,0,0,0,1,1,2,2
,2019-27443,39.651513,-104.917406,2/24/2019 18:25,18:25,12,0,1,I25 & HAMPDEN AVENUE EAST,1,3,0,0,1,4,,0,65,0,0,0,0,2,1,2,1
,2019-27444,39.651616,-104.917467,8/18/2019 22:21,22:21,12,0,0,I25 & HAMPDEN AVENUE EAST,1,4,0,0,1,4,,0,65,0,0,0,0,0,1,2,13
,2019-27445,39.652129,-104.91777,1/16/2019 15:43,15:43,12,0,0,I25 & HAMPDEN AVENUE EAST,1,1,1,0,1,4,,0,65,0,0,0,0,0,1,2,5
,2019-27446,39.652129,-104.91777,7/11/2019 7:45,7:45,12,0,1,I25 & HAMPDEN AVENUE EAST,1,1,0,0,1,4,,0,65,0,0,0,0,1,1,2,7
,2019-27447,39.652129,-104.91777,7/14/2019 1:04,1:04,12,0,0,I25 & HAMPDEN AVENUE EAST,1,3,0,0,1,4,,0,65,0,0,0,0,0,1,2,14
,2019-27448,39.652129,-104.91777,8/18/2019 21:19,21:19,12,0,0,I25 & HAMPDEN AVENUE EAST,1,3,0,0,1,4,,0,55,0,0,0,0,0,1,2,13
,2019-27449,39.652129,-104.91777,9/9/2019 8:58,8:58,15,0,0,I25 & HAMPDEN AVENUE EAST,1,1,0,0,1,4,,0,65,0,0,0,0,0,1,2,2
,2019-27450,39.652129,-104.91777,10/4/2019 16:49,16:49,12,0,0,I25 & HAMPDEN AVENUE EAST,1,1,0,0,1,4,,0,65,0,0,0,0,0,1,2,13
,2019-27451,39.653081,-104.918256,10/17/2019 18:35,18:35,15,0,0,I25 & HAMPDEN AVENUE EAST,1,1,0,0,1,4,,0,65,0,0,0,0,0,1,2,13
,2019-27453,39.652129,-104.91777,3/28/2019 13:07,13:07,12,0,3,I25 SOUTHBOUND ON RAMP & HAMPDEN AVENUE EAST,1,1,1,0,1,7,,0,35,0,0,0,0,1,1,3,13
,2019-27454,39.652442,-104.917935,5/11/2019 14:01,14:01,12,0,0,I25 & HAMPDEN AVENUE EAST,1,1,0,0,1,4,,0,65,0,0,0,0,0,1,2,13
,2019-27455,39.652547,-104.917986,5/23/2019 16:53,16:53,12,0,0,I25 & HAMPDEN AVENUE EAST,2,1,0,0,1,4,,0,65,0,0,0,0,0,1,2,14
,2019-27456,39.652653,-104.918038,10/17/2019 8:00,8:00,12,0,0,I25 SOUTHBOUND ON RAMP & HAMPDEN AVENUE EAST,1,1,0,0,1,7,,0,25,0,0,0,0,0,1,2,13
,2019-27457,39.65297,-104.918192,10/18/2019 15:40,15:40,15,0,0,I25 & HAMPDEN AVENUE EAST,1,1,0,0,1,4,,0,60,0,0,0,0,0,1,2,3
,2019-27458,39.65297,-104.918192,6/1/2019 18:40,18:40,12,0,0,I25 NORTHBOUND OFF RAMP & HAMPDEN AVENUE EAST,1,1,1,0,1,7,,0,35,0,0,0,0,0,1,2,5
,2019-27459,39.65297,-104.918192,11/13/2019 17:20,17:20,12,0,1,I25 NORTHBOUND OFF RAMP TO & HAMPDEN AVENUE EAST,1,3,1,0,1,7,,0,35,0,0,0,0,1,1,3,14