id,drcog_id,latitude,longitude,crashtime,time,crashtype,numbkilled,numbinjurd,drcoglocat,rdconditin,lightngcon,roadcntgrd,weatherco,location,roaddescrp,schoolzone,constrzone,splimit,bikeinv,sctrinv,pedinv,motoinv,svrty,rdsystem,ttlvehcls,hcf
,2019-27460,39.65297,-104.918192,5/22/2019 15:28,15:28,15,0,0,I25 SOUTHBOUND ON RAMP & HAMPDEN AVENUE EAST,1,1,1,0,1,7,,0,35,0,0,0,0,0,1,2,7
,2019-27461,39.65297,-104.918192,10/18/2019 7:46,7:46,12,0,0,I25 SOUTHBOUND ON RAMP & HAMPDEN AVENUE EAST,1,1,1,0,1,7,,0,45,0,0,0,1,0,1,2,13
,2019-27462,39.65297,-104.918192,10/19/2019 22:30,22:30,12,0,0,I25 SOUTHBOUND ON RAMP & HAMPDEN AVENUE EAST,1,3,1,0,1,7,,0,40,0,0,0,1,0,1,2,1
,2019-27463,39.653081,-104.918447,11/1/2019 7:00,7:00,12,0,0,I25 SOUTHBOUND ON SLIP RAMP & HAMPDEN AVENUE EAST,1,3,0,0,1,7,,0,,0,0,0,0,0,1,2,13
,2019-27464,39.653075,-104.918243,3/27/2019 17:00,17:00,12,0,1,I25 & HAMPDEN AVENUE EAST,1,1,1,0,1,4,,0,60,0,0,0,1,1,1,3,13
,2019-27465,39.653075,-104.918243,5/6/2019 7:33,7:33,12,0,0,I25 & HAMPDEN AVENUE EAST,1,1,0,0,1,4,,0,60,0,0,0,0,0,1,2,13
,2019-27466,39.653075,-104.918243,6/6/2019 12:34,12:34,15,0,1,I25 & HAMPDEN AVENUE EAST,1,1,1,0,1,4,,0,60,0,0,0,0,1,1,2,13
,2019-27467,39.653075,-104.918243,8/1/2019 9:17,9:17,15,0,0,I25 & HAMPDEN AVENUE EAST,1,1,0,0,1,4,,0,35,0,0,0,0,0,1,2,3
,2019-27468,39.653075,-104.918243,8/14/2019 13:45,13:45,15,0,0,I25 & HAMPDEN AVENUE EAST,1,1,0,0,1,4,,0,65,0,0,0,0,0,1,2,13
,2019-27469,39.653081,-104.918256,8/18/2019 20:58,20:58,12,0,0,I25 & HAMPDEN AVENUE EAST,1,2,0,0,1,4,,0,65,0,0,0,0,0,1,2,13
,2019-27470,39.653075,-104.918243,10/17/2019 12:34,12:34,12,0,0,I25 & HAMPDEN AVENUE EAST,1,1,0,0,1,4,,0,65,0,0,0,0,0,1,2,3
,2019-27471,39.653075,-104.918243,10/21/2019 8:23,8:23,12,0,0,I25 & HAMPDEN AVENUE EAST,1,1,0,0,1,4,,0,55,0,0,0,0,0,1,3,13
,2019-27472,39.653075,-104.918243,10/28/2019 9:52,9:52,12,0,0,I25 & HAMPDEN AVENUE EAST,4,1,0,2,1,4,,0,60,0,0,0,0,0,1,2,13
,2019-27473,39.653075,-104.918243,10/31/2019 11:34,11:34,15,0,1,I25 & HAMPDEN AVENUE EAST,2,1,0,0,1,4,,0,65,0,0,0,1,1,1,3,3
,2019-27474,39.653075,-104.918243,12/12/2019 13:53,13:53,12,0,0,I25 & HAMPDEN AVENUE EAST,1,1,0,0,1,4,,0,55,0,0,0,0,0,1,2,13
,2019-27475,39.653208,-104.918306,2/18/2019 18:33,18:33,12,0,0,I25 & HAMPDEN AVENUE EAST,1,3,0,2,1,4,,0,65,0,0,0,0,0,1,2,13
,2019-27476,39.683094,-104.94055,12/16/2019 17:30,17:30,15,0,0,I25 & COLORADO BOULEVARD SOUTH,1,1,0,0,1,4,,0,,0,0,0,0,0,1,2,13
,2019-27477,39.653902,-104.918631,4/7/2019 0:14,0:14,15,0,0,I25 & HAMPDEN AVENUE EAST,1,3,0,0,1,4,,0,65,0,0,0,0,0,1,2,13
,2019-27478,39.653208,-104.918306,5/18/2019 23:50,23:50,5,0,0,I25 & HAMPDEN AVENUE EAST,2,3,0,1,2,4,,0,65,0,0,0,0,0,1,1,1
,2019-27480,39.653208,-104.918306,6/9/2019 21:34,21:34,15,0,0,I25 & HAMPDEN AVENUE EAST,1,3,0,0,1,4,,0,65,0,0,0,0,0,1,2,7
,2019-27481,39.653208,-104.918306,5/14/2019 13:15,13:15,15,0,0,I25 NORTHBOUND ON RAMP & HAMPDEN AVENUE EAST,1,1,0,0,1,7,,0,35,0,0,0,0,0,1,2,13
,2019-27482,39.653208,-104.918306,8/8/2019 19:24,19:24,15,0,0,I25 NORTHBOUND ON RAMP & HAMPDEN AVENUE EAST,1,2,1,0,1,7,,0,65,0,0,0,0,0,1,2,1
,2019-27483,39.653208,-104.918306,9/26/2019 13:00,13:00,12,0,0,I25 NORTHBOUND ON RAMP & HAMPDEN AVENUE EAST,1,1,1,0,1,7,,0,35,0,0,0,0,0,1,2,13
,2019-27484,39.653208,-104.918306,5/28/2019 12:32,12:32,12,0,0,I25 SOUTHBOUND OFF RAMP SLIP & HAMPDEN AVENUE EAST,1,1,1,0,1,7,,0,45,0,0,0,0,0,1,2,3
,2019-27485,39.653346,-104.918371,7/19/2019 14:27,14:27,12,0,0,I25 & HAMPDEN AVENUE EAST,1,1,0,0,1,4,,0,65,0,0,0,0,0,1,2,13
,2019-27486,39.66762,-104.925609,5/18/2019 11:35,11:35,12,0,1,I25 & YALE AVENUE EAST,2,1,0,1,1,4,,0,65,0,0,0,0,1,1,2,12
,2019-27487,39.653485,-104.918436,1/8/2019 14:32,14:32,15,0,0,I25 NORTHBOUND ON RAMP SLIP MERGE & HAMPDEN AVENUE EAST,1,1,1,0,1,7,,0,35,0,0,0,0,0,1,2,7
,2019-27488,39.653624,-104.918501,6/6/2019 7:12,7:12,12,0,0,I25 & HAMPDEN AVENUE EAST,1,1,0,0,1,4,,0,65,0,0,0,0,0,1,3,3
,2019-27489,39.653078,-104.918258,12/11/2019 17:34,17:34,12,0,0,I25 & HAMPDEN AVENUE EAST,1,1,1,0,1,4,,0,65,0,0,0,0,0,1,3,13
,2019-27490,39.65418,-104.918762,7/16/2019 10:11,10:11,12,0,0,I25 & HAMPDEN AVENUE EAST,1,1,0,0,1,4,,0,65,0,0,0,0,0,1,2,13
,2019-27492,39.654318,-104.918827,9/17/2019 7:14,7:14,15,0,0,I25 & HAMPDEN AVENUE EAST,1,1,0,0,1,4,,0,65,0,0,0,0,0,1,6,13
,2019-27493,39.654318,-104.918827,10/7/2019 7:34,7:34,12,0,0,I25 & HAMPDEN AVENUE EAST,1,1,0,0,1,4,,0,65,0,0,0,0,0,1,2,13
,2019-27494,39.654457,-104.918892,1/11/2019 8:58,8:58,12,0,0,I25 & HAMPDEN AVENUE EAST,2,1,0,2,1,4,,0,65,0,0,0,0,0,1,2,3
,2019-27495,39.654457,-104.918892,5/13/2019 9:09,9:09,12,0,0,I25 & HAMPDEN AVENUE EAST,1,1,0,0,1,4,,0,55,0,0,0,0,0,1,2,3
,2019-27496,39.654457,-104.918892,10/7/2019 15:38,15:38,15,0,0,I25 & HAMPDEN AVENUE EAST,1,1,0,0,1,4,,0,60,0,0,0,0,0,1,2,3
,2019-27497,39.65571,-104.919467,4/12/2019 19:34,19:34,15,0,0,I25 & HAMPDEN AVENUE EAST,1,3,0,0,1,4,,0,50,0,0,0,0,0,1,2,13
,2019-27498,39.65571,-104.919467,10/22/2019 9:10,9:10,12,0,3,I25 & HAMPDEN AVENUE EAST,1,1,0,0,1,4,,0,65,0,0,0,0,1,1,2,1
,2019-27499,39.653081,-104.918447,12/30/2019 6:10,6:10,5,0,0,I25 & HAMPDEN AVENUE EAST,1,2,0,0,2,4,,0,60,0,0,0,0,0,1,2,7
,2019-27500,39.65571,-104.919467,4/1/2019 7:42,7:42,15,0,0,I25 NORTHBOUND ON RAMP & HAMPDEN AVENUE EAST,1,1,0,0,1,7,,0,65,0,0,0,0,0,1,2,1
,2019-27501,39.656556,-104.91981,8/29/2019 9:05,9:05,12,0,0,I25 & HAMPDEN AVENUE EAST,1,1,0,0,1,4,,0,60,0,0,0,0,0,1,3,13
,2019-27502,39.673173,-104.929359,8/5/2019 12:42,12:42,5,0,2,I25 & YALE AVENUE EAST,1,1,0,0,2,4,,0,65,0,0,0,0,2,1,1,1
,2019-27503,39.657807,-104.920358,3/19/2019 8:43,8:43,12,0,0,I25 SOUTHBOUND & I25 SOUTHBOUND OFF RAMP GORE POINT TO HAMPDEN AVENUE,1,1,0,0,1,4,,0,55,0,0,0,0,0,1,2,13
,2019-27504,39.657807,-104.920358,8/13/2019 19:27,19:27,5,0,0,I25 SOUTHBOUND EXIT GORE POINT & HAMPDEN AVENUE EAST,1,2,0,0,3,4,,0,65,0,0,0,0,0,1,1,5
,2019-27505,39.658377,-104.920616,4/11/2019 11:39,11:39,15,0,0,I25 & HAMPDEN AVENUE EAST,1,1,0,0,1,4,,0,65,0,0,0,0,0,1,2,3
,2019-27506,39.658377,-104.920616,4/16/2019 20:58,20:58,15,0,0,I25 & I25 NORTHBOUND ENTRANCE GORE POINT FROM HAMPDEN AVENUE,1,3,0,0,1,4,,0,65,0,0,0,1,0,1,2,13
,2019-27507,39.658377,-104.920616,10/31/2019 13:06,13:06,12,0,0,I25 NORTHBOUND ENTRANCE GORE POINT & HAMPDEN AVENUE EAST,1,1,0,0,1,4,,0,55,0,0,0,0,0,1,2,13
,2019-27508,39.659422,-104.92109,11/5/2019 9:28,9:28,12,0,1,I25 NORTHBOUND ENTRANCE GORE POINT FROM & HAMPDEN AVENUE EAST,1,1,1,0,1,4,,0,45,0,0,0,0,1,1,2,3
,2019-27509,39.66119,-104.921891,1/29/2019 7:04,7:04,12,0,0,I25 & HAMPDEN AVENUE EAST,1,2,0,0,1,4,,0,65,0,0,0,0,0,1,2,13
,2019-27510,39.662501,-104.922429,2/21/2019 6:56,6:56,12,0,0,I25 & YALE AVENUE EAST,1,1,0,0,1,4,,0,65,0,0,0,0,0,1,2,3
,2019-27511,39.662501,-104.922429,7/25/2019 10:53,10:53,12,0,0,I25 & YALE AVENUE EAST,1,1,0,0,1,4,,0,65,0,0,0,0,0,1,2,3
,2019-27512,39.663135,-104.922717,8/22/2019 17:14,17:14,12,0,0,I25 & YALE AVENUE EAST,1,1,1,0,1,4,,0,65,0,0,0,0,0,1,2,13
,2019-27513,39.664071,-104.923198,3/29/2019 7:24,7:24,12,0,0,I25 & YALE AVENUE EAST,2,1,0,1,1,4,,0,65,0,0,0,0,0,1,2,3
,2019-27514,39.664071,-104.923198,5/29/2019 9:44,9:44,12,0,0,I25 & YALE AVENUE EAST,1,1,0,0,1,4,,0,65,0,0,0,0,0,1,2,12
,2019-27515,39.664071,-104.923198,10/15/2019 14:45,14:45,12,0,0,I25 NORTHBOUND EXIT GORE POINT & YALE AVENUE EAST,1,1,0,0,1,4,,0,60,0,0,0,0,0,1,2,3
,2019-27516,39.664217,-104.923285,3/31/2019 19:57,19:57,5,0,1,I25 NORTHBOUND & I25 OFF RAMP TO YALE AVENUE EAST GORE POINT,1,4,0,0,3,4,,0,55,0,0,0,0,2,1,1,13
,2019-27517,39.664339,-104.923354,11/8/2019 10:52,10:52,12,0,0,I25 & YALE AVENUE EAST,1,1,0,0,1,4,,0,65,0,0,0,0,0,1,2,1
,2019-27518,39.664582,-104.923493,8/6/2019 16:18,16:18,12,0,1,I25 SOUTHBOUND ENTRANCE GORE POINT & YALE AVENUE EAST,1,1,1,0,1,4,,0,65,0,0,0,0,1,1,2,13
,2019-27519,39.664703,-104.923564,4/11/2019 20:45,20:45,15,0,0,I25 & YALE AVENUE EAST,1,4,0,0,1,4,,0,60,0,0,0,0,0,1,4,14
,2019-27520,39.664703,-104.923564,6/27/2019 16:21,16:21,12,0,0,I25 & YALE AVENUE EAST,1,1,0,0,1,4,,0,50,0,0,0,0,0,1,2,7
,2019-27521,39.664703,-104.923564,7/13/2019 14:53,14:53,12,0,2,I25 & YALE AVENUE EAST,1,1,0,0,1,4,,0,65,0,0,0,0,1,1,3,13
,2019-27522,39.664703,-104.923564,8/14/2019 21:02,21:02,15,0,1,I25 & YALE AVENUE EAST,1,3,0,0,1,4,,0,65,0,0,0,1,1,1,2,13
,2019-27523,39.664703,-104.923564,10/15/2019 7:50,7:50,12,0,1,I25 & YALE AVENUE EAST,1,1,0,0,1,4,,0,55,0,0,0,0,1,1,2,1
,2019-27524,39.665297,-104.923948,9/6/2019 9:49,9:49,12,0,0,I25 & YALE AVENUE EAST,1,1,0,0,1,4,,0,65,0,0,0,0,0,1,2,3
,2019-27525,39.665414,-104.924027,1/16/2019 14:34,14:34,12,0,0,I25 & MP 202.5,1,1,0,0,1,4,,0,50,0,0,0,0,0,1,3,13
,2019-27526,39.665414,-104.924027,4/18/2019 7:44,7:44,12,0,0,I25 & YALE AVENUE EAST,1,1,0,0,1,4,,0,55,0,0,0,0,0,1,3,13
,2019-27527,39.667489,-104.925475,11/14/2019 21:40,21:40,15,0,0,I25 & YALE AVENUE EAST,1,3,0,0,1,4,,0,65,0,0,0,0,0,1,2,1
,2019-27528,39.667622,-104.925758,12/18/2019 8:45,8:45,12,0,0,I25 & YALE AVENUE EAST,1,1,0,0,1,4,,0,65,0,0,0,0,0,1,3,13
,2019-27529,39.665884,-104.924349,4/26/2019 8:24,8:24,15,0,0,I25 & YALE AVENUE EAST,1,1,0,0,1,4,,0,55,0,0,0,0,0,1,2,14
,2019-27530,39.666001,-104.92443,3/19/2019 6:46,6:46,12,0,0,I25 SOUTHBOUND & HAMPDEN AVENUE EAST,1,1,0,0,1,4,,0,60,0,0,0,0,0,1,2,13
,2019-27531,39.666001,-104.92443,11/2/2019 20:15,20:15,12,0,1,I25 & YALE AVENUE EAST,1,3,0,0,1,4,,0,65,0,0,0,0,1,1,2,12
,2019-27532,39.666463,-104.924769,12/5/2019 16:05,16:05,12,0,1,I25 & EVANS AVENUE EAST,2,1,0,1,1,4,,0,55,0,0,0,0,1,1,2,3
,2019-27533,39.666578,-104.924855,1/29/2019 12:30,12:30,12,0,0,I25 & YALE AVENUE EAST,1,1,0,0,1,4,,0,65,0,0,0,0,0,1,2,3
,2019-27534,39.666578,-104.924855,7/17/2019 17:40,17:40,12,0,0,I25 & YALE AVENUE EAST,1,1,0,0,1,4,,0,65,0,0,0,0,0,1,4,3
,2019-27535,39.666578,-104.924855,9/18/2019 8:35,8:35,12,0,0,I25 & YALE AVENUE EAST,1,1,0,0,1,4,,0,65,0,0,0,0,0,1,2,2
,2019-27536,39.666693,-104.924941,9/27/2019 7:49,7:49,12,0,0,I25 & YALE AVENUE EAST,1,1,0,0,1,4,,0,55,0,0,0,0,0,1,2,13
,2019-27537,39.667038,-104.9252,2/20/2019 22:21,22:21,15,0,0,I25 & YALE AVENUE EAST,1,3,0,0,1,4,,0,60,0,0,0,0,0,1,2,5
,2019-27538,39.667153,-104.925285,12/22/2019 1:15,1:15,5,0,0,I25 NORTHBOUND OFF RAMP & YALE AVENUE EAST,1,3,0,0,3,7,,0,65,0,0,0,0,0,1,1,5
,2019-27539,39.667387,-104.925448,4/28/2019 12:35,12:35,12,0,0,I25 & YALE AVENUE EAST,1,1,0,0,1,4,,0,50,0,0,0,0,0,1,2,13
,2019-27540,39.667387,-104.925448,4/23/2019 12:14,12:14,12,0,0,I25 NORTHBOUND OFF RAMP & YALE AVENUE EAST,1,1,1,0,1,7,,0,45,0,0,0,0,0,1,2,13
,2019-27541,39.667504,-104.925529,7/24/2019 10:39,10:39,5,0,0,I25 NORTHBOUND OFF RAMP SLIP & YALE AVENUE EAST,1,1,1,0,2,7,,0,45,0,0,0,0,0,1,1,2
,2019-27542,39.667504,-104.925529,8/2/2019 8:26,8:26,12,0,0,I25 SOUTHBOUND ON RAMP & YALE AVENUE EAST,1,1,0,0,1,7,,0,55,0,0,0,0,0,1,2,3
,2019-27543,39.66762,-104.925609,11/13/2019 15:59,15:59,12,0,0,I25 & YALE AVENUE EAST,1,1,0,0,1,4,,0,60,0,0,0,0,0,1,2,3
,2019-27544,39.667504,-104.925529,11/21/2019 10:51,10:51,6,0,1,I25 SOUTHBOUND ON RAMP FROM & YALE AVENUE EAST,11,1,0,2,1,7,,0,65,0,0,0,0,2,1,3,1
,2019-27545,39.66762,-104.925609,1/2/2019 7:01,7:01,12,0,0,I25 & YALE AVENUE EAST APPROXIMATELY,5,1,0,0,1,4,,0,50,0,0,0,1,0,1,2,2
,2019-27546,39.66762,-104.925609,7/3/2019 8:36,8:36,12,0,0,I25 & YALE AVENUE EAST,1,1,0,0,1,4,,0,60,0,0,0,0,0,1,2,13
,2019-27547,39.66762,-104.925609,7/20/2019 15:41,15:41,12,0,0,I25 & YALE AVENUE EAST,3,1,0,0,1,4,,0,65,0,0,0,0,0,1,2,5
,2019-27548,39.66762,-104.925609,8/5/2019 13:51,13:51,12,0,2,I25 & YALE AVENUE EAST,1,1,1,0,1,4,,0,60,0,0,0,0,2,1,2,13
,2019-27549,39.66762,-104.925609,8/17/2019 11:50,11:50,15,0,0,I25 & YALE AVENUE EAST,1,1,0,0,1,4,,0,65,0,0,0,0,0,1,2,1
,2019-27550,39.66762,-104.925609,8/23/2019 0:19,0:19,9,0,1,I25 & YALE AVENUE EAST,1,3,0,0,1,4,,0,65,0,0,0,1,1,1,2,13
,2019-27552,39.66762,-104.925609,8/28/2019 7:26,7:26,12,0,1,I25 & YALE AVENUE EAST,1,1,0,0,1,4,,0,55,0,0,0,0,1,1,2,13
,2019-27553,39.66762,-104.925609,9/19/2019 9:53,9:53,12,0,0,I25 & YALE AVENUE EAST,1,1,0,0,1,4,,0,55,0,0,0,0,0,1,3,13
,2019-27555,39.66762,-104.925609,9/28/2019 15:37,15:37,5,0,0,I25 & YALE AVENUE EAST,1,1,0,0,3,4,,0,55,0,0,0,0,0,1,1,12
,2019-27556,39.66762,-104.925609,9/30/2019 15:35,15:35,12,0,1,I25 & YALE AVENUE EAST,1,1,0,0,1,4,,0,65,0,0,0,0,1,1,3,13
,2019-27557,39.66762,-104.925609,10/31/2019 9:55,9:55,12,0,0,I25 & YALE AVENUE EAST,1,1,0,0,1,4,,0,60,0,0,0,0,0,1,2,12
,2019-27558,39.66762,-104.925609,10/26/2019 5:55,5:55,12,0,4,I25 SOUTHBOUND OFF RAMP & YALE AVENUE EAST,1,2,1,0,1,1,,0,,0,0,0,0,1,1,2,13
,2019-27559,39.66762,-104.925609,2/9/2019 18:11,18:11,12,0,0,I25 NORTHBOUND OFF RAMP & YALE AVENUE EAST,1,3,1,0,1,1,,0,25,0,0,0,0,0,1,2,13
,2019-27560,39.667491,-104.8858695,3/17/2019 0:00,0:00,5,0,0,YALE AVENUE EAST & 5307 EAST YALE AVENUE,1,3,1,0,3,4,,0,,0,0,0,0,0,4,1,13
,2019-27561,39.66762,-104.925609,3/18/2019 11:24,11:24,12,0,0,YALE AVENUE EAST & I25 NORTHBOUND ON RAMP,1,1,1,0,1,3,,0,35,0,0,0,0,0,1,2,13
,2019-27562,39.66762,-104.925609,5/10/2019 14:50,14:50,12,0,0,I25 NORTHBOUND OFF RAMP & YALE AVENUE EAST,1,1,0,0,1,1,,0,55,0,0,0,0,0,1,2,13
,2019-27563,39.66762,-104.925609,5/20/2019 11:35,11:35,3,0,0,YALE AVENUE EAST & I25 NORTHBOUND OFF RAMP,2,1,0,1,1,1,,0,35,0,0,0,0,0,1,2,13
,2019-27564,39.66762,-104.925609,6/17/2019 15:07,15:07,3,0,1,YALE AVENUE EAST & I25 NORTHBOUND OFF RAMP,1,1,0,0,1,1,,0,35,0,0,0,0,1,1,2,13
,2019-27565,39.66762,-104.925609,6/22/2019 7:20,7:20,3,0,1,YALE AVENUE EAST & I25 NORTHBOUND OFF RAMP,2,1,0,1,1,1,,0,30,0,0,0,0,1,1,2,13
,2019-27566,39.66762,-104.925609,8/20/2019 14:16,14:16,3,0,0,YALE AVENUE EAST & I25 NORTHBOUND OFF RAMP,1,1,1,0,1,1,,0,30,0,0,0,0,0,1,2,13
,2019-27567,39.66762,-104.925609,9/4/2019 8:26,8:26,1,0,1,YALE AVENUE EAST & I25 NORTHBOUND ON RAMP,1,1,0,0,1,1,,0,35,0,0,0,0,2,1,2,3
,2019-27568,39.66762,-104.925609,9/29/2019 16:30,16:30,3,0,1,YALE AVENUE EAST & I25 NORTHBOUND OFF RAMP,1,1,0,0,1,1,,0,35,0,0,0,0,1,1,2,13
,2019-27569,39.667731,-104.925682,8/16/2019 18:45,18:45,12,0,0,I25 & YALE AVENUE EAST,1,1,0,0,1,4,,0,65,0,0,0,0,0,1,2,7
,2019-27570,39.667731,-104.925682,1/27/2019 13:00,13:00,12,0,0,I25 SOUTHBOUND OFF RAMP & YALE AVENUE,1,1,0,0,1,7,,0,25,0,0,0,0,0,1,2,13
,2019-27571,39.667843,-104.925754,5/4/2019 16:38,16:38,12,0,0,I25 SOUTHBOUND OFF RAMP & YALE AVENUE EAST,1,1,0,0,1,7,,0,35,0,0,0,0,0,1,2,3
,2019-27572,39.667955,-104.925827,12/7/2019 16:44,16:44,12,0,0,I25 & EVANS AVENUE EAST,1,3,0,0,1,4,,0,60,0,0,0,0,0,1,2,14
,2019-27573,39.668066,-104.925899,8/29/2019 7:15,7:15,15,0,0,I25 & YALE AVENUE EAST,1,1,0,0,1,4,,0,55,0,0,0,0,0,1,2,14
,2019-27574,39.668066,-104.925899,12/21/2019 2:59,2:59,12,0,1,I25 & EVANS AVENUE EAST,1,3,0,0,1,4,,0,65,0,0,0,0,1,1,2,13
,2019-27575,39.668622,-104.926266,9/6/2019 16:10,16:10,12,0,0,I25 & YALE AVENUE EAST,2,1,0,1,1,4,,0,65,0,0,0,1,0,1,2,1
,2019-27576,39.668732,-104.926342,11/28/2019 22:55,22:55,15,0,0,I25 & YALE AVENUE EAST,5,3,0,2,1,4,,0,65,0,0,0,0,0,1,2,13
,2019-27577,39.668732,-104.926342,10/15/2019 13:37,13:37,15,0,0,I25 SOUTHBOUND OFF RAMP & YALE AVENUE EAST,1,1,0,0,1,7,,0,60,0,0,0,0,0,1,2,13
,2019-27578,39.669725,-104.927022,9/17/2019 7:40,7:40,15,0,0,I25 & YALE AVENUE EAST,1,1,0,0,1,4,,0,65,0,0,0,0,0,1,2,13
,2019-27579,39.669835,-104.927098,7/30/2019 8:24,8:24,12,0,0,I25 & YALE AVENUE EAST,1,1,0,0,1,4,,0,55,0,0,0,0,0,1,2,3
,2019-2758,39.765726,-104.9948415,10/11/2019 13:44,13:44,3,0,0,PARK AVENUE WEST & GLOBEVILLE ROAD NORTH,1,1,1,0,1,1,,0,35,0,0,0,1,0,4,2,13
,2019-27580,39.669835,-104.927098,9/17/2019 22:55,22:55,5,0,0,I25 & YALE AVENUE EAST,1,3,0,0,1,4,,0,65,0,0,0,0,0,1,1,7
,2019-27582,39.670633,-104.927612,4/10/2019 19:10,19:10,15,0,1,I25 & YALE AVENUE EAST,5,3,0,2,1,4,,0,55,0,0,0,0,1,1,2,13
,2019-27583,39.672391,-104.928797,1/28/2019 10:47,10:47,12,0,0,I25 & EVANS AVENUE EAST,4,1,1,2,1,4,,0,60,0,0,0,0,0,1,2,13
,2019-27584,39.672838,-104.929118,6/22/2019 1:00,1:00,15,0,0,I25 & EVANS AVENUE EAST,1,3,0,0,1,4,,0,65,0,0,0,0,0,1,2,13
,2019-27585,39.672838,-104.929118,9/6/2019 17:01,17:01,15,0,0,I25 & COLORADO BOULEVARD SOUTH,1,1,0,0,1,4,,0,65,0,0,0,0,0,1,2,1
,2019-27586,39.674516,-104.930319,12/9/2019 18:37,18:37,12,0,0,I25 & EVANS AVENUE EAST,1,3,1,0,1,4,,0,30,0,0,0,0,0,1,2,13
,2019-27587,39.674739,-104.930479,7/7/2019 10:12,10:12,5,0,0,I25 NORTHBOUND EXIT GORE POINT & EVANS AVENUE EAST,1,1,1,0,2,4,,0,65,0,0,0,0,0,1,1,10
,2019-27588,39.674851,-104.930559,12/11/2019 8:30,8:30,12,0,0,I25 NORTHBOUND OFF SLIP RAMP & EVANS AVENUE EAST,1,1,1,0,1,7,,0,60,0,0,0,0,0,1,2,14
,2019-27589,39.675631,-104.931188,8/16/2019 15:39,15:39,12,0,0,I25 & EVANS AVENUE EAST,1,1,1,0,1,4,,0,60,0,0,0,1,0,1,2,3
,2019-27590,39.675631,-104.931188,10/15/2019 17:59,17:59,12,0,0,I25 & EVANS AVENUE EAST,1,2,1,0,1,4,,0,65,0,0,0,0,0,1,2,13
,2019-27591,39.677267,-104.932617,1/25/2019 8:04,8:04,12,0,0,I25 & EVANS AVENUE EAST,1,1,0,0,1,4,,0,65,0,0,0,0,0,1,3,3
,2019-27592,39.677375,-104.932713,5/9/2019 13:20,13:20,15,0,0,I25 & EVANS AVENUE EAST,2,1,0,2,1,4,,0,65,0,0,0,0,0,1,2,13
,2019-27593,39.677375,-104.932713,9/18/2019 9:03,9:03,12,0,1,I25 & EVANS AVENUE EAST,1,1,0,0,1,4,,0,55,0,0,0,0,1,1,3,7
,2019-27594,39.677484,-104.93281,5/20/2019 6:49,6:49,12,0,2,I25 & EVANS AVENUE EAST,2,1,0,1,1,4,,0,65,0,0,0,0,1,1,2,3
,2019-27595,39.677701,-104.933001,1/31/2019 17:01,17:01,5,0,0,I25 NORTHBOUND OFF RAMP EXIT GORE POINT & COLORADO BOULEVARD SOUTH,1,2,1,0,2,7,,0,55,0,0,0,0,0,1,2,8
,2019-27596,39.677918,-104.933193,4/11/2019 9:13,9:13,12,0,0,I25 & EVANS AVENUE EAST,12,1,1,2,1,4,,0,65,0,0,0,1,0,1,2,1
,2019-27597,39.678252,-104.933467,6/25/2019 14:35,14:35,12,0,0,I25 NORTHBOUND OFF RAMP SLIP & EVANS AVENUE EAST,1,1,1,0,1,7,,0,30,0,0,0,0,0,1,2,13
,2019-27598,39.678363,-104.933558,3/3/2019 18:31,18:31,15,0,0,I25 & EVANS AVENUE EAST,4,3,1,0,1,4,,0,65,0,0,0,0,0,1,2,14
,2019-27599,39.678363,-104.933558,5/24/2019 8:07,8:07,15,0,1,I25 & EVANS AVENUE EAST,1,1,0,0,1,4,,0,65,0,0,0,0,2,1,3,3
,2019-27600,39.678363,-104.933558,6/15/2019 22:33,22:33,9,0,0,I25 & EVANS AVENUE EAST,1,3,0,0,1,4,,0,60,0,0,0,0,0,1,2,13
,2019-27601,39.678363,-104.933558,8/7/2019 17:26,17:26,12,0,0,I25 & EVANS AVENUE EAST,1,1,1,0,1,4,,0,50,0,0,0,0,0,1,2,13
,2019-27602,39.678363,-104.933558,10/22/2019 8:05,8:05,12,0,0,I25 & EVANS AVENUE EAST,1,1,0,0,1,4,,0,55,0,0,0,0,0,1,3,3
,2019-27603,39.678458,-104.933392,7/26/2019 15:12,15:12,15,0,0,EVANS AVENUE EAST & I25 NORTHBOUND RAMPS,1,1,0,0,1,4,,0,35,0,0,0,1,0,1,2,13
,2019-27604,39.678363,-104.933558,1/29/2019 20:00,20:00,1,0,1,EVANS AVENUE EAST & I25 SOUTHBOUND ON RAMP,5,3,0,0,1,1,,0,35,0,0,0,0,1,1,2,13
,2019-27605,39.678363,-104.933558,3/15/2019 19:52,19:52,12,0,0,EVANS AVENUE EAST & I25,1,3,0,0,1,1,,0,35,0,0,0,0,0,1,2,14
,2019-27606,39.678363,-104.933558,6/12/2019 16:23,16:23,1,0,0,EVANS AVENUE EAST & I25 SOUTHBOUND ON RAMP,1,1,0,0,1,1,,0,35,0,0,0,0,0,1,2,13
,2019-27607,39.678363,-104.933558,7/31/2019 14:30,14:30,12,0,0,EVANS AVENUE EAST & I25 SOUTHBOUND RAMPS,1,1,0,0,1,1,,0,30,0,0,0,0,0,1,2,3
,2019-27608,39.678363,-104.933558,10/18/2019 2:40,2:40,12,0,0,EVANS AVENUE EAST & I25 SOUTHBOUND RAMPS,1,3,0,0,1,1,,0,40,0,0,0,0,0,1,2,7
,2019-27609,39.678363,-104.933558,4/27/2019 3:22,3:22,12,0,3,EVANS AVENUE EAST & I25 NORTHBOUND RAMPS,1,3,0,0,1,1,,0,35,0,0,0,0,2,1,2,5
,2019-2761,39.720213,-104.903622,2/21/2019 0:25,0:25,5,0,0,QUEBEC STREET NORTH & SECOND AVENUE EAST,1,3,0,0,3,1,,0,35,0,0,0,0,0,4,1,13
,2019-27611,39.678363,-104.933558,5/9/2019 13:37,13:37,10,0,0,EVANS AVENUE 4600 BLOCK EAST & I25 NORTHBOUND ON RAMP,1,1,0,0,1,1,,0,35,0,0,0,0,0,1,2,13