id,drcog_id,latitude,longitude,crashtime,time,crashtype,numbkilled,numbinjurd,drcoglocat,rdconditin,lightngcon,roadcntgrd,weatherco,location,roaddescrp,schoolzone,constrzone,splimit,bikeinv,sctrinv,pedinv,motoinv,svrty,rdsystem,ttlvehcls,hcf
,2019-27612,39.678363,-104.933558,7/30/2019 8:24,8:24,12,0,0,EVANS AVENUE EAST & I25 NORTHBOUND RAMPS,1,1,1,0,1,1,,0,35,0,0,0,0,0,1,3,13
,2019-27613,39.678363,-104.933558,9/18/2019 10:23,10:23,12,0,0,EVANS AVENUE EAST & I25 NORTHBOUND RAMPS,1,1,0,0,1,1,,0,35,0,0,0,0,0,1,2,13
,2019-27614,39.68492,-104.959512,5/26/2019 1:08,1:08,5,0,0,UNIVERSITY BOULEVARD SOUTH & I25 NORTHBOUND OFF RAMP,1,4,0,0,2,4,,0,35,0,0,0,0,0,1,1,13
,2019-27615,39.678363,-104.933558,10/17/2019 5:00,5:00,15,0,0,EVANS AVENUE EAST & I25 NORTHBOUND ON RAMP,1,1,0,0,1,1,,0,35,0,0,0,0,0,1,2,13
,2019-27616,39.739366,-105.01387,12/21/2019 2:33,2:33,12,0,0,I25 & AURARIA PARKWAY,1,4,0,0,1,4,,0,55,0,0,0,0,0,1,2,13
,2019-27617,39.678363,-104.933558,11/1/2019 15:34,15:34,1,0,0,EVANS AVENUE EAST & I25 NORTHBOUND ON RAMP,1,1,0,0,1,1,,0,30,0,0,0,0,0,1,2,13
,2019-27618,39.678363,-104.933558,11/18/2019 10:00,10:00,12,0,0,EVANS AVENUE EAST & I25 NORTHBOUND ON RAMP,1,1,0,0,1,1,,0,35,0,0,0,0,0,1,2,3
,2019-27619,39.678363,-104.933558,11/22/2019 9:00,9:00,3,0,1,I25 NORTHBOUND OFF RAMP & EVANS AVENUE EAST,6,1,0,2,1,1,,0,30,0,0,0,1,1,1,2,13
,2019-27620,39.678474,-104.933649,2/7/2019 0:46,0:46,12,0,0,I25 & EVANS AVENUE EAST,4,3,0,2,1,4,,0,60,0,0,0,0,0,1,2,14
,2019-27621,39.678474,-104.933649,10/7/2019 15:28,15:28,12,0,2,I25 NORTHBOUND ON RAMP & EVANS AVENUE EAST,1,1,0,0,1,7,,0,,0,0,0,0,2,1,2,3
,2019-27622,39.678474,-104.933649,1/12/2019 23:14,23:14,5,0,0,I25 SOUTHBOUND ON RAMP & EVANS AVENUE EAST,5,3,0,2,2,7,,0,45,0,0,0,0,0,1,1,7
,2019-27623,39.678583,-104.933743,2/6/2019 21:00,21:00,15,0,0,I25 & EVANS AVENUE EAST,4,3,1,2,1,4,,0,65,0,0,0,0,0,1,2,14
,2019-27624,39.678583,-104.933743,7/24/2019 17:50,17:50,12,0,0,I25 NORTHBOUND ON RAMP & EVANS AVENUE EAST,2,1,1,1,1,7,,0,65,0,0,0,0,0,1,2,12
,2019-27625,39.678583,-104.933743,4/11/2019 9:16,9:16,12,0,0,I25 SOUTHBOUND OFF RAMP & EVANS AVENUE EAST,2,1,1,0,1,7,,0,25,0,0,0,0,0,1,2,13
,2019-27626,39.6788,-104.933938,10/1/2019 16:03,16:03,12,0,0,I25 & EVANS AVENUE EAST,1,1,0,0,1,4,,0,60,0,0,0,0,0,1,2,1
,2019-27627,39.697473,-104.982744,1/28/2019 16:03,16:03,15,0,0,I25 & LOGAN STREET SOUTH,1,1,0,0,1,4,,0,,0,0,0,0,0,1,2,13
,2019-27628,39.6788,-104.933938,11/11/2019 5:48,5:48,5,0,1,I25 & EVANS AVENUE EAST,5,1,0,2,3,4,,0,65,0,0,0,0,1,1,2,13
,2019-27629,39.683026,-104.940163,5/11/2019 19:44,19:44,15,0,0,I25 NORTHBOUND ON RAMP & COLORADO BOULEVARD SOUTH,1,1,1,0,1,7,,0,45,0,0,0,0,0,1,2,13
,2019-27630,39.73842,-104.9776695,6/16/2019 16:04,16:04,15,0,1,14TH AVENUE EAST & CLARKSON STREET NORTH,1,1,0,0,1,1,,0,20,0,0,0,0,1,4,2,13
,2019-27631,39.679234,-104.934321,5/11/2019 13:22,13:22,12,0,1,I25 NORTHBOUND ON RAMP & EVANS AVENUE EAST,1,1,1,0,1,7,,0,55,0,0,0,0,1,1,3,7
,2019-27632,39.679563,-104.934604,7/29/2019 16:41,16:41,12,0,2,I25 NORTHBOUND ON RAMP METER & EVANS AVENUE EAST,1,1,1,0,1,7,,0,35,0,0,0,0,2,1,2,3
,2019-27633,39.680367,-104.935337,3/18/2019 8:06,8:06,12,0,0,I25 SOUTHBOUND & EVANS AVENUE EAST,1,1,0,0,1,4,,0,50,0,0,0,0,0,1,2,1
,2019-27634,39.680955,-104.935997,4/6/2019 11:00,11:00,12,0,1,I25 & COLORADO BOULEVARD SOUTH,1,1,0,0,1,4,,0,65,0,0,0,0,1,1,2,13
,2019-27635,39.681941,-104.937424,5/1/2019 7:29,7:29,12,0,1,I25 & COLORADO BOULEVARD SOUTH,1,1,0,0,1,4,,0,55,0,0,0,0,2,1,2,2
,2019-27636,39.681941,-104.937424,7/28/2019 3:05,3:05,5,0,0,I25 SOUTHBOUND OFF RAMP EXIT GORE POINT & EVANS AVENUE EAST,1,3,1,0,2,7,,0,60,0,0,0,0,0,1,1,2
,2019-27637,39.682025,-104.937582,10/1/2019 16:04,16:04,12,0,0,I25 SOUTHBOUND EXIT GORE POINT & EVANS AVENUE EAST,1,1,0,0,1,4,,0,60,0,0,0,0,0,1,2,5
,2019-27638,39.682025,-104.937582,10/21/2019 14:17,14:17,12,0,0,I25 & COLORADO BOULEVARD SOUTH,1,1,0,0,1,4,,0,60,0,0,0,0,0,1,2,5
,2019-27639,39.682349,-104.938235,2/20/2019 6:59,6:59,12,0,1,I25 & COLORADO BOULEVARD SOUTH,1,1,0,0,1,4,,0,60,0,0,0,0,1,1,3,3
,2019-27641,39.682569,-104.938731,10/16/2019 8:36,8:36,12,0,0,I25 & COLORADO BOULEVARD SOUTH,1,1,0,0,1,4,,0,65,0,0,0,0,0,1,3,13
,2019-27642,39.682762,-104.939244,11/8/2019 1:23,1:23,5,0,1,I25 & COLORADO BOULEVARD SOUTH,1,3,1,0,3,4,,0,60,0,0,0,0,1,1,1,1
,2019-27643,39.682921,-104.939777,1/21/2019 10:24,10:24,15,0,0,I25 & COLORADO BOULEVARD SOUTH,1,1,0,0,1,4,,0,60,0,0,0,0,0,1,2,13
,2019-27644,39.682921,-104.939777,11/4/2019 18:26,18:26,12,0,0,I25 & COLORADO BOULEVARD SOUTH,1,3,0,0,1,4,,0,55,0,0,0,0,0,1,2,1
,2019-27645,39.682921,-104.939777,9/14/2019 14:00,14:00,15,0,0,I25 NORTHBOUND OFF RAMP & COLORADO BOULEVARD SOUTH,1,1,0,0,1,7,,0,55,0,0,0,0,0,1,2,13
,2019-27646,39.683067,-104.940346,5/16/2019 7:45,7:45,12,0,0,I25 & COLORADO BOULEVARD SOUTH,1,1,0,0,1,4,,0,65,0,0,0,0,0,1,3,3
,2019-27647,39.683067,-104.940346,5/11/2019 18:15,18:15,12,0,0,I25 NORTHBOUND OFF RAMP & COLORADO BOULEVARD SOUTH,1,1,0,0,1,7,,0,,0,0,0,0,0,1,2,13
,2019-27648,39.683067,-104.940346,9/9/2019 18:03,18:03,12,0,1,I25 NORTHBOUND OFF RAMP & HIGHWAY 2 / COLORADO BOULEVARD SOUTH,1,1,1,0,1,7,,0,35,0,0,0,0,1,1,3,13
,2019-27649,39.683067,-104.940346,11/23/2019 22:01,22:01,12,0,1,I25 NORTHBOUND OFF RAMP & COLORADO BOULEVARD SOUTH,1,3,1,0,1,7,,0,25,0,0,0,0,1,1,2,13
,2019-27650,39.683067,-104.940346,11/26/2019 12:00,12:00,12,0,0,I25 SOUTHBOUND OFF RAMP & COLORADO BOULEVARD SOUTH,4,1,0,2,1,7,,0,35,0,0,0,0,0,1,2,14
,2019-27651,39.683106,-104.940515,1/31/2019 6:37,6:37,12,0,0,I25 & COLORADO BOULEVARD SOUTH,1,2,0,0,1,4,,0,60,0,0,0,0,0,1,2,3
,2019-27652,39.683106,-104.940515,4/8/2019 15:34,15:34,12,0,0,I25 & COLORADO BOULEVARD SOUTH,1,1,0,0,1,4,,0,60,0,0,0,0,0,1,2,13
,2019-27653,39.683106,-104.940515,4/19/2019 15:26,15:26,12,0,1,I25 & COLORADO BOULEVARD SOUTH,1,1,1,0,1,4,,0,60,0,0,0,0,1,1,2,13
,2019-27654,39.683106,-104.940515,4/25/2019 8:00,8:00,12,0,0,I25 & COLORADO BOULEVARD SOUTH,1,1,0,0,1,4,,0,60,0,0,0,0,0,1,2,3
,2019-27655,39.683106,-104.940515,5/9/2019 18:10,18:10,12,0,0,I25 & COLORADO BOULEVARD SOUTH,2,1,0,1,1,4,,0,35,0,0,0,0,0,1,2,13
,2019-27656,39.683106,-104.940515,5/11/2019 13:48,13:48,12,0,0,I25 & COLORADO BOULEVARD SOUTH,1,1,0,0,1,4,,0,60,0,0,0,0,0,1,2,13
,2019-27657,39.683106,-104.940515,6/3/2019 14:38,14:38,12,0,0,I25 & COLORADO BOULEVARD SOUTH,1,1,1,0,1,4,,0,50,0,0,0,0,0,1,2,14
,2019-27658,39.683106,-104.940515,7/10/2019 17:02,17:02,12,0,0,I25 & COLORADO BOULEVARD SOUTH,1,1,0,0,1,4,,0,60,0,0,0,0,0,1,2,3
,2019-27659,39.683106,-104.940515,8/2/2019 13:22,13:22,12,0,2,I25 & COLORADO BOULEVARD SOUTH,1,1,1,0,1,4,,0,60,0,0,0,0,1,1,2,3
,2019-27660,39.683106,-104.940515,9/27/2019 6:45,6:45,15,0,0,I25 & COLORADO BOULEVARD,1,1,0,0,1,4,,0,65,0,0,0,0,0,1,3,13
,2019-27661,39.683106,-104.940515,10/8/2019 7:28,7:28,15,0,0,I25 & COLORADO BOULEVARD SOUTH,1,1,0,0,1,4,,0,50,0,0,0,0,0,1,2,13
,2019-27662,39.683106,-104.940515,11/20/2019 9:25,9:25,12,0,0,I25 & COLORADO BOULEVARD SOUTH,1,1,0,0,1,4,,0,60,0,0,0,0,0,1,2,1
,2019-27663,39.683106,-104.940515,12/10/2019 7:15,7:15,15,0,0,I25 & COLORADO BOULEVARD SOUTH,1,1,0,0,1,4,,0,60,0,0,0,0,0,1,2,13
,2019-27664,39.683106,-104.940515,12/10/2019 9:00,9:00,12,0,0,I25 & COLORADO BOULEVARD SOUTH,1,1,0,0,1,4,,0,60,0,0,0,0,0,1,2,13
,2019-27665,39.683106,-104.940515,12/11/2019 16:23,16:23,15,0,0,I25 & COLORADO BOULEVARD SOUTH,1,2,0,1,1,4,,0,65,0,0,0,0,0,1,2,13
,2019-27666,39.683106,-104.940515,12/28/2019 13:49,13:49,15,0,0,I25 & COLORADO BOULEVARD SOUTH,5,1,0,2,1,4,,0,60,0,0,0,0,0,1,2,14
,2019-27667,39.682939,-104.940553,12/29/2019 13:19,13:19,15,0,0,I25 & COLORADO BOULEVARD SOUTH,1,1,0,0,1,4,,0,60,0,0,0,0,0,1,2,5
,2019-27668,39.683137,-104.940652,1/10/2019 6:39,6:39,12,0,0,I25 NORTHBOUND MERGE LANE FROM EVANS & COLORADO BOULEVARD SOUTH INTCH APPROXIMATELY,1,2,0,0,1,4,,0,60,0,0,0,0,0,1,2,3
,2019-27669,39.683137,-104.940652,5/31/2019 10:15,10:15,12,0,0,I25 NORTHBOUND ON RAMP SLIP & COLORADO BOULEVARD SOUTH,1,1,1,0,1,7,,0,15,0,0,0,0,0,1,2,13
,2019-27670,39.683137,-104.940652,8/4/2019 18:47,18:47,12,0,0,I25 SOUTHBOUND OFF RAMP & COLORADO BOULEVARD SOUTH,1,2,0,0,1,7,,0,60,0,0,0,0,0,1,2,13
,2019-27671,39.683199,-104.940928,11/27/2019 13:38,13:38,12,0,0,I25 SOUTHBOUND LOOP ENTRANCE GORE POINT & COLORADO BOULEVARD,2,1,0,0,1,4,,0,,0,0,0,0,0,1,3,13
,2019-27672,39.683231,-104.941065,10/28/2019 11:06,11:06,15,0,0,I25 SOUTHBOUND LOOP ENTRANCE GORE POINT & COLORADO BOULEVARD SOUTH,6,1,0,0,1,4,,0,50,0,0,0,0,0,1,2,1
,2019-27673,39.683307,-104.941372,10/17/2019 8:34,8:34,12,0,0,I25 & COLORADO BOULEVARD SOUTH,1,1,0,0,1,4,,0,55,0,0,0,0,0,1,3,13
,2019-27674,39.68484,-104.948997,2/19/2019 8:49,8:49,12,0,0,I25 & STEELE STREET SOUTH,1,1,0,2,1,4,,0,60,0,0,0,0,0,1,2,3
,2019-27675,39.683352,-104.941539,11/20/2019 15:55,15:55,15,0,0,I25 SOUTHBOUND LOOP ENTRANCE GORE POINT FROM & COLORADO BOULEVARD SOUTH,2,3,1,1,1,4,,0,55,0,0,0,0,0,1,2,1
,2019-27676,39.683644,-104.941422,7/7/2019 23:30,23:30,5,0,2,I25 NORTHBOUND SLIP RAMP MERGE GORE POINT & COLORADO BOULEVARD SOUTH,1,3,0,0,2,7,,0,40,0,0,0,0,2,1,2,1
,2019-27677,39.683398,-104.941705,8/12/2019 7:46,7:46,15,0,0,I25 & COLORADO BOULEVARD SOUTH,1,1,0,0,1,4,,0,65,0,0,0,0,0,1,2,13
,2019-27678,39.683443,-104.941871,5/9/2019 16:19,16:19,12,0,0,I25 & COLORADO BOULEVARD SOUTH,2,1,0,1,1,4,,0,65,0,0,0,0,0,1,2,13
,2019-27679,39.683443,-104.941871,11/15/2019 8:25,8:25,12,0,0,I25 & COLORADO BOULEVARD SOUTH,1,1,0,0,1,4,,0,,0,0,0,0,0,1,3,13
,2019-2768,39.73999,-104.964381,2/9/2019 11:44,11:44,6,0,0,COLFAX AVENUE 1900 BLOCK EAST & HIGH STREET NORTH,2,1,0,0,1,4,,0,30,0,0,0,0,0,2,2,13
,2019-27680,39.684918,-104.950446,2/20/2019 15:17,15:17,12,0,0,I25 & STEELE STREET SOUTH,1,1,0,0,1,4,,0,60,0,0,0,0,0,1,2,3
,2019-27682,39.683443,-104.941871,12/17/2019 7:28,7:28,12,0,0,I25 & COLORADO BOULEVARD SOUTH,1,1,0,0,1,4,,0,60,0,0,0,0,0,1,3,1
,2019-27683,39.683534,-104.942203,1/15/2019 8:00,8:00,12,0,0,I25 & COLORADO BOULEVARD SOUTH,1,1,0,0,1,4,,0,60,0,0,0,0,0,1,2,1
,2019-27684,39.683715,-104.942869,7/20/2019 10:37,10:37,12,0,0,I25 & COLORADO BOULEVARD SOUTH,1,1,0,0,1,4,,0,55,0,0,0,0,0,1,2,13
,2019-27685,39.683806,-104.943201,3/23/2019 14:00,14:00,12,0,1,I25 NORTHBOUND & SIXTH AVENUE WEST,1,1,0,0,1,4,,0,60,0,0,0,0,1,1,2,13
,2019-27686,39.683987,-104.943866,1/2/2019 14:27,14:27,15,0,0,I25 NORTHBOUND ON RAMP & COLORADO BOULEVARD SOUTH,2,1,1,0,1,7,,0,55,0,0,0,0,0,1,2,13
,2019-27687,39.684158,-104.944535,2/15/2019 15:37,15:37,12,0,0,I25 & COLORADO BOULEVARD SOUTH,1,1,0,0,1,4,,0,60,0,0,0,0,0,1,2,3
,2019-27688,39.684158,-104.944535,7/2/2019 8:57,8:57,12,0,0,I25 NORTHBOUND ON RAMP & COLORADO BOULEVARD SOUTH,1,1,0,0,1,7,,0,55,0,0,0,0,0,1,2,3
,2019-27689,39.684389,-104.945732,2/7/2019 22:00,22:00,5,0,1,I25 SOUTHBOUND OFF RAMP & COLORADO BOULEVARD SOUTH,5,3,0,0,3,7,,0,45,0,0,0,0,2,1,1,7
,2019-2769,39.740139,-104.946384,9/26/2019 17:30,17:30,6,0,0,COLFAX AVENUE EAST & MADISON STREET,1,2,0,0,1,4,,0,35,0,0,0,0,0,2,2,13
,2019-27690,39.684878,-104.949479,1/9/2019 18:08,18:08,15,0,0,I25 & COLORADO BOULEVARD SOUTH,1,4,0,0,1,4,,0,60,0,0,0,0,0,1,2,13
,2019-27691,39.684878,-104.949479,8/30/2019 14:15,14:15,12,0,2,I25 & COLORADO BOULEVARD SOUTH,1,1,0,0,1,4,,0,60,0,0,0,0,2,1,3,3
,2019-27693,39.684903,-104.949962,1/31/2019 17:30,17:30,12,0,1,I25 & UNIVERSITY BOULEVARD SOUTH,1,1,0,0,1,4,,0,60,0,0,0,0,1,1,2,3
,2019-27694,39.684903,-104.949962,5/26/2019 16:35,16:35,12,0,1,I25 & UNIVERSITY BOULEVARD SOUTH,1,1,0,0,1,4,,0,55,0,0,0,0,2,1,3,13
,2019-27695,39.684921,-104.959331,5/4/2019 13:22,13:22,12,0,0,UNIVERSITY BOULEVARD SOUTH & I25 NORTHBOUND OFF RAMP,1,1,1,0,1,7,,0,45,0,0,0,0,0,1,2,13
,2019-27696,39.684903,-104.949962,8/28/2019 16:36,16:36,12,0,0,I25 & STEELE STREET SOUTH,1,1,0,0,1,4,,0,55,0,0,0,0,0,1,3,13
,2019-27697,39.684918,-104.950446,3/25/2019 17:40,17:40,12,0,3,I25 SOUTHBOUND & STEELE STREET SOUTH,1,1,1,0,1,4,,0,60,0,0,0,0,1,1,3,13
,2019-27698,39.684918,-104.950446,5/25/2019 14:03,14:03,12,0,0,I25 & STEELE STREET SOUTH,1,1,0,0,1,4,,0,65,0,0,0,0,0,1,2,13
,2019-27699,39.684918,-104.950446,6/13/2019 9:46,9:46,12,0,0,I25 & STEELE STREET,1,1,0,0,1,4,,0,50,0,0,0,0,0,1,2,3
,2019-27700,39.684918,-104.950446,9/19/2019 18:59,18:59,12,0,0,I25 & STEELE STREET SOUTH,1,2,0,0,1,4,,0,55,0,0,0,0,0,1,2,13
,2019-27701,39.684918,-104.950446,11/13/2019 9:20,9:20,12,0,0,I25 & STEELE STREET SOUTH,1,1,0,0,1,4,,0,60,0,0,0,0,0,1,2,13
,2019-27702,39.684918,-104.950446,12/16/2019 17:38,17:38,12,0,1,I25 & SPEER BOULEVARD NORTH,1,3,0,0,1,4,,0,65,0,0,0,0,2,1,2,13
,2019-27703,39.68491,-104.950839,10/24/2019 18:34,18:34,12,0,0,I25 & STEELE STREET SOUTH,1,3,0,0,1,4,,0,55,0,0,0,0,0,1,3,14
,2019-27704,39.684725,-104.950467,12/10/2019 17:52,17:52,12,0,1,I25 & STEELE STREET SOUTH,1,3,0,0,1,4,,0,50,0,0,0,0,1,1,2,3
,2019-27705,39.684725,-104.959447,11/1/2019 18:16,18:16,15,0,0,I25 & UNIVERSITY BOULEVARD SOUTHBOUND ENTRANCE GORE POINT,1,2,0,0,1,4,,0,55,0,0,0,0,0,1,2,13
,2019-27706,39.684901,-104.952409,4/1/2019 7:20,7:20,12,0,0,I25 & STEELE STREET SOUTH,1,1,0,0,1,4,,0,60,0,0,0,0,0,1,2,3
,2019-27707,39.68492,-104.959512,2/8/2019 15:49,15:49,15,0,0,I25 & UNIVERSITY BOULEVARD SOUTH,1,1,0,0,1,4,,0,55,0,0,0,0,0,1,2,13
,2019-27708,39.684901,-104.952409,5/6/2019 13:49,13:49,12,0,1,I25 & STEELE STREET SOUTH,1,1,1,0,1,4,,0,60,0,0,0,0,1,1,3,13
,2019-27709,39.684901,-104.952409,5/23/2019 17:26,17:26,12,0,0,I25 & STEELE STREET SOUTH,2,1,0,1,1,4,,0,60,0,0,0,0,0,1,3,13
,2019-2771,39.740985,-104.9697315,2/23/2019 14:12,14:12,3,0,0,PARK AVENUE & HUMBOLDT STREET NORTH,4,1,0,2,1,1,,0,30,0,0,0,0,0,4,2,13
,2019-27710,39.684901,-104.952605,8/5/2019 16:24,16:24,12,0,0,I25 & STEELE STREET SOUTH,1,1,0,0,1,4,,0,50,0,0,0,0,0,1,2,13
,2019-27711,39.6849,-104.953194,2/9/2019 8:33,8:33,15,0,1,I25 & UNIVERSITY BOULEVARD SOUTH,1,1,0,0,1,4,,0,50,0,0,0,0,1,1,2,1
,2019-27712,39.6849,-104.95339,3/19/2019 16:19,16:19,15,0,0,I25 & I25 SOUTHBOUND ENTRANCE GORE FROM UNIVERSITY BOULEVARD SOUTH,1,1,1,0,1,4,,0,60,0,0,0,0,0,1,2,13
,2019-27713,39.69,-104.973419,9/21/2019 11:30,11:30,12,0,0,I25 & UNIVERSITY BOULEVARD NORTHBOUND EXT GORE POINT,1,1,0,0,1,4,,0,55,0,0,0,0,0,1,3,7
,2019-27714,39.684902,-104.953996,8/6/2019 7:42,7:42,12,0,0,I25 & UNIVERSITY BOULEVARD SOUTH,1,1,0,0,1,4,,0,50,0,0,0,1,0,1,2,3
,2019-27715,39.684903,-104.954199,5/15/2019 16:41,16:41,12,0,0,I25 & STEELE STREET SOUTH,1,1,0,0,1,4,,0,60,0,0,0,0,0,1,2,3
,2019-27716,39.684903,-104.954199,12/17/2019 6:28,6:28,12,0,0,I25 & STEELE STREET SOUTH,1,4,0,0,1,4,,0,60,0,0,0,0,0,1,2,13
,2019-27717,39.684905,-104.954806,2/20/2019 11:56,11:56,12,0,0,I25 & MM 204.8,1,1,0,0,1,4,,0,60,0,0,0,0,0,1,2,13
,2019-27718,39.684905,-104.954806,5/2/2019 9:08,9:08,12,0,0,I25 & MM 204.8,1,1,0,0,1,4,,0,65,0,0,0,0,0,1,2,14
,2019-27719,39.684906,-104.955009,1/10/2019 7:48,7:48,12,0,0,I25 SOUTHBOUND COLLECTOR & UNIVERSITY BOULEVARD SOUTH,1,1,1,0,1,7,,0,45,0,0,0,0,0,1,2,14
,2019-2772,39.740994,-104.9697315,10/14/2019 16:00,16:00,3,0,0,PARK AVENUE WEST & HUMBOLDT STREET NORTH,1,1,0,0,1,1,,0,30,0,0,0,0,0,4,2,13
,2019-27720,39.684907,-104.955414,8/2/2019 5:23,5:23,15,0,0,I25 & STEELE STREET SOUTH,1,1,1,0,1,4,,0,65,0,0,0,0,0,1,4,7
,2019-27721,39.684911,-104.956426,3/7/2019 9:50,9:50,12,0,0,I25 & COLUMBINE STREET SOUTH,2,1,0,0,1,4,,0,50,0,0,0,0,0,1,2,13
,2019-27722,39.684912,-104.956831,1/30/2019 6:38,6:38,12,0,0,I25 & UNIVERSITY BOULEVARD SOUTH,1,2,0,0,1,4,,0,60,0,0,0,0,0,1,3,3
,2019-27723,39.684914,-104.957161,10/14/2019 17:03,17:03,12,0,0,I25 & UNIVERSITY BOULEVARD SOUTH,1,1,0,0,1,4,,0,65,0,0,0,0,0,1,2,7
,2019-27724,39.684914,-104.957322,3/20/2019 6:47,6:47,12,0,0,I25 NORTHBOUND & UNIVERSITY BOULEVARD SOUTH,1,1,0,0,1,4,,0,65,0,0,0,1,0,1,2,13
,2019-27725,39.684916,-104.957805,6/11/2019 12:21,12:21,12,0,0,I25 & UNIVERSITY BOULEVARD SOUTH,1,1,0,0,1,4,,0,60,0,0,0,0,0,1,3,3
,2019-27726,39.73842,-104.9776695,6/16/2019 21:10,21:10,10,0,0,14TH AVENUE EAST & CLARKSON STREET NORTH,1,3,0,0,1,1,,0,35,0,0,0,0,0,4,2,3
,2019-27727,39.684916,-104.957805,2/23/2019 1:58,1:58,12,0,0,I25 NORTHBOUND OFF RAMP & UNIVERSITY BOULEVARD SOUTH,4,3,1,2,1,7,,0,60,0,0,0,0,0,1,2,13
,2019-27728,39.684917,-104.958126,5/6/2019 9:29,9:29,15,0,0,I25 & UNIVERSITY BOULEVARD SOUTH,1,1,0,0,1,4,,0,60,0,0,0,0,0,1,2,13
,2019-27729,39.684918,-104.958287,2/3/2019 4:25,4:25,15,0,0,I25 NORTHBOUND OFF RAMP SPLIT & UNIVERSITY BOULEVARD SOUTH,1,3,1,0,1,7,,0,30,0,0,0,0,0,1,2,5
,2019-2773,39.783705,-105.04482,12/13/2019 1:52,1:52,5,0,0,I70 & MM 271,1,3,0,0,2,4,,0,,0,0,0,0,0,1,1,13
,2019-27730,39.68492,-104.958978,10/28/2019 11:15,11:15,15,0,0,I25 & UNIVERSITY BOULEVARD SOUTH,6,1,0,2,1,4,,0,60,0,0,0,0,0,1,2,1
,2019-27731,39.68492,-104.958978,1/18/2019 7:10,7:10,5,0,1,I25 NORTHBOUND OFF RAMP & UNIVERSITY 1600 SOUTH,1,1,0,0,3,7,,0,20,0,0,0,0,1,1,2,10
,2019-27732,39.684921,-104.959154,7/15/2019 1:45,1:45,5,0,0,I25 & UNIVERSITY BOULEVARD SOUTH,1,3,0,0,2,4,,0,65,0,0,0,0,0,1,1,5
,2019-27733,39.684921,-104.959154,7/19/2019 15:40,15:40,12,0,0,I25 & UNIVERSITY BOULEVARD SOUTH,1,1,1,0,1,4,,0,55,0,0,0,0,0,1,2,13
,2019-27734,39.684921,-104.959331,1/18/2019 17:19,17:19,12,0,0,I25 NORTHBOUND OFF RAMP & UNIVERSITY BOULEVARD SOUTH,5,3,1,2,1,7,,0,45,0,0,0,0,0,1,3,7
,2019-27735,39.684783,-104.959447,12/30/2019 11:21,11:21,5,0,1,I25 & UNIVERSITY BOULEVARD SOUTH,5,1,0,0,3,4,,0,50,0,0,0,0,1,1,1,7
,2019-27736,39.684921,-104.959331,1/18/2019 19:01,19:01,12,0,0,I25 & UNIVERSITY BOULEVARD SOUTH,5,3,0,0,1,7,,0,45,0,0,0,0,0,1,3,13
,2019-27737,39.684921,-104.959331,4/30/2019 10:55,10:55,12,0,1,I25 NORTHBOUND OFF RAMP & UNIVERSITY BOULEVARD SOUTH,1,1,0,0,1,7,,0,35,0,0,0,0,1,1,2,7
,2019-27738,39.684921,-104.959331,7/2/2019 17:08,17:08,12,0,0,I25 NORTHBOUND OFF RAMP SLIP & UNIVERSITY BOULEVARD SOUTH,1,1,0,0,1,7,,0,35,0,0,0,0,0,1,2,3
,2019-27739,39.684921,-104.959331,7/6/2019 21:29,21:29,15,0,0,I25 NORTHBOUND OFF RAMP & UNIVERSITY BOULEVARD SOUTH,1,3,0,0,1,7,,0,25,0,0,0,0,0,1,2,13
,2019-2774,39.740078,-104.90032,8/30/2019 13:30,13:30,6,0,0,COLFAX AVENUE EAST & ROSEMARY STREET NORTH,1,1,0,0,3,4,,0,30,0,0,0,0,0,2,2,13
,2019-27740,39.684921,-104.959331,8/29/2019 7:00,7:00,12,0,0,I25 NORTHBOUND OFF RAMP SLIP & UNIVERSITY BOULEVARD SOUTH,1,1,0,0,1,7,,0,45,0,0,0,0,0,1,2,13
,2019-27741,39.684921,-104.959331,9/10/2019 12:18,12:18,12,0,0,I25 NORTHBOUND OFF RAMP SLIP & UNIVERSITY BOULEVARD SOUTH,1,1,1,0,1,7,,0,25,0,0,0,0,0,1,2,13
,2019-27742,39.684921,-104.959331,9/22/2019 14:43,14:43,12,0,0,I25 NORTHBOUND OFF RAMP SLIP & UNIVERSITY BOULEVARD SOUTH,1,1,0,0,1,7,,0,45,0,0,0,0,0,1,2,14
,2019-27743,39.684921,-104.959331,10/12/2019 10:00,10:00,12,0,0,I25 NORTHBOUND OFF RAMP SLIP & UNIVERSITY BOULEVARD SOUTH,1,1,1,0,1,7,,0,30,0,0,0,0,0,1,2,13
,2019-27744,39.684921,-104.959331,2/17/2019 21:21,21:21,12,0,0,I25 & UNIVERSITY BOULEVARD SOUTH,5,3,0,2,1,7,,0,30,0,0,0,0,0,1,2,7
,2019-27745,39.68492,-104.959512,1/7/2019 20:06,20:06,15,0,0,I25 & UNIVERSITY BOULEVARD SOUTH INTCH,1,3,0,0,1,4,,0,55,0,0,0,0,0,1,2,5
,2019-27746,39.68492,-104.959512,1/14/2019 8:36,8:36,15,0,0,I25 & UNIVERSITY BOULEVARD SOUTH INTCH,1,1,1,0,1,4,,0,65,0,0,0,0,0,1,2,13
,2019-27747,39.68492,-104.959512,1/15/2019 19:45,19:45,12,0,0,I25 & UNIVERSITY BOULEVARD SOUTH,1,3,1,0,1,4,,0,60,0,0,0,0,0,1,3,13
,2019-27748,39.68492,-104.959512,2/4/2019 5:35,5:35,5,0,0,I25 & UNIVERSITY BOULEVARD SOUTH,1,3,0,0,1,4,,0,60,0,0,0,0,0,1,2,14