id,drcog_id,latitude,longitude,crashtime,time,crashtype,numbkilled,numbinjurd,drcoglocat,rdconditin,lightngcon,roadcntgrd,weatherco,location,roaddescrp,schoolzone,constrzone,splimit,bikeinv,sctrinv,pedinv,motoinv,svrty,rdsystem,ttlvehcls,hcf
,2019-27749,39.68492,-104.959512,4/1/2019 15:13,15:13,15,0,0,I25 NORTHBOUND OFF RAMP & UNIVERSITY BOULEVARD SOUTH,1,1,0,0,1,4,,0,60,0,0,0,0,0,1,2,1
,2019-2775,39.783571,-105.015887,7/3/2019 17:09,17:09,12,0,0,I70 & ZUNI STREET NORTH,1,1,1,0,1,4,,0,55,0,0,0,0,0,1,2,13
,2019-27750,39.68492,-104.959512,5/20/2019 15:50,15:50,12,0,1,I25 & UNIVERSITY BOULEVARD SOUTH,2,1,1,1,1,4,,0,60,0,0,0,0,1,1,2,13
,2019-27751,39.68492,-104.959512,6/4/2019 7:58,7:58,12,0,0,I25 & UNIVERSITY BOULEVARD SOUTH,1,1,0,0,1,4,,0,60,0,0,0,0,0,1,2,3
,2019-27752,39.68492,-104.959512,6/5/2019 16:00,16:00,15,0,0,I25 & UNIVERSITY BOULEVARD SOUTH,1,1,0,0,1,4,,0,65,0,0,0,0,0,1,2,13
,2019-27753,39.68492,-104.959512,6/20/2019 13:09,13:09,12,0,0,I25 & UNIVERSITY BOULEVARD SOUTH,1,1,0,0,1,4,,0,55,0,0,0,0,0,1,2,13
,2019-27754,39.68492,-104.959512,9/10/2019 18:35,18:35,12,0,1,I25 & UNIVERSITY BOULEVARD SOUTH,1,2,0,0,1,4,,0,60,0,0,0,0,1,1,2,3
,2019-27755,39.68492,-104.959512,10/18/2019 13:20,13:20,15,0,0,I25 & UNIVERSITY BOULEVARD SOUTH,1,1,0,0,1,4,,0,60,0,0,0,0,0,1,2,1
,2019-27756,39.68492,-104.959512,11/18/2019 13:36,13:36,12,0,0,I25 & UNIVERSITY BOULEVARD SOUTH,1,1,0,0,1,4,,0,60,0,0,0,0,0,1,2,13
,2019-27757,39.68492,-104.959512,11/21/2019 15:50,15:50,12,0,0,I25 & UNIVERSITY BOULEVARD SOUTH,2,2,0,1,1,4,,0,60,0,0,0,0,0,1,2,13
,2019-27758,39.68492,-104.959512,11/26/2019 13:19,13:19,15,0,0,I25 & UNIVERSITY BOULEVARD SOUTH,10,1,0,2,1,4,,0,60,0,0,0,0,0,1,2,13
,2019-27759,39.68492,-104.959512,12/10/2019 8:50,8:50,12,0,0,I25 & UNIVERSITY BOULEVARD SOUTH,1,1,1,0,1,4,,0,60,0,0,0,0,0,1,2,7
,2019-2776,39.783138,-105.006328,2/8/2019 7:39,7:39,3,0,0,PECOS STREET & 48TH AVENUE,5,1,0,0,1,6,,0,35,0,0,0,0,0,1,2,1
,2019-27761,39.68492,-104.959512,12/11/2019 7:18,7:18,12,0,0,I25 & UNIVERSITY BOULEVARD SOUTH,1,1,0,0,1,4,,0,60,0,0,0,0,0,1,2,13
,2019-27762,39.684728,-104.959447,12/19/2019 14:55,14:55,12,0,0,I25 & UNIVERSITY BOULEVARD SOUTH,1,1,0,0,1,4,,0,65,0,0,0,0,0,1,2,13
,2019-27763,39.68492,-104.959512,1/18/2019 17:30,17:30,12,0,0,UNIVERSITY BOULEVARD SOUTH & I25,4,2,0,2,1,4,,0,30,0,0,0,0,0,1,2,5
,2019-27764,39.68492,-104.959512,1/30/2019 8:58,8:58,12,0,0,UNIVERSITY BOULEVARD 1800 BLOCK SOUTH & I25 SOUTHBOUND RAMP,1,1,0,0,1,4,,0,35,0,0,0,0,0,1,2,13
,2019-27765,39.68492,-104.959512,12/7/2019 15:55,15:55,12,0,0,I25 NORTHBOUND OFF RAMP & UNIVERSITY BOULEVARD SOUTH,2,1,0,0,1,4,,0,35,0,0,0,0,0,1,2,14
,2019-27766,39.68492,-104.959512,6/15/2019 2:28,2:28,5,0,1,I25 NORTHBOUND OFF RAMP & UNIVERSITY BOULEVARD SOUTH,1,3,0,0,3,7,,0,25,0,0,0,0,2,1,1,1
,2019-27767,39.68492,-104.959512,1/18/2019 19:00,19:00,12,0,2,UNIVERSITY 1800 SOUTH & I25,5,3,0,0,1,1,,0,35,0,0,0,0,1,1,2,13
,2019-27768,39.68492,-104.959512,2/7/2019 11:25,11:25,5,0,0,UNIVERSITY BOULEVARD SOUTH & I25 SOUTHBOUND OFF RAMP,6,1,0,0,3,1,,0,35,0,0,0,0,0,1,1,3
,2019-27769,39.68492,-104.959512,3/3/2019 13:59,13:59,12,0,0,I25 NORTHBOUND OFF RAMP & UNIVERSITY BOULEVARD SOUTH,6,1,0,2,1,1,,0,60,0,0,0,0,0,1,2,1
,2019-2777,39.755754,-104.9890095,11/17/2019 15:20,15:20,10,0,0,PARK AVENUE WEST & LARIMER STREET,1,1,0,0,1,1,,0,30,0,0,0,0,0,4,2,13
,2019-27770,39.68492,-104.959512,8/26/2019 11:37,11:37,12,0,0,UNIVERSITY BOULEVARD SOUTH & I25 SOUTHBOUND ON RAMP,1,1,0,0,1,1,,0,25,0,0,0,0,0,1,2,13
,2019-27771,39.684915,-104.959705,7/8/2019 17:05,17:05,12,0,0,I25 & UNIVERSITY BOULEVARD SOUTH,1,1,0,0,1,4,,0,65,0,0,0,0,0,1,2,13
,2019-27772,39.684728,-104.959447,12/30/2019 18:15,18:15,12,0,0,I25 & UNIVERSITY BOULEVARD SOUTH,1,3,0,0,1,4,,0,65,0,0,0,0,0,1,2,3
,2019-27773,39.684915,-104.959705,2/23/2019 2:00,2:00,5,0,2,I25 SOUTHBOUND OFF RAMP & UNIVERSITY BOULEVARD SOUTH,4,3,1,0,3,7,,0,55,0,0,0,0,1,1,1,7
,2019-27774,39.684915,-104.959705,8/15/2019 7:37,7:37,12,0,0,I25 SOUTHBOUND OFF RAMP & UNIVERSITY BOULEVARD SOUTH,1,1,0,0,1,7,,0,55,0,0,0,0,0,1,2,3
,2019-27775,39.692284,-104.976903,4/18/2019 8:36,8:36,12,0,0,I25 & EMERSON STREET SOUTH,1,1,0,0,1,4,,0,60,0,0,0,0,0,1,2,13
,2019-27777,39.684909,-104.959898,8/19/2019 1:49,1:49,12,0,0,I25 & UNIVERSITY BOULEVARD SOUTH,1,4,1,0,1,4,,0,60,0,0,0,0,0,1,2,14
,2019-27779,39.684909,-104.959898,9/24/2019 11:16,11:16,12,0,1,I25 NORTHBOUND ON RAMP & UNIVERSITY BOULEVARD SOUTH,1,1,1,0,1,7,,0,45,0,0,0,0,1,1,3,14
,2019-2778,39.780122,-104.953392,9/17/2019 9:25,9:25,12,0,0,I70 & VASQUEZ BOULEVARD NORTH,1,1,0,0,1,4,,0,55,0,0,0,0,0,1,2,13
,2019-27780,39.684898,-104.960282,9/17/2019 8:26,8:26,15,0,0,I25 SOUTHBOUND RAMP & UNIVERSITY BOULEVARD SOUTH,1,1,1,0,1,7,,0,55,0,0,0,0,0,1,2,13
,2019-27781,39.684893,-104.960472,2/23/2019 8:06,8:06,15,0,0,I25 SOUTHBOUND OFF RAMP & UNIVERSITY BOULEVARD SOUTH,5,1,0,2,1,4,,0,65,0,0,0,0,0,1,2,14
,2019-27782,39.687712,-104.968746,11/4/2019 9:34,9:34,12,0,0,I25 & FRANKLIN STREET SOUTH,1,1,0,0,1,4,,0,60,0,0,0,0,0,1,2,1
,2019-27783,39.684894,-104.960662,3/3/2019 19:10,19:10,5,0,1,I25 & UNIVERSITY BOULEVARD SOUTH,5,1,0,2,2,4,,0,55,0,0,0,0,1,1,3,13
,2019-27784,39.684894,-104.960662,10/4/2019 19:56,19:56,12,0,0,I25 & UNIVERSITY BOULEVARD SOUTH,1,4,1,0,1,4,,0,60,0,0,0,0,0,1,4,14
,2019-27785,39.684917,-104.961222,11/3/2019 20:46,20:46,15,0,1,I25 & UNIVERSITY BOULEVARD SOUTH,1,3,0,0,1,4,,0,50,0,0,0,0,1,1,3,13
,2019-27786,39.684867,-104.959447,12/20/2019 14:30,14:30,12,0,0,I25 & UNIVERSITY BOULEVARD SOUTH,1,1,0,0,1,4,,0,60,0,0,0,0,0,1,2,13
,2019-27787,39.684917,-104.961222,11/18/2019 7:27,7:27,12,0,2,I25 SOUTHBOUND OFF RAMP TO & UNIVERSITY BOULEVARD SOUTH,1,1,0,0,1,7,,0,55,0,0,0,0,1,1,2,13
,2019-27788,39.684924,-104.961397,3/1/2019 7:19,7:19,12,0,0,I25 & UNIVERSITY BOULEVARD SOUTH,1,1,0,0,1,4,,0,60,0,0,0,0,0,1,3,3
,2019-27789,39.684924,-104.961397,3/3/2019 10:00,10:00,5,0,0,I25 & UNIVERSITY BOULEVARD SOUTH,5,1,0,2,2,4,,0,55,0,0,0,0,0,1,1,13
,2019-2779,39.779435,-104.97901,6/13/2019 16:15,16:15,15,0,0,WASHINGTON STREET NORTH & I70 WB ON RAMP,1,1,1,0,1,1,,0,35,0,0,0,0,0,1,2,13
,2019-27790,39.684924,-104.961397,8/6/2019 16:43,16:43,15,0,0,I25 & UNIVERSITY BOULEVARD SOUTH,1,1,0,0,1,4,,0,60,0,0,0,0,0,1,2,1
,2019-27791,39.684931,-104.961571,9/29/2019 3:00,3:00,15,0,0,I25 & UNIVERSITY BOULEVARD SOUTH,1,3,0,0,1,4,,0,60,0,0,0,0,0,1,2,13
,2019-27792,39.685099,-104.962595,6/27/2019 15:20,15:20,12,0,0,I25 & UNIVERSITY BOULEVARD SOUTH,1,1,0,0,1,4,,0,50,0,0,0,0,0,1,2,13
,2019-27793,39.711241,-104.998918,12/12/2019 15:56,15:56,12,0,0,I25 & ALAMEDA AVENUE WEST,1,1,1,0,1,4,,0,65,0,0,0,0,0,1,2,13
,2019-27794,39.685099,-104.962595,11/11/2019 16:30,16:30,12,0,2,I25 & UNIVERSITY BOULEVARD SOUTH,1,2,1,0,1,4,,0,45,0,0,0,0,1,1,3,2
,2019-27795,39.685176,-104.96293,10/5/2019 4:04,4:04,5,0,2,I25 NORTHBOUND OFF RAMP & UNIVERSITY BOULEVARD SOUTH,1,3,0,0,2,7,,0,60,0,0,0,0,1,1,1,5
,2019-27796,39.685217,-104.963096,1/9/2019 8:55,8:55,12,0,0,I25 & UNIVERSITY BOULEVARD SOUTH,1,1,0,0,1,4,,0,60,0,0,0,0,0,1,2,3
,2019-27797,39.685459,-104.96391,10/3/2019 15:42,15:42,15,0,1,I25 & UNIVERSITY BOULEVARD SOUTH,1,1,1,0,1,4,,0,60,0,0,0,0,2,1,2,7
,2019-27798,39.687787,-104.968902,1/15/2019 16:55,16:55,12,0,0,I25 & FRANKLIN STREET SOUTH,1,1,0,0,1,4,,0,50,0,0,0,0,0,1,2,13
,2019-27799,39.685704,-104.964553,1/15/2019 13:49,13:49,15,0,0,I25 NORTHBOUND MERGE LANE & UNIVERSITY BOULEVARD SOUTH NORTHBOUND ENTRANCE GORE,1,1,0,0,1,4,,0,55,0,0,0,1,0,1,2,13
,2019-2780,39.780016,-104.953183,8/7/2019 15:22,15:22,15,0,0,I70 & VASQUEZ BOULEVARD NORTH / FILLMORE STREET,1,1,1,0,1,4,,0,55,0,0,0,0,0,1,2,13
,2019-27800,39.684725,-104.950467,12/30/2019 15:55,15:55,12,0,0,I25 & STEELE STREET SOUTH,1,1,0,0,1,4,,0,50,0,0,0,0,0,1,2,5
,2019-27801,39.686076,-104.96533,1/28/2019 10:52,10:52,12,0,1,I25 & FRANKLIN STREET SOUTH,6,1,0,2,1,4,,0,60,0,0,0,0,1,1,3,14
,2019-27802,39.686819,-104.966883,1/22/2019 17:04,17:04,12,0,0,I25 & UNIVERSITY BOULEVARD SOUTH,1,2,0,0,1,4,,0,60,0,0,0,0,0,1,2,1
,2019-27803,39.686819,-104.966883,2/4/2019 6:56,6:56,15,0,0,I25 & MM 205.5,1,1,0,0,1,4,,0,50,0,0,0,0,0,1,2,13
,2019-27804,39.687266,-104.967814,1/7/2019 8:25,8:25,15,0,0,I25 & UNIVERSITY BOULEVARD SOUTH,1,1,0,0,1,4,,0,55,0,0,0,0,0,1,2,13
,2019-27805,39.687266,-104.967814,7/13/2019 1:56,1:56,12,0,0,I25 & UNIVERSITY BOULEVARD SOUTH,1,3,0,0,1,4,,0,60,0,0,0,0,0,1,2,2
,2019-27806,39.687266,-104.967814,11/7/2019 18:28,18:28,12,0,0,I25 & UNIVERSITY BOULEVARD SOUTH,1,3,0,0,1,4,,0,60,0,0,0,0,0,1,2,13
,2019-27807,39.687712,-104.968746,3/5/2019 17:00,17:00,12,0,0,I25 & FRANKLIN STREET SOUTH,1,1,0,0,1,4,,0,60,0,0,0,0,0,1,2,3
,2019-27808,39.687712,-104.968746,6/17/2019 8:29,8:29,12,0,0,I25 & FRANKLIN STREET SOUTH,1,1,0,0,1,4,,0,50,0,0,0,0,0,1,2,13
,2019-27809,39.687712,-104.968746,8/2/2019 12:06,12:06,12,0,0,I25 & FRANKLIN STREET SOUTH,1,1,0,0,1,4,,0,65,0,0,0,0,0,1,3,3
,2019-2781,39.779978,-104.945351,2/5/2019 18:13,18:13,15,0,0,I70 & COLORADO BOULEVARD NORTH,1,1,1,0,1,4,,0,55,0,0,0,0,0,1,2,13
,2019-27810,39.687712,-104.968746,9/25/2019 14:39,14:39,12,0,0,I25 & FRANKLIN STREET SOUTH,1,1,0,0,1,4,,0,60,0,0,0,0,0,1,2,1
,2019-27811,39.687861,-104.969058,2/7/2019 15:43,15:43,12,0,0,I25 & STEELE STREET SOUTH,2,1,0,0,1,4,,0,65,0,0,0,0,0,1,3,7
,2019-27812,39.688024,-104.969357,10/4/2019 9:36,9:36,12,0,1,I25 & FRANKLIN STREET SOUTH,1,1,0,0,1,4,,0,50,0,0,0,0,1,1,4,3
,2019-27813,39.687705,-104.969709,7/5/2019 13:00,13:00,15,0,0,I25 SOUTHBOUND ON/OFF RAMP MERGE GORE POINT & DOWNING STREET SOUTH,1,1,1,0,1,7,,0,65,0,0,0,0,0,1,2,1
,2019-27814,39.688104,-104.969508,6/8/2019 20:13,20:13,15,0,0,I25 & DOWNING STREET SOUTH,1,3,0,0,1,4,,0,50,0,0,0,0,0,1,3,1
,2019-27815,39.68818,-104.969662,10/21/2019 8:48,8:48,12,0,0,I25 & FRANKLIN STREET SOUTH,1,1,0,0,1,4,,0,55,0,0,0,0,0,1,2,13
,2019-27816,39.688945,-104.971202,7/23/2019 17:44,17:44,12,0,0,I25 SOUTHBOUND ON RAMP & DOWNING STREET SOUTH,1,1,1,0,1,7,,0,30,0,0,0,0,0,1,2,13
,2019-27817,39.689404,-104.972127,12/13/2019 17:03,17:03,12,0,0,I25 & DOWNING STREET SOUTH,1,4,0,0,1,4,,0,60,0,0,0,0,0,1,2,13
,2019-27818,39.689556,-104.972435,2/1/2019 16:47,16:47,12,0,0,I25 & DOWNING STREET SOUTH,1,1,0,0,1,4,,0,55,0,0,0,0,0,1,2,1
,2019-27819,39.689709,-104.972743,7/31/2019 8:38,8:38,12,0,0,I25 & DOWNING STREET SOUTH,1,1,0,0,1,4,,0,60,0,0,0,0,0,1,2,3
,2019-2782,39.742848,-104.9721615,2/25/2019 0:26,0:26,15,0,0,PARK AVENUE & MARION STREET NORTH,1,3,0,0,1,1,,0,35,0,0,0,0,0,4,2,13
,2019-27820,39.689939,-104.973205,3/26/2019 9:13,9:13,12,0,0,I25 NORTHBOUND OFF RAMP TO NORTHBOUND DOWNING & DOWNING STREET SOUTH,1,1,1,0,1,7,,0,45,0,0,0,0,0,1,2,3
,2019-27821,39.689939,-104.973205,4/30/2019 16:10,16:10,12,0,0,I25 SOUTHBOUND ON RAMP & DOWNING STREET SOUTH,2,1,0,1,1,7,,0,55,0,0,0,0,0,1,2,13
,2019-27822,39.689939,-104.973205,5/21/2019 15:49,15:49,12,0,0,I25 SOUTHBOUND ON RAMP & DOWNING STREET SOUTH,1,1,0,0,1,7,,0,35,0,0,0,0,0,1,2,13
,2019-27823,39.689939,-104.973205,7/12/2019 12:23,12:23,12,0,2,I25 SOUTHBOUND ON RAMP & DOWNING STREET SOUTH,1,1,1,0,1,7,,0,60,0,0,0,0,1,1,2,1
,2019-27824,39.689939,-104.973205,7/26/2019 14:30,14:30,12,0,0,I25 SOUTHBOUND ON RAMP & DOWNING STREET SOUTH,1,1,0,0,1,7,,0,35,0,0,0,0,0,1,2,3
,2019-27825,39.690017,-104.973363,1/1/2019 15:46,15:46,15,0,1,I25 & DOWNING STREET SOUTH,4,1,0,2,1,4,,0,65,0,0,0,0,1,1,2,13
,2019-27826,39.690017,-104.973363,1/23/2019 17:53,17:53,12,0,0,I25 & DOWNING STREET SOUTH,1,1,0,0,1,4,,0,55,0,0,0,0,0,1,2,3
,2019-27827,39.690017,-104.973363,1/25/2019 15:55,15:55,12,0,0,I25 & DOWNING STREET SOUTH,1,1,0,0,1,4,,0,55,0,0,0,0,0,1,2,13
,2019-27828,39.690017,-104.973363,2/4/2019 15:48,15:48,12,0,1,I25 & DOWNING STREET SOUTH,1,1,0,0,1,4,,0,60,0,0,0,0,1,1,3,1
,2019-27829,39.690017,-104.973363,2/15/2019 13:23,13:23,12,0,0,I25 & DOWNING STREET SOUTH,1,1,0,0,1,4,,0,55,0,0,0,0,0,1,3,1
,2019-2783,39.75237,-104.984631,10/5/2019 19:40,19:40,15,0,0,PARK AVENUE WEST & STOUT STREET,1,3,0,0,1,3,,0,,0,0,0,0,0,4,2,13
,2019-27830,39.690017,-104.973363,2/27/2019 15:03,15:03,12,0,0,I25 & DOWNING STREET SOUTH,1,1,1,0,1,4,,0,65,0,0,0,0,0,1,2,13
,2019-27831,39.690017,-104.973363,3/20/2019 15:33,15:33,12,0,1,I25 NORTHBOUND & DOWNING STREET SOUTH,1,1,1,0,1,4,,0,60,0,0,0,0,1,1,2,13
,2019-27832,39.690017,-104.973363,3/27/2019 15:55,15:55,12,0,0,I25 & DOWNING STREET SOUTH,1,1,0,0,1,4,,0,50,0,0,0,0,0,1,2,13
,2019-27833,39.690017,-104.973363,4/4/2019 17:59,17:59,12,0,6,I25 NORTHBOUND & DOWNING STREET SOUTH,1,1,1,0,1,4,,0,60,0,0,0,0,1,1,4,13
,2019-27834,39.690017,-104.973363,4/10/2019 19:29,19:29,15,0,0,I25 & DOWNING STREET SOUTH,4,3,0,2,1,4,,0,55,0,0,0,0,0,1,2,3
,2019-27835,39.690017,-104.973363,5/4/2019 13:15,13:15,12,0,0,I25 & DOWNING STREET SOUTH,1,1,0,0,1,4,,0,55,0,0,0,0,0,1,2,3
,2019-27836,39.690017,-104.973363,5/6/2019 14:53,14:53,12,0,1,I25 & DOWNING STREET SOUTH,1,1,1,0,1,4,,0,60,0,0,0,0,2,1,3,3
,2019-27837,39.690017,-104.973363,6/7/2019 8:12,8:12,15,0,0,I25 & DOWNING STREET SOUTH,1,1,0,0,1,4,,0,60,0,0,0,0,0,1,2,13
,2019-27838,39.690017,-104.973363,6/7/2019 8:47,8:47,12,0,0,I25 & DOWNING STREET SOUTH,1,1,0,0,1,4,,0,60,0,0,0,0,0,1,2,12
,2019-27839,39.690017,-104.973363,6/11/2019 8:54,8:54,15,0,0,I25 & DOWNING STREET SOUTH,1,1,0,0,1,4,,0,60,0,0,0,0,0,1,2,13
,2019-2784,39.774008,-104.847033,12/20/2019 14:48,14:48,15,0,0,I70 & PEORIA STREET NORTH,1,1,0,0,1,4,,0,,0,0,0,0,0,1,2,13
,2019-27840,39.690017,-104.973363,6/17/2019 7:24,7:24,15,0,0,I25 & DOWNING STREET SOUTH,1,1,0,0,1,4,,0,60,0,0,0,0,0,1,2,1
,2019-27841,39.690017,-104.973363,6/18/2019 8:01,8:01,12,0,3,I25 & DOWNING STREET SOUTH,1,1,0,0,1,4,,0,60,0,0,0,0,1,1,2,12
,2019-27842,39.690017,-104.973363,6/18/2019 8:10,8:10,12,0,0,I25 & DOWNING STREET SOUTH,1,1,0,0,1,4,,0,55,0,0,0,0,0,1,2,13
,2019-27843,39.690017,-104.973363,6/26/2019 17:00,17:00,12,0,0,I25 & DOWNING STREET SOUTH,1,1,0,0,1,4,,0,65,0,0,0,0,0,1,2,13
,2019-27844,39.690017,-104.973363,7/10/2019 17:06,17:06,12,0,0,I25 & DOWNING STREET SOUTH,1,1,0,0,1,4,,0,65,0,0,0,0,0,1,2,1
,2019-27845,39.690017,-104.973363,9/19/2019 14:46,14:46,12,0,0,I25 & DOWNING STREET SOUTH,1,1,0,0,1,4,,0,55,0,0,0,0,0,1,3,1
,2019-27846,39.690017,-104.973363,9/26/2019 6:09,6:09,12,0,0,I25 & DOWNING STREET SOUTH,1,1,0,0,1,4,,0,60,0,0,0,0,0,1,2,13
,2019-27847,39.690017,-104.973363,10/9/2019 15:50,15:50,12,0,0,I25 & DOWNING STREET SOUTH,1,1,1,0,1,4,,0,50,0,0,0,0,0,1,2,3
,2019-27848,39.690017,-104.973363,10/24/2019 9:25,9:25,12,0,2,I25 & DOWNING STREET SOUTH,1,1,1,0,1,4,,0,45,0,0,0,0,1,1,2,13
,2019-27849,39.690017,-104.973363,11/14/2019 7:33,7:33,12,0,0,DOWNING STREET SOUTH & I25,1,1,0,0,1,4,,0,30,0,0,0,0,0,1,2,13
,2019-2785,39.777167,-104.883253,6/3/2019 13:58,13:58,15,0,0,I70 & HAVANA STREET NORTH,1,1,0,0,1,4,,0,55,0,0,0,0,0,1,2,13
,2019-27850,39.690017,-104.973363,6/11/2019 20:00,20:00,12,0,0,DOWNING STREET SOUTH & I25 SOUTHBOUND ON RAMP,1,1,0,0,1,1,,0,25,0,0,0,0,0,1,2,12
,2019-27851,39.690211,-104.973754,5/2/2019 14:10,14:10,15,0,0,I25 & DOWNING STREET SOUTH,1,1,0,0,1,4,,0,65,0,0,0,0,0,1,2,7
,2019-27852,39.690712,-104.974715,3/26/2019 8:00,8:00,12,0,0,BROADWAY STREET SOUTH & I25 SOUTHBOUND OFF RAMP,1,1,0,0,1,1,,0,35,0,0,0,0,0,1,2,13
,2019-27853,39.690821,-104.974899,1/18/2019 15:18,15:18,15,0,0,I25 & DOWNING STREET SOUTH,2,1,0,2,1,4,,0,60,0,0,0,0,0,1,2,1
,2019-27854,39.690821,-104.974899,7/27/2019 12:11,12:11,12,0,0,I25 & MM 206,1,1,0,0,1,4,,0,65,0,0,0,0,0,1,2,5
,2019-27855,39.690985,-104.975176,12/3/2019 17:00,17:00,15,0,0,I25 & DOWNING STREET SOUTH,1,3,1,0,1,4,,0,55,0,0,0,0,0,1,2,13
,2019-27856,39.691919,-104.976427,11/19/2019 16:40,16:40,15,0,0,I25 & EMERSON STREET SOUTH,1,2,0,0,1,4,,0,60,0,0,0,0,0,1,2,13
,2019-27857,39.692284,-104.976903,3/15/2019 10:36,10:36,12,0,1,I25 NORTHBOUND & EMERSON STREET SOUTH,1,1,0,0,1,4,,0,60,0,0,0,0,1,1,2,13
,2019-27858,39.707122,-104.996782,7/30/2019 17:16,17:16,15,0,0,I25 & SANTA FE DRIVE SOUTH,1,1,1,0,1,4,,0,55,0,0,0,0,0,1,2,14
,2019-27859,39.692284,-104.976903,4/18/2019 8:41,8:41,12,0,0,I25 & EMERSON STREET SOUTH,1,1,0,0,1,4,,0,60,0,0,0,0,0,1,2,13
,2019-27860,39.692284,-104.976903,4/18/2019 8:42,8:42,12,0,0,I25 & EMERSON STREET SOUTH,1,1,0,0,1,4,,0,60,0,0,0,0,0,1,2,13
,2019-27862,39.692284,-104.976903,8/30/2019 16:40,16:40,12,0,0,I25 & EMERSON STREET SOUTH,1,1,0,0,1,4,,0,55,0,0,0,0,0,1,2,12
,2019-27863,39.692284,-104.976903,10/4/2019 11:57,11:57,12,0,0,I25 & EMERSON STREET SOUTH,1,1,1,0,1,4,,0,50,0,0,0,0,0,1,2,13
,2019-27864,39.692284,-104.976903,11/12/2019 9:25,9:25,12,0,0,I25 & EMERSON STREET SOUTH,1,1,0,0,1,4,,0,60,0,0,0,0,0,1,3,13
,2019-27865,39.692284,-104.976903,11/25/2019 11:06,11:06,12,0,0,I25 & EMERSON STREET SOUTH,1,1,0,0,1,4,,0,65,0,0,0,0,0,1,2,13
,2019-27866,39.69304,-104.97773,3/8/2019 8:09,8:09,12,0,0,I25 & LOUISIANA AVENUE EAST,1,1,0,0,1,4,,0,55,0,0,0,0,0,1,2,1
,2019-27867,39.69239,-104.977026,9/18/2019 18:24,18:24,15,0,0,I25 & EMERSON STREET SOUTH,1,3,0,0,1,4,,0,55,0,0,0,0,0,1,3,2
,2019-27868,39.692446,-104.977084,11/14/2019 7:06,7:06,5,0,2,I25 & DOWNING STREET SOUTH,1,1,0,0,3,4,,0,60,0,0,0,0,2,1,2,2
,2019-27869,39.692606,-104.977267,9/4/2019 9:25,9:25,12,0,2,I25 & EMERSON STREET SOUTH,1,1,0,0,1,4,,0,60,0,0,0,0,1,1,2,8
,2019-2787,39.774005,-104.847034,6/4/2019 13:57,13:57,15,0,0,I70 & PEORIA STREET NORTH,1,1,0,0,1,4,,0,65,0,0,0,0,0,1,2,7
,2019-27870,39.692657,-104.977332,1/28/2019 6:54,6:54,12,0,0,I25 & EMERSON STREET SOUTH,4,1,0,2,1,4,,0,,0,0,0,0,0,1,2,13
,2019-27871,39.692657,-104.977332,2/15/2019 15:41,15:41,12,0,2,I25 & EMERSON STREET SOUTH,1,1,1,0,1,4,,0,60,0,0,0,0,1,1,3,14
,2019-27872,39.692657,-104.977332,7/16/2019 19:36,19:36,12,0,1,I25 & EMERSON STREET SOUTH,1,1,0,0,1,4,,0,60,0,0,0,0,1,1,3,1
,2019-27873,39.692657,-104.977332,12/10/2019 15:27,15:27,12,0,0,I25 & EMERSON STREET SOUTH,1,1,0,0,1,4,,0,60,0,0,0,0,0,1,2,13
,2019-27874,39.692657,-104.977332,12/16/2019 15:58,15:58,12,0,0,I25 & EMERSON STREET SOUTH,1,1,0,0,1,4,,0,60,0,0,0,0,0,1,2,1
,2019-27875,39.692707,-104.977395,8/2/2019 12:35,12:35,15,0,0,I25 & EMERSON STREET SOUTH,1,1,0,0,1,4,,0,60,0,0,0,0,0,1,2,3
,2019-27876,39.692762,-104.977452,2/16/2019 13:27,13:27,12,0,1,I25 & DOWNING STREET SOUTH,1,1,0,2,1,4,,0,60,0,0,0,0,1,1,2,13
,2019-27877,39.692762,-104.977452,10/13/2019 18:43,18:43,12,0,2,I25 & DOWNING STREET SOUTH,1,3,0,0,1,4,,0,60,0,0,0,0,1,1,3,13
,2019-27878,39.692984,-104.977674,5/6/2019 17:25,17:25,12,0,0,I25 & LOUISIANA AVENUE EAST,1,2,0,0,1,4,,0,55,0,0,0,0,0,1,2,13
,2019-27879,39.69304,-104.97773,1/23/2019 16:40,16:40,12,0,0,I25 & LOUISIANA AVENUE EAST,1,1,1,0,1,4,,0,50,0,0,0,0,0,1,2,13
,2019-2788,39.757887,-104.99175,4/8/2019 18:00,18:00,10,0,0,PARK AVENUE WEST & WAZEE STREET,1,1,0,0,1,1,,0,25,0,0,0,0,0,4,2,13
,2019-27880,39.69304,-104.97773,2/17/2019 21:27,21:27,15,0,0,I25 & LOUISIANA AVENUE EAST,5,3,0,2,1,4,,0,55,0,0,0,0,0,1,2,13
,2019-27881,39.69304,-104.97773,9/9/2019 8:58,8:58,12,0,0,I25 & LOUISIANA AVENUE EAST,1,1,0,0,1,4,,0,55,0,0,0,0,0,1,2,1
,2019-27882,39.692983,-104.977983,12/10/2019 9:38,9:38,12,0,1,I25 & LOUISIANA AVENUE EAST,1,1,0,0,1,4,,0,55,0,0,0,0,2,1,5,1
,2019-27883,39.693275,-104.977965,7/28/2019 14:34,14:34,15,0,0,I25 & BROADWAY STREET SOUTH,1,1,0,0,1,4,,0,60,0,0,0,0,0,1,2,13
,2019-27884,39.693636,-104.978357,1/23/2019 7:15,7:15,12,0,0,I25 & CLARKSON STREET SOUTH,1,1,0,0,1,4,,0,50,0,0,0,0,0,1,2,3