id,drcog_id,latitude,longitude,crashtime,time,crashtype,numbkilled,numbinjurd,drcoglocat,rdconditin,lightngcon,roadcntgrd,weatherco,location,roaddescrp,schoolzone,constrzone,splimit,bikeinv,sctrinv,pedinv,motoinv,svrty,rdsystem,ttlvehcls,hcf
,2019-27885,39.694348,-104.979158,3/18/2019 16:48,16:48,12,0,0,I25 NORTHBOUND & EMERSON STREET SOUTH,1,1,1,0,1,4,,0,65,0,0,0,0,0,1,2,12
,2019-27886,39.694348,-104.979158,6/28/2019 7:40,7:40,12,0,0,I25 NORTHBOUND EXIT GORE POINT & LINCOLN STREET SOUTH,1,1,0,0,1,4,,0,55,0,0,0,0,0,1,2,3
,2019-27888,39.694462,-104.979284,1/14/2019 18:25,18:25,12,0,1,I25 & WASHINGTON STREET SOUTH APPROXIMATELY,1,3,0,0,1,4,,0,60,0,0,0,0,1,1,2,13
,2019-27889,39.694462,-104.979284,1/30/2019 8:29,8:29,12,0,0,I25 & WASHINGTON STREET SOUTH,1,1,0,0,1,4,,0,50,0,0,0,0,0,1,2,13
,2019-2789,39.757887,-104.99175,5/29/2019 18:55,18:55,15,0,0,PARK AVENUE WEST & WAZEE STREET,1,1,1,0,1,1,,0,25,0,0,0,0,0,4,2,14
,2019-27890,39.705215,-104.995304,11/3/2019 5:13,5:13,15,0,1,I25 & MM 207.50,1,3,1,0,1,4,,0,65,0,0,0,0,1,1,2,13
,2019-27891,39.694462,-104.979284,2/2/2019 14:55,14:55,15,0,0,I25 & WASHINGTON STREET SOUTH,1,1,0,0,1,4,,0,60,0,0,0,0,0,1,2,1
,2019-27892,39.694462,-104.979284,2/15/2019 18:20,18:20,12,0,0,I25 & WASHINGTON STREET SOUTH,1,3,0,0,1,4,,0,60,0,0,0,0,0,1,2,13
,2019-27893,39.70542,-104.99555,11/30/2019 2:01,2:01,5,0,0,I25 NORTHBOUND ON RAMP FLYOVER & SANTA FE DRIVE SOUTH,5,3,1,0,2,7,,0,,0,0,0,0,0,1,1,13
,2019-27894,39.694462,-104.979284,7/19/2019 11:29,11:29,12,0,0,I25 & WASHINGTON STREET SOUTH,1,1,0,0,1,4,,0,60,0,0,0,0,0,1,3,13
,2019-27895,39.705994,-104.996067,9/12/2019 18:00,18:00,12,0,0,I25 & SANTA FE DRIVE SOUTH,1,1,0,0,1,4,,0,60,0,0,0,0,0,1,2,13
,2019-27896,39.694462,-104.979284,9/5/2019 15:23,15:23,12,0,0,I25 & WASHINGTON STREET SOUTH,1,1,0,0,1,4,,0,60,0,0,0,0,0,1,2,13
,2019-27897,39.694462,-104.979284,9/19/2019 21:47,21:47,15,0,0,I25 & WASHINGTON STREET SOUTH,1,3,0,0,1,4,,0,55,0,0,0,0,0,1,2,13
,2019-27898,39.694462,-104.979284,10/31/2019 9:30,9:30,12,0,0,I25 & WASHINGTON STREET SOUTH,2,1,0,0,1,4,,0,65,0,0,0,0,0,1,4,1
,2019-27899,39.694142,-104.979256,12/12/2019 8:50,8:50,15,0,0,I25  & WASHINGTON STREET,1,1,1,0,1,4,,0,65,0,0,0,0,0,1,2,3
,2019-2790,39.775417,-104.863393,4/6/2019 14:32,14:32,5,0,0,I70 EASTBOUND ON RAMP & HAVANA STREET NORTH,1,1,1,0,3,7,,1,55,0,0,0,0,0,1,1,3
,2019-27900,39.694462,-104.979284,1/28/2019 15:30,15:30,5,0,1,I25 SOUTHBOUND OFF RAMP & WASHINGTON STREET SOUTH,11,1,0,0,2,7,,0,55,0,0,0,0,1,1,1,3
,2019-27901,39.694786,-104.979652,11/19/2019 7:42,7:42,15,0,0,I25 SOUTHBOUND OFF RAMP TO & WASHINGTON STREET SOUTH,1,1,0,0,1,7,,0,45,0,0,0,0,0,1,2,13
,2019-27902,39.694894,-104.979776,7/31/2019 15:34,15:34,12,0,1,I25 & WASHINGTON STREET SOUTH,1,1,0,0,1,4,,0,65,0,0,0,0,1,1,2,13
,2019-27903,39.695001,-104.9799,5/10/2019 22:06,22:06,12,0,0,I25 SOUTHBOUND ENTRANCE GORE POINT & BROADWAY STREET SOUTH,1,3,0,0,1,4,,0,55,0,0,0,0,0,1,2,5
,2019-27904,39.695001,-104.9799,9/18/2019 17:30,17:30,15,0,0,I25 NORTHBOUND EXIT GORE POINT & TO BROADWAY / LINCOLN,1,1,0,0,1,4,,0,55,0,0,0,0,0,1,2,13
,2019-27905,39.706991,-104.996718,10/15/2019 16:48,16:48,15,0,0,I25 & SANTA FE DRIVE SOUTH,1,1,1,0,1,4,,0,55,0,0,0,0,0,1,2,13
,2019-27906,39.695001,-104.9799,10/25/2019 21:09,21:09,15,0,0,I25 NORTHBOUND EXIT GORE POINT TO & BROADWAY STREET SOUTH,1,3,0,0,1,4,,0,55,0,0,0,0,0,1,2,13
,2019-27907,39.695216,-104.980148,6/25/2019 18:00,18:00,12,0,0,I25 & WASHINGTON STREET SOUTH,1,1,0,0,1,4,,0,50,0,0,0,0,0,1,2,13
,2019-27908,39.695323,-104.980272,12/11/2019 17:11,17:11,12,0,0,I25 & BROADWAY STREET SOUTH,2,3,1,0,1,4,,0,45,0,0,0,0,0,1,2,13
,2019-27909,39.69543,-104.980395,6/13/2019 17:19,17:19,12,0,0,I25 & WASHINGTON STREET SOUTH,1,1,1,0,1,4,,0,60,0,0,0,0,0,1,2,13
,2019-2791,39.757887,-104.99175,7/2/2019 22:04,22:04,12,0,0,PARK AVENUE WEST & WAZEE STREET,1,1,0,0,1,1,,0,30,0,0,0,0,0,4,2,5
,2019-27910,39.69543,-104.980395,7/31/2019 11:59,11:59,12,0,0,I25 NORTHBOUND ON RAMP & WASHINGTON STREET SOUTH,1,1,0,0,1,7,,0,55,0,0,0,0,0,1,2,3
,2019-27911,39.697473,-104.982744,4/2/2019 15:08,15:08,12,0,1,I25 & LOGAN STREET SOUTH,1,1,1,0,1,4,,0,60,0,0,0,0,1,1,2,13
,2019-27912,39.695645,-104.980643,1/31/2019 7:16,7:16,12,0,0,I25 & FRANKLIN STREET SOUTH,1,1,0,0,1,4,,0,60,0,0,0,0,0,1,5,3
,2019-27913,39.696075,-104.981138,6/29/2019 12:55,12:55,12,0,0,I25 & BROADWAY STREET SOUTH,1,1,0,0,1,4,,0,60,0,0,0,0,0,1,2,3
,2019-27914,39.696075,-104.981138,10/28/2019 17:08,17:08,15,0,0,I25 & BROADWAY STREET SOUTH,1,1,1,0,1,4,,0,60,0,0,0,0,0,1,2,13
,2019-27915,39.696293,-104.981381,12/12/2019 18:42,18:42,12,0,0,I25 & BROADWAY STREET SOUTH,1,2,1,1,1,4,,0,65,0,0,0,0,0,1,3,13
,2019-27916,39.694142,-104.979253,8/9/2019 15:27,15:27,15,0,0,I25 & WASHINGTON STREET SOUTH,1,1,0,0,1,4,,0,55,0,0,0,0,0,1,2,5
,2019-27918,39.69683,-104.982,7/20/2019 13:24,13:24,12,0,1,I25 & LOGAN STREET SOUTH,1,1,0,0,1,4,,0,50,0,0,0,0,2,1,2,3
,2019-27919,39.69683,-104.982,11/3/2019 13:05,13:05,12,0,0,I25 & LOGAN STREET SOUTH,1,1,0,0,1,4,,0,55,0,0,0,0,0,1,2,3
,2019-2792,39.757887,-104.99175,9/22/2019 12:40,12:40,10,0,0,PARK AVENUE WEST & WAZEE STREET,1,1,0,0,1,1,,0,35,0,0,0,0,0,4,2,13
,2019-27920,39.696936,-104.982126,4/18/2019 15:25,15:25,15,0,0,I25 SOUTHBOUND ON/OFF RAMP SPLIT TO & WASHINGTON STREET,1,1,0,0,1,7,,0,55,0,0,0,0,0,1,2,13
,2019-27921,39.69715,-104.982373,11/18/2019 17:33,17:33,12,0,1,I25 & WASHINGTON STREET SOUTH,1,1,0,0,1,4,,0,55,0,0,0,0,1,1,2,13
,2019-27922,39.697258,-104.982496,11/5/2019 18:50,18:50,12,0,0,I25 & LOGAN STREET SOUTH,1,3,0,0,1,4,,0,,0,0,0,0,0,1,2,13
,2019-27923,39.697473,-104.982744,1/7/2019 19:15,19:15,12,0,1,I25 & LOGAN STREET SOUTH INTCH APPROXIMATELY,1,3,0,0,1,4,,0,60,0,0,0,0,1,1,3,7
,2019-27924,39.697473,-104.982744,2/1/2019 14:46,14:46,12,0,0,I25 & LOGAN STREET SOUTH,1,1,0,0,1,4,,0,55,0,0,0,0,0,1,2,13
,2019-27925,39.697473,-104.982744,4/10/2019 8:50,8:50,12,0,0,I25 & LOGAN STREET SOUTH,2,1,0,1,1,4,,0,60,0,0,0,0,0,1,2,3
,2019-27926,39.697473,-104.982744,4/11/2019 5:35,5:35,15,0,0,I25 & LOGAN STREET SOUTH,6,1,0,2,1,4,,0,55,0,0,0,0,0,1,2,13
,2019-27927,39.697473,-104.982744,4/11/2019 5:45,5:45,15,0,0,I25 & LOGAN STREET SOUTH,5,1,0,0,1,4,,0,55,0,0,0,0,0,1,2,3
,2019-27928,39.697473,-104.982744,4/16/2019 16:50,16:50,12,0,1,I25 & LOGAN STREET SOUTH,1,1,0,0,1,4,,0,60,0,0,0,0,2,1,3,13
,2019-27929,39.697473,-104.982744,4/24/2019 15:49,15:49,12,0,0,I25 & LOGAN STREET SOUTH,1,1,0,0,1,4,,0,55,0,0,0,0,0,1,2,13
,2019-2793,39.757887,-104.99175,10/24/2019 15:20,15:20,15,0,0,PARK AVENUE WEST & WAZEE STREET,1,1,1,0,1,1,,0,30,0,0,0,0,0,4,2,13
,2019-27930,39.697473,-104.982744,5/29/2019 15:17,15:17,12,0,0,I25 & LOGAN STREET SOUTH,1,1,1,0,1,4,,0,50,0,0,0,0,0,1,3,13
,2019-27931,39.697473,-104.982744,6/5/2019 17:30,17:30,12,0,0,I25 & LOGAN STREET SOUTH,1,1,0,0,1,4,,0,55,0,0,0,0,0,1,2,7
,2019-27932,39.697473,-104.982744,10/2/2019 16:43,16:43,12,0,0,I25 & LOGAN STREET SOUTH,1,1,0,0,1,4,,0,65,0,0,0,0,0,1,3,3
,2019-27933,39.697473,-104.982744,11/13/2019 7:02,7:02,12,0,2,I25 & LOGAN STREET SOUTH,1,1,0,0,1,4,,0,50,0,0,0,0,1,1,2,1
,2019-27934,39.697473,-104.982744,8/27/2019 8:30,8:30,12,0,0,I25 SOUTHBOUND ON RAMP & LOGAN STREET SOUTH,1,1,0,0,1,7,,0,60,0,0,0,0,0,1,4,1
,2019-27935,39.697582,-104.98287,8/15/2019 17:51,17:51,12,0,1,I25 & LOGAN STREET SOUTH,1,1,1,0,1,4,,0,55,0,0,0,0,1,1,2,13
,2019-27936,39.697692,-104.982996,4/30/2019 16:13,16:13,12,0,0,I25 & LOGAN STREET SOUTH,2,1,1,1,1,4,,0,60,0,0,0,0,0,1,3,12
,2019-27937,39.697911,-104.983248,2/7/2019 21:58,21:58,15,0,0,I25 & LOGAN STREET SOUTH,10,3,0,0,1,4,,0,55,0,0,0,0,0,1,2,13
,2019-27938,39.697911,-104.983248,3/7/2019 15:10,15:10,15,0,0,I25 & LOGAN STREET SOUTH,14,1,1,0,1,4,,0,60,0,0,0,0,0,1,2,7
,2019-27939,39.698021,-104.983373,1/21/2019 18:15,18:15,15,0,0,I25 SOUTHBOUND ON RAMP  & SANTA FE DRIVE SOUTH,1,3,1,0,1,7,,0,,0,0,0,0,0,1,2,13
,2019-27940,39.698131,-104.983497,7/11/2019 17:38,17:38,12,0,1,I25 & LOGAN STREET SOUTH,1,1,0,0,1,4,,0,50,0,0,0,0,1,1,2,13
,2019-27941,39.698464,-104.983868,8/19/2019 7:11,7:11,12,0,0,I25 & LOGAN STREET SOUTH,1,1,1,0,1,4,,0,60,0,0,0,0,0,1,3,8
,2019-27942,39.698464,-104.983868,8/19/2019 8:00,8:00,12,0,0,I25 & LOGAN STREET SOUTH,1,1,1,0,1,4,,0,55,0,0,0,0,0,1,2,12
,2019-27943,39.698908,-104.984363,11/1/2019 9:10,9:10,12,0,0,I25 SOUTHBOUND OFF RAMP & LOGAN STREET SOUTH,1,1,1,0,1,7,,0,55,0,0,0,0,0,1,2,13
,2019-27944,39.699348,-104.984863,1/16/2019 10:50,10:50,12,0,0,I25 SOUTHBOUND ON RAMP & BROADWAY STREET SOUTH,1,1,0,0,1,7,,0,65,0,0,0,0,0,1,2,3
,2019-27945,39.699568,-104.985114,12/2/2019 10:30,10:30,12,0,0,I25 & LOGAN STREET SOUTH,1,1,1,0,1,4,,0,,0,0,0,0,0,1,5,13
,2019-27946,39.700002,-104.985622,2/13/2019 18:00,18:00,12,0,0,I25 & BROADWAY STREET SOUTH,1,3,0,0,1,4,,0,55,0,0,0,0,0,1,2,13
,2019-27947,39.700107,-104.985754,2/2/2019 13:02,13:02,12,0,0,I25 NORTHBOUND OFF RAMP & BROADWAY STREET SOUTH,1,1,0,0,1,7,,0,60,0,0,0,0,0,1,2,14
,2019-27949,39.701251,-104.987199,4/1/2019 6:20,6:20,15,0,0,I25 NORTHBOUND OFF RAMP & OHIO AVE/ LINCOLN STREET,1,3,0,0,1,3,,0,30,0,0,0,0,0,1,2,13
,2019-27950,39.701251,-104.987199,4/11/2019 8:57,8:57,15,0,0,OHIO AVENUE EAST & LINCOLN STREET SOUTH,6,1,0,0,1,1,,0,30,0,0,0,0,0,1,2,1
,2019-27951,39.701997,-104.986269,7/6/2019 21:15,21:15,3,0,0,OHIO AVENUE EAST & LINCOLN STREET SOUTH,1,3,0,0,1,1,,0,25,0,0,0,0,0,1,2,14
,2019-27952,39.701251,-104.987199,9/3/2019 15:00,15:00,15,0,0,LINCOLN STREET SOUTH & OHIO AVENUE EAST,1,1,0,0,1,3,,0,30,0,0,0,0,0,1,2,13
,2019-27953,39.701452,-104.987435,3/28/2019 14:50,14:50,12,0,0,I25 & BROADWAY SOUTH,1,1,0,0,1,4,,0,50,0,0,0,0,0,1,4,7
,2019-27954,39.701452,-104.987435,4/19/2019 18:26,18:26,12,0,0,I25 & BROADWAY STREET SOUTH,1,1,1,0,1,4,,0,55,0,0,0,0,0,1,2,14
,2019-27955,39.701452,-104.987435,6/7/2019 17:43,17:43,12,0,1,I25 & BROADWAY STREET SOUTH,1,1,1,0,1,4,,0,60,0,0,0,0,1,1,2,3
,2019-27956,39.701452,-104.987435,6/10/2019 15:36,15:36,12,0,1,I25 & BROADWAY STREET SOUTH,1,1,1,0,1,4,,0,60,0,0,0,0,1,1,2,13
,2019-27957,39.701452,-104.987435,6/10/2019 16:04,16:04,15,0,0,I25 & BROADWAY STREET SOUTH,1,1,1,0,1,4,,0,60,0,0,0,0,0,1,2,13
,2019-27958,39.701452,-104.987435,6/24/2019 16:43,16:43,15,0,0,I25 & BROADWAY STREET SOUTH,1,1,1,0,1,4,,0,55,0,0,0,0,0,1,2,13
,2019-27959,39.701452,-104.987435,11/4/2019 19:42,19:42,5,0,0,I25 & BROADWAY STREET SOUTH,1,3,0,0,1,4,,0,65,0,0,0,0,0,1,3,14
,2019-27960,39.701452,-104.987435,11/30/2019 3:05,3:05,5,0,0,I25 & BROADWAY STREET SOUTH,5,4,1,2,3,4,,0,55,0,0,0,0,0,1,1,14
,2019-27961,39.701452,-104.987435,8/11/2019 0:35,0:35,12,0,0,BROADWAY STREET SOUTH & I25,1,3,0,0,1,4,,0,30,0,0,0,0,0,1,2,13
,2019-27962,39.701452,-104.987435,1/7/2019 12:59,12:59,3,0,0,BROADWAY SOUTH & I25 SOUTHBOUND RAMPS,1,1,0,0,1,1,,0,35,0,0,0,0,0,1,2,3
,2019-27963,39.701452,-104.987435,3/2/2019 15:34,15:34,1,0,0,BROADWAY STREET 800 BLOCK SOUTH & I25 SOUTHBOUND RAMPS,1,1,0,0,1,1,,0,30,0,0,0,0,0,1,2,3
,2019-27964,39.701452,-104.987435,3/2/2019 15:34,15:34,12,0,0,BROADWAY STREET 800 BLOCK SOUTH & I25 SOUTHBOUND RAMPS,1,1,0,0,1,1,,0,30,0,0,0,0,0,1,2,13
,2019-27965,39.701452,-104.987435,4/23/2019 14:33,14:33,1,0,0,BROADWAY STREET SOUTH & I25 SOUTHBOUND ON RAMP,1,1,0,0,1,1,,0,30,0,0,0,0,0,1,2,14
,2019-27966,39.701452,-104.987435,5/11/2019 0:49,0:49,5,0,1,BROADWAY STREET SOUTH & I25 SOUTHBOUND ON RAMP,1,3,0,0,2,1,,0,40,0,0,0,0,2,1,1,5
,2019-27967,39.701452,-104.987435,5/24/2019 17:42,17:42,12,0,0,BROADWAY STREET SOUTH & I25 SOUTHBOUND RAMPS,1,1,0,0,1,1,,0,30,0,0,0,0,0,1,2,8
,2019-27968,39.701452,-104.987435,6/15/2019 10:30,10:30,3,0,0,BROADWAY STREET 800 BLOCK SOUTH & I25 SOUTHBOUND OFF RAMP,1,1,0,0,1,1,,0,30,0,0,0,0,0,1,2,13
,2019-27969,39.701452,-104.987435,6/18/2019 4:51,4:51,1,0,1,BROADWAY STREET SOUTH & I25 SOUTHBOUND ON RAMP,1,2,0,0,1,1,,0,30,0,0,0,0,1,1,2,13
,2019-27970,39.701452,-104.987435,6/22/2019 16:08,16:08,12,0,0,BROADWAY STREET SOUTH & KENTUCKY AVENUE WEST,2,1,0,1,1,1,,0,35,0,0,0,0,0,1,2,13
,2019-27971,39.701452,-104.987435,8/28/2019 10:02,10:02,3,0,1,BROADWAY STREET SOUTH & I25 SOUTHBOUND OFF RAMP,1,1,0,0,1,1,,0,30,0,0,0,0,1,1,2,13
,2019-27972,39.701452,-104.987435,10/9/2019 10:05,10:05,3,0,0,BROADWAY STREET SOUTH & I25 SOUTHBOUND OFF RAMP,1,1,0,0,1,1,,0,35,0,0,0,1,0,1,2,3
,2019-27973,39.701452,-104.987435,11/1/2019 6:34,6:34,1,0,0,BROADWAY STREET SOUTH & I25 SOUTHBOUND ON RAMP,2,2,0,0,1,1,,0,30,0,0,0,0,0,1,3,13
,2019-27974,39.701452,-104.987435,12/17/2019 11:39,11:39,3,0,0,BROADWAY STREET SOUTH & I25,1,1,0,0,1,1,,0,30,0,0,0,0,0,1,2,13
,2019-27975,39.700796,-104.987481,11/23/2019 12:28,12:28,3,0,0,BROADWAY STREET SOUTH & I25 EASTBOUND OFF RAMP,1,1,0,0,1,1,,0,35,0,0,0,0,0,1,2,13
,2019-27976,39.701557,-104.987559,1/4/2019 8:17,8:17,12,0,0,I25 & MM 207,1,1,0,0,1,4,,0,55,0,0,0,0,0,1,4,13
,2019-27977,39.701557,-104.987559,3/8/2019 17:03,17:03,12,0,0,I25 & MM 207,1,1,1,0,1,4,,0,60,0,0,0,0,0,1,3,3
,2019-27978,39.701557,-104.987559,8/14/2019 10:40,10:40,12,0,1,I25 SOUTHBOUND OFF RAMP & BROADWAY STREET SOUTH,1,1,1,0,1,7,,0,35,0,0,0,0,1,1,2,13
,2019-27979,39.702477,-104.988768,6/13/2019 6:49,6:49,12,0,0,I25 & BROADWAY STREET SOUTH,1,1,0,0,1,4,,0,55,0,0,0,0,0,1,2,3
,2019-27981,39.703134,-104.990005,11/25/2019 17:10,17:10,12,0,0,I25 & BROADWAY STREET EXIT GORE POINT,4,3,0,2,1,4,,0,65,0,0,0,0,0,1,2,3
,2019-27982,39.703195,-104.990177,4/19/2019 15:32,15:32,15,0,0,I25 & I25 ENTRANCE GORE POINT FROM BROADWAY STREET SOUTH,1,1,0,0,1,4,,0,60,0,0,0,0,0,1,2,13
,2019-27983,39.703195,-104.990177,6/11/2019 18:20,18:20,15,0,0,I25 & BROADWAY STREET SOUTHBOUND OFF RAMP GORE POINT,1,1,0,0,1,4,,0,55,0,0,0,0,0,1,2,13
,2019-27984,39.703195,-104.990177,8/15/2019 18:20,18:20,12,0,0,I25 & BROADWAY STREET SOUTH,1,1,0,0,1,4,,0,60,0,0,0,0,0,1,3,3
,2019-27985,39.723032,-105.010692,8/3/2019 19:31,19:31,5,0,0,I25 & SIXTH AVENUE WEST,1,2,1,0,1,4,,0,50,0,0,0,0,0,1,1,12
,2019-27986,39.703195,-104.990177,12/6/2019 5:55,5:55,15,0,0,I25 & BROADWAY STREET EXIT GORE POINT,5,3,1,0,1,4,,0,,0,0,0,0,0,1,3,13
,2019-27987,39.703195,-104.990177,2/25/2019 7:57,7:57,5,0,0,I25 SOUTHBOUND OFF RAMP GORE POINT & BROADWAY STREET SOUTH,1,1,0,0,2,7,,0,55,0,0,0,0,0,1,1,3
,2019-27988,39.703195,-104.990177,5/22/2019 19:00,19:00,12,0,0,I25 SOUTHBOUND OFF RAMP EXIT GORE POINT & BROADWAY STREET SOUTH,1,1,0,0,1,7,,0,40,0,0,0,0,0,1,2,13
,2019-27989,39.706661,-104.996603,12/10/2019 16:51,16:51,12,0,1,I25 & SANTA FE DRIVE SOUTH,1,2,0,0,1,4,,0,60,0,0,0,0,1,1,2,7
,2019-27990,39.703508,-104.991216,6/25/2019 14:19,14:19,12,0,3,I25 & ALAMEDA AVENUE WEST,1,1,0,0,1,4,,0,55,0,0,0,0,1,1,2,1
,2019-27991,39.702035,-104.993941,9/13/2019 12:36,12:36,12,0,0,I25 NORTHBOUND ON RAMP FROM  & HIGHWAY 85 NORTHBOUND,1,1,0,0,1,7,,0,60,0,0,0,0,0,1,2,3
,2019-27992,39.704115,-104.993242,12/6/2019 21:33,21:33,15,0,0,I25 SOUTHBOUND ENTRANCE GORE POINT FROM & SANTA FE DRIVE NORTHBOUND,1,3,0,0,1,4,,0,35,0,0,0,0,0,1,2,8
,2019-27993,39.706661,-104.996603,12/23/2019 11:05,11:05,12,0,1,I25 & SANTA FE DRIVE SOUTH,1,1,1,0,1,4,,0,55,0,0,0,0,1,1,2,13
,2019-27994,39.704344,-104.993903,1/26/2019 15:25,15:25,12,0,0,I25 & SANTA FE DRIVE EXIT 207B,1,1,0,0,1,4,,0,50,0,0,0,0,0,1,2,1
,2019-27995,39.704412,-104.994061,6/18/2019 17:49,17:49,12,0,1,I25 & SANTA FE DRIVE SOUTH,1,1,1,0,1,4,,0,55,0,0,0,0,1,1,2,12
,2019-27996,39.702057,-104.993513,11/18/2019 7:05,7:05,12,0,0,I25 NORTHBOUND ON RAMP FROM  & HIGHWAY 85 NORTHBOUND,1,1,0,0,1,7,,0,55,0,0,0,0,0,1,2,13
,2019-27997,39.704412,-104.994061,11/30/2019 6:11,6:11,5,0,1,I25 SOUTHBOUND ON RAMP & SANTA FE DRIVE SOUTH,5,2,0,0,2,7,,0,35,0,0,0,0,1,1,1,7
,2019-27998,39.704728,-104.994655,12/16/2019 16:40,16:40,12,0,0,I25 & ALAMEDA AVENUE WEST,1,3,0,0,1,4,,0,65,0,0,0,0,0,1,2,13
,2019-27999,39.705112,-104.995181,5/6/2019 17:13,17:13,12,0,0,I25 & SANTA FE DRIVE SOUTH,1,1,1,0,1,4,,0,60,0,0,0,0,0,1,2,14
,2019-28000,39.705112,-104.995181,6/12/2019 16:59,16:59,12,0,2,I25 & SANTA FE DRIVE SOUTH,1,1,1,0,1,4,,0,55,0,0,0,0,1,1,2,3
,2019-28001,39.705112,-104.995181,6/30/2019 13:00,13:00,15,0,0,I25 & BROADWAY STREET,1,1,1,0,1,4,,0,55,0,0,0,0,0,1,2,14
,2019-28003,39.711241,-104.998918,2/6/2019 19:50,19:50,6,0,0,I25 & ALAMEDA AVENUE WEST,12,4,1,2,1,4,,0,30,0,0,0,0,0,1,2,7
,2019-28004,39.705112,-104.995181,10/31/2019 14:51,14:51,12,0,0,I25 & ALAMEDA AVENUE EAST,1,1,1,0,1,4,,0,55,0,0,0,0,0,1,2,7
,2019-28005,39.707122,-104.996782,9/6/2019 16:46,16:46,12,0,0,I25 & SANTA FE DRIVE SOUTH,1,1,1,0,1,4,,0,55,0,0,0,0,0,1,2,13
,2019-28006,39.704858,-104.995773,7/15/2019 11:06,11:06,15,0,0,I25 SOUTHBOUND ON RAMP MERGE GORE POINT FROM & HIGHWAY 85 NB/SB,1,1,0,0,1,7,,0,35,0,0,0,0,0,1,2,7
,2019-28007,39.705215,-104.995304,10/10/2019 9:30,9:30,12,0,0,I25 NORTHBOUND ON RAMP & SANTA FE DRIVE NORTHBOUND EXIT GORE POINT,4,1,1,2,1,7,,0,,0,0,0,0,0,1,2,13
,2019-28008,39.704854,-104.995733,9/10/2019 12:46,12:46,12,0,0,I25 SOUTHBOUND ON RAMP SLIP MERGE GORE POINT FROM & SANTA FE DRIVE SOUTH,1,1,0,0,1,7,,0,40,0,0,0,0,0,1,2,13
,2019-28009,39.705877,-104.995968,2/14/2019 17:55,17:55,15,0,0,I25 & SANTA FE DRIVE SOUTH,1,2,1,0,1,4,,0,60,0,0,0,0,0,1,2,3
,2019-28010,39.705877,-104.995968,9/30/2019 8:42,8:42,15,0,0,I25 & SANTA FE DRIVE SOUTH,1,1,0,0,1,4,,0,65,0,0,0,0,0,1,2,3
,2019-28011,39.705994,-104.996067,3/14/2019 20:11,20:11,5,0,1,I25 NORTHBOUND & SANTA FE DRIVE SOUTH,5,3,1,0,2,7,,0,65,0,0,0,0,1,1,1,13
,2019-28012,39.706481,-104.996424,9/14/2019 13:20,13:20,12,0,1,I25 & SANTA FE DRIVE SOUTH,1,1,1,0,1,4,,0,55,0,0,0,0,1,1,2,7
,2019-28013,39.706433,-104.996794,12/22/2019 17:05,17:05,12,0,2,I25 & SANTA FE DRIVE SOUTH,1,3,0,0,1,4,,0,55,0,0,0,0,1,1,4,13
,2019-28014,39.706603,-104.996514,3/31/2019 21:32,21:32,15,0,0,I25 & SANTA FE DRIVE SOUTH,1,3,0,0,1,4,,0,55,0,0,0,0,0,1,2,13
,2019-28015,39.706729,-104.996591,4/14/2019 18:35,18:35,15,0,0,I25 SOUTHBOUND ON RAMP & SANTA FE DRIVE SOUTH,1,2,1,0,1,7,,0,45,0,0,0,0,0,1,2,13
,2019-28016,39.706991,-104.996718,2/11/2019 6:57,6:57,15,0,0,I25 & SANTA FE DRIVE SOUTH,1,1,0,0,1,4,,0,65,0,0,0,0,0,1,3,1
,2019-28017,39.706991,-104.996718,4/20/2019 20:30,20:30,5,0,0,I25 & BROADWAY STREET SOUTH,1,1,0,0,2,4,,0,55,0,0,0,0,0,1,1,7
,2019-28018,39.706991,-104.996718,8/20/2019 23:00,23:00,12,0,0,I25 & SANTA FE DRIVE SOUTH,1,3,0,0,1,4,,0,65,0,0,0,0,0,1,2,13
,2019-28019,39.706991,-104.996718,11/18/2019 11:33,11:33,15,0,0,I25 SOUTHBOUND ON RAMP FROM & HIGHWAY 85 SOUTHBOUND,1,1,0,0,1,7,,0,35,0,0,0,0,0,1,3,13
,2019-28020,39.707122,-104.996782,1/9/2019 11:21,11:21,15,0,1,I25 & SANTA FE DRIVE SOUTH INTCH,1,1,0,0,1,4,,0,55,0,0,0,0,1,1,3,1
,2019-28021,39.707122,-104.996782,3/8/2019 16:29,16:29,12,0,1,I25 & SANTA FE DRIVE SOUTH,1,1,1,0,1,4,,0,55,0,0,0,0,1,1,2,13
,2019-28022,39.707122,-104.996782,3/17/2019 17:01,17:01,5,0,0,I25 & SANTA FE DRIVE SOUTH,1,1,1,0,3,4,,0,60,0,0,0,0,0,1,2,5
,2019-28023,39.707122,-104.996782,3/22/2019 14:59,14:59,12,0,1,I25 NORTHBOUND & SANTA FE DRIVE SOUTH,1,1,0,0,1,4,,0,65,0,0,0,0,1,1,2,1
,2019-28024,39.707122,-104.996782,3/25/2019 7:30,7:30,15,0,0,I25 & BROADWAY STREET SOUTH,1,1,0,0,1,4,,0,55,0,0,0,0,0,1,2,1
,2019-28025,39.707122,-104.996782,7/30/2019 12:24,12:24,12,0,3,I25 & SANTA FE DRIVE SOUTH,1,1,0,0,1,4,,0,55,0,0,0,0,1,1,2,13
,2019-28026,39.707122,-104.996782,7/30/2019 14:50,14:50,12,0,0,I25 & SANTA FE DRIVE SOUTH,1,1,1,0,1,4,,0,60,0,0,0,0,0,1,2,13
,2019-28027,39.70817,-104.997289,1/4/2019 16:47,16:47,12,0,0,I25 & ALAMEDA AVENUE WEST INTCH,1,1,0,0,1,4,,0,55,0,0,0,0,0,1,2,2