id,drcog_id,latitude,longitude,crashtime,time,crashtype,numbkilled,numbinjurd,drcoglocat,rdconditin,lightngcon,roadcntgrd,weatherco,location,roaddescrp,schoolzone,constrzone,splimit,bikeinv,sctrinv,pedinv,motoinv,svrty,rdsystem,ttlvehcls,hcf
,2019-28028,39.70817,-104.997289,3/15/2019 9:00,9:00,12,0,3,I25 SOUTHBOUND & ALAMEDA AVENUE WEST,1,1,1,0,1,4,,0,60,0,0,0,0,2,1,3,1
,2019-28029,39.70817,-104.997289,6/25/2019 18:18,18:18,12,0,0,I25 & ALAMEDA AVENUE EAST,1,1,0,0,1,4,,0,,0,0,0,0,0,1,2,3
,2019-28030,39.70817,-104.997289,6/27/2019 17:41,17:41,15,0,0,I25 & ALAMEDA AVENUE EAST,1,1,0,0,1,4,,0,50,0,0,0,0,0,1,2,13
,2019-28031,39.70817,-104.997289,7/16/2019 13:17,13:17,12,0,0,I25 & ALAMEDA AVENUE WEST,1,1,1,0,1,4,,0,55,0,0,0,0,0,1,2,3
,2019-28032,39.70817,-104.997289,8/16/2019 17:20,17:20,12,0,0,I25 & ALAMEDA AVENUE WEST,1,1,1,0,1,4,,0,55,0,0,0,0,0,1,2,13
,2019-28033,39.708957,-104.99767,8/1/2019 14:26,14:26,12,0,0,I25 & ALAMEDA AVENUE WEST,1,1,0,0,1,4,,0,55,0,0,0,0,0,1,2,1
,2019-28034,39.710625,-104.998552,9/1/2019 16:36,16:36,15,0,0,I25 & ALAMEDA AVENUE WEST,1,1,0,0,1,4,,0,55,0,0,0,0,0,1,2,13
,2019-28035,39.710004,-104.998183,6/20/2019 16:37,16:37,15,0,0,I25 NORTHBOUND ON RAMP LOOP ENTRANCE GORE POINT & SANTA FE DRIVE SOUTH,1,1,1,0,1,7,,0,65,0,0,0,0,0,1,2,13
,2019-28036,39.710004,-104.998183,8/3/2019 14:50,14:50,12,0,1,I25 NORTHBOUND ON RAMP LOOP ENTRANCE GORE POINT & HIGHWAY 85 / SANTA FE DRIVE SOUTH,1,1,2,0,1,7,,0,35,0,0,0,0,1,1,2,1
,2019-28037,39.710004,-104.998183,10/23/2019 6:25,6:25,12,0,0,I25 NORTHBOUND ON RAMP LOOP ENTRANCE GORE POINT FROM & HIGHWAY 85 NORTHBOUND,1,1,0,0,1,7,,0,45,0,0,0,0,0,1,2,13
,2019-28038,39.706658,-104.996603,12/17/2019 14:30,14:30,15,0,0,I25 NORTHBOUND OFF RAMP LOOP ENTRANCE GORE POINT FROM & SANTA FE DRIVE SOUTH,1,1,1,0,1,7,,0,45,0,0,0,0,0,1,2,1
,2019-28039,39.710004,-104.998183,12/23/2019 12:30,12:30,15,0,0,I25 NORTHBOUND ON RAMP LOOP ENTRANCE GORE POINT FROM & HIGHWAY 85 / SANTA FE DRIVE,1,1,0,0,1,7,,0,55,0,0,0,0,0,1,2,13
,2019-28040,39.71083,-104.998674,5/24/2019 2:15,2:15,5,0,2,I25 SOUTHBOUND OFF RAMP EXIT GORE POINT & SANTA FE DRIVE SOUTH,1,3,1,0,2,7,,0,60,0,0,0,0,2,1,1,5
,2019-28041,39.710131,-104.998259,6/7/2019 11:28,11:28,12,0,1,I25 NORTHBOUND ENTRANCE GORE POINT & SANTA FE DRIVE SOUTH,1,1,1,0,1,4,,0,55,0,0,0,0,1,1,2,13
,2019-28042,39.710131,-104.998259,9/22/2019 14:41,14:41,12,0,0,I25 NORTHBOUND ENTRANCE GORE POINT & SANTA FE DRIVE SOUTH,1,1,0,0,1,4,,0,55,0,0,0,0,0,1,2,13
,2019-28043,39.710131,-104.998259,10/23/2019 16:35,16:35,15,0,0,I25 NORTHBOUND ON RAMP LOOP ENTRANCE GORE POINT FROM & HIGHWAY 85 NORTHBOUND,2,1,0,1,1,7,,0,65,0,0,0,0,0,1,2,13
,2019-28044,39.710258,-104.998334,1/23/2019 16:01,16:01,15,0,0,I25 NORTHBOUND ENTRANCE GORE POINT & SANTA FE DRIVE SOUTH,1,1,0,0,1,4,,0,55,0,0,0,0,0,1,2,3
,2019-28045,39.710258,-104.998334,7/18/2019 18:01,18:01,15,0,0,I25 NORTHBOUND ENTRANCE GORE POINT & SANTA FE DRIVE SOUTH,1,1,0,0,1,4,,0,55,0,0,0,0,0,1,2,13
,2019-28046,39.710258,-104.998334,9/13/2019 12:16,12:16,12,0,0,I25 & HIGHWAY 26 / ALAMEDA AVENUE WEST,1,1,1,0,1,4,,0,65,0,0,0,0,0,1,2,13
,2019-28047,39.710625,-104.998552,12/11/2019 7:32,7:32,12,0,1,I25 & ALAMEDA AVENUE WEST,1,1,1,0,1,4,,0,65,0,0,0,0,1,1,2,7
,2019-28048,39.710727,-104.998613,9/19/2019 22:19,22:19,15,0,0,I25 SOUTHBOUND OFF RAMP TO & SANTE FE SOUTHBOUND EXIT GORE POINT,1,3,0,0,1,7,,0,55,0,0,0,0,0,1,2,13
,2019-28049,39.710727,-104.998613,10/10/2019 8:40,8:40,12,0,0,I25 SOUTHBOUND OFF RAMP EXIT GORE POINT TO & HIGHWAY 85 / KALAMATH STREET,4,1,0,2,1,7,,0,45,0,0,0,0,0,1,3,7
,2019-28050,39.71083,-104.998674,1/9/2019 20:00,20:00,12,0,0,I25 & SANTA FE DRIVE SOUTH SOUTHBOUND EXIT GORE APPROXIMATELY,1,3,0,0,1,4,,0,60,0,0,0,0,0,1,2,1
,2019-28051,39.71083,-104.998674,9/19/2019 15:30,15:30,12,0,0,I25 & HIGHWAY 26 / ALAMEDA AVENUE WEST,1,1,1,0,1,4,,0,60,0,0,0,0,0,1,2,13
,2019-28052,39.71083,-104.998674,11/29/2019 23:11,23:11,12,0,1,I25 SOUTHBOUND EXIT GORE POINT TO & SANTA FE DRIVE,4,3,1,0,1,4,,0,,0,0,0,0,1,1,2,13
,2019-28053,39.71083,-104.998674,12/27/2019 16:45,16:45,12,0,1,I25 & ALAMEDA AVENUE,1,2,0,0,1,4,,0,65,0,0,0,0,1,1,2,13
,2019-28054,39.710933,-104.998735,4/23/2019 1:00,1:00,15,0,0,I25 & I25 NORTHBOUND EXIT GORE POINT TO SANTA FE DRIVE NORTH,1,1,1,0,1,4,,0,60,0,0,0,0,0,1,2,1
,2019-28055,39.706433,-104.996794,12/21/2019 21:30,21:30,15,0,0,I25 SOUTHBOUND OFF RAMP & SANTA FE DRIVE EXIT GORE POINT,1,3,0,0,1,4,,0,,0,0,0,0,0,1,2,13
,2019-28056,39.710933,-104.998735,2/14/2019 8:36,8:36,12,0,0,I25 SOUTHBOUND OFF RAMP & ALAMEDA AVENUE WEST,1,1,0,0,1,7,,0,40,0,0,0,0,0,1,3,13
,2019-28058,39.711035,-104.998796,5/18/2019 14:48,14:48,12,0,1,I25 & ALAMEDA AVENUE WEST,1,1,1,0,1,4,,0,55,0,0,0,0,1,1,4,6
,2019-28059,39.711241,-104.998918,6/25/2019 19:10,19:10,12,0,2,I25 & ALAMEDA AVENUE WEST,1,1,1,0,1,4,,0,65,0,0,0,0,1,1,2,13
,2019-28060,39.711035,-104.998796,10/8/2019 8:04,8:04,15,0,0,I25 & HIGHWAY 26 / ALAMEDA AVENUE WEST,1,1,1,0,1,4,,0,55,0,0,0,0,0,1,2,13
,2019-28061,39.711035,-104.998796,11/19/2019 15:37,15:37,12,0,0,I25 & ALAMEDA AVENUE WEST,1,1,1,0,1,4,,0,60,0,0,0,0,0,1,2,13
,2019-28062,39.729014,-105.014706,10/5/2019 12:47,12:47,12,0,0,I25 & SIXTH AVENUE WEST,1,1,1,0,1,4,,0,55,0,0,0,0,0,1,2,13
,2019-28063,39.711138,-104.998857,4/27/2019 11:15,11:15,12,0,0,I25 & ALAMEDA AVENUE WEST,1,1,0,0,1,4,,0,65,0,0,0,0,0,1,2,13
,2019-28064,39.711138,-104.998857,7/21/2019 7:35,7:35,12,0,0,I25 & ALAMEDA AVENUE EAST,1,1,0,0,1,4,,0,60,0,0,0,0,0,1,3,2
,2019-28065,39.711241,-104.998918,1/9/2019 17:30,17:30,12,0,1,I25 & ALAMEDA AVENUE WEST APPROXIMATELY,1,3,1,0,1,4,,0,55,0,0,0,0,1,1,2,13
,2019-28066,39.711241,-104.998918,1/11/2019 11:33,11:33,5,0,1,I25 & SANTA FE DRIVE SOUTH INTCH,9,1,1,2,2,4,,0,55,0,0,0,0,1,1,1,7
,2019-28067,39.711241,-104.998918,2/6/2019 20:10,20:10,12,0,0,I25 & ALAMEDA AVENUE EAST,4,3,0,2,1,4,,0,50,0,0,0,0,0,1,2,7
,2019-28068,39.711241,-104.998918,2/7/2019 4:30,4:30,15,0,0,I25 & ALAMEDA AVENUE WEST,5,3,1,2,1,4,,0,60,0,0,0,0,0,1,2,13
,2019-28069,39.711241,-104.998918,2/19/2019 10:11,10:11,12,0,0,I25 & ALAMEDA AVENUE WEST,1,1,0,0,1,4,,0,65,0,0,0,0,0,1,2,13
,2019-28070,39.711241,-104.998918,3/1/2019 12:00,12:00,12,0,1,I25 & ALAMEDA AVENUE WEST,1,1,0,0,1,4,,0,60,0,0,0,0,1,1,2,13
,2019-28071,39.711241,-104.998918,3/5/2019 6:02,6:02,12,0,0,I25 & ALAMEDA AVENUE WEST,1,2,1,0,1,4,,0,55,0,0,0,0,0,1,2,13
,2019-28072,39.711241,-104.998918,3/11/2019 18:10,18:10,12,0,0,I25 & ALAMEDA AVENUE WEST,1,1,0,0,1,4,,0,65,0,0,0,0,0,1,2,13
,2019-28073,39.711241,-104.998918,3/15/2019 16:48,16:48,15,0,0,I25 NORTHBOUND & ALAMEDA AVENUE WEST,1,1,0,0,1,4,,0,65,0,0,0,0,0,1,2,3
,2019-28074,39.711241,-104.998918,7/3/2019 11:30,11:30,12,0,0,I25 & ALAMEDA AVENUE EAST,1,1,1,0,1,4,,0,55,0,0,0,0,0,1,2,3
,2019-28075,39.711241,-104.998918,3/26/2019 8:02,8:02,12,0,0,I25 NORTHBOUND & ALAMEDA AVENUE WEST,1,1,0,0,1,4,,0,65,0,0,0,0,0,1,2,13
,2019-28076,39.711241,-104.998918,3/27/2019 14:39,14:39,12,0,1,I25 & ALAMEDA AVENUE WEST,1,1,1,0,1,4,,0,55,0,0,0,0,1,1,2,13
,2019-28077,39.711241,-104.998918,4/13/2019 10:10,10:10,12,0,0,I25 & ALAMEDA AVENUE WEST,2,1,0,2,1,4,,0,60,0,0,0,0,0,1,2,13
,2019-28078,39.711241,-104.998918,4/15/2019 17:10,17:10,12,0,0,I25 & ALAMEDA AVENUE WEST,1,1,0,0,1,4,,0,60,0,0,0,0,0,1,2,13
,2019-28079,39.711241,-104.998918,4/20/2019 12:32,12:32,12,0,0,I25 & ALAMEDA AVENUE WEST,1,1,0,0,1,4,,0,65,0,0,0,0,0,1,3,13
,2019-28080,39.711241,-104.998918,4/30/2019 6:35,6:35,12,0,0,I25 & ALAMEDA AVENUE WEST,1,2,0,0,1,4,,0,55,0,0,0,0,0,1,2,13
,2019-28081,39.711241,-104.998918,5/6/2019 21:35,21:35,12,0,0,I25 & ALAMEDA AVENUE WEST,2,3,1,1,1,4,,0,55,0,0,0,0,0,1,3,13
,2019-28082,39.711241,-104.998918,5/10/2019 8:34,8:34,15,0,0,I25 & ALAMEDA AVENUE WEST,1,1,0,0,1,4,,0,55,0,0,0,0,0,1,3,13
,2019-28083,39.711241,-104.998918,9/18/2019 17:15,17:15,12,0,0,I25 & ALAMEDA AVENUE WEST,1,1,1,0,1,4,,0,55,0,0,0,0,0,1,2,13
,2019-28084,39.711241,-104.998918,5/17/2019 8:27,8:27,12,0,0,I25 & ALAMEDA AVENUE WEST,1,1,0,0,1,4,,0,65,0,0,0,0,0,1,3,3
,2019-28085,39.711241,-104.998918,5/17/2019 22:07,22:07,12,0,1,I25 & ALAMEDA AVENUE WEST,1,3,0,0,1,4,,0,55,0,0,0,0,1,1,4,13
,2019-28086,39.711241,-104.998918,5/21/2019 16:11,16:11,12,0,0,I25 & ALAMEDA AVENUE WEST,1,1,1,0,1,4,,0,55,0,0,0,0,0,1,2,12
,2019-28087,39.711241,-104.998918,5/31/2019 14:45,14:45,12,0,0,I25 & SANTA FE DRIVE SOUTH,1,1,0,0,1,4,,0,60,0,0,0,0,0,1,2,1
,2019-28088,39.711241,-104.998918,6/11/2019 16:34,16:34,12,0,0,I25 & ALAMEDA AVENUE WEST,1,1,1,0,1,4,,0,55,0,0,0,0,0,1,2,12
,2019-28089,39.711241,-104.998918,8/1/2019 12:10,12:10,12,0,0,I25 & ALAMEDA AVENUE WEST,1,1,1,0,1,4,,0,55,0,0,0,0,0,1,2,13
,2019-28090,39.711241,-104.998918,8/13/2019 17:10,17:10,15,0,0,I25 & HIGHWAY 26 / ALAMEDA AVENUE WEST,1,1,1,0,1,4,,0,55,0,0,0,0,0,1,2,14
,2019-28091,39.711241,-104.998918,8/14/2019 15:15,15:15,12,0,0,I25 & ALAMEDA AVENUE WEST,1,1,0,0,1,4,,0,65,0,0,0,0,0,1,2,13
,2019-28092,39.711241,-104.998918,8/28/2019 8:42,8:42,12,0,2,I25 & ALAMEDA AVENUE WEST,1,1,0,1,1,4,,0,55,0,0,0,0,1,1,2,13
,2019-28093,39.711241,-104.998918,9/14/2019 19:50,19:50,15,0,0,I25 & HIGHWAY 26 / ALAMEDA AVENUE WEST,1,3,0,0,1,4,,0,65,0,0,0,0,0,1,2,13
,2019-28094,39.711721,-104.999203,1/30/2019 16:40,16:40,15,0,0,I25 & ALAMEDA AVENUE WEST,1,1,0,0,1,4,,0,55,0,0,0,0,0,1,2,13
,2019-28095,39.711721,-104.999203,4/26/2019 15:00,15:00,12,0,2,I25 & MM 208,1,1,1,0,1,4,,0,60,0,0,0,0,1,1,2,13
,2019-28097,39.711721,-104.999203,4/16/2019 12:32,12:32,15,0,0,I25 SOUTHBOUND OFF RAMP & ALAMEDA AVENUE EAST,1,1,1,0,1,7,,0,55,0,0,0,0,0,1,2,13
,2019-28098,39.711855,-104.999283,9/20/2019 9:39,9:39,12,0,0,I25 & HIGHWAY 26 / ALAMEDA AVENUE WEST,1,1,1,0,1,4,,0,55,0,0,0,0,0,1,2,13
,2019-28099,39.711855,-104.999283,11/12/2019 16:11,16:11,15,0,0,I25 & ALAMEDA AVENUE WEST,1,1,1,0,1,4,,0,55,0,0,0,0,0,1,3,13
,2019-28100,39.71293,-104.999922,5/16/2019 11:05,11:05,12,0,0,I25 & ALAMEDA AVENUE WEST,1,1,0,0,1,4,,0,65,0,0,0,0,0,1,2,3
,2019-28101,39.712258,-104.999522,9/20/2019 19:34,19:34,12,0,0,I25 & HIGHWAY 26 / ALAMEDA AVENUE WEST,1,3,0,0,1,4,,0,55,0,0,0,0,0,1,4,1
,2019-28102,39.712393,-104.999602,3/5/2019 8:40,8:40,15,0,0,I25 & ALAMEDA AVENUE WEST,1,1,0,0,1,4,,0,55,0,0,0,0,0,1,2,13
,2019-28104,39.712393,-104.999602,5/10/2019 13:00,13:00,15,0,0,I25 & ALAMEDA AVENUE WEST,1,1,1,0,1,4,,0,55,0,0,0,0,0,1,2,3
,2019-28105,39.712796,-104.999842,4/16/2019 20:39,20:39,15,0,0,I25 & ALAMEDA AVENUE WEST,1,3,1,0,1,4,,0,55,0,0,0,1,0,1,3,13
,2019-28106,39.73842,-104.9776695,9/24/2019 17:50,17:50,15,0,0,14TH AVENUE EAST & CLARKSON STREET NORTH,1,1,0,0,1,1,,0,35,0,0,0,0,0,4,2,14
,2019-28107,39.712796,-104.999842,8/27/2019 21:18,21:18,15,0,1,I25 & ALAMEDA AVENUE WEST,1,4,0,0,1,4,,0,60,0,0,0,0,2,1,3,1
,2019-28108,39.712796,-104.999842,10/12/2019 15:25,15:25,12,0,0,I25 & HIGHWAY 26 / ALAMEDA AVENUE WEST,1,1,0,0,1,4,,0,55,0,0,0,0,0,1,3,13
,2019-28109,39.712796,-104.999842,10/22/2019 15:00,15:00,15,0,0,I25 & ALAMEDA AVENUE WEST,1,1,0,0,1,4,,0,65,0,0,0,0,0,1,2,13
,2019-28110,39.712796,-104.999842,10/28/2019 16:42,16:42,15,0,1,I25 & ALAMEDA AVENUE WEST,2,1,0,0,1,4,,0,55,0,0,0,0,1,1,2,13
,2019-28111,39.712796,-104.999842,11/8/2019 9:45,9:45,15,0,0,I25 & ALAMEDA AVENUE WEST,1,1,0,0,1,4,,0,60,0,0,0,0,0,1,2,13
,2019-28112,39.712796,-104.999842,11/22/2019 14:47,14:47,12,0,0,I25 & ALAMEDA AVENUE WEST,1,1,0,0,1,4,,0,65,0,0,0,0,0,1,2,13
,2019-28113,39.71293,-104.999922,3/3/2019 19:06,19:06,15,0,1,I25 & ALAMEDA AVENUE WEST,12,4,1,2,1,4,,0,65,0,0,0,0,1,1,4,13
,2019-28114,39.71293,-104.999922,8/24/2019 9:20,9:20,12,0,1,I25 & ALAMEDA AVENUE WEST,1,1,0,0,1,4,,0,55,0,0,0,0,1,1,3,13
,2019-28115,39.72543,-105.013021,3/4/2019 15:08,15:08,12,0,0,I25 & SIXTH AVENUE WEST,1,1,1,0,1,4,,0,55,0,0,0,0,0,1,2,13
,2019-28116,39.71293,-104.999922,9/25/2019 13:55,13:55,12,0,3,I25 & HIGHWAY 26 / ALAMEDA AVENUE WEST,1,1,1,0,1,4,,0,55,0,0,0,0,2,1,4,14
,2019-28118,39.713065,-105.000002,12/6/2019 8:04,8:04,12,0,0,CEDAR AVENUE 1000 BLOCK WEST & KALAMATH STREET SOUTH,5,1,0,0,1,3,,0,25,0,0,0,0,0,1,3,13
,2019-28119,39.71325,-104.999414,12/10/2019 18:10,18:10,10,0,0,KALAMATH STREET SOUTH & CEDAR AVENUE WEST,1,3,0,0,1,1,,0,,0,0,0,0,0,1,2,13
,2019-28120,39.713198,-105.000084,3/27/2019 12:40,12:40,15,0,0,I25 NORTHBOUND ON RAMP & CEDAR AVENUE WEST,1,1,0,0,1,7,,0,65,0,0,0,0,0,1,2,1
,2019-28121,39.713332,-105.000166,11/18/2019 21:39,21:39,12,0,0,I25 NORTHBOUND & KALAMATH STREET NORTHBOUND ENTRANCE GORE POINT,1,3,1,0,1,4,,0,55,0,0,0,0,0,1,2,5
,2019-28123,39.713866,-105.000498,6/2/2019 1:33,1:33,12,0,0,I25 & SANTA FE DRIVE SOUTH,1,3,0,0,1,4,,0,65,0,0,0,0,0,1,2,13
,2019-28124,39.71413,-105.00067,6/24/2019 6:10,6:10,15,0,0,I25 & ALAMEDA AVENUE WEST,1,1,0,0,1,4,,0,55,0,0,0,0,0,1,2,13
,2019-28125,39.71413,-105.00067,7/25/2019 21:35,21:35,9,0,2,I25 & ALAMEDA AVENUE WEST,1,3,0,0,1,4,,0,55,0,0,0,0,2,1,2,7
,2019-28126,39.71413,-105.00067,11/25/2019 17:07,17:07,12,0,0,I25 & ALAMEDA AVENUE WEST,2,3,0,2,1,4,,0,55,0,0,0,0,0,1,3,2
,2019-28127,39.713769,-105.000875,1/2/2019 22:17,22:17,15,0,0,I25 SOUTHBOUND & ALAMEDA AVENUE SOUTHBOUND EXIT CRASH CUSHION,1,3,0,0,1,4,,0,55,0,0,0,0,0,1,2,13
,2019-28128,39.714262,-105.000757,2/4/2019 16:00,16:00,15,0,0,I25 & ALAMEDA AVENUE WEST,1,1,0,0,1,4,,0,55,0,0,0,0,0,1,2,13
,2019-28129,39.714262,-105.000757,5/28/2019 3:54,3:54,12,0,2,I25 NORTHBOUND ENTRANCE GORE POINT & ALAMEDA AVENUE WEST,6,3,1,2,1,4,,0,60,0,0,0,0,1,1,2,5
,2019-28130,39.714262,-105.000757,1/17/2019 12:34,12:34,12,0,0,I25 NORTHBOUND ON RAMP & CEDAR AVENUE WEST,1,1,0,0,1,7,,0,55,0,0,0,0,0,1,2,13
,2019-28131,39.714394,-105.000843,2/25/2019 13:00,13:00,15,0,0,I25 SOUTHBOUND OFF RAMP GORE POINT & ALAMEDA AVENUE EAST,1,1,0,0,1,4,,0,,0,0,0,0,0,1,2,13
,2019-28132,39.714922,-105.001188,2/1/2019 14:50,14:50,12,0,0,I25 & ALAMEDA AVENUE WEST,1,1,1,0,1,4,,0,65,0,0,0,0,0,1,2,13
,2019-28133,39.714394,-105.000843,3/23/2019 6:13,6:13,15,0,2,I25 SOUTHBOUND & I25 OFF RAMP TO ALAMEDA AVENUE WEST GORE POINT,2,3,0,0,1,4,,0,65,0,0,0,0,1,1,2,1
,2019-28134,39.714394,-105.000843,4/17/2019 13:50,13:50,12,0,0,I25 & I25 NORTHBOUND ENTRANCE GORE POINT FROM CEDAR AVENUE WEST,1,1,0,0,1,4,,0,55,0,0,0,0,0,1,3,14
,2019-28135,39.711206,-104.999133,12/20/2019 10:55,10:55,15,0,0,I25 & ALAMEDA AVENUE EXIT GORE POINT,1,1,0,0,1,4,,0,,0,0,0,0,0,1,2,13
,2019-28136,39.714394,-105.000843,8/5/2019 18:51,18:51,15,0,0,CEDAR AVENUE WEST & I25 NORTHBOUND ON RAMP ENTRANCE GORE POINT,1,1,0,0,1,7,,0,25,0,0,0,0,0,1,2,7
,2019-28137,39.714394,-105.000843,5/21/2019 21:41,21:41,5,0,0,I25 SOUTHBOUND OFF RAMP EXIT GORE POINT & ALAMEDA AVENUE WEST,1,3,0,0,2,7,,0,55,0,0,0,0,0,1,1,5
,2019-28138,39.714394,-105.000843,8/16/2019 13:12,13:12,15,0,0,I25 SOUTHBOUND OFF RAMP EXIT GORE POINT & ALAMEDA AVENUE WEST,1,1,0,0,1,7,,0,55,0,0,0,0,0,1,2,1
,2019-28139,39.714526,-105.000929,2/9/2019 11:50,11:50,12,0,0,I25 & KALAMATH STREET NORTHBOUND ON RAMP,1,1,0,0,1,4,,0,65,0,0,0,0,0,1,6,13
,2019-2814,39.759291,-104.993892,9/28/2019 15:43,15:43,12,0,0,PARK AVENUE WEST & WEWATTA STREET,1,1,0,0,1,1,,0,5,0,0,0,0,0,4,2,13
,2019-28140,39.714526,-105.000929,6/22/2019 11:00,11:00,12,0,1,I25 & SIXTH AVENUE WEST,1,1,0,0,1,4,,0,15,0,0,0,0,1,1,2,7
,2019-28141,39.714526,-105.000929,9/14/2019 4:15,4:15,15,0,0,I25 SOUTHBOUND EXIT GORE POINT & HIGHWAY 26 / ALAMEDA AVENUE WEST,1,3,0,0,1,4,,0,55,0,0,0,0,0,1,2,14
,2019-28142,39.711206,-104.999133,12/13/2019 15:59,15:59,5,0,0,I25 & ALAMEDA AVENUE SOUTHBOUND EXIT GORE POINT,1,2,0,0,3,4,,0,65,0,0,0,0,0,1,1,7
,2019-28143,39.714922,-105.001188,1/5/2019 13:29,13:29,12,0,0,I25 & ALAMEDA AVENUE WEST,1,1,0,0,1,4,,0,55,0,0,0,0,0,1,4,13
,2019-28144,39.714922,-105.001188,1/9/2019 6:29,6:29,12,0,0,I25 & ALAMEDA AVENUE WEST,1,1,0,0,1,4,,0,60,0,0,0,0,0,1,3,13
,2019-28145,39.714922,-105.001188,1/9/2019 7:20,7:20,12,0,0,I25 & ALAMEDA AVENUE WEST,1,1,0,0,1,4,,0,60,0,0,0,0,0,1,2,13
,2019-28146,39.714922,-105.001188,4/12/2019 16:01,16:01,12,0,0,I25 & ALAMEDA AVENUE WEST,1,1,1,0,1,4,,0,55,0,0,0,0,0,1,2,3
,2019-28147,39.714922,-105.001188,4/18/2019 14:10,14:10,15,0,0,I25 & BAYAUD AVENUE WEST,1,1,1,0,1,4,,0,55,0,0,0,0,0,1,2,13
,2019-28148,39.714922,-105.001188,8/3/2019 14:36,14:36,12,0,5,I25 & ALAMEDA AVENUE WEST,1,1,0,0,1,4,,0,55,0,0,0,0,1,1,3,1
,2019-28149,39.717813,-105.004403,9/10/2019 16:18,16:18,15,0,0,I25 & MM 208.50,1,1,0,0,1,4,,0,65,0,0,0,0,0,1,2,3
,2019-28150,39.718618,-105.005529,6/2/2019 0:26,0:26,15,0,0,I25 & SIXTH AVENUE WEST,1,3,0,0,1,4,,0,65,0,0,0,0,0,1,3,13
,2019-28151,39.716524,-105.002552,10/11/2019 19:40,19:40,12,0,1,I25 & ALAMEDA AVENUE WEST,1,3,1,0,1,4,,0,55,0,0,0,0,1,1,5,3
,2019-28152,39.717032,-105.003249,4/26/2019 20:48,20:48,12,0,1,I25 & BAYAUD STREET WEST,1,3,0,0,1,4,,0,55,0,0,0,0,2,1,3,13
,2019-28153,39.717423,-105.003826,7/6/2019 15:30,15:30,12,0,0,I25 & ALAMEDA AVENUE WEST,1,1,0,0,1,4,,0,55,0,0,0,0,0,1,2,1
,2019-28154,39.717716,-105.004259,2/14/2019 14:03,14:03,12,0,0,I25 & ALAMEDA AVENUE WEST,1,1,0,0,1,4,,0,65,0,0,0,0,0,1,2,13
,2019-28155,39.717716,-105.004259,2/28/2019 12:55,12:55,12,0,0,I25 & ALAMEDA AVENUE WEST,1,1,0,0,1,4,,0,55,0,0,0,0,0,1,2,1
,2019-28157,39.717716,-105.004259,4/16/2019 17:50,17:50,12,0,1,I25 & ALAMEDA AVENUE WEST,1,1,0,0,1,4,,0,55,0,0,0,0,1,1,2,12
,2019-28158,39.717716,-105.004259,4/26/2019 20:48,20:48,12,0,0,I25 & ALAMEDA AVENUE WEST,1,3,0,0,1,4,,0,65,0,0,0,0,0,1,2,13
,2019-28159,39.717716,-105.004259,7/15/2019 13:11,13:11,15,0,0,I25 & ALAMEDA AVENUE WEST,1,1,0,0,1,4,,0,65,0,0,0,0,0,1,2,13
,2019-2816,39.698298,-104.902791,4/24/2019 21:58,21:58,15,0,1,PARKER ROAD SOUTH  7200 BLOCK & QUEBEC STREET SOUTH,1,3,0,0,1,4,,0,35,0,0,0,0,1,2,2,13
,2019-28161,39.717716,-105.004259,9/26/2019 10:25,10:25,12,0,0,I25 & HIGHWAY 26 / ALAMEDA AVENUE WEST,1,1,0,0,1,4,,0,55,0,0,0,0,0,1,2,13
,2019-28162,39.717716,-105.004259,11/7/2019 18:49,18:49,12,0,0,I25 & ALAMEDA AVENUE WEST,1,3,0,0,1,4,,0,55,0,0,0,0,0,1,2,13
,2019-28163,39.717813,-105.004403,1/31/2019 6:37,6:37,12,0,1,I25 & ALAMEDA AVENUE WEST,1,2,0,0,1,4,,0,55,0,0,0,0,1,1,3,1
,2019-28164,39.717813,-105.004403,5/28/2019 6:37,6:37,12,0,0,I25 & MM 208.5,2,1,0,0,1,4,,0,55,0,0,0,0,0,1,2,13
,2019-28165,39.718834,-105.00579,9/29/2019 12:06,12:06,12,0,0,I25 & MM 208.6,1,1,1,0,1,4,,0,55,0,0,0,0,0,1,2,13
,2019-28166,39.718946,-105.005916,2/21/2019 21:29,21:29,15,0,0,I25 & SIXTH AVENUE WEST,1,3,0,0,1,4,,0,55,0,0,0,0,0,1,2,14
,2019-28167,39.71951,-105.006538,4/27/2019 14:45,14:45,12,0,0,I25 & SANTA FE DRIVE SOUTH,1,1,0,0,1,4,,0,55,0,0,0,0,0,1,3,13
,2019-28168,39.720081,-105.007149,1/14/2019 9:14,9:14,15,0,1,I25 & SIXTH AVENUE WEST INTCH,1,1,0,0,1,4,,0,65,0,0,0,0,1,1,2,3
,2019-28169,39.720081,-105.007149,1/24/2019 16:39,16:39,15,0,0,I25 & SIXTH AVENUE WEST,2,1,0,0,1,4,,0,55,0,0,0,0,0,1,2,7
,2019-28170,39.720081,-105.007149,2/7/2019 2:14,2:14,5,0,0,I25 & SIXTH AVENUE WEST,5,3,0,2,3,4,,0,55,0,0,0,0,0,1,1,13
,2019-28171,39.720081,-105.007149,4/7/2019 10:37,10:37,12,0,0,I25 & SIXTH AVENUE WEST,1,1,0,0,1,4,,0,55,0,0,0,0,0,1,2,12
,2019-28172,39.720081,-105.007149,5/18/2019 12:00,12:00,15,0,0,I25 & SIXTH AVENUE WEST,1,1,0,0,1,4,,0,55,0,0,0,0,0,1,2,14
,2019-28173,39.720081,-105.007149,5/25/2019 16:34,16:34,12,0,0,I25 & SIXTH AVENUE WEST,1,1,1,0,1,4,,0,50,0,0,0,0,0,1,3,3
,2019-28174,39.720081,-105.007149,8/10/2019 15:08,15:08,12,0,1,I25 & SIXTH AVENUE WEST,1,1,0,0,1,4,,0,55,0,0,0,0,1,1,2,13
,2019-28175,39.720081,-105.007149,8/21/2019 0:00,0:00,15,0,0,I25 & SIXTH AVENUE WEST,1,3,1,0,1,4,,0,55,0,0,0,0,0,1,2,14