id,drcog_id,latitude,longitude,crashtime,time,crashtype,numbkilled,numbinjurd,drcoglocat,rdconditin,lightngcon,roadcntgrd,weatherco,location,roaddescrp,schoolzone,constrzone,splimit,bikeinv,sctrinv,pedinv,motoinv,svrty,rdsystem,ttlvehcls,hcf
,2019-28176,39.720081,-105.007149,9/24/2019 19:25,19:25,12,0,2,I25 & SIXTH AVENUE WEST,1,2,0,0,1,4,,0,,0,0,0,0,2,1,6,1
,2019-28177,39.720081,-105.007149,12/29/2019 13:30,13:30,12,0,0,I25 & SIXTH AVENUE WEST,1,1,0,0,1,4,,0,55,0,0,0,0,0,1,2,1
,2019-28178,39.720423,-105.007516,12/26/2019 17:03,17:03,12,0,0,I25 & SIXTH AVENUE WEST,1,3,0,0,1,4,,0,55,0,0,0,0,0,1,3,13
,2019-28179,39.720969,-105.0081,4/26/2019 20:48,20:48,12,0,0,I25 & ALAMEDA AVENUE WEST,1,3,0,0,1,4,,0,65,0,0,0,0,0,1,3,1
,2019-28180,39.720925,-105.008061,8/23/2019 15:55,15:55,12,0,1,I25 & THIRD AVENUE WEST,1,1,0,0,1,4,,0,55,0,0,0,0,1,1,2,13
,2019-28181,39.72096,-105.008081,10/26/2019 13:50,13:50,12,0,0,I25 & THIRD AVENUE NORTH,1,1,0,0,1,4,,0,55,0,0,0,0,0,1,2,7
,2019-28182,39.721376,-105.008546,7/30/2019 8:07,8:07,12,0,2,I25 & SIXTH AVENUE WEST,1,1,0,0,1,4,,0,65,0,0,0,0,1,1,2,1
,2019-28183,39.721579,-105.00877,1/28/2019 17:00,17:00,15,0,0,I25 & SIXTH AVENUE SOUTHBOUND ENTRANCE GORE POINT,2,1,0,0,1,4,,0,60,0,0,0,0,0,1,2,1
,2019-28184,39.721579,-105.00877,9/9/2019 14:50,14:50,12,0,0,I25 SOUTHBOUND ENTRANCE GORE POINT & SIXTH AVENUE WEST,1,1,0,0,1,4,,0,55,0,0,0,0,0,1,2,3
,2019-28185,39.72168,-105.008882,5/12/2019 22:17,22:17,15,0,0,I25 SOUTHBOUND OFF RAMP EXIT GORE POINT & SIXTH AVENUE WEST,1,3,0,0,1,7,,0,55,0,0,0,0,0,1,2,1
,2019-28186,39.721773,-105.008991,8/20/2019 11:46,11:46,12,0,1,I25 SOUTHBOUND ENTRANCE GORE POINT & SIXTH AVENUE WEST,1,1,1,0,1,4,,0,55,0,0,0,0,2,1,2,1
,2019-28187,39.721773,-105.008991,2/8/2019 12:35,12:35,12,0,0,I25 SOUTHBOUND ON RAMP & SIXTH AVENUE WEST,1,1,1,0,1,7,,0,65,0,0,0,0,0,1,2,7
,2019-28188,39.721864,-105.009103,11/25/2019 7:27,7:27,12,0,0,I25 & SIXTH AVENUE WEST,1,1,0,0,1,4,,0,55,0,0,0,0,0,1,3,1
,2019-28189,39.722136,-105.009439,3/8/2019 8:15,8:15,12,0,0,I25 & FOURTH AVENUE,1,1,0,0,1,4,,0,55,0,0,0,0,0,1,3,13
,2019-2819,39.759291,-104.993892,12/3/2019 6:29,6:29,15,0,0,PARK AVENUE WEST & WEWATTA STREET,2,3,1,0,1,3,,0,30,0,0,0,0,0,4,2,3
,2019-28190,39.722136,-105.009439,10/1/2019 6:59,6:59,12,0,0,I25 & SIXTH AVENUE WEST,2,1,0,1,1,4,,0,55,0,0,0,0,0,1,2,3
,2019-28191,39.722309,-105.009674,10/14/2019 9:45,9:45,15,0,0,I25 & SIXTH AVENUE WEST,1,1,0,0,1,4,,0,65,0,0,0,0,0,1,2,13
,2019-28192,39.722564,-105.010033,2/3/2019 16:00,16:00,12,0,0,I25 & SIXTH AVENUE WEST,1,1,1,0,1,4,,0,55,0,0,0,0,0,1,2,8
,2019-28193,39.722564,-105.010033,2/14/2019 13:13,13:13,12,0,0,I25 & SIXTH AVENUE WEST,1,1,1,0,1,4,,0,55,0,0,0,0,0,1,2,13
,2019-28194,39.722564,-105.010033,2/15/2019 12:45,12:45,12,0,1,I25 & SIXTH AVENUE WEST,1,1,0,0,1,4,,0,55,0,0,0,0,1,1,2,13
,2019-28195,39.722564,-105.010033,2/23/2019 11:43,11:43,12,0,0,I25 & SIXTH AVENUE WEST,1,1,0,0,1,4,,0,55,0,0,0,0,0,1,4,13
,2019-28196,39.722564,-105.010033,2/23/2019 15:31,15:31,12,0,0,I25 & SIXTH AVENUE WEST,1,1,0,0,1,4,,0,55,0,0,0,0,0,1,2,13
,2019-28197,39.722564,-105.010033,3/15/2019 10:11,10:11,12,0,1,I25 NORTHBOUND & SIXTH AVENUE WEST,1,1,0,0,1,4,,0,55,0,0,0,0,1,1,3,12
,2019-28198,39.722564,-105.010033,3/27/2019 9:50,9:50,12,0,0,I25 & SIXTH AVENUE WEST,1,1,0,0,1,4,,0,55,0,0,0,0,0,1,2,1
,2019-28199,39.722564,-105.010033,5/16/2019 7:56,7:56,15,0,0,I25 & SIXTH AVENUE WEST,1,1,0,0,1,4,,0,55,0,0,0,0,0,1,2,13
,2019-2820,39.706576,-104.919844,9/16/2019 15:20,15:20,15,0,0,HIGHWAY 83 / LEETSDALE DRIVE & JERSEY STREET SOUTH,1,1,0,0,1,1,,0,35,0,0,0,0,0,2,2,3
,2019-28200,39.722564,-105.010033,7/19/2019 9:53,9:53,12,0,0,I25 & SIXTH AVENUE WEST,1,1,0,0,1,4,,0,55,0,0,0,0,0,1,4,3
,2019-28201,39.722564,-105.010033,7/30/2019 14:54,14:54,12,0,0,I25 & SIXTH AVENUE WEST,1,1,1,0,1,4,,0,55,0,0,0,0,0,1,2,13
,2019-28202,39.722564,-105.010033,8/2/2019 17:22,17:22,12,0,0,I25 & SIXTH AVENUE WEST,1,1,1,0,1,4,,0,55,0,0,0,0,0,1,2,3
,2019-28203,39.722564,-105.010033,8/5/2019 16:54,16:54,12,0,0,I25 & SIXTH AVENUE WEST,1,1,1,0,1,4,,0,55,0,0,0,0,0,1,3,3
,2019-28204,39.722564,-105.010033,8/6/2019 15:04,15:04,15,0,0,I25 & SIXTH AVENUE WEST,1,1,1,0,1,4,,0,65,0,0,0,0,0,1,5,13
,2019-28205,39.722564,-105.010033,8/18/2019 11:15,11:15,12,0,1,I25 & SIXTH AVENUE WEST,1,1,1,0,1,4,,0,55,0,0,0,0,2,1,2,13
,2019-28206,39.722564,-105.010033,8/19/2019 9:06,9:06,12,0,4,I25 & SIXTH AVENUE WEST,1,1,0,0,1,4,,0,55,0,0,0,0,1,1,2,13
,2019-28207,39.722564,-105.010033,10/5/2019 17:20,17:20,12,0,0,I25 & SIXTH AVENUE WEST,1,1,0,0,1,4,,0,65,0,0,0,0,0,1,3,13
,2019-28208,39.722564,-105.010033,10/31/2019 12:40,12:40,12,0,0,I25 & SIXTH AVENUE WEST,9,1,0,0,1,4,,0,55,0,0,0,0,0,1,2,13
,2019-28209,39.722564,-105.010033,10/31/2019 7:35,7:35,12,0,0,I25 NORTHBOUND OFF RAMP & SIXTH AVENUE WEST,1,1,0,0,1,7,,0,45,0,0,0,0,0,1,2,13
,2019-28210,39.722564,-105.010033,11/4/2019 13:30,13:30,12,0,1,I25 NORTHBOUND OFF RAMP & SIXTH AVENUE WEST,1,1,1,0,1,7,,0,55,0,0,0,0,1,1,2,13
,2019-28211,39.722818,-105.010391,4/20/2019 20:59,20:59,12,0,0,I25 & ALAMEDA AVENUE WEST,1,2,0,0,1,4,,0,65,0,0,0,0,0,1,2,13
,2019-28212,39.722818,-105.010391,5/15/2019 17:41,17:41,12,0,0,I25 & ALAMEDA AVENUE WEST,1,1,0,0,1,4,,0,55,0,0,0,0,0,1,2,13
,2019-28213,39.722903,-105.010511,7/21/2019 12:13,12:13,12,0,0,I25 NORTHBOUND EXIT GORE POINT & SIXTH AVENUE WEST,1,1,0,0,1,4,,0,55,0,0,0,0,0,1,3,7
,2019-28214,39.722924,-105.010541,7/4/2019 20:54,20:54,12,0,1,I25 & SIXTH AVENUE WEST,2,3,0,1,1,4,,0,55,0,0,0,0,1,1,3,13
,2019-28215,39.722924,-105.010541,11/8/2019 19:30,19:30,12,0,0,I25 & SIXTH AVENUE WEST,1,3,0,0,1,4,,0,55,0,0,0,0,0,1,2,13
,2019-28216,39.723679,-105.011476,2/1/2019 12:30,12:30,12,0,0,I25 & SIXTH AVENUE WEST,1,1,0,0,1,4,,0,65,0,0,0,0,0,1,2,3
,2019-28217,39.722946,-105.010571,2/15/2019 13:10,13:10,15,0,0,I25 & SIXTH AVENUE WEST,1,1,0,0,1,4,,0,55,0,0,0,0,0,1,2,13
,2019-28218,39.722946,-105.010571,7/22/2019 11:35,11:35,12,0,0,I25 & SIXTH AVENUE WEST,1,1,0,0,1,4,,0,55,0,0,0,0,0,1,2,12
,2019-28219,39.722946,-105.010571,10/21/2019 6:14,6:14,15,0,0,I25 & SIXTH AVENUE WEST,1,3,0,0,1,4,,0,55,0,0,0,0,0,1,2,13
,2019-28220,39.722946,-105.010571,10/21/2019 15:33,15:33,15,0,0,I25 & SIXTH AVENUE WEST,1,1,0,0,1,4,,0,55,0,0,0,0,0,1,2,13
,2019-28221,39.722946,-105.010571,12/23/2019 11:33,11:33,12,0,1,I25 & SIXTH AVENUE WEST,1,1,1,0,1,4,,0,55,0,0,0,0,1,1,2,13
,2019-28222,39.722989,-105.010632,7/15/2019 10:17,10:17,12,0,1,I25 NORTHBOUND EXIT GORE POINT & SIXTH AVENUE WEST,1,1,0,0,1,4,,0,55,0,0,0,0,1,1,3,13
,2019-28223,39.722989,-105.010632,9/29/2019 12:15,12:15,12,0,0,I25 NORTHBOUND EXIT GORE POINT & SIXTH AVENUE WEST,1,1,0,0,1,4,,0,65,0,0,0,0,0,1,2,13
,2019-28224,39.722989,-105.010632,10/1/2019 19:25,19:25,12,0,1,I25 NORTHBOUND EXIT GORE POINT & SIXTH AVENUE WEST,2,3,0,1,1,4,,0,55,0,0,0,0,1,1,3,13
,2019-28225,39.722989,-105.010632,12/2/2019 6:00,6:00,12,0,0,I25 & SIXTH AVENUE WEST,9,1,1,0,1,4,,0,,0,0,0,0,0,1,2,13
,2019-28226,39.722989,-105.010632,12/26/2019 13:02,13:02,12,0,0,I25 & SIXTH AVENUE EXIT GORE POINT,1,1,1,0,1,4,,0,55,0,0,0,0,0,1,2,13
,2019-28227,39.72301,-105.010662,1/2/2019 8:07,8:07,12,0,0,I25 NORTHBOUND EXIT LANE & SIXTH AVENUE WEST,2,1,0,0,1,4,,0,55,0,0,0,0,0,1,2,13
,2019-28228,39.72301,-105.010662,1/3/2019 13:34,13:34,12,0,0,I25 NORTHBOUND EXIT LANE & SIXTH AVENUE WEST,1,1,1,0,1,4,,0,65,0,0,0,0,0,1,2,13
,2019-28229,39.72301,-105.010662,2/2/2019 21:13,21:13,12,0,0,I25 & I25 NORTHBOUND OFF RAMP TO SIXTH AVENUE EAST,2,3,0,0,1,4,,0,55,0,0,0,0,0,1,2,7
,2019-2823,39.69594093,-105.0390474,1/8/2019 22:23,22:23,6,0,0,PATTON COURT & 629  660 BLOCK SOUTH,1,3,0,0,3,4,,0,25,0,0,0,0,0,4,4,12
,2019-28230,39.72301,-105.010662,2/8/2019 19:10,19:10,12,0,1,I25 & I25 NORTHBOUND OFF RAMP ENTRANCE GORE POINT TO SIXTH AVENUE,1,3,0,0,1,4,,0,55,0,0,0,0,2,1,2,5
,2019-28231,39.72301,-105.010662,3/6/2019 18:30,18:30,15,0,0,I25 & I25 NORTHBOUND EXIT GORE POINT TO ALAMEDA AVENUE WEST,1,1,0,0,1,4,,0,65,0,0,0,0,0,1,2,13
,2019-28232,39.72301,-105.010662,5/17/2019 12:10,12:10,12,0,0,I25 NORTHBOUND EXIT GORE POINT & SIXTH AVENUE WEST,1,1,0,0,1,4,,0,55,0,0,0,0,0,1,3,2
,2019-28233,39.72301,-105.010662,5/21/2019 10:37,10:37,12,0,0,I25 NORTHBOUND EXIT GORE POINT & SIXTH AVENUE WEST,2,1,1,0,1,4,,0,55,0,0,0,0,0,1,2,13
,2019-28234,39.72301,-105.010662,9/3/2019 12:42,12:42,12,0,5,I25 NORTHBOUND EXIT GORE POINT & SIXTH AVENUE WEST,1,1,1,0,1,4,,0,55,0,0,0,0,1,1,5,1
,2019-28235,39.72301,-105.010662,10/7/2019 9:38,9:38,12,0,0,I25 NORTHBOUND EXIT GORE POINT & SIXTH AVENUE WEST,1,1,0,0,1,4,,0,55,0,0,0,0,0,1,2,13
,2019-28236,39.72301,-105.010662,10/9/2019 8:09,8:09,12,0,0,I25 NORTHBOUND EXIT GORE POINT & SIXTH AVENUE WEST,1,1,0,0,1,4,,0,55,0,0,0,0,0,1,2,1
,2019-28237,39.72301,-105.010662,10/9/2019 13:59,13:59,12,0,1,I25 NORTHBOUND EXIT GORE POINT & SIXTH AVENUE WEST,1,1,1,0,1,4,,0,55,0,0,0,0,1,1,2,13
,2019-28238,39.72301,-105.010662,12/13/2019 9:32,9:32,12,0,0,I25 NORTHBOUND EXIT GORE POINT TO & SIXTH AVENUE WEST,1,1,0,0,1,4,,0,55,0,0,0,0,0,1,3,1
,2019-28239,39.72301,-105.010662,12/19/2019 13:04,13:04,12,0,1,I25 NORTHBOUND EXIT GORE POINT TO & SIXTH AVENUE WEST,1,1,1,0,1,4,,0,65,0,0,0,0,1,1,3,13
,2019-2824,39.691287,-105.0390585,9/3/2019 19:03,19:03,3,0,0,PATTON COURT SOUTH & ARKANSAS AVENUE WEST,1,2,0,0,1,1,,0,25,0,0,0,0,0,4,2,1
,2019-28240,39.72301,-105.010662,12/26/2019 11:00,11:00,12,0,0,I25 NORTHBOUND EXIT GORE POINT TO & SIXTH AVENUE WEST,1,1,0,0,1,4,,0,65,0,0,0,0,0,1,3,8
,2019-28241,39.72301,-105.010662,11/7/2019 16:00,16:00,15,0,0,I25 SOUTHBOUND ON RAMP FROM & HIGHWAY 6 EB/WB MERGE GORE POINT,1,2,1,0,1,7,,0,55,0,0,0,0,0,1,2,7
,2019-28242,39.723032,-105.010692,2/2/2019 15:42,15:42,12,0,0,I25 NORTHBOUND OFF RAMP ENTRANCE GORE POINT & SIXTH AVENUE WEST,1,1,0,0,1,4,,0,25,0,0,0,0,0,1,2,1
,2019-28243,39.723032,-105.010692,2/13/2019 13:55,13:55,12,0,0,I25 & SIXTH AVENUE WEST,1,1,0,0,1,4,,0,60,0,0,0,0,0,1,3,3
,2019-28244,39.723032,-105.010692,3/27/2019 14:05,14:05,12,0,1,I25 & SIXTH AVENUE WEST,1,1,1,0,1,4,,0,55,0,0,0,0,1,1,2,13
,2019-28245,39.723032,-105.010692,4/11/2019 15:25,15:25,12,0,0,I25 NORTHBOUND OFF RAMP EXIT GORE POINT & SIXTH AVENUE WEST,1,1,1,0,1,4,,0,65,0,0,0,0,0,1,2,7
,2019-28246,39.723032,-105.010692,12/23/2019 8:05,8:05,12,0,0,I25 & SIXTH AVENUE WEST,1,1,0,0,1,4,,0,55,0,0,0,0,0,1,2,13
,2019-28247,39.723032,-105.010692,4/9/2019 12:42,12:42,15,0,1,I25 NORTHBOUND OFF RAMP EXIT GORE POINT & SIXTH AVENUE WEST,1,1,1,0,1,7,,0,55,0,0,0,0,1,1,3,13
,2019-28248,39.723032,-105.010692,5/3/2019 23:08,23:08,5,0,0,I25 & I25 NORTHBOUND OFF RAMP GORE POINT TO SIXTH AVENUE EAST,1,3,1,0,2,7,,0,55,0,0,0,0,0,1,1,13
,2019-28249,39.723032,-105.010692,11/9/2019 13:41,13:41,12,0,0,I25 NORTHBOUND OFF RAMP EXIT GORE POINT TO & SIXTH AVENUE WEST,1,1,0,0,1,7,,0,55,0,0,0,0,0,1,2,13
,2019-28250,39.723032,-105.010692,12/23/2019 12:15,12:15,12,0,0,I25 & SIXTH AVENUE NORTHBOUND EXIT GORE POINT,1,1,0,0,1,7,,0,55,0,0,0,0,0,1,2,12
,2019-28251,39.723032,-105.010692,1/9/2019 19:15,19:15,15,0,0,SIXTH AVENUE EASTBOUND RAMP MERGE & I25 SOUTHBOUND ENTRANCE GORE,1,2,0,0,1,7,,0,45,0,0,0,0,0,1,2,13
,2019-28252,39.723032,-105.010692,1/24/2019 9:57,9:57,15,0,0,I25 SOUTHBOUND ON RAMP AT MERGE & SIXTH AVENUE WB OFF LOOP RAMP,12,1,1,2,1,7,,0,45,0,0,0,0,0,1,2,7
,2019-28253,39.723082,-105.010758,12/30/2019 10:27,10:27,12,0,1,I25 & SIXTH AVENUE WEST,1,1,0,0,1,4,,0,55,0,0,0,0,1,1,2,8
,2019-28255,39.723082,-105.010758,12/31/2019 11:45,11:45,12,0,0,I25 & SIXTH AVENUE WEST,1,1,0,0,1,4,,0,55,0,0,0,0,0,1,2,13
,2019-28256,39.729014,-105.014706,11/7/2019 2:45,2:45,15,0,0,I25 & SIXTH AVENUE SOUTHBOUND EXIT GORE POINT,1,3,0,0,1,4,,0,65,0,0,0,0,0,1,2,13
,2019-28257,39.723082,-105.010758,2/9/2019 13:58,13:58,12,0,0,I25 NORTHBOUND OFF RAMP & SIXTH AVENUE WEST,1,1,0,0,1,7,,0,55,0,0,0,0,0,1,2,3
,2019-28258,39.723082,-105.010758,3/21/2019 12:28,12:28,12,0,0,I25 NORTHBOUND OFF RAMP & SIXTH AVENUE WEST,1,1,0,0,1,7,,0,45,0,0,0,0,0,1,2,3
,2019-28259,39.723082,-105.010758,8/30/2019 11:26,11:26,12,0,0,I25 NORTHBOUND OFF RAMP EXIT GORE POINT & SIXTH AVENUE WEST,1,1,0,0,1,7,,0,55,0,0,0,0,0,1,3,3
,2019-28260,39.723082,-105.010758,9/26/2019 10:20,10:20,12,0,0,I25 NORTHBOUND OFF RAMP EXIT GORE POINT & SIXTH AVENUE WEST,1,1,0,0,1,7,,0,45,0,0,0,0,0,1,2,13
,2019-28261,39.723082,-105.010758,4/30/2019 21:18,21:18,15,0,0,I25 SOUTHBOUND ON RAMP MERGE POINT FROM & HIGHWAY 6 EB/WB,2,3,1,2,1,7,,0,55,0,0,0,0,0,1,2,14
,2019-28262,39.7232,-105.010907,1/23/2019 8:50,8:50,12,0,2,I25 & SIXTH AVENUE WEST,1,1,0,0,1,4,,0,55,0,0,0,0,1,1,2,7
,2019-28263,39.7232,-105.010907,5/21/2019 12:40,12:40,12,0,0,I25 & SIXTH AVENUE WEST,1,1,0,0,1,4,,0,55,0,0,0,0,0,1,4,13
,2019-28264,39.7232,-105.010907,9/19/2019 8:43,8:43,12,0,0,I25 & SIXTH AVENUE WEST,1,1,0,0,1,4,,0,55,0,0,0,0,0,1,3,13
,2019-28265,39.723679,-105.011476,1/4/2019 12:55,12:55,12,0,0,I25 NORTHBOUND EXIT LANE & SIXTH AVENUE WEST,1,1,0,0,1,4,,0,55,0,0,0,0,0,1,2,3
,2019-28266,39.723679,-105.011476,1/9/2019 12:31,12:31,12,0,0,I25 NORTHBOUND EXIT LANE & SIXTH AVENUE WEST,1,1,0,0,1,4,,0,55,0,0,0,0,0,1,2,13
,2019-28267,39.723679,-105.011476,2/1/2019 12:03,12:03,12,0,0,I25 & SIXTH AVENUE WEST,1,1,0,0,1,4,,0,55,0,0,0,0,0,1,2,7
,2019-28268,39.723679,-105.011476,2/8/2019 11:48,11:48,12,0,0,I25 & SIXTH AVENUE WEST,1,1,0,0,1,4,,0,55,0,0,0,0,0,1,3,3
,2019-28269,39.72491,-105.012638,7/6/2019 12:10,12:10,12,0,0,I25 & SIXTH AVENUE WEST,1,1,0,0,1,4,,0,65,0,0,0,0,0,1,2,13
,2019-28270,39.723679,-105.011476,3/6/2019 9:41,9:41,12,0,0,I25 & SIXTH AVENUE WEST,1,1,0,0,1,4,,0,55,0,0,0,0,0,1,3,3
,2019-28271,39.723679,-105.011476,4/3/2019 11:15,11:15,15,0,0,I25 & SIXTH AVENUE WEST,1,1,0,0,1,4,,0,55,0,0,0,0,0,1,3,7
,2019-28272,39.723679,-105.011476,4/16/2019 14:32,14:32,12,0,1,I25 & SIXTH AVENUE WEST,1,1,1,0,1,4,,0,65,0,0,0,0,1,1,3,14
,2019-28273,39.723679,-105.011476,5/3/2019 8:14,8:14,12,0,0,I25 & SIXTH AVENUE WEST,1,1,0,0,1,4,,0,55,0,0,0,0,0,1,2,3
,2019-28274,39.723679,-105.011476,5/7/2019 6:46,6:46,12,0,0,I25 & SIXTH AVENUE WEST,1,1,0,0,1,4,,0,55,0,0,0,0,0,1,2,3
,2019-28275,39.723679,-105.011476,5/25/2019 13:03,13:03,12,0,0,I25 & SIXTH AVENUE WEST,1,1,0,0,1,4,,0,55,0,0,0,0,0,1,2,3
,2019-28276,39.723679,-105.011476,6/4/2019 12:30,12:30,12,0,0,I25 & SIXTH AVENUE WEST,1,1,0,0,1,4,,0,65,0,0,0,0,0,1,2,3
,2019-28277,39.723679,-105.011476,6/19/2019 11:12,11:12,12,0,0,I25 & SIXTH AVENUE WEST,1,1,0,0,1,4,,0,65,0,0,0,0,0,1,2,13
,2019-28278,39.723679,-105.011476,7/26/2019 10:11,10:11,12,0,0,I25 & SIXTH AVENUE WEST,1,1,0,0,1,4,,0,65,0,0,0,0,0,1,2,3
,2019-28279,39.723679,-105.011476,9/24/2019 10:11,10:11,12,0,1,I25 & SIXTH AVENUE WEST,1,1,0,0,1,4,,0,55,0,0,0,0,1,1,3,3
,2019-28280,39.723679,-105.011476,10/16/2019 18:47,18:47,12,0,0,I25 & SIXTH AVENUE WEST,1,4,0,0,1,4,,0,65,0,0,0,0,0,1,3,13
,2019-28281,39.723941,-105.011395,11/9/2019 10:05,10:05,12,0,0,I25 NORTHBOUND OFF RAMP SPLIT GORE POINT TO & HIGHWAY 6 EB/WB,1,1,1,0,1,7,,0,65,0,0,0,0,0,1,2,13
,2019-28282,39.723873,-105.011689,2/1/2019 18:47,18:47,12,0,1,I25 & SIXTH AVENUE WEST,1,4,0,0,1,4,,0,55,0,0,0,0,1,1,3,13
,2019-28283,39.723873,-105.011689,2/4/2019 9:14,9:14,12,0,0,I25 & SIXTH AVENUE WEST,1,1,0,0,1,4,,0,55,0,0,0,0,0,1,2,13
,2019-28284,39.723873,-105.011689,2/28/2019 16:45,16:45,15,0,0,I25 & SIXTH AVENUE WEST,1,1,0,0,1,4,,0,65,0,0,0,0,0,1,2,13
,2019-28285,39.723873,-105.011689,3/17/2019 13:16,13:16,12,0,2,I25 NORTHBOUND & SIXTH AVENUE WEST,1,1,0,0,1,4,,0,55,0,0,0,0,1,1,2,5
,2019-28286,39.723873,-105.011689,5/4/2019 19:43,19:43,12,0,0,I25 & SIXTH AVENUE WEST,1,1,0,0,1,4,,0,65,0,0,0,0,0,1,2,5
,2019-28287,39.723873,-105.011689,5/6/2019 9:41,9:41,12,0,0,I25 & SIXTH AVENUE WEST,1,1,0,0,1,4,,0,55,0,0,0,0,0,1,5,13
,2019-28288,39.723873,-105.011689,5/6/2019 10:37,10:37,12,0,0,I25 & SIXTH AVENUE WEST,1,1,0,0,1,4,,0,55,0,0,0,0,0,1,3,3
,2019-28289,39.723873,-105.011689,5/6/2019 11:12,11:12,12,0,0,I25 & SIXTH AVENUE WEST,1,1,0,0,1,4,,0,55,0,0,0,0,0,1,2,13
,2019-28290,39.723873,-105.011689,9/18/2019 15:55,15:55,15,0,0,I25 & SIXTH AVENUE WEST,1,1,0,0,1,4,,0,55,0,0,0,0,0,1,2,13
,2019-28291,39.723873,-105.011689,9/20/2019 11:40,11:40,12,0,0,I25 & SIXTH AVENUE WEST,1,1,0,0,1,4,,0,60,0,0,0,0,0,1,3,13
,2019-28292,39.723873,-105.011689,9/22/2019 12:36,12:36,12,0,0,I25 & SIXTH AVENUE WEST,1,1,0,0,1,4,,0,55,0,0,0,0,0,1,2,13
,2019-28293,39.723873,-105.011689,12/27/2019 13:21,13:21,12,0,0,I25 & SIXTH AVENUE WEST,1,1,0,0,1,4,,0,65,0,0,0,0,0,1,2,13
,2019-28294,39.723873,-105.011689,12/31/2019 17:25,17:25,12,0,1,I25 & SIXTH AVENUE WEST,1,3,1,0,1,4,,0,60,0,0,0,0,1,1,2,13
,2019-28295,39.724071,-105.011896,2/19/2019 9:17,9:17,12,0,1,I25 & SIXTH AVENUE WEST,1,1,0,2,1,4,,0,65,0,0,0,0,1,1,2,13
,2019-28296,39.724071,-105.011896,3/26/2019 12:46,12:46,12,0,0,I25 NORTHBOUND & SIXTH AVENUE WEST,1,1,0,0,1,4,,0,55,0,0,0,0,0,1,2,13
,2019-28297,39.724071,-105.011896,6/25/2019 7:00,7:00,12,0,0,I25 & SIXTH AVENUE WEST,1,1,0,0,1,4,,0,65,0,0,0,0,0,1,3,13
,2019-28298,39.724071,-105.011896,10/20/2019 12:23,12:23,12,0,0,I25 & SIXTH AVENUE WEST,1,1,1,0,1,4,,0,65,0,0,0,0,0,1,2,13
,2019-28299,39.724071,-105.011896,10/20/2019 12:48,12:48,12,0,0,I25 & SIXTH AVENUE WEST,1,1,1,0,1,4,,0,55,0,0,0,0,0,1,2,13
,2019-28300,39.724071,-105.011896,11/25/2019 13:38,13:38,12,0,0,SIXTH AVENUE EASTBOUND OFF RAMP & I25 NB/SB ON RAMP SPLIT,1,1,1,0,1,7,,0,45,0,0,0,0,0,1,2,13
,2019-28301,39.724273,-105.012095,1/2/2019 17:05,17:05,15,0,0,I25 & SIXTH AVENUE WEST INTCH,1,1,0,0,1,4,,0,65,0,0,0,0,0,1,2,13
,2019-28302,39.724481,-105.012285,1/5/2019 15:28,15:28,12,0,1,I25 & SIXTH AVENUE WEST,1,1,0,0,1,4,,0,65,0,0,0,0,2,1,4,14
,2019-28303,39.724481,-105.012285,1/8/2019 12:30,12:30,12,0,0,I25 & SIXTH AVENUE WEST,1,1,0,0,1,4,,0,55,0,0,0,0,0,1,2,3
,2019-28304,39.724481,-105.012285,1/10/2019 14:24,14:24,15,0,0,I25 & SIXTH AVENUE WEST,1,1,0,0,1,4,,0,55,0,0,0,0,0,1,2,13
,2019-28305,39.724481,-105.012285,2/19/2019 8:46,8:46,12,0,0,I25 & SIXTH AVENUE WEST,1,1,0,2,1,4,,0,55,0,0,0,0,0,1,3,13
,2019-28306,39.724481,-105.012285,8/16/2019 12:53,12:53,12,0,0,I25 & SIXTH AVENUE WEST,1,1,0,0,1,4,,0,55,0,0,0,0,0,1,2,12
,2019-28307,39.724481,-105.012285,10/1/2019 6:34,6:34,12,0,0,I25 & SIXTH AVENUE WEST,2,1,0,1,1,4,,0,65,0,0,0,0,0,1,5,13
,2019-28308,39.724481,-105.012285,10/5/2019 16:16,16:16,12,0,0,I25 & SIXTH AVENUE WEST,1,1,0,0,1,4,,0,65,0,0,0,0,0,1,2,13
,2019-28309,39.724481,-105.012285,11/23/2019 10:51,10:51,12,0,0,I25 & SIXTH AVENUE,1,1,0,0,1,4,,0,,0,0,0,0,0,1,3,13
,2019-2831,39.679191,-105.0383205,3/25/2019 17:40,17:40,12,0,1,PATTON COURT SOUTH & EVANS AVENUE WEST,1,1,0,0,1,3,,0,25,0,0,0,0,1,4,2,3
,2019-28310,39.72491,-105.012638,5/10/2019 13:29,13:29,12,0,0,I25 & SIXTH AVENUE WEST,1,1,1,0,1,4,,0,65,0,0,0,0,0,1,2,13
,2019-28311,39.72491,-105.012638,10/7/2019 15:54,15:54,12,0,0,I25 & SIXTH AVENUE WEST,1,1,0,0,1,4,,0,65,0,0,0,0,0,1,3,13
,2019-28312,39.72491,-105.012638,12/28/2019 15:50,15:50,15,0,0,I25 & SIXTH AVENUE WEST,2,3,0,2,1,4,,0,,0,0,0,0,0,1,2,13
,2019-28313,39.72491,-105.012638,1/4/2019 6:05,6:05,5,0,0,SIXTH AVENUE WEST OFF RAMP & I25 NORTHBOUND / SOUTHBOUND RAMP SPLIT,5,1,1,0,2,7,,0,55,0,0,0,0,0,1,1,13
,2019-28314,39.72491,-105.012638,3/12/2019 13:06,13:06,12,0,1,I25 NB/SB RAMP SPLIT & SIXTH AVENUE WEST,1,1,1,0,2,7,,0,55,0,0,0,0,1,1,3,1