id,drcog_id,latitude,longitude,crashtime,time,crashtype,numbkilled,numbinjurd,drcoglocat,rdconditin,lightngcon,roadcntgrd,weatherco,location,roaddescrp,schoolzone,constrzone,splimit,bikeinv,sctrinv,pedinv,motoinv,svrty,rdsystem,ttlvehcls,hcf
,2019-28315,39.72491,-105.012638,5/27/2019 19:51,19:51,15,0,0,I25 SB/NB ON RAMP MERGE GORE POINT FROM & HIGHWAY 6 EASTBOUND,1,2,1,0,1,7,,0,55,0,0,0,0,0,1,3,8
,2019-28316,39.72491,-105.012638,5/30/2019 14:56,14:56,15,0,0,I25 SB/NB ON RAMP MERGE GORE POINT FROM & HIGHWAY 6 EASTBOUND,1,1,1,0,1,7,,0,55,0,0,0,0,0,1,2,13
,2019-28317,39.72491,-105.012638,7/15/2019 3:55,3:55,9,0,1,I25 NB/SB RAMP GORE POINT FROM & HIGHWAY 6 EASTBOUND,1,3,1,0,1,7,,0,60,0,0,0,0,2,1,1,1
,2019-28318,39.72491,-105.012638,9/17/2019 11:31,11:31,15,0,0,I25 SOUTHBOUND OFF RAMP SPLIT GORE POINT FROM & HIGHWAY 6 EASTBOUND,1,1,0,0,1,7,,0,55,0,0,0,0,0,1,2,3
,2019-28319,39.725247,-105.012893,10/24/2019 7:47,7:47,12,0,0,I25 & SIXTH AVENUE WEST,2,1,0,0,1,4,,0,55,0,0,0,0,0,1,2,1
,2019-2832,39.682215,-105.03828,1/25/2019 8:00,8:00,3,0,0,PATTON COURT SOUTH & JEWELL AVENUE WEST,5,1,0,0,1,1,,0,25,0,0,0,0,0,4,2,13
,2019-28320,39.72491,-105.012638,1/23/2019 7:53,7:53,12,0,0,I25 NORTHBOUND ON RAMP GORE POINT  & SIXTH AVENUE,1,1,1,0,1,7,,0,55,0,0,0,0,0,1,2,3
,2019-28321,39.72491,-105.012638,3/9/2019 19:20,19:20,12,0,0,I25 NORTHBOUND ON RAMP & SIXTH AVENUE WEST,1,3,0,0,1,7,,0,40,0,0,0,0,0,1,3,13
,2019-28322,39.725135,-105.012815,3/19/2019 10:26,10:26,12,0,0,SIXTH AVENUE WEST EASTBOUND ON RAMP TO I25 & I25 SOUTHBOUND ON RAMP SPLIT,1,1,1,0,1,7,,0,55,0,0,0,0,0,1,3,13
,2019-28323,39.725135,-105.012815,6/17/2019 10:19,10:19,9,0,0,SIXTH AVENUE EASTBOUND OFF RAMP & I25 RAMP NB/SB SPLIT GORE POINT,1,1,1,0,1,7,,0,65,0,0,0,0,0,1,1,8
,2019-28324,39.725135,-105.012815,1/21/2019 13:30,13:30,12,0,0,I25 NORTHBOUND ON LOOP RAMP & SIXTH AVENUE WEST,1,1,0,0,1,7,,0,65,0,0,0,0,0,1,2,3
,2019-28325,39.725135,-105.012815,9/28/2019 8:05,8:05,12,0,0,I25 NORTHBOUND ON RAMP LOOP FROM & HIGHWAY 6 EASTBOUND,1,1,1,0,1,7,,0,45,0,0,0,0,0,1,2,13
,2019-28326,39.725135,-105.012815,10/2/2019 3:16,3:16,15,0,0,I25 NORTHBOUND ON RAMP LOOP ENTRANCE GORE POINT & SIXTH AVENUE WEST,5,4,1,1,1,7,,0,55,0,0,0,0,0,1,2,13
,2019-28327,39.725247,-105.012893,2/10/2019 15:09,15:09,15,0,3,I25 & SIXTH AVENUE WEST,1,1,0,0,1,4,,0,55,0,0,0,0,1,1,3,13
,2019-28328,39.725247,-105.012893,2/23/2019 13:59,13:59,12,0,0,I25 & SIXTH AVENUE WEST,1,1,0,0,1,4,,0,60,0,0,0,0,0,1,2,13
,2019-28329,39.725247,-105.012893,4/5/2019 22:20,22:20,12,0,0,I25 & SIXTH AVENUE WEST,1,3,2,0,1,4,,0,55,0,0,0,0,0,1,3,13
,2019-2833,39.706658,-104.996603,12/16/2019 20:05,20:05,5,0,1,SANTA FE DRIVE SOUTH & I25,1,2,0,0,2,4,,0,45,0,0,0,0,2,2,1,5
,2019-28330,39.725247,-105.012893,12/5/2019 18:36,18:36,12,0,0,I25 & SIXTH AVENUE,2,3,0,1,1,4,,0,65,0,0,0,0,0,1,2,13
,2019-28331,39.725247,-105.012893,2/19/2019 18:59,18:59,5,0,1,I25 NORTHBOUND OFF RAMP & SIXTH AVENUE WEST,2,3,1,2,2,7,,0,55,0,0,0,0,1,1,1,14
,2019-28332,39.725247,-105.012893,3/16/2019 17:29,17:29,12,0,1,I25 NORTHBOUND OFF RAMP & I25,1,1,1,0,1,7,,0,35,0,0,0,0,1,1,2,13
,2019-28333,39.725339,-105.012957,2/21/2019 16:21,16:21,15,0,0,I25 & SIXTH AVENUE WEST,1,3,1,0,1,4,,0,65,0,0,0,0,0,1,2,13
,2019-28334,39.725339,-105.012957,2/26/2019 14:40,14:40,12,0,0,I25 & EIGHTH AVENUE WEST,1,1,1,0,1,4,,0,65,0,0,0,0,0,1,2,3
,2019-28335,39.725339,-105.012957,3/22/2019 10:46,10:46,12,0,0,I25 & SIXTH AVENUE WEST,1,1,0,0,1,4,,0,55,0,0,0,0,0,1,2,14
,2019-28336,39.725339,-105.012957,4/20/2019 15:00,15:00,12,0,0,I25 & SIXTH AVENUE WEST,1,1,0,0,1,4,,0,65,0,0,0,0,0,1,2,12
,2019-28337,39.725339,-105.012957,5/24/2019 14:14,14:14,15,0,0,I25 & SIXTH AVENUE WEST,1,1,1,0,1,4,,0,55,0,0,0,0,0,1,2,14
,2019-28338,39.725339,-105.012957,12/12/2019 5:48,5:48,12,0,0,I25 & SIXTH AVENUE WEST,1,4,0,0,1,4,,0,55,0,0,0,0,0,1,5,13
,2019-28339,39.725339,-105.012957,1/24/2019 17:30,17:30,12,0,0,I25 NORTHBOUND OFF RAMP & SIXTH AVENUE WEST,2,3,1,0,1,7,,0,,0,0,0,0,0,1,2,13
,2019-28340,39.725339,-105.012957,2/9/2019 3:37,3:37,12,0,0,I25 NORTHBOUND OFF RAMP & SIXTH AVENUE WEST,2,3,1,0,1,7,,0,55,0,0,0,0,0,1,2,13
,2019-28341,39.725339,-105.012957,3/5/2019 7:02,7:02,12,0,0,I25 & SIXTH AVENUE WEST,1,1,1,0,1,7,,0,65,0,0,0,0,0,1,3,13
,2019-28342,39.725339,-105.012957,3/29/2019 2:48,2:48,5,0,1,I25 NORTHBOUND OFF RAMP & SIXTH AVENUE WEST,2,3,1,0,2,7,,0,65,0,0,0,0,1,1,1,5
,2019-28343,39.725339,-105.012957,6/17/2019 16:29,16:29,12,0,1,I25 NORTHBOUND OFF RAMP & SIXTH AVENUE WEST,2,2,1,1,1,7,,0,55,0,0,0,0,1,1,2,13
,2019-28344,39.725339,-105.012957,8/10/2019 9:57,9:57,12,0,0,I25 NORTHBOUND OFF RAMP & SIXTH AVENUE WEST,1,1,0,0,1,7,,0,55,0,0,0,0,0,1,4,3
,2019-28345,39.725339,-105.012957,10/14/2019 12:44,12:44,12,0,0,I25 NORTHBOUND OFF RAMP TO & HIGHWAY 6 EASTBOUND,1,1,1,0,1,7,,0,55,0,0,0,0,0,1,3,13
,2019-28346,39.725339,-105.012957,11/14/2019 23:01,23:01,5,0,0,I25 NORTHBOUND OFF RAMP SLIP TO & HIGHWAY 6 EASTBOUND,1,3,1,0,2,7,,0,25,0,0,0,0,0,1,1,13
,2019-28347,39.725339,-105.012957,11/16/2019 13:17,13:17,12,0,0,I25 NORTHBOUND OFF RAMP & SIXTH AVENUE WEST,1,1,1,0,1,7,,0,55,0,0,0,0,0,1,2,3
,2019-28348,39.725339,-105.012957,6/11/2019 21:52,21:52,15,0,0,I25 SOUTHBOUND OFF RAMP & SIXTH AVENUE WEST,1,2,0,0,1,7,,0,65,0,0,0,0,0,1,2,13
,2019-28349,39.725339,-105.012957,3/31/2019 7:55,7:55,15,0,0,I25 SOUTHBOUND ON RAMP & SIXTH AVENUE EAST,1,1,1,0,1,7,,0,45,0,0,0,0,0,1,2,3
,2019-28350,39.725339,-105.012957,5/20/2019 6:47,6:47,12,0,1,I25 SOUTHBOUND ON RAMP & SIXTH AVENUE WEST,2,1,1,1,1,7,,0,55,0,0,0,0,1,1,2,7
,2019-28351,39.725339,-105.012957,6/7/2019 14:30,14:30,15,0,0,I25 SB/NB ON RAMP FROM & HIGHWAY 6 EASTBOUND,1,1,0,0,1,7,,0,40,0,0,0,0,0,1,2,1
,2019-28352,39.725339,-105.012957,6/14/2019 15:15,15:15,15,0,0,I25 SOUTHBOUND ON RAMP & HIGHWAY 6,1,1,0,0,1,7,,0,45,0,0,0,0,0,1,2,13
,2019-28353,39.725339,-105.012957,8/20/2019 20:45,20:45,15,0,1,I25 SOUTHBOUND ON RAMP & SIXTH AVENUE WEST,1,3,1,0,1,7,,0,55,0,0,0,0,1,1,2,13
,2019-28354,39.725339,-105.012957,9/5/2019 15:08,15:08,5,0,0,I25 SOUTHBOUND ON RAMP & SIXTH AVENUE WEST,1,1,1,0,3,7,,0,55,0,0,0,0,0,1,1,3
,2019-28355,39.725339,-105.012957,10/15/2019 23:26,23:26,5,0,2,I25 SOUTHBOUND ON RAMP & SIXTH AVENUE WEST,1,3,1,0,3,7,,0,65,0,0,0,0,1,1,1,7
,2019-28356,39.725339,-105.012957,10/30/2019 9:55,9:55,15,0,0,I25 SOUTHBOUND ON RAMP FROM & HIGHWAY 6 EASTBOUND,4,1,1,0,1,7,,0,65,0,0,0,0,0,1,2,13
,2019-28357,39.725339,-105.012957,11/1/2019 15:10,15:10,15,0,0,I25 SOUTHBOUND ON RAMP & SIXTH AVENUE WEST,1,1,0,0,1,7,,0,45,0,0,0,0,0,1,2,3
,2019-28358,39.725339,-105.012957,11/13/2019 13:58,13:58,12,0,0,I25 SOUTHBOUND ON RAMP FROM & HIGHWAY 6 EASTBOUND,1,1,1,0,1,7,,0,45,0,0,0,0,0,1,2,13
,2019-28359,39.725339,-105.012957,1/25/2019 13:16,13:16,12,0,0,I25 NORTHBOUND ON RAMP & SIXTH AVENUE WEST,1,1,0,0,1,7,,0,55,0,0,0,0,0,1,2,13
,2019-28360,39.72543,-105.013021,1/17/2019 19:06,19:06,12,0,0,I25 & SIXTH AVENUE WEST,1,3,1,0,1,4,,0,55,0,0,0,0,0,1,2,13
,2019-28361,39.72543,-105.013021,1/19/2019 8:50,8:50,12,0,0,I25 & SIXTH AVENUE WEST,1,1,0,0,1,4,,0,55,0,0,0,0,0,1,2,3
,2019-28362,39.72543,-105.013021,1/19/2019 11:12,11:12,12,0,0,I25 & SIXTH AVENUE WEST,1,1,0,0,1,4,,0,55,0,0,0,0,0,1,2,3
,2019-28363,39.72543,-105.013021,2/8/2019 9:05,9:05,12,0,1,I25 & SIXTH AVENUE WEST,5,1,0,0,1,4,,0,55,0,0,0,0,1,1,3,14
,2019-28364,39.72543,-105.013021,2/9/2019 23:19,23:19,15,0,0,I25 & SIXTH AVENUE WEST,1,3,0,0,1,4,,0,55,0,0,0,0,0,1,2,13
,2019-28365,39.72543,-105.013021,2/12/2019 12:48,12:48,12,0,0,I25 & SIXTH AVENUE WEST,1,1,0,0,1,4,,0,55,0,0,0,0,0,1,2,13
,2019-28366,39.72543,-105.013021,2/15/2019 8:00,8:00,12,0,1,I25 & SIXTH AVENUE WEST,1,1,0,0,1,4,,0,55,0,0,0,0,1,1,4,13
,2019-28367,39.72543,-105.013021,2/23/2019 12:08,12:08,12,0,0,I25 & SIXTH AVENUE WEST,1,1,0,0,1,4,,0,55,0,0,0,0,0,1,2,5
,2019-28368,39.72543,-105.013021,2/24/2019 12:27,12:27,12,0,0,I25 & SIXTH AVENUE WEST,1,1,0,0,1,4,,0,55,0,0,0,0,0,1,3,13
,2019-28369,39.72543,-105.013021,2/26/2019 18:44,18:44,12,0,0,I25 & SIXTH AVENUE WEST,1,3,1,0,1,4,,0,55,0,0,0,0,0,1,3,3
,2019-2837,39.696759,-105.0390315,1/25/2019 7:45,7:45,3,0,0,PATTON COURT SOUTH & MISSISSIPPI AVENUE WEST,5,1,0,0,1,1,,0,25,0,0,0,0,0,4,2,13
,2019-28370,39.72543,-105.013021,3/1/2019 16:44,16:44,12,0,1,I25 & SIXTH AVENUE WEST,1,1,1,0,1,4,,0,65,0,0,0,0,1,1,2,13
,2019-28371,39.72543,-105.013021,5/4/2019 14:30,14:30,12,0,0,I25 & SIXTH AVENUE WEST,1,1,0,0,1,4,,0,55,0,0,0,0,0,1,2,3
,2019-28372,39.72543,-105.013021,3/6/2019 10:39,10:39,12,0,0,I25 & SIXTH AVENUE WEST,1,1,0,0,1,4,,0,55,0,0,0,0,0,1,3,13
,2019-28373,39.72543,-105.013021,3/10/2019 12:03,12:03,12,0,0,I25 & SIXTH AVENUE WEST,1,1,0,0,1,4,,0,55,0,0,0,0,0,1,2,3
,2019-28374,39.72543,-105.013021,3/16/2019 17:25,17:25,12,0,0,I25 SOUTHBOUND & SIXTH AVENUE WEST,1,1,0,0,1,4,,0,55,0,0,0,0,0,1,3,1
,2019-28375,39.72543,-105.013021,3/21/2019 18:00,18:00,12,0,0,I25 & SIXTH AVENUE WEST,1,1,0,0,1,4,,0,55,0,0,0,0,0,1,2,13
,2019-28376,39.72543,-105.013021,5/9/2019 12:47,12:47,15,0,0,I25 & SIXTH AVENUE WEST,1,1,1,0,1,4,,0,65,0,0,0,0,0,1,2,13
,2019-28377,39.72543,-105.013021,4/3/2019 16:30,16:30,12,0,0,I25 NORTHBOUND & SIXTH AVENUE WEST,1,1,1,0,1,4,,0,55,0,0,0,0,0,1,3,13
,2019-28378,39.72543,-105.013021,4/9/2019 14:15,14:15,12,0,0,I25 & SIXTH AVENUE WEST,1,1,1,0,1,4,,0,65,0,0,0,0,0,1,2,13
,2019-28379,39.72543,-105.013021,4/12/2019 12:30,12:30,12,0,0,I25 & SIXTH AVENUE WEST,1,1,1,0,1,4,,0,55,0,0,0,0,0,1,2,3
,2019-28380,39.72543,-105.013021,4/13/2019 14:26,14:26,12,0,0,I25 & SIXTH AVENUE WEST,1,1,0,0,1,4,,0,55,0,0,0,0,0,1,2,3
,2019-28381,39.72543,-105.013021,4/18/2019 13:43,13:43,12,0,0,I25 & SIXTH AVENUE WEST,1,1,0,0,1,4,,0,55,0,0,0,0,0,1,2,13
,2019-28382,39.72543,-105.013021,4/18/2019 16:51,16:51,12,0,0,I25 & SIXTH AVENUE WEST,1,1,1,0,1,4,,0,55,0,0,0,0,0,1,2,3
,2019-28383,39.72543,-105.013021,4/19/2019 23:23,23:23,15,0,0,I25 & SIXTH AVENUE WEST,1,3,0,0,1,4,,0,60,0,0,0,0,0,1,2,13
,2019-28384,39.72543,-105.013021,4/29/2019 7:45,7:45,12,0,0,I25 & SIXTH AVENUE WEST,1,1,0,0,1,4,,0,55,0,0,0,0,0,1,2,3
,2019-28385,39.72543,-105.013021,5/1/2019 11:45,11:45,12,0,1,I25 & SIXTH AVENUE WEST,1,1,0,0,1,4,,0,55,0,0,0,0,1,1,2,7
,2019-28386,39.72543,-105.013021,5/3/2019 7:30,7:30,12,0,0,I25 & SIXTH AVENUE WEST,1,1,0,0,1,4,,0,55,0,0,0,0,0,1,3,13
,2019-28387,39.72543,-105.013021,5/8/2019 11:56,11:56,12,0,1,I25 & SIXTH AVENUE WEST,2,1,0,1,1,4,,0,55,0,0,0,0,1,1,2,1
,2019-28388,39.72543,-105.013021,5/8/2019 13:51,13:51,12,0,0,I25 & SIXTH AVENUE WEST,2,1,0,1,1,4,,0,55,0,0,0,0,0,1,3,13
,2019-28389,39.72543,-105.013021,5/8/2019 14:38,14:38,15,0,0,I25 & SIXTH AVENUE WEST,2,1,0,0,1,4,,0,55,0,0,0,0,0,1,2,13
,2019-28390,39.72543,-105.013021,5/12/2019 14:12,14:12,12,0,0,I25 & SIXTH AVENUE WEST,1,1,0,0,1,4,,0,55,0,0,0,0,0,1,3,13
,2019-28391,39.72543,-105.013021,5/23/2019 6:53,6:53,12,0,0,I25 & SIXTH AVENUE WEST,1,1,0,0,1,4,,0,65,0,0,0,0,0,1,2,3
,2019-28392,39.72543,-105.013021,5/28/2019 13:41,13:41,12,0,0,I25 & SIXTH AVENUE WEST,1,1,1,0,1,4,,0,55,0,0,0,0,0,1,2,13
,2019-28393,39.72543,-105.013021,5/28/2019 14:05,14:05,12,0,1,I25 & SIXTH AVENUE WEST,1,1,1,0,1,4,,0,55,0,0,0,0,1,1,3,14
,2019-28394,39.72543,-105.013021,6/2/2019 12:05,12:05,12,0,0,I25 & SIXTH AVENUE WEST,1,1,0,0,1,4,,0,55,0,0,0,0,0,1,3,13
,2019-28395,39.72543,-105.013021,6/10/2019 11:19,11:19,12,0,0,I25 & SIXTH AVENUE WEST,1,1,0,0,1,4,,0,55,0,0,0,0,0,1,3,3
,2019-28396,39.72543,-105.013021,6/22/2019 21:20,21:20,12,0,0,I25 & SIXTH AVENUE FWY WEST,1,3,1,0,1,4,,0,55,0,0,0,0,0,1,2,13
,2019-28397,39.72543,-105.013021,6/27/2019 14:57,14:57,12,0,0,I25 & SIXTH AVENUE WEST,1,1,1,0,1,4,,0,55,0,0,0,0,0,1,2,13
,2019-28398,39.72543,-105.013021,6/28/2019 7:31,7:31,12,0,0,I25 & SIXTH AVENUE WEST,1,1,0,0,1,4,,0,55,0,0,0,0,0,1,3,13
,2019-28399,39.72543,-105.013021,6/30/2019 12:28,12:28,12,0,1,I25 & SIXTH AVENUE WEST,1,1,0,0,1,4,,0,55,0,0,0,0,1,1,2,3
,2019-2840,39.689259,-104.992024,7/8/2019 8:40,8:40,5,0,0,SANTA FE DRIVE SOUTH & FLORIDA AVENUE EAST,1,1,0,0,1,4,,0,55,0,0,0,0,0,2,1,13
,2019-28400,39.72543,-105.013021,7/10/2019 14:58,14:58,15,0,0,I25 & SIXTH AVENUE WEST,1,1,0,0,1,4,,0,65,0,0,0,0,0,1,2,13
,2019-28401,39.72543,-105.013021,7/10/2019 16:29,16:29,12,0,0,I25 & SIXTH AVENUE WEST,1,1,1,0,1,4,,0,55,0,0,0,0,0,1,3,13
,2019-28402,39.72543,-105.013021,7/11/2019 12:58,12:58,12,0,0,I25 & SIXTH AVENUE WEST,1,1,0,0,1,4,,0,55,0,0,0,0,0,1,2,3
,2019-28403,39.72543,-105.013021,7/13/2019 11:45,11:45,12,0,0,I25 & SIXTH AVENUE WEST,1,1,0,0,1,4,,0,55,0,0,0,0,0,1,2,13
,2019-28404,39.72543,-105.013021,7/27/2019 13:56,13:56,5,0,0,I25 & SIXTH AVENUE WEST,1,1,1,0,1,4,,0,55,0,0,0,0,0,1,3,14
,2019-28405,39.72543,-105.013021,7/27/2019 16:46,16:46,12,0,0,I25 & SIXTH AVENUE WEST,1,1,0,0,1,4,,0,55,0,0,0,0,0,1,2,13
,2019-28406,39.72543,-105.013021,8/2/2019 7:30,7:30,12,0,0,I25 & SIXTH AVENUE WEST,1,1,0,0,1,4,,0,55,0,0,0,0,0,1,2,13
,2019-28407,39.72543,-105.013021,8/2/2019 8:32,8:32,12,0,0,I25 & SIXTH AVENUE WEST,1,1,0,0,1,4,,0,55,0,0,0,0,0,1,2,3
,2019-28408,39.72543,-105.013021,8/2/2019 10:33,10:33,12,0,0,I25 & SIXTH AVENUE WEST,1,1,0,0,1,4,,0,55,0,0,0,0,0,1,2,13
,2019-28409,39.72543,-105.013021,8/5/2019 10:57,10:57,15,0,0,I25 & SIXTH AVENUE WEST,1,1,1,0,1,4,,0,55,0,0,0,0,0,1,2,13
,2019-2841,39.696302,-104.897376,11/10/2019 0:15,0:15,5,0,0,MISSISSIPPI AVENUE EAST & PARKER ROAD SOUTH,1,4,0,0,3,1,,0,,0,0,0,0,0,2,1,13
,2019-28410,39.72543,-105.013021,8/9/2019 19:02,19:02,12,0,4,I25 & SIXTH AVENUE WEST,1,2,1,0,1,4,,0,55,0,0,0,0,1,1,4,12
,2019-28411,39.72543,-105.013021,8/9/2019 21:25,21:25,15,0,0,I25 & SIXTH AVENUE WEST,1,3,0,0,1,4,,0,45,0,0,0,0,0,1,2,13
,2019-28412,39.72543,-105.013021,8/13/2019 15:50,15:50,15,0,0,I25 & SIXTH AVENUE WEST,1,1,1,0,1,4,,0,55,0,0,0,0,0,1,2,13
,2019-28413,39.72543,-105.013021,8/28/2019 12:21,12:21,12,0,0,I25 & SIXTH AVENUE WEST,1,1,0,0,1,4,,0,65,0,0,0,0,0,1,3,13
,2019-28414,39.72543,-105.013021,9/6/2019 18:28,18:28,12,0,1,I25 & SIXTH AVENUE WEST,1,1,1,0,1,4,,0,55,0,0,0,0,1,1,3,14
,2019-28415,39.72543,-105.013021,9/12/2019 13:00,13:00,15,0,0,I25 & SIXTH AVENUE WEST,1,1,0,0,1,4,,0,65,0,0,0,1,0,1,2,3
,2019-28416,39.72543,-105.013021,9/18/2019 9:26,9:26,15,0,0,I25 & SIXTH AVENUE WEST,1,1,0,0,1,4,,0,55,0,0,0,0,0,1,2,13
,2019-28417,39.72543,-105.013021,9/24/2019 14:41,14:41,12,0,0,I25 & SIXTH AVENUE WEST,1,1,0,0,1,4,,0,55,0,0,0,0,0,1,2,3
,2019-28418,39.72543,-105.013021,10/4/2019 9:00,9:00,12,0,0,I25 & SIXTH AVENUE WEST,1,1,1,0,1,4,,0,55,0,0,0,0,0,1,2,13
,2019-28419,39.72543,-105.013021,10/4/2019 14:29,14:29,12,0,0,I25 & SIXTH AVENUE WEST,1,1,0,0,1,4,,0,55,0,0,0,0,0,1,2,13
,2019-28420,39.72543,-105.013021,10/10/2019 13:04,13:04,12,0,0,I25 & SIXTH AVENUE WEST,2,1,1,2,1,4,,0,65,0,0,0,0,0,1,2,3
,2019-28421,39.72543,-105.013021,10/11/2019 19:30,19:30,12,0,0,I25 & SIXTH AVENUE WEST,1,3,0,0,1,4,,0,65,0,0,0,0,0,1,2,13
,2019-28422,39.72543,-105.013021,10/14/2019 15:57,15:57,12,0,0,I25 & SIXTH AVENUE WEST,1,1,0,0,1,4,,0,55,0,0,0,0,0,1,3,13
,2019-28423,39.72543,-105.013021,10/16/2019 11:52,11:52,12,0,0,I25 & SIXTH AVENUE WEST,1,1,1,0,1,4,,0,55,0,0,0,0,0,1,2,3
,2019-28424,39.72543,-105.013021,10/31/2019 13:34,13:34,12,0,0,I25 & SIXTH AVENUE WEST,2,1,0,0,1,4,,0,55,0,0,0,0,0,1,2,3
,2019-28425,39.72543,-105.013021,10/31/2019 14:54,14:54,15,0,0,I25 & SIXTH AVENUE WEST,2,1,0,0,1,4,,0,55,0,0,0,0,0,1,2,3
,2019-28426,39.72543,-105.013021,11/8/2019 10:30,10:30,12,0,0,I25 & SIXTH AVENUE WEST,1,1,0,0,1,4,,0,55,0,0,0,0,0,1,2,13
,2019-28427,39.72543,-105.013021,11/9/2019 17:38,17:38,12,0,0,I25 & SIXTH AVENUE WEST,1,3,0,0,1,4,,0,20,0,0,0,0,0,1,3,14
,2019-28428,39.72543,-105.013021,11/12/2019 12:33,12:33,15,0,0,I25 & SIXTH AVENUE WEST,1,1,0,0,1,4,,0,65,0,0,0,0,0,1,2,3
,2019-28429,39.72543,-105.013021,11/15/2019 10:33,10:33,12,0,1,I25 & SIXTH AVENUE WEST,1,1,0,0,1,4,,0,55,0,0,0,0,1,1,2,13
,2019-2843,39.711328,-104.936473,1/24/2019 10:17,10:17,15,0,0,ALAMEDA AVENUE EAST & LEETSDALE DRIVE,6,1,0,2,1,1,,0,,0,0,0,1,0,2,2,13
,2019-28430,39.72543,-105.013021,11/18/2019 5:56,5:56,12,0,0,I25 & SIXTH AVENUE WEST,1,1,0,0,1,4,,0,65,0,0,0,0,0,1,2,13
,2019-28431,39.72543,-105.013021,11/20/2019 16:00,16:00,12,0,0,I25 & SIXTH AVENUE WEST,2,2,0,1,1,4,,0,55,0,0,0,0,0,1,2,13
,2019-28432,39.72543,-105.013021,12/2/2019 6:00,6:00,12,0,0,I25 SOUTHBOUND OFF RAMP & SIXTH AVENUE WEST,9,1,1,0,1,4,,0,55,0,0,0,0,0,1,2,13
,2019-28433,39.72543,-105.013021,12/9/2019 8:21,8:21,15,0,0,I25 & SIXTH AVENUE WEST,1,1,0,0,1,4,,0,55,0,0,0,0,0,1,2,13
,2019-28434,39.72543,-105.013021,12/18/2019 6:15,6:15,12,0,0,I25 & SIXTH AVENUE WEST,1,3,0,0,1,4,,0,55,0,0,0,0,0,1,3,13
,2019-28435,39.72543,-105.013021,12/19/2019 9:10,9:10,12,0,1,I25 & SIXTH AVENUE FWY WEST,1,1,0,0,1,4,,0,55,0,0,0,0,1,1,2,13
,2019-28436,39.72543,-105.013021,12/26/2019 10:50,10:50,12,0,1,I25 & SIXTH AVENUE FWY WEST,1,1,1,0,1,4,,0,55,0,0,0,0,1,1,2,13
,2019-28437,39.72543,-105.013021,12/30/2019 10:25,10:25,12,0,0,I25 & SIXTH AVENUE,1,1,0,0,1,4,,0,55,0,0,0,0,0,1,2,13
,2019-28438,39.72543,-105.013021,12/31/2019 11:55,11:55,12,0,0,I25 & SIXTH AVENUE FWY WEST,1,1,0,0,1,4,,0,55,0,0,0,0,0,1,2,13
,2019-28439,39.72543,-105.013021,6/24/2019 11:04,11:04,5,0,0,I25 SOUTHBOUND OFF RAMP & SIXTH AVENUE WEST,1,1,1,0,1,7,,0,45,0,0,0,0,0,1,1,13
,2019-28440,39.72543,-105.013021,2/9/2019 13:11,13:11,15,0,0,SIXTH AVENUE WEST & I25,1,1,1,0,1,7,,0,45,0,0,0,0,0,1,2,1
,2019-28441,39.732439,-105.015585,4/18/2019 16:08,16:08,15,0,0,I25 & SIXTH AVENUE WEST,1,1,1,0,1,4,,0,55,0,0,0,0,0,1,2,13
,2019-28442,39.72543,-105.013021,1/3/2019 13:58,13:58,15,0,0,SIXTH AVENUE WEST EASTBOUND OFF RAMP & I25 NORTHBOUND INTCH APPROXIMATELY,1,1,1,0,1,7,,0,45,0,0,0,0,0,1,2,13
,2019-28443,39.729014,-105.014706,5/24/2019 8:50,8:50,15,0,0,I25 & SIXTH AVENUE WEST,1,1,0,0,1,4,,0,55,0,0,0,0,0,1,2,13
,2019-28444,39.72543,-105.013021,1/8/2019 6:34,6:34,15,0,0,SIXTH AVENUE WEST OFF RAMP & I25 INTCH,1,2,1,0,1,7,,0,30,0,0,0,0,0,1,2,13
,2019-28445,39.72543,-105.013021,1/28/2019 1:01,1:01,15,0,0,I25 NORTHBOUND ON RAMP & SIXTH AVENUE WEST,1,4,1,0,1,7,,0,,0,0,0,0,0,1,2,13
,2019-28446,39.72543,-105.013021,12/23/2019 13:51,13:51,12,0,0,I25 NORTHBOUND ON RAMP FROM & SIXTH AVENUE EASTBOUND,1,1,1,0,1,7,,0,30,0,0,0,0,0,1,2,3
,2019-28447,39.725521,-105.013084,7/2/2019 18:46,18:46,15,0,0,I25 & SIXTH AVENUE WEST,1,1,0,0,1,4,,0,65,0,0,0,0,0,1,2,14
,2019-28448,39.725521,-105.013084,9/17/2019 7:24,7:24,15,0,0,I25 & SIXTH AVENUE WEST,1,1,1,0,1,4,,0,65,0,0,0,0,0,1,3,13
,2019-28449,39.725521,-105.013084,11/18/2019 21:48,21:48,5,0,0,I25 & SIXTH AVENUE WEST,1,3,0,0,1,4,,0,55,0,0,0,0,0,1,2,14
,2019-28450,39.725521,-105.013084,12/20/2019 20:04,20:04,15,0,1,I25 & SIXTH AVENUE FWY WEST,1,4,0,0,1,4,,0,65,0,0,0,0,1,1,2,13
,2019-28451,39.725521,-105.013084,12/22/2019 2:45,2:45,5,0,1,I25 & SIXTH AVENUE WB EXIT GORE POINT,1,4,1,0,3,7,,0,65,0,0,0,0,1,1,1,5
,2019-28452,39.725521,-105.013084,1/4/2019 1:50,1:50,5,0,0,I25 SOUTHBOUND OFF RAMP & SIXTH AVENUE WEST,1,3,0,0,2,7,,0,40,0,0,0,0,0,1,1,7
,2019-28453,39.725521,-105.013084,2/9/2019 7:54,7:54,5,0,0,I25 SOUTHBOUND OFF RAMP & SIXTH AVENUE WEST,5,1,0,0,4,7,,0,45,0,0,0,0,0,1,1,13
,2019-28454,39.725521,-105.013084,4/21/2019 5:59,5:59,5,0,1,I25 SOUTHBOUND OFF RAMP & SIXTH AVENUE WEST,1,2,0,0,2,7,,0,45,0,0,0,0,2,1,1,13
,2019-28455,39.725521,-105.013084,9/18/2019 13:25,13:25,15,0,0,I25 SOUTHBOUND OFF RAMP & SIXTH AVENUE WEST,1,1,0,0,1,7,,0,55,0,0,0,0,0,1,2,8
,2019-28456,39.725521,-105.013084,10/2/2019 1:56,1:56,5,0,0,I25 SOUTHBOUND OFF RAMP & SIXTH AVENUE WEST,2,4,1,1,2,7,,0,55,0,0,0,0,0,1,1,8