id,drcog_id,latitude,longitude,crashtime,time,crashtype,numbkilled,numbinjurd,drcoglocat,rdconditin,lightngcon,roadcntgrd,weatherco,location,roaddescrp,schoolzone,constrzone,splimit,bikeinv,sctrinv,pedinv,motoinv,svrty,rdsystem,ttlvehcls,hcf
,2019-28457,39.725521,-105.013084,10/2/2019 10:10,10:10,5,0,0,I25 SOUTHBOUND OFF RAMP & SIXTH AVENUE WEST,1,1,0,0,2,7,,0,55,0,0,0,0,0,1,1,3
,2019-28458,39.725521,-105.013084,11/14/2019 14:43,14:43,15,0,0,I25 SOUTHBOUND OFF RAMP TO & SIXTH AVENUE WEST,1,1,0,0,1,7,,0,55,0,0,0,0,0,1,2,3
,2019-28459,39.725521,-105.013084,11/25/2019 22:39,22:39,15,0,0,I25 SOUTHBOUND OFF RAMP TO & SIXTH AVENUE WB,11,3,0,2,1,7,,0,55,0,0,0,0,0,1,2,14
,2019-2846,39.73549,-105.025291,12/18/2019 11:40,11:40,12,0,0,FEDERAL BOULEVARD NORTH & HOLDEN PLACE WEST,1,1,0,0,1,3,,0,35,0,0,0,0,0,2,2,13
,2019-28460,39.725521,-105.013084,6/19/2019 12:14,12:14,15,0,0,I25 SOUTHBOUND ON RAMP & SIXTH AVENUE EASTBOUND,1,1,0,0,1,7,,0,55,0,0,0,0,0,1,2,13
,2019-28461,39.725521,-105.013084,7/13/2019 11:10,11:10,5,0,1,I25 NORTHBOUND ON RAMP LOOP FROM & HIGHWAY 6 EASTBOUND,1,1,1,0,1,7,,0,45,0,0,0,0,2,1,1,7
,2019-28462,39.725613,-105.013148,6/18/2019 7:35,7:35,12,0,0,I25 & EIGHTH AVENUE WEST,1,1,1,0,1,4,,0,55,0,0,0,0,0,1,2,13
,2019-28463,39.725613,-105.013148,7/17/2019 20:45,20:45,15,0,0,I25 & EIGHTH AVENUE WEST,1,2,0,0,1,4,,0,65,0,0,0,0,0,1,2,12
,2019-28464,39.725613,-105.013148,9/22/2019 20:48,20:48,15,0,0,I25 SOUTHBOUND OFF RAMP TO & HIGHWAY 6 DISTRIBUTOR GORE POINT,1,3,0,0,1,7,,0,45,0,0,0,0,0,1,3,14
,2019-28465,39.725613,-105.013148,1/30/2019 9:51,9:51,12,0,1,I25 NORTHBOUND ON RAMP & SIXTH AVENUE WEST,2,1,1,0,1,7,,0,65,0,0,0,0,1,1,2,14
,2019-28466,39.750765,-105.016809,12/5/2019 19:05,19:05,15,0,0,I25 & 23RD AVENUE WEST,2,3,1,2,1,4,,0,,0,0,0,0,0,1,2,13
,2019-28467,39.725613,-105.013148,11/15/2019 20:15,20:15,15,0,0,I25 NORTHBOUND OFF RAMP LOOP TO & HIGHWAY 6 WB,1,4,0,0,1,7,,0,60,0,0,0,0,0,1,2,7
,2019-28468,39.725796,-105.013276,1/10/2019 19:01,19:01,15,0,0,I25 & EIGHTH AVENUE WEST EXIT GORE,1,3,0,0,1,4,,0,55,0,0,0,0,0,1,2,13
,2019-28469,39.725796,-105.013276,2/2/2019 18:01,18:01,12,0,1,I25 & SIXTH AVENUE WEST,1,4,0,0,1,4,,0,55,0,0,0,0,1,1,2,13
,2019-28470,39.725796,-105.013276,3/15/2019 16:12,16:12,12,0,0,I25 NORTHBOUND & SIXTH AVENUE WEST,1,1,1,0,1,4,,0,65,0,0,0,0,0,1,2,13
,2019-28471,39.725796,-105.013276,7/20/2019 15:20,15:20,12,0,0,I25 & SIXTH AVENUE WEST,2,1,0,1,1,4,,0,35,0,0,0,0,0,1,2,7
,2019-28472,39.725796,-105.013276,11/21/2019 15:53,15:53,12,0,0,I25 & SIXTH AVENUE WEST,2,2,0,2,1,4,,0,55,0,0,0,0,0,1,2,13
,2019-28473,39.725796,-105.013276,5/22/2019 14:43,14:43,12,0,0,I25 SOUTHBOUND ON RAMP LOOP & SIXTH AVENUE WEST,1,1,1,0,1,7,,0,45,0,0,0,0,0,1,3,14
,2019-28474,39.725887,-105.01334,8/20/2019 14:43,14:43,15,0,0,I25 SOUTHBOUND ON RAMP LOOP FROM & HIGHWAY 6 WB,1,1,1,0,1,7,,0,55,0,0,0,0,0,1,2,3
,2019-28475,39.725991,-105.013409,3/21/2019 18:24,18:24,12,0,0,I25 NORTHBOUND OFF RAMP TO SIXTH AVENUE WEST & SIXTH AVENUE WEST,1,2,1,0,1,7,,0,55,0,0,0,0,0,1,2,14
,2019-28476,39.726145,-105.013499,9/30/2019 4:28,4:28,9,0,0,I25 SOUTHBOUND OFF RAMP ENTRANCE GORE POINT & SIXTH AVENUE WEST,1,3,0,0,1,7,,0,35,0,0,0,0,0,1,1,13
,2019-28477,39.726299,-105.013589,1/17/2019 14:15,14:15,12,0,0,I25 & SIXTH AVENUE SOUTHBOUND EXIT,1,1,1,0,1,4,,0,55,0,0,0,0,0,1,2,7
,2019-28478,39.726299,-105.013589,4/3/2019 16:43,16:43,12,0,0,I25 & I25 EXIT GORE POINT TO EIGHTH AVENUE WEST,1,1,1,0,1,4,,0,55,0,0,0,0,0,1,2,12
,2019-28479,39.726299,-105.013589,12/8/2019 14:47,14:47,15,0,0,I25 & SIXTH AVENUE WEST,1,1,0,0,1,4,,0,55,0,0,0,0,0,1,2,13
,2019-2848,39.729117,-105.02514,4/12/2019 1:30,1:30,6,0,0,FEDERAL BOULEVARD 800 BLOCK NORTH & EIGHTH AVENUE WEST,1,3,0,0,1,4,,0,30,0,0,0,0,0,2,2,13
,2019-28480,39.726455,-105.013672,1/23/2019 19:10,19:10,12,0,2,I25 & SIXTH AVENUE SOUTHBOUND EXIT,1,3,0,0,1,4,,0,55,0,0,0,0,1,1,2,13
,2019-28481,39.726612,-105.013753,1/23/2019 18:39,18:39,12,0,2,I25 & SIXTH AVENUE WEST,1,3,1,6,1,4,,0,55,0,0,0,0,2,1,2,5
,2019-28482,39.726612,-105.013753,5/3/2019 7:37,7:37,12,0,0,I25 & SIXTH AVENUE WEST,1,1,0,0,1,4,,0,55,0,0,0,0,0,1,2,7
,2019-28483,39.726612,-105.013753,6/22/2019 21:15,21:15,15,0,0,I25 SOUTHBOUND EXIT GORE POINT & SIXTH AVENUE WEST,2,3,0,1,1,4,,0,55,0,0,0,0,0,1,2,13
,2019-28484,39.726612,-105.013753,8/16/2019 17:33,17:33,12,0,0,I25 SOUTHBOUND EXIT GORE POINT & SIXTH AVENUE WEST,1,1,0,0,1,4,,0,55,0,0,0,0,0,1,3,14
,2019-28485,39.726612,-105.013753,11/12/2019 7:00,7:00,15,0,0,I25 SOUTHBOUND EXIT GORE POINT TO & SIXTH AVENUE WEST,1,1,0,0,1,4,,0,55,0,0,0,0,0,1,2,13
,2019-28486,39.726612,-105.013753,1/24/2019 16:56,16:56,15,0,0,I25 NORTHBOUND ON RAMP & SIXTH AVENUE WEST,2,2,1,0,1,7,,0,65,0,0,0,0,0,1,2,13
,2019-28487,39.726612,-105.013753,8/16/2019 10:53,10:53,15,0,0,I25 NORTHBOUND ON RAMP MERGE GORE POINT FROM & HIGHWAY 6 EASTBOUND & WB,1,1,1,0,1,7,,0,45,0,0,0,0,0,1,2,13
,2019-28488,39.726769,-105.013835,5/24/2019 17:57,17:57,15,0,0,I25 NORTHBOUND ON RAMP MERGE GORE POINT FROM & HIGHWAY 6 EB/WB,1,1,1,0,1,7,,0,35,0,0,0,0,0,1,2,13
,2019-28489,39.727086,-105.013984,11/22/2019 17:49,17:49,12,0,0,I25 SOUTHBOUND EXIT GORE POINT TO & SIXTH AVENUE,2,3,0,0,1,4,,0,,0,0,0,0,0,1,2,13
,2019-2849,39.696759,-105.0390315,2/26/2019 16:55,16:55,10,0,0,PATTON RIVER DRIVE SOUTH & MISSISSIPPI AVENUE WEST,1,1,0,0,1,1,,0,35,0,0,0,0,0,4,2,13
,2019-28490,39.727731,-105.014244,4/6/2019 11:30,11:30,12,0,0,I25 & EIGHTH AVENUE WEST,1,1,0,0,1,4,,0,55,0,0,0,0,0,1,2,13
,2019-28491,39.727891,-105.014302,12/17/2019 15:02,15:02,12,0,1,I25 & EIGHTH AVENUE WEST,1,1,1,0,1,4,,0,65,0,0,0,0,1,1,2,13
,2019-28492,39.728052,-105.014359,8/1/2019 15:08,15:08,15,0,0,I25 & SIXTH AVENUE WEST,1,1,0,0,1,4,,0,55,0,0,0,0,0,1,2,1
,2019-28493,39.728212,-105.014417,4/18/2019 14:00,14:00,12,0,0,I25 & SIXTH AVENUE EAST,1,1,0,0,1,4,,0,55,0,0,0,0,0,1,2,13
,2019-28494,39.728854,-105.014648,5/4/2019 10:03,10:03,15,0,0,I25 & MM 209.45,1,1,0,0,1,4,,0,55,0,0,0,0,0,1,2,13
,2019-28495,39.729014,-105.014706,3/17/2019 15:54,15:54,15,0,0,I25 & EIGHTH AVENUE WEST,1,1,1,0,1,4,,0,65,0,0,0,0,0,1,3,13
,2019-28496,39.729014,-105.014706,12/28/2019 4:55,4:55,15,0,0,I25 & SIXTH AVENUE WEST,4,3,0,2,1,4,,0,55,0,0,0,0,0,1,2,7
,2019-28497,39.729174,-105.014764,6/9/2019 19:45,19:45,12,0,0,I25 & EIGHTH AVENUE WEST,1,1,0,0,1,4,,0,65,0,0,0,0,0,1,3,13
,2019-28498,39.729334,-105.014821,1/21/2019 15:37,15:37,12,0,2,I25 & EIGHTH AVENUE WEST,1,1,1,0,1,4,,0,65,0,0,0,0,1,1,4,13
,2019-2850,39.725737,-105.024804,9/2/2019 22:15,22:15,15,0,0,FEDERAL BOULEVARD NORTH & HIGHWAY 6 WB OFF RAMP,1,4,0,0,1,1,,0,35,0,0,0,0,0,2,2,13
,2019-28500,39.729334,-105.014821,2/4/2019 14:25,14:25,12,0,2,I25 & EIGHTH AVENUE WEST,1,1,0,0,1,4,,0,55,0,0,0,0,1,1,6,5
,2019-28501,39.729334,-105.014821,2/13/2019 12:06,12:06,12,0,0,I25 & EIGHTH AVENUE WEST,1,1,0,0,1,4,,0,55,0,0,0,0,0,1,2,14
,2019-28502,39.729334,-105.014821,3/7/2019 13:48,13:48,12,0,0,I25 & EIGHTH AVENUE WEST,1,1,0,0,1,4,,0,55,0,0,0,0,0,1,2,13
,2019-28503,39.729334,-105.014821,3/15/2019 12:04,12:04,12,0,0,I25 & EIGHTH AVENUE WEST,1,1,0,0,1,4,,0,65,0,0,0,0,0,1,2,13
,2019-28504,39.729334,-105.014821,3/18/2019 18:24,18:24,12,0,0,I25 & EIGHTH AVENUE WEST,1,1,1,0,1,4,,0,55,0,0,0,0,0,1,2,13
,2019-28505,39.729334,-105.014821,3/21/2019 14:49,14:49,12,0,0,I25 & EIGHTH AVENUE WEST,1,1,0,0,1,4,,0,65,0,0,0,0,0,1,2,7
,2019-28506,39.729334,-105.014821,3/29/2019 17:39,17:39,12,0,0,I25 & EIGHTH AVENUE WEST,2,1,0,1,1,4,,0,55,0,0,0,0,0,1,2,14
,2019-28507,39.730892,-105.015365,4/21/2019 23:43,23:43,5,0,0,I25 SOUTHBOUND OFF RAMP LOOP & ZUNI STREET,1,3,0,0,2,7,,0,65,0,0,0,0,0,1,1,8
,2019-28508,39.729334,-105.014821,4/28/2019 10:30,10:30,15,0,0,I25 & EIGHTH AVENUE WEST,1,1,0,0,1,4,,0,55,0,0,0,0,0,1,2,13
,2019-28509,39.729334,-105.014821,12/2/2019 9:37,9:37,15,0,0,I25 & EIGHTH AVENUE WEST,1,1,1,0,1,4,,0,55,0,0,0,0,0,1,2,13
,2019-28510,39.729334,-105.014821,5/11/2019 13:26,13:26,12,0,0,I25 & EIGHTH AVENUE WEST,1,1,0,0,1,4,,0,65,0,0,0,0,0,1,3,13
,2019-28511,39.729334,-105.014821,6/2/2019 13:26,13:26,12,0,0,I25 & EIGHTH AVENUE WEST,1,1,0,0,1,4,,0,55,0,0,0,0,0,1,3,1
,2019-28512,39.729334,-105.014821,6/10/2019 16:43,16:43,12,0,1,I25 & EIGHTH AVENUE WEST,1,1,1,0,1,4,,0,55,0,0,0,0,1,1,2,13
,2019-28513,39.729334,-105.014821,6/15/2019 15:52,15:52,12,0,0,I25 & EIGHTH AVENUE WEST,1,1,1,0,1,4,,0,55,0,0,0,0,0,1,3,2
,2019-28514,39.729334,-105.014821,6/21/2019 17:23,17:23,12,0,0,I25 & EIGHTH AVENUE WEST,2,1,1,1,1,4,,0,65,0,0,0,0,0,1,2,13
,2019-28515,39.729334,-105.014821,6/28/2019 13:16,13:16,12,0,3,I25 & EIGHTH AVENUE WEST,1,1,1,0,1,4,,0,55,0,0,0,0,1,1,3,13
,2019-28516,39.729334,-105.014821,7/9/2019 14:41,14:41,12,0,0,I25 & EIGHTH AVENUE WEST,1,1,0,0,1,4,,0,55,0,0,0,0,0,1,2,13
,2019-28517,39.729334,-105.014821,7/10/2019 14:25,14:25,12,0,0,I25 & EIGHTH AVENUE WEST,1,1,0,0,1,4,,0,55,0,0,0,0,0,1,3,13
,2019-28518,39.729334,-105.014821,8/6/2019 12:19,12:19,12,0,0,I25 & EIGHTH AVENUE WEST,1,1,0,0,1,4,,0,55,0,0,0,0,0,1,2,13
,2019-28519,39.729334,-105.014821,8/14/2019 14:58,14:58,12,0,1,I25 & EIGHTH AVENUE WEST,1,1,1,0,1,4,,0,65,0,0,0,0,1,1,3,3
,2019-2852,39.696759,-105.0390315,11/20/2019 17:16,17:16,3,0,0,PATTON COURT SOUTH & MISSISSIPPI AVENUE WEST,2,3,1,1,1,1,,0,25,0,0,0,0,0,4,2,7
,2019-28520,39.729334,-105.014821,9/10/2019 13:48,13:48,12,0,0,I25 & EIGHTH AVENUE WEST,1,1,0,0,1,4,,0,55,0,0,0,0,0,1,2,3
,2019-28521,39.729334,-105.014821,10/2/2019 6:00,6:00,12,0,0,I25 & EIGHTH AVENUE WEST,2,3,0,1,1,4,,0,65,0,0,0,0,0,1,2,13
,2019-28522,39.729334,-105.014821,11/25/2019 10:09,10:09,12,0,0,I25 & EIGHTH AVENUE WEST,1,1,0,0,1,4,,0,55,0,0,0,0,0,1,2,14
,2019-28523,39.729334,-105.014821,12/3/2019 18:59,18:59,12,0,1,I25 & EIGHTH AVENUE WEST,2,3,0,0,1,4,,0,55,0,0,0,0,1,1,3,14
,2019-28524,39.729334,-105.014821,12/17/2019 7:00,7:00,12,0,1,I25 & EIGHTH AVENUE WEST,1,1,1,0,1,4,,0,65,0,0,0,0,1,1,2,13
,2019-28525,39.729334,-105.014821,2/12/2019 18:25,18:25,12,0,0,EIGHTH AVENUE WEST & WYANDOT STREET NORTH,1,3,0,0,1,1,,0,35,0,0,0,0,0,1,3,13
,2019-28526,39.729334,-105.014821,4/8/2019 14:22,14:22,1,0,1,EIGHTH AVENUE WEST & WYANDOT STREET NORTH,1,1,0,0,1,1,,0,30,0,0,0,0,1,1,2,13
,2019-28527,39.729334,-105.014821,4/9/2019 17:19,17:19,1,0,0,EIGHTH AVENUE WEST & WYANDOT STREET NORTH,1,1,0,0,1,1,,0,30,0,0,0,0,0,1,2,13
,2019-28528,39.729334,-105.014821,4/27/2019 14:37,14:37,5,0,0,EIGHTH AVENUE WEST & WYANDOT STREET NORTH,1,1,1,0,3,1,,0,30,0,0,0,0,0,1,1,5
,2019-28529,39.729334,-105.014821,11/21/2019 5:55,5:55,1,0,1,EIGHTH AVENUE WEST & WYANDOT STREET NORTH,2,3,0,1,1,1,,0,30,0,0,0,0,1,1,2,1
,2019-2853,39.709425,-105.025076,10/22/2019 9:15,9:15,6,0,0,DAKOTA AVENUE  & FEDERAL BOULEVARD SOUTH,1,1,0,0,1,1,,0,30,0,0,0,0,0,2,2,13
,2019-28530,39.729489,-105.014877,8/18/2019 17:59,17:59,15,0,0,I25 & ALAMEDA AVENUE WEST,1,1,0,0,1,4,,0,65,0,0,0,0,0,1,2,13
,2019-28531,39.729489,-105.014877,4/12/2019 7:46,7:46,12,0,1,I25 NORTHBOUND ON RAMP & EIGHTH AVENUE WEST,1,1,1,0,1,7,,0,65,0,0,0,0,1,1,2,3
,2019-28532,39.72964,-105.014931,6/5/2019 21:35,21:35,12,0,0,I25 & EIGHTH AVENUE WEST,2,3,1,1,1,4,,0,55,0,0,0,0,0,1,2,14
,2019-28533,39.72964,-105.014931,6/22/2019 10:51,10:51,12,0,0,I25 & EIGHTH AVENUE WEST,1,1,1,0,1,4,,0,55,0,0,0,0,0,1,2,13
,2019-28534,39.72964,-105.014931,11/19/2019 18:41,18:41,12,0,0,I25 & EIGHTH AVENUE WEST,1,3,0,0,1,4,,0,55,0,0,0,0,0,1,3,13
,2019-28535,39.72964,-105.014931,9/13/2019 5:31,5:31,15,0,0,I25 NORTHBOUND ON RAMP ENTRANCE GORE POINT & SIXTH AVENUE WEST,1,3,1,0,1,7,,0,45,0,0,0,0,0,1,2,13
,2019-28536,39.729779,-105.014981,8/26/2019 14:00,14:00,15,0,0,I25 & EIGHTH AVENUE WEST,1,1,1,0,1,4,,0,55,0,0,0,0,0,1,2,7
,2019-28537,39.729919,-105.015032,3/17/2019 5:49,5:49,12,0,0,I25 & EIGHTH AVENUE WEST,1,3,0,0,1,4,,0,65,0,0,0,0,0,1,3,7
,2019-28538,39.729919,-105.015032,5/4/2019 15:14,15:14,15,0,0,I25 & EIGHTH AVENUE WEST,1,1,1,0,1,4,,0,55,0,0,0,0,0,1,2,13
,2019-28539,39.729919,-105.015032,6/15/2019 15:16,15:16,12,0,0,I25 & EIGHTH AVENUE WEST,1,1,0,0,1,4,,0,65,0,0,0,0,0,1,2,13
,2019-2854,39.667707,-105.0386985,2/19/2019 9:50,9:50,3,0,0,PATTON COURT SOUTH & YALE AVENUE WEST,5,1,0,2,1,1,,0,25,0,0,0,0,0,4,2,1
,2019-28540,39.729919,-105.015032,7/19/2019 15:12,15:12,15,0,0,I25 & EIGHTH AVENUE WEST,1,1,0,0,1,4,,0,55,0,0,0,0,0,1,2,13
,2019-28541,39.729919,-105.015032,10/21/2019 13:43,13:43,5,0,1,I25 & EIGHTH AVENUE WEST,1,1,1,0,3,4,,0,55,0,0,0,0,2,1,1,3
,2019-28542,39.730058,-105.015082,8/25/2019 14:30,14:30,12,0,0,I25 NORTHBOUND ON RAMP ENTRANCE GORE POINT & SIXTH AVENUE WEST,1,1,0,0,1,7,,0,45,0,0,0,0,0,1,2,7
,2019-28543,39.730198,-105.015132,1/1/2019 20:28,20:28,5,0,1,I25 & EIGHTH AVENUE WEST,5,3,0,2,3,4,,0,65,0,0,0,0,1,1,1,13
,2019-28544,39.730198,-105.015132,1/31/2019 20:39,20:39,12,0,0,I25 & EIGHTH AVENUE WEST,1,3,0,0,1,4,,0,65,0,0,0,0,0,1,2,14
,2019-28545,39.730198,-105.015132,2/15/2019 4:19,4:19,12,0,0,I25 & EIGHTH AVENUE WEST,1,3,0,0,1,4,,0,55,0,0,0,0,0,1,2,14
,2019-28546,39.730475,-105.015227,9/7/2019 9:18,9:18,12,0,5,I25 & COLFAX AVENUE WEST,1,1,0,0,1,4,,0,55,0,0,0,0,2,1,2,13
,2019-28547,39.731799,-105.015549,7/23/2019 22:46,22:46,15,0,0,I25 SOUTHBOUND EXIT GORE POINT & EIGHTH AVENUE WEST,1,3,0,0,1,4,,0,55,0,0,0,0,0,1,2,13
,2019-28548,39.730615,-105.015273,7/4/2019 19:50,19:50,15,0,0,I25 SOUTHBOUND ENTRANCE GORE POINT & ZUNI STREET,2,1,0,1,1,4,,0,65,0,0,0,0,0,1,2,3
,2019-28549,39.730615,-105.015273,8/19/2019 0:06,0:06,5,0,0,I25 SOUTHBOUND ENTRANCE GORE POINT & ZUNI STREET,1,3,0,0,3,4,,0,55,0,0,0,0,0,1,1,13
,2019-28550,39.730753,-105.015319,2/12/2019 17:50,17:50,12,0,0,I25 & EIGHTH AVENUE WEST,1,3,1,0,1,4,,0,55,0,0,0,0,0,1,4,3
,2019-28551,39.730892,-105.015365,11/6/2019 17:05,17:05,12,0,0,I25 NORTHBOUND ENTRANCE GORE POINT FROM & MULBERRY PLACE WEST,2,2,0,1,1,4,,0,55,0,0,0,0,0,1,2,13
,2019-28552,39.730892,-105.015365,3/31/2019 2:49,2:49,5,0,0,I25 SOUTHBOUND OFF RAMP LOOP GORE POINT TO & ZUNI STREET,1,4,0,0,2,7,,0,,0,0,0,0,0,1,1,5
,2019-28553,39.730892,-105.015365,5/6/2019 2:29,2:29,5,0,2,I25 SOUTHBOUND OFF RAMP LOOP & ZUNI STREET,1,3,1,0,2,7,,0,25,0,0,0,0,1,1,1,5
,2019-28554,39.730892,-105.015365,6/17/2019 6:10,6:10,15,0,0,I25 SOUTHBOUND OFF RAMP LOOP & ZUNI STREET,1,1,0,0,1,7,,0,55,0,0,0,0,0,1,2,13
,2019-28555,39.731033,-105.015399,4/17/2019 16:17,16:17,12,0,0,I25 SOUTHBOUND EXIT GORE POINT TO & ZUNI STREET,1,1,0,0,1,4,,0,55,0,0,0,0,0,1,2,13
,2019-28556,39.731163,-105.015431,9/18/2019 17:15,17:15,12,0,2,I25 SOUTHBOUND EXIT GORE POINT TO & ZUNI STREET / EIGHTH AVENUE WEST,1,1,0,0,1,4,,0,55,0,0,0,0,1,1,2,13
,2019-28557,39.731416,-105.015493,10/26/2019 14:20,14:20,12,0,0,I25 & MULBERRY PLACE,1,1,1,0,1,4,,0,65,0,0,0,0,0,1,3,13
,2019-28558,39.731542,-105.015521,1/9/2019 6:45,6:45,15,0,0,I25 SOUTHBOUND LOOP EXIT GORE POINT TO & ZUNI STREET / EIGHTH AVENUE EAST,1,2,1,0,1,4,,0,65,0,0,0,0,0,1,2,3
,2019-28559,39.731671,-105.015535,2/12/2019 16:15,16:15,12,0,2,I25 NORTHBOUND ON RAMP FROM & MULBERRY PLACE WEST / YUMA STREET,1,1,1,0,1,7,,0,30,0,0,0,0,1,1,2,13
,2019-2856,39.716523,-104.980302,7/6/2019 12:20,12:20,6,0,0,PEARL STREET NORTH & 1920 NORTH PEARL STREET,1,1,0,1,1,3,,0,25,0,0,0,0,0,4,2,13
,2019-28560,39.732361,-105.015591,10/22/2019 6:40,6:40,15,0,0,I25 & 10TH AVENUE WEST,1,1,0,0,1,4,,0,55,0,0,0,0,0,1,2,13
,2019-28561,39.732695,-105.01558,12/28/2019 5:01,5:01,15,0,0,I25 & EIGHTH AVENUE WEST,4,3,0,2,1,4,,0,55,0,0,0,0,0,1,2,7
,2019-28562,39.733709,-105.015399,3/5/2019 7:08,7:08,5,0,0,I25 & COLFAX AVENUE WEST,5,1,0,0,2,4,,0,65,0,0,0,0,0,1,1,1
,2019-28563,39.733709,-105.015399,10/10/2019 7:20,7:20,15,0,0,I25 & COLFAX AVENUE WEST,6,1,0,2,1,4,,0,55,0,0,0,0,0,1,2,1
,2019-28564,39.733709,-105.015399,10/10/2019 7:45,7:45,12,0,0,I25 & COLFAX AVENUE WEST,4,1,0,2,1,4,,0,65,0,0,0,0,0,1,2,13
,2019-28565,39.734329,-105.015189,11/14/2019 17:30,17:30,12,0,0,I25 & COLFAX AVENUE WEST,1,3,0,0,1,4,,0,55,0,0,0,0,0,1,2,13
,2019-28566,39.73481,-105.014961,1/24/2019 6:53,6:53,12,0,0,I25 NORTHBOUND EXIT GORE POINT TO & COLFAX AVENUE WEST,1,2,0,0,1,4,,0,,0,0,0,0,0,1,2,13
,2019-28567,39.73481,-105.014961,4/29/2019 1:44,1:44,6,0,0,I25 NORTHBOUND EXIT GORE POINT TO & COLFAX AVENUE WEST,1,3,0,0,1,4,,0,65,0,0,0,0,0,1,2,5
,2019-28568,39.73481,-105.014961,6/13/2019 16:23,16:23,12,0,1,I25 & MM 209,1,1,1,0,1,4,,0,65,0,0,0,0,2,1,3,10
,2019-28569,39.73481,-105.014961,11/10/2019 1:02,1:02,15,0,1,I25 NORTHBOUND EXIT GORE POINT TO & COLFAX AVENUE WEST,1,3,0,0,1,4,,0,65,0,0,0,0,2,1,3,5
,2019-2857,39.718332,-104.980302,11/3/2019 16:13,16:13,3,0,0,PEARL STREET NORTH & FIRST AVENUE EAST,1,1,0,0,1,1,,0,25,0,0,0,0,0,4,2,13
,2019-28570,39.734928,-105.0149,4/6/2019 22:18,22:18,12,0,0,I25 NORTHBOUND EXIT GORE POINT TO & COLFAX AVENUE WEST,1,3,0,0,1,4,,0,55,0,0,0,0,0,1,2,5
,2019-28571,39.734928,-105.0149,5/6/2019 14:10,14:10,15,0,1,I25 & COLFAX AVENUE WEST,1,1,0,0,1,4,,0,65,0,0,0,0,2,1,2,14
,2019-28572,39.734928,-105.0149,6/25/2019 12:30,12:30,12,0,0,I25 NORTHBOUND EXIT GORE POINT TO & COLFAX AVENUE WEST,1,1,0,0,1,4,,0,55,0,0,0,0,0,1,2,13
,2019-28573,39.737754,-105.013889,4/13/2019 22:05,22:05,15,0,0,I25 SOUTHBOUND ENTRANCE GORE POINT FROM & COLFAX AVENUE WEST,1,3,0,0,1,4,,0,55,0,0,0,0,0,1,2,13
,2019-28574,39.735042,-105.014841,10/26/2019 10:30,10:30,15,0,0,I25 NORTHBOUND EXIT GORE POINT TO & COLFAX AVENUE WEST,1,1,0,0,1,4,,0,55,0,0,0,1,0,1,3,7
,2019-28575,39.735157,-105.014783,9/2/2019 2:33,2:33,5,0,1,I25 SOUTHBOUND ENTRANCE GORE POINT & COLFAX AVENUE WEST,1,3,0,0,1,4,,0,55,0,0,0,0,2,1,1,5
,2019-28576,39.75103,-105.016697,5/11/2019 1:56,1:56,5,0,1,I25 & 23RD AVENUE WEST,1,3,0,0,2,4,,0,55,0,0,0,0,2,1,1,1
,2019-28577,39.735732,-105.014488,3/29/2019 22:15,22:15,12,0,0,I25 & EIGHTH AVENUE WEST,2,3,0,1,1,4,,0,65,0,0,0,0,0,1,3,13
,2019-28578,39.735965,-105.014382,1/9/2019 6:36,6:36,12,0,0,I25 & MM 210,1,2,0,0,1,4,,0,55,0,0,0,0,0,1,2,13
,2019-28579,39.7113,-104.8929,10/6/2019 15:51,15:51,15,0,0,I25 & MM 210,1,1,0,0,1,4,,0,65,0,0,0,0,0,1,3,13
,2019-2858,39.78591364,-104.9800299,2/7/2019 16:20,16:20,5,0,0,PEARL STREET & 2102 SOUTH,4,1,0,0,3,4,,0,35,0,0,0,0,0,4,1,13
,2019-28580,39.741981,-105.014594,12/28/2019 17:54,17:54,12,0,0,I25 & AURARIA PARKWAY,4,3,0,2,1,4,,0,55,0,0,0,0,0,1,2,5
,2019-28581,39.736865,-105.014066,4/21/2019 14:56,14:56,12,0,0,I25 & COLFAX AVENUE WEST,1,1,0,0,1,4,,0,55,0,0,0,0,0,1,3,13
,2019-28582,39.736865,-105.014066,4/28/2019 11:45,11:45,12,0,1,I25 & COLFAX AVENUE WEST,1,1,0,0,1,4,,0,55,0,0,0,0,1,1,3,8
,2019-28583,39.736865,-105.014066,5/4/2019 20:00,20:00,15,0,0,I25 & 13TH AVENUE WEST,1,2,1,0,1,4,,0,55,0,0,0,0,0,1,2,13
,2019-28584,39.736865,-105.014066,5/5/2019 12:37,12:37,12,0,0,I25 & COLFAX AVENUE WEST,1,1,0,0,1,4,,0,65,0,0,0,0,0,1,2,13
,2019-28585,39.736865,-105.014066,8/2/2019 10:46,10:46,15,0,0,I25 & COLFAX AVENUE WEST,1,1,0,0,1,4,,0,55,0,0,0,0,0,1,2,13
,2019-28586,39.736865,-105.014066,11/6/2019 16:10,16:10,15,0,0,I25 & COLFAX AVENUE WEST,1,1,0,0,1,4,,0,65,0,0,0,0,0,1,2,13
,2019-28587,39.737352,-105.013947,11/8/2019 16:21,16:21,15,0,0,I25 NORTHBOUND EXIT GORE POINT TO & AURARIA PARKWAY,1,5,0,0,1,4,,0,55,0,0,0,0,0,1,3,13
,2019-28588,39.737517,-105.013923,1/25/2019 7:37,7:37,12,0,0,20TH STREET & I25 SOUTHBOUND OFF RAMP,2,1,1,0,1,1,,0,,0,0,0,0,0,1,2,13
,2019-28589,39.737651,-105.013904,3/22/2019 21:15,21:15,12,0,0,I25 & 23RD AVENUE WEST,2,4,0,1,1,4,,0,55,0,0,0,0,0,1,2,13