id,drcog_id,latitude,longitude,crashtime,time,crashtype,numbkilled,numbinjurd,drcoglocat,rdconditin,lightngcon,roadcntgrd,weatherco,location,roaddescrp,schoolzone,constrzone,splimit,bikeinv,sctrinv,pedinv,motoinv,svrty,rdsystem,ttlvehcls,hcf
,2019-28590,39.737754,-105.013889,4/27/2019 23:39,23:39,15,0,0,I25 SOUTHBOUND ENTRANCE GORE POINT FROM & COLFAX AVENUE WEST,1,3,0,0,1,4,,0,65,0,0,0,0,0,1,2,13
,2019-28591,39.737754,-105.013889,6/4/2019 13:51,13:51,12,0,0,I25 & COLFAX AVENUE WEST,1,1,0,0,1,4,,0,55,0,0,0,0,0,1,2,13
,2019-28592,39.737754,-105.013889,6/30/2019 21:51,21:51,12,0,0,I25 & COLFAX AVENUE WEST,1,3,0,0,1,4,,0,55,0,0,0,0,0,1,2,13
,2019-28593,39.737754,-105.013889,7/11/2019 14:53,14:53,12,0,1,I25 & COLFAX AVENUE WEST,1,1,0,0,1,4,,0,55,0,0,0,0,1,1,2,13
,2019-28594,39.737754,-105.013889,12/13/2019 12:43,12:43,15,0,0,I25 & COLFAX AVENUE WEST,1,1,0,0,1,4,,0,65,0,0,0,0,0,1,2,13
,2019-28595,39.737964,-105.013859,8/1/2019 13:23,13:23,12,0,0,I25 NORTHBOUND EXIT GORE POINT & AURARIA PARKWAY,1,1,0,0,1,4,,0,55,0,0,0,0,0,1,2,1
,2019-28596,39.738175,-105.013848,6/6/2019 6:23,6:23,12,0,0,I25 & AURARIA PARKWAY,1,1,2,0,1,4,,0,35,0,0,0,0,0,1,2,12
,2019-28597,39.738175,-105.013848,10/31/2019 16:17,16:17,12,0,0,I25 NORTHBOUND EXIT GORE POINT TO & AURARIA PARKWAY,2,1,0,0,1,4,,0,55,0,0,0,0,0,1,2,7
,2019-28598,39.73828,-105.013843,10/29/2019 15:51,15:51,12,0,1,I25 NORTHBOUND EXIT GORE POINT TO & AURARIA PARKWAY,4,1,1,2,1,4,,0,55,0,0,0,0,1,1,2,13
,2019-28599,39.738384,-105.013839,3/20/2019 16:32,16:32,12,0,1,I25 NORTHBOUND EXIT GORE POINT TO & AURARIA PARKWAY,1,1,0,0,1,4,,0,55,0,0,0,0,1,1,2,14
,2019-28600,39.738384,-105.013839,7/30/2019 14:18,14:18,12,0,0,I25 NORTHBOUND EXIT GORE POINT & AURARIA PARKWAY,1,1,0,0,1,4,,0,55,0,0,0,0,0,1,2,2
,2019-28601,39.738384,-105.013839,8/27/2019 13:45,13:45,15,0,0,I25 NORTHBOUND EXIT GORE POINT & AURARIA PARKWAY,1,1,0,0,1,4,,0,55,0,0,0,0,0,1,2,3
,2019-28602,39.738384,-105.013839,4/30/2019 11:18,11:18,15,0,0,I25 NORTHBOUND DISTRIBUTOR RAMP GORE POINT TO & AURARIA PARKWAY,1,1,1,0,1,7,,0,55,0,0,0,0,0,1,2,1
,2019-28603,39.738697,-105.013832,9/27/2019 15:13,15:13,12,0,0,I25 & COLFAX AVENUE WEST,1,1,1,0,1,4,,0,55,0,0,0,0,0,1,3,13
,2019-28604,39.738802,-105.013838,12/16/2019 14:20,14:20,15,0,1,I25 & COLFAX AVENUE WEST,1,1,1,0,1,4,,0,65,0,0,0,1,1,1,2,8
,2019-28605,39.783138,-105.006328,1/29/2019 14:31,14:31,12,0,0,I70 & PECOS STREET NORTH,2,1,0,0,1,4,,0,55,0,0,0,0,0,1,2,13
,2019-28606,39.738907,-105.013844,7/25/2019 15:50,15:50,12,0,0,I25 & COLFAX AVENUE WEST,1,1,0,0,1,4,,0,55,0,0,0,0,0,1,2,13
,2019-28607,39.738907,-105.013844,11/2/2019 12:39,12:39,12,0,0,I25 & COLFAX AVENUE WEST,1,1,0,0,1,4,,0,55,0,0,0,0,0,1,2,13
,2019-28608,39.739117,-105.013856,1/3/2019 19:41,19:41,15,0,0,I25 & COLFAX AVENUE WEST,1,3,0,0,1,4,,0,55,0,0,0,0,0,1,2,13
,2019-28609,39.739117,-105.013856,9/18/2019 16:05,16:05,12,0,0,I25 & COLFAX AVENUE WEST,1,1,0,0,1,4,,0,55,0,0,0,0,0,1,2,13
,2019-2861,39.730428,-104.9799285,7/17/2019 8:50,8:50,3,0,0,PEARL STREET NORTH & NINTH AVENUE EAST,1,1,1,0,1,1,,0,25,0,0,0,0,0,4,2,13
,2019-28610,39.739117,-105.013856,10/14/2019 15:49,15:49,12,0,0,I25 & COLFAX AVENUE WEST,1,1,0,0,1,4,,0,55,0,0,0,0,0,1,2,13
,2019-28611,39.739117,-105.013856,12/1/2019 18:55,18:55,12,0,0,I25 & COLFAX AVENUE WEST,2,3,0,0,1,4,,0,65,0,0,0,0,0,1,2,12
,2019-28612,39.739366,-105.01387,11/22/2019 19:19,19:19,12,0,0,I25 & COLFAX AVENUE WEST,2,3,1,0,1,4,,0,65,0,0,0,0,0,1,2,3
,2019-28613,39.739366,-105.01387,12/7/2019 18:36,18:36,12,0,0,I25 & COLFAX AVENUE WEST,1,3,0,0,1,4,,0,65,0,0,0,0,0,1,2,13
,2019-28614,39.739838,-105.013897,10/16/2019 6:40,6:40,12,0,0,I25 & COLFAX AVENUE WEST,1,1,1,0,1,4,,0,65,0,0,0,0,0,1,2,3
,2019-28615,39.739838,-105.013897,12/15/2019 3:42,3:42,5,0,1,I25 NORTHBOUND OFF RAMP TO & COLFAX AVENUE WEST,1,3,0,4,2,7,,0,45,0,0,0,0,2,1,1,10
,2019-28616,39.740095,-105.013916,1/8/2019 16:46,16:46,15,0,0,I25 & COLFAX AVENUE WEST,1,1,1,0,1,4,,0,55,0,0,0,0,0,1,2,5
,2019-28617,39.740095,-105.013916,3/3/2019 16:49,16:49,15,0,0,I25 & COLFAX AVENUE WEST,4,1,0,2,1,4,,0,55,0,0,0,0,0,1,2,14
,2019-28618,39.740095,-105.013916,4/18/2019 5:30,5:30,5,0,0,I25 & COLFAX AVENUE WEST,1,3,0,0,1,4,,0,55,0,0,0,0,0,1,2,13
,2019-28619,39.740095,-105.013916,4/18/2019 14:20,14:20,12,0,0,I25 & COLFAX AVENUE WEST,1,1,0,0,1,4,,0,55,0,0,0,0,0,1,2,13
,2019-2862,39.711123,-104.980383,8/17/2019 9:33,9:33,3,0,0,PEARL STREET SOUTH & ALAMEDA AVENUE EAST,1,1,0,0,1,1,,0,35,0,0,0,0,0,4,2,13
,2019-28620,39.74035,-105.013939,3/19/2019 12:07,12:07,12,0,1,I25 & COLFAX AVENUE WEST,1,1,1,0,1,4,,0,35,0,0,0,0,1,1,2,13
,2019-28621,39.740095,-105.013916,2/19/2019 10:23,10:23,15,0,1,I25 NORTHBOUND OFF RAMP & COLFAX AVENUE WEST,1,1,0,0,1,7,,0,35,0,0,0,0,1,1,2,14
,2019-28622,39.740095,-105.013916,6/2/2019 10:57,10:57,12,0,0,I25 NORTHBOUND OFF RAMP SLIP & COLFAX AVENUE WEST,1,1,0,0,1,7,,0,35,0,0,0,0,0,1,2,13
,2019-28623,39.740095,-105.013916,7/28/2019 10:07,10:07,12,0,0,I25 NORTHBOUND OFF RAMP SLIP & COLFAX AVENUE WEST,1,1,0,0,1,7,,0,35,0,0,0,0,0,1,2,13
,2019-28624,39.740095,-105.013916,8/19/2019 16:15,16:15,12,0,2,I25 NORTHBOUND OFF RAMP SLIP & COLFAX AVENUE WEST,1,1,0,0,1,7,,0,35,0,0,0,0,1,1,2,14
,2019-28625,39.740095,-105.013916,12/10/2019 12:07,12:07,12,0,0,I25 NORTHBOUND OFF RAMP SLIP & COLFAX AVENUE WEST,1,1,1,0,1,7,,0,45,0,0,0,0,0,1,2,13
,2019-28626,39.74035,-105.013939,1/7/2019 18:08,18:08,12,0,0,I25 & 17TH AVENUE WEST,1,1,1,0,1,4,,0,55,0,0,0,0,0,1,2,13
,2019-28627,39.74035,-105.013939,1/15/2019 11:59,11:59,15,0,0,I25 & COLFAX AVENUE WEST,1,1,1,0,1,4,,0,55,0,0,0,0,0,1,2,13
,2019-28628,39.74035,-105.013939,2/12/2019 12:51,12:51,12,0,0,I25 & COLFAX AVENUE WEST,1,1,0,0,1,4,,0,65,0,0,0,0,0,1,2,13
,2019-28629,39.74035,-105.013939,2/16/2019 13:47,13:47,15,0,0,I25 & COLFAX AVENUE WEST,2,1,0,2,1,4,,0,65,0,0,0,0,0,1,2,3
,2019-2863,39.680352,-104.980509,5/21/2019 18:20,18:20,3,0,0,PEARL STREET SOUTH & ASBURY AVENUE EAST,1,1,0,0,1,1,,0,25,0,0,0,0,0,4,2,13
,2019-28630,39.74035,-105.013939,2/19/2019 14:33,14:33,12,0,2,I25 & COLFAX AVENUE WEST,1,1,1,0,1,4,,0,55,0,0,0,0,1,1,2,13
,2019-28631,39.74035,-105.013939,2/19/2019 19:45,19:45,15,0,0,I25 & COLFAX AVENUE WEST,4,1,0,2,1,4,,0,65,0,0,0,0,0,1,2,13
,2019-28632,39.74035,-105.013939,2/22/2019 17:25,17:25,12,0,1,I25 & COLFAX AVENUE WEST,2,2,1,2,1,4,,0,55,0,0,0,0,1,1,2,13
,2019-28633,39.74035,-105.013939,3/7/2019 17:04,17:04,12,0,1,I25 & COLFAX AVENUE WEST,2,1,1,0,1,4,,0,55,0,0,0,0,1,1,2,13
,2019-28634,39.74035,-105.013939,3/9/2019 19:12,19:12,12,0,0,I25 & COLFAX AVENUE WEST,1,3,0,0,1,4,,0,55,0,0,0,0,0,1,3,1
,2019-28635,39.74035,-105.013939,4/3/2019 7:11,7:11,15,0,0,I25 & COLFAX AVENUE WEST,1,1,0,0,1,4,,0,55,0,0,0,0,0,1,2,13
,2019-28636,39.74035,-105.013939,4/23/2019 16:50,16:50,12,0,0,I25 & COLFAX AVENUE WEST,1,1,0,0,1,4,,0,55,0,0,0,0,0,1,3,12
,2019-28637,39.74035,-105.013939,4/30/2019 7:00,7:00,12,0,1,I25 & COLFAX AVENUE WEST,2,1,0,0,1,4,,0,55,0,0,0,0,1,1,2,13
,2019-28638,39.74035,-105.013939,4/30/2019 13:49,13:49,15,0,0,I25 & COLFAX AVENUE WEST,1,1,0,0,1,4,,0,55,0,0,0,0,0,1,2,1
,2019-28639,39.74035,-105.013939,5/3/2019 16:33,16:33,12,0,0,I25 & COLFAX AVENUE WEST,1,1,1,0,1,4,,0,55,0,0,0,0,0,1,2,13
,2019-28640,39.74035,-105.013939,5/8/2019 10:55,10:55,12,0,0,I25 & COLFAX AVENUE WEST,1,1,1,0,1,4,,0,55,0,0,0,0,0,1,2,13
,2019-28641,39.74035,-105.013939,5/8/2019 12:21,12:21,12,0,0,I25 & COLFAX AVENUE WEST,2,1,0,1,1,4,,0,55,0,0,0,0,0,1,2,13
,2019-28642,39.74035,-105.013939,5/28/2019 15:30,15:30,12,0,0,I25 & COLFAX AVENUE WEST,2,1,0,1,1,4,,0,35,0,0,0,0,0,1,2,13
,2019-28643,39.74035,-105.013939,5/30/2019 19:35,19:35,12,0,0,I25 & COLFAX AVENUE WEST,1,3,1,0,1,4,,0,65,0,0,0,0,0,1,2,7
,2019-28644,39.74035,-105.013939,6/5/2019 15:15,15:15,15,0,2,I25 & COLFAX AVENUE WEST,1,1,1,0,1,4,,0,55,0,0,0,0,1,1,2,10
,2019-28645,39.74035,-105.013939,7/19/2019 7:10,7:10,15,0,0,I25 & COLFAX AVENUE WEST,1,1,0,0,1,4,,0,65,0,0,0,0,0,1,2,13
,2019-28646,39.74035,-105.013939,7/19/2019 18:00,18:00,15,0,0,I25 & COLFAX AVENUE WEST,1,1,0,0,1,4,,0,65,0,0,0,0,0,1,2,14
,2019-28647,39.74035,-105.013939,10/15/2019 15:50,15:50,12,0,0,I25 & COLFAX AVENUE WEST,1,1,0,0,1,4,,0,55,0,0,0,0,0,1,2,3
,2019-28648,39.74035,-105.013939,8/1/2019 14:45,14:45,12,0,0,I25 & COLFAX AVENUE WEST,1,1,0,0,1,4,,0,55,0,0,0,0,0,1,3,3
,2019-28649,39.74035,-105.013939,8/8/2019 14:10,14:10,15,0,0,I25 & COLFAX AVENUE WEST,1,1,1,0,1,4,,0,55,0,0,0,0,0,1,2,13
,2019-28650,39.74035,-105.013939,8/12/2019 17:37,17:37,12,0,0,I25 & COLFAX AVENUE WEST,1,2,1,0,1,4,,0,55,0,0,0,0,0,1,2,13
,2019-28651,39.74035,-105.013939,8/22/2019 11:19,11:19,12,0,0,I25 & COLFAX AVENUE WEST,1,1,0,0,1,4,,0,55,0,0,0,0,0,1,2,3
,2019-28652,39.74035,-105.013939,9/6/2019 15:29,15:29,12,0,0,I25 & COLFAX AVENUE WEST,1,1,1,0,1,4,,0,55,0,0,0,0,0,1,3,3
,2019-28653,39.74035,-105.013939,9/9/2019 15:19,15:19,12,0,1,I25 & COLFAX AVENUE WEST,1,1,1,0,1,4,,0,55,0,0,0,0,1,1,2,3
,2019-28654,39.74035,-105.013939,9/10/2019 13:10,13:10,15,0,0,I25 & COLFAX AVENUE WEST,1,1,1,0,1,4,,0,65,0,0,0,0,0,1,2,5
,2019-28655,39.74035,-105.013939,9/10/2019 17:29,17:29,12,0,0,I25 & COLFAX AVENUE WEST,1,1,1,0,1,4,,0,55,0,0,0,0,0,1,2,3
,2019-28656,39.74035,-105.013939,9/20/2019 14:43,14:43,12,0,0,I25 & COLFAX AVENUE WEST,1,1,0,0,1,4,,0,65,0,0,0,0,0,1,2,13
,2019-28657,39.74035,-105.013939,9/24/2019 15:45,15:45,12,0,1,I25 & COLFAX AVENUE WEST,1,1,0,0,1,4,,0,55,0,0,0,0,1,1,2,3
,2019-28658,39.74035,-105.013939,10/1/2019 12:36,12:36,12,0,0,I25 & COLFAX AVENUE WEST,1,1,0,0,1,4,,0,55,0,0,0,0,0,1,2,3
,2019-28659,39.74035,-105.013939,10/2/2019 5:55,5:55,15,0,0,I25 & COLFAX AVENUE WEST,2,4,1,1,1,4,,0,55,0,0,0,0,0,1,2,1
,2019-2866,39.707487,-104.980428,2/18/2019 13:20,13:20,3,0,1,PEARL STREET SOUTH & VIRGINIA AVENUE EAST,1,1,0,0,1,1,,0,25,0,0,0,0,1,4,2,13
,2019-28660,39.74035,-105.013939,10/7/2019 13:38,13:38,12,0,1,I25 & COLFAX AVENUE WEST,1,1,1,0,1,4,,0,55,0,0,0,0,2,1,2,7
,2019-28661,39.74035,-105.013939,10/8/2019 6:26,6:26,12,0,0,I25 & COLFAX AVENUE WEST,1,1,1,0,1,4,,0,55,0,0,0,0,0,1,4,14
,2019-28662,39.768039,-104.994789,11/28/2019 17:57,17:57,15,0,0,FOX STREET NORTH & 38TH AVENUE WEST,2,3,0,0,1,4,,0,,0,0,0,0,0,1,2,13
,2019-28663,39.74035,-105.013939,10/24/2019 13:15,13:15,12,0,0,I25 & COLFAX AVENUE WEST,1,1,1,0,1,4,,0,65,0,0,0,0,0,1,2,3
,2019-28664,39.74035,-105.013939,10/25/2019 12:20,12:20,12,0,0,I25 & COLFAX AVENUE WEST,1,1,1,0,1,4,,0,55,0,0,0,0,0,1,2,3
,2019-28665,39.74035,-105.013939,11/2/2019 13:45,13:45,12,0,0,I25 & COLFAX AVENUE WEST,1,1,0,0,1,4,,0,55,0,0,0,0,0,1,2,13
,2019-28666,39.74035,-105.013939,11/15/2019 16:42,16:42,5,0,0,I25 & COLFAX AVENUE WEST,1,1,0,0,1,4,,0,55,0,0,0,0,0,1,2,13
,2019-28667,39.74035,-105.013939,11/22/2019 19:05,19:05,15,0,0,I25 & COLFAX AVENUE WEST,1,1,0,0,1,4,,0,55,0,0,0,0,0,1,2,13
,2019-28668,39.74035,-105.013939,12/6/2019 7:25,7:25,12,0,0,I25 & COLFAX AVENUE WEST,5,1,0,0,1,4,,0,65,0,0,0,0,0,1,3,14
,2019-28669,39.74035,-105.013939,12/12/2019 4:55,4:55,12,0,0,I25 & COLFAX AVENUE WEST,1,3,0,0,1,4,,0,55,0,0,0,0,0,1,3,13
,2019-2867,39.764421,-105.0064515,2/13/2019 10:03,10:03,3,0,0,PECOS STREET NORTH & 34TH AVENUE WEST,1,1,0,0,1,1,,0,30,0,0,0,0,0,4,2,13
,2019-28670,39.74035,-105.013939,12/12/2019 5:36,5:36,15,0,0,I25 & COLFAX AVENUE WEST,1,3,0,0,1,4,,0,55,0,0,0,0,0,1,2,7
,2019-28671,39.74035,-105.013939,12/29/2019 14:04,14:04,5,0,0,I25 & COLFAX AVENUE WEST,2,1,1,0,1,4,,0,55,0,0,0,0,0,1,2,13
,2019-28672,39.740507,-105.013959,4/18/2019 6:55,6:55,15,0,0,I25 & COLFAX AVENUE WEST,1,1,0,0,1,4,,0,55,0,0,0,0,0,1,2,13
,2019-28673,39.740507,-105.013959,4/27/2019 22:34,22:34,12,0,1,I25 & COLFAX AVENUE WEST,1,3,0,0,1,4,,0,65,0,0,0,0,1,1,3,13
,2019-28674,39.740507,-105.013959,3/31/2019 15:07,15:07,5,0,1,I25 NORTHBOUND ON RAMP & COLFAX AVENUE WEST,1,1,0,0,2,7,,0,55,0,0,0,0,1,1,1,14
,2019-28675,39.741223,-105.01417,12/26/2019 10:56,10:56,15,0,0,I25 & COLFAX AVENUE WEST,1,1,1,0,1,4,,0,55,0,0,0,0,0,1,2,13
,2019-28676,39.740507,-105.013959,12/1/2019 18:03,18:03,12,0,0,I25 NORTHBOUND ON RAMP FROM & COLFAX AVENUE WEST,2,3,1,0,1,7,,0,40,0,0,0,0,0,1,2,13
,2019-28677,39.740507,-105.013959,11/7/2019 14:50,14:50,12,0,0,I25 SOUTHBOUND OFF RAMP TO & COLFAX AVENUE WEST,1,1,0,0,1,7,,0,35,0,0,0,0,0,1,3,5
,2019-28678,39.740652,-105.013983,1/18/2019 20:00,20:00,12,0,0,I25 & COLFAX AVENUE WEST,2,3,0,0,1,4,,0,65,0,0,0,0,0,1,2,13
,2019-28679,39.740652,-105.013983,2/19/2019 21:54,21:54,12,0,0,I25 & COLFAX AVENUE WEST,11,4,0,2,1,4,,0,,0,0,0,0,0,1,2,3
,2019-28680,39.740796,-105.014021,11/7/2019 17:00,17:00,12,0,0,I25 & COLFAX AVENUE WEST,1,2,0,0,1,4,,0,55,0,0,0,0,0,1,2,14
,2019-28681,39.744087,-105.016803,11/16/2019 13:00,13:00,15,0,0,I25 & 17TH AVENUE WEST,1,1,0,0,1,4,,0,55,0,0,0,0,0,1,2,12
,2019-28682,39.74094,-105.014063,2/8/2019 14:51,14:51,15,0,0,I25 & COLFAX AVENUE WEST,1,1,0,0,1,4,,0,55,0,0,0,0,0,1,2,13
,2019-28683,39.74094,-105.014063,7/11/2019 16:13,16:13,12,0,1,I25 & COLFAX AVENUE WEST,1,1,1,0,1,4,,0,55,0,0,0,0,2,1,2,13
,2019-28684,39.74094,-105.014063,9/14/2019 18:21,18:21,12,0,0,I25 & COLFAX AVENUE WEST,1,1,0,0,1,4,,0,55,0,0,0,0,0,1,2,13
,2019-28685,39.74094,-105.014063,1/20/2019 1:33,1:33,5,0,0,I25 NORTHBOUND ON RAMP & COLFAX AVENUE WEST,1,3,0,0,2,7,,0,35,0,0,0,0,0,1,1,14
,2019-28686,39.741082,-105.014115,12/25/2019 22:15,22:15,12,0,0,I25 & COLFAX AVENUE WEST,1,3,0,0,1,4,,0,65,0,0,0,0,0,1,2,13
,2019-28687,39.741082,-105.014115,10/10/2019 8:50,8:50,15,0,1,I25 NORTHBOUND DISTRIBUTOR RAMP TO  & AURARIA PARKWAY,10,1,1,2,1,7,,0,45,0,0,0,0,2,1,2,13
,2019-28688,39.741361,-105.014232,12/20/2019 16:40,16:40,12,0,0,I25 & COLFAX AVENUE WEST,1,2,0,0,1,4,,0,55,0,0,0,0,0,1,2,13
,2019-28689,39.741361,-105.014232,11/21/2019 18:30,18:30,5,0,0,I25 SOUTHBOUND ON RAMP LOOP GORE POINT FROM & AURARIA PARKWAY,5,3,1,2,2,7,,0,55,0,0,0,0,0,1,2,13
,2019-28690,39.741612,-105.014362,2/27/2019 15:12,15:12,12,0,0,I25 & COLFAX AVENUE WEST,1,1,0,0,1,4,,0,55,0,0,0,0,0,1,2,13
,2019-28691,39.741612,-105.014362,3/11/2019 0:24,0:24,15,0,0,I25 & COLFAX AVENUE WEST,1,3,0,0,1,4,,0,55,0,0,0,0,0,1,2,1
,2019-28692,39.74174,-105.014441,11/21/2019 18:30,18:30,15,0,0,I25 FLYOVER SOUTHBOUND ON RAMP FROM & AURARIA PARKWAY,5,3,1,2,1,7,,0,65,0,0,0,0,0,1,3,13
,2019-28693,39.742025,-105.014653,3/6/2019 8:00,8:00,12,0,0,I25 & AURARIA PARKWAY,1,1,0,0,1,4,,0,55,0,0,0,0,0,1,2,13
,2019-28694,39.742025,-105.014653,11/21/2019 18:30,18:30,12,0,1,I25 SOUTHBOUND ON RAMP LOOP GORE POINT FROM & AURARIA PARKWAY,5,3,1,2,1,7,,0,45,0,0,0,0,1,1,3,1
,2019-28695,39.742025,-105.014653,6/11/2019 17:32,17:32,15,0,0,I25 SOUTHBOUND DISTRIBUTOR RAMP & AURARIA PARKWAY,1,1,0,0,1,7,,0,40,0,0,0,0,0,1,2,13
,2019-28696,39.742025,-105.014653,12/3/2019 19:01,19:01,12,0,0,I25 SOUTHBOUND DISTRIBUTOR RAMP & AURARIA PARKWAY,2,3,1,0,1,7,,0,45,0,0,0,0,0,1,2,13
,2019-28697,39.742182,-105.014789,10/10/2019 10:00,10:00,12,0,0,I25 & 17TH AVENUE WEST,4,1,1,2,1,4,,0,55,0,0,0,0,0,1,2,13
,2019-28698,39.780111,-104.989556,12/19/2019 17:27,17:27,12,0,0,I70 & I25,1,3,1,0,1,7,,0,65,0,0,0,0,0,1,2,13
,2019-28699,39.743081,-105.015682,1/7/2019 8:29,8:29,15,0,0,I25 SOUTHBOUND EXIT GORE POINT & COLFAX AVENUE WEST,1,1,0,0,1,4,,0,55,0,0,0,0,0,1,2,13
,2019-2870,39.770514,-105.006429,2/5/2019 8:15,8:15,12,0,0,PECOS STREET NORTH & 39TH AVENUE WEST,1,1,0,0,1,1,,0,30,0,0,0,0,0,4,3,13
,2019-28700,39.743081,-105.015682,3/2/2019 21:06,21:06,12,0,1,I25 SOUTHBOUND EXIT GORE POINT & COLFAX AVENUE WEST,4,3,0,2,1,4,,0,65,0,0,0,0,1,1,2,5
,2019-28701,39.743081,-105.015682,7/2/2019 11:03,11:03,15,0,0,I25 NORTHBOUND ENTRANCE GORE POINT & COLFAX AVENUE WEST,1,1,1,0,1,4,,0,55,0,0,0,0,0,1,2,13
,2019-28702,39.743081,-105.015682,9/12/2019 9:01,9:01,12,0,0,I25 SOUTHBOUND EXIT GORE POINT & COLFAX AVENUE WEST,1,1,0,0,1,4,,0,55,0,0,0,0,0,1,2,13
,2019-28703,39.743227,-105.015835,1/18/2019 17:45,17:45,5,0,0,I25 & COLFAX AVENUE WEST,4,2,0,0,1,4,,0,55,0,0,0,0,0,1,2,14
,2019-28704,39.743584,-105.016208,5/18/2019 15:20,15:20,12,0,0,I25 & 17TH AVENUE WEST,1,1,0,0,1,4,,0,15,0,0,0,0,0,1,3,13
,2019-28705,39.743813,-105.016448,1/2/2019 9:25,9:25,12,0,4,I25 & 17TH AVENUE WEST,1,1,0,0,1,4,,0,55,0,0,0,0,1,1,3,13
,2019-28706,39.743813,-105.016448,1/17/2019 16:29,16:29,12,0,0,I25 & 17TH AVENUE WEST,1,1,1,0,1,4,,0,65,0,0,0,0,0,1,3,7
,2019-28707,39.743813,-105.016448,2/1/2019 13:41,13:41,12,0,0,I25 & 17TH AVENUE WEST,1,1,1,0,1,4,,0,65,0,0,0,0,0,1,2,13
,2019-28708,39.743813,-105.016448,2/11/2019 8:30,8:30,15,0,0,I25 & 17TH AVENUE WEST,1,1,0,0,1,4,,0,55,0,0,0,0,0,1,2,13
,2019-28709,39.743813,-105.016448,3/19/2019 13:24,13:24,15,0,0,I25 & COLFAX AVENUE WEST,1,1,1,0,1,4,,0,55,0,0,0,0,0,1,2,14
,2019-2871,39.724542,-105.039459,10/6/2019 17:45,17:45,1,0,1,PERRY STREET NORTH & FIFTH AVENUE WEST,1,1,0,0,1,1,,0,30,0,0,0,0,1,4,2,13
,2019-28710,39.743813,-105.016448,3/29/2019 13:13,13:13,12,0,0,I25 & COLFAX AVENUE WEST,1,1,0,0,1,4,,0,55,0,0,0,0,0,1,3,13
,2019-28711,39.743813,-105.016448,5/13/2019 12:19,12:19,15,0,0,I25 & 17TH AVENUE WEST,1,1,0,0,1,4,,0,65,0,0,0,0,0,1,2,13
,2019-28712,39.743813,-105.016448,5/23/2019 15:50,15:50,15,0,0,I25 & 17TH AVENUE WEST,1,1,0,0,1,4,,0,55,0,0,0,0,0,1,2,7
,2019-28713,39.743813,-105.016448,5/24/2019 15:29,15:29,12,0,0,I25 & 17TH AVENUE WEST,1,1,1,0,1,4,,0,65,0,0,0,0,0,1,2,14
,2019-28714,39.743813,-105.016448,5/31/2019 15:48,15:48,12,0,1,I25 & 17TH AVENUE WEST,1,1,0,0,1,4,,0,55,0,0,0,0,1,1,4,5
,2019-28715,39.743813,-105.016448,6/6/2019 11:19,11:19,12,0,3,I25 & 17TH AVENUE WEST,1,1,0,0,1,4,,0,55,0,0,0,0,2,1,3,1
,2019-28716,39.743813,-105.016448,6/7/2019 10:34,10:34,15,0,0,I25 & 17TH AVENUE WEST,1,1,0,0,1,4,,0,65,0,0,0,0,0,1,2,3
,2019-28717,39.743813,-105.016448,6/18/2019 1:35,1:35,15,0,0,I25 SOUTHBOUND EXIT GORE POINT & COLFAX AVENUE WEST,1,3,1,0,1,4,,0,55,0,0,0,0,0,1,2,13
,2019-28718,39.779432,-104.977763,6/10/2019 17:24,17:24,12,0,1,I70 & BRIGHTON BOULEVARD NORTH,1,1,0,0,1,4,,0,55,0,0,0,0,1,1,2,13
,2019-28719,39.743813,-105.016448,6/19/2019 14:07,14:07,15,0,4,I25 & 17TH AVENUE WEST,1,1,1,0,1,4,,0,55,0,0,0,0,1,1,3,1
,2019-2872,39.770514,-105.006429,12/19/2019 13:51,13:51,3,0,0,PECOS STREET NORTH & 39TH AVENUE WEST,1,1,0,0,1,1,,0,30,0,0,0,0,0,4,3,13
,2019-28720,39.743813,-105.016448,7/16/2019 8:23,8:23,15,0,0,I25 & 17TH AVENUE WEST,1,1,0,0,1,4,,0,55,0,0,0,0,0,1,2,3
,2019-28721,39.743813,-105.016448,9/16/2019 16:31,16:31,12,0,0,I25 & 17TH AVENUE WEST,1,1,1,0,1,4,,0,55,0,0,0,0,0,1,2,12
,2019-28722,39.743813,-105.016448,10/4/2019 7:00,7:00,12,0,0,I25  & 17TH AVENUE WEST,1,1,0,0,1,4,,0,55,0,0,0,0,0,1,2,13
,2019-28723,39.743813,-105.016448,10/22/2019 11:45,11:45,12,0,1,I25 & 17TH AVENUE WEST,1,1,0,0,1,4,,0,65,0,0,0,0,1,1,2,13
,2019-28724,39.743813,-105.016448,12/16/2019 14:18,14:18,12,0,4,I25 & 17TH AVENUE WEST,1,1,0,0,1,4,,0,65,0,0,0,0,1,1,2,12
,2019-28725,39.743995,-105.01664,6/23/2019 15:00,15:00,12,0,0,I25 NORTHBOUND ENTRANCE GORE POINT & COLFAX AVENUE WEST,1,1,0,0,1,4,,0,55,0,0,0,0,0,1,2,1
,2019-28726,39.744763,-105.017338,1/12/2019 3:33,3:33,5,0,0,I25 SOUTHBOUND ENTRANCE GORE POINT FROM & 23RD AVENUE WEST,2,3,0,2,2,4,,0,55,0,0,0,0,0,1,1,13
,2019-28727,39.745171,-105.017637,11/14/2019 14:25,14:25,15,0,0,I25 NORTHBOUND EXIT GORE POINT TO & MILE HIGH STADIUM CIRCLE,1,1,1,0,1,4,,0,65,0,0,0,0,0,1,2,13
,2019-28728,39.746661,-105.018149,6/27/2019 15:10,15:10,12,0,0,I25 & COLFAX AVENUE WEST,1,1,1,0,1,4,,0,55,0,0,0,0,0,1,2,2