id,drcog_id,latitude,longitude,crashtime,time,crashtype,numbkilled,numbinjurd,drcoglocat,rdconditin,lightngcon,roadcntgrd,weatherco,location,roaddescrp,schoolzone,constrzone,splimit,bikeinv,sctrinv,pedinv,motoinv,svrty,rdsystem,ttlvehcls,hcf
,2019-28729,39.746661,-105.018149,10/22/2019 18:13,18:13,12,0,0,I25 & COLFAX AVENUE WEST,1,1,0,0,1,4,,0,55,0,0,0,0,0,1,3,1
,2019-28730,39.747614,-105.018064,4/29/2019 15:57,15:57,15,0,0,I25 & 20TH AVENUE WEST,1,1,0,0,1,4,,0,55,0,0,0,0,0,1,2,13
,2019-28731,39.747665,-105.01807,12/7/2019 13:20,13:20,12,0,0,I25 & 20TH AVENUE WEST,1,1,0,0,1,4,,0,65,0,0,0,0,0,1,4,3
,2019-28732,39.747665,-105.01807,12/18/2019 18:42,18:42,12,0,0,I25 & 20TH AVENUE WEST,1,3,0,0,1,4,,0,55,0,0,0,0,0,1,3,7
,2019-28733,39.75128,-105.0167,12/22/2019 14:50,14:50,15,0,0,I25 & 20TH AVENUE WEST,1,1,0,0,1,4,,0,55,0,0,0,0,0,1,2,13
,2019-28734,39.748504,-105.017755,10/22/2019 6:25,6:25,12,0,0,I25 & 23RD AVENUE WEST,1,3,0,0,1,4,,0,55,0,0,0,0,0,1,3,1
,2019-28735,39.748504,-105.017755,10/22/2019 6:25,6:25,12,0,0,I25 & 23RD AVENUE WEST,1,3,0,0,1,4,,0,55,0,0,0,0,0,1,2,1
,2019-28736,39.748672,-105.01769,11/5/2019 17:56,17:56,12,0,1,I25 & 23RD AVENUE WEST,1,3,0,0,1,4,,0,55,0,0,0,0,2,1,2,1
,2019-28737,39.760997,-105.004275,10/18/2019 1:45,1:45,12,0,0,I25 & 20TH STREET,1,1,0,0,1,4,,0,60,0,0,0,0,0,1,2,1
,2019-28738,39.748838,-105.01762,11/22/2019 15:15,15:15,12,0,0,I25 & 23RD AVENUE WEST,1,1,0,0,1,4,,0,55,0,0,0,0,0,1,3,8
,2019-28739,39.749338,-105.01741,9/30/2019 6:15,6:15,12,0,2,I25 NORTHBOUND EXIT GORE POINT & 23RD AVENUE WEST,1,1,0,0,1,4,,0,55,0,0,0,0,2,1,4,14
,2019-28740,39.749338,-105.01741,10/26/2019 20:36,20:36,12,0,1,I25 NORTHBOUND EXIT GORE POINT TO & 23RD AVENUE WEST,1,3,0,0,1,4,,0,65,0,0,0,0,1,1,5,8
,2019-28741,39.749338,-105.01741,12/26/2019 16:45,16:45,12,0,0,I25 NORTHBOUND EXIT GORE POINT TO & 23RD AVENUE WEST,1,2,0,0,1,4,,0,55,0,0,0,0,0,1,2,13
,2019-28742,39.749671,-105.01727,2/26/2019 14:33,14:33,12,0,0,I25 NORTHBOUND EXIT GORE POINT TO & 23RD AVENUE WEST,1,1,0,0,1,4,,0,55,0,0,0,0,0,1,2,3
,2019-28743,39.749671,-105.01727,10/26/2019 18:29,18:29,12,0,0,I25 NORTHBOUND EXIT GORE POINT TO & 23RD AVENUE WEST,1,3,0,0,1,4,,0,55,0,0,0,0,0,1,3,7
,2019-28744,39.749837,-105.017199,1/13/2019 8:35,8:35,15,0,0,I25 NORTHBOUND EXIT GORE POINT TO & 23RD AVENUE WEST,1,1,0,0,1,4,,0,55,0,0,0,0,0,1,2,3
,2019-28745,39.749837,-105.017199,1/19/2019 14:34,14:34,12,0,0,I25 NORTHBOUND EXIT GORE POINT TO & 23RD AVENUE WEST,1,1,0,0,1,4,,0,,0,0,0,0,0,1,2,13
,2019-28746,39.749837,-105.017199,1/25/2019 9:10,9:10,12,0,0,I25 & MM 211,1,1,0,0,1,4,,0,55,0,0,0,0,0,1,2,1
,2019-28747,39.749837,-105.017199,2/21/2019 13:23,13:23,12,0,0,I25 & MM 211,1,1,0,0,1,4,,0,55,0,0,0,0,0,1,3,13
,2019-28748,39.749837,-105.017199,3/22/2019 22:18,22:18,12,0,0,I25 NORTHBOUND EXIT GORE POINT TO & 23RD AVENUE WEST,2,3,0,1,1,4,,0,,0,0,0,0,0,1,2,13
,2019-28749,39.768039,-104.994789,2/17/2019 19:21,19:21,3,0,0,PARK AVENUE WEST & I25 NORTHBOUND OFF RAMP,5,3,1,2,1,1,,0,35,0,0,0,0,0,1,2,14
,2019-28750,39.760997,-105.004275,10/22/2019 8:22,8:22,12,0,0,I25 & 20TH STREET,1,1,1,0,1,4,,0,65,0,0,0,0,0,1,2,5
,2019-28751,39.76032,-105.005353,3/15/2019 17:12,17:12,12,0,1,I25 & 20TH STREET,1,1,1,0,1,4,,0,55,0,0,0,0,1,1,2,13
,2019-28752,39.749837,-105.017199,5/2/2019 19:45,19:45,12,0,0,I25 NORTHBOUND EXIT GORE POINT & 23RD AVENUE WEST,1,1,0,0,1,4,,0,55,0,0,0,0,0,1,2,13
,2019-28753,39.750897,-105.016753,1/29/2019 10:05,10:05,12,0,2,I25 & 23RD AVENUE WEST,1,1,0,0,1,4,,0,65,0,0,0,0,1,1,2,1
,2019-28754,39.75103,-105.016697,7/18/2019 17:15,17:15,12,0,0,I25 & 23RD AVENUE WEST,1,1,0,0,1,4,,0,55,0,0,0,0,0,1,2,13
,2019-28755,39.749837,-105.017199,9/19/2019 10:43,10:43,12,0,0,I25 NORTHBOUND EXIT GORE POINT & 23RD AVENUE WEST,1,1,1,0,1,4,,0,40,0,0,0,0,0,1,3,13
,2019-28756,39.74997,-105.017143,5/18/2019 19:00,19:00,15,0,0,I25 NORTHBOUND EXIT GORE POINT TO & 23RD AVENUE WEST,1,1,0,0,1,4,,0,65,0,0,0,0,0,1,2,13
,2019-28757,39.74997,-105.017143,8/11/2019 14:00,14:00,15,0,0,I25 & 23RD AVENUE WEST,1,1,0,0,1,4,,0,65,0,0,0,0,0,1,2,1
,2019-28758,39.74997,-105.017143,11/13/2019 19:16,19:16,12,0,0,I25 NORTHBOUND EXIT GORE POINT TO & 23RD AVENUE WEST,1,3,0,0,1,4,,0,55,0,0,0,0,0,1,3,13
,2019-28759,39.74997,-105.017143,11/18/2019 15:30,15:30,12,0,1,I25 NORTHBOUND EXIT GORE POINT TO & 23RD AVENUE WEST,1,1,0,0,1,4,,0,55,0,0,0,0,1,1,2,3
,2019-28760,39.750103,-105.017088,12/9/2019 16:35,16:35,12,0,0,I25 & 23RD AVENUE WEST,1,1,0,0,1,4,,0,55,0,0,0,0,0,1,2,13
,2019-28761,39.7505,-105.01692,1/10/2019 18:34,18:34,12,0,0,I25 & 23RD AVENUE WEST,1,3,0,0,1,4,,0,65,0,0,0,0,0,1,4,13
,2019-28762,39.750632,-105.016865,5/5/2019 10:39,10:39,12,0,0,I25 & 23RD AVENUE WEST,1,1,1,0,1,4,,0,55,0,0,0,0,0,1,2,13
,2019-28763,39.750632,-105.016865,8/3/2019 17:50,17:50,12,0,0,I25 & 23RD AVENUE WEST,1,1,0,0,1,4,,0,55,0,0,0,0,0,1,2,13
,2019-28764,39.750765,-105.016809,1/9/2019 17:44,17:44,12,0,0,I25 & 23RD AVENUE WEST,1,2,0,0,1,4,,0,55,0,0,0,0,0,1,2,13
,2019-28765,39.750765,-105.016809,7/27/2019 16:10,16:10,12,0,0,I25 & 23RD AVENUE WEST,1,1,0,0,1,4,,0,65,0,0,0,0,0,1,2,13
,2019-28766,39.750765,-105.016809,12/18/2019 12:05,12:05,12,0,0,I25 & 23RD AVENUE WEST,1,1,0,0,1,4,,0,35,0,0,0,0,0,1,2,13
,2019-28767,39.75103,-105.016697,9/19/2019 14:52,14:52,12,0,2,I25 & 23RD AVENUE WEST,1,1,0,0,1,4,,0,65,0,0,0,0,1,1,2,13
,2019-28768,39.75103,-105.016697,9/29/2019 14:18,14:18,12,0,0,I25 & 23RD AVENUE WEST,1,1,0,0,1,4,,0,55,0,0,0,0,0,1,2,13
,2019-28769,39.75103,-105.016697,10/9/2019 11:25,11:25,12,0,0,I25 & 23RD AVENUE WEST,1,1,0,0,1,4,,0,65,0,0,0,0,0,1,2,13
,2019-2877,39.665395,-105.025138,2/23/2019 3:45,3:45,5,0,0,FEDERAL BOULEVARD SOUTH & AMHERST AVENUE WEST,4,3,0,2,3,1,,0,40,0,0,0,0,0,2,1,7
,2019-28770,39.75103,-105.016697,11/3/2019 18:57,18:57,12,0,0,I25 & 23RD AVENUE WEST,1,3,0,0,1,4,,0,55,0,0,0,0,0,1,2,13
,2019-28771,39.75103,-105.016697,11/27/2019 17:14,17:14,12,0,0,I25 & 23RD AVENUE WEST,2,3,1,0,1,4,,0,55,0,0,0,0,0,1,2,3
,2019-28772,39.75103,-105.016697,4/5/2019 20:40,20:40,12,0,0,I25 NORTHBOUND OFF RAMP TO & 23RD AVENUE WEST,1,3,1,0,1,7,,0,55,0,0,0,0,0,1,2,13
,2019-28773,39.751162,-105.01664,1/4/2019 19:09,19:09,12,0,0,I25 & 23RD AVENUE WEST,1,3,0,0,1,4,,0,55,0,0,0,0,0,1,2,13
,2019-28774,39.751162,-105.01664,4/5/2019 21:50,21:50,12,0,0,I25 & 23RD AVENUE WEST,1,3,0,0,1,4,,0,65,0,0,0,0,0,1,2,1
,2019-28775,39.751162,-105.01664,4/12/2019 13:23,13:23,12,0,0,I25 & 23RD AVENUE WEST,1,1,1,0,1,4,,0,55,0,0,0,0,0,1,2,13
,2019-28776,39.751291,-105.016572,4/10/2019 12:24,12:24,12,0,0,I25 & 23RD AVENUE WEST,2,1,0,1,1,4,,0,55,0,0,0,0,0,1,2,13
,2019-28777,39.751162,-105.01664,6/5/2019 6:20,6:20,12,0,2,I25 & 23RD AVENUE WEST,1,1,0,0,1,4,,0,55,0,0,0,0,1,1,3,1
,2019-28778,39.751162,-105.01664,10/2/2019 16:31,16:31,12,0,0,I25 & 23RD AVENUE WEST,1,1,0,0,1,4,,0,55,0,0,0,0,0,1,2,13
,2019-28779,39.768039,-104.994789,1/25/2019 8:40,8:40,15,0,0,I25 & 38TH AVENUE WEST,1,1,0,0,1,4,,0,55,0,0,0,0,0,1,2,13
,2019-2878,39.660903,-105.025169,8/18/2019 4:58,4:58,5,0,0,FEDERAL BOULEVARD SOUTH & DARTMOUTH AVENUE WEST,1,3,0,0,3,4,,0,40,0,0,0,0,0,2,1,13
,2019-28780,39.751291,-105.016572,4/26/2019 6:53,6:53,12,0,0,I25 & 23RD AVENUE WEST,1,1,0,0,1,4,,0,65,0,0,0,0,0,1,2,13
,2019-28781,39.751162,-105.01664,2/14/2019 20:50,20:50,14,0,0,I25 SOUTHBOUND CONNECTOR RAMP & 23RD AVENUE WEST,1,1,0,0,1,7,,0,35,0,0,0,0,0,1,2,13
,2019-28782,39.751291,-105.016572,1/2/2019 9:45,9:45,12,0,0,I25 & 23RD AVENUE WEST,1,1,0,0,1,4,,0,55,0,0,0,0,0,1,2,3
,2019-28783,39.751291,-105.016572,1/7/2019 9:00,9:00,12,0,0,I25 & 23RD AVENUE WEST,1,1,0,0,1,4,,0,55,0,0,0,0,0,1,2,14
,2019-28784,39.751291,-105.016572,1/10/2019 6:34,6:34,15,0,0,I25 & 23RD AVENUE WEST,1,2,0,0,1,4,,0,65,0,0,0,0,0,1,2,13
,2019-28785,39.751291,-105.016572,1/29/2019 14:23,14:23,15,0,0,I25 & 23RD AVENUE WEST,1,1,0,0,1,4,,0,55,0,0,0,0,0,1,2,3
,2019-28786,39.751291,-105.016572,2/14/2019 17:56,17:56,12,0,0,I25 & 23RD AVENUE WEST,1,3,0,0,1,4,,0,55,0,0,0,0,0,1,3,13
,2019-28787,39.751291,-105.016572,2/28/2019 17:43,17:43,12,0,0,I25 & 23RD AVENUE WEST,1,2,1,0,1,4,,0,55,0,0,0,0,0,1,2,13
,2019-28788,39.751291,-105.016572,3/21/2019 14:23,14:23,12,0,3,I25 & 23RD AVENUE WEST,1,1,1,0,1,4,,0,55,0,0,0,0,2,1,3,13
,2019-28789,39.751291,-105.016572,3/23/2019 9:34,9:34,12,0,0,I25 & 23RD AVENUE WEST,1,1,0,0,1,4,,0,55,0,0,0,0,0,1,2,13
,2019-28790,39.751291,-105.016572,3/29/2019 20:05,20:05,12,0,0,I25 & 23RD AVENUE WEST,2,3,0,1,1,4,,0,55,0,0,0,0,0,1,2,3
,2019-28791,39.751291,-105.016572,4/1/2019 17:42,17:42,12,0,0,I25 & 23RD AVENUE WEST,1,1,0,0,1,4,,0,55,0,0,0,0,0,1,2,8
,2019-28792,39.779573,-104.9807,11/27/2019 9:53,9:53,15,0,0,I70 & WASHINGTON STREET NORTH,2,1,1,0,1,4,,0,55,0,0,0,0,0,1,2,1
,2019-28793,39.751291,-105.016572,4/13/2019 21:34,21:34,12,0,0,I25 & 23RD AVENUE WEST,1,3,0,0,1,4,,0,65,0,0,0,0,0,1,2,13
,2019-28794,39.751291,-105.016572,7/21/2019 11:32,11:32,12,0,0,I25 & 23RD AVENUE WEST,1,1,0,0,1,4,,0,55,0,0,0,0,0,1,2,13
,2019-28795,39.763616,-105.001709,10/16/2019 15:05,15:05,15,0,0,I25 SOUTHBOUND EXIT GORE POINT TO & 20TH STREET,1,1,0,0,1,4,,0,55,0,0,0,0,0,1,2,13
,2019-28796,39.751291,-105.016572,5/5/2019 16:42,16:42,12,0,2,I25 & 23RD AVENUE WEST,1,1,1,0,1,4,,0,55,0,0,0,0,1,1,2,7
,2019-28797,39.751291,-105.016572,5/8/2019 19:49,19:49,12,0,0,I25 & 23RD AVENUE WEST,2,3,1,1,1,4,,0,55,0,0,0,0,0,1,2,13
,2019-28798,39.755236,-105.012575,4/21/2019 19:26,19:26,5,0,0,I25 & SPEER BOULEVARD NORTH,1,2,0,0,2,4,,0,55,0,0,0,0,0,1,1,7
,2019-28799,39.751291,-105.016572,5/10/2019 21:24,21:24,15,0,0,I25 & 23RD AVENUE WEST,1,3,0,0,1,4,,0,55,0,0,0,0,0,1,2,13
,2019-28800,39.751291,-105.016572,5/25/2019 18:00,18:00,12,0,1,I25 & 23RD AVENUE WEST,1,1,0,0,1,4,,0,65,0,0,0,0,1,1,2,1
,2019-28801,39.751291,-105.016572,5/26/2019 17:39,17:39,12,0,0,I25 & 23RD AVENUE WEST,1,1,0,0,1,4,,0,55,0,0,0,0,0,1,3,13
,2019-28802,39.751291,-105.016572,6/3/2019 18:00,18:00,12,0,0,I25 & 23RD AVENUE WEST,1,1,0,0,1,4,,0,55,0,0,0,0,0,1,2,13
,2019-28803,39.751291,-105.016572,6/11/2019 11:35,11:35,12,0,0,I25 & 23RD AVENUE WEST,1,1,0,0,1,4,,0,55,0,0,0,0,0,1,2,13
,2019-28804,39.751291,-105.016572,6/13/2019 19:00,19:00,15,0,0,I25 & 23RD AVENUE WEST,1,1,0,0,1,4,,0,55,0,0,0,0,0,1,2,1
,2019-28805,39.751291,-105.016572,6/17/2019 17:48,17:48,12,0,2,I25 & 23RD AVENUE WEST,1,1,1,0,1,4,,0,65,0,0,0,0,1,1,2,3
,2019-28806,39.751291,-105.016572,6/20/2019 13:40,13:40,15,0,0,I25 & 23RD AVENUE WEST,1,1,0,0,1,4,,0,55,0,0,0,0,0,1,2,1
,2019-28807,39.751291,-105.016572,6/27/2019 16:59,16:59,12,0,1,I25 & 23RD AVENUE WEST,1,1,1,0,1,4,,0,55,0,0,0,0,1,1,3,13
,2019-28808,39.751291,-105.016572,7/8/2019 17:29,17:29,12,0,0,I25 & 23RD AVENUE WEST,1,1,0,0,1,4,,0,55,0,0,0,0,0,1,2,1
,2019-28809,39.751291,-105.016572,7/23/2019 13:44,13:44,12,0,1,I25 & 23RD AVENUE WEST,1,1,1,0,1,4,,0,55,0,0,0,0,1,1,2,13
,2019-2881,39.75759134,-105.0078248,3/4/2019 12:14,12:14,12,0,0,PLATTE STREET & 1400 BLOCK,5,1,1,0,1,4,,0,30,0,0,0,0,0,4,2,13
,2019-28810,39.751291,-105.016572,7/26/2019 15:03,15:03,15,0,0,I25 & 23RD AVENUE WEST,1,1,0,0,1,4,,0,65,0,0,0,0,0,1,2,13
,2019-28811,39.751291,-105.016572,7/26/2019 16:24,16:24,12,0,1,I25 & 23RD AVENUE WEST,1,1,0,0,1,4,,0,55,0,0,0,0,1,1,3,3
,2019-28812,39.751291,-105.016572,7/29/2019 16:59,16:59,12,0,0,I25 & 23RD AVENUE WEST,1,1,0,0,1,4,,0,55,0,0,0,0,0,1,2,3
,2019-28813,39.751291,-105.016572,8/2/2019 18:56,18:56,12,0,0,I25 & 23RD AVENUE WEST,1,2,1,0,1,4,,0,55,0,0,0,0,0,1,2,13
,2019-28814,39.751291,-105.016572,8/3/2019 11:03,11:03,12,0,0,I25 & 23RD AVENUE WEST,1,1,0,0,1,4,,0,55,0,0,0,0,0,1,3,13
,2019-28815,39.751291,-105.016572,8/16/2019 18:30,18:30,12,0,1,I25 & 23RD AVENUE WEST,1,1,1,0,1,4,,0,65,0,0,0,0,1,1,2,13
,2019-28816,39.751291,-105.016572,8/23/2019 14:24,14:24,12,0,1,I25 & 23RD AVENUE WEST,1,1,1,0,1,4,,0,55,0,0,0,0,1,1,2,1
,2019-28817,39.751291,-105.016572,10/8/2019 14:03,14:03,12,0,0,I25 & 23RD AVENUE WEST,1,1,0,0,1,4,,0,55,0,0,0,0,0,1,2,3
,2019-28818,39.751291,-105.016572,11/22/2019 18:25,18:25,12,0,0,I25 & 23RD AVENUE WEST,1,3,0,0,1,4,,0,55,0,0,0,0,0,1,4,8
,2019-28819,39.751291,-105.016572,12/1/2019 18:12,18:12,12,0,0,I25 & 23RD AVENUE WEST,1,3,0,0,1,4,,0,,0,0,0,0,0,1,3,13
,2019-28820,39.751289,-105.016792,12/19/2019 12:43,12:43,12,0,1,I25 & 23RD AVENUE WEST,1,1,0,0,1,4,,0,,0,0,0,0,2,1,3,13
,2019-28821,39.751291,-105.016572,7/31/2019 13:48,13:48,15,0,0,23RD AVENUE WEST & I25 SOUTHBOUND OFF RAMP,1,1,1,0,1,1,,0,35,0,0,0,0,0,1,2,13
,2019-28822,39.751291,-105.016572,8/6/2019 15:20,15:20,3,0,2,23RD AVENUE WEST & I25 SOUTHBOUND OFF RAMP,1,1,1,0,1,1,,0,30,0,0,0,0,2,1,2,8
,2019-28823,39.751291,-105.016572,10/9/2019 12:48,12:48,1,0,1,23RD AVENUE WEST & I25 SOUTHBOUND RAMPS,1,1,0,0,1,1,,0,30,0,0,0,0,1,1,2,13
,2019-28824,39.751291,-105.016572,8/2/2019 16:42,16:42,1,0,0,23RD AVENUE WEST & I25 NORTHBOUND ON RAMP,1,1,0,0,1,1,,0,35,0,0,0,0,0,1,2,13
,2019-28825,39.751291,-105.016572,9/11/2019 13:21,13:21,12,0,0,23RD AVENUE WEST & I25 NORTHBOUND ON RAMP,1,1,0,0,1,1,,0,30,0,0,0,0,0,1,2,13
,2019-28826,39.751289,-105.016792,12/23/2019 14:48,14:48,12,0,0,I25 & 23RD AVENUE WEST,1,1,0,0,1,4,,0,65,0,0,0,0,0,1,2,13
,2019-28827,39.751683,-105.016364,3/16/2019 15:24,15:24,12,0,0,I25 & 23RD AVENUE WEST,1,1,0,0,1,4,,0,55,0,0,0,0,0,1,3,13
,2019-28828,39.751683,-105.016364,12/31/2019 15:00,15:00,12,0,0,I25 & SPEER BOULEVARD NORTH,1,1,0,0,1,4,,0,55,0,0,0,0,0,1,2,7
,2019-28829,39.751812,-105.016289,12/2/2019 17:06,17:06,15,0,0,I25 & 23RD AVENUE WEST,2,3,0,0,1,4,,0,65,0,0,0,0,0,1,2,13
,2019-28830,39.752069,-105.016137,2/21/2019 22:20,22:20,15,0,1,I25 & 23RD AVENUE WEST,1,3,0,0,1,4,,0,55,0,0,0,0,1,1,2,1
,2019-28831,39.752069,-105.016137,10/13/2019 15:15,15:15,15,0,0,I25 & 23RD AVENUE WEST,1,1,0,0,1,4,,0,55,0,0,0,0,0,1,3,13
,2019-28832,39.752553,-105.015778,2/5/2019 13:27,13:27,12,0,0,I25 & SPEER BOULEVARD NORTH,1,1,1,0,1,4,,0,55,0,0,0,0,0,1,2,13
,2019-28833,39.752553,-105.015778,5/20/2019 14:23,14:23,12,0,3,I25 & 23RD AVENUE WEST,2,1,1,1,1,4,,0,55,0,0,0,0,2,1,3,13
,2019-28834,39.752553,-105.015778,8/1/2019 13:24,13:24,12,0,0,I25 & 23RD AVENUE WEST,1,1,0,0,1,4,,0,65,0,0,0,0,0,1,2,13
,2019-28835,39.752553,-105.015778,12/6/2019 22:27,22:27,15,0,0,I25 & SPEER BOULEVARD NORTH,2,3,0,0,1,4,,0,55,0,0,0,0,0,1,2,13
,2019-28836,39.753132,-105.015258,9/1/2019 20:09,20:09,15,0,0,I25 SOUTHBOUND ENTRANCE GORE POINT & SPEER BOULEVARD NORTH,1,3,0,0,1,4,,0,65,0,0,0,0,0,1,2,13
,2019-28837,39.753248,-105.015153,3/22/2019 8:30,8:30,15,0,0,I25 SOUTHBOUND ENTRANCE GORE POINT & SPEER BOULEVARD NORTH,1,1,0,0,1,4,,0,55,0,0,0,0,0,1,2,14
,2019-28838,39.75336,-105.015049,4/12/2019 13:41,13:41,15,0,2,I25 SOUTHBOUND ENTRANCE GORE POINT & SPEER BOULEVARD NORTH,1,1,1,0,1,4,,0,55,0,0,0,0,1,1,3,13
,2019-28839,39.753467,-105.014936,9/28/2019 20:30,20:30,12,0,0,I25 NORTHBOUND EXIT GORE POINT TO & SPEER BOULEVARD NORTH,1,3,0,0,1,4,,0,55,0,0,0,0,0,1,2,13
,2019-2884,39.771738,-105.006429,10/20/2019 13:30,13:30,3,0,0,PECOS STREET NORTH & 40TH AVENUE WEST,1,1,0,0,1,1,,0,30,0,0,0,0,0,4,2,7
,2019-28840,39.753573,-105.01482,1/23/2019 15:36,15:36,12,0,1,I25 NORTHBOUND EXIT GORE POINT & SPEER BOULEVARD NORTH,1,1,0,0,1,4,,0,65,0,0,0,0,1,1,2,2
,2019-28841,39.753573,-105.01482,9/8/2019 13:57,13:57,12,0,0,I25 NORTHBOUND EXIT GORE POINT & SPEER BOULEVARD NORTH,1,1,0,0,1,4,,0,55,0,0,0,0,0,1,2,1
,2019-28842,39.753573,-105.01482,9/19/2019 16:28,16:28,12,0,0,I25 NORTHBOUND EXIT GORE POINT & SPEER BOULEVARD NORTH,1,1,0,0,1,4,,0,55,0,0,0,0,0,1,4,1
,2019-28843,39.754085,-105.014188,7/3/2019 6:04,6:04,5,0,0,I25 & SPEER BOULEVARD NORTH,1,1,0,0,2,4,,0,55,0,0,0,0,0,1,2,1
,2019-28844,39.754181,-105.014053,4/19/2019 11:00,11:00,15,0,0,I25 & 23RD AVENUE WEST,1,1,1,0,1,4,,0,55,0,0,0,0,0,1,2,13
,2019-28845,39.754181,-105.014053,6/15/2019 11:58,11:58,12,0,1,I25 & 23RD AVENUE WEST,1,1,0,0,1,4,,0,55,0,0,0,0,1,1,2,13
,2019-28846,39.754181,-105.014053,6/15/2019 11:59,11:59,12,0,2,I25 & 23RD AVENUE WEST,1,1,0,0,1,4,,0,55,0,0,0,0,2,1,2,13
,2019-28847,39.754181,-105.014053,7/28/2019 7:40,7:40,15,0,0,I25 & 23RD AVENUE WEST,1,1,0,0,1,4,,0,55,0,0,0,0,0,1,2,13
,2019-28848,39.754181,-105.014053,9/6/2019 6:31,6:31,12,0,0,I25 & 23RD AVENUE WEST,1,1,0,0,1,4,,0,55,0,0,0,0,0,1,2,13
,2019-28849,39.754373,-105.013784,11/8/2019 18:03,18:03,15,0,0,I25 & SPEER BOULEVARD NORTH,1,3,0,0,1,4,,0,55,0,0,0,0,0,1,2,3
,2019-28850,39.754564,-105.013515,2/15/2019 15:26,15:26,12,0,1,I25 & MM 211.40,1,1,1,0,1,4,,0,55,0,0,0,0,1,1,3,13
,2019-28851,39.754564,-105.013515,3/25/2019 23:15,23:15,5,0,0,I25 & SPEER BOULEVARD NORTH,1,3,0,0,3,4,,0,65,0,0,0,0,0,1,2,5
,2019-28852,39.75466,-105.01338,5/22/2019 10:45,10:45,5,0,0,I25 SOUTHBOUND ON RAMP & SPEER BOULEVARD NORTH,1,1,0,0,3,7,,0,55,0,0,0,0,0,1,1,1
,2019-28853,39.754948,-105.012976,9/14/2019 2:49,2:49,5,0,3,I25 SOUTHBOUND EXIT GORE POINT TO & 23RD AVENUE WEST,1,3,0,0,3,4,,0,55,0,0,0,0,2,1,1,5
,2019-28854,39.754948,-105.012976,10/31/2019 16:36,16:36,12,0,0,I25 & SPEER BOULEVARD NORTH,1,1,0,0,1,4,,0,55,0,0,0,0,0,1,3,1
,2019-28855,39.754948,-105.012976,3/22/2019 5:54,5:54,5,0,0,I25 SOUTHBOUND OFF RAMP GORE POINT TO & 23RD AVENUE WEST,1,3,0,0,1,7,,0,65,0,0,0,0,0,1,1,5
,2019-28856,39.755141,-105.012706,1/29/2019 15:27,15:27,12,0,0,I25 & SPEER BOULEVARD NORTH,1,1,0,0,1,4,,0,55,0,0,0,0,0,1,2,13
,2019-28857,39.754948,-105.012976,12/6/2019 21:40,21:40,12,0,0,I25 SOUTHBOUND ON RAMP FROM & SPEER BOULEVARD NORTH,1,3,0,0,1,7,,0,65,0,0,0,0,0,1,3,13
,2019-28858,39.763616,-105.001709,1/14/2019 14:03,14:03,15,0,0,I25 SOUTHBOUND EXIT GORE POINT & 20TH STREET,1,1,1,0,1,4,,0,55,0,0,0,0,0,1,2,13
,2019-28859,39.755141,-105.012706,1/24/2019 15:13,15:13,12,0,0,I25 & SPEER BOULEVARD NORTH,1,1,0,0,1,4,,0,55,0,0,0,0,0,1,2,1
,2019-28860,39.754948,-105.012976,6/18/2019 13:36,13:36,12,0,2,I25 NORTHBOUND ON RAMP LOOP ENTRANCE GORE POINT & SPEER BOULEVARD NORTH,1,1,1,0,1,7,,0,25,0,0,0,0,1,1,2,8
,2019-28861,39.755044,-105.012841,4/7/2019 18:20,18:20,15,0,0,I25 & SPEER BOULEVARD NORTH,1,1,0,0,1,4,,0,65,0,0,0,0,0,1,2,8
,2019-28862,39.755044,-105.012841,5/11/2019 23:03,23:03,12,0,0,I25 & SPEER BOULEVARD NORTH,1,3,0,0,1,4,,0,65,0,0,0,0,0,1,2,13
,2019-28863,39.755044,-105.012841,8/28/2019 10:03,10:03,12,0,2,I25 & SPEER BOULEVARD NORTH,1,1,0,0,1,4,,0,55,0,0,0,0,2,1,3,5
,2019-28864,39.755044,-105.012841,10/22/2019 15:47,15:47,12,0,1,I25 & SPEER BOULEVARD NORTH,1,1,0,0,1,4,,0,65,0,0,0,0,1,1,2,1
,2019-28865,39.755044,-105.012841,12/2/2019 18:30,18:30,15,0,0,I25 & SPEER BOULEVARD NORTH,1,3,0,0,1,4,,0,55,0,0,0,0,0,1,2,13
,2019-28866,39.755044,-105.012841,12/10/2019 9:40,9:40,12,0,0,I25 & SPEER BOULEVARD NORTH,1,1,0,0,1,4,,0,65,0,0,0,0,0,1,2,13
,2019-28867,39.75128,-105.0167,12/29/2019 16:40,16:40,12,0,0,I25 SOUTHBOUND EXIT GORE POINT TO & 23RD AVENUE WEST,5,1,1,0,1,4,,0,25,0,0,0,0,0,1,2,13
,2019-28868,39.755044,-105.012841,8/3/2019 15:29,15:29,12,0,0,I25 NORTHBOUND OFF RAMP & SPEER BOULEVARD NORTH,1,1,0,0,1,7,,0,65,0,0,0,0,0,1,2,13
,2019-28869,39.755141,-105.012706,1/2/2019 8:50,8:50,12,0,0,I25 & SPEER BOULEVARD NORTH,1,1,0,0,1,4,,0,55,0,0,0,0,0,1,2,7
,2019-2887,39.780171,-105.006438,1/24/2019 11:08,11:08,12,0,0,PECOS STREET NORTH & 46TH AVENUE WEST,5,1,1,2,1,1,,0,30,0,0,0,0,0,4,2,13
,2019-28870,39.755141,-105.012706,1/4/2019 9:18,9:18,12,0,0,I25 & SPEER BOULEVARD NORTH,1,1,0,0,1,4,,0,55,0,0,0,0,0,1,2,8
,2019-28871,39.755141,-105.012706,1/6/2019 16:10,16:10,12,0,0,I25 & SPEER BOULEVARD NORTH,1,1,0,0,1,4,,0,55,0,0,0,0,0,1,3,5