id,drcog_id,latitude,longitude,crashtime,time,crashtype,numbkilled,numbinjurd,drcoglocat,rdconditin,lightngcon,roadcntgrd,weatherco,location,roaddescrp,schoolzone,constrzone,splimit,bikeinv,sctrinv,pedinv,motoinv,svrty,rdsystem,ttlvehcls,hcf
,2019-28872,39.755141,-105.012706,1/7/2019 15:36,15:36,12,0,0,I25 & SPEER BOULEVARD NORTH,1,1,1,0,1,4,,0,65,0,0,0,0,0,1,2,13
,2019-28874,39.755141,-105.012706,1/17/2019 9:52,9:52,12,0,1,I25 & SPEER BOULEVARD NORTH,1,1,0,0,1,4,,0,65,0,0,0,0,1,1,3,3
,2019-28875,39.755141,-105.012706,1/29/2019 15:35,15:35,12,0,0,I25 & SPEER BOULEVARD NORTH,2,1,1,0,1,4,,0,55,0,0,0,0,0,1,3,13
,2019-28876,39.755141,-105.012706,2/3/2019 14:17,14:17,12,0,0,I25 & SPEER BOULEVARD NORTH,1,1,1,0,1,4,,0,55,0,0,0,0,0,1,2,13
,2019-28877,39.755141,-105.012706,3/20/2019 8:50,8:50,12,0,0,I25 & SPEER BOULEVARD NORTH,1,1,0,0,1,4,,0,30,0,0,0,0,0,1,2,3
,2019-28878,39.755141,-105.012706,3/29/2019 10:47,10:47,15,0,1,I25 & SPEER BOULEVARD NORTH,1,1,0,0,1,4,,0,55,0,0,0,0,1,1,2,10
,2019-28879,39.755141,-105.012706,4/9/2019 15:50,15:50,12,0,0,I25 & SPEER BOULEVARD NORTH,1,1,1,0,1,4,,0,55,0,0,0,0,0,1,2,3
,2019-28880,39.755141,-105.012706,4/9/2019 15:54,15:54,12,0,1,I25 & SPEER BOULEVARD NORTH,1,1,1,0,1,4,,0,55,0,0,0,0,1,1,3,13
,2019-28881,39.755141,-105.012706,4/25/2019 11:39,11:39,12,0,0,I25 & SPEER BOULEVARD NORTH,1,1,0,0,1,4,,0,55,0,0,0,0,0,1,3,13
,2019-28882,39.755141,-105.012706,4/27/2019 23:15,23:15,12,0,0,I25 & SPEER BOULEVARD NORTH,1,3,0,0,1,4,,0,65,0,0,0,0,0,1,2,7
,2019-28883,39.755141,-105.012706,5/12/2019 23:43,23:43,15,0,0,I25 & SPEER BOULEVARD NORTH,1,3,0,0,1,4,,0,65,0,0,0,0,0,1,2,1
,2019-28884,39.755141,-105.012706,5/13/2019 16:16,16:16,12,0,0,I25 & SPEER BOULEVARD NORTH,1,1,0,0,1,4,,0,65,0,0,0,0,0,1,2,13
,2019-28885,39.755141,-105.012706,5/19/2019 14:07,14:07,12,0,0,I25 & SPEER BOULEVARD NORTH,1,1,0,0,1,4,,0,55,0,0,0,0,0,1,2,13
,2019-28886,39.755141,-105.012706,5/22/2019 16:16,16:16,15,0,0,I25 & SPEER BOULEVARD NORTH,1,1,0,0,1,4,,0,55,0,0,0,0,0,1,2,13
,2019-28887,39.755141,-105.012706,5/28/2019 16:29,16:29,12,0,0,I25 & SPEER BOULEVARD NORTH,1,1,1,0,1,4,,0,55,0,0,0,0,0,1,2,13
,2019-28888,39.755141,-105.012706,5/30/2019 16:38,16:38,12,0,0,I25 & SPEER BOULEVARD NORTH,1,1,0,0,1,4,,0,65,0,0,0,0,0,1,3,3
,2019-28889,39.755141,-105.012706,6/5/2019 6:28,6:28,15,0,0,I25 & SPEER BOULEVARD NORTH,1,1,0,0,1,4,,0,55,0,0,0,0,0,1,2,13
,2019-28890,39.755141,-105.012706,6/7/2019 15:43,15:43,12,0,1,I25 & SPEER BOULEVARD NORTH,2,1,1,1,1,4,,0,55,0,0,0,0,2,1,2,12
,2019-28891,39.755141,-105.012706,6/10/2019 8:14,8:14,15,0,0,I25 & SPEER BOULEVARD NORTH,11,1,0,0,1,4,,0,65,0,0,0,0,0,1,2,3
,2019-28892,39.755141,-105.012706,6/15/2019 11:12,11:12,12,0,0,I25 & SPEER BOULEVARD NORTH,1,1,0,0,1,4,,0,55,0,0,0,0,0,1,2,13
,2019-28893,39.755141,-105.012706,6/15/2019 17:09,17:09,15,0,0,I25 & SPEER BOULEVARD NORTH,1,1,0,0,1,4,,0,55,0,0,0,0,0,1,2,2
,2019-28894,39.755141,-105.012706,6/15/2019 22:00,22:00,12,0,0,I25 & SPEER BOULEVARD NORTH,1,3,0,0,1,4,,0,,0,0,0,0,0,1,2,13
,2019-28895,39.755141,-105.012706,6/19/2019 8:29,8:29,12,0,0,I25 & SPEER BOULEVARD NORTH,1,1,0,0,1,4,,0,65,0,0,0,0,0,1,2,13
,2019-28896,39.755141,-105.012706,6/28/2019 8:45,8:45,15,0,0,I25 & SPEER BOULEVARD NORTH,1,1,0,0,1,4,,0,55,0,0,0,0,0,1,2,13
,2019-28897,39.779895,-104.967089,8/13/2019 8:31,8:31,12,0,1,I70 & BRIGHTON BOULEVARD NORTH,1,1,0,0,1,4,,0,65,0,0,0,0,1,1,2,1
,2019-28898,39.755141,-105.012706,7/6/2019 0:00,0:00,15,0,0,I25 & SPEER BOULEVARD NORTH,1,1,0,0,1,4,,0,50,0,0,0,0,0,1,2,13
,2019-28899,39.755141,-105.012706,7/9/2019 8:28,8:28,12,0,0,I25 & SPEER BOULEVARD NORTH,1,1,0,0,1,4,,0,55,0,0,0,0,0,1,2,13
,2019-28900,39.755141,-105.012706,7/22/2019 10:38,10:38,15,0,0,I25 & SPEER BOULEVARD NORTH,1,1,0,0,1,4,,0,65,0,0,0,0,0,1,2,3
,2019-28901,39.755141,-105.012706,7/23/2019 13:06,13:06,12,0,0,I25 & SPEER BOULEVARD NORTH,1,1,1,0,1,4,,0,55,0,0,0,0,0,1,2,13
,2019-28902,39.755141,-105.012706,9/30/2019 17:41,17:41,12,0,0,I25 & SPEER BOULEVARD NORTH,1,1,0,0,1,4,,0,55,0,0,0,0,0,1,2,7
,2019-28903,39.755141,-105.012706,10/1/2019 11:07,11:07,12,0,0,I25 & SPEER BOULEVARD NORTH,1,1,0,0,1,4,,0,55,0,0,0,0,0,1,2,3
,2019-28904,39.755141,-105.012706,7/31/2019 20:28,20:28,12,0,0,I25 & SPEER BOULEVARD NORTH,2,3,0,1,1,4,,0,55,0,0,0,0,0,1,3,7
,2019-28905,39.755141,-105.012706,8/1/2019 13:08,13:08,12,0,0,I25 & SPEER BOULEVARD NORTH,1,1,1,0,1,4,,0,55,0,0,0,0,0,1,2,13
,2019-28906,39.755141,-105.012706,8/6/2019 13:15,13:15,12,0,0,I25 & SPEER BOULEVARD NORTH,1,1,0,0,1,4,,0,55,0,0,0,0,0,1,2,13
,2019-28907,39.755141,-105.012706,8/7/2019 15:14,15:14,12,0,0,I25 & SPEER BOULEVARD NORTH,1,1,1,0,1,4,,0,65,0,0,0,0,0,1,2,13
,2019-28908,39.755141,-105.012706,8/15/2019 14:04,14:04,15,0,0,I25 & SPEER BOULEVARD NORTH,1,1,0,0,1,4,,0,65,0,0,0,0,0,1,2,13
,2019-28909,39.755141,-105.012706,8/20/2019 14:24,14:24,12,0,0,I25 & SPEER BOULEVARD NORTH,1,1,0,0,1,4,,0,55,0,0,0,0,0,1,2,13
,2019-28910,39.755141,-105.012706,8/21/2019 17:37,17:37,12,0,0,I25 & SPEER BOULEVARD NORTH,1,1,1,2,1,4,,0,55,0,0,0,0,0,1,2,13
,2019-28911,39.755141,-105.012706,8/22/2019 14:35,14:35,12,0,1,I25 & SPEER BOULEVARD NORTH,1,1,1,0,1,4,,0,55,0,0,0,0,1,1,2,13
,2019-28912,39.755141,-105.012706,9/1/2019 10:30,10:30,12,0,0,I25 & SPEER BOULEVARD NORTH,1,1,0,0,1,4,,0,55,0,0,0,0,0,1,2,3
,2019-28913,39.755141,-105.012706,9/1/2019 10:30,10:30,12,0,0,I25 & SPEER BOULEVARD NORTH,1,1,0,0,1,4,,0,65,0,0,0,0,0,1,2,3
,2019-28914,39.755141,-105.012706,9/4/2019 6:01,6:01,12,0,2,I25 & SPEER BOULEVARD NORTH,1,1,0,0,1,4,,0,55,0,0,0,0,1,1,3,13
,2019-28915,39.755141,-105.012706,9/16/2019 18:10,18:10,12,0,0,I25 & SPEER BOULEVARD NORTH,1,1,0,0,1,4,,0,65,0,0,0,0,0,1,2,13
,2019-28916,39.755141,-105.012706,9/17/2019 20:10,20:10,12,0,0,I25 & SPEER BOULEVARD NORTH,1,2,0,0,1,4,,0,55,0,0,0,0,0,1,2,13
,2019-28917,39.755141,-105.012706,9/28/2019 21:47,21:47,12,0,0,I25 & SPEER BOULEVARD NORTH,1,3,0,0,1,4,,0,55,0,0,0,0,0,1,3,1
,2019-28918,39.755141,-105.012706,10/15/2019 12:00,12:00,12,0,0,I25 & SPEER BOULEVARD NORTH,1,1,0,0,1,4,,0,65,0,0,0,0,0,1,3,3
,2019-28919,39.755141,-105.012706,11/1/2019 15:35,15:35,15,0,0,I25 & SPEER BOULEVARD NORTH,1,1,0,0,1,4,,0,55,0,0,0,0,0,1,2,13
,2019-28920,39.755141,-105.012706,11/13/2019 5:50,5:50,12,0,1,I25 & SPEER BOULEVARD NORTH,1,3,0,0,1,4,,0,55,0,0,0,0,1,1,2,13
,2019-28921,39.755141,-105.012706,11/13/2019 15:51,15:51,12,0,0,I25 & SPEER BOULEVARD NORTH,1,1,1,0,1,4,,0,65,0,0,0,0,0,1,2,13
,2019-28922,39.755141,-105.012706,2/13/2019 17:33,17:33,12,0,1,SPEER BOULEVARD NORTH & I25,1,1,1,4,1,4,,0,35,0,0,0,0,1,1,2,13
,2019-28923,39.755141,-105.012706,2/16/2019 22:00,22:00,12,0,0,SPEER BOULEVARD NORTH & I25,1,3,1,0,1,4,,0,35,0,0,0,0,0,1,2,13
,2019-28924,39.780016,-104.962976,10/30/2019 8:59,8:59,12,0,0,I70 WB ENTRANCE GORE POINT & BRIGHTON BOULEVARD NORTH,5,1,0,2,1,4,,0,65,0,0,0,0,0,1,2,14
,2019-28925,39.755141,-105.012706,3/16/2019 18:36,18:36,5,0,0,SPEER BOULEVARD NORTH & I25,1,2,1,0,2,4,,0,35,0,0,0,0,0,1,2,12
,2019-28926,39.755141,-105.012706,5/29/2019 9:45,9:45,12,0,0,SPEER BOULEVARD NORTH & I25,1,1,0,0,1,4,,0,35,0,0,0,0,0,1,2,13
,2019-28927,39.755141,-105.012706,8/28/2019 13:57,13:57,15,0,0,SPEER BOULEVARD NORTH & I25,1,1,1,0,1,4,,0,35,0,0,0,0,0,1,2,13
,2019-28928,39.755141,-105.012706,11/12/2019 7:39,7:39,12,0,0,SPEER BOULEVARD NORTH & I25,1,1,1,0,1,4,,0,35,0,0,0,1,0,1,2,13
,2019-28929,39.755141,-105.012706,1/22/2019 9:20,9:20,3,0,1,SPEER BOULEVARD NORTH & I25 SOUTHBOUND OFF RAMP,2,1,0,2,1,1,,0,35,0,0,0,0,1,1,2,14
,2019-28930,39.755141,-105.012706,4/15/2019 7:34,7:34,15,0,0,SPEER BOULEVARD NORTH & I25 SOUTHBOUND OFF RAMP,1,1,0,0,1,1,,0,35,0,0,0,0,0,1,2,13
,2019-28931,39.755141,-105.012706,6/6/2019 8:24,8:24,15,0,0,SPEER BOULEVARD NORTH & I25 SOUTHBOUND OFF RAMP,1,1,0,0,1,1,,0,35,0,0,0,0,0,1,2,3
,2019-28932,39.755141,-105.012706,7/21/2019 10:39,10:39,12,0,0,SPEER BOULEVARD NORTH & I25 SOUTHBOUND ON RAMP,1,1,0,0,1,1,,0,35,0,0,0,0,0,1,3,3
,2019-28933,39.755141,-105.012706,8/5/2019 3:48,3:48,5,0,0,SPEER BOULEVARD NORTH & I25 SOUTHBOUND RAMPS,1,3,1,0,3,1,,0,35,0,0,0,0,0,1,1,13
,2019-28934,39.755141,-105.012706,9/5/2019 15:13,15:13,1,0,0,SPEER BOULEVARD NORTH & I25 SOUTHBOUND OFF RAMP,1,1,0,0,1,1,,0,35,0,0,0,0,0,1,2,13
,2019-28935,39.755141,-105.012706,10/19/2019 21:35,21:35,1,0,0,SPEER BOULEVARD NORTH & I25 SOUTHBOUND RAMPS,1,3,0,0,1,1,,0,35,0,0,0,0,0,1,2,3
,2019-28936,39.755236,-105.012575,1/29/2019 9:05,9:05,12,0,0,I25 & SPEER BOULEVARD NORTH,1,1,0,0,1,4,,0,55,0,0,0,0,0,1,2,1
,2019-28937,39.758313,-105.008335,12/3/2019 6:30,6:30,15,0,0,I25 SOUTHBOUND ENTRANCE GORE POINT FROM & 20TH STREET,1,2,0,0,1,4,,0,,0,0,0,0,0,1,2,13
,2019-28938,39.755236,-105.012575,2/22/2019 12:07,12:07,12,0,0,I25 & SPEER BOULEVARD NORTH,1,1,1,0,1,4,,0,55,0,0,0,0,0,1,2,13
,2019-28939,39.755236,-105.012575,3/26/2019 5:56,5:56,12,0,1,I25 & SPEER BOULEVARD NORTH,1,3,0,0,1,4,,0,55,0,0,0,0,1,1,2,1
,2019-28940,39.755236,-105.012575,12/6/2019 21:38,21:38,15,0,0,I25 & SPEER BOULEVARD NORTH,1,3,0,0,1,4,,0,65,0,0,0,0,0,1,2,1
,2019-28941,39.755236,-105.012575,10/16/2019 23:11,23:11,12,0,0,I25 NORTHBOUND ON RAMP & SPEER BOULEVARD NORTH,1,3,1,0,1,7,,0,35,0,0,0,0,0,1,2,13
,2019-28942,39.755236,-105.012575,9/7/2019 21:19,21:19,15,0,0,I25 SOUTHBOUND OFF RAMP TO & SPEER BOULEVARD NORTH,1,3,1,0,1,7,,0,35,0,0,0,0,0,1,2,13
,2019-28943,39.75533,-105.012447,2/16/2019 20:11,20:11,15,0,0,I25 & SPEER BOULEVARD NORTH,2,3,1,0,1,4,,0,65,0,0,0,0,0,1,2,13
,2019-28944,39.755516,-105.012189,5/18/2019 12:13,12:13,12,0,0,I25 & SPEER BOULEVARD NORTH,1,1,0,0,1,4,,0,55,0,0,0,0,0,1,2,3
,2019-28945,39.755516,-105.012189,9/1/2019 21:42,21:42,5,0,0,I25 & SPEER BOULEVARD NORTH,1,3,0,0,2,4,,0,55,0,0,0,0,0,1,5,1
,2019-28946,39.755516,-105.012189,12/12/2019 13:50,13:50,12,0,0,I25 & SPEER BOULEVARD NORTH,1,1,0,0,1,4,,0,65,0,0,0,0,0,1,2,13
,2019-28947,39.755516,-105.012189,8/24/2019 2:34,2:34,5,0,0,I25 NORTHBOUND ON RAMP & SPEER BOULEVARD NORTH,1,3,0,0,3,7,,0,35,0,0,0,0,0,1,1,5
,2019-28948,39.755516,-105.012189,9/14/2019 17:07,17:07,12,0,0,I25 SOUTHBOUND OFF RAMP & SPEER BOULEVARD NORTH,1,1,0,0,1,7,,0,65,0,0,0,0,0,1,2,2
,2019-28949,39.755608,-105.012059,1/4/2019 13:35,13:35,12,0,2,I25 & SPEER BOULEVARD,1,1,0,0,1,4,,0,55,0,0,0,0,1,1,3,1
,2019-28950,39.755608,-105.012059,8/17/2019 10:30,10:30,15,0,0,I25 & 23RD AVENUE WEST,1,1,0,0,1,4,,0,55,0,0,0,0,0,1,2,13
,2019-28951,39.755698,-105.011926,2/7/2019 3:25,3:25,15,0,0,I25 & SPEER BOULEVARD NORTH,4,3,0,2,1,4,,0,55,0,0,0,0,0,1,2,7
,2019-28952,39.755698,-105.011926,3/28/2019 8:35,8:35,12,0,0,I25 & SPEER BOULEVARD NORTH,1,1,0,0,1,4,,0,55,0,0,0,0,0,1,2,3
,2019-28953,39.755886,-105.01167,5/8/2019 11:40,11:40,15,0,0,I25 & SPEER BOULEVARD NORTH,2,1,0,1,1,4,,0,65,0,0,0,0,0,1,2,13
,2019-28954,39.755979,-105.011541,11/7/2019 14:50,14:50,12,0,0,I25 & SPEER BOULEVARD NORTH,1,1,0,0,1,4,,0,65,0,0,0,0,0,1,2,7
,2019-28955,39.756073,-105.011413,3/15/2019 16:05,16:05,12,0,0,I25 & SPEER BOULEVARD NORTH,1,1,1,0,1,4,,0,55,0,0,0,1,0,1,2,13
,2019-28956,39.756073,-105.011413,7/23/2019 10:40,10:40,12,0,0,I25 & SPEER BOULEVARD NORTH,1,1,0,0,1,4,,0,55,0,0,0,0,0,1,2,3
,2019-28957,39.756353,-105.011028,4/1/2019 8:30,8:30,12,0,0,I25 SOUTHBOUND EXIT GORE POINT TO & SPEER BOULEVARD NORTH,1,1,0,0,1,4,,0,35,0,0,0,0,0,1,2,13
,2019-28958,39.756353,-105.011028,6/1/2019 15:00,15:00,12,0,0,I25 SOUTHBOUND EXIT GORE POINT & SPEER BOULEVARD NORTH,1,1,0,0,1,4,,0,55,0,0,0,0,0,1,2,13
,2019-28959,39.756353,-105.011028,6/11/2019 23:47,23:47,12,0,1,I25 & SPEER BOULEVARD NORTH,1,3,0,0,1,4,,0,55,0,0,0,0,2,1,2,13
,2019-28960,39.756447,-105.010899,11/21/2019 14:43,14:43,12,0,0,I25 SOUTHBOUND EXIT GORE POINT TO & SPEER BOULEVARD NORTH,2,1,0,2,1,4,,0,55,0,0,0,0,0,1,2,13
,2019-28961,39.75654,-105.010772,2/19/2019 17:45,17:45,12,0,1,I25 SOUTHBOUND EXIT GORE POINT TO & SPEER BOULEVARD NORTH,8,2,0,0,1,4,,0,55,0,0,0,0,1,1,2,13
,2019-28962,39.75654,-105.010772,7/9/2019 7:48,7:48,15,0,0,I25 SOUTHBOUND EXIT GORE POINT & SPEER BOULEVARD NORTH,1,1,0,0,1,4,,0,55,0,0,0,0,0,1,2,13
,2019-28963,39.760997,-105.004275,1/2/2019 15:08,15:08,12,0,0,I25 & 20TH STREET,1,1,1,0,1,4,,0,55,0,0,0,0,0,1,2,13
,2019-28964,39.757149,-105.009911,4/19/2019 10:38,10:38,15,0,0,I25 & 15TH STREET,1,1,0,1,1,4,,0,55,0,0,0,0,0,1,2,8
,2019-28965,39.757149,-105.009911,7/3/2019 16:27,16:27,12,0,0,I25 & 15TH STREET,1,1,1,0,1,4,,0,65,0,0,0,0,0,1,4,7
,2019-28966,39.75654,-105.010772,9/5/2019 11:23,11:23,12,0,2,I25 SOUTHBOUND EXIT GORE POINT & SPEER BOULEVARD NORTH,1,1,0,0,1,4,,0,55,0,0,0,0,1,1,3,3
,2019-28967,39.757394,-105.009633,1/30/2019 7:15,7:15,12,0,0,I25 NORTHBOUND ON RAMP ENTRANCE GORE POINT FROM & SPEER BOULEVARD,1,1,1,0,1,7,,0,25,0,0,0,0,0,1,2,13
,2019-28968,39.776458,-104.989213,11/26/2019 13:35,13:35,5,0,0,I25 & 44TH AVENUE WEST,12,1,0,2,3,4,,0,55,0,0,0,0,0,1,1,3
,2019-28969,39.75654,-105.010772,12/19/2019 12:48,12:48,12,0,1,I25 SOUTHBOUND EXIT GORE POINT TO & SPEER BOULEVARD NORTH,1,1,0,0,1,4,,0,55,0,0,0,0,2,1,4,13
,2019-2897,39.780171,-105.006438,3/24/2019 12:15,12:15,1,0,0,PECOS STREET NORTH & 46TH AVENUE WEST,1,1,0,0,1,1,,0,30,0,0,0,0,0,4,2,13
,2019-28970,39.756632,-105.010645,3/22/2019 15:30,15:30,12,0,0,I25 & SPEER BOULEVARD NORTH,1,1,0,0,1,4,,0,60,0,0,0,0,0,1,2,13
,2019-28971,39.756632,-105.010645,12/16/2019 20:57,20:57,15,0,0,I25 SOUTHBOUND EXIT GORE POINT TO & SPEER BOULEVARD NORTH,1,3,0,0,1,4,,0,60,0,0,0,0,0,1,2,14
,2019-28972,39.756909,-105.010265,1/30/2019 6:36,6:36,12,0,3,I25 & 15TH STREET,1,2,0,0,1,4,,0,65,0,0,0,0,1,1,3,2
,2019-28973,39.756909,-105.010265,9/15/2019 14:04,14:04,12,0,2,I25 & SPEER BOULEVARD NORTH,1,1,0,0,1,4,,0,55,0,0,0,0,1,1,3,13
,2019-28974,39.756909,-105.010265,12/31/2019 21:42,21:42,12,0,1,I25 & SPEER BOULEVARD NORTH,1,3,0,0,1,4,,0,65,0,0,0,0,1,1,3,13
,2019-28975,39.756998,-105.010134,9/27/2019 6:58,6:58,12,0,0,I25 & SPEER BOULEVARD NORTH,1,1,0,0,1,4,,0,65,0,0,0,0,0,1,3,12
,2019-28976,39.757149,-105.009911,1/2/2019 15:33,15:33,12,0,0,I25 & 15TH STREET,1,1,1,0,1,4,,0,55,0,0,0,0,0,1,4,13
,2019-28977,39.757149,-105.009911,3/7/2019 8:30,8:30,12,0,0,I25 & 15TH STREET,2,1,0,0,1,4,,0,65,0,0,0,0,0,1,2,13
,2019-28978,39.757149,-105.009911,3/7/2019 9:48,9:48,12,0,0,I25 & 15TH STREET,2,1,1,0,1,4,,0,55,0,0,0,0,0,1,2,13
,2019-28980,39.757149,-105.009911,7/8/2019 16:03,16:03,12,0,0,I25 & 15TH STREET,1,1,0,0,1,4,,0,55,0,0,0,0,0,1,2,7
,2019-28981,39.757119,-105.010217,11/23/2019 16:55,16:55,12,0,1,I25 & 15TH STREET,1,3,0,0,1,4,,0,55,0,0,0,0,1,1,2,3
,2019-28982,39.757394,-105.009633,1/14/2019 12:41,12:41,15,0,0,I25 & 15TH STREET,1,1,1,0,1,4,,0,55,0,0,0,0,0,1,3,13
,2019-28983,39.757618,-105.009327,9/8/2019 18:07,18:07,12,0,0,I25 & 15TH STREET,2,1,0,1,1,4,,0,65,0,0,0,0,0,1,3,13
,2019-28984,39.75773,-105.009163,11/18/2019 21:42,21:42,12,0,0,I25 NORTHBOUND ENTRANCE GORE POINT & SPEER BOULEVARD NORTH,1,3,0,0,1,4,,0,55,0,0,0,0,0,1,2,5
,2019-28985,39.757815,-105.009037,2/27/2019 10:55,10:55,12,0,0,I25 & SPEER BOULEVARD NORTH,1,1,0,0,1,4,,0,55,0,0,0,1,0,1,2,13
,2019-28986,39.757815,-105.009037,3/26/2019 0:10,0:10,5,0,0,I25 & 15TH STREET,1,3,0,0,3,4,,0,55,0,0,0,0,0,1,1,7
,2019-28987,39.757815,-105.009037,12/31/2019 14:25,14:25,12,0,0,I25 & SPEER BOULEVARD NORTH,1,1,0,0,1,4,,0,65,0,0,0,0,0,1,2,12
,2019-28988,39.757901,-105.008911,5/16/2019 15:40,15:40,15,0,0,I25 & 16TH STREET,1,1,0,0,1,4,,0,55,0,0,0,0,0,1,2,7
,2019-28989,39.758148,-105.008563,10/8/2019 5:48,5:48,15,0,0,I25 SOUTHBOUND ENTRANCE GORE POINT & 20TH STREET,1,3,0,0,1,4,,0,65,0,0,0,0,0,1,2,13
,2019-28990,39.75823,-105.008449,2/27/2019 8:43,8:43,12,0,0,I25 SOUTHBOUND ENTRANCE GORE POINT & 20TH STREET,2,1,0,0,1,4,,0,55,0,0,0,0,0,1,2,13
,2019-28991,39.75823,-105.008449,10/4/2019 12:42,12:42,15,0,0,I25 SOUTHBOUND ENTRANCE GORE POINT & 20TH STREET,1,1,0,0,1,4,,0,55,0,0,0,0,0,1,2,1
,2019-28992,39.758313,-105.008335,6/13/2019 6:46,6:46,12,0,1,I25 SOUTHBOUND ENTRANCE GORE POINT & 20TH STREET,1,1,0,0,1,4,,0,55,0,0,0,0,1,1,2,13
,2019-28993,39.758313,-105.008335,9/13/2019 8:25,8:25,15,0,0,I25 SOUTHBOUND ENTRANCE GORE POINT & 20TH STREET,1,1,0,0,1,4,,0,65,0,0,0,0,0,1,2,2
,2019-28994,39.758313,-105.008335,11/23/2019 23:27,23:27,12,0,0,I25 SOUTHBOUND ENTRANCE GORE POINT FROM & 20TH STREET,1,3,0,0,1,4,,0,55,0,0,0,0,0,1,2,13
,2019-28995,39.758313,-105.008335,12/4/2019 7:37,7:37,15,0,0,I25 SOUTHBOUND ENTRANCE GORE POINT FROM & 20TH STREET,1,1,0,0,1,4,,0,55,0,0,0,0,0,1,2,13
,2019-28996,39.758313,-105.008335,12/4/2019 8:25,8:25,12,0,0,I25 SOUTHBOUND ENTRANCE GORE POINT & 20TH STREET,1,1,0,0,1,4,,0,55,0,0,0,0,0,1,2,13
,2019-28997,39.758686,-105.007817,7/1/2019 12:07,12:07,12,0,2,I25 & 15TH STREET,1,1,0,0,1,4,,0,65,0,0,0,1,1,1,3,1
,2019-28998,39.758835,-105.007603,8/26/2019 15:50,15:50,12,0,1,I25 & 17TH STREET,1,1,0,0,1,4,,0,55,0,0,0,0,1,1,3,7
,2019-28999,39.75918,-105.00712,1/14/2019 16:06,16:06,12,0,0,I25 NORTHBOUND EXIT GORE POINT & 20TH STREET,1,1,0,0,1,4,,0,55,0,0,0,0,0,1,2,3
,2019-29000,39.759258,-105.007002,2/21/2019 15:15,15:15,12,0,0,I25 NORTHBOUND EXIT GORE POINT TO & 20TH STREET,1,1,0,0,1,4,,0,65,0,0,0,0,0,1,2,7
,2019-29001,39.759258,-105.007002,4/25/2019 18:43,18:43,12,0,0,I25 & 20TH STREET,1,1,0,0,1,4,,0,55,0,0,0,0,0,1,2,7
,2019-29002,39.759258,-105.007002,10/2/2019 7:17,7:17,15,0,0,I25 & 20TH STREET,2,1,0,1,1,4,,0,65,0,0,0,0,0,1,2,13
,2019-29003,39.759258,-105.007002,11/19/2019 19:55,19:55,15,0,0,I25 & 20TH STREET,1,4,0,0,1,4,,0,55,0,0,0,0,0,1,2,13
,2019-29004,39.75931,-105.006924,4/1/2019 6:39,6:39,12,0,0,I25 & 20TH STREET,1,1,0,0,1,4,,0,65,0,0,0,0,0,1,2,1
,2019-29005,39.759518,-105.006614,4/1/2019 16:26,16:26,12,0,2,I25 & 20TH STREET,1,1,1,0,1,4,,0,65,0,0,0,0,1,1,2,13
,2019-29006,39.759621,-105.006459,4/6/2019 21:35,21:35,15,0,1,I25 & 20TH STREET,1,3,0,0,1,4,,0,55,0,0,0,0,1,1,4,5
,2019-29007,39.759826,-105.006146,4/5/2019 20:40,20:40,12,0,0,I25 & SPEER BOULEVARD NORTH,1,3,0,0,1,4,,0,65,0,0,0,0,0,1,2,13
,2019-29008,39.760084,-105.006638,1/2/2019 15:58,15:58,12,0,0,I25 SOUTHBOUND ON RAMP METER LIGHT & 20TH STREET,2,1,1,0,1,7,,0,40,0,0,0,0,0,1,2,13
,2019-29009,39.760025,-105.005827,1/14/2019 11:25,11:25,15,0,1,I25 & MM 212,1,1,0,0,1,4,,0,65,0,0,0,0,1,1,2,13
,2019-2901,39.780171,-105.006438,8/22/2019 13:00,13:00,15,0,0,PECOS STREET NORTH & 46TH AVENUE WEST,1,1,0,0,1,1,,0,30,0,0,0,0,0,4,2,13
,2019-29010,39.760025,-105.005827,1/17/2019 7:10,7:10,12,0,0,I25 & 20TH STREET,1,1,0,0,1,4,,0,55,0,0,0,0,0,1,2,13
,2019-29011,39.760025,-105.005827,2/20/2019 6:30,6:30,12,0,0,I25 & MM 212,2,1,0,0,1,4,,0,65,0,0,0,0,0,1,2,13
,2019-29012,39.760025,-105.005827,6/3/2019 8:51,8:51,12,0,0,I25 & 20TH STREET,1,1,0,0,1,4,,0,55,0,0,0,0,0,1,3,3
,2019-29013,39.738357,-104.9550795,2/28/2019 18:00,18:00,10,0,0,14TH AVENUE EAST & CLAYTON STREET NORTH,1,1,0,0,1,1,,0,30,0,0,0,0,0,4,2,13
,2019-29014,39.760123,-105.005669,3/3/2019 20:04,20:04,15,0,0,I25 & 20TH STREET,4,3,0,0,1,4,,0,55,0,0,0,0,0,1,4,8
,2019-29015,39.76032,-105.005353,3/15/2019 16:12,16:12,12,0,0,I25 & 20TH STREET,1,1,1,0,1,4,,0,55,0,0,0,0,0,1,3,13
,2019-29016,39.760418,-105.005194,3/4/2019 11:57,11:57,15,0,0,I25 & 20TH STREET,2,1,0,0,1,4,,0,65,0,0,0,0,0,1,2,1
,2019-29017,39.760418,-105.005194,10/3/2019 16:15,16:15,12,0,0,I25 & 20TH STREET,1,1,0,0,1,4,,0,55,0,0,0,0,0,1,3,13
,2019-29018,39.760615,-105.004878,2/8/2019 13:01,13:01,12,0,0,I25 & 20TH STREET,1,1,0,0,1,4,,0,65,0,0,0,0,0,1,4,13