id,drcog_id,latitude,longitude,crashtime,time,crashtype,numbkilled,numbinjurd,drcoglocat,rdconditin,lightngcon,roadcntgrd,weatherco,location,roaddescrp,schoolzone,constrzone,splimit,bikeinv,sctrinv,pedinv,motoinv,svrty,rdsystem,ttlvehcls,hcf
,2019-29019,39.760714,-105.00472,8/9/2019 15:52,15:52,12,0,0,I25 NORTHBOUND OFF RAMP & 20TH STREET,1,1,0,0,1,7,,0,55,0,0,0,0,0,1,2,7
,2019-2902,39.77277635,-105.006429,1/25/2019 17:10,17:10,3,0,0,PECOS STREET & 4700 NORTH,1,2,0,0,1,6,,0,15,0,0,0,0,0,4,2,13
,2019-29020,39.76081,-105.004565,10/26/2019 21:35,21:35,12,0,0,I25 & 20TH STREET,1,3,0,0,1,4,,0,55,0,0,0,0,0,1,2,2
,2019-29021,39.76081,-105.004565,11/13/2019 17:47,17:47,12,0,0,I25 & 20TH STREET,1,2,0,0,1,4,,0,65,0,0,0,0,0,1,2,13
,2019-29022,39.76081,-105.004565,12/8/2019 17:50,17:50,12,0,0,I25 & 20TH STREET,1,4,0,0,1,4,,0,55,0,0,0,0,0,1,2,13
,2019-29023,39.76081,-105.004565,12/9/2019 7:50,7:50,12,0,0,I25 SOUTHBOUND OFF RAMP END & DELGANY STREET,1,1,0,0,1,7,,0,35,0,0,0,0,0,1,2,13
,2019-29024,39.760898,-105.00442,1/31/2019 6:55,6:55,12,0,0,I25 & 20TH STREET,1,1,0,0,1,4,,0,55,0,0,0,0,0,1,3,3
,2019-29025,39.760898,-105.00442,2/26/2019 16:08,16:08,12,0,0,I25 & 20TH STREET,1,1,0,0,1,4,,0,55,0,0,0,0,0,1,2,13
,2019-29026,39.760898,-105.00442,4/26/2019 14:29,14:29,12,0,0,I25 & 20TH STREET,1,1,0,0,1,4,,0,55,0,0,0,0,0,1,3,13
,2019-29027,39.760898,-105.00442,9/17/2019 7:42,7:42,12,0,1,I25 & 20TH STREET,1,1,0,0,1,4,,0,55,0,0,0,0,1,1,2,13
,2019-29028,39.760898,-105.00442,11/3/2019 11:15,11:15,15,0,0,I25 & 20TH STREET,1,1,0,0,1,4,,0,65,0,0,0,0,0,1,2,7
,2019-29029,39.760898,-105.00442,12/3/2019 17:38,17:38,12,0,0,I25 & 20TH STREET,1,3,0,0,1,4,,0,,0,0,0,0,0,1,4,13
,2019-2903,39.714813,-105.006249,5/1/2019 11:33,11:33,3,0,0,PECOS STREET SOUTH & BAYAUD AVENUE WEST,1,1,0,0,1,1,,0,25,0,0,0,0,0,4,2,9
,2019-29030,39.760898,-105.00442,4/10/2019 14:50,14:50,15,0,0,I25 SOUTHBOUND ON RAMP & 20TH STREET,2,1,1,2,1,7,,0,35,0,0,0,0,0,1,2,13
,2019-29031,39.760898,-105.00442,9/29/2019 19:53,19:53,12,0,0,I25 SOUTHBOUND ON RAMP & 20TH STREET,1,2,0,0,1,7,,0,45,0,0,0,0,0,1,2,13
,2019-29033,39.760997,-105.004275,1/2/2019 17:32,17:32,12,0,0,I25 & 20TH STREET,1,3,1,0,1,4,,0,55,0,0,0,0,0,1,2,13
,2019-29034,39.760997,-105.004275,1/3/2019 9:12,9:12,12,0,0,I25 & 20TH STREET,1,1,0,0,1,4,,0,55,0,0,0,0,0,1,2,7
,2019-29035,39.760997,-105.004275,1/3/2019 17:26,17:26,12,0,0,I25 & 20TH STREET,1,2,1,0,1,4,,0,65,0,0,0,0,0,1,2,13
,2019-29037,39.760997,-105.004275,1/4/2019 9:18,9:18,12,0,0,I25 & 20TH STREET,1,1,0,0,1,4,,0,55,0,0,0,0,0,1,3,14
,2019-29038,39.760997,-105.004275,1/4/2019 14:58,14:58,12,0,1,I25 & 20TH STREET,1,1,1,0,1,4,,0,55,0,0,0,0,1,1,4,12
,2019-29039,39.760997,-105.004275,1/6/2019 17:01,17:01,12,0,0,I25 & 20TH STREET,1,2,0,0,1,4,,0,55,0,0,0,0,0,1,2,13
,2019-29040,39.760997,-105.004275,1/14/2019 13:57,13:57,12,0,0,I25 & 20TH STREET,1,1,1,0,1,4,,0,65,0,0,0,0,0,1,2,13
,2019-29041,39.760997,-105.004275,1/15/2019 6:20,6:20,12,0,0,I25 & 20TH STREET,1,3,1,0,1,4,,0,55,0,0,0,0,0,1,2,13
,2019-29042,39.760997,-105.004275,1/24/2019 14:29,14:29,5,0,0,I25 & 20TH STREET,2,1,1,0,1,4,,0,55,0,0,0,0,0,1,2,13
,2019-29043,39.760997,-105.004275,1/30/2019 7:51,7:51,12,0,0,I25 & 20TH STREET,1,1,0,0,1,4,,0,55,0,0,0,0,0,1,3,14
,2019-29044,39.760997,-105.004275,2/3/2019 11:00,11:00,5,0,0,I25 & 20TH STREET,1,1,0,0,1,4,,0,65,0,0,0,0,0,1,2,13
,2019-29045,39.760997,-105.004275,2/8/2019 13:02,13:02,12,0,1,I25 & 20TH STREET,2,1,1,0,1,4,,0,55,0,0,0,0,1,1,2,13
,2019-29046,39.760997,-105.004275,2/8/2019 16:25,16:25,12,0,0,I25 & 20TH STREET,1,1,0,0,1,4,,0,55,0,0,0,0,0,1,2,13
,2019-29047,39.760997,-105.004275,2/20/2019 16:49,16:49,15,0,0,I25 & 20TH STREET,1,1,0,0,1,4,,0,55,0,0,0,0,0,1,2,13
,2019-29048,39.760997,-105.004275,2/20/2019 18:42,18:42,12,0,2,I25 & 20TH STREET,1,3,1,0,1,4,,0,55,0,0,0,0,1,1,2,13
,2019-29049,39.760997,-105.004275,2/22/2019 17:52,17:52,12,0,1,I25 & 20TH STREET,4,3,1,0,1,4,,0,55,0,0,0,0,1,1,2,14
,2019-29050,39.777963,-104.989197,6/15/2019 2:07,2:07,5,0,0,I25 NORTHBOUND OFF RAMP SPLIT GORE POINT TO & I70 EASTBOUND ON RAMP,1,3,0,0,3,7,,0,55,0,0,0,0,0,1,1,13
,2019-29051,39.760997,-105.004275,3/4/2019 6:16,6:16,5,0,0,I25 & 20TH STREET,5,1,0,0,2,4,,0,55,0,0,0,0,0,1,1,13
,2019-29052,39.760997,-105.004275,3/4/2019 15:47,15:47,12,0,0,I25 & 20TH STREET,2,1,0,0,1,4,,0,55,0,0,0,0,0,1,2,13
,2019-29053,39.760997,-105.004275,3/5/2019 17:05,17:05,15,0,1,I25 & 20TH STREET,1,1,1,0,1,4,,0,55,0,0,0,0,1,1,2,6
,2019-29054,39.760997,-105.004275,3/15/2019 12:30,12:30,12,0,3,I25 & 20TH STREET,1,1,1,0,1,4,,0,55,0,0,0,0,1,1,4,14
,2019-29055,39.760997,-105.004275,3/15/2019 16:18,16:18,12,0,0,I25 & 20TH STREET,1,1,1,0,1,4,,0,55,0,0,0,0,0,1,2,3
,2019-29056,39.760997,-105.004275,3/25/2019 15:36,15:36,12,0,1,I25 & 20TH STREET,1,1,1,0,1,4,,0,65,0,0,0,0,1,1,2,13
,2019-29057,39.760997,-105.004275,4/5/2019 13:19,13:19,12,0,2,I25 & 20TH STREET,1,1,0,0,1,4,,0,55,0,0,0,0,1,1,2,14
,2019-29058,39.760997,-105.004275,4/5/2019 20:40,20:40,12,0,0,I25 & 20TH STREET,1,3,0,0,1,4,,0,55,0,0,0,0,0,1,2,13
,2019-29059,39.760997,-105.004275,5/7/2019 13:50,13:50,15,0,0,I25 & 20TH STREET,2,1,0,1,1,4,,0,55,0,0,0,0,0,1,2,1
,2019-2906,39.78785643,-104.7906994,2/20/2019 23:25,23:25,12,0,0,PENA BOULEVARD & 5000 BLOCK,1,3,0,0,1,4,,0,65,0,0,0,0,0,4,4,13
,2019-29060,39.760997,-105.004275,5/8/2019 11:33,11:33,12,0,1,I25 & 20TH STREET,2,1,0,1,1,4,,0,55,0,0,0,0,1,1,2,12
,2019-29061,39.760997,-105.004275,5/16/2019 8:55,8:55,12,0,0,I25 & 20TH STREET,1,1,0,0,1,4,,0,65,0,0,0,0,0,1,2,3
,2019-29062,39.760997,-105.004275,5/21/2019 7:00,7:00,15,0,0,I25 & 20TH STREET,2,1,0,0,1,4,,0,55,0,0,0,0,0,1,2,14
,2019-29063,39.760997,-105.004275,6/1/2019 10:29,10:29,15,0,0,I25 & 20TH STREET,1,1,0,0,1,4,,0,55,0,0,0,0,0,1,2,7
,2019-29064,39.760997,-105.004275,6/5/2019 18:46,18:46,12,0,4,I25 & 20TH STREET,2,2,1,1,1,4,,0,55,0,0,0,0,1,1,3,13
,2019-29065,39.760997,-105.004275,6/7/2019 15:32,15:32,12,0,6,I25 & 20TH STREET,2,1,1,1,1,4,,0,55,0,0,0,0,2,1,3,14
,2019-29066,39.760997,-105.004275,6/10/2019 16:34,16:34,12,0,0,I25 & 20TH STREET,1,1,0,0,1,4,,0,65,0,0,0,0,0,1,2,13
,2019-29067,39.760997,-105.004275,6/16/2019 16:16,16:16,12,0,0,I25 & 20TH STREET,1,1,0,0,1,4,,0,60,0,0,0,0,0,1,3,1
,2019-29068,39.760997,-105.004275,6/20/2019 7:12,7:12,12,0,0,I25 & 20TH STREET,1,1,0,0,1,4,,0,55,0,0,0,0,0,1,2,13
,2019-29069,39.760997,-105.004275,6/23/2019 13:03,13:03,12,0,0,I25 & 20TH STREET,1,1,0,0,1,4,,0,65,0,0,0,0,0,1,3,3
,2019-29070,39.760997,-105.004275,6/24/2019 15:40,15:40,12,0,0,I25 & 20TH STREET,1,1,0,0,1,4,,0,55,0,0,0,0,0,1,2,7
,2019-29071,39.760997,-105.004275,6/25/2019 11:03,11:03,12,0,0,I25 & 20TH STREET,1,1,0,0,1,4,,0,55,0,0,0,0,0,1,4,13
,2019-29072,39.760997,-105.004275,7/18/2019 7:38,7:38,12,0,0,I25 & 20TH STREET,1,1,0,0,1,4,,0,55,0,0,0,0,0,1,2,13
,2019-29073,39.760997,-105.004275,7/31/2019 14:56,14:56,15,0,0,I25 & 20TH STREET,1,1,1,0,1,4,,0,55,0,0,0,0,0,1,2,13
,2019-29074,39.760997,-105.004275,8/7/2019 5:50,5:50,12,0,0,I25 & 20TH STREET,1,2,0,0,1,4,,0,65,0,0,0,0,0,1,2,1
,2019-29075,39.760997,-105.004275,8/8/2019 22:40,22:40,12,0,0,I25 & 20TH STREET,1,3,1,0,1,4,,0,35,0,0,0,0,0,1,2,5
,2019-29076,39.760997,-105.004275,8/14/2019 13:01,13:01,12,0,1,I25 & 20TH STREET,1,1,1,0,1,4,,0,55,0,0,0,0,1,1,3,3
,2019-29077,39.760997,-105.004275,8/20/2019 16:00,16:00,12,0,0,I25 & 20TH STREET,1,1,0,0,1,4,,0,35,0,0,0,0,0,1,2,13
,2019-29078,39.760997,-105.004275,8/27/2019 5:56,5:56,12,0,0,I25 & 20TH STREET,1,1,0,0,1,4,,0,55,0,0,0,0,0,1,3,13
,2019-29079,39.760997,-105.004275,8/27/2019 15:48,15:48,12,0,0,I25 & 20TH STREET,1,1,0,0,1,4,,0,55,0,0,0,0,0,1,3,3
,2019-2908,39.78785643,-104.7906994,4/11/2019 3:32,3:32,5,0,0,PENA BOULEVARD & 5600 BLOCK NORTH,4,4,0,2,3,4,,0,65,0,0,0,0,0,4,2,13
,2019-29080,39.760997,-105.004275,8/31/2019 11:51,11:51,12,0,0,I25 & 20TH STREET,1,1,1,0,1,4,,0,55,0,0,0,0,0,1,2,13
,2019-29081,39.760997,-105.004275,9/5/2019 8:52,8:52,12,0,0,I25 & 20TH STREET,1,1,0,0,1,4,,0,55,0,0,0,0,0,1,2,3
,2019-29083,39.760997,-105.004275,9/20/2019 15:14,15:14,12,0,1,I25 & 20TH STREET,1,1,1,0,1,4,,0,55,0,0,0,0,2,1,2,13
,2019-29084,39.760997,-105.004275,9/23/2019 13:24,13:24,12,0,0,I25 & 20TH STREET,1,1,1,0,1,4,,0,55,0,0,0,0,0,1,2,13
,2019-29085,39.760997,-105.004275,9/24/2019 14:16,14:16,15,0,2,I25 & 20TH STREET,1,1,1,0,1,4,,0,55,0,0,0,0,1,1,3,12
,2019-29086,39.760997,-105.004275,10/11/2019 13:34,13:34,12,0,1,I25 & 20TH STREET,1,1,1,0,1,4,,0,55,0,0,0,0,1,1,2,13
,2019-29087,39.760997,-105.004275,10/14/2019 16:48,16:48,12,0,0,I25 & 20TH STREET,1,1,1,1,1,4,,0,65,0,0,0,0,0,1,2,3
,2019-29088,39.78008,-104.936128,9/26/2019 22:21,22:21,5,0,0,I70 EASTBOUND OFF RAMP EXIT GORE POINT & DAHLIA STREET NORTH,1,3,0,0,3,7,,1,,0,0,0,0,0,1,1,13
,2019-29089,39.760997,-105.004275,10/25/2019 15:41,15:41,12,0,0,I25 & 20TH STREET,1,1,0,0,1,4,,0,55,0,0,0,0,0,1,2,3
,2019-29090,39.760997,-105.004275,11/5/2019 6:15,6:15,12,0,0,I25 & 20TH STREET,5,2,0,0,1,4,,0,65,0,0,0,0,0,1,2,1
,2019-29091,39.760997,-105.004275,11/13/2019 10:00,10:00,12,0,0,I25 & 20TH STREET,1,1,0,0,1,4,,0,55,0,0,0,0,0,1,2,3
,2019-29092,39.760997,-105.004275,12/12/2019 16:32,16:32,12,0,0,I25 & 20TH STREET,1,3,0,0,1,4,,0,65,0,0,0,0,0,1,2,13
,2019-29093,39.760997,-105.004275,12/29/2019 13:13,13:13,12,0,0,I25 & 20TH STREET,1,1,0,0,1,4,,0,55,0,0,0,0,0,1,2,13
,2019-29094,39.760997,-105.004275,3/28/2019 15:10,15:10,12,0,0,20TH STREET & I25,1,1,1,0,1,4,,0,35,0,0,0,0,0,1,2,13
,2019-29095,39.760997,-105.004275,4/1/2019 14:51,14:51,12,0,0,20TH STREET & I25,1,1,1,0,1,4,,0,35,0,0,0,0,0,1,2,14
,2019-29096,39.760997,-105.004275,7/16/2019 7:48,7:48,15,0,0,20TH STREET & I25 NORTHBOUND OFF RAMP,1,1,0,0,1,4,,0,30,0,0,0,0,0,1,2,13
,2019-29097,39.760997,-105.004275,8/22/2019 11:11,11:11,12,0,0,20TH STREET & I25,1,1,2,0,1,4,,0,25,0,0,0,0,0,1,2,12
,2019-29098,39.760997,-105.004275,11/5/2019 16:16,16:16,12,0,0,I25 HOV NORTHBOUND ON RAMP & 20TH STREET / BLAKE STREET,1,1,1,0,1,7,,0,30,0,0,0,0,0,1,2,13
,2019-29099,39.760997,-105.004275,4/21/2019 10:56,10:56,3,0,0,20TH STREET & I25 SOUTHBOUND OFF RAMP,1,1,0,0,1,1,,0,35,0,0,0,0,0,1,2,3
,2019-29100,39.760997,-105.004275,6/11/2019 8:26,8:26,3,0,0,20TH STREET & I25 SOUTHBOUND OFF RAMP,1,1,0,0,1,1,,0,30,0,0,0,1,0,1,2,13
,2019-29101,39.760997,-105.004275,6/11/2019 19:08,19:08,1,0,0,20TH STREET & I25 SOUTHBOUND ON RAMP,1,1,0,0,1,1,,0,25,0,0,0,0,0,1,2,13
,2019-29102,39.780031,-104.93177,8/6/2019 17:55,17:55,5,0,0,I70 & DAHLIA STREET NORTH,1,1,1,0,3,4,,0,55,0,0,0,0,0,1,1,2
,2019-29103,39.779391,-104.989165,12/7/2019 21:00,21:00,5,0,0,I25 & I70,1,4,0,0,1,4,,0,,0,0,0,0,0,1,2,13
,2019-29104,39.760997,-105.004275,7/24/2019 12:27,12:27,10,0,0,20TH STREET & I25 SOUTHBOUND ON RAMP,1,1,1,0,1,1,,0,30,0,0,0,0,0,1,2,8
,2019-29105,39.760997,-105.004275,1/10/2019 18:15,18:15,12,0,0,20TH STREET & I25 NORTHBOUND RAMPS,1,3,1,0,1,1,,0,25,0,0,0,0,0,1,2,3
,2019-29106,39.760997,-105.004275,2/23/2019 18:45,18:45,15,0,0,20TH STREET & I25 NORTHBOUND OFF RAMP,1,3,0,0,1,1,,0,30,0,0,0,0,0,1,2,13
,2019-29107,39.760997,-105.004275,2/23/2019 21:04,21:04,12,0,0,20TH STREET & I25 NORTHBOUND ON RAMP,1,3,0,0,1,1,,0,30,0,0,0,0,0,1,3,13
,2019-29108,39.760997,-105.004275,4/11/2019 13:15,13:15,12,0,0,20TH STREET & I25 NORTHBOUND ON RAMP,1,1,1,0,1,1,,0,35,0,0,0,0,0,1,2,13
,2019-29109,39.760997,-105.004275,6/5/2019 12:02,12:02,12,0,0,20TH STREET & I25 NORTHBOUND OFF RAMP,1,1,0,0,1,1,,0,30,0,0,0,0,0,1,2,14
,2019-29110,39.768039,-104.994789,9/15/2019 14:17,14:17,12,0,0,FOX STREET NORTH & 38TH AVENUE WEST,1,1,0,0,1,1,,0,30,0,0,0,0,0,1,2,1
,2019-29111,39.760997,-105.004275,6/20/2019 23:36,23:36,12,0,0,20TH STREET & I25 NORTHBOUND ON RAMP,1,3,0,0,1,1,,0,35,0,0,0,0,0,1,2,12
,2019-29112,39.760997,-105.004275,8/28/2019 19:55,19:55,3,0,0,20TH STREET & I25 NORTHBOUND OFF RAMP,1,2,0,0,1,1,,0,30,0,0,0,0,0,1,2,13
,2019-29113,39.760997,-105.004275,12/7/2019 1:54,1:54,1,0,0,20TH STREET & I25 NORTHBOUND ON RAMP,1,3,0,0,1,1,,0,30,0,0,0,0,0,1,2,13
,2019-29114,39.761114,-105.004133,1/25/2019 15:57,15:57,12,0,0,I25 & 20TH STREET,1,1,1,0,1,4,,0,55,0,0,0,0,0,1,3,1
,2019-29115,39.761114,-105.004133,2/16/2019 16:42,16:42,12,0,0,I25 & 20TH STREET,2,1,0,0,1,4,,0,55,0,0,0,0,0,1,3,13
,2019-29116,39.761114,-105.004133,2/24/2019 14:37,14:37,12,0,0,I25 & 20TH STREET,1,1,0,0,1,4,,0,65,0,0,0,0,0,1,3,3
,2019-29117,39.761114,-105.004133,6/1/2019 17:53,17:53,5,0,1,I25 & 20TH STREET,1,1,0,0,3,4,,0,55,0,0,0,0,1,1,2,3
,2019-29118,39.761114,-105.004133,1/14/2019 0:13,0:13,5,0,0,I25 NORTHBOUND ON RAMP & 20TH STREET,1,3,0,0,2,7,,0,25,0,0,0,0,0,1,3,5
,2019-29119,39.761114,-105.004133,4/19/2019 18:47,18:47,12,0,0,I25 NORTHBOUND ON RAMP & 20TH STREET,1,2,1,0,1,7,,0,55,0,0,0,0,0,1,2,13
,2019-2912,39.798396,-104.7873105,6/19/2019 15:12,15:12,12,0,0,PENA BOULEVARD NORTH & 56TH AVENUE EAST,1,1,0,0,1,1,,0,25,0,0,0,0,0,4,2,12
,2019-29120,39.761114,-105.004133,4/20/2019 22:24,22:24,15,0,0,I25 NORTHBOUND ON RAMP & 20TH STREET,1,3,1,0,1,7,,0,30,0,0,0,0,0,1,2,7
,2019-29121,39.761114,-105.004133,5/29/2019 18:13,18:13,12,0,2,I25 NORTHBOUND ON RAMP & 20TH STREET,1,1,1,0,1,7,,0,35,0,0,0,0,2,1,2,5
,2019-29122,39.761114,-105.004133,8/16/2019 8:37,8:37,15,0,0,I25 NORTHBOUND ON RAMP & 20TH STREET,1,1,0,0,1,7,,0,35,0,0,0,0,0,1,2,3
,2019-29123,39.761114,-105.004133,10/27/2019 2:00,2:00,15,0,0,I25 NORTHBOUND ON RAMP & 20TH STREET,2,3,1,0,1,7,,0,35,0,0,0,0,0,1,2,13
,2019-29124,39.761114,-105.004133,10/28/2019 15:12,15:12,12,0,1,I25 NORTHBOUND ON RAMP & 20TH STREET,5,1,0,0,1,7,,0,45,0,0,0,0,1,1,2,13
,2019-29125,39.761114,-105.004133,4/12/2019 18:30,18:30,12,0,4,I25 SOUTHBOUND OFF RAMP & 20TH STREET,2,1,1,1,1,7,,0,55,0,0,0,0,1,1,2,13
,2019-29126,39.761114,-105.004133,5/28/2019 9:00,9:00,12,0,0,I25 SOUTHBOUND OFF RAMP & 20TH STREET,1,1,0,0,1,7,,0,45,0,0,0,0,0,1,2,13
,2019-29127,39.761227,-105.003985,7/21/2019 12:52,12:52,12,0,0,I25 & 20TH STREET,1,1,0,0,1,4,,0,65,0,0,0,0,0,1,4,13
,2019-29128,39.763342,-105.001908,6/5/2019 11:51,11:51,12,0,0,I25 & 20TH STREET,1,1,0,0,1,4,,0,55,0,0,0,0,0,1,2,13
,2019-29129,39.761227,-105.003985,12/29/2019 14:30,14:30,12,0,0,I25 SOUTHBOUND OFF RAMP & 20TH STREET,1,1,1,0,1,7,,0,65,0,0,0,0,0,1,2,3
,2019-29130,39.761337,-105.003837,2/28/2019 13:47,13:47,12,0,0,I25 & 20TH STREET,1,1,0,0,1,4,,0,55,0,0,0,0,0,1,2,1
,2019-29131,39.761446,-105.003691,1/5/2019 14:39,14:39,12,0,0,I25 & 20TH STREET,1,1,0,0,1,4,,0,65,0,0,0,0,0,1,3,8
,2019-29132,39.761446,-105.003691,11/19/2019 9:47,9:47,12,0,0,I25 & 20TH STREET,1,1,0,0,1,4,,0,55,0,0,0,0,0,1,3,13
,2019-29133,39.761446,-105.003691,6/22/2019 16:05,16:05,12,0,0,I25 NORTHBOUND ON RAMP & 20TH STREET,2,1,1,1,1,7,,0,45,0,0,0,0,0,1,2,2
,2019-29134,39.761671,-105.003407,3/23/2019 22:45,22:45,5,0,0,I25 & 20TH STREET,1,3,0,0,3,4,,0,55,0,0,0,0,0,1,1,14
,2019-29135,39.776458,-104.989213,11/18/2019 15:31,15:31,12,0,0,I25 & 44TH AVENUE WEST,1,1,0,0,1,4,,0,55,0,0,0,0,0,1,2,1
,2019-29136,39.761905,-105.003137,6/5/2019 15:45,15:45,12,0,0,I25 & 20TH STREET,1,1,0,0,1,4,,0,65,0,0,0,0,0,1,2,3
,2019-29137,39.761905,-105.003137,10/26/2019 16:53,16:53,12,0,0,I25 & 20TH STREET,1,1,0,0,1,4,,0,55,0,0,0,0,0,1,2,7
,2019-29138,39.762028,-105.003011,9/26/2019 23:47,23:47,15,0,0,I25 & 20TH STREET,1,3,0,0,1,4,,0,65,0,0,0,0,0,1,3,5
,2019-29139,39.779391,-104.989165,3/20/2019 16:00,16:00,12,0,0,I25 & I70,1,1,1,0,1,4,,0,65,0,0,0,0,0,1,2,13
,2019-29140,39.762028,-105.003011,12/22/2019 13:19,13:19,12,0,1,I25 & 20TH STREET,1,1,0,0,1,4,,0,55,0,0,0,0,1,1,3,13
,2019-29141,39.762277,-105.002765,2/13/2019 12:28,12:28,12,0,2,I25 & 20TH STREET,1,1,0,0,1,4,,0,55,0,0,0,0,1,1,3,1
,2019-29142,39.76267,-105.002429,5/10/2019 6:47,6:47,12,0,1,I25 & 20TH STREET,1,1,0,0,1,4,,0,55,0,0,0,0,1,1,2,1
,2019-29143,39.76328,-105.00199,7/29/2019 8:37,8:37,12,0,0,I25 & 33RD AVENUE WEST,1,1,0,0,1,4,,0,55,0,0,0,0,0,1,2,7
,2019-29144,39.763342,-105.001908,9/3/2019 14:53,14:53,12,0,0,I25 & 20TH STREET,1,1,0,0,1,4,,0,65,0,0,0,0,0,1,3,13
,2019-29145,39.763342,-105.001908,12/5/2019 11:58,11:58,12,0,0,I25 & 20TH STREET,2,1,0,1,1,4,,0,55,0,0,0,0,0,1,2,13
,2019-29146,39.763479,-105.001808,2/6/2019 11:23,11:23,12,0,0,I25 NORTHBOUND ON RAMP ENTRANCE GORE POINT & 20TH STREET,4,1,1,2,1,7,,0,55,0,0,0,0,0,1,2,13
,2019-29147,39.763479,-105.001808,6/21/2019 2:10,2:10,12,0,0,I25 SOUTHBOUND OFF RAMP EXIT GORE POINT & 20TH STREET,1,3,1,0,1,7,,0,45,0,0,0,0,0,1,2,8
,2019-29148,39.763616,-105.001709,1/17/2019 10:16,10:16,15,0,0,I25 SOUTHBOUND EXIT GORE POINT & 20TH STREET,1,1,0,0,1,4,,0,65,0,0,0,0,0,1,2,14
,2019-29149,39.763616,-105.001709,3/8/2019 0:43,0:43,15,0,0,I25 SOUTHBOUND EXIT GORE POINT & 20TH STREET,1,3,0,0,1,4,,0,55,0,0,0,0,0,1,2,9
,2019-29150,39.763616,-105.001709,5/2/2019 8:15,8:15,12,0,2,I25 SOUTHBOUND EXIT GORE POINT TO & 20TH STREET,1,1,0,0,1,4,,0,55,0,0,0,0,1,1,3,14
,2019-29151,39.763616,-105.001709,9/24/2019 10:52,10:52,15,0,0,I25 SOUTHBOUND EXIT GORE POINT & 20TH STREET,1,1,0,0,1,4,,0,55,0,0,0,0,0,1,2,3
,2019-29152,39.764026,-105.001411,10/25/2019 21:29,21:29,12,0,0,I25 NORTHBOUND EXIT GORE POINT TO & 20TH STREET,1,3,0,0,1,4,,0,55,0,0,0,0,0,1,3,13
,2019-29154,39.764163,-105.001312,1/21/2019 15:18,15:18,12,0,0,I25 & 20TH STREET,1,1,1,0,1,4,,0,65,0,0,0,0,0,1,2,13
,2019-29155,39.764163,-105.001312,1/30/2019 6:12,6:12,15,0,0,I25 & 20TH STREET,1,3,1,0,1,4,,0,55,0,0,0,0,0,1,2,1
,2019-29156,39.764163,-105.001312,4/19/2019 6:45,6:45,12,0,0,I25 & 20TH STREET,1,1,1,0,1,4,,0,55,0,0,0,0,0,1,2,3
,2019-29157,39.764163,-105.001312,4/21/2019 14:22,14:22,12,0,0,I25 & 20TH STREET,1,1,0,0,1,4,,0,55,0,0,0,0,0,1,2,13
,2019-29158,39.764163,-105.001312,5/29/2019 11:50,11:50,12,0,0,I25 & 20TH STREET,1,1,0,0,1,4,,0,65,0,0,0,0,0,1,2,1
,2019-29159,39.764163,-105.001312,7/13/2019 9:30,9:30,15,0,0,I25 & 20TH STREET,1,1,0,0,1,4,,0,65,0,0,0,0,0,1,2,13
,2019-29160,39.764163,-105.001312,7/20/2019 10:29,10:29,12,0,1,I25 & 20TH STREET,1,1,0,0,1,4,,0,55,0,0,0,0,2,1,3,12
,2019-29161,39.764163,-105.001312,8/1/2019 13:02,13:02,12,0,0,I25 & 20TH STREET,1,1,0,0,1,4,,0,55,0,0,0,0,0,1,2,13
,2019-29162,39.764163,-105.001312,8/14/2019 9:38,9:38,15,0,0,I25 & 20TH STREET,1,1,0,0,1,4,,0,55,0,0,0,0,0,1,2,13
,2019-29163,39.764574,-105.001014,12/23/2019 17:21,17:21,12,0,1,I25 & 20TH STREET,1,3,1,0,1,4,,0,55,0,0,0,0,1,1,3,13
,2019-29164,39.764709,-105.000912,9/27/2019 6:45,6:45,12,0,0,I25 SOUTHBOUND EXIT GORE POINT & 38TH AVENUE WEST,1,1,0,0,1,4,,0,55,0,0,0,0,0,1,3,13
,2019-29165,39.764844,-105.000809,8/15/2019 0:00,0:00,15,0,0,I25 & 20TH STREET,1,1,0,0,1,4,,0,60,0,0,0,0,0,1,2,13
,2019-29166,39.765115,-105.000603,5/19/2019 13:00,13:00,15,0,0,I25 & 20TH STREET,1,1,1,0,1,4,,0,55,0,0,0,0,0,1,2,7
,2019-29167,39.765646,-105.000086,11/24/2019 7:42,7:42,15,0,0,I25 & 35TH AVENUE WEST,1,1,0,0,1,4,,0,55,0,0,0,0,0,1,2,3
,2019-29168,39.765946,-104.999682,10/7/2019 0:13,0:13,15,0,0,I25 SOUTHBOUND EXIT GORE POINT & 20TH STREET,1,3,0,0,1,4,,0,55,0,0,0,0,0,1,2,5
,2019-29169,39.766241,-104.999208,6/19/2019 10:07,10:07,15,0,0,I25 & 38TH AVENUE WEST,1,1,0,0,1,4,,0,55,0,0,0,0,0,1,2,13
,2019-29170,39.766241,-104.999208,6/19/2019 11:16,11:16,15,0,0,I25 & 38TH AVENUE WEST,1,1,0,0,1,4,,0,55,0,0,0,0,0,1,2,13
,2019-29171,39.766728,-104.998167,8/17/2019 12:01,12:01,5,0,0,I25 & 38TH AVENUE WEST / PARK AVENUE WEST,1,1,1,0,2,4,,0,65,0,0,0,0,0,1,1,2
,2019-29172,39.766728,-104.998167,8/21/2019 8:51,8:51,12,0,0,I25 & 38TH AVENUE WEST,1,1,0,0,1,4,,0,55,0,0,0,0,0,1,2,13