id,drcog_id,latitude,longitude,crashtime,time,crashtype,numbkilled,numbinjurd,drcoglocat,rdconditin,lightngcon,roadcntgrd,weatherco,location,roaddescrp,schoolzone,constrzone,splimit,bikeinv,sctrinv,pedinv,motoinv,svrty,rdsystem,ttlvehcls,hcf
,2019-29173,39.766728,-104.998167,12/10/2019 13:59,13:59,12,0,2,I25 & PARK AVENUE WEST,1,1,1,0,1,4,,0,65,0,0,0,0,1,1,2,13
,2019-29174,39.766896,-104.997739,5/13/2019 8:30,8:30,12,0,0,I25 & 36TH AVENUE WEST,1,1,0,0,1,4,,0,55,0,0,0,0,0,1,2,7
,2019-29175,39.767433,-104.996351,12/7/2019 22:25,22:25,15,0,0,I25 & PARK AVENUE WEST,1,3,0,0,1,4,,0,55,0,0,0,0,0,1,2,7
,2019-29176,39.766869,-104.997804,11/10/2019 17:16,17:16,12,0,0,I25 & 20TH STREET,1,3,0,0,1,4,,0,55,0,0,0,0,0,1,3,7
,2019-29177,39.76694,-104.997622,12/13/2019 7:50,7:50,15,0,1,I25 & PARK AVENUE WEST,1,1,0,0,1,4,,0,55,0,0,0,0,2,1,2,1
,2019-29178,39.767081,-104.997259,7/11/2019 18:16,18:16,12,0,0,I25 NORTHBOUND EXIT GORE POINT TO & PARK AVENUE WEST,1,2,1,0,1,4,,0,55,0,0,0,0,0,1,3,13
,2019-29179,39.767151,-104.997077,1/14/2019 22:12,22:12,15,0,1,I25 & PARK AVENUE WEST,1,3,0,0,1,4,,0,55,0,0,0,0,1,1,2,13
,2019-2918,39.63322,-104.903993,6/2/2019 12:40,12:40,12,0,0,I225 & MM 0.25,1,1,0,0,1,4,,0,55,0,0,0,0,0,1,2,13
,2019-29180,39.767221,-104.996896,11/9/2019 9:36,9:36,15,0,0,I25 & I70,1,1,0,0,1,4,,0,65,0,0,0,0,0,1,2,13
,2019-29182,39.767221,-104.996896,11/13/2019 13:38,13:38,12,0,1,I25 NORTHBOUND EXIT GORE POINT TO & PARK AVENUE WEST,1,1,1,0,1,4,,0,65,0,0,0,0,1,1,3,13
,2019-29183,39.767362,-104.996533,1/19/2019 12:01,12:01,15,0,0,I25 & 38TH AVENUE WEST,1,1,1,0,1,4,,0,55,0,0,0,0,0,1,2,1
,2019-29184,39.767362,-104.996533,8/11/2019 14:30,14:30,12,0,0,I25 & 38TH AVENUE WEST / PARK AVENUE WEST,1,1,0,0,1,4,,0,55,0,0,0,0,0,1,2,13
,2019-29185,39.767433,-104.996351,1/25/2019 23:14,23:14,12,0,0,I25 & PARK AVENUE WEST,1,3,0,0,1,4,,0,55,0,0,0,0,0,1,3,12
,2019-29186,39.767433,-104.996351,5/14/2019 9:10,9:10,15,0,0,I25 & PARK AVENUE WEST,1,1,0,0,1,4,,0,55,0,0,0,0,0,1,2,13
,2019-29187,39.767433,-104.996351,9/18/2019 19:10,19:10,15,0,0,I25 NORTHBOUND EXIT GORE POINT & PARK AVENUE WEST,1,2,0,0,1,4,,0,60,0,0,0,0,0,1,2,13
,2019-29188,39.767433,-104.996351,10/10/2019 9:19,9:19,15,0,0,I25 NORTHBOUND EXIT GORE POINT TO & PARK AVENUE WEST,4,1,1,2,1,4,,0,55,0,0,0,0,0,1,2,14
,2019-29189,39.767433,-104.996351,12/4/2019 12:27,12:27,12,0,1,I25 & PARK AVENUE WEST,1,1,1,0,1,4,,0,55,0,0,0,0,1,1,2,13
,2019-2919,39.798396,-104.7873105,7/26/2019 8:15,8:15,12,0,0,PENA BOULEVARD & 56TH AVENUE EAST,1,1,0,0,1,1,,0,40,0,0,0,0,0,4,3,13
,2019-29190,39.767433,-104.996351,12/5/2019 18:36,18:36,12,0,0,I25 & PARK AVENUE WEST,2,3,1,1,1,4,,0,65,0,0,0,0,0,1,3,13
,2019-29191,39.767503,-104.996169,6/15/2019 8:44,8:44,12,0,0,I25 & PARK AVENUE WEST,1,1,1,0,1,4,,0,55,0,0,0,0,0,1,2,14
,2019-29192,39.767503,-104.996169,11/26/2019 7:20,7:20,15,0,0,I25 NORTHBOUND EXIT GORE POINT TO & PARK AVENUE WEST,4,1,0,2,1,4,,0,55,0,0,0,0,0,1,2,3
,2019-29193,39.767644,-104.995806,12/29/2019 15:26,15:26,12,0,0,I25 & PARK AVENUE WEST,1,1,0,0,1,4,,0,,0,0,0,0,0,1,2,13
,2019-29194,39.767785,-104.995443,7/4/2019 18:25,18:25,12,0,0,I25 & PARK AVENUE WEST,2,1,0,1,1,4,,0,65,0,0,0,0,0,1,2,13
,2019-29195,39.767785,-104.995443,8/18/2019 16:41,16:41,15,0,0,I25 & PARK AVENUE WEST,1,1,1,0,1,4,,0,55,0,0,0,0,0,1,2,5
,2019-29196,39.767924,-104.995084,4/13/2019 13:02,13:02,12,0,0,I25 & PARK AVENUE WEST,1,1,0,0,1,4,,0,65,0,0,0,0,0,1,2,3
,2019-29197,39.76798,-104.994939,2/19/2019 13:06,13:06,12,0,0,I25 & PARK AVENUE WEST,1,1,1,0,1,4,,0,55,0,0,0,0,0,1,2,13
,2019-29198,39.768039,-104.994789,1/30/2019 7:33,7:33,12,0,0,I25 & 38TH AVENUE WEST,1,1,0,0,1,4,,0,65,0,0,0,0,0,1,2,1
,2019-29199,39.768039,-104.994789,1/31/2019 18:26,18:26,12,0,0,I25 & PARK AVENUE WEST,1,3,1,0,1,4,,0,55,0,0,0,0,0,1,2,13
,2019-2920,39.79341,-104.8972905,9/23/2019 14:49,14:49,3,0,0,PRAIRIE MEADOW DRIVE & SPRUCE STREET NORTH,1,1,0,0,1,1,,0,30,0,0,0,0,0,4,2,5
,2019-29200,39.768039,-104.994789,2/5/2019 14:51,14:51,15,0,0,I25 & PARK AVENUE WEST,1,1,1,0,1,4,,0,55,0,0,0,0,0,1,2,12
,2019-29201,39.768039,-104.994789,2/15/2019 12:00,12:00,12,0,0,I25 & 38TH AVENUE WEST,1,1,0,0,1,4,,0,55,0,0,0,0,0,1,2,13
,2019-29202,39.768039,-104.994789,3/1/2019 12:03,12:03,12,0,1,I25 & PARK AVENUE WEST,1,3,1,0,1,4,,0,55,0,0,0,0,1,1,2,12
,2019-29203,39.768039,-104.994789,3/5/2019 8:32,8:32,12,0,0,I25 & PARK AVENUE WEST,1,1,1,0,1,4,,0,65,0,0,0,0,0,1,2,3
,2019-29204,39.768039,-104.994789,3/15/2019 10:13,10:13,12,0,0,I25 & PARK AVENUE WEST,1,1,0,0,1,4,,0,55,0,0,0,0,0,1,2,13
,2019-29205,39.768039,-104.994789,3/16/2019 17:43,17:43,12,0,0,I25 & PARK AVENUE WEST,1,1,0,0,1,4,,0,55,0,0,0,0,0,1,2,13
,2019-29206,39.768039,-104.994789,4/5/2019 15:46,15:46,15,0,0,I25 & PARK AVENUE WEST,1,1,1,0,1,4,,0,55,0,0,0,1,0,1,2,13
,2019-29207,39.768039,-104.994789,4/8/2019 6:26,6:26,12,0,0,I25 & PARK AVENUE WEST,1,1,0,0,1,4,,0,55,0,0,0,0,0,1,2,1
,2019-29208,39.768039,-104.994789,4/26/2019 14:25,14:25,12,0,0,I25 & PARK AVENUE WEST,1,1,1,0,1,4,,0,65,0,0,0,0,0,1,2,13
,2019-29209,39.768039,-104.994789,4/30/2019 8:19,8:19,12,0,0,I25 & PARK AVENUE WEST,1,1,0,0,1,4,,0,55,0,0,0,0,0,1,2,13
,2019-2921,39.635523,-104.89346,4/29/2019 10:48,10:48,1,0,0,TAMARCC STREET SOUTH & I225 WB RAMPS,1,1,0,0,1,1,,0,35,0,0,0,0,0,1,2,13
,2019-29210,39.768039,-104.994789,5/9/2019 10:43,10:43,12,0,0,I25 & 38TH AVENUE WEST,1,1,0,0,1,4,,0,55,0,0,0,0,0,1,3,12
,2019-29211,39.768039,-104.994789,5/16/2019 14:43,14:43,12,0,0,I25 & PARK AVENUE WEST,1,1,1,0,1,4,,0,55,0,0,0,0,0,1,2,3
,2019-29212,39.768039,-104.994789,5/23/2019 7:23,7:23,12,0,0,I25 & PARK AVENUE WEST,1,1,0,0,1,4,,0,65,0,0,0,0,0,1,2,3
,2019-29213,39.768039,-104.994789,5/24/2019 10:58,10:58,15,0,0,I25 & PARK AVENUE WEST,1,1,0,0,1,4,,0,55,0,0,0,0,0,1,2,13
,2019-29214,39.768039,-104.994789,6/20/2019 12:34,12:34,12,0,0,I25 & 38TH AVENUE WEST,1,1,0,0,1,4,,0,55,0,0,0,0,0,1,2,13
,2019-29215,39.768039,-104.994789,7/15/2019 17:15,17:15,15,0,0,I25 & 38TH AVENUE WEST,1,1,1,0,1,4,,0,55,0,0,0,0,0,1,2,13
,2019-29216,39.768039,-104.994789,7/29/2019 9:25,9:25,15,0,0,I25 & 38TH AVENUE WEST / PARK AVENUE WEST,1,1,1,0,1,4,,0,55,0,0,0,0,0,1,2,13
,2019-29217,39.768039,-104.994789,7/29/2019 14:07,14:07,12,0,1,I25 & 38TH AVENUE WEST / PARK AVENUE WEST,1,1,1,0,1,4,,0,55,0,0,0,0,1,1,2,13
,2019-29218,39.768039,-104.994789,8/2/2019 11:30,11:30,12,0,0,I25 & 38TH AVENUE WEST / PARK AVENUE WEST,1,1,0,0,1,4,,0,55,0,0,0,0,0,1,2,13
,2019-29219,39.768039,-104.994789,8/20/2019 8:30,8:30,12,0,0,I25 & 38TH AVENUE WEST / PARK AVENUE WEST,1,1,1,0,1,4,,0,55,0,0,0,0,0,1,2,7
,2019-2922,39.756456,-105.009309,1/25/2019 23:35,23:35,3,0,0,PLATTE STREET & 15TH STREET,1,3,0,0,1,1,,0,30,0,0,0,0,0,4,3,13
,2019-29220,39.768039,-104.994789,8/23/2019 16:45,16:45,12,0,0,I25 & PARK AVENUE WEST,1,1,0,0,1,4,,0,65,0,0,0,0,0,1,2,13
,2019-29221,39.768039,-104.994789,8/25/2019 13:45,13:45,12,0,0,I25 & PARK AVENUE WEST,1,1,0,0,1,4,,0,65,0,0,0,0,0,1,2,3
,2019-29222,39.768039,-104.994789,8/26/2019 18:20,18:20,12,0,0,I25 & PARK AVENUE WEST,1,1,0,0,1,4,,0,55,0,0,0,0,0,1,2,3
,2019-29223,39.768039,-104.994789,9/4/2019 11:20,11:20,15,0,0,I25 & PARK AVENUE WEST,1,1,1,0,1,4,,0,55,0,0,0,0,0,1,2,13
,2019-29224,39.768039,-104.994789,10/9/2019 17:57,17:57,12,0,0,I25 & PARK AVENUE WEST,1,1,1,0,1,4,,0,65,0,0,0,0,0,1,2,13
,2019-29225,39.768039,-104.994789,10/18/2019 6:27,6:27,12,0,1,I25 & 38TH AVENUE WEST,1,4,1,0,1,4,,0,55,0,0,0,0,1,1,2,1
,2019-29226,39.768039,-104.994789,10/24/2019 15:51,15:51,12,0,0,I25 & 38TH AVENUE WEST,1,1,1,0,1,4,,0,55,0,0,0,0,0,1,2,13
,2019-29227,39.768039,-104.994789,10/30/2019 6:10,6:10,15,0,0,I25 & PARK AVENUE WEST,5,3,2,0,1,4,,0,55,0,0,0,0,0,1,2,1
,2019-29228,39.768039,-104.994789,11/9/2019 15:45,15:45,12,0,0,I25 & PARK AVENUE WEST,1,1,0,0,1,4,,0,55,0,0,0,0,0,1,2,13
,2019-29229,39.768039,-104.994789,11/9/2019 16:18,16:18,12,0,2,I25 & PARK AVENUE WEST,1,1,0,0,1,4,,0,65,0,0,0,0,1,1,2,13
,2019-2923,39.756456,-105.009309,2/23/2019 11:30,11:30,3,0,0,PLATTE STREET & 15TH STREET,1,1,0,0,1,1,,0,30,0,0,0,0,0,4,2,3
,2019-29231,39.768039,-104.994789,12/31/2019 15:13,15:13,12,0,0,I25 & PARK AVENUE WEST,1,1,0,0,1,4,,0,55,0,0,0,0,0,1,2,13
,2019-29232,39.768039,-104.994789,1/13/2019 0:29,0:29,5,0,1,I25 SOUTHBOUND OFF RAMP LOOP FLYOVER TO & PARK AVENUE WEST,1,3,1,0,2,7,,0,55,0,0,0,0,1,1,1,5
,2019-29233,39.768039,-104.994789,12/3/2019 7:55,7:55,12,0,0,I25 SOUTHBOUND OFF RAMP LOOP FLYOVER TO & PARK AVENUE WEST,2,1,1,0,1,7,,0,40,0,0,0,0,0,1,2,3
,2019-29234,39.768039,-104.994789,5/17/2019 0:26,0:26,5,0,0,38TH AVENUE WEST & FOX STREET NORTH,1,3,0,0,2,1,,0,35,0,0,0,0,0,1,1,5
,2019-29235,39.768039,-104.994789,5/23/2019 11:15,11:15,10,0,0,38TH AVENUE WEST & FOX STREET NORTH,1,1,1,0,1,1,,0,30,0,0,0,0,0,1,2,13
,2019-29236,39.768039,-104.994789,6/19/2019 13:47,13:47,12,0,0,PARK AVENUE WEST & FOX STREET NORTH,1,1,1,0,1,1,,0,35,0,0,0,0,0,1,2,13
,2019-29237,39.768039,-104.994789,6/25/2019 16:24,16:24,12,0,0,FOX STREET NORTH & 38TH AVENUE WEST,1,1,0,0,1,3,,0,30,0,0,0,0,0,1,2,8
,2019-29238,39.768039,-104.994789,7/1/2019 16:09,16:09,12,0,0,38TH AVENUE WEST & FOX STREET NORTH,1,1,0,0,1,1,,0,25,0,0,0,0,0,1,2,13
,2019-29239,39.768039,-104.994789,7/8/2019 17:14,17:14,12,0,0,38TH AVENUE WEST & FOX STREET NORTH,1,1,1,0,1,1,,0,35,0,0,0,0,0,1,2,13
,2019-2924,39.776912,-104.88818,12/22/2019 22:45,22:45,5,0,1,I270 & I76,1,3,0,0,3,4,,0,65,0,0,0,0,1,1,1,13
,2019-29240,39.768039,-104.994789,8/27/2019 8:32,8:32,12,0,1,PARK AVENUE WEST & FOX STREET NORTH,1,1,1,0,1,3,,0,30,0,0,0,0,1,1,2,3
,2019-29241,39.768039,-104.994789,9/13/2019 15:00,15:00,12,0,0,FOX STREET NORTH & 38TH AVENUE WEST,1,1,0,0,1,3,,0,25,0,0,0,0,0,1,2,3
,2019-29242,39.768039,-104.994789,9/18/2019 8:20,8:20,12,0,0,38TH AVENUE WEST & FOX STREET NORTH,1,1,0,0,1,1,,0,35,0,0,0,0,0,1,2,13
,2019-29243,39.768039,-104.994789,9/22/2019 18:05,18:05,15,0,0,PARK AVENUE WEST & FOX STREET NORTH,1,1,0,0,1,1,,0,35,0,0,0,0,0,1,2,8
,2019-29244,39.770103,-104.991512,2/22/2019 9:03,9:03,15,0,0,I25 & MM 213,9,1,1,0,1,4,,0,65,0,0,0,0,0,1,2,13
,2019-29245,39.768039,-104.994789,5/31/2019 23:42,23:42,5,0,0,PARK AVENUE WEST / FOX STREET & I25 NORTHBOUND OFF RAMP,1,3,1,0,3,1,,0,35,0,0,0,0,0,1,1,9
,2019-29246,39.768039,-104.994789,11/30/2019 20:50,20:50,12,0,1,PARK AVENUE WEST / FOX STREET & I25 NORTHBOUND OFF RAMP,1,3,0,0,1,1,,0,35,0,0,0,0,2,1,2,5
,2019-29247,39.768039,-104.994789,12/2/2019 7:45,7:45,12,0,0,PARK AVENUE WEST / FOX STREET & I25 NORTHBOUND OFF RAMP,2,1,1,0,1,1,,0,35,0,0,0,0,0,1,2,13
,2019-29248,39.768143,-104.994545,3/15/2019 18:33,18:33,12,0,0,I25 & PARK AVENUE WEST,1,1,0,0,1,4,,0,55,0,0,0,0,0,1,2,13
,2019-29249,39.768143,-104.994545,5/9/2019 18:05,18:05,15,0,0,I25 NORTHBOUND ON RAMP & PARK AVENUE WEST,2,1,0,1,1,7,,0,30,0,0,0,0,0,1,2,13
,2019-29250,39.768143,-104.994545,5/26/2019 1:07,1:07,12,0,0,I25 NORTHBOUND ON RAMP SLIP & PARK AVENUE WEST,1,3,0,0,1,7,,0,35,0,0,0,0,0,1,2,5
,2019-29251,39.768143,-104.994545,6/28/2019 21:59,21:59,12,0,0,I25 NORTHBOUND ON RAMP SLIP & PARK AVENUE WEST,1,3,0,0,1,7,,0,35,0,0,0,0,0,1,2,13
,2019-29252,39.768143,-104.994545,9/4/2019 13:37,13:37,15,0,0,I25 NORTHBOUND ON RAMP & PARK AVENUE WEST,1,1,1,0,1,7,,0,30,0,0,0,0,0,1,2,13
,2019-29253,39.768143,-104.994545,9/4/2019 16:26,16:26,12,0,0,I25 NORTHBOUND ON RAMP & PARK AVENUE WEST,1,1,0,0,1,7,,0,55,0,0,0,0,0,1,2,13
,2019-29254,39.768143,-104.994545,10/1/2019 0:27,0:27,5,0,0,I25 NORTHBOUND ON RAMP & PARK AVENUE WEST,1,3,0,0,2,7,,0,35,0,0,0,0,0,1,1,5
,2019-29255,39.768143,-104.994545,10/24/2019 8:20,8:20,12,0,2,I25 NORTHBOUND ON RAMP FROM & PARK AVENUE WEST,2,1,0,0,1,7,,0,35,0,0,0,0,1,1,2,13
,2019-29256,39.779391,-104.989165,3/22/2019 7:10,7:10,15,0,0,I25 & I70,1,1,0,0,1,4,,0,55,0,0,0,0,0,1,2,13
,2019-29257,39.768143,-104.994545,11/23/2019 1:11,1:11,8,0,0,I25 NORTHBOUND OFF RAMP LOOP TO & PARK AVENUE WEST,1,3,1,0,1,7,,0,45,0,0,0,0,0,1,2,3
,2019-29258,39.768143,-104.994545,1/20/2019 12:52,12:52,12,0,0,I25 SOUTHBOUND ON RAMP LOOP FROM & 38TH AVENUE WEST / FOX STREET,1,1,0,0,1,7,,0,,0,0,0,0,0,1,2,13
,2019-29259,39.777106,-104.989215,7/4/2019 18:45,18:45,5,0,0,I25 & MM 213,2,1,0,1,2,4,,0,55,0,0,0,0,0,1,1,13
,2019-29260,39.768143,-104.994545,2/28/2019 16:15,16:15,15,0,0,I25 SOUTHBOUND ON RAMP LOOP FROM & 38TH AVENUE WEST / FOX STREET,1,1,1,0,1,7,,0,55,0,0,0,0,0,1,2,1
,2019-29261,39.768219,-104.994371,8/13/2019 12:56,12:56,15,0,0,I25 SOUTHBOUND LOOP ENTRANCE GORE POINT & 38TH AVENUE WEST,1,1,0,0,1,4,,0,65,0,0,0,0,0,1,3,1
,2019-29262,39.768219,-104.994371,2/18/2019 22:15,22:15,14,0,0,I25 NORTHBOUND OFF RAMP LOOP TO & PARK AVENUE WEST,1,3,1,0,5,7,,0,35,0,0,0,0,0,1,2,5
,2019-29263,39.768219,-104.994371,10/19/2019 20:25,20:25,12,0,0,I25 NORTHBOUND OFF RAMP LOOP TO & PARK AVENUE WEST,1,3,0,0,1,7,,0,,0,0,0,0,0,1,2,5
,2019-29264,39.768367,-104.994035,4/23/2019 7:45,7:45,12,0,0,I25 NORTHBOUND EXIT GORE POINT TO & I70 EB/WB,1,1,0,0,1,4,,0,55,0,0,0,0,0,1,2,14
,2019-29265,39.768367,-104.994035,12/17/2019 17:50,17:50,12,0,0,I25 & PARK AVENUE WEST,1,3,0,0,1,4,,0,55,0,0,0,0,0,1,2,13
,2019-29266,39.768445,-104.993883,4/27/2019 2:18,2:18,5,0,0,I25 NORTHBOUND EXIT GORE POINT TO & I70 EB/WB,1,3,0,0,3,4,,0,55,0,0,0,0,0,1,1,13
,2019-29267,39.768445,-104.993883,4/30/2019 7:16,7:16,12,0,0,I25 NORTHBOUND EXIT GORE POINT TO & I70,1,1,0,0,1,4,,0,55,0,0,0,0,0,1,3,12
,2019-29268,39.768445,-104.993883,5/8/2019 16:25,16:25,15,0,0,I25 NORTHBOUND EXIT GORE POINT TO & I70,2,2,0,1,1,4,,0,55,0,0,0,0,0,1,2,13
,2019-29269,39.768445,-104.993883,4/5/2019 17:16,17:16,15,0,0,I25 NORTHBOUND ON RAMP & PARK AVENUE WEST,1,1,0,0,1,7,,0,35,0,0,0,0,0,1,2,1
,2019-2927,39.78785643,-104.7906994,8/22/2019 9:00,9:00,12,0,0,PENA BOULEVARD & 6700 BLOCK,1,1,0,0,1,4,,0,65,0,0,0,0,0,4,2,13
,2019-29270,39.78021,-104.9891,11/23/2019 17:45,17:45,15,0,0,I25 NORTHBOUND OFF RAMP EXIT GORE POINT TO & I70,1,3,1,0,1,7,,0,55,0,0,0,0,0,1,2,3
,2019-29271,39.768521,-104.993734,9/28/2019 9:07,9:07,15,0,0,FOX STREET WEST & I25 SOUTHBOUND ON RAMP LOOP,1,1,0,0,1,1,,0,25,0,0,0,0,0,1,2,13
,2019-29272,39.768757,-104.993293,12/13/2019 12:31,12:31,12,0,2,I25 & PARK AVENUE WEST,1,1,0,0,1,4,,0,55,0,0,0,0,1,1,2,1
,2019-29273,39.768843,-104.993153,2/1/2019 11:06,11:06,15,0,0,I25 & PARK AVENUE WEST,1,1,1,0,1,4,,0,55,0,0,0,0,0,1,2,3
,2019-29274,39.768843,-104.993153,4/21/2019 2:42,2:42,5,0,0,I25 NORTHBOUND ON RAMP FROM PARK AVENUE & I70 SPLIT GORE POINT FROM I25 NORTHBOUND ON RAMP,1,3,1,0,3,7,,0,35,0,0,0,0,0,1,1,5
,2019-29275,39.76893,-104.993014,5/19/2019 13:15,13:15,12,0,0,I25 & PARK AVENUE WEST,1,1,0,0,1,4,,0,55,0,0,0,0,0,1,2,13
,2019-29276,39.76893,-104.993014,11/25/2019 17:04,17:04,15,0,0,I25 & PARK AVENUE WEST,2,3,0,2,1,4,,0,65,0,0,0,0,0,1,2,13
,2019-29277,39.769104,-104.992736,7/8/2019 15:26,15:26,12,0,2,I25 & I70,1,1,0,0,1,4,,0,55,0,0,0,0,1,1,2,13
,2019-29278,39.769104,-104.992736,9/19/2019 7:15,7:15,15,0,0,I25 & PARK AVENUE WEST,1,1,0,0,1,4,,0,55,0,0,0,0,0,1,2,7
,2019-29279,39.769385,-104.992341,2/15/2019 8:03,8:03,12,0,0,I25 & 3800 BLOCK,1,1,0,0,1,4,,0,55,0,0,0,1,0,1,2,13
,2019-2928,39.78785643,-104.7906994,12/14/2019 20:40,20:40,15,0,0,PENA BOULEVARD & 7500 BLOCK,1,3,0,0,1,1,,0,45,0,0,0,0,0,4,2,7
,2019-29280,39.769685,-104.991969,9/27/2019 7:35,7:35,12,0,0,I25 & PARK AVENUE WEST,1,1,0,0,1,4,,0,65,0,0,0,0,0,1,2,13
,2019-29281,39.770342,-104.991278,3/26/2019 18:25,18:25,12,0,2,I25 & PARK AVENUE WEST,1,2,1,0,1,4,,0,55,0,0,0,0,1,1,2,14
,2019-29282,39.770342,-104.991278,12/16/2019 22:58,22:58,15,0,0,I25 & PARK AVENUE WEST,1,3,0,0,1,4,,0,65,0,0,0,0,0,1,2,13
,2019-29283,39.770587,-104.991055,2/23/2019 23:15,23:15,15,0,0,I25 NORTHBOUND ENTRANCE GORE POINT FROM & FOX STREET,5,3,0,0,1,4,,0,55,0,0,0,0,0,1,2,13
,2019-29284,39.77172,-104.990275,6/28/2019 12:20,12:20,15,0,0,I25 & 40TH AVENUE WEST,1,1,0,0,1,4,,0,55,0,0,0,0,0,1,2,7
,2019-29285,39.771906,-104.990142,1/2/2019 7:49,7:49,5,0,0,I25 SOUTHBOUND ENTRANCE GORE POINT FROM & I70 EASTBOUND,5,2,0,0,2,4,,0,55,0,0,0,0,0,1,1,1
,2019-29286,39.771906,-104.990142,12/17/2019 18:46,18:46,15,0,0,I25 SOUTHBOUND ENTRANCE GORE POINT FROM & I70 EASTBOUND,1,3,1,0,1,4,,0,,0,0,0,0,0,1,2,13
,2019-29287,39.771421,-104.99095,6/8/2019 16:39,16:39,12,0,0,I25 SOUTHBOUND ON RAMP ENTRANCE GORE POINT FROM & I70 EASTBOUND,1,1,0,0,1,7,,0,55,0,0,0,0,0,1,3,13
,2019-29288,39.772184,-104.989995,4/5/2019 16:09,16:09,15,0,0,I25 SOUTHBOUND ON RAMP SPLIT/MERGE POINT FROM & I70 WB/EB OFF RAMPS,1,1,0,0,1,7,,0,55,0,0,0,0,0,1,2,13
,2019-29289,39.772184,-104.989995,8/28/2019 11:30,11:30,12,0,2,I25 SOUTHBOUND ON RAMP SPLIT/MERGE POINT FROM & I70 WB/EB OFF RAMPS,1,1,0,0,1,7,,0,55,0,0,0,0,2,1,4,3
,2019-2929,39.78785643,-104.7906994,12/19/2019 15:03,15:03,1,0,0,PENA BOULEVARD INBOUND & 7500 BLOCK,1,1,0,0,1,1,,0,,0,0,0,0,0,4,2,7
,2019-29290,39.773772,-104.989438,2/25/2019 17:35,17:35,15,0,0,I25 & 38TH AVENUE WEST,1,1,0,0,1,4,,0,55,0,0,0,0,0,1,2,13
,2019-29291,39.774216,-104.989344,1/14/2019 7:15,7:15,5,0,0,I25 & MM 213,1,1,0,0,1,4,,0,55,0,0,0,0,0,1,1,13
,2019-29292,39.78026,-104.9895,4/20/2019 14:50,14:50,5,0,1,I25 & I70,1,1,1,0,3,4,,0,55,0,0,0,0,2,1,1,5
,2019-29293,39.77526,-104.989228,10/10/2019 9:00,9:00,12,0,0,I25 SOUTHBOUND OFF RAMP EXIT GORE POINT & PARK AVENUE WEST,4,1,0,2,1,7,,0,45,0,0,0,0,0,1,2,13
,2019-29294,39.77526,-104.989228,11/4/2019 17:40,17:40,12,0,0,I25 SOUTHBOUND OFF RAMP EXIT GORE POINT TO & PARK AVENUE WEST,1,2,0,0,1,7,,0,65,0,0,0,0,0,1,2,7
,2019-29295,39.77541,-104.989225,6/25/2019 9:17,9:17,5,0,0,I25 SOUTHBOUND OFF RAMP EXIT GORE POINT & PARK AVENUE WEST / 38TH AVENUE,1,1,0,0,2,7,,0,65,0,0,0,0,0,1,1,3
,2019-29296,39.77541,-104.989225,7/13/2019 22:20,22:20,15,0,1,I25 SOUTHBOUND OFF RAMP EXIT GORE POINT & PARK AVENUE WEST / 38TH AVENUE,1,3,0,0,1,7,,0,55,0,0,0,0,2,1,2,14
,2019-29297,39.775559,-104.989221,10/22/2019 8:30,8:30,12,0,0,I25 SOUTHBOUND EXIT GORE POINT TO & 38TH AVENUE WEST,1,1,0,0,1,4,,0,60,0,0,0,0,0,1,3,14
,2019-29298,39.775709,-104.989218,7/29/2019 17:49,17:49,12,0,0,I25 & I70,1,1,0,0,1,4,,0,55,0,0,0,0,0,1,3,6
,2019-29299,39.775709,-104.989218,10/2/2019 8:42,8:42,15,0,0,I25 & I70,1,1,0,0,1,4,,0,65,0,0,0,0,0,1,2,1
,2019-29300,39.775709,-104.989218,2/15/2019 17:55,17:55,12,0,2,I25 NORTHBOUND OFF RAMP TO & I70,1,3,1,0,1,7,,0,55,0,0,0,0,1,1,2,13
,2019-29301,39.775709,-104.989218,3/14/2019 17:44,17:44,5,0,0,I25 NORTHBOUND OFF RAMP TO & I70 EASTBOUND,1,1,0,0,1,7,,0,,0,0,0,0,0,1,3,13
,2019-29302,39.776816,-104.989214,12/4/2019 8:45,8:45,15,0,0,I25 SOUTHBOUND ON RAMP & I70 RAMP CONNECTION,1,3,0,0,1,7,,0,,0,0,0,0,0,1,2,5
,2019-29303,39.77651,-104.9895,10/17/2019 18:48,18:48,15,0,1,I25 & 44TH AVENUE WEST,1,3,0,0,1,4,,0,65,0,0,0,0,1,1,3,1
,2019-29304,39.776458,-104.989213,2/5/2019 15:10,15:10,12,0,0,I25 & 44TH AVENUE WEST,1,1,0,0,1,4,,0,55,0,0,0,0,0,1,2,13
,2019-29305,39.776458,-104.989213,3/28/2019 15:35,15:35,12,0,0,I25 & 44TH AVENUE WEST,1,1,0,0,1,4,,0,55,0,0,0,0,0,1,2,7
,2019-29306,39.776458,-104.989213,4/23/2019 16:04,16:04,12,0,0,I25 & 44TH AVENUE WEST,1,1,1,0,1,4,,0,55,0,0,0,0,0,1,2,13
,2019-29307,39.776458,-104.989213,4/23/2019 16:32,16:32,12,0,0,I25 & 44TH AVENUE WEST,1,1,1,0,1,4,,0,55,0,0,0,0,0,1,2,3
,2019-29308,39.776458,-104.989213,4/25/2019 16:15,16:15,12,0,2,I25 & 44TH AVENUE WEST,1,1,0,0,1,4,,0,65,0,0,0,0,2,1,3,3
,2019-29309,39.776458,-104.989213,5/16/2019 14:05,14:05,15,0,0,I25 & 44TH AVENUE WEST,1,1,1,0,1,4,,0,55,0,0,0,0,0,1,2,13