id,drcog_id,latitude,longitude,crashtime,time,crashtype,numbkilled,numbinjurd,drcoglocat,rdconditin,lightngcon,roadcntgrd,weatherco,location,roaddescrp,schoolzone,constrzone,splimit,bikeinv,sctrinv,pedinv,motoinv,svrty,rdsystem,ttlvehcls,hcf
,2019-29310,39.776458,-104.989213,6/14/2019 14:15,14:15,12,0,0,I25 & 44TH AVENUE WEST,1,1,0,0,1,4,,0,65,0,0,0,0,0,1,2,13
,2019-29311,39.776458,-104.989213,6/16/2019 15:30,15:30,12,0,0,I25 & 44TH AVENUE WEST,1,1,0,0,1,4,,0,65,0,0,0,0,0,1,4,14
,2019-29312,39.776458,-104.989213,6/24/2019 15:14,15:14,12,0,0,I25 & 44TH AVENUE WEST,1,1,0,0,1,4,,0,55,0,0,0,0,0,1,2,13
,2019-29313,39.776458,-104.989213,6/25/2019 11:49,11:49,12,0,2,I25 & 44TH AVENUE WEST,1,1,1,0,1,4,,0,55,0,0,0,0,1,1,2,13
,2019-29314,39.776458,-104.989213,9/13/2019 14:46,14:46,12,0,0,I25 & 44TH AVENUE WEST,1,1,1,0,1,4,,0,65,0,0,0,0,0,1,3,3
,2019-29315,39.776458,-104.989213,9/28/2019 12:23,12:23,12,0,0,I25 & 44TH AVENUE WEST,1,1,0,0,1,4,,0,65,0,0,0,0,0,1,2,13
,2019-29316,39.776816,-104.989214,3/27/2019 14:15,14:15,15,0,0,I25 SOUTHBOUND ON RAMP FROM & I70 EASTBOUND RAMP,1,1,1,0,1,7,,0,45,0,0,0,0,0,1,2,13
,2019-29317,39.777249,-104.989215,4/10/2019 19:07,19:07,15,0,2,I25 & I70,6,3,1,2,1,4,,0,55,0,0,0,0,2,1,2,14
,2019-29318,39.777249,-104.989215,2/18/2019 14:13,14:13,5,0,1,I25 NORTHBOUND OFF RAMP TO & I70,2,2,1,2,2,7,,0,55,0,0,0,0,2,1,1,13
,2019-29319,39.777678,-104.989204,9/17/2019 8:40,8:40,12,0,0,I25 NORTHBOUND OFF RAMP TO & I70 EASTBOUND,1,1,0,0,1,7,,0,55,0,0,0,0,0,1,2,12
,2019-29320,39.777963,-104.989197,3/5/2019 7:41,7:41,12,0,0,I25 & I70,1,1,0,0,1,4,,0,55,0,0,0,0,0,1,2,3
,2019-29321,39.777963,-104.989197,1/25/2019 17:51,17:51,12,0,0,I25 NORTHBOUND OFF RAMP SPLIT GORE POINT TO & I70 EASTBOUND,1,2,1,0,1,7,,0,55,0,0,0,0,0,1,2,13
,2019-29322,39.777963,-104.989197,4/19/2019 7:53,7:53,15,0,0,I25 NORTHBOUND OFF RAMP SPLIT GORE POINT TO & I70 EB/WB,1,1,0,0,1,7,,0,55,0,0,0,0,0,1,2,13
,2019-29323,39.777963,-104.989197,9/21/2019 14:00,14:00,15,0,0,I25 NORTHBOUND OFF RAMP SPLIT GORE POINT TO & I70 EB/WB,1,1,0,0,1,7,,0,45,0,0,0,0,0,1,2,13
,2019-29324,39.777963,-104.989197,12/3/2019 8:52,8:52,12,0,2,I25 NORTHBOUND OFF RAMP SPLIT GORE POINT TO & I70 EB/WB,1,1,0,0,1,7,,0,65,0,0,0,0,1,1,3,13
,2019-29325,39.780211,-104.989194,12/28/2019 14:14,14:14,12,0,0,I25 NORTHBOUND OFF RAMP SPLIT GORE POINT TO & I70 WB ON RAMP LOOP,4,1,1,2,1,7,,0,45,0,0,0,0,0,1,2,14
,2019-29326,39.778106,-104.989193,3/18/2019 6:57,6:57,5,0,1,I25 NORTHBOUND OFF RAMP SPLIT GORE POINT TO & I70 EB/WB,1,2,1,0,2,7,,0,45,0,0,0,0,1,1,1,14
,2019-29327,39.779391,-104.989165,3/26/2019 6:23,6:23,12,0,0,I25 & I70,1,2,0,0,1,4,,0,55,0,0,0,0,0,1,2,13
,2019-29328,39.778106,-104.989193,10/4/2019 5:08,5:08,15,0,2,I25 NORTHBOUND OFF RAMP SPLIT GORE POINT TO & I70 EB/WB,1,3,0,0,1,7,,0,55,0,0,0,0,1,1,2,13
,2019-29329,39.778249,-104.989189,10/25/2019 15:05,15:05,12,0,0,I25 & I70,1,1,1,0,1,4,,0,65,0,0,0,0,0,1,2,3
,2019-29330,39.778534,-104.989182,4/13/2019 18:15,18:15,12,0,0,I25 & I70,1,2,0,0,1,4,,0,55,0,0,0,0,0,1,2,14
,2019-29331,39.778534,-104.989182,11/28/2019 2:40,2:40,15,0,0,I25 & I70,11,3,0,0,1,4,,0,55,0,0,0,0,0,1,2,5
,2019-29332,39.778963,-104.989171,1/17/2019 6:45,6:45,12,0,0,I25 & I70,1,2,0,0,1,4,,0,55,0,0,0,0,0,1,2,13
,2019-29333,39.778963,-104.989171,10/29/2019 23:10,23:10,15,0,1,I25 & I70,5,4,0,2,1,4,,0,55,0,0,0,0,1,1,1,5
,2019-29334,39.779106,-104.989167,4/20/2019 14:50,14:50,5,0,1,I25 & I70,1,1,1,0,3,4,,0,55,0,0,0,0,2,1,1,5
,2019-29335,39.779248,-104.989165,1/10/2019 17:27,17:27,12,0,0,I25 & I70,1,2,1,0,1,4,,0,55,0,0,0,0,0,1,2,13
,2019-29336,39.779248,-104.989165,2/14/2019 6:26,6:26,12,0,2,I25 & I70,1,2,0,0,1,4,,0,55,0,0,0,0,1,1,2,1
,2019-29337,39.779391,-104.989165,1/10/2019 6:53,6:53,12,0,0,I25 & I70,1,1,0,0,1,4,,0,55,0,0,0,0,0,1,2,14
,2019-29338,39.779391,-104.989165,1/30/2019 7:04,7:04,12,0,0,I25 & I70,1,1,0,0,1,4,,0,65,0,0,0,0,0,1,3,14
,2019-29339,39.779391,-104.989165,1/31/2019 15:40,15:40,12,0,0,I25 & I70,1,1,0,0,1,4,,0,55,0,0,0,0,0,1,2,13
,2019-2934,39.78785643,-104.7906994,1/1/2019 11:28,11:28,15,0,0,PENA BOULEVARD & 7700 BLOCK,12,1,1,0,1,4,,0,45,0,0,0,0,0,4,2,8
,2019-29340,39.779391,-104.989165,2/11/2019 9:00,9:00,12,0,0,I25 & I70,1,1,1,0,1,4,,0,55,0,0,0,0,0,1,3,3
,2019-29341,39.779391,-104.989165,2/17/2019 13:09,13:09,12,0,1,I25 & I70,1,1,0,0,1,4,,0,55,0,0,0,0,2,1,2,7
,2019-29342,39.779391,-104.989165,2/23/2019 8:56,8:56,15,0,0,I25 & I70,6,1,0,0,1,4,,0,55,0,0,0,0,0,1,2,7
,2019-29343,39.779391,-104.989165,3/26/2019 6:40,6:40,12,0,0,I25 & I70,1,2,0,0,1,4,,0,55,0,0,0,0,0,1,2,13
,2019-29344,39.779391,-104.989165,4/10/2019 15:19,15:19,12,0,0,I25 & I70,2,1,1,2,1,4,,0,55,0,0,0,0,0,1,2,13
,2019-29345,39.779391,-104.989165,4/12/2019 13:15,13:15,12,0,1,I25 & I70,1,1,0,0,1,4,,0,55,0,0,0,0,1,1,3,14
,2019-29346,39.779391,-104.989165,4/17/2019 17:40,17:40,15,0,3,I25 & I70,1,1,0,0,1,4,,0,55,0,0,0,0,1,1,3,3
,2019-29347,39.779391,-104.989165,4/28/2019 13:42,13:42,12,0,2,I25 & I70,1,1,0,0,1,4,,0,55,0,0,0,0,1,1,6,1
,2019-29348,39.779391,-104.989165,5/19/2019 13:26,13:26,15,0,0,I25 & I70,1,1,0,0,1,4,,0,65,0,0,0,0,0,1,2,1
,2019-29349,39.779391,-104.989165,6/14/2019 23:02,23:02,12,0,0,I25 & I70,1,3,0,0,1,4,,0,55,0,0,0,0,0,1,2,13
,2019-29350,39.779391,-104.989165,6/18/2019 6:41,6:41,12,0,0,I25 & I70,1,1,1,0,1,4,,0,55,0,0,0,0,0,1,2,13
,2019-29351,39.779391,-104.989165,6/18/2019 14:45,14:45,12,0,0,I25 & I70,1,1,1,0,1,4,,0,55,0,0,0,0,0,1,2,1
,2019-29352,39.779391,-104.989165,6/27/2019 15:18,15:18,12,0,0,I25 & I70,1,1,1,0,1,4,,0,55,0,0,0,0,0,1,2,13
,2019-29353,39.779391,-104.989165,7/17/2019 7:21,7:21,15,0,0,I25 & I70,1,1,0,0,1,4,,0,65,0,0,0,0,0,1,2,3
,2019-29354,39.779391,-104.989165,7/30/2019 7:02,7:02,12,0,0,I25 & I70,1,1,1,0,1,4,,0,55,0,0,0,0,0,1,2,13
,2019-29355,39.779391,-104.989165,8/5/2019 12:15,12:15,12,0,0,I25 & I70,1,1,0,0,1,4,,0,55,0,0,0,0,0,1,2,2
,2019-29356,39.779391,-104.989165,8/6/2019 7:53,7:53,12,0,0,I25 & I70,1,1,0,0,1,4,,0,55,0,0,0,0,0,1,2,2
,2019-29357,39.779391,-104.989165,8/6/2019 16:00,16:00,12,0,0,I25 & I70,1,1,1,0,1,4,,0,55,0,0,0,0,0,1,2,13
,2019-29358,39.779391,-104.989165,8/30/2019 13:39,13:39,12,0,0,I25 & I70,1,1,0,0,1,4,,0,55,0,0,0,0,0,1,3,13
,2019-29359,39.779391,-104.989165,9/26/2019 16:30,16:30,12,0,0,I25 & I70,1,1,0,0,1,4,,0,55,0,0,0,0,0,1,2,13
,2019-29360,39.779391,-104.989165,10/5/2019 16:53,16:53,12,0,1,I25 & I70,1,1,0,0,1,4,,0,55,0,0,0,0,1,1,2,13
,2019-29361,39.779391,-104.989165,10/9/2019 15:02,15:02,12,0,0,I25 & I70,1,1,1,0,1,4,,0,65,0,0,0,0,0,1,3,3
,2019-29362,39.779391,-104.989165,10/19/2019 16:53,16:53,12,0,0,I25 & I70,1,1,0,0,1,4,,0,65,0,0,0,0,0,1,2,3
,2019-29363,39.779391,-104.989165,10/30/2019 5:30,5:30,12,0,0,I25 & I70,5,3,1,2,1,4,,0,65,0,0,0,0,0,1,2,13
,2019-29364,39.779391,-104.989165,10/30/2019 6:44,6:44,15,0,0,I25 & I70,4,3,1,0,1,4,,0,55,0,0,0,0,0,1,2,14
,2019-29365,39.779391,-104.989165,11/18/2019 8:49,8:49,12,0,0,I25 & I70,1,1,1,0,1,4,,0,55,0,0,0,0,0,1,2,1
,2019-29366,39.779391,-104.989165,12/2/2019 7:43,7:43,12,0,0,I25 & I70,1,1,0,0,1,4,,0,55,0,0,0,0,0,1,2,13
,2019-29367,39.782962,-104.989151,7/27/2019 12:11,12:11,12,0,2,I25 & I70,1,1,0,0,1,4,,0,55,0,0,0,0,1,1,2,13
,2019-29368,39.779391,-104.989165,12/6/2019 8:14,8:14,15,0,2,I25 & I70,5,1,1,0,1,4,,0,65,0,0,0,0,1,1,4,13
,2019-29369,39.779534,-104.989165,1/4/2019 14:02,14:02,12,0,0,I25 & I70,1,1,1,0,1,4,,0,55,0,0,0,0,0,1,3,13
,2019-2937,39.79764,-104.846238,1/1/2019 20:10,20:10,6,0,0,QUARI STREET NORTH & RANDOLPH PLACE EAST,5,3,0,0,2,1,,0,20,0,0,0,0,0,4,5,13
,2019-29370,39.779534,-104.989165,2/13/2019 10:19,10:19,12,0,1,I25 & I70,1,1,1,0,1,4,,0,65,0,0,0,0,1,1,2,8
,2019-29371,39.779534,-104.989165,6/27/2019 13:15,13:15,15,0,0,I25 & I70,1,1,0,0,1,4,,0,55,0,0,0,0,0,1,2,13
,2019-29372,39.779534,-104.989165,8/1/2019 12:27,12:27,12,0,0,I25 & I70,1,1,0,0,1,4,,0,55,0,0,0,0,0,1,2,1
,2019-29373,39.780044,-104.989194,11/15/2019 18:48,18:48,12,0,1,I25 & I70,1,3,0,0,1,4,,0,65,0,0,0,0,1,1,5,1
,2019-29374,39.779534,-104.989165,12/13/2019 15:56,15:56,12,0,0,I25 & I70,1,1,1,0,1,4,,0,,0,0,0,0,0,1,2,13
,2019-29375,39.780044,-104.989194,9/11/2019 17:53,17:53,15,0,0,I25 & I70,1,1,1,0,1,4,,0,65,0,0,0,0,0,1,3,13
,2019-29376,39.780534,-104.989165,5/7/2019 8:55,8:55,12,0,0,I25 & I70,1,1,0,0,1,4,,0,55,0,0,0,0,0,1,2,13
,2019-29377,39.780819,-104.989164,3/6/2019 13:48,13:48,12,0,0,I25 & I70,1,1,1,0,1,4,,0,55,0,0,0,0,0,1,2,13
,2019-29378,39.782105,-104.989156,6/25/2019 7:25,7:25,12,0,2,I25 & I70,1,1,1,0,1,4,,0,55,0,0,0,0,2,1,4,1
,2019-29379,39.782248,-104.989155,8/20/2019 22:50,22:50,15,0,0,I25 & I70,1,1,0,0,1,4,,0,60,0,0,0,0,0,1,2,13
,2019-29380,39.783989,-104.989144,1/20/2019 1:50,1:50,12,0,0,I25 & 48TH AVENUE WEST,1,3,0,0,1,4,,0,55,0,0,0,0,0,1,2,5
,2019-29381,39.783989,-104.989144,1/21/2019 15:03,15:03,12,0,1,I25 & 48TH AVENUE WEST,1,1,1,0,1,4,,0,65,0,0,0,0,1,1,2,13
,2019-29382,39.783989,-104.989144,4/12/2019 14:59,14:59,12,0,1,I25 & 48TH AVENUE WEST,1,1,0,0,1,4,,0,55,0,0,0,0,1,1,3,2
,2019-29383,39.783989,-104.989144,5/8/2019 11:51,11:51,15,0,0,I25 & 48TH AVENUE WEST,2,1,0,1,1,4,,0,55,0,0,0,0,0,1,2,3
,2019-29384,39.783989,-104.989144,5/17/2019 21:50,21:50,12,0,0,I25 & 48TH AVENUE WEST,1,3,0,0,1,4,,0,55,0,0,0,0,0,1,2,12
,2019-29385,39.783989,-104.989144,5/23/2019 16:25,16:25,12,0,0,I25 & 48TH AVENUE WEST,1,1,0,0,1,4,,0,55,0,0,0,0,0,1,3,13
,2019-29386,39.783989,-104.989144,5/24/2019 11:38,11:38,12,0,1,I25 & 48TH AVENUE WEST,1,1,1,0,1,4,,0,65,0,0,0,0,1,1,3,13
,2019-29387,39.783989,-104.989144,5/30/2019 17:30,17:30,12,0,5,I25 & 48TH AVENUE WEST,1,1,1,0,1,4,,0,65,0,0,0,0,1,1,3,2
,2019-29388,39.783989,-104.989144,8/21/2019 7:40,7:40,12,0,0,I25 & 48TH AVENUE WEST,1,1,0,0,1,4,,0,55,0,0,0,0,0,1,2,13
,2019-29389,39.783989,-104.989144,8/21/2019 15:37,15:37,12,0,0,I25 & 48TH AVENUE WEST,1,1,1,0,1,4,,0,55,0,0,0,0,0,1,2,13
,2019-29390,39.783989,-104.989144,9/9/2019 7:44,7:44,15,0,0,I25 & 48TH AVENUE WEST,1,1,0,0,1,4,,0,55,0,0,0,0,0,1,2,13
,2019-29391,39.783989,-104.989144,11/20/2019 10:14,10:14,12,0,0,I25 & 48TH AVENUE WEST,1,1,0,0,1,4,,0,65,0,0,0,0,0,1,3,13
,2019-29392,39.783989,-104.989144,8/26/2019 18:03,18:03,15,0,0,I25 NORTHBOUND ON RAMP & 48TH AVENUE WEST,1,1,1,0,1,7,,0,55,0,0,0,0,0,1,2,13
,2019-29393,39.784652,-104.98914,3/7/2019 10:37,10:37,12,0,0,I25 & MM 214,2,1,0,0,1,4,,0,55,0,0,0,0,0,1,2,13
,2019-29394,39.784914,-104.989139,2/28/2019 19:10,19:10,12,0,0,I25 & 48TH AVENUE WEST,1,3,0,0,1,4,,0,65,0,0,0,0,0,1,3,13
,2019-29395,39.785045,-104.989138,4/19/2019 9:29,9:29,12,0,1,I25 & I70,1,1,0,0,1,4,,0,55,0,0,0,0,1,1,2,8
,2019-29396,39.78745,-104.989366,4/4/2019 6:37,6:37,12,0,1,I25 SOUTHBOUND OFF RAMP EXIT GORE POINT TO & I70 EASTBOUND,1,2,0,0,1,7,,0,55,0,0,0,0,2,1,2,13
,2019-29397,39.78701,-104.989121,8/4/2019 17:54,17:54,15,0,0,I25 SOUTHBOUND EXIT GORE POINT & I70,1,1,0,0,1,4,,0,65,0,0,0,0,0,1,2,1
,2019-29398,39.787141,-104.989115,3/7/2019 11:55,11:55,12,0,0,I25 & 50TH AVENUE WEST,1,1,0,0,1,4,,0,55,0,0,0,0,0,1,2,13
,2019-29399,39.787272,-104.98911,1/3/2019 17:21,17:21,12,0,0,I25 NORTHBOUND ON RAMP ENTRANCE GORE POINT FROM & I70 WB OFF RAMP,1,3,1,0,1,7,,0,40,0,0,0,0,0,1,2,14
,2019-29400,39.787403,-104.989104,1/3/2019 8:58,8:58,12,0,0,I25 & 50TH AVENUE WEST,1,1,0,0,1,4,,0,55,0,0,0,0,0,1,2,3
,2019-29401,39.787405,-104.988742,8/6/2019 16:46,16:46,15,0,0,I25 & 50TH AVENUE WEST,1,1,1,0,1,4,,0,65,0,0,0,0,0,1,2,1
,2019-29402,39.787403,-104.989104,11/15/2019 6:15,6:15,15,0,0,I25 & 50TH AVENUE WEST,1,3,0,0,1,4,,0,55,0,0,0,0,0,1,2,13
,2019-29403,39.780211,-104.989194,12/19/2019 11:07,11:07,15,0,1,I25 NORTHBOUND ENTRANCE GORE POINT FROM & I70,1,1,1,0,1,4,,0,55,0,0,0,0,1,1,2,13
,2019-29404,39.787534,-104.989097,11/11/2019 19:15,19:15,15,0,0,I25 NORTHBOUND ENTRANCE GORE POINT FROM & I70,1,3,0,0,1,4,,0,55,0,0,0,0,0,1,2,13
,2019-29405,39.787959,-104.989058,11/3/2019 19:39,19:39,15,0,0,I25 NORTHBOUND ENTRANCE GORE POINT FROM & I70,1,4,0,0,1,4,,0,55,0,0,0,0,0,1,2,7
,2019-29406,39.790579,-104.988546,11/30/2019 2:46,2:46,5,0,0,I25 SOUTHBOUND OFF RAMP EXIT GORE POINT TO & 48TH AVENUE WEST,2,3,0,0,3,7,,0,55,0,0,0,0,0,1,1,14
,2019-29415,39.6755,-105.020172,12/21/2019 11:31,11:31,5,0,0,ILIFF AVENUE & 2699 WEST,1,2,1,0,3,3,,0,,0,0,0,0,0,4,1,13
,2019-29435,39.740095,-105.013916,8/10/2019 3:56,3:56,5,0,0,I25 SOUTHBOUND ON RAMP & COLFAX AVENUE WEST,1,3,1,0,3,7,,0,45,0,0,0,0,0,1,1,13
,2019-2946,39.78785643,-104.7906994,7/21/2019 9:47,9:47,15,0,0,PENA BOULEVARD & 8000 BLOCK,1,1,1,0,1,4,,0,45,0,0,0,0,0,4,2,1
,2019-2951,39.78785643,-104.7906994,9/27/2019 20:45,20:45,15,0,0,PENA BOULEVARD & 8000 BLOCK,1,3,1,0,1,4,,0,45,0,0,0,0,0,4,2,3
,2019-2953,39.78785643,-104.7906994,7/18/2019 18:14,18:14,15,0,0,PENA BOULEVARD & 8100 BLOCK,1,1,0,0,1,4,,0,45,0,0,0,0,0,4,2,8
,2019-29583,39.775193,-104.860795,10/24/2019 1:30,1:30,5,0,0,I70 EASTBOUND ENTRANCE GORE POINT & HAVANA STREET NORTH,2,4,1,2,3,4,,0,55,0,0,0,0,0,1,1,13
,2019-29584,39.747528,-104.9782995,5/6/2019 15:36,15:36,12,0,0,PARK AVENUE & 20TH AVENUE,1,1,0,0,1,1,,0,35,0,0,0,0,0,4,2,13
,2019-2966,39.73681,-104.9622,11/8/2019 18:41,18:41,6,0,0,13TH AVENUE EAST & VINE STREET NORTH,1,3,1,0,1,4,,0,30,0,0,0,0,0,4,2,1
,2019-29676,39.747528,-104.9782995,11/5/2019 22:00,22:00,15,0,0,PARK AVENUE WEST & 20TH AVENUE EAST,1,3,0,0,1,1,,0,30,0,0,0,0,0,4,2,13
,2019-2968,39.830493,-104.746881,2/23/2019 0:15,0:15,5,0,1,E470 6900 BLOCK & PENA BOULEVARD,4,3,0,2,2,4,,0,75,0,0,0,0,1,2,1,7
,2019-29721,39.747528,-104.9782995,12/11/2019 9:04,9:04,3,0,0,PARK AVENUE & 20TH AVENUE EAST,1,1,0,0,1,1,,0,25,0,0,0,0,0,4,3,14
,2019-29750,39.75254845,-104.9848523,8/2/2019 15:30,15:30,12,0,0,PARK AVENUE WEST & 3200 BLOCK WEST,1,1,1,0,1,4,,0,35,0,0,0,0,0,4,4,13
,2019-29780,39.774005,-104.847034,7/29/2019 8:15,8:15,15,0,0,I70 & PEORIA STREET NORTH,1,1,0,0,1,4,,0,,0,0,0,0,0,1,2,13
,2019-29808,39.774005,-104.847034,10/15/2019 22:55,22:55,3,0,0,PEORIA STREET NORTH & I70 WB OFF RAMP,1,3,0,0,1,1,,0,,0,0,0,0,0,1,2,13
,2019-29819,39.711238,-105.047297,1/20/2019 15:32,15:32,5,0,0,ALAMEDA AVENUE & 4562 WEST,1,1,1,0,2,4,,0,35,0,0,0,0,0,2,1,3
,2019-29822,39.774008,-104.847036,9/30/2019 7:40,7:40,15,0,0,PEORIA STREET NORTH & I70 EASTBOUND OFF RAMP,1,1,0,0,1,1,,0,25,0,0,0,0,0,1,2,13
,2019-29854,39.738267,-104.9350005,1/30/2019 15:19,15:19,3,0,0,14TH AVENUE EAST & CLERMONT STREET NORTH,1,1,0,0,1,1,,0,25,0,0,0,0,0,4,2,1
,2019-29887,39.738267,-104.9350005,5/1/2019 16:36,16:36,10,0,0,14TH AVENUE EAST & CLERMONT STREET NORTH,1,1,0,0,1,1,,0,30,0,0,0,0,0,4,2,8
,2019-2991,39.74488,-104.9874,12/27/2019 16:20,16:20,15,0,0,18TH AVENUE EAST & BROADWAY STREET NORTH,1,3,0,0,1,1,,0,30,0,0,0,0,0,4,2,8
,2019-29913,39.757086,-104.9907105,1/6/2019 16:25,16:25,10,0,1,PARK AVENUE WEST & BLAKE STREET,1,1,0,0,1,1,,0,30,0,0,0,0,1,4,2,13
,2019-2992,39.785108,-104.794961,12/7/2019 23:00,23:00,6,0,0,49TH AVENUE & 16542 EAST,1,3,0,0,1,4,,0,,0,0,0,0,0,4,2,13
,2019-2993,39.729094,-104.987403,12/21/2019 10:30,10:30,10,0,0,EIGHTH AVENUE EAST & BROADWAY STREET NORTH,1,1,1,0,1,1,,0,30,0,0,0,0,0,4,2,8
,2019-2994,39.749117,-104.978956,12/18/2019 13:46,13:46,6,0,0,CLEVELAND PLACE 2300 BLOCK & WASHINGTON STREET NORTH,1,1,0,0,1,4,,0,,0,0,0,0,0,4,2,13
,2019-29946,39.757086,-104.9907105,8/20/2019 14:55,14:55,10,0,1,PARK AVENUE WEST & BLAKE STREET,1,1,0,0,1,1,,0,30,0,0,0,0,1,4,2,13
,2019-2995,39.774225,-104.994836,12/23/2019 8:28,8:28,5,0,0,FOX STREET NORTH & 42ND AVENUE WEST,1,1,1,0,2,1,,0,,0,0,0,0,0,4,1,13
,2019-29963,39.772829,-104.833344,2/8/2019 21:15,21:15,15,0,0,I70 EASTBOUND OFF RAMP TO SOUTHBOUND I225 & I70,1,3,0,0,1,7,,0,50,0,0,0,0,0,1,2,7
,2019-2997,39.741958,-104.999856,12/26/2019 14:35,14:35,12,0,0,KALAMATH STREET NORTH & SPEER BOULEVARD NORTH,1,1,0,0,1,3,,0,35,0,0,0,0,0,4,2,3
,2019-29976,39.761227,-105.003985,12/23/2019 15:02,15:02,12,0,0,I25 & 20TH STREET,1,1,0,0,1,4,,0,65,0,0,0,0,0,1,2,13
,2019-2998,39.69676,-105.0378,12/11/2019 12:50,12:50,5,0,0,MISSISSIPPI AVENUE WEST & NEWTON STREET SOUTH,1,1,0,0,3,4,,0,25,0,0,0,0,0,4,1,13
,2019-30086,39.738267,-104.9350005,6/2/2019 8:57,8:57,10,0,2,14TH AVENUE EAST & CLERMONT STREET NORTH,1,1,0,0,1,1,,0,30,0,0,0,0,1,4,2,8
,2019-3016,39.78785643,-104.7906994,3/6/2019 16:50,16:50,6,0,0,PENA BOULEVARD & 8400 BLOCK,1,1,0,0,1,4,,0,,0,0,0,0,0,4,2,7
,2019-3023,39.745594,-104.995153,12/25/2019 9:26,9:26,6,0,0,15TH STREET & CHAMPA STREET,1,1,0,0,1,4,,0,,0,0,0,0,0,4,2,13
,2019-3027,39.74745,-104.9869,11/16/2019 11:36,11:36,12,0,0,20TH AVENUE EAST & BROADWAY STREET NORTH,1,1,0,0,1,1,,0,30,0,0,0,0,0,4,2,13
,2019-3030,39.78785643,-104.7906994,5/13/2019 18:30,18:30,15,0,0,PENA BOULEVARD & 8400 BLOCK,1,1,0,0,6,4,,0,10,0,0,0,0,0,3,2,8
,2019-3034,39.777741,-104.767065,5/14/2019 22:30,22:30,6,0,0,45TH AVENUE EAST & 18900 EAST 45TH AVENUE,1,3,0,0,1,4,,0,25,0,0,0,0,0,4,2,13
,2019-3036,39.78785643,-104.7906994,6/11/2019 0:20,0:20,12,0,0,PENA BOULEVARD & 8400 BLOCK,1,3,1,0,1,4,,0,15,0,0,0,0,0,4,2,7
,2019-30375,39.711332,-105.053258,12/3/2019 20:30,20:30,12,0,0,ALAMEDA AVENUE WEST & SHERIDAN BOULEVARD SOUTH,1,3,1,0,1,2,,0,,0,0,0,0,0,2,2,13
,2019-30376,39.711266,-105.053071,10/11/2019 16:39,16:39,12,0,0,ALAMEDA AVENUE WEST & SHERIDAN BOULEVARD SOUTH,1,1,1,0,1,3,,0,35,0,0,0,0,0,2,2,2
,2019-30377,39.711271,-105.051006,5/3/2019 20:27,20:27,1,0,0,ALAMEDA AVENUE WEST & YATES STREET SOUTH,1,3,0,0,1,1,,0,35,0,0,0,0,0,2,2,13
,2019-30378,39.711271,-105.051006,8/10/2019 11:50,11:50,1,0,0,ALAMEDA AVENUE WEST & YATES STREET,1,1,1,0,1,1,,0,35,0,0,0,0,0,2,2,13
,2019-30379,39.711234,-105.048579,3/5/2019 8:39,8:39,3,0,0,ALAMEDA AVENUE WEST & WEIR DRIVE SOUTH,5,1,1,0,1,1,,0,30,0,0,0,0,0,2,2,13
,2019-3038,39.78785643,-104.7906994,7/6/2019 6:05,6:05,15,0,0,PENA BOULEVARD & 8400 BLOCK,1,1,0,0,1,4,,0,15,0,0,0,0,0,4,2,14
,2019-30380,39.711234,-105.048579,11/9/2019 16:23,16:23,3,0,0,WEIR DRIVE SOUTH & ALAMEDA AVENUE WEST,1,1,0,0,1,1,,0,30,0,0,0,0,0,2,2,1
,2019-30381,39.711236,-105.047845,11/16/2019 13:45,13:45,12,0,0,ALAMEDA AVENUE WEST & WEIR DRIVE SOUTH,1,1,1,0,1,4,,0,35,0,0,0,0,0,2,2,13
,2019-30382,39.711235,-105.046737,11/21/2019 14:45,14:45,5,0,1,ALAMEDA AVENUE WEST & UTICA STREET SOUTH,2,1,1,2,3,3,,0,35,0,0,0,0,1,2,1,7
,2019-30383,39.711188,-105.040916,8/24/2019 20:41,20:41,3,0,0,ALAMEDA AVENUE WEST & QUITMAN STREET SOUTH,1,3,0,0,1,1,,0,35,0,0,0,0,0,2,2,13
,2019-30384,39.711227,-105.046166,1/28/2019 7:09,7:09,3,0,0,ALAMEDA AVENUE WEST & UTICA STREET SOUTH,4,1,1,2,1,1,,0,25,0,0,0,0,0,2,2,13
,2019-30385,39.711227,-105.046166,10/1/2019 21:42,21:42,3,0,0,ALAMEDA AVENUE WEST & UTICA STREET SOUTH,2,3,1,1,1,1,,0,35,0,0,0,0,0,2,2,13
,2019-30386,39.711221,-105.045866,10/11/2019 2:42,2:42,9,0,1,ALAMEDA AVENUE WEST & UTICA STREET,5,4,0,0,3,2,,0,,0,0,0,0,2,2,1,5
,2019-30387,39.711267,-105.043261,12/15/2019 15:00,15:00,9,0,2,ALAMEDA AVENUE WEST & STUART STREET SOUTH,1,3,0,0,2,4,,0,40,0,0,0,0,2,2,1,5
,2019-30388,39.711195,-105.043181,1/3/2019 18:49,18:49,3,0,0,ALAMEDA AVENUE WEST & STUART STREET SOUTH,1,3,0,0,1,1,,0,30,0,0,0,0,0,2,2,3
,2019-30389,39.711195,-105.043181,5/9/2019 6:52,6:52,3,0,0,ALAMEDA AVENUE WEST & STUART STREET SOUTH,2,1,0,2,1,1,,0,25,0,0,0,0,0,2,2,13
,2019-30390,39.711195,-105.043181,6/14/2019 16:39,16:39,12,0,0,ALAMEDA AVENUE WEST & STUART STREET SOUTH,1,1,0,0,1,1,,0,35,0,0,0,0,0,2,2,3
,2019-30391,39.711195,-105.043181,9/27/2019 9:50,9:50,3,0,0,ALAMEDA AVENUE WEST & STUART STREET SOUTH,1,1,1,0,1,1,,0,35,0,0,0,0,0,2,2,13