id,drcog_id,latitude,longitude,crashtime,time,crashtype,numbkilled,numbinjurd,drcoglocat,rdconditin,lightngcon,roadcntgrd,weatherco,location,roaddescrp,schoolzone,constrzone,splimit,bikeinv,sctrinv,pedinv,motoinv,svrty,rdsystem,ttlvehcls,hcf
,2019-30392,39.711195,-105.043181,10/29/2019 6:42,6:42,3,0,0,STUART STREET SOUTH & ALAMEDA AVENUE WEST,4,2,0,2,1,1,,0,25,0,0,0,0,0,2,2,14
,2019-30393,39.7112,-105.042211,10/31/2019 11:19,11:19,12,0,1,ALAMEDA AVENUE WEST & RALEIGH STREET SOUTH,2,1,0,2,1,4,,0,35,0,0,0,0,1,2,2,13
,2019-30394,39.7112,-105.04202,1/22/2019 17:57,17:57,15,0,0,ALAMEDA AVENUE WEST & RALEIGH STREET SOUTH,1,3,0,0,1,3,,0,25,0,0,0,0,0,2,2,13
,2019-30395,39.711187,-105.039623,1/24/2019 8:30,8:30,12,0,0,ALAMEDA AVENUE 4000 WEST & PERRY STREET SOUTH,5,1,0,2,1,1,,0,35,0,0,0,0,0,2,2,13
,2019-30396,39.711187,-105.039623,9/27/2019 14:40,14:40,3,0,0,PERRY STREET SOUTH & ALAMEDA AVENUE WEST,1,1,0,0,1,1,,0,25,0,0,0,0,0,2,2,3
,2019-30397,39.711187,-105.039623,9/29/2019 18:35,18:35,1,0,2,ALAMEDA AVENUE WEST & PERRY STREET SOUTH,1,1,0,0,1,1,,0,35,0,0,0,0,2,2,2,7
,2019-30398,39.711187,-105.039623,12/14/2019 20:06,20:06,12,0,1,ALAMEDA AVENUE WEST & PERRY STREET SOUTH,1,3,0,0,1,1,,0,35,0,0,0,0,1,2,4,5
,2019-30399,39.711131,-105.032417,8/25/2019 4:43,4:43,3,0,1,HIGHWAY 26 / ALAMEDA AVENUE WEST & KNOX COURT SOUTH / MORRISON ROAD,1,3,0,0,1,1,,0,35,0,0,0,0,1,2,2,13
,2019-30400,39.711178,-105.038003,2/5/2019 16:09,16:09,14,0,0,ALAMEDA AVENUE WEST & PERRY STREET SOUTH,1,1,1,0,1,4,,0,30,0,0,0,0,0,2,7,10
,2019-30401,39.711181,-105.037402,11/22/2019 8:10,8:10,12,0,0,ALAMEDA AVENUE WEST & NEWTON STREET SOUTH,5,1,0,0,1,3,,0,35,0,0,0,0,0,2,3,14
,2019-30402,39.711181,-105.037292,1/29/2019 17:41,17:41,3,0,2,ALAMEDA AVENUE WEST & NEWTON STREET SOUTH,2,2,1,0,1,1,,0,25,0,0,0,0,1,2,2,7
,2019-30403,39.711181,-105.037292,7/26/2019 17:37,17:37,3,0,0,ALAMEDA AVENUE WEST & NEWTON STREET SOUTH,1,1,1,0,1,1,,0,25,0,0,0,0,0,2,2,1
,2019-30404,39.711154,-105.034866,3/16/2019 18:25,18:25,12,0,1,LOWELL BOULEVARD SOUTH & ALAMEDA AVENUE WEST,1,1,0,0,1,1,,0,35,0,0,0,0,2,2,3,13
,2019-30405,39.711129,-105.032608,5/9/2019 7:51,7:51,12,0,0,ALAMEDA AVENUE 3400 BLOCK WEST & KNOX COURT SOUTH,2,1,0,1,1,4,,0,35,0,0,0,0,0,2,3,13
,2019-30406,39.711129,-105.032608,7/11/2019 8:14,8:14,12,0,0,ALAMEDA AVENUE WEST & KNOX COURT SOUTH,1,1,0,0,1,4,,0,30,0,0,0,0,0,2,2,13
,2019-30407,39.711129,-105.032608,11/28/2019 17:20,17:20,12,0,2,ALAMEDA AVENUE WEST & MORRISON ROAD,5,3,0,0,1,3,,0,35,0,0,0,0,1,2,3,3
,2019-30408,39.711131,-105.032417,3/7/2019 15:17,15:17,3,0,0,ALAMEDA AVENUE 3400 BLOCK WEST & KNOX COURT SOUTH,1,1,0,0,1,2,,0,30,0,0,0,0,0,2,2,5
,2019-30410,39.711131,-105.032417,5/6/2019 7:25,7:25,12,0,1,ALAMEDA AVENUE WEST & MORRISON ROAD,1,1,0,0,1,1,,0,30,0,0,0,0,1,2,3,3
,2019-30411,39.711131,-105.032417,6/28/2019 8:28,8:28,3,0,0,MORRISON ROAD & ALAMEDA AVENUE WEST,1,1,0,0,1,2,,0,30,0,0,0,0,0,2,2,1
,2019-30412,39.711131,-105.032417,7/20/2019 15:39,15:39,15,0,0,ALAMEDA AVENUE WEST & MORRISON ROAD / KNOX COURT SOUTH,2,1,0,1,1,1,,0,35,0,0,0,1,0,2,3,13
,2019-30413,39.711131,-105.032417,9/17/2019 7:40,7:40,12,0,0,ALAMEDA AVENUE WEST & MORRISON ROAD / KNOX COURT,1,1,0,0,1,1,,0,35,0,0,0,0,0,2,2,7
,2019-30414,39.711131,-105.032417,11/2/2019 11:51,11:51,12,0,0,MORRISON ROAD & ALAMEDA AVENUE WEST,1,1,0,0,1,1,,0,35,0,0,0,0,0,2,2,5
,2019-30415,39.711122,-105.031676,6/27/2019 13:55,13:55,15,0,0,ALAMEDA AVENUE WEST & KNOX COURT SOUTH,1,1,0,0,1,4,,0,30,0,0,0,0,0,2,2,13
,2019-30416,39.711105,-105.030603,6/8/2019 17:31,17:31,12,0,0,ALAMEDA AVENUE 3300 BLOCK WEST & IRVING STREET SOUTH,2,1,0,0,1,4,,0,35,0,0,0,0,0,2,2,3
,2019-30417,39.711096,-105.030079,2/9/2019 1:14,1:14,5,0,0,ALAMEDA AVENUE 3300 BLOCK WEST & IRVING STREET SOUTH,4,3,0,0,3,3,,0,35,0,0,0,0,0,2,1,5
,2019-30418,39.711096,-105.030079,6/24/2019 17:42,17:42,12,0,0,ALAMEDA AVENUE WEST & IRVING STREET SOUTH,1,1,1,0,1,3,,0,30,0,0,0,0,0,2,2,3
,2019-30419,39.711096,-105.030079,7/2/2019 15:45,15:45,12,0,0,ALAMEDA AVENUE WEST & IRVING STREET SOUTH,1,1,0,0,1,3,,0,35,0,0,0,0,0,2,3,1
,2019-30420,39.711094,-105.029896,1/4/2019 16:30,16:30,3,0,0,ALAMEDA AVENUE WEST & IRVING STREET SOUTH,1,2,0,0,1,1,,0,30,0,0,0,0,0,2,2,13
,2019-30421,39.711094,-105.029896,1/24/2019 15:46,15:46,3,0,0,ALAMEDA AVENUE WEST & IRVING STREET SOUTH,6,1,0,0,1,1,,0,35,0,0,0,0,0,2,2,13
,2019-30422,39.711094,-105.029896,3/4/2019 12:05,12:05,3,0,0,ALAMEDA AVENUE WEST & IRVING STREET SOUTH,6,1,1,0,1,1,,0,30,0,0,0,0,0,2,2,13
,2019-30423,39.711094,-105.029896,9/14/2019 12:35,12:35,12,0,1,IRVING STREET SOUTH & ALAMEDA AVENUE WEST,1,1,1,0,1,1,,0,25,0,0,0,0,1,2,2,14
,2019-30424,39.711094,-105.029896,10/30/2019 15:50,15:50,3,0,2,ALAMEDA AVENUE WEST & IRVING STREET SOUTH,5,1,0,0,1,1,,0,35,0,0,0,0,1,2,2,7
,2019-30425,39.711094,-105.029896,11/28/2019 14:41,14:41,3,0,0,ALAMEDA AVENUE WEST & IRVING STREET SOUTH,4,1,0,0,1,1,,0,35,0,0,0,0,0,2,2,1
,2019-30426,39.711094,-105.029679,7/5/2019 23:37,23:37,12,0,0,ALAMEDA AVENUE WEST 3200 BLOCK & IRVING STREET SOUTH,2,2,0,1,1,4,,0,35,0,0,0,0,0,2,2,13
,2019-30427,39.711095,-105.029462,6/10/2019 16:41,16:41,12,0,0,ALAMEDA AVENUE WEST 3200 BLOCK & IRVING STREET SOUTH,1,1,0,0,1,4,,0,,0,0,0,0,0,2,2,13
,2019-30428,39.711095,-105.029462,12/1/2019 21:00,21:00,12,0,0,ALAMEDA AVENUE 3300 BLOCK WEST & IRVING STREET SOUTH,4,3,0,2,1,4,,0,35,0,0,0,0,0,2,2,7
,2019-30429,39.711096,-105.028811,10/27/2019 19:28,19:28,15,0,0,ALAMEDA AVENUE 3100 BLOCK WEST & HOOKER STREET SOUTH,4,3,0,2,1,4,,0,35,0,0,0,0,0,2,2,13
,2019-30430,39.711093,-105.027876,1/22/2019 8:18,8:18,12,0,0,ALAMEDA AVENUE 3100 WEST & HAZEL COURT SOUTH,5,1,0,0,1,4,,0,30,0,0,0,0,0,2,2,13
,2019-30431,39.711092,-105.02769,2/4/2019 7:20,7:20,12,0,0,ALAMEDA AVENUE 3100 BLOCK WEST & HAZEL COURT SOUTH,1,1,0,0,1,4,,0,35,0,0,0,0,0,2,2,13
,2019-30432,39.711091,-105.027501,7/20/2019 13:18,13:18,3,0,0,ALAMEDA AVENUE WEST & HAZEL COURT SOUTH,1,1,0,0,1,1,,0,20,0,0,0,0,0,2,3,5
,2019-30433,39.711088,-105.027092,7/9/2019 7:47,7:47,12,0,0,ALAMEDA AVENUE WEST 3100 BLOCK & HAZEL COURT SOUTH,1,1,0,0,1,4,,0,30,0,0,0,0,0,2,2,14
,2019-30434,39.711083,-105.026277,7/4/2019 22:58,22:58,5,0,1,GROVE STREET SOUTH & ALAMEDA AVENUE WEST,2,3,0,1,4,1,,0,25,0,0,0,0,2,2,1,5
,2019-30435,39.71108,-105.025411,3/8/2019 16:14,16:14,12,0,0,ALAMEDA AVENUE WEST & FEDERAL BOULEVARD SOUTH,1,1,1,0,1,4,,0,30,0,0,0,0,0,2,2,13
,2019-30436,39.71108,-105.025411,7/25/2019 15:06,15:06,9,0,0,ALAMEDA AVENUE WEST & FEDERAL BOULEVARD SOUTH,1,1,0,0,1,3,,0,35,0,0,0,0,0,2,2,13
,2019-30437,39.711079,-105.025238,2/8/2019 8:55,8:55,15,0,0,ALAMEDA AVENUE WEST & FEDERAL BOULEVARD SOUTH,1,1,0,0,1,3,,0,35,0,0,0,0,0,2,2,13
,2019-30438,39.711079,-105.025238,9/13/2019 19:15,19:15,12,0,0,HIGHWAY 26 / ALAMEDA AVENUE WEST & FEDERAL BOULEVARD SOUTH,1,3,0,0,1,3,,0,35,0,0,0,0,0,2,2,13
,2019-30439,39.711079,-105.025238,10/7/2019 17:37,17:37,15,0,0,HIGHWAY 26 / ALAMEDA AVENUE WEST & FEDERAL BOULEVARD SOUTH,1,1,0,0,1,4,,0,25,0,0,0,0,0,2,2,13
,2019-30440,39.711079,-105.025238,10/11/2019 15:26,15:26,12,0,0,HIGHWAY 26 / ALAMEDA AVENUE WEST & HIGHWAY 88 / FEDERAL BOULEVARD SOUTH,1,1,0,0,1,3,,0,35,0,0,0,0,0,2,2,1
,2019-30441,39.711077,-105.025063,1/1/2019 14:15,14:15,12,0,0,ALAMEDA AVENUE WEST & FEDERAL BOULEVARD SOUTH,5,1,0,0,1,1,,0,30,0,0,0,0,0,2,2,3
,2019-30442,39.711077,-105.025063,2/26/2019 10:25,10:25,12,0,0,FEDERAL BOULEVARD SOUTH & ALAMEDA AVENUE WEST,1,1,0,0,1,1,,0,35,0,0,0,0,0,2,2,13
,2019-30443,39.711077,-105.025063,4/14/2019 15:05,15:05,12,0,1,HIGHWAY 88 / FEDERAL BOULEVARD SOUTH & HIGHWAY 26 / ALAMEDA AVENUE WEST,1,1,1,0,1,1,,0,40,0,0,0,0,1,2,2,3
,2019-30444,39.711077,-105.025063,5/2/2019 9:45,9:45,12,0,0,FEDERAL BOULEVARD NORTH 300 BLOCK SOUTH & ALAMEDA AVENUE WEST,1,1,1,0,1,1,,0,40,0,0,0,0,0,2,2,3
,2019-30446,39.711077,-105.025063,7/20/2019 18:00,18:00,1,0,0,HIGHWAY 88 / FEDERAL BOULEVARD SOUTH & HIGHWAY 26 / ALAMEDA AVENUE WEST,1,1,0,0,1,1,,0,35,0,0,0,0,0,2,2,3
,2019-30447,39.711077,-105.025063,9/11/2019 17:38,17:38,12,0,0,HIGHWAY 88 / FEDERAL BOULEVARD SOUTH & HIGHWAY 26 / ALAMEDA AVENUE WEST,1,1,0,1,1,1,,0,45,0,0,0,0,0,2,2,14
,2019-30448,39.711077,-105.025063,10/21/2019 10:06,10:06,12,0,0,ALAMEDA AVENUE WEST & FEDERAL BOULEVARD SOUTH,1,1,0,0,1,1,,0,30,0,0,0,1,0,2,2,3
,2019-30449,39.711086,-105.023753,10/1/2019 9:28,9:28,3,0,0,ALAMEDA AVENUE WEST & ELIOT STREET SOUTH,1,1,0,0,1,1,,0,30,0,0,0,0,0,2,2,1
,2019-30450,39.711086,-105.023753,11/21/2019 2:37,2:37,6,0,0,ELIOT STREET SOUTH & ALAMEDA AVENUE WEST,2,4,0,0,1,4,,0,30,0,0,0,0,0,2,2,5
,2019-30451,39.711086,-105.023753,11/24/2019 14:14,14:14,3,0,0,ALAMEDA AVENUE WEST & ELIOT STREET SOUTH,1,1,1,0,1,1,,0,30,0,0,0,0,0,2,2,8
,2019-30452,39.653077,-104.898688,6/3/2019 17:00,17:00,12,0,1,TAMARAC DRIVE SOUTH & HAMPDEN AVENUE EAST,1,1,0,1,1,1,,0,35,0,0,0,0,1,2,2,13
,2019-30453,39.711155,-105.022584,10/12/2019 16:58,16:58,3,0,1,ALAMEDA AVENUE WEST & DECATUR STREET SOUTH,1,1,0,0,1,1,,0,30,0,0,0,0,1,2,2,13
,2019-30454,39.711155,-105.022584,11/20/2019 16:06,16:06,1,0,0,ALAMEDA AVENUE WEST & DECATUR STREET SOUTH,2,2,1,1,1,1,,0,35,0,0,0,0,0,2,3,7
,2019-30455,39.711153,-105.022218,3/6/2019 12:35,12:35,3,0,0,ALAMEDA AVENUE 2700 BLOCK WEST & DECATUR STREET SOUTH,1,1,0,0,1,2,,0,30,0,0,0,0,0,2,2,13
,2019-30456,39.711151,-105.021853,6/17/2019 16:41,16:41,12,0,0,ALAMEDA AVENUE WEST & DALE COURT SOUTH,1,1,1,0,1,4,,0,30,0,0,0,0,0,2,2,13
,2019-30457,39.711149,-105.021485,2/11/2019 17:21,17:21,1,0,0,ALAMEDA AVENUE WEST & DALE COURT SOUTH,1,3,1,0,1,1,,0,25,0,0,0,0,0,2,2,13
,2019-30459,39.711149,-105.021485,7/25/2019 18:20,18:20,12,0,0,ALAMEDA AVENUE WEST & DALE COURT SOUTH,2,1,1,0,1,4,,0,30,0,0,0,0,0,2,2,3
,2019-30460,39.711146,-105.02053,1/11/2019 13:58,13:58,12,0,0,ALAMEDA AVENUE WEST & CLAY STREET SOUTH,2,1,1,2,1,3,,0,30,0,0,0,0,0,2,2,3
,2019-30461,39.711145,-105.020337,2/6/2019 18:21,18:21,1,0,0,ALAMEDA AVENUE WEST & CLAY STREET SOUTH,4,3,1,2,1,1,,0,30,0,0,0,0,0,2,2,3
,2019-30462,39.711145,-105.020337,3/25/2019 13:53,13:53,15,0,0,CLAY STREET SOUTH & ALAMEDA AVENUE WEST,1,1,1,0,1,1,,0,25,0,0,0,0,0,2,2,13
,2019-30463,39.711145,-105.020337,5/29/2019 15:40,15:40,3,0,0,ALAMEDA AVENUE WEST & CLAY STREET SOUTH,1,1,0,0,1,1,,0,30,0,0,0,0,0,2,2,13
,2019-30464,39.711141,-105.019209,3/31/2019 2:08,2:08,12,0,0,ALAMEDA AVENUE WEST & CANOSA COURT SOUTH,1,3,0,0,1,1,,0,35,0,0,0,0,0,2,3,3
,2019-30465,39.711141,-105.019209,5/22/2019 9:20,9:20,12,0,0,ALAMEDA AVENUE WEST & CANOSA COURT SOUTH,1,1,0,0,1,1,,0,35,0,0,0,0,0,2,4,1
,2019-30466,39.711141,-105.019209,10/24/2019 16:04,16:04,1,0,0,ALAMEDA AVENUE WEST & CANOSA COURT SOUTH,1,1,0,0,1,1,,0,30,0,0,0,0,0,2,2,13
,2019-30467,39.711172,-105.019161,12/19/2019 13:14,13:14,1,0,0,ALAMEDA AVENUE WEST & CANOSA COURT SOUTH,1,1,0,0,1,1,,0,30,0,0,0,0,0,2,2,13
,2019-30468,39.711138,-105.018327,3/14/2019 19:47,19:47,12,0,0,ALAMEDA AVENUE 2600 BLOCK WEST & BRYANT STREET SOUTH,2,2,0,0,1,4,,0,35,0,0,0,0,0,2,2,13
,2019-30469,39.711135,-105.017581,3/23/2019 18:55,18:55,12,0,2,ALAMEDA AVENUE WEST 2600 BLOCK & CANOSA COURT SOUTH,1,1,0,0,1,4,,0,35,0,0,0,0,2,2,2,3
,2019-3047,39.74094,-105.014063,6/3/2019 2:10,2:10,5,0,0,I25 & COLFAX AVENUE WEST,1,3,1,0,2,4,,0,55,0,0,0,0,0,1,1,13
,2019-30470,39.711133,-105.016823,6/4/2019 19:51,19:51,1,0,2,ALAMEDA AVENUE WEST & ALCOTT AVENUE SOUTH,1,1,0,0,1,1,,0,45,0,0,0,0,1,2,2,3
,2019-30471,39.711127,-105.015907,8/24/2019 12:25,12:25,12,0,0,ALAMEDA AVENUE WEST & ZUNI STREET SOUTH,1,1,0,0,1,4,,0,30,0,0,0,0,0,2,2,3
,2019-30472,39.711126,-105.015724,3/28/2019 18:29,18:29,3,0,0,ALAMEDA AVENUE WEST & ZUNI STREET SOUTH,1,2,0,0,1,1,,0,30,0,0,0,0,0,2,3,13
,2019-30473,39.711126,-105.015724,9/1/2019 22:06,22:06,12,0,0,ALAMEDA AVENUE WEST & ZUNI STREET SOUTH,1,3,0,0,1,1,,0,35,0,0,0,0,0,2,2,13
,2019-30474,39.711126,-105.015544,4/5/2019 18:50,18:50,12,0,0,ALAMEDA AVENUE WEST & ZUNI STREET SOUTH,1,1,1,0,1,4,,0,30,0,0,0,0,0,2,3,1
,2019-30475,39.711129,-105.014646,6/27/2019 8:52,8:52,12,0,0,ALAMEDA AVENUE WEST & YUMA STREET SOUTH,1,1,0,0,1,3,,0,30,0,0,0,0,0,2,2,3
,2019-30476,39.711129,-105.014646,6/30/2019 20:17,20:17,15,0,0,ALAMEDA AVENUE WEST & YUMA STREET SOUTH,1,2,0,0,1,4,,0,35,0,0,0,0,0,2,2,5
,2019-30478,39.711129,-105.014646,9/9/2019 17:39,17:39,12,0,0,ALAMEDA AVENUE WEST & YUMA STREET SOUTH,1,1,1,0,1,3,,0,30,0,0,0,0,0,2,2,13
,2019-30479,39.711131,-105.014469,6/8/2019 15:30,15:30,10,0,0,ALAMEDA AVENUE WEST & YUMA STREET SOUTH,1,1,0,0,1,1,,0,40,0,0,0,0,0,2,2,14
,2019-30480,39.711131,-105.014469,11/1/2019 20:16,20:16,1,0,1,ALAMEDA AVENUE WEST & YUMA STREET SOUTH,1,3,0,0,1,1,,0,35,0,0,0,0,1,2,2,13
,2019-30481,39.711139,-105.013946,10/10/2019 13:17,13:17,15,0,0,ALAMEDA AVENUE WEST & YUMA STREET SOUTH,10,1,0,2,1,4,,0,30,0,0,0,0,0,2,2,8
,2019-30482,39.711173,-105.011644,5/13/2019 7:45,7:45,12,0,0,ALAMEDA AVENUE WEST & TEJON STREET SOUTH,1,1,0,0,1,4,,0,30,0,0,0,0,0,2,2,13
,2019-30483,39.71118,-105.011234,4/16/2019 7:45,7:45,15,0,2,ALAMEDA AVENUE WEST 2000 BLOCK & TEJON STREET SOUTH,1,1,0,0,1,3,,0,25,0,0,0,0,1,2,2,7
,2019-30484,39.71118,-105.011234,12/31/2019 16:15,16:15,12,0,0,ALAMEDA AVENUE WEST & TEJON STREET SOUTH,1,1,0,0,1,3,,0,35,0,0,0,0,0,2,2,13
,2019-30485,39.711183,-105.01103,5/2/2019 8:29,8:29,15,0,0,ALAMEDA AVENUE 1900 BLOCK WEST & TEJON STREET SOUTH,1,1,0,0,1,4,,0,35,0,0,0,0,0,2,2,13
,2019-30486,39.711183,-105.01103,11/19/2019 16:28,16:28,1,0,0,ALAMEDA AVENUE WEST & TEJON STREET SOUTH,1,1,1,0,1,1,,0,30,0,0,0,0,0,2,2,1
,2019-30487,39.711182,-105.009158,3/16/2019 21:44,21:44,15,0,1,ALAMEDA AVENUE 1400 BLOCK WEST & PECOS STREET SOUTH,1,3,0,0,1,4,,0,35,0,0,0,0,1,2,2,3
,2019-30488,39.711181,-105.008784,10/2/2019 17:18,17:18,12,0,1,ALAMEDA AVENUE WEST & RARITAN STREET SOUTH,1,1,0,0,1,4,,0,30,0,0,0,0,1,2,2,13
,2019-30489,39.711181,-105.00841,10/16/2019 11:11,11:11,12,0,2,ALAMEDA AVENUE WEST & RARITAN STREET SOUTH,1,1,0,0,1,4,,0,35,0,0,0,0,2,2,2,1
,2019-30490,39.71118,-105.006536,12/30/2019 12:12,12:12,12,0,0,ALAMEDA AVENUE WEST & PECOS STREET SOUTH,1,1,0,0,1,3,,0,30,0,0,0,0,0,2,2,3
,2019-30491,39.71118,-105.006348,3/15/2019 18:50,18:50,1,0,0,ALAMEDA AVENUE WEST & PECOS STREET SOUTH,1,1,0,0,1,1,,0,35,0,0,0,0,0,2,2,14
,2019-30492,39.71118,-105.006348,6/8/2019 10:29,10:29,15,0,1,ALAMEDA AVENUE WEST & PECOS STREET SOUTH,1,1,0,0,1,1,,0,30,0,0,0,0,1,2,2,14
,2019-30493,39.71118,-105.006348,10/8/2019 14:45,14:45,15,0,1,ALAMEDA AVENUE WEST & PECOS STREET SOUTH,1,1,0,0,1,1,,0,35,0,0,0,0,1,2,2,13
,2019-30494,39.71118,-105.006348,11/15/2019 13:35,13:35,1,0,0,ALAMEDA AVENUE WEST & PECOS STREET SOUTH,1,1,0,0,1,1,,0,35,0,0,0,0,0,2,2,8
,2019-30495,39.6604,-104.866292,1/22/2019 8:30,8:30,12,0,0,HAVANA STREET SOUTH & DARTMOUTH AVENUE EAST,10,1,0,2,1,3,,0,,0,0,0,0,0,2,2,13
,2019-30496,39.71118,-105.006161,4/19/2019 20:12,20:12,15,0,0,ALAMEDA AVENUE WEST 1300 BLOCK & PECOS STREET SOUTH,1,2,0,0,1,4,,0,35,0,0,0,0,0,2,2,13
,2019-30497,39.711181,-105.004665,2/22/2019 16:15,16:15,14,0,1,ALAMEDA AVENUE 1400 BLOCK WEST & NAVAJO SOUTH SOUTH,2,1,0,2,1,4,,0,30,0,0,0,0,2,2,3,5
,2019-30499,39.711182,-105.003917,3/4/2019 13:12,13:12,3,0,0,ALAMEDA AVENUE WEST & NAVAJO STREET SOUTH,6,1,0,0,1,1,,0,25,0,0,0,0,0,2,2,13
,2019-30500,39.711182,-105.003917,4/3/2019 7:55,7:55,10,0,0,NAVAJO STREET SOUTH & ALAMEDA AVENUE WEST,1,1,1,0,1,1,,0,35,0,0,0,0,0,2,2,1
,2019-30501,39.711182,-105.003917,4/11/2019 16:51,16:51,12,0,0,ALAMEDA AVENUE 1200 BLOCK WEST & NAVAJO STREET SOUTH,1,1,0,0,1,4,,0,30,0,0,0,0,0,2,2,1
,2019-30502,39.711182,-105.003917,6/28/2019 20:23,20:23,3,0,0,ALAMEDA AVENUE WEST & NAVAJO STREET SOUTH,1,2,0,0,1,1,,0,35,0,0,0,0,0,2,2,14
,2019-30504,39.711182,-105.003917,8/14/2019 15:30,15:30,10,0,0,ALAMEDA AVENUE WEST & NAVAJO STREET SOUTH,1,1,0,0,1,1,,0,35,0,0,0,0,0,2,2,3
,2019-30505,39.711182,-105.003261,12/3/2019 8:12,8:12,12,0,0,ALAMEDA AVENUE 1200 BLOCK WEST & NAVAJO STREET SOUTH,1,1,0,0,1,4,,0,35,0,0,0,0,0,2,2,13
,2019-30506,39.711183,-105.002223,4/23/2019 13:19,13:19,15,0,0,ALAMEDA AVENUE WEST & LIPAN STREET SOUTH,1,1,0,0,1,4,,0,35,0,0,0,0,0,2,2,3
,2019-30507,39.711184,-105.001703,2/4/2019 15:05,15:05,12,0,0,ALAMEDA AVENUE WEST & LIPAN STREET SOUTH,1,1,0,0,1,4,,0,30,0,0,0,0,0,2,2,13
,2019-30508,39.711184,-105.001703,3/20/2019 16:32,16:32,12,0,0,ALAMEDA AVENUE WEST & LIPAN STREET SOUTH,1,1,0,0,1,4,,0,35,0,0,0,0,0,2,2,3
,2019-30510,39.711184,-105.001703,7/7/2019 21:35,21:35,12,0,0,ALAMEDA AVENUE WEST & LIPAN STREET SOUTH,1,1,0,0,1,2,,0,35,0,0,0,0,0,2,2,13
,2019-30511,39.711184,-105.00153,6/3/2019 17:56,17:56,1,0,0,ALAMEDA AVENUE WEST & LIPAN STREET SOUTH,1,1,0,0,1,1,,0,35,0,0,0,0,0,2,2,13
,2019-30512,39.711184,-105.00153,8/13/2019 17:15,17:15,3,0,0,ALAMEDA AVENUE WEST & LIPAN STREET SOUTH,1,1,0,0,1,1,,0,30,0,0,0,0,0,2,2,13
,2019-30513,39.711184,-105.00153,9/3/2019 9:15,9:15,12,0,0,ALAMEDA AVENUE 1200 BLOCK WEST & LIPAN STREET SOUTH,1,1,0,0,1,3,,0,35,0,0,0,0,0,2,2,3
,2019-30514,39.711184,-105.001356,7/4/2019 13:16,13:16,12,0,0,ALAMEDA AVENUE WEST & LIPAN STREET SOUTH,1,1,0,0,1,4,,0,35,0,0,0,0,0,2,2,1
,2019-30515,39.711184,-105.001183,9/27/2019 6:37,6:37,15,0,0,HIGHWAY 26 / ALAMEDA AVENUE WEST & LIPAN STREET SOUTH,1,1,0,0,1,4,,0,30,0,0,0,0,0,2,2,13
,2019-30516,39.711184,-105.001183,9/27/2019 7:00,7:00,15,0,0,HIGHWAY 26 / ALAMEDA AVENUE WEST & LIPAN STREET SOUTH,1,1,0,0,1,4,,0,30,0,0,0,0,0,2,2,13
,2019-30517,39.711184,-105.000621,2/1/2019 8:01,8:01,1,0,0,ALAMEDA AVENUE WEST & PLATTE RIVER DRIVE SOUTH,1,1,0,0,1,1,,0,35,0,0,0,0,0,2,2,13
,2019-30518,39.711184,-105.000621,3/23/2019 18:38,18:38,12,0,0,ALAMEDA AVENUE WEST & PLATTE RIVER DRIVE SOUTH,1,1,0,0,1,1,,0,35,0,0,0,0,0,2,2,2
,2019-30519,39.711125,-105.000586,5/31/2019 16:06,16:06,12,0,0,ALAMEDA AVENUE WEST & PLATTE RIVER DRIVE SOUTH,1,1,0,0,1,1,,0,30,0,0,0,0,0,2,2,13
,2019-30520,39.711184,-105.000621,7/10/2019 17:15,17:15,15,0,0,PLATTE RIVER DRIVE SOUTH & ALAMEDA AVENUE WEST,1,1,0,0,1,1,,0,25,0,0,0,0,0,2,2,13
,2019-30521,39.711184,-105.000621,10/27/2019 1:27,1:27,3,0,0,PLATTE RIVER DRIVE SOUTH & ALAMEDA AVENUE WEST,2,3,0,1,1,1,,0,35,0,0,0,0,0,2,2,5
,2019-30523,39.711184,-105.000621,11/12/2019 18:40,18:40,12,0,0,ALAMEDA AVENUE WEST & PLATTE RIVER DRIVE SOUTH,1,3,0,0,1,3,,0,30,0,0,0,0,0,2,2,3
,2019-30524,39.711184,-105.000621,12/6/2019 17:23,17:23,1,0,0,ALAMEDA AVENUE WEST & PLATTE RIVER DRIVE SOUTH,1,3,0,0,1,1,,0,30,0,0,0,0,0,2,2,13
,2019-30525,39.711184,-105.000621,12/6/2019 19:46,19:46,12,0,0,PLATTE RIVER DRIVE SOUTH & ALAMEDA AVENUE WEST,1,4,0,0,1,3,,0,25,0,0,0,0,0,2,2,13
,2019-30526,39.711184,-105.000621,12/17/2019 14:50,14:50,15,0,0,ALAMEDA AVENUE WEST & PLATTE RIVER SOUTH,1,1,0,0,1,1,,0,40,0,0,0,0,0,2,2,14
,2019-30527,39.711188,-105.000409,6/27/2019 11:30,11:30,12,0,0,ALAMEDA AVENUE WEST & PLATTE RIVER DRIVE SOUTH,1,1,0,0,1,4,,0,30,0,0,0,0,0,2,2,13
,2019-30528,39.711188,-105.000409,11/13/2019 16:20,16:20,12,0,0,PLATTE RIVER DRIVE SOUTH & ALAMEDA AVENUE WEST,1,1,0,0,1,1,,0,40,0,0,0,0,0,2,2,13
,2019-30529,39.711196,-104.999979,3/19/2019 0:21,0:21,10,0,2,PLATTE RIVER DRIVE SOUTH & ALAMEDA AVENUE WEST,1,3,0,0,1,1,,0,35,0,0,0,0,2,2,2,5
,2019-3053,39.78785643,-104.7906994,12/9/2019 13:30,13:30,5,0,0,PENA BOULEVARD & 8400 BLOCK,1,1,0,0,2,4,,0,,0,0,0,0,0,4,1,7
,2019-30530,39.7112,-104.999748,2/26/2019 5:55,5:55,10,0,0,I25 SOUTHBOUND OFF RAMP & ALAMEDA AVENUE WEST,1,2,0,0,1,1,,0,40,0,0,0,0,0,2,2,13