id,drcog_id,latitude,longitude,crashtime,time,crashtype,numbkilled,numbinjurd,drcoglocat,rdconditin,lightngcon,roadcntgrd,weatherco,location,roaddescrp,schoolzone,constrzone,splimit,bikeinv,sctrinv,pedinv,motoinv,svrty,rdsystem,ttlvehcls,hcf
,2019-30531,39.7112,-104.999748,3/25/2019 8:04,8:04,3,0,0,ALAMEDA AVENUE WEST & I25 SOUTHBOUND OFF RAMP,1,1,0,0,1,1,,0,35,0,0,0,0,0,2,2,13
,2019-30532,39.7112,-104.999748,4/24/2019 4:28,4:28,12,0,0,I25 SOUTHBOUND OFF RAMP & ALAMEDA AVENUE EAST,1,3,1,0,1,1,,0,25,0,0,0,0,0,2,2,1
,2019-30533,39.7112,-104.999748,5/7/2019 5:07,5:07,12,0,0,ALAMEDA AVENUE WEST & I25 SOUTHBOUND OFF RAMP,2,4,0,1,1,1,,0,35,0,0,0,0,0,2,2,13
,2019-30537,39.7112,-104.999748,7/20/2019 6:45,6:45,3,0,0,ALAMEDA AVENUE WEST & I25 SOUTHBOUND OFF RAMP,1,1,0,0,1,1,,0,35,0,0,0,0,0,2,2,12
,2019-30538,39.7112,-104.999748,9/17/2019 9:30,9:30,10,0,0,HIGHWAY 26 / ALAMEDA AVENUE WEST & I25 SOUTHBOUND OFF RAMP,1,1,0,0,1,1,,0,45,0,0,0,0,0,2,2,7
,2019-30539,39.7112,-104.999748,12/23/2019 10:54,10:54,3,0,0,ALAMEDA AVENUE WEST & I25 SOUTHBOUND OFF RAMP,1,1,0,0,1,1,,0,30,0,0,0,0,0,2,2,13
,2019-3054,39.78785643,-104.7906994,10/26/2019 19:48,19:48,5,0,0,PENA BOULEVARD & 8500 BLOCK,1,3,1,0,2,4,,0,35,0,0,0,0,0,4,1,1
,2019-30540,39.7112,-104.997767,12/31/2019 8:52,8:52,3,0,0,ALAMEDA AVENUE 1000 BLOCK WEST & I25 SOUTHBOUND OFF RAMP,1,1,0,0,1,1,,0,35,0,0,0,0,0,2,2,13
,2019-30541,39.711204,-104.999518,1/3/2019 11:44,11:44,15,0,0,ALAMEDA AVENUE 1000 BLOCK WEST & I25 SOUTHBOUND OFF RAMP,1,1,0,0,1,1,,0,35,0,0,0,1,0,2,2,13
,2019-30542,39.711204,-104.999518,9/18/2019 14:03,14:03,15,0,0,HIGHWAY 26 / ALAMEDA AVENUE WEST & I25 SOUTHBOUND OFF RAMP,1,1,0,0,1,4,,0,35,0,0,0,0,0,2,2,1
,2019-30543,39.711204,-104.999518,11/22/2019 23:09,23:09,12,0,0,ALAMEDA AVENUE WEST & I25 SOUTHBOUND OFF RAMP,1,3,0,0,1,3,,0,35,0,0,0,0,0,2,2,5
,2019-30544,39.711199,-104.998694,2/26/2019 8:50,8:50,12,0,0,ALAMEDA AVENUE WEST & KALAMATH STREET SOUTH,1,1,0,0,1,3,,0,,0,0,0,0,0,2,3,13
,2019-30545,39.711204,-104.998543,10/9/2019 14:31,14:31,12,0,0,ALAMEDA AVENUE WEST & KALAMATH STREET SOUTH,1,1,0,0,1,3,,0,35,0,0,0,0,0,2,2,3
,2019-30546,39.711208,-104.998391,1/11/2019 19:30,19:30,5,0,0,KALAMATH STREET SOUTH & ALAMEDA AVENUE WEST,4,3,0,2,2,1,,0,30,0,0,0,0,0,2,1,8
,2019-30547,39.711208,-104.998391,1/18/2019 12:30,12:30,3,0,0,ALAMEDA AVENUE WEST & KALAMATH STREET SOUTH,4,1,0,2,1,1,,0,35,0,0,0,0,0,2,2,1
,2019-30549,39.711208,-104.998391,2/14/2019 7:09,7:09,1,0,1,KALAMATH STREET SOUTH & ALAMEDA AVENUE WEST,1,1,0,0,1,1,,0,35,0,0,0,0,1,2,2,13
,2019-30550,39.711208,-104.998391,2/19/2019 6:10,6:10,1,0,0,ALAMEDA AVENUE WEST & KALAMATH STREET SOUTH,1,3,0,0,1,1,,0,35,0,0,0,0,0,2,2,1
,2019-30551,39.711208,-104.998391,2/28/2019 11:08,11:08,12,0,0,ALAMEDA AVENUE WEST & KALAMATH STREET SOUTH,1,1,0,0,1,1,,0,35,0,0,0,0,0,2,2,13
,2019-30552,39.711208,-104.998391,5/29/2019 9:09,9:09,10,0,0,ALAMEDA AVENUE WEST & KALAMATH STREET SOUTH,1,1,0,0,1,1,,0,30,0,0,0,0,0,2,2,13
,2019-30553,39.711208,-104.998391,6/16/2019 15:00,15:00,14,0,0,KALAMATH STREET SOUTH & ALAMEDA AVENUE WEST,1,1,0,0,1,1,,0,40,0,0,0,0,0,2,2,7
,2019-30554,39.711208,-104.998391,6/17/2019 7:01,7:01,1,0,0,KALAMATH STREET SOUTH & ALAMEDA AVENUE WEST,1,1,0,0,1,1,,0,35,0,0,0,0,0,2,2,13
,2019-30555,39.711208,-104.998391,6/26/2019 13:30,13:30,1,0,0,ALAMEDA AVENUE WEST & KALAMATH STREET SOUTH,1,1,0,0,1,1,,0,30,0,0,0,0,0,2,2,3
,2019-30556,39.711208,-104.998391,7/2/2019 13:14,13:14,3,0,2,ALAMEDA AVENUE WEST & KALAMATH STREET SOUTH,1,1,0,0,1,1,,0,35,0,0,0,0,1,2,2,14
,2019-30557,39.711208,-104.998391,7/2/2019 15:10,15:10,15,0,0,ALAMEDA AVENUE WEST & KALAMATH STREET SOUTH,1,1,0,0,1,1,,0,35,0,0,0,0,0,2,2,13
,2019-30558,39.653089,-104.915614,8/16/2019 7:45,7:45,12,0,0,HIGHWAY 30 / HAMPDEN AVENUE EAST & I25 NORTHBOUND SLIP RAMPS,1,1,0,0,1,4,,0,35,0,0,0,0,0,2,2,13
,2019-30559,39.653088,-104.915443,3/27/2019 14:03,14:03,15,0,0,HAMPDEN AVENUE EAST 6300 BLOCK & LOCUST STREET SOUTH,1,1,0,0,1,4,,0,40,0,0,0,0,0,2,2,13
,2019-30561,39.653088,-104.915443,10/21/2019 13:14,13:14,15,0,0,HAMPDEN AVENUE EAST & LOCUST STREET SOUTH,1,1,0,0,1,3,,0,30,0,0,0,0,0,2,2,13
,2019-30562,39.653088,-104.915267,2/8/2019 14:20,14:20,12,0,0,HAMPDEN AVENUE EAST & LOCUST STREET SOUTH,1,1,0,0,1,3,,0,35,0,0,0,0,0,2,2,1
,2019-30563,39.653088,-104.915267,2/14/2019 19:14,19:14,1,0,0,LOCUST STREET SOUTH & HAMPDEN AVENUE EAST,1,3,0,0,1,1,,0,25,0,0,0,0,0,2,2,14
,2019-30564,39.653088,-104.915267,2/28/2019 12:15,12:15,1,0,0,HAMPDEN AVENUE EAST & LOCUST STREET SOUTH,1,1,0,0,1,1,,0,40,0,0,0,1,0,2,2,13
,2019-30565,39.653088,-104.915267,3/8/2019 15:40,15:40,15,0,0,HAMPDEN AVENUE & LOCUST STREET SOUTH,1,1,0,0,1,1,,0,25,0,0,0,0,0,2,2,7
,2019-30566,39.653088,-104.915267,4/7/2019 2:15,2:15,5,0,0,HAMPDEN AVENUE 6400 BLOCK EAST & LOCUST STREET SOUTH,1,3,0,0,2,3,,0,35,0,0,0,0,0,2,1,5
,2019-30567,39.653088,-104.915267,4/11/2019 17:00,17:00,1,0,0,LOCUST STREET SOUTH & HAMPDEN AVENUE EAST,1,2,1,0,1,1,,0,35,0,0,0,0,0,2,2,13
,2019-30569,39.653088,-104.915267,7/13/2019 3:06,3:06,1,0,1,HAMPDEN AVENUE EAST & LOCUST STREET SOUTH,1,3,0,0,1,1,,0,40,0,0,0,0,1,2,2,5
,2019-30570,39.653088,-104.915267,7/20/2019 12:21,12:21,3,0,1,HAMPDEN AVENUE EAST & LOCUST STREET SOUTH,1,1,0,0,1,1,,0,40,0,0,0,0,1,2,2,13
,2019-30571,39.653086,-104.915347,11/9/2019 15:14,15:14,12,0,1,HAMPDEN AVENUE EAST & LOCUST STREET SOUTH,1,1,0,0,1,1,,0,45,0,0,0,0,2,2,2,5
,2019-30572,39.653088,-104.915267,11/15/2019 23:19,23:19,12,0,1,HAMPDEN AVENUE EAST & LOCUST STREET SOUTH,1,3,0,0,1,1,,0,,0,0,0,0,1,2,2,13
,2019-30573,39.653089,-104.914899,11/20/2019 11:25,11:25,12,0,0,HAMPDEN AVENUE EAST & LOCUST STREET SOUTH,1,1,1,0,1,3,,0,35,0,0,0,0,0,2,2,12
,2019-30574,39.65309,-104.914532,12/19/2019 14:56,14:56,12,0,1,HAMPDEN AVENUE 6400 BLOCK EAST & MONACO STREET SOUTH,1,2,0,0,1,4,,0,40,0,0,0,0,1,2,2,13
,2019-30575,39.653077,-104.909041,12/9/2019 17:45,17:45,12,0,0,ONEIDA STREET SOUTH & HAMPDEN AVENUE EAST,1,3,0,0,1,3,,0,,0,0,0,0,0,2,2,13
,2019-30578,39.653091,-104.914348,7/12/2019 12:30,12:30,12,0,0,HAMPDEN AVENUE EAST & LOCUST STREET SOUTH,1,1,0,0,1,4,,0,35,0,0,0,0,0,2,3,7
,2019-30579,39.653092,-104.913797,8/15/2019 7:24,7:24,15,0,0,HAMPDEN AVENUE EAST & MONACO STREET SOUTH,1,1,0,0,1,4,,0,35,0,0,0,0,0,2,2,13
,2019-30580,39.653093,-104.913429,2/11/2019 9:58,9:58,12,0,0,HAMPDEN AVENUE 6400 BLOCK EAST & MONACO STREET SOUTH,1,1,0,0,1,4,,0,35,0,0,0,0,0,2,3,1
,2019-30581,39.653094,-104.913062,3/21/2019 12:02,12:02,12,0,0,HAMPDEN AVENUE EAST 6400 BLOCK & MONACO STREET SOUTH,1,1,0,0,1,4,,0,40,0,0,0,0,0,2,2,13
,2019-30582,39.653094,-104.913062,7/6/2019 0:45,0:45,15,0,0,HAMPDEN AVENUE EAST & MONACO STREET,1,1,0,0,1,4,,0,35,0,0,0,0,0,2,2,13
,2019-30583,39.653094,-104.913062,8/17/2019 12:18,12:18,12,0,0,HAMPDEN AVENUE EAST & MONACO STREET SOUTH,1,1,0,0,1,3,,0,40,0,0,0,0,0,2,3,3
,2019-30584,39.653094,-104.912878,1/4/2019 19:26,19:26,3,0,2,MONACO STREET SOUTH & HAMPDEN AVENUE EAST,1,3,0,0,1,1,,0,40,0,0,0,0,1,2,2,3
,2019-30585,39.653094,-104.912878,1/17/2019 8:50,8:50,15,0,0,HAMPDEN AVENUE EAST & MONACO STREET SOUTH,1,1,0,0,1,4,,0,35,0,0,0,0,0,2,2,7
,2019-30586,39.653094,-104.912878,2/14/2019 8:05,8:05,12,0,1,HAMPDEN AVENUE EAST & MONACO STREET SOUTH,1,1,0,0,1,4,,0,40,0,0,0,0,2,2,2,3
,2019-30587,39.653094,-104.912878,3/26/2019 8:19,8:19,12,0,0,MONACO STREET SOUTH & HAMPDEN AVENUE EAST,1,1,0,0,1,1,,0,40,0,0,0,0,0,2,3,13
,2019-30588,39.653094,-104.912878,4/4/2019 17:30,17:30,12,0,2,HAMPDEN AVENUE EAST & MONACO STREET SOUTH,1,1,0,0,1,1,,0,45,0,0,0,0,1,2,2,13
,2019-30589,39.653094,-104.912878,6/14/2019 6:26,6:26,12,0,1,HAMPDEN AVENUE 5600 BLOCK EAST & MONACO STREET SOUTH,1,1,0,0,1,2,,0,40,0,0,0,0,1,2,2,13
,2019-30591,39.653094,-104.912878,7/10/2019 21:25,21:25,3,0,0,HAMPDEN AVENUE EAST & MONACO STREET SOUTH,1,3,0,0,1,1,,0,35,0,0,0,0,0,2,2,3
,2019-30592,39.653094,-104.912878,8/12/2019 19:00,19:00,12,0,0,HAMPDEN AVENUE EAST & MONACO STREET SOUTH,1,1,0,0,1,1,,0,35,0,0,0,0,0,2,2,13
,2019-30593,39.653094,-104.912878,9/16/2019 15:19,15:19,1,0,3,HAMPDEN AVENUE EAST & MONACO STREET SOUTH,1,1,0,0,1,1,,0,35,0,0,0,0,1,2,2,13
,2019-30594,39.653094,-104.912878,9/24/2019 8:06,8:06,15,0,0,HAMPDEN AVENUE EAST & MONACO STREET SOUTH,1,1,1,0,1,1,,0,35,0,0,0,0,0,2,2,13
,2019-30595,39.653094,-104.912878,10/3/2019 16:05,16:05,3,0,0,MONACO STREET SOUTH & HAMPDEN AVENUE EAST,1,1,0,0,1,1,,0,45,0,0,0,0,0,2,2,14
,2019-30596,39.653094,-104.912878,10/7/2019 9:11,9:11,15,0,0,HAMPDEN AVENUE EAST & MONACO STREET SOUTH,1,1,0,0,1,1,,0,35,0,0,0,0,0,2,2,13
,2019-30597,39.653094,-104.912878,10/19/2019 11:20,11:20,15,0,0,HAMPDEN AVENUE EAST & MONACO STREET SOUTH,1,1,0,0,1,1,,0,40,0,0,0,0,0,2,2,13
,2019-30598,39.653094,-104.912878,10/24/2019 10:45,10:45,15,0,0,MONACO STREET SOUTH & HAMPDEN AVENUE EAST,1,1,0,0,1,1,,0,35,0,0,0,0,0,2,2,13
,2019-30599,39.653094,-104.912878,11/18/2019 14:00,14:00,12,0,1,HAMPDEN AVENUE EAST & MONACO STREET SOUTH,1,1,0,0,1,1,,0,35,0,0,0,0,1,2,2,13
,2019-3060,39.78785643,-104.7906994,11/1/2019 11:28,11:28,15,0,0,PENA BOULEVARD & 8500 BLOCK,1,1,1,0,1,4,,0,,0,0,0,0,0,4,2,7
,2019-30600,39.653094,-104.912878,12/2/2019 8:20,8:20,12,0,2,HAMPDEN AVENUE EAST & MONACO STREET SOUTH,1,1,0,0,1,1,,0,35,0,0,0,0,1,2,2,12
,2019-30601,39.653094,-104.912878,12/6/2019 8:34,8:34,12,0,0,MONACO STREET SOUTH & HAMPDEN AVENUE EAST,5,1,0,0,1,1,,0,35,0,0,0,0,0,2,2,7
,2019-30603,39.724542,-105.039459,3/16/2019 17:46,17:46,3,0,0,PERRY STREET NORTH & FIFTH AVENUE WEST,1,1,0,0,1,1,,0,25,0,0,0,0,0,4,2,14
,2019-30604,39.653077,-104.898688,7/6/2019 12:38,12:38,1,0,0,TAMARAC DRIVE SOUTH & HAMPDEN AVENUE EAST,1,1,0,0,1,1,,0,30,0,0,0,0,0,2,2,3
,2019-30605,39.653092,-104.912513,5/31/2019 7:13,7:13,12,0,0,HAMPDEN AVENUE EAST & MONACO STREET SOUTH,1,1,0,0,1,4,,0,35,0,0,0,0,0,2,2,13
,2019-30606,39.653092,-104.912513,11/15/2019 11:22,11:22,12,0,0,HAMPDEN AVENUE EAST & MONACO STREET SOUTH,1,1,0,0,1,3,,0,40,0,0,0,0,0,2,2,13
,2019-30607,39.653092,-104.91233,9/13/2019 15:28,15:28,12,0,1,HAMPDEN AVENUE EAST & MONACO STREET SOUTH,1,1,0,0,1,4,,0,35,0,0,0,0,1,2,3,13
,2019-30608,39.653077,-104.909224,6/3/2019 9:58,9:58,12,0,0,HAMPDEN AVENUE EAST & ONEIDA WAY SOUTH,1,1,0,0,1,4,,0,40,0,0,0,0,0,2,2,13
,2019-30609,39.653077,-104.909224,9/30/2019 20:03,20:03,15,0,0,HAMPDEN AVENUE EAST & ONEIDA WAY SOUTH,1,3,0,0,1,3,,0,40,0,0,0,0,0,2,2,13
,2019-30610,39.653077,-104.909041,3/1/2019 6:01,6:01,1,0,0,HAMPDEN AVENUE EAST & ONEIDA WAY SOUTH,1,3,0,0,1,1,,0,40,0,0,0,0,0,2,2,13
,2019-30611,39.653077,-104.909041,9/5/2019 13:29,13:29,1,0,1,HAMPDEN AVENUE EAST & ONEIDA WAY SOUTH,1,1,0,0,1,1,,0,35,0,0,0,0,2,2,2,8
,2019-30612,39.653078,-104.908858,2/25/2019 7:55,7:55,12,0,1,HAMPDEN AVENUE EAST 6900 BLOCK & ONEIDA WAY SOUTH,1,2,0,0,1,3,,0,35,0,0,0,0,1,2,2,8
,2019-30613,39.653078,-104.908858,9/9/2019 10:55,10:55,12,0,0,HAMPDEN AVENUE EAST & ONEIDA WAY SOUTH,1,1,0,0,1,4,,0,40,0,0,0,0,0,2,2,13
,2019-30615,39.653103,-104.906298,1/16/2019 12:38,12:38,8,0,0,HAMPDEN AVENUE 7100 EAST & OLEANDER STREET SOUTH,1,1,0,0,1,2,,0,40,0,0,0,0,0,2,2,13
,2019-30616,39.653117,-104.904836,9/2/2019 10:20,10:20,12,0,0,HIGHWAY 30 / HAMPDEN AVENUE EAST & POPLAR STREET SOUTH,1,1,0,0,1,3,,0,35,0,0,0,0,0,2,2,7
,2019-30617,39.653118,-104.904632,4/6/2019 12:50,12:50,12,0,0,HAMPDEN AVENUE EAST & POPLAR STREET SOUTH,1,1,0,0,1,1,,0,40,0,0,0,0,0,2,2,13
,2019-30618,39.653118,-104.904632,6/23/2019 15:01,15:01,3,0,0,HAMPDEN AVENUE EAST & POPLAR STREET SOUTH,1,1,0,0,1,1,,0,25,0,0,0,0,0,2,2,13
,2019-30619,39.653118,-104.904632,7/8/2019 18:10,18:10,12,0,0,HAMPDEN AVENUE EAST & POPLAR STREET SOUTH,1,1,0,0,1,1,,0,40,0,0,0,0,0,2,2,5
,2019-30620,39.653118,-104.904632,7/24/2019 11:09,11:09,1,0,0,HAMPDEN AVENUE EAST & POPLAR STREET SOUTH,1,1,0,0,1,1,,1,30,0,0,0,0,0,2,2,8
,2019-30621,39.653118,-104.904632,12/10/2019 15:45,15:45,12,0,0,HAMPDEN AVENUE EAST & POPLAR STREET SOUTH,1,1,0,0,1,3,,0,35,0,0,0,0,0,2,2,3
,2019-30622,39.65311,-104.9047,12/31/2019 10:32,10:32,1,0,3,HAMPDEN AVENUE EAST & POPLAR STREET SOUTH,2,1,0,0,1,1,,0,40,0,0,0,0,1,2,4,3
,2019-30623,39.653114,-104.904156,1/29/2019 7:30,7:30,12,0,0,HAMPDEN AVENUE EAST & POPLAR STREET SOUTH,1,1,0,0,1,4,,0,45,0,0,0,0,0,2,2,13
,2019-30624,39.653111,-104.90368,12/2/2019 17:45,17:45,3,0,0,HAMPDEN AVENUE & 7200 BLOCK EAST,5,3,0,0,1,3,,0,35,0,0,0,0,0,2,5,13
,2019-30625,39.653113,-104.903031,11/4/2019 13:00,13:00,1,0,0,HAMPDEN AVENUE EAST & 7500 BLOCK EAST,1,1,0,0,1,2,,0,40,0,0,0,0,0,2,2,13
,2019-30626,39.653105,-104.902729,1/25/2019 19:37,19:37,3,0,2,HAMPDEN AVENUE EAST & POPLAR STREET SOUTH,1,3,0,0,1,2,,0,45,0,0,0,0,2,2,2,13
,2019-30627,39.653117,-104.903031,10/5/2019 16:18,16:18,1,0,0,HAMPDEN AVENUE EAST & 7500 BLOCK EAST,1,1,0,0,1,2,,0,45,0,0,0,0,0,2,2,14
,2019-30628,39.751713,-104.98374,9/21/2019 12:30,12:30,1,0,3,PARK AVENUE WEST & CALIFORNIA STREET,1,1,0,0,1,1,,0,30,0,0,0,0,2,4,2,14
,2019-30629,39.653117,-104.902422,7/25/2019 20:56,20:56,1,0,1,HAMPDEN AVENUE EAST & 7500 BLOCK EAST,1,3,1,0,1,2,,0,40,0,0,0,0,2,2,2,13
,2019-30630,39.65308,-104.891791,2/17/2019 12:51,12:51,3,0,0,HAMPDEN AVENUE EAST & VERBENA STREET SOUTH,1,1,0,0,1,1,,0,45,0,0,0,0,0,2,2,13
,2019-30631,39.653117,-104.902422,9/24/2019 12:52,12:52,1,0,2,HAMPDEN AVENUE EAST & 7500 BLOCK EAST,1,1,0,0,1,2,,0,40,0,0,0,0,1,2,3,13
,2019-30633,39.653078,-104.898771,3/4/2019 16:48,16:48,12,0,0,HAMPDEN AVENUE 7800 EAST & TAMARAC STREET SOUTH,1,1,1,0,1,4,,0,40,0,0,0,0,0,2,2,13
,2019-30634,39.653077,-104.898745,10/22/2019 17:00,17:00,12,0,0,HAMPDEN AVENUE EAST & TAMARAC STREET SOUTH,1,1,0,0,1,3,,0,35,0,0,0,0,0,2,2,12
,2019-30635,39.65311,-104.8987,12/6/2019 15:25,15:25,15,0,0,HAMPDEN AVENUE EAST & TAMARAC DRIVE SOUTH,1,1,0,0,1,4,,0,35,0,0,0,0,0,2,2,13
,2019-30636,39.653077,-104.898688,5/2/2019 12:36,12:36,3,0,0,HAMPDEN AVENUE EAST & TAMARAC DRIVE SOUTH,1,1,0,0,1,1,,0,45,0,0,0,0,0,2,2,13
,2019-30637,39.653077,-104.898688,7/12/2019 17:34,17:34,1,0,1,TAMARAC DRIVE SOUTH & HAMPDEN AVENUE EAST,1,1,0,0,1,1,,0,40,0,0,0,0,2,2,2,13
,2019-30638,39.653077,-104.898688,7/13/2019 13:05,13:05,15,0,0,HAMPDEN AVENUE EAST & TAMARAC DRIVE SOUTH,1,1,0,0,1,1,,0,45,0,0,0,0,0,2,2,8
,2019-30639,39.653077,-104.898688,8/5/2019 22:25,22:25,1,0,1,HAMPDEN AVENUE EAST & TAMARAC DRIVE SOUTH,1,3,0,0,1,1,,0,45,0,0,0,0,1,2,2,5
,2019-30640,39.653077,-104.898688,9/15/2019 19:09,19:09,1,0,2,HIGHWAY 30 / HAMPDEN AVENUE EAST & TAMARAC STREET SOUTH,1,2,1,0,1,1,,0,45,0,0,0,0,1,2,2,13
,2019-30641,39.653077,-104.898688,10/24/2019 14:09,14:09,1,0,0,HAMPDEN AVENUE EAST & TAMARAC STREET SOUTH,1,1,1,0,1,1,,0,45,0,0,0,0,0,2,3,1
,2019-30643,39.753063,-104.9854905,1/31/2019 18:32,18:32,1,0,0,PARK AVENUE WEST & CHAMPA STREET,1,3,1,0,1,1,,0,30,0,0,0,0,0,4,2,8
,2019-30644,39.653077,-104.898688,10/29/2019 15:51,15:51,12,0,0,TAMARAC DRIVE 3500 BLOCK SOUTH & HAMPDEN AVENUE EAST,5,1,1,2,1,1,,0,30,0,0,0,0,0,2,2,13
,2019-30645,39.653077,-104.898688,11/10/2019 11:44,11:44,12,0,0,HAMPDEN AVENUE EAST & TAMARAC DRIVE SOUTH,1,1,0,0,1,1,,0,40,0,0,0,0,0,2,3,5
,2019-30646,39.653077,-104.898688,11/21/2019 22:07,22:07,1,0,0,HAMPDEN AVENUE EAST & TAMARAC DRIVE SOUTH,2,3,1,2,1,1,,0,40,0,0,0,0,0,2,3,13
,2019-30647,39.653077,-104.898688,11/26/2019 17:00,17:00,12,0,0,HAMPDEN AVENUE EAST & TAMARAC DRIVE SOUTH,4,3,0,2,1,3,,0,35,0,0,0,0,0,2,2,3
,2019-30649,39.653114,-104.898758,12/28/2019 12:23,12:23,1,0,0,HAMPDEN AVENUE EAST & TAMARAC DRIVE SOUTH,5,1,1,2,1,1,,0,35,0,0,0,0,0,2,2,13
,2019-30650,39.654283,-104.898742,12/28/2019 13:00,13:00,3,0,0,TAMARAC DRIVE 3400 BLOCK SOUTH & HAMPDEN AVENUE EAST,6,1,2,2,1,1,,0,40,0,0,0,0,0,2,2,14
,2019-30651,39.653077,-104.898504,10/21/2019 22:00,22:00,12,0,0,HAMPDEN AVENUE EAST & TAMARAC DRIVE SOUTH,1,3,1,0,1,3,,0,40,0,0,0,0,0,2,2,12
,2019-30652,39.653078,-104.897583,3/10/2019 3:14,3:14,12,0,0,HAMPDEN AVENUE EAST & TAMARAC STREET SOUTH,1,3,1,0,1,4,,0,45,0,0,0,0,0,2,2,5
,2019-30654,39.65303,-104.9002,12/6/2019 15:10,15:10,12,0,1,HAMPDEN AVENUE EAST & TAMARAC STREET SOUTH,1,1,1,0,1,4,,0,40,0,0,0,0,1,2,3,13
,2019-30656,39.653079,-104.894267,8/23/2019 16:52,16:52,12,0,2,HIGHWAY 30 / HAMPDEN AVENUE EAST & ULSTER STREET SOUTH,1,1,1,0,1,4,,0,45,0,0,0,0,2,2,2,5
,2019-30657,39.653079,-104.894082,12/9/2019 8:20,8:20,3,0,0,HAMPDEN AVENUE EAST & ULSTER STREET SOUTH,1,1,1,0,1,1,,0,40,0,0,0,0,0,2,2,13
,2019-30658,39.65308,-104.89215,12/10/2019 8:40,8:40,15,0,0,HAMPDEN AVENUE 8300 BLOCK EAST & VERBENA STREET SOUTH,1,1,0,0,1,4,,0,35,0,0,0,0,0,2,2,13
,2019-30659,39.65308,-104.891791,10/8/2019 16:30,16:30,1,0,0,HAMPDEN AVENUE EAST & VERBENA STREET SOUTH,1,1,0,0,1,1,,0,35,0,0,0,0,0,2,4,3
,2019-3066,39.78785643,-104.7906994,12/3/2019 13:04,13:04,15,0,0,PENA BOULEVARD INBOUND 8400 BLOCK & g,1,1,0,0,1,4,,0,15,0,0,0,0,0,4,2,1
,2019-30660,39.653081,-104.887693,5/22/2019 8:15,8:15,3,0,0,HAMPDEN AVENUE EAST & WILLOW STREET SOUTH,1,1,0,0,1,1,,0,40,0,0,0,0,0,2,2,14
,2019-30661,39.653081,-104.887693,6/14/2019 15:00,15:00,3,0,0,HAMPDEN AVENUE EAST & WILLOW STREET SOUTH,1,1,0,0,1,1,,0,40,0,0,0,0,0,2,2,14
,2019-30662,39.653081,-104.887693,11/8/2019 6:51,6:51,3,0,0,HAMPDEN AVENUE EAST & WILLOW STREET SOUTH,1,1,1,0,1,1,,0,40,0,0,0,0,0,2,2,13
,2019-30663,39.653054,-104.884765,1/23/2019 21:39,21:39,12,0,2,YOSEMITE STREET SOUTH & HAMPDEN AVENUE EAST,1,3,0,0,1,3,,0,45,0,0,0,0,2,2,3,13
,2019-30664,39.653054,-104.884765,3/22/2019 21:31,21:31,15,0,0,YOSEMITE STREET SOUTH & HAMPDEN AVENUE EAST,2,3,0,1,1,1,,0,30,0,0,0,0,0,2,2,13
,2019-30665,39.653054,-104.884765,6/17/2019 13:10,13:10,12,0,0,HAMPDEN AVENUE EAST & YOSEMITE STREET SOUTH,1,1,0,0,1,1,,0,40,0,0,0,0,0,2,2,3
,2019-30666,39.653054,-104.884765,6/29/2019 14:56,14:56,12,0,0,HAMPDEN AVENUE EAST & YOSEMITE STREET SOUTH,1,1,0,0,1,3,,0,45,0,0,0,0,0,2,2,1
,2019-30667,39.653054,-104.884765,7/6/2019 22:00,22:00,15,0,0,HAMPDEN AVENUE EAST & YOSEMITE STREET SOUTH,1,3,0,0,1,1,,0,35,0,0,0,0,0,2,2,1
,2019-30668,39.653054,-104.884765,7/18/2019 9:12,9:12,12,0,0,YOSEMITE STREET SOUTH & HAMPDEN AVENUE EAST,1,1,0,0,1,3,,0,35,0,0,0,0,0,2,2,13
,2019-30669,39.653054,-104.884765,12/1/2019 18:19,18:19,1,0,0,HAMPDEN AVENUE EAST & YOSEMITE STREET SOUTH,1,3,0,0,1,1,,0,40,0,0,0,0,0,2,3,5
,2019-30670,39.653054,-104.884765,12/9/2019 16:30,16:30,15,0,0,HAMPDEN AVENUE EAST & YOSEMITE STREET SOUTH,1,1,0,0,1,3,,0,35,0,0,0,0,0,2,2,13
,2019-30671,39.653054,-104.884765,12/21/2019 2:19,2:19,5,0,1,HAMPDEN AVENUE 8900 EAST & YOSEMITE STREET,1,3,0,0,3,3,,0,45,0,0,0,0,2,2,1,1
,2019-30673,39.653052,-104.88456,10/29/2019 13:26,13:26,12,0,0,HAMPDEN AVENUE EAST & YOSEMITE STREET SOUTH,5,1,1,2,1,3,,0,35,0,0,0,0,0,2,3,13
,2019-30674,39.65305,-104.884355,8/4/2019 15:12,15:12,3,0,0,HAMPDEN AVENUE EAST & YOSEMITE STREET SOUTH,2,1,0,2,1,2,,0,45,0,0,0,0,0,2,2,14
,2019-30675,39.65305,-104.884355,8/21/2019 5:42,5:42,12,0,0,HIGHWAY 30 / HAMPDEN AVENUE EAST & YOSEMITE STREET SOUTH,1,1,0,0,1,3,,0,45,0,0,0,0,0,2,4,2
,2019-30676,39.653049,-104.88415,8/31/2019 17:57,17:57,12,0,0,HAMPDEN AVENUE 8900 BLOCK EAST & YOSEMITE STREET SOUTH,1,1,0,0,1,3,,0,45,0,0,0,0,0,2,2,3
,2019-30677,39.653028,-104.881899,7/1/2019 17:50,17:50,12,0,0,HAMPDEN AVENUE EAST & AKRON STREET SOUTH,1,1,0,0,1,3,,0,45,0,0,0,0,0,2,2,1
,2019-30678,39.653025,-104.88149,2/13/2019 7:41,7:41,12,0,0,HAMPDEN AVENUE 9300 BLOCK EAST & SOUTH AKRON STREET,1,1,0,0,1,3,,0,40,0,0,0,0,0,2,3,13
,2019-30679,39.653025,-104.88149,5/9/2019 9:01,9:01,12,0,0,HAMPDEN AVENUE EAST & AKRON STREET SOUTH,2,1,0,1,1,1,,0,40,0,0,0,0,0,2,2,13