id,drcog_id,latitude,longitude,crashtime,time,crashtype,numbkilled,numbinjurd,drcoglocat,rdconditin,lightngcon,roadcntgrd,weatherco,location,roaddescrp,schoolzone,constrzone,splimit,bikeinv,sctrinv,pedinv,motoinv,svrty,rdsystem,ttlvehcls,hcf
,2019-30680,39.653025,-104.88149,5/15/2019 16:18,16:18,15,0,0,HAMPDEN AVENUE EAST & AKRON STREET SOUTH,1,1,0,0,1,1,,0,45,0,0,0,0,0,2,2,13
,2019-30681,39.653025,-104.88149,6/15/2019 12:10,12:10,3,0,0,HAMPDEN AVENUE EAST & AKRON STREET SOUTH,1,1,0,0,1,1,,0,45,0,0,0,0,0,2,2,13
,2019-30682,39.65302,-104.875566,8/31/2019 15:01,15:01,12,0,0,HAMPDEN AVENUE EAST & DAYTON STREET SOUTH,1,1,0,0,1,3,,0,35,0,0,0,0,0,2,2,13
,2019-30683,39.65302,-104.875566,12/17/2019 9:55,9:55,8,0,0,HAMPDEN AVENUE EAST & DAYTON STREET SOUTH,1,1,0,0,1,1,,0,45,0,0,0,0,0,2,2,13
,2019-30684,39.65302,-104.875381,4/14/2019 17:44,17:44,12,0,0,HAMPDEN AVENUE 9700 BLOCK EAST & DAYTON STREET SOUTH,1,1,0,0,1,1,,0,45,0,0,0,0,0,2,2,13
,2019-30685,39.65302,-104.875381,9/10/2019 16:00,16:00,12,0,0,HAMPDEN AVENUE EAST & DAYTON STREET SOUTH,1,1,0,0,1,3,,0,40,0,0,0,0,0,2,2,5
,2019-30686,39.65302,-104.875381,9/23/2019 10:50,10:50,12,0,0,HAMPDEN AVENUE EAST & DAYTON STREET SOUTH,1,1,0,0,1,4,,0,35,0,0,0,0,0,2,3,13
,2019-30687,39.653018,-104.874081,6/24/2019 7:29,7:29,12,0,6,HAMPDEN AVENUE EAST & DAYTON STREET SOUTH,1,1,0,0,1,4,,0,45,0,0,0,0,1,2,3,3
,2019-30688,39.670857,-104.866047,5/25/2019 15:10,15:10,12,0,0,PARKER ROAD SOUTH & HAVANA STREET SOUTH,1,1,0,0,1,1,,0,45,0,0,0,1,0,2,2,3
,2019-30689,39.653038,-104.872038,2/28/2019 20:25,20:25,1,0,0,HAMPDEN AVENUE EAST & FLORENCE STREET SOUTH,1,3,0,0,1,1,,0,40,0,0,0,0,0,2,2,14
,2019-3069,39.767445,-104.905809,3/3/2019 12:33,12:33,3,0,2,PONTIAC STREET NORTH & 36TH AVENUE EAST,4,1,0,2,1,1,,0,,0,0,0,0,2,4,2,13
,2019-30690,39.653038,-104.872038,4/8/2019 15:50,15:50,15,0,0,HAMPDEN AVENUE EAST & FLORENCE STREET SOUTH,1,1,0,0,1,1,,0,30,0,0,0,0,0,2,2,13
,2019-30692,39.653038,-104.872038,4/19/2019 14:35,14:35,12,0,0,HAMPDEN AVENUE EAST & FLORENCE STREET SOUTH,1,1,0,0,1,1,,0,35,0,0,0,0,0,2,3,13
,2019-30693,39.653038,-104.872038,8/27/2019 8:41,8:41,15,0,0,HIGHWAY 30 / HAMPDEN AVENUE EAST & FLORENCE STREET SOUTH,1,1,0,0,1,1,,0,45,0,0,0,0,0,2,2,6
,2019-30694,39.653038,-104.872038,10/25/2019 23:51,23:51,12,0,1,HAMPDEN AVENUE EAST & FLORENCE STREET SOUTH,1,3,0,0,1,1,,0,35,0,0,0,0,2,2,3,5
,2019-30695,39.653052,-104.87177,8/26/2019 15:25,15:25,15,0,0,HIGHWAY 30 / HAMPDEN AVENUE EAST & FLORENCE STREET SOUTH,1,1,0,0,1,4,,0,35,0,0,0,0,0,2,2,1
,2019-30696,39.653052,-104.87177,8/27/2019 8:40,8:40,12,0,0,HIGHWAY 30 / HAMPDEN AVENUE EAST & FLORENCE STREET SOUTH,1,1,0,0,1,3,,0,45,0,0,0,0,0,2,2,3
,2019-30697,39.653052,-104.87177,9/28/2019 9:13,9:13,12,0,0,HAMPDEN AVENUE 10000 BLOCK EAST & FLORENCE AVENUE SOUTH,1,1,0,0,1,3,,0,35,0,0,0,0,0,2,2,13
,2019-30698,39.653056,-104.871482,1/18/2019 11:52,11:52,12,0,0,HAVANA STREET NORTH & FLORENCE WAY NORTH / 3100 BLOCK NORTH,2,1,1,2,1,4,,0,30,0,0,0,0,0,2,2,7
,2019-30699,39.653096,-104.870042,1/31/2019 8:25,8:25,15,0,0,HAMPDEN AVENUE EAST & GALENA STREET SOUTH,1,1,0,0,1,4,,0,35,0,0,0,0,0,2,2,13
,2019-30700,39.653184,-104.869477,6/25/2019 11:47,11:47,12,0,2,HAVANA STREET & GALENA WAY SOUTH,1,1,0,0,1,4,,0,45,0,0,0,0,1,2,3,1
,2019-30701,39.653256,-104.869204,3/5/2019 16:49,16:49,12,0,1,HAVANA STREET 3300 BLOCK NORTH & FLORENCE WAY NORTH,1,1,0,0,1,4,,0,35,0,0,0,0,1,2,2,7
,2019-30703,39.65352,-104.868405,3/28/2019 12:26,12:26,12,0,0,GALENA STREET SOUTH & HAMPDEN AVENUE EAST,1,1,0,0,1,1,,0,45,0,0,0,0,0,2,2,13
,2019-30704,39.65352,-104.868405,4/7/2019 19:40,19:40,12,0,0,GALENA STREET SOUTH & HAMPDEN AVENUE EAST,1,3,0,0,1,3,,0,40,0,0,0,0,0,2,2,1
,2019-30706,39.65352,-104.868405,6/8/2019 15:40,15:40,12,0,1,HAMPDEN AVENUE EAST / HAVANA STREET & GALENA STREET SOUTH,1,1,0,0,1,1,,0,45,0,0,0,0,1,2,2,14
,2019-30707,39.65352,-104.868405,10/7/2019 13:51,13:51,1,0,0,HAMPDEN AVENUE EAST & GALENA STREET SOUTH,1,1,0,0,1,1,,0,35,0,0,0,0,0,2,2,13
,2019-30708,39.65352,-104.868405,10/30/2019 17:07,17:07,15,0,0,HAMPDEN AVENUE EAST & GALENA STREET SOUTH,2,1,0,0,1,3,,0,40,0,0,0,0,0,2,2,7
,2019-30709,39.653637,-104.868178,1/7/2019 16:02,16:02,12,0,0,HAMPDEN AVENUE 10500 BLOCK EAST & GALENA STREET SOUTH,1,1,0,0,1,4,,0,45,0,0,0,0,0,2,2,13
,2019-30710,39.653637,-104.868178,1/7/2019 16:08,16:08,12,0,0,HAMPDEN AVENUE 10500 BLOCK EAST & GALENA STREET SOUTH,14,1,0,0,1,4,,0,65,0,0,0,0,0,2,2,3
,2019-30711,39.653637,-104.868178,11/10/2019 0:14,0:14,15,0,0,HAVANA STREET SOUTH & HAMPDEN AVENUE EAST / GALENA STREET SOUTH,1,3,0,0,1,3,,0,40,0,0,0,0,0,2,2,13
,2019-30712,39.656781,-104.866409,2/23/2019 11:15,11:15,15,0,0,HAVANA STREET SOUTH & GIRARD AVENUE EAST,2,1,0,0,1,1,,0,40,0,0,0,0,0,2,2,14
,2019-30713,39.656781,-104.866409,4/16/2019 16:00,16:00,12,0,0,HAVANA STREET SOUTH & GIRARD AVENUE EAST,1,1,0,0,1,4,,0,45,0,0,0,0,0,2,3,13
,2019-30714,39.656781,-104.866409,7/18/2019 12:14,12:14,15,0,0,HAVANA STREET SOUTH & GIRARD AVENUE EAST,1,1,0,0,1,4,,0,40,0,0,0,0,0,2,2,13
,2019-30715,39.656992,-104.866396,3/7/2019 11:55,11:55,12,0,0,GIRARD AVENUE EAST & HAVANA STREET SOUTH,1,1,0,0,1,1,,0,30,0,0,0,0,0,2,2,13
,2019-30716,39.656992,-104.866396,3/13/2019 11:35,11:35,3,0,0,GIRARD AVENUE EAST & HAVANA STREET SOUTH,4,1,0,2,1,1,,0,40,0,0,0,0,0,2,3,1
,2019-30717,39.656992,-104.866396,9/16/2019 7:11,7:11,15,0,0,HIGHWAY 30 / HAVANA STREET SOUTH & GIRARD AVENUE EAST,1,1,0,0,1,1,,0,40,0,0,0,0,0,2,2,14
,2019-30718,39.656992,-104.866396,12/15/2019 12:45,12:45,12,0,0,HAVANA STREET 3400 BLOCK SOUTH & GIRARD AVENUE EAST,1,1,0,0,1,3,,0,30,0,0,0,0,0,2,2,13
,2019-30719,39.657121,-104.866392,2/26/2019 11:01,11:01,15,0,0,HAVANA STREET 3300 BLOCK SOUTH & GIRARD AVENUE EAST,1,1,0,0,1,4,,0,35,0,0,0,0,0,2,2,13
,2019-30720,39.65725,-104.866388,7/1/2019 10:03,10:03,12,0,1,HAVANA STREET SOUTH & GIRARD AVENUE EAST,1,1,0,0,1,4,,0,35,0,0,0,0,2,2,2,13
,2019-30721,39.65725,-104.866388,11/24/2019 17:24,17:24,6,0,0,HAVANA STREET SOUTH & GIRARD AVENUE EAST,1,1,0,0,1,4,,0,45,0,0,0,0,0,2,2,13
,2019-30722,39.659615,-104.866316,1/30/2019 17:37,17:37,15,0,0,HAVANA STREET SOUTH & DARTMOUTH AVENUE EAST,1,1,0,0,1,4,,0,,0,0,0,0,0,2,2,13
,2019-30723,39.660092,-104.866301,7/8/2019 21:23,21:23,12,0,1,HAVANA STREET SOUTH & DARTMOUTH AVENUE EAST,1,3,1,0,1,4,,0,35,0,0,0,0,1,2,2,5
,2019-30724,39.66025,-104.866296,3/28/2019 15:09,15:09,3,0,2,HAVANA STREET & 3100 BLOCK SOUTH,1,1,0,0,1,2,,0,35,0,0,0,0,2,2,2,14
,2019-30725,39.66025,-104.866296,4/16/2019 5:53,5:53,12,0,0,HAVANA STREET 300 BLOCK SOUTH & DARTMOUTH AVENUE EAST,1,1,0,0,1,1,,0,40,0,0,0,0,0,2,2,1
,2019-30726,39.66025,-104.866296,4/25/2019 7:33,7:33,12,0,0,HAVANA STREET 3000 BLOCK SOUTH & DARTMOUTH AVENUE EAST,1,1,0,0,1,1,,0,40,0,0,0,0,0,2,2,13
,2019-30727,39.66025,-104.866296,5/10/2019 15:30,15:30,1,0,1,HAVANA STREET SOUTH & DARTMOUTH AVENUE EAST,1,1,0,0,1,1,,0,35,0,0,0,0,1,2,2,13
,2019-30728,39.66025,-104.866296,10/29/2019 15:12,15:12,12,0,0,HAVANA STREET SOUTH & DARTMOUTH AVENUE EAST,4,1,1,2,1,4,,0,35,0,0,0,0,0,2,3,13
,2019-30729,39.662702,-104.866244,1/16/2019 9:00,9:00,15,0,0,HAVANA 2900 NORTH & DARTMOUTH AVENUE EAST,1,1,0,0,1,4,,1,40,0,0,0,0,0,2,2,13
,2019-3073,39.783609,-104.791392,8/7/2019 21:47,21:47,12,0,0,PENA BOULEVARD & GREEN VALLEY RANCH BOULEVARD,2,3,1,0,1,3,,0,35,0,0,0,0,0,4,2,13
,2019-30730,39.663696,-104.866223,1/29/2019 14:35,14:35,12,0,3,HAVANA STREET SOUTH & DARTMOUTH AVENUE EAST,1,1,1,0,1,2,,0,45,0,0,0,0,1,2,3,14
,2019-30731,39.663838,-104.86622,5/30/2019 7:56,7:56,12,0,0,HAVANA STREET SOUTH & DARTMOUTH AVENUE EAST,1,1,1,0,1,4,,0,40,0,0,0,0,0,2,2,13
,2019-30732,39.666109,-104.86617,9/9/2019 17:47,17:47,12,0,0,HIGHWAY 30 / HAVANA STREET SOUTH & YALE AVENUE EAST,1,1,1,0,1,4,,0,45,0,0,0,0,0,2,3,1
,2019-30733,39.666393,-104.866163,7/28/2019 14:46,14:46,12,0,1,HAVANA STREET SOUTH & YALE AVENUE EAST,1,1,0,0,1,4,,0,35,0,0,0,0,2,2,2,1
,2019-30734,39.666535,-104.866159,10/27/2019 20:11,20:11,5,0,0,HAVANA STREET SOUTH & 2710 SOUTH HAVANA STREET,4,3,0,2,3,4,,0,45,0,0,0,0,0,2,1,13
,2019-30735,39.666677,-104.866155,1/25/2019 19:45,19:45,12,0,0,HAVANA STREET 2700 SOUTH & YALE AVENUE EAST,1,3,0,0,1,4,,0,,0,0,0,0,0,2,2,13
,2019-30736,39.666819,-104.866152,5/17/2019 17:42,17:42,15,0,1,HAVANA STREET SOUTH & YALE AVENUE SOUTH,1,1,0,0,1,4,,0,40,0,0,0,0,2,2,3,14
,2019-30738,39.667245,-104.86614,2/1/2019 18:13,18:13,15,0,0,HAVANA STREET 2800 BLOCK SOUTH & YALE AVENUE EAST,1,3,0,0,1,4,,0,35,0,0,0,0,0,2,3,13
,2019-30739,39.667528,-104.866133,3/2/2019 5:38,5:38,12,0,0,HAVANA STREET SOUTH & YALE AVENUE EAST,1,3,1,0,1,1,,0,45,0,0,0,0,0,2,2,13
,2019-30740,39.667528,-104.866133,5/28/2019 15:20,15:20,15,0,0,HAVANA STREET SOUTH & YALE AVENUE EAST,1,1,0,0,1,1,,0,35,0,0,0,0,0,2,2,3
,2019-30741,39.667528,-104.866133,7/25/2019 7:28,7:28,1,0,0,HAVANA STREET SOUTH & YALE AVENUE EAST,1,1,1,0,1,1,,0,45,0,0,0,0,0,2,2,14
,2019-30742,39.667939,-104.866122,5/18/2019 14:15,14:15,15,0,0,HAVANA STREET SOUTH & YALE AVENUE EAST,1,1,0,0,1,4,,0,45,0,0,0,0,0,2,2,7
,2019-30743,39.668213,-104.866115,6/15/2019 15:47,15:47,10,0,0,HAVANA STREET SOUTH & YALE AVENUE EAST,1,1,0,0,1,2,,0,40,0,0,0,0,0,2,2,14
,2019-30744,39.670335,-104.866059,3/29/2019 12:04,12:04,12,0,0,HAVANA STREET SOUTH V2500 BLOCK & PARKER ROAD SOUTHBOUND ON RAMP,1,1,0,0,1,4,,0,45,0,0,0,0,0,2,2,1
,2019-30745,39.670683,-104.866051,6/19/2019 12:49,12:49,12,0,0,HAVANA STREET 2500 BLOCK SOUTH & PARKER ROAD SOUTH,1,1,0,0,1,3,,0,45,0,0,0,0,0,2,2,13
,2019-30746,39.670857,-104.866047,1/7/2019 12:01,12:01,12,0,0,HAVANA STREET 2500 BLOCK SOUTH & PARKER ROAD SOUTH,1,1,0,0,1,3,,0,35,0,0,0,0,0,2,2,13
,2019-30747,39.670857,-104.866047,2/25/2019 9:50,9:50,12,0,1,PARKER ROAD & HAVANA STREET SOUTH,1,1,0,0,1,1,,0,40,0,0,0,0,1,2,3,13
,2019-30748,39.670857,-104.866047,10/19/2019 5:40,5:40,12,0,0,HAVANA STREET SOUTH & PARKER ROAD SOUTH,1,3,1,0,1,1,,0,45,0,0,0,0,0,2,2,1
,2019-30749,39.670857,-104.866047,11/10/2019 23:30,23:30,3,0,0,HAVANA STREET SOUTH & PARKER ROAD SOUTH,2,3,1,1,1,1,,0,35,0,0,0,0,0,2,2,13
,2019-30753,39.670951,-104.866055,6/3/2019 21:23,21:23,3,0,2,HAVANA STREET SOUTH & PARKER ROAD SOUTH,1,4,0,0,1,1,,0,45,0,0,0,0,1,2,2,14
,2019-3081,39.783609,-104.791392,2/19/2019 14:28,14:28,12,0,1,PENA BOULEVARD NORTHBOUND RAMP & GREEN VALLEY RANCH BOULEVARD EAST,1,1,0,0,1,1,,0,35,0,0,0,0,1,4,2,3
,2019-3083,39.783609,-104.791392,4/3/2019 16:02,16:02,12,0,1,PENA BOULEVARD & GREEN VALLEY RANCH BOULEVARD EAST,1,1,1,0,1,1,,0,55,0,0,0,1,1,4,2,13
,2019-3086,39.783609,-104.791392,5/11/2019 10:50,10:50,12,0,0,PENA BOULEVARD INBOUND & GREEN VALLEY RANCH BOULEVARD EAST,1,1,1,0,1,1,,0,25,0,0,0,0,0,4,2,13
,2019-3088,39.783609,-104.791392,8/14/2019 21:45,21:45,12,0,1,PENA BOULEVARD OFF RAMP & GREEN VALLEY RANCH BOULEVARD EAST,1,3,0,0,1,1,,0,35,0,0,0,0,1,4,2,13
,2019-30892,39.778742,-104.903404,6/10/2019 14:19,14:19,9,0,0,NORTHFIELD QUEBEC STREET NORTH & I70,1,1,0,0,3,4,,0,35,0,0,0,0,0,2,1,5
,2019-3091,39.79845,-104.762772,3/1/2019 8:00,8:00,13,0,0,56TH AVENUE EAST & DUNKIRK STREET NORTH,1,1,0,0,1,1,,0,35,0,0,0,0,0,4,2,13
,2019-3092,39.711348,-104.9035005,11/1/2019 18:30,18:30,3,0,2,QUEBEC STREET SOUTH  & 1050 SOUTH QUEBEC STREET,1,2,0,0,1,1,,0,,0,0,0,0,1,4,2,13
,2019-30920,39.75372,-104.98635,6/12/2019 14:49,14:49,15,0,1,PARK AVENUE WEST & CURTIS STREET,1,1,0,0,1,1,,0,30,0,0,0,0,1,4,2,13
,2019-3100,39.833469,-104.692932,3/16/2019 16:15,16:15,5,0,1,PENA BOULEVARD INBOUND & JACKSON GAP STREET NORTH / 7600 BLOCK,10,1,1,0,2,4,,0,35,0,0,0,0,1,4,1,13
,2019-31044,39.74002,-104.981157,10/17/2019 2:33,2:33,6,0,0,COLFAX AVENUE 400 BLOCK EAST & PENNSYLVANIA STREET NORTH,1,3,0,0,1,4,,0,,0,0,0,0,0,2,2,13
,2019-31054,39.759426,-104.993739,3/16/2019 12:34,12:34,15,0,0,PARK AVENUE WEST & DELGANY STREET,1,1,0,0,1,1,,0,30,0,0,0,0,0,4,2,8
,2019-31067,39.759426,-104.993739,7/12/2019 21:15,21:15,12,0,0,PARK AVENUE WEST & DELGANY STREET,1,3,1,0,1,1,,0,35,0,0,0,0,0,4,2,13
,2019-3111,39.833469,-104.692932,3/27/2019 8:18,8:18,12,0,0,PENA BOULEVARD OFF RAMP & JACKSON GAP STREET NORTH,1,1,0,0,1,1,,0,25,0,0,0,0,0,4,2,13
,2019-3113,39.833469,-104.692932,7/3/2019 21:45,21:45,12,0,0,PENA BOULEVARD & JACKSON GAP ROAD NORTH,1,3,0,0,1,1,,0,25,0,0,0,0,0,4,2,13
,2019-3114,39.833388,-104.771979,1/11/2019 3:52,3:52,5,0,0,PENA BOULEVARD 7100 BLOCK & TOWER ROAD,1,3,0,0,2,4,,0,65,0,0,0,0,0,4,1,2
,2019-3118,39.833388,-104.771979,3/2/2019 10:45,10:45,5,0,0,PENA BOULEVARD & TOWER ROAD NORTH,1,1,0,0,2,1,,0,45,0,0,0,0,0,4,1,5
,2019-3121,39.732093,-105.00282,5/8/2019 20:24,20:24,5,0,0,10TH AVENUE WEST & MARIPOSA STREET NORTH,2,3,0,1,2,1,,0,30,0,0,0,0,0,4,1,13
,2019-3122,39.732858,-104.902038,9/4/2019 13:10,13:10,1,0,1,11TH AVENUE EAST & QUINCE STREET NORTH,1,1,0,0,1,1,,0,25,0,0,0,0,1,4,2,7
,2019-3123,39.736845,-104.9873715,5/23/2019 18:55,18:55,6,0,0,13TH AVENUE & 1150 13TH STREET,1,1,0,0,1,5,,0,25,0,0,0,0,0,4,2,13
,2019-3124,39.790674,-104.82462,11/10/2019 4:07,4:07,5,0,0,52ND AVENUE EAST & CROWN BOULEVARD NORTH,1,3,0,0,2,1,,0,25,0,0,0,0,0,4,1,13
,2019-3125,39.736881,-105.0001785,9/24/2019 7:30,7:30,3,0,0,13TH AVENUE & KALAMATH STREET NORTH,1,1,0,0,1,1,,0,25,0,0,0,0,0,4,2,14
,2019-3126,39.74598,-104.998068,2/1/2019 12:23,12:23,3,0,0,14TH STREET & ARAPAHOE STREET,1,1,0,0,1,1,,0,25,0,0,0,0,0,4,2,14
,2019-31260,39.711187,-105.039623,2/22/2019 16:33,16:33,5,0,0,ALAMEDA AVENUE WEST & PERRY STREET SOUTH,2,1,0,2,3,1,,0,,0,0,0,1,0,2,1,13
,2019-31263,39.776519,-104.903414,8/9/2019 10:30,10:30,15,0,0,QUEBEC STREET NORTH & I70 EASTBOUND ON/OFF SLIP RAMPS,1,1,1,0,1,4,,0,35,0,0,0,0,0,2,2,13
,2019-31264,39.776593,-104.903445,12/12/2019 16:08,16:08,12,0,0,QUEBEC STREET NORTH & I70 EASTBOUND OFF RAMP SLIP GORE POINT,1,1,1,0,1,4,,0,,0,0,0,0,0,2,2,13
,2019-31265,39.777234,-104.903406,10/15/2019 15:10,15:10,15,0,0,QUEBEC STREET NORTH & I70 EASTBOUND ON RAMP,1,1,0,0,1,3,,0,35,0,0,0,0,0,2,2,13
,2019-31266,39.777393,-104.903402,1/21/2019 2:15,2:15,3,0,0,QUEBEC STREET NORTH & I70 EASTBOUND RAMPS,1,3,0,0,1,1,,0,45,0,0,0,0,0,2,2,2
,2019-31267,39.777393,-104.903402,3/20/2019 7:56,7:56,15,0,0,QUEBEC STREET NORTH & I70 EASTBOUND ON RAMP,1,1,1,0,1,1,,0,35,0,0,0,0,0,2,2,7
,2019-31268,39.777393,-104.903402,3/20/2019 10:35,10:35,12,0,2,NORTHFIELD QUEBEC STREET NORTH & I70 EASTBOUND OFF RAMP,1,1,2,0,1,1,,0,40,0,0,0,0,1,2,2,13
,2019-31269,39.777393,-104.903402,4/18/2019 22:11,22:11,1,0,1,NORTHFIELD QUEBEC STREET NORTH & I70 EASTBOUND ON RAMP,1,2,1,0,1,1,,0,40,0,0,0,0,1,2,3,7
,2019-3127,39.74891237,-104.9994827,12/18/2019 19:04,19:04,6,0,0,15TH STREET & 2376 BLOCK,1,3,1,0,6,8,,0,,0,0,0,0,0,3,2,13
,2019-31270,39.777393,-104.903402,5/8/2019 7:25,7:25,12,0,0,QUEBEC STREET NORTH & I70 EASTBOUND RAMPS,2,1,1,1,1,1,,0,35,0,0,0,0,0,2,2,13
,2019-31271,39.777393,-104.903402,5/9/2019 8:50,8:50,15,0,0,QUEBEC STREET NORTH & I70 EASTBOUND ON RAMP,2,1,1,1,1,1,,0,35,0,0,0,0,0,2,2,14
,2019-31273,39.777393,-104.903402,6/14/2019 22:30,22:30,1,0,1,QUEBEC STREET NORTH & I70 EASTBOUND RAMPS,1,3,1,0,1,1,,0,45,0,0,0,0,2,2,2,3
,2019-31274,39.777393,-104.903402,6/18/2019 11:51,11:51,12,0,0,QUEBEC STREET NORTH & I70,1,1,0,0,1,4,,0,45,0,0,0,0,0,2,3,1
,2019-31275,39.777393,-104.903402,7/15/2019 14:41,14:41,12,0,0,NORTHFIELD QUEBEC STREET NORTH & I70 EASTBOUND ON RAMP,1,1,1,0,1,1,,0,40,0,0,0,0,0,2,2,13
,2019-31276,39.777393,-104.903402,7/31/2019 17:00,17:00,1,0,0,HIGHWAY 35 / QUEBEC STREET NORTH & I70 EASTBOUND RAMPS,1,1,0,1,1,1,,0,35,0,0,0,1,0,2,3,1
,2019-31277,39.777393,-104.903402,8/20/2019 17:12,17:12,15,0,0,HIGHWAY 35 / QUEBEC STREET NORTH & I70 EASTBOUND OFF RAMP,1,1,0,0,1,1,,0,35,0,0,0,0,0,2,2,13
,2019-31278,39.777393,-104.903402,11/15/2019 13:31,13:31,12,0,0,QUEBEC STREET NORTH & I70 EASTBOUND RAMPS,1,1,1,0,1,1,,0,40,0,0,0,0,0,2,3,1
,2019-31279,39.777393,-104.903402,11/26/2019 13:44,13:44,15,0,0,I70 EASTBOUND ON RAMP & QUEBEC STREET NORTH,6,2,0,0,1,4,,0,55,0,0,0,0,0,2,2,13
,2019-31280,39.777546,-104.903402,5/6/2019 11:30,11:30,15,0,0,NORTHFIELD QUEBEC STREET NORTH & I70 EASTBOUND ON RAMP / 4500 BLOCK NORTH,1,1,1,0,1,4,,0,45,0,0,0,0,0,2,2,13
,2019-31281,39.777546,-104.903402,7/29/2019 9:43,9:43,14,0,0,QUEBEC STREET / NORTHFIELD NORTH & I70 EASTBOUND RAMPS,1,1,0,0,1,3,,0,45,0,0,0,0,0,2,2,1
,2019-31282,39.777546,-104.903402,9/23/2019 9:55,9:55,12,0,0,QUEBEC STREET NORTH & I70 EASTBOUND RAMPS,1,1,0,0,1,3,,0,35,0,0,0,0,0,2,2,13
,2019-31283,39.777546,-104.903402,9/26/2019 6:38,6:38,15,0,0,QUEBEC STREET NORTH & I70 EASTBOUND OFF RAMP,1,2,1,0,1,3,,0,35,0,0,0,0,0,2,2,14
,2019-31284,39.777546,-104.903402,11/27/2019 21:22,21:22,8,0,1,NORTHFIELD QUEBEC STREET & I70 EASTBOUND RAMPS,4,3,0,0,5,4,,0,,0,0,0,0,1,2,2,13
,2019-31285,39.7777,-104.903403,6/14/2019 21:40,21:40,12,0,0,NORTHFIELD QUEBEC STREET NORTH & I70 EASTBOUND RAMPS,1,3,0,0,1,4,,0,45,0,0,0,0,0,2,2,3
,2019-31286,39.7777,-104.903403,8/12/2019 15:30,15:30,15,0,0,QUEBEC STREET / NORTHFIELD NORTH & I70,1,1,1,0,1,4,,0,45,0,0,0,0,0,2,2,13
,2019-31287,39.7777,-104.903403,8/16/2019 15:55,15:55,15,0,0,QUEBEC STREET / NORTHFIELD NORTH & I70 EASTBOUND RAMPS,1,1,0,0,1,4,,0,35,0,0,0,0,0,2,2,1
,2019-31288,39.778006,-104.903404,11/8/2019 12:00,12:00,12,0,2,QUEBEC STREET NORTH & SAND CREEK ROAD,1,1,1,0,1,4,,0,45,0,0,0,0,1,2,3,3
,2019-31289,39.778312,-104.903406,1/21/2019 15:46,15:46,15,0,0,QUEBEC STREET NORTH & I70,1,1,1,0,1,4,,0,45,0,0,0,0,0,2,2,8
,2019-3129,39.76312069,-104.902749,3/8/2019 7:21,7:21,12,0,0,QUEBEC STREET & 1100 BLOCK NORTH,1,1,0,0,1,4,,0,35,0,0,0,0,0,4,2,3
,2019-31290,39.778312,-104.903406,5/14/2019 14:02,14:02,12,0,0,QUEBEC STREET NORTH & I70,1,1,1,0,1,4,,0,30,0,0,0,0,0,2,2,13
,2019-31291,39.778312,-104.903406,10/21/2019 13:20,13:20,12,0,0,NORTHFIELD QUEBEC STREET & I70,1,1,0,0,1,4,,0,35,0,0,0,0,0,2,2,1
,2019-31292,39.778312,-104.903406,10/29/2019 10:05,10:05,14,0,0,QUEBEC STREET NORTH & I70,4,1,1,2,1,4,,0,35,0,0,0,0,0,2,2,13
,2019-31293,39.778312,-104.903406,11/19/2019 17:00,17:00,12,0,0,QUEBEC STREET NORTH & I70,4,2,0,2,1,4,,0,35,0,0,0,0,0,2,4,13
,2019-31294,39.779169,-104.903401,3/15/2019 6:40,6:40,15,0,0,NORTHFIELD QUEBEC STREET & I270 WB OFF RAMP,1,1,0,0,1,4,,0,55,0,0,0,0,0,2,2,14
,2019-31295,39.779169,-104.903401,8/22/2019 18:37,18:37,1,0,0,QUEBEC STREET / NORTHFIELD NORTH & I70 WB RAMPS,1,1,1,0,1,4,,0,35,0,0,0,0,0,2,2,12
,2019-31297,39.779169,-104.903401,9/3/2019 11:15,11:15,12,0,0,HIGHWAY 35 / QUEBEC STREET NORTH & I70,1,1,0,0,1,4,,0,35,0,0,0,0,0,2,2,13
,2019-31298,39.779169,-104.903401,10/18/2019 7:16,7:16,15,0,0,NORTHFIELD QUEBEC STREET & I70 WB RAMPS,1,1,1,0,1,4,,0,45,0,0,0,0,0,2,2,13
,2019-31299,39.779316,-104.903391,2/11/2019 6:53,6:53,15,0,0,QUEBEC STREET & I70 WB RAMPS,1,1,1,0,1,1,,0,35,0,0,0,0,0,2,2,14
,2019-31300,39.779316,-104.903391,4/8/2019 11:26,11:26,3,0,0,I70 WB OFF RAMP & NORTHFIELD OUEBEC STREET,1,1,0,0,1,1,,0,35,0,0,0,0,0,2,2,1
,2019-31301,39.779316,-104.903391,4/29/2019 7:25,7:25,12,0,0,QUEBEC STREET NORTH & I70 WB RAMPS,1,1,1,0,1,1,,0,35,0,0,0,0,0,2,2,13
,2019-31302,39.779316,-104.903391,8/7/2019 12:45,12:45,15,0,0,QUEBEC STREET / NORTHFIELD NORTH & I70 WB ON RAMP,1,1,0,0,1,1,,0,45,0,0,0,0,0,2,2,13
,2019-31303,39.779316,-104.903391,8/23/2019 10:27,10:27,15,0,0,QUEBEC STREET / NORTHFIELD NORTH & I70 WB ON RAMP,1,1,0,0,1,1,,0,45,0,0,0,0,0,2,2,13
,2019-31304,39.779316,-104.903391,9/4/2019 12:27,12:27,10,0,0,HIGHWAY 35 / QUEBEC STREET NORTH & I70 WB OFF RAMP,1,1,0,0,1,1,,1,55,0,0,0,0,0,2,2,8