id,drcog_id,latitude,longitude,crashtime,time,crashtype,numbkilled,numbinjurd,drcoglocat,rdconditin,lightngcon,roadcntgrd,weatherco,location,roaddescrp,schoolzone,constrzone,splimit,bikeinv,sctrinv,pedinv,motoinv,svrty,rdsystem,ttlvehcls,hcf
,2019-31305,39.779316,-104.903391,11/9/2019 13:51,13:51,3,0,0,QUEBEC STREET NORTH & I70 WB OFF RAMP,1,1,0,0,1,1,,0,35,0,0,0,0,0,2,3,13
,2019-31306,39.779506,-104.903351,7/25/2019 11:56,11:56,15,0,0,QUEBEC STREET / NORTHFIELD NORTH & I70 WB RAMPS,1,1,0,0,1,4,,0,45,0,0,0,0,0,2,3,13
,2019-31307,39.779883,-104.903245,1/24/2019 8:15,8:15,15,0,0,QUEBEC STREET & 4500 BLOCK NORTH,5,1,0,2,1,4,,0,,0,0,0,0,0,2,2,13
,2019-31308,39.779883,-104.903245,6/13/2019 10:23,10:23,15,0,0,QUEBEC STREET & 4500 BLOCK NORTH,1,1,1,0,1,4,,0,35,0,0,0,0,0,2,2,13
,2019-31309,39.780749,-104.902735,1/25/2019 13:05,13:05,15,0,0,QUEBEC STREET & SANDCREEK DRIVE SOUTH / 4600 BLOCK NORTH,1,1,1,0,1,4,,0,,0,0,0,0,0,2,2,13
,2019-3131,39.744819,-104.972139,3/26/2019 22:28,22:28,10,0,0,18TH AVENUE EAST & MARION STREET NORTH,1,3,0,0,1,1,,0,25,0,0,0,0,0,4,2,13
,2019-31310,39.781375,-104.902153,9/5/2019 7:16,7:16,12,0,0,QUEBEC STREET 4500 BLOCK NORTH & SANDCREEK DRIVE SOUTH,1,2,0,0,1,3,,0,45,0,0,0,0,0,2,2,13
,2019-31311,39.781515,-104.902017,1/18/2019 19:16,19:16,15,0,0,QUEBEC STREET 4600 NORTH & SANDCREEK DRIVE SOUTH,1,3,0,0,1,4,,0,35,0,0,0,0,0,2,2,13
,2019-31312,39.781515,-104.902017,8/31/2019 12:20,12:20,15,0,0,NORTHFIELD NORTH & SANDCREEK DRIVE SOUTH,1,1,1,0,1,3,,0,40,0,0,0,0,0,2,2,7
,2019-31313,39.781736,-104.901819,7/15/2019 10:32,10:32,15,0,0,NORTHFIELD QUEBEC STREET NORTH & SANDCREEK ROAD NORTH,1,1,0,0,1,4,,0,45,0,0,0,0,0,2,2,13
,2019-31314,39.781736,-104.901819,9/3/2019 11:48,11:48,12,0,0,QUEBEC STREET NORTH & SANDCREEK BOULEVARD EAST,1,1,0,0,1,4,,0,45,0,0,0,0,0,2,2,13
,2019-31315,39.781736,-104.901819,10/11/2019 13:20,13:20,12,0,0,NORTHFIELD QUEBEC STREET & SAND CREEK ROAD NORTH,1,1,1,0,1,3,,0,35,0,0,0,0,0,2,2,3
,2019-31316,39.781847,-104.90172,6/29/2019 11:30,11:30,15,0,0,NORTHFIELD QUEBEC STREET NORTH & SAND CREEK ROAD NORTH,1,1,1,0,1,3,,0,45,0,0,0,0,0,2,3,7
,2019-31317,39.781847,-104.90172,7/15/2019 7:42,7:42,12,0,0,QUEBEC STREET NORTH 4600 BLOCK & SANDCREEK DRIVE SOUTH,1,1,0,0,1,4,,0,40,0,0,0,0,0,2,2,13
,2019-31318,39.781956,-104.901623,2/19/2019 8:43,8:43,3,0,0,SAND CREEK ROAD NORTH & NORTHFIELD QUEBEC NORTH,2,1,0,0,1,1,,0,40,0,0,0,0,0,2,4,1
,2019-31319,39.781956,-104.901623,6/6/2019 18:42,18:42,15,0,0,QUEBEC STREET NORTH & SANDCREEK ROAD SOUTH,1,1,0,0,1,1,,0,35,0,0,0,0,0,2,2,8
,2019-31320,39.781956,-104.901623,9/11/2019 12:53,12:53,15,0,0,HIGHWAY 35 / QUEBEC STREET NORTH & SAND CREEK DRIVE,1,1,1,0,1,1,,0,30,0,0,0,0,0,2,2,13
,2019-31322,39.781956,-104.901623,11/15/2019 14:12,14:12,12,0,0,QUEBEC STREET 4500 BLOCK NORTH & SANDCREEK DRIVE,1,1,0,0,1,3,,0,35,0,0,0,0,0,2,2,13
,2019-31323,39.782162,-104.901459,11/18/2019 8:52,8:52,15,0,0,QUEBEC STREET NORTH & SANDCREEK DRIVE SOUTH,1,1,1,0,1,3,,0,35,0,0,0,0,0,2,2,5
,2019-31324,39.782947,-104.900747,4/23/2019 12:24,12:24,12,0,0,QUEBEC STREET NORTH & I270 WB ON RAMP,1,1,1,0,1,4,,0,45,0,0,0,0,0,2,2,7
,2019-31325,39.78318,-104.900515,4/5/2019 14:23,14:23,12,0,0,NORTHFIELD QUEBEC STREET NORTH & I270,1,1,1,0,1,4,,0,35,0,0,0,0,0,2,2,7
,2019-31327,39.783445,-104.90026,8/9/2019 17:20,17:20,15,0,0,QUEBEC STREET / NORTHFIELD NORTH & I270 WB/NB ON RAMP,1,1,1,0,1,3,,0,40,0,0,0,0,0,2,2,13
,2019-31328,39.78358,-104.900137,2/25/2019 18:16,18:16,12,0,0,NORTHFIELD QUEBEC STREET NORTH & I270 WB ON RAMP,1,3,1,0,1,1,,0,35,0,0,0,0,0,2,2,13
,2019-31329,39.78358,-104.900137,4/23/2019 7:55,7:55,1,0,0,QUEBEC STREET NORTH & I270 WB ON RAMP,1,1,1,0,1,1,,0,35,0,0,0,0,0,2,2,3
,2019-3133,39.784698,-105.0239385,9/9/2019 9:14,9:14,5,0,0,48TH AVENUE WEST & ELIOT STREET NORTH,1,1,1,0,3,1,,0,25,0,0,0,0,0,4,1,7
,2019-31330,39.783718,-104.900021,2/9/2019 14:20,14:20,12,0,0,NORTHFIELD QUEBEC STREET & I270 WB ON RAMP,1,1,0,0,1,4,,0,45,0,0,0,0,0,2,2,1
,2019-31331,39.78415,-104.899718,11/6/2019 1:05,1:05,5,0,0,QUEBEC STREET NORTH & NORTHFIELD BOULEVARD EAST,1,3,0,0,3,4,,0,45,0,0,0,0,0,2,1,5
,2019-31332,39.784462,-104.899591,2/22/2019 18:46,18:46,15,0,0,HIGHWAY 35 NORTHBOUND EXIT GORE POINT TO & NORTHFIELD BOULEVARD EAST,4,3,1,2,1,4,,0,35,0,0,0,0,0,2,2,13
,2019-31333,39.785534,-104.89964,3/3/2019 15:56,15:56,12,0,0,QUEBEC STREET SOUTHBOUND ON RAMP & 49TH AVENUE EAST / NORTHFIELD BOULEVARD,4,1,0,2,1,1,,0,40,0,0,0,0,0,2,2,7
,2019-31334,39.785533,-104.899664,6/24/2019 20:07,20:07,15,0,0,HIGHWAY 35 / QUEBEC STREET & NORTHFIELD BOULEVARD / 49TH AVENUE EAST,1,1,1,0,1,1,,0,25,0,0,0,0,0,2,2,13
,2019-31335,39.785534,-104.89964,10/10/2019 7:15,7:15,12,0,0,NORTHFIELD BOULEVARD EAST / 49TH AVENUE EAST & QUEBEC STREET NORTH,5,1,1,2,5,1,,0,35,0,0,0,0,0,2,4,14
,2019-31336,39.789462,-104.903305,5/28/2019 12:30,12:30,3,0,0,QUEBEC STREET & 53RD AVENUE EAST / 5100 BLOCK NORTH,1,1,0,0,1,2,,0,40,0,0,0,0,0,2,2,7
,2019-31337,39.790243,-104.903311,4/1/2019 10:20,10:20,12,0,0,QUEBEC STREET & 5101 NORTH,1,1,0,0,1,2,,0,40,0,0,0,0,0,2,2,13
,2019-31338,39.793501,-104.903378,4/5/2019 14:00,14:00,12,0,0,QUEBEC STREET & 53RD PLACE,1,1,0,0,1,1,,0,40,0,0,0,0,0,2,2,13
,2019-31339,39.790243,-104.903311,5/10/2019 17:36,17:36,3,0,0,QUEBEC STREET NORTH & 5101 NORTH,1,1,0,0,1,2,,0,40,0,0,0,0,0,2,2,6
,2019-3134,39.833388,-104.771979,9/1/2019 6:21,6:21,12,0,1,PENA BOULEVARD & TOWER ROAD NORTH,1,1,0,0,1,3,,0,45,0,0,0,0,1,4,2,13
,2019-31340,39.790555,-104.903314,12/2/2019 19:06,19:06,5,0,0,QUEBEC STREET NORTH & 53RD PLACE EAST,2,2,0,0,1,4,,0,40,0,0,0,0,0,2,2,13
,2019-31341,39.79184,-104.903323,8/25/2019 20:05,20:05,12,0,1,QUEBEC STREET 5200 BLOCK NORTH & 53RD PLACE EAST,1,3,0,0,1,4,,0,40,0,0,0,0,1,2,2,13
,2019-31342,39.792008,-104.903324,1/17/2019 19:03,19:03,1,0,0,QUEBEC STREET & 53RD PLACE EAST / 5200 BLOCK NORTH,1,3,0,0,1,2,,0,25,0,0,0,0,0,2,2,14
,2019-31343,39.792008,-104.903324,3/27/2019 23:25,23:25,15,0,1,QUEBEC STREET NORTH & 53RD AVENUE EAST,1,3,0,0,1,4,,0,30,0,0,0,0,1,2,2,13
,2019-31344,39.793179,-104.903333,12/17/2019 9:35,9:35,15,0,0,QUEBEC STREET & 53RD PLACE EAST / 5200 BLOCK NORTH,1,1,0,0,1,4,,0,45,0,0,0,0,0,2,2,13
,2019-31345,39.793346,-104.903334,4/1/2019 15:48,15:48,15,0,0,QUEBEC STREET NORTH & 53RD AVENUE EAST,1,1,0,0,1,3,,0,35,0,0,0,0,0,2,2,14
,2019-31346,39.793346,-104.903334,7/31/2019 15:52,15:52,15,0,2,QUEBEC STREET & 53RD PLACE EAST,1,1,0,0,1,3,,0,40,0,0,0,0,1,2,2,13
,2019-31347,39.793346,-104.903334,9/25/2019 18:56,18:56,12,0,0,QUEBEC STREET NORTH & 53RD PLACE EAST,1,3,0,0,1,3,,0,35,0,0,0,0,0,2,2,13
,2019-31348,39.793501,-104.903378,3/4/2019 12:10,12:10,12,0,2,QUEBEC STREET NORTH & 53RD PLACE EAST,1,1,0,0,1,1,,0,40,0,0,0,0,2,2,2,5
,2019-31349,39.793501,-104.903378,3/23/2019 20:22,20:22,1,0,1,53RD PLACE EAST & QUEBEC STREET NORTH,1,3,0,0,1,1,,0,40,0,0,0,0,1,2,2,7
,2019-3135,39.764223,-104.9806237,2/19/2019 1:00,1:00,6,0,0,31ST STREET & 400 BLOCK,1,3,0,0,1,4,,0,25,0,0,0,0,0,4,2,3
,2019-31350,39.793501,-104.903378,3/26/2019 8:05,8:05,12,0,0,QUEBEC STREET NORTH & 53RD PLACE EAST,1,1,0,0,1,3,,0,45,0,0,0,1,0,2,2,13
,2019-31351,39.793501,-104.903378,7/3/2019 6:19,6:19,1,0,1,QUEBEC STREET NORTH & 53RD PLACE EAST,1,2,0,0,1,1,,0,40,0,0,0,0,1,2,2,13
,2019-31352,39.793501,-104.903378,9/12/2019 19:00,19:00,1,0,0,QUEBEC STREET NORTH & 53RD PLACE EAST,1,2,0,0,1,1,,0,45,0,0,0,0,0,2,2,13
,2019-31353,39.793501,-104.903378,10/7/2019 21:20,21:20,3,0,0,QUEBEC STREET NORTH & 53RD PLACE EAST,1,3,0,0,1,1,,0,45,0,0,0,0,0,2,2,1
,2019-31354,39.793501,-104.903378,10/18/2019 8:43,8:43,1,0,0,QUEBEC STREET NORTH & 53RD PLACE EAST,1,1,0,0,1,1,,0,45,0,0,0,0,0,2,2,13
,2019-31355,39.793501,-104.903378,11/8/2019 14:19,14:19,1,0,0,53RD PLACE EAST & QUEBEC STREET NORTH,1,1,0,0,1,1,,0,40,0,0,0,0,0,2,2,1
,2019-3136,39.833388,-104.771979,12/25/2019 17:00,17:00,12,0,1,PENA BOULEVARD & TOWER ROAD NORTH,1,3,1,0,1,1,,0,55,0,0,0,0,1,4,3,5
,2019-3137,39.716532,-104.9814585,9/26/2019 2:17,2:17,6,0,0,PENNSYLVANIA STREET SOUTH & 1409 SOUTH PENNSYLVANIA STREET,1,4,0,0,1,4,,0,25,0,0,0,0,0,4,2,13
,2019-3138,39.718341,-104.981463,4/17/2019 16:45,16:45,3,0,0,PENNSYLVANIA STREET NORTH & FIRST AVENUE EAST,1,1,0,0,1,1,,0,25,0,0,0,0,0,4,2,13
,2019-3139,39.732093,-105.00282,2/11/2019 22:34,22:34,5,0,0,10TH AVENUE WEST & MARIPOSA STREET NORTH,1,4,0,0,3,1,,0,30,0,0,0,0,0,4,1,5
,2019-3140,39.716532,-104.97339,6/28/2019 23:00,23:00,6,0,0,DOWNING STREET SOUTH & 3 SOUTH DOWNING STREET,1,3,0,0,1,4,,0,30,0,0,0,0,0,4,6,5
,2019-3141,39.794238,-104.798331,10/2/2019 10:54,10:54,5,0,0,55TH AVENUE EAST & LEWISTON STREET NORTH,1,1,0,0,4,1,,0,25,0,0,0,0,0,4,2,15
,2019-3142,39.750255,-105.001182,10/23/2019 22:45,22:45,5,0,0,15TH STREET & WAZEE STREET,4,3,0,2,3,1,,0,30,0,0,0,0,0,4,1,13
,2019-3143,39.793473,-104.819049,12/14/2019 20:22,20:22,6,0,0,PENSACOLA DRIVE EAST & CRYSTAL WAY NORTH,1,3,0,0,1,3,,0,25,0,0,0,0,0,4,2,14
,2019-3144,39.794661,-104.802588,12/6/2019 8:15,8:15,3,0,1,PENSACOLA DRIVE NORTH & MAXWELL PLACE EAST,5,1,0,0,1,1,,0,25,0,0,0,0,1,4,2,13
,2019-3145,39.83797303,-104.7013979,7/28/2019 9:15,9:15,10,0,0,78TH AVENUE EAST & 25000 BLOCK EAST,1,1,0,0,1,4,,0,45,0,0,0,0,0,4,2,13
,2019-3146,39.7867618,-104.8469792,2/4/2019 17:27,17:27,15,0,0,PEORIA STREET & 3800 NORTH,1,3,0,0,1,4,,0,30,0,0,0,0,0,4,2,13
,2019-3147,39.752406,-104.9967405,3/8/2019 18:44,18:44,10,0,0,18TH STREET & BLAKE STREET,1,3,0,0,1,1,,0,30,0,0,0,0,0,4,2,13
,2019-3148,39.725631,-104.9787495,3/5/2019 14:14,14:14,3,0,0,SIXTH AVENUE EAST & WASHINGTON STREET NORTH,1,1,0,0,1,1,,0,35,0,0,0,0,0,4,2,3
,2019-3149,39.771072,-104.847039,11/20/2019 23:28,23:28,15,0,0,PEORIA STREET NORTH & 39TH AVENUE EAST,2,3,0,4,1,1,,0,35,0,0,0,0,0,4,2,8
,2019-3150,39.729069,-104.972949,5/26/2019 18:05,18:05,3,0,2,EIGHTH AVENUE EAST & DOWNING STREET NORTH,1,1,0,0,1,1,,0,,0,0,0,0,1,4,2,13
,2019-31501,39.738339,-104.947272,1/31/2019 15:58,15:58,10,0,0,14TH AVENUE EAST & COOK STREET NORTH,1,1,0,0,1,1,,0,35,0,0,0,0,0,4,2,8
,2019-3151,39.729078,-104.982399,7/31/2019 22:25,22:25,12,0,0,EIGHTH AVENUE EAST & LOGAN STREET NORTH,1,3,0,0,1,1,,0,25,0,0,0,0,0,4,2,13
,2019-3152,39.7867618,-104.8469792,8/27/2019 8:48,8:48,3,0,0,PEORIA STREET NORTH & 4400 BLOCK NORTH,1,1,0,0,1,2,,0,35,0,0,0,0,0,4,2,13
,2019-3153,39.62585172,-104.9040342,6/3/2019 15:49,15:49,15,0,0,QUEBEC STREET SOUTH & 1100 BLOCK SOUTH,1,1,0,0,1,4,,0,30,0,0,0,0,0,4,2,3
,2019-3154,39.778911,-104.9498505,9/12/2019 14:57,14:57,1,0,0,45TH AVENUE EAST & STEELE STREET NORTH,1,1,0,0,1,1,,0,25,0,0,0,0,0,4,2,1
,2019-3155,39.717801,-104.950818,12/16/2019 13:10,13:10,3,0,0,FIRST AVENUE EAST & STEELE STREET NORTH,1,1,0,0,1,1,,0,30,0,0,0,0,0,4,2,13
,2019-3156,39.748779,-105.035778,1/15/2019 18:58,18:58,5,0,0,21ST AVENUE WEST & MEADE STREET NORTH,1,4,0,0,1,4,,0,25,0,0,0,0,0,4,1,13
,2019-3157,39.694761,-104.9901615,5/21/2019 14:25,14:25,6,0,0,ARIZONA AVENUE WEST & BANNOCK STREET SOUTH,1,1,0,0,1,3,,0,25,0,0,0,0,0,4,2,13
,2019-3158,39.745206,-105.009579,5/11/2019 13:27,13:27,12,0,0,AURARIA PARKWAY & SEVENTH STREET,1,1,1,0,1,1,,0,45,0,0,0,0,0,4,2,13
,2019-3159,39.771072,-104.847039,8/22/2019 16:59,16:59,1,0,0,PEORIA STREET NORTH & 4411 NORTH PEORIA STREET,1,1,0,0,1,2,,0,35,0,0,0,0,0,4,3,13
,2019-3160,39.77460621,-105.0334093,5/21/2019 7:00,7:00,6,0,0,KING STREET & 1000 BLOCK SOUTH,1,2,0,0,1,4,,0,,0,0,0,0,0,4,2,13
,2019-3161,39.776859,-104.8469535,4/12/2019 6:15,6:15,1,0,0,PEORIA STREET NORTH & 44TH AVENUE EAST,1,1,0,4,1,1,,0,35,0,0,0,0,0,4,2,13
,2019-3162,39.748896,-104.9874525,11/27/2019 15:00,15:00,12,0,0,BROADWAY STREET & 20TH STREET,4,1,0,0,1,1,,0,30,0,0,0,0,0,4,2,13
,2019-3163,39.766662,-104.9765805,5/1/2019 14:30,14:30,5,0,0,34TH STREET & WALNUT STREET,1,1,0,0,1,1,,0,30,0,0,0,0,0,4,1,13
,2019-3164,39.7769163,-104.8468917,5/10/2019 16:14,16:14,1,0,0,PEORIA STREET 4400 BLOCK NORTH & 44TH AVENUE EAST,1,1,0,0,1,1,,0,40,0,0,0,0,0,4,2,13
,2019-3165,39.776859,-104.8469535,9/17/2019 15:37,15:37,1,0,1,PEORIA STREET NORTH & 44TH AVENUE EAST,1,1,0,0,1,1,,0,45,0,0,0,0,1,4,2,13
,2019-3166,39.767391,-104.902533,6/30/2019 18:35,18:35,12,0,0,36TH AVENUE EAST & QUEBEC STREET NORTH,1,1,0,0,1,1,,0,25,0,0,0,0,0,4,2,13
,2019-3167,39.764484,-104.9597685,5/3/2019 6:10,6:10,5,0,0,BRUCE RANDOLPH AVENUE EAST & YORK STREET NORTH,1,2,0,0,3,1,,0,30,0,0,0,0,0,4,1,13
,2019-3168,39.6927,-104.9769495,1/22/2019 8:55,8:55,5,0,0,BUCHTEL BOULEVARD EAST & EMERSON STREET SOUTH,2,1,0,0,3,1,,0,35,0,0,0,0,0,4,1,1
,2019-3169,39.75423538,-104.9804689,4/15/2019 14:22,14:22,6,0,0,CALIFORNIA STREET & 2400 BLOCK,1,1,0,0,1,4,,0,,0,0,0,0,0,4,2,13
,2019-3170,39.776859,-104.8469535,9/21/2019 15:13,15:13,1,0,3,PEORIA STREET NORTH & 44TH AVENUE EAST,1,1,0,0,1,1,,0,35,0,0,0,0,1,4,2,13
,2019-3171,39.712941,-104.9827815,10/30/2019 9:01,9:01,3,0,0,CEDAR AVENUE EAST & LOGAN STREET SOUTH,12,1,0,2,1,1,,0,30,0,0,0,0,0,4,2,13
,2019-3172,39.75640696,-104.9339065,3/20/2019 14:00,14:00,5,0,0,CHERRY CREEK & 3100 BLOCK,1,1,0,0,3,4,,0,,0,0,0,0,0,4,1,3
,2019-3173,39.793473,-104.819049,3/15/2019 14:42,14:42,6,0,0,CRYSTAL WAY NORTH & PENSACOLA DRIVE EAST,1,1,0,0,1,1,,0,,0,0,0,0,0,4,2,13
,2019-3174,39.776859,-104.8469535,12/2/2019 12:25,12:25,3,0,1,PEORIA STREET NORTH & 44TH AVENUE EAST,6,1,0,0,1,2,,0,40,0,0,0,0,1,4,2,7
,2019-3175,39.762369,-104.974713,6/11/2019 14:31,14:31,6,0,0,CURTIS STREET & 3224 CURTIS STREET,1,1,0,0,1,4,,0,25,0,0,0,0,0,4,2,9
,2019-3176,39.778047,-104.84712,1/21/2019 23:36,23:36,12,0,0,PEORIA STREET NORTH & 45TH AVENUE EAST,5,3,0,2,1,1,,0,40,0,0,0,0,0,4,2,13
,2019-3177,39.791412,-104.77512,8/23/2019 19:30,19:30,6,0,0,52ND AVENUE EAST & 14760 EAST 52ND AVENUE,1,2,0,0,1,4,,0,25,0,0,0,0,0,4,2,2
,2019-3178,39.778047,-104.84712,4/17/2019 6:05,6:05,10,0,0,PEORIA STREET NORTH & 45TH AVENUE EAST,1,2,0,0,1,1,,0,40,0,0,0,0,0,4,2,7
,2019-3179,39.683979,-104.9734485,1/30/2019 11:32,11:32,9,0,0,DOWNING STREET SOUTH & COLORADO AVENUE EAST,5,1,0,0,1,1,,0,,0,0,0,0,0,4,1,13
,2019-3180,39.778047,-104.84712,4/23/2019 5:20,5:20,12,0,0,PEORIA STREET NORTH & 45TH AVENUE EAST,1,4,0,0,1,1,,0,35,0,0,0,0,0,4,2,13
,2019-31806,39.759426,-104.993739,9/11/2019 22:00,22:00,10,0,0,PARK AVENUE WEST & DELGANY STREET NORTH,2,3,0,1,1,1,,0,35,0,0,0,0,0,4,2,8
,2019-3181,39.678498,-104.9875605,1/14/2019 11:10,11:10,12,0,0,EVANS AVENUE EAST & BROADWAY SOUTH,1,1,0,0,1,1,,0,35,0,0,0,0,0,4,2,13
,2019-3182,39.778047,-104.84712,8/14/2019 8:47,8:47,1,0,0,PEORIA STREET NORTH & 45TH AVENUE EAST,1,1,0,0,1,1,,0,35,0,0,0,0,0,4,2,1
,2019-3183,39.678507,-104.972283,6/11/2019 17:15,17:15,3,0,0,EVANS AVENUE EAST & MARION STREET SOUTH,1,1,0,0,1,1,,0,25,0,0,0,0,0,4,2,8
,2019-3184,39.778047,-104.84712,8/14/2019 13:04,13:04,3,0,0,PEORIA STREET NORTH & 45TH AVENUE EAST,1,1,0,0,1,1,,0,40,0,0,0,0,0,4,2,13
,2019-3185,39.778047,-104.84712,8/22/2019 7:41,7:41,3,0,0,PEORIA STREET NORTH & 45TH AVENUE EAST,1,2,0,0,1,1,,0,35,0,0,0,0,0,4,2,13
,2019-31857,39.759426,-104.993739,10/10/2019 7:52,7:52,12,0,0,PARK AVENUE WEST & DELGANY STREET,4,1,0,2,1,1,,0,25,0,0,0,0,0,4,2,14
,2019-3186,39.75526875,-104.9874333,2/3/2019 17:15,17:15,6,0,0,BROADWAY & 1400 BLOCK SOUTH,1,2,0,0,1,4,,0,35,0,0,0,0,0,4,3,5
,2019-3187,39.778047,-104.84712,10/30/2019 12:52,12:52,15,0,0,PEORIA STREET NORTH & 45TH AVENUE EAST,4,1,0,0,1,1,,0,25,0,0,0,0,0,4,2,14
,2019-31870,39.670866,-104.8660605,9/10/2019 17:20,17:20,12,0,0,HAVANA STREET SOUTH & PARKER ROAD SOUTH,1,1,1,0,1,3,,0,45,0,0,0,0,0,2,2,7
,2019-3188,39.725379,-105.005619,10/10/2019 20:20,20:20,5,0,0,SIXTH AVENUE WEST & OSAGE STREET NORTH,5,2,1,2,2,4,,0,50,0,0,0,0,0,4,1,14
,2019-3189,39.778047,-104.84712,11/15/2019 17:15,17:15,1,0,0,PEORIA STREET NORTH & 45TH AVENUE EAST,1,3,0,0,1,1,,0,35,0,0,0,0,0,4,2,13
,2019-3190,39.7867618,-104.8469792,12/9/2019 11:05,11:05,3,0,0,PEORIA STREET & 4600 BLOCK NORTH,1,1,0,0,1,1,,0,15,0,0,0,0,0,4,2,13
,2019-3191,39.674745,-104.87403,10/6/2019 19:48,19:48,1,0,1,ILIFF AVENUE EAST & EMPORIA STREET SOUTH,1,4,0,0,1,1,,0,35,0,0,0,0,1,4,2,13
,2019-3192,39.7934235,-104.8264402,11/2/2019 2:33,2:33,6,0,1,ATCHISON STREET NORTH & 5536 NORTH ATCHISON STREET,5,3,0,0,1,4,,0,25,0,0,0,0,1,4,2,7
,2019-3193,39.779577,-104.847129,2/23/2019 14:41,14:41,3,0,0,PEORIA STREET NORTH & 46TH AVENUE EAST,2,1,0,0,1,1,,0,25,0,0,0,0,0,4,2,1
,2019-3194,39.779577,-104.847129,3/4/2019 14:49,14:49,1,0,0,PEORIA STREET NORTH & 46TH AVENUE EAST,2,1,0,0,1,3,,0,40,0,0,0,0,0,4,2,13
,2019-3195,39.779577,-104.847129,4/23/2019 14:56,14:56,1,0,0,PEORIA STREET NORTH & 46TH AVENUE EAST,1,1,0,0,1,1,,0,40,0,0,0,0,0,4,2,8
,2019-3196,39.76047189,-104.9828977,11/18/2019 13:40,13:40,6,0,0,LARIMER STREET & 3200 BLOCK,1,1,0,0,1,2,,0,,0,0,0,0,0,4,2,13
,2019-3197,39.700413,-105.0481305,1/28/2019 16:17,16:17,15,0,0,KENTUCKY AVENUE 4600 WEST & MORRISON ROAD,5,1,0,0,1,3,,0,,0,0,0,0,0,4,2,13
,2019-3198,39.71655,-105.0324885,7/19/2019 22:57,22:57,5,0,0,KNOX COURT SOUTH & 1198 SOUTH KNOX COURT,1,3,1,0,3,3,,0,,0,0,0,0,0,4,1,13
,2019-3199,39.779577,-104.847129,6/4/2019 8:55,8:55,1,0,0,PEORIA STREET NORTH & 46TH AVENUE EAST,1,1,0,0,1,1,,0,25,0,0,0,0,0,4,2,13
,2019-3200,39.73383,-104.986161,7/2/2019 10:38,10:38,12,0,0,LINCOLN STREET NORTH & 11TH AVENUE EAST,1,1,0,0,1,1,,0,30,0,0,0,0,0,4,2,14
,2019-3201,39.678561,-104.9828715,1/28/2019 5:15,5:15,5,0,0,LOGAN STREET SOUTH & EVANS AVENUE EAST,4,3,1,2,3,1,,0,35,0,0,0,0,0,4,1,13
,2019-3202,39.779577,-104.847129,7/19/2019 15:26,15:26,1,0,0,PEORIA STREET NORTH & 46TH AVENUE EAST,1,1,0,0,1,1,,0,35,0,0,0,0,0,4,2,13
,2019-3204,39.693132,-105.043743,4/25/2019 13:31,13:31,3,0,0,LOUISIANA AVENUE WEST & TENNYSON STREET SOUTH,1,1,0,0,1,1,,0,25,0,0,0,0,0,4,2,13
,2019-3205,39.783636,-104.809842,7/3/2019 17:14,17:14,9,0,0,CHAMBERS ROAD NORTH & GATEWAY AVENUE EAST,1,1,0,0,1,1,,0,40,0,0,0,0,0,4,2,13
,2019-3206,39.7237095,-104.8837095,3/2/2019 18:25,18:25,3,0,2,LOWRY BOULEVARD EAST & YOSEMITE WAY SOUTH,4,3,0,2,1,6,,0,35,0,0,0,0,1,4,2,1
,2019-3207,39.657393,-104.8909815,1/3/2019 19:00,19:00,12,0,0,MILK BOULEVARD EAST & WILLOW STREET NORTH,1,3,0,0,1,1,,0,35,0,0,0,0,0,4,2,15
,2019-3209,39.784698,-105.0239385,2/15/2019 17:58,17:58,6,0,0,ELIOT STREET NORTH & 48TH AVENUE WEST,1,3,0,0,1,1,,0,25,0,0,0,0,0,4,2,12
,2019-3210,39.779577,-104.847129,10/25/2019 13:10,13:10,1,0,1,PEORIA STREET NORTH & 46TH AVENUE EAST,1,1,0,0,1,1,,0,35,0,0,0,0,1,4,2,13
,2019-3211,39.678444,-104.9267938,6/29/2019 2:23,2:23,5,0,0,EVANS AVENUE EAST & 4600 BLOCK EAST,1,3,0,0,1,4,,0,35,0,0,0,0,0,4,1,13
,2019-3212,39.782394,-104.8470885,4/22/2019 6:50,6:50,12,0,0,PEORIA STREET NORTH & 47TH AVENUE EAST,1,1,0,0,1,1,,0,35,0,0,0,0,0,4,2,13
,2019-3217,39.751056,-104.9828805,1/29/2019 1:01,1:01,5,0,0,PARK AVENUE WEST & WELTON STREET,10,3,1,0,3,4,,0,,0,0,0,0,0,4,1,13
,2019-32179,39.740603,-104.989122,9/16/2019 1:55,1:55,5,0,0,COLFAX AVENUE WEST & 100 BLOCK WEST,1,3,0,0,3,4,,0,35,0,0,0,0,0,2,1,5
,2019-3218,39.782394,-104.8470885,4/30/2019 17:12,17:12,15,0,0,PEORIA STREET NORTH & 47TH AVENUE EAST,2,1,0,1,1,1,,0,45,0,0,0,0,0,4,3,14
,2019-32219,39.740038,-104.983208,2/17/2019 2:24,2:24,6,0,0,COLFAX AVENUE 300 BLOCK EAST & 300 EAST COLFAX AVENUE,1,3,0,0,1,4,,0,30,0,0,0,0,0,2,2,5
,2019-3222,39.782394,-104.8470885,7/2/2019 6:20,6:20,15,0,0,PEORIA STREET NORTH & 47TH AVENUE EAST,1,1,0,0,1,1,,0,35,0,0,0,0,0,4,2,13
,2019-3226,39.79422,-104.847219,11/20/2019 13:13,13:13,3,0,0,PEORIA STREET NORTH & 54TH AVENUE EAST,1,1,0,0,1,1,,0,35,0,0,0,0,0,4,2,13