id,drcog_id,latitude,longitude,crashtime,time,crashtype,numbkilled,numbinjurd,drcoglocat,rdconditin,lightngcon,roadcntgrd,weatherco,location,roaddescrp,schoolzone,constrzone,splimit,bikeinv,sctrinv,pedinv,motoinv,svrty,rdsystem,ttlvehcls,hcf
,2019-32264,39.740343,-105.033189,10/4/2019 20:30,20:30,6,0,0,COLFAX AVENUE WEST & KING STREET NORTH,1,3,0,0,1,4,,0,35,0,0,0,0,0,2,2,14
,2019-32270,39.740353,-105.050969,4/8/2019 16:59,16:59,1,0,0,COLFAX AVENUE WEST & YATES STREET NORTH,1,1,1,0,1,1,,0,,0,0,0,0,0,2,3,13
,2019-32271,39.740354,-105.049797,3/9/2019 1:22,1:22,15,0,0,COLFAX AVENUE WEST & XAVIER STREET NORTH,1,3,0,0,1,1,,0,35,0,0,0,0,0,2,2,14
,2019-32272,39.740354,-105.049797,5/25/2019 9:39,9:39,12,0,0,COLFAX AVENUE WEST & XAVIER STREET NORTH,1,1,0,0,1,1,,0,30,0,0,0,0,0,2,2,1
,2019-32273,39.740354,-105.049797,11/14/2019 16:08,16:08,3,0,0,COLFAX AVENUE WEST & XAVIER STREET NORTH,1,1,0,0,1,1,,0,25,0,0,0,0,0,2,2,13
,2019-32274,39.740349,-105.048711,3/7/2019 11:16,11:16,3,0,0,COLFAX AVENUE WEST & WOLFF STREET NORTH,1,1,0,0,1,1,,0,30,0,0,0,0,0,2,2,13
,2019-32275,39.740335,-105.044385,12/3/2019 18:50,18:50,15,0,0,COLFAX AVENUE WEST & TENNYSON STREET NORTH,1,3,0,0,1,4,,0,30,0,0,0,0,0,2,2,13
,2019-32276,39.74047,-105.0252,12/31/2019 2:05,2:05,5,0,0,HIGHWAY 40 WB ON RAMP FROM & HIGHWAY 287 SOUTHBOUND,1,3,1,0,2,7,,0,35,0,0,0,0,0,2,1,1
,2019-32277,39.740341,-105.0393,12/12/2019 13:55,13:55,3,0,0,PERRY STREET NORTH & COLFAX AVENUE WEST,1,1,0,0,1,1,,0,35,0,0,0,0,0,2,6,1
,2019-32278,39.74034,-105.041924,10/5/2019 14:19,14:19,12,0,0,COLFAX AVENUE WEST & RALEIGH STREET NORTH,1,1,0,0,1,3,,0,35,0,0,0,0,0,2,2,13
,2019-32279,39.74013,-105.0419,12/16/2019 18:23,18:23,12,0,0,COLFAX AVENUE WEST & 4200 BLOCK WEST,1,3,0,0,1,4,,0,35,0,0,0,0,0,2,2,13
,2019-32280,39.74034,-105.040804,2/27/2019 17:11,17:11,12,0,0,COLFAX AVENUE & 4100 BLOCK WEST,1,1,0,0,1,4,,0,35,0,0,0,0,0,2,2,13
,2019-32281,39.740008,-104.973453,5/14/2019 14:35,14:35,12,0,0,COLFAX AVENUE EAST & DOWNING STREET,1,1,0,0,1,1,,0,30,0,0,0,0,0,2,2,13
,2019-32282,39.74034,-105.040618,5/21/2019 10:50,10:50,15,0,0,COLFAX AVENUE WEST & QUITMAN STREET,2,1,0,0,1,4,,0,35,0,0,0,0,0,2,2,14
,2019-32283,39.74034,-105.040618,8/19/2019 14:11,14:11,15,0,0,COLFAX AVENUE WEST & QUITMAN STREET NORTH,1,1,0,0,1,4,,0,35,0,0,0,0,0,2,2,13
,2019-32284,39.740341,-105.0393,3/16/2019 13:01,13:01,12,0,0,PERRY STREET NORTH & COLFAX AVENUE WEST,1,1,0,0,1,1,,0,25,0,0,0,0,0,2,2,13
,2019-32285,39.740341,-105.0393,3/19/2019 18:49,18:49,1,0,0,CEDAR AVENUE WEST & PERRY STREET NORTH,1,2,0,0,1,1,,0,35,0,0,0,0,0,2,2,13
,2019-32286,39.740341,-105.0393,5/30/2019 18:06,18:06,15,0,0,COLFAX AVENUE WEST & PERRY STREET NORTH,1,1,0,0,1,1,,0,35,0,0,0,0,0,2,2,1
,2019-32287,39.740341,-105.0393,6/2/2019 19:53,19:53,1,0,0,COLFAX AVENUE WEST & PERRY STREET NORTH,1,2,0,0,1,1,,0,30,0,0,0,0,0,2,2,13
,2019-32288,39.740341,-105.0393,8/3/2019 16:33,16:33,1,0,0,COLFAX AVENUE WEST & PERRY STREET NORTH,1,1,0,0,1,1,,0,30,0,0,0,0,0,2,2,13
,2019-32289,39.740341,-105.0393,10/26/2019 21:34,21:34,3,0,1,COLFAX AVENUE WEST & PERRY STREET NORTH,1,3,0,0,1,1,,0,35,0,0,0,0,2,2,2,3
,2019-32290,39.740342,-105.03687,7/10/2019 19:44,19:44,12,0,1,COLFAX AVENUE WEST & NEWTON STREET NORTH,1,1,0,0,1,4,,0,35,0,0,0,0,1,2,2,13
,2019-32291,39.740342,-105.03687,7/12/2019 5:29,5:29,9,0,1,COLFAX AVENUE WEST & NEWTON STREET NORTH / 3800 BLOCK WEST,1,2,0,0,3,4,,0,35,0,0,0,0,1,2,1,14
,2019-32292,39.740336,-105.035211,10/8/2019 10:47,10:47,15,0,0,COLFAX AVENUE & 3600 BLOCK WEST,1,1,0,0,1,4,,0,30,0,0,0,0,0,2,2,3
,2019-32293,39.740342,-105.034582,6/28/2019 18:38,18:38,3,0,0,COLFAX AVENUE WEST & LOWELL BOULEVARD NORTH,1,1,0,0,1,1,,0,35,0,0,0,0,0,2,2,13
,2019-32294,39.740342,-105.03435,3/29/2019 11:32,11:32,12,0,2,COLFAX AVENUE WEST 3500 BLOCK & LOWELL BOULEVARD NORTH,1,1,1,0,1,4,,0,30,0,0,0,0,1,2,2,13
,2019-32295,39.740342,-105.034118,5/23/2019 12:17,12:17,12,0,1,COLFAX AVENUE WEST & LOWELL BOULEVARD NORTH,1,1,1,0,1,4,,0,30,0,0,0,0,1,2,2,13
,2019-32296,39.740343,-105.033006,7/29/2019 15:44,15:44,1,0,0,KING STREET NORTH & COLFAX AVENUE WEST,1,1,0,0,1,1,,0,30,0,0,0,0,0,2,2,13
,2019-32297,39.740343,-105.032871,4/10/2019 14:56,14:56,12,0,0,COLFAX AVENUE 3400 BLOCK WEST & KING STREET NORTH,2,2,1,2,1,2,,0,30,0,0,0,0,0,2,2,5
,2019-32298,39.740343,-105.032331,5/6/2019 14:15,14:15,3,0,0,COLFAX AVENUE WEST & KNOX COURT NORTH,1,1,0,0,1,1,,0,25,0,0,0,0,0,2,2,5
,2019-32299,39.740301,-105.032176,6/26/2019 17:05,17:05,12,0,0,COLFAX AVENUE WEST & KNOX COURT NORTH,1,1,1,0,1,2,,0,20,0,0,0,0,0,2,2,13
,2019-3230,39.79094776,-104.985189,11/24/2019 1:50,1:50,12,0,0,SHERMAN STREET & 1200 BLOCK NORTH,1,3,0,0,1,4,,0,,0,0,0,0,0,4,2,13
,2019-32300,39.740301,-105.032176,12/12/2019 15:48,15:48,12,0,0,COLFAX AVENUE WEST & KNOX COURT NORTH,1,1,0,0,1,3,,0,35,0,0,0,0,0,2,2,13
,2019-32301,39.740325,-105.031117,12/4/2019 21:35,21:35,8,0,0,COLFAX AVENUE WEST & JULIAN STREET NORTH,1,3,0,0,5,4,,0,35,0,0,0,0,0,2,2,14
,2019-32302,39.740276,-105.030285,11/17/2019 4:30,4:30,5,0,0,COLFAX AVENUE WEST & IRVING STREET NORTH,1,3,0,0,2,4,,0,30,0,0,0,0,0,2,1,5
,2019-32303,39.740277,-105.030095,1/25/2019 13:00,13:00,12,0,0,COLFAX AVENUE WEST & IRVING STREET NORTH,1,1,0,0,1,1,,0,,0,0,0,0,0,2,2,13
,2019-32304,39.740277,-105.030095,3/9/2019 2:03,2:03,5,0,0,COLFAX AVENUE WEST & IRVING STREET NORTH,1,3,0,0,2,1,,0,30,0,0,0,0,0,2,1,13
,2019-32305,39.740277,-105.030095,8/9/2019 9:00,9:00,12,0,0,COLFAX AVENUE WEST & IRVING STREET NORTH,1,1,0,0,1,3,,0,35,0,0,0,0,0,2,2,3
,2019-32306,39.74033,-105.0298,12/31/2019 12:55,12:55,12,0,0,COLFAX AVENUE WEST & IRVING STREET NORTH,1,1,0,0,1,3,,0,30,0,0,0,0,0,2,2,7
,2019-32307,39.740277,-105.029905,1/11/2019 11:24,11:24,12,0,0,COLFAX AVENUE WEST & IRVING STREET NORTH,2,1,1,2,1,1,,0,30,0,0,0,0,0,2,2,5
,2019-32308,39.740277,-105.029905,2/17/2019 15:34,15:34,12,0,0,COLFAX AVENUE WEST & IRVING STREET NORTH,1,1,0,0,1,3,,0,35,0,0,0,0,0,2,2,13
,2019-32309,39.740277,-105.029905,3/19/2019 16:28,16:28,15,0,0,COLFAX AVENUE WEST & IRVING STREET NORTH,1,1,0,0,1,4,,0,35,0,0,0,0,0,2,2,13
,2019-32310,39.740277,-105.029905,4/23/2019 14:36,14:36,1,0,1,COLFAX AVENUE WEST & IRVING STREET NORTH,1,1,0,0,1,1,,0,30,0,0,0,0,1,2,2,3
,2019-32311,39.740277,-105.029905,7/20/2019 19:33,19:33,12,0,0,COLFAX AVENUE WEST & IRVING STREET NORTH,2,2,0,1,1,1,,0,35,0,0,0,0,0,2,3,3
,2019-32312,39.740277,-105.029905,12/6/2019 6:25,6:25,1,0,0,COLFAX AVENUE WEST & IRVING STREET NORTH,2,3,0,0,1,1,,0,30,0,0,0,0,0,2,2,1
,2019-32313,39.740277,-105.029715,7/31/2019 13:36,13:36,12,0,0,COLFAX AVENUE WEST & IRVING STREET NORTH,1,1,1,0,1,4,,0,30,0,0,0,0,0,2,2,13
,2019-32314,39.740277,-105.029715,10/17/2019 17:10,17:10,12,0,0,COLFAX AVENUE WEST & IRVING STREET NORTH,1,2,0,0,1,3,,0,35,0,0,0,0,0,2,2,3
,2019-32315,39.740277,-105.029526,3/15/2019 9:30,9:30,12,0,0,COLFAX AVENUE WEST & IRVING STREET NORTH,1,1,0,0,1,3,,0,35,0,0,0,0,0,2,2,12
,2019-32316,39.74013,-105.0285,12/31/2019 14:38,14:38,15,0,0,COLFAX AVENUE WEST & 3200 BLOCK WEST,1,1,0,0,1,4,,0,30,0,0,0,0,0,2,2,8
,2019-32317,39.740254,-105.028196,10/18/2019 15:15,15:15,12,0,0,COLFAX AVENUE WEST & HIGHWAY 287 SOUTHBOUND OFF RAMP,1,1,0,0,1,4,,0,35,0,0,0,0,0,2,2,13
,2019-32318,39.74047,-105.0252,12/17/2019 14:00,14:00,12,0,0,HIGHWAY 40 WB OFF RAMP LOOP TO & HIGHWAY 88 SOUTHBOUND,1,1,1,0,1,7,,0,20,0,0,0,0,0,2,3,3
,2019-32319,39.740333,-105.025794,10/28/2019 18:58,18:58,15,0,0,COLFAX AVENUE WEST & FEDERAL BOULEVARD NORTH,2,3,0,0,1,4,,0,30,0,0,0,0,0,2,3,5
,2019-3232,39.796308,-104.8472595,3/26/2019 15:37,15:37,3,0,0,PEORIA STREET NORTH & 55TH AVENUE EAST,1,1,1,0,1,1,,0,35,0,0,0,0,0,4,2,13
,2019-32321,39.740082,-105.005223,6/7/2019 19:28,19:28,12,0,0,COLFAX AVENUE WEST & OSAGE STREET NORTH,1,1,1,0,1,1,,0,35,0,0,0,0,0,2,2,5
,2019-32322,39.74034,-105.025196,5/10/2019 22:14,22:14,12,0,0,COLFAX AVENUE WEST & FEDERAL BOULEVARD NORTH,1,3,0,0,1,1,,0,35,0,0,0,0,0,2,2,3
,2019-32323,39.74034,-105.025196,6/12/2019 18:02,18:02,12,0,0,COLFAX AVENUE & FEDERAL BOULEVARD NORTH,1,1,0,0,1,4,,0,45,0,0,0,0,0,2,2,13
,2019-32324,39.74034,-105.025196,9/25/2019 7:40,7:40,12,0,2,COLFAX AVENUE WEST & FEDERAL BOULEVARD NORTH,1,1,0,0,1,4,,0,30,0,0,0,0,1,2,3,13
,2019-32325,39.740342,-105.025075,4/25/2019 16:04,16:04,9,0,1,COLFAX AVENUE WEST & FEDERAL BOULEVARD NORTH,1,1,0,0,1,4,,0,40,0,0,0,0,2,2,1,2
,2019-32326,39.740342,-105.025075,6/14/2019 10:53,10:53,12,0,0,COLFAX AVENUE 2900 BLOCK WEST & FEDERAL BOULEVARD NORTH,1,1,0,0,1,4,,0,30,0,0,0,0,0,2,2,13
,2019-32327,39.740342,-105.025075,8/8/2019 12:00,12:00,12,0,0,HIGHWAY 40 / COLFAX AVENUE WEST & HIGHWAY 88 / FEDERAL BOULEVARD NORTH,1,1,0,0,1,3,,0,35,0,0,0,0,0,2,2,13
,2019-32328,39.740364,-105.025219,12/18/2019 13:45,13:45,15,0,0,COLFAX AVENUE WEST & FEDERAL BOULEVARD NORTH,1,1,0,0,1,3,,0,40,0,0,0,0,0,2,2,13
,2019-32329,39.740428,-105.022032,9/8/2019 0:44,0:44,12,0,1,HIGHWAY 40 WB EXIT GORE POINT & FEDERAL BOULEVARD NORTH,1,3,0,0,1,4,,0,30,0,0,0,0,1,2,2,13
,2019-32330,39.740431,-105.021471,2/26/2019 11:24,11:24,3,0,1,COLFAX AVENUE WEST & ELIOT STREET NORTH,1,1,1,0,1,1,,0,40,0,0,0,0,1,2,2,13
,2019-32331,39.740431,-105.021471,4/2/2019 6:45,6:45,12,0,0,COLFAX AVENUE WEST & ELIOT STREET NORTH,1,1,0,0,1,1,,0,35,0,0,0,0,0,2,2,13
,2019-32332,39.740431,-105.021471,7/26/2019 17:50,17:50,12,0,1,COLFAX AVENUE WEST & ELLIOTT STREET NORTH,1,1,0,0,1,1,,0,35,0,0,0,0,1,2,2,13
,2019-32333,39.740434,-105.020907,2/27/2019 16:16,16:16,12,0,1,COLFAX AVENUE 2800 BLOCK WEST & ELIOT STREET NORTH,1,1,1,0,1,4,,0,40,0,0,0,0,2,2,3,5
,2019-32334,39.738474,-104.996502,8/2/2019 17:50,17:50,10,0,0,14TH AVENUE WEST & GALAPAGO STREET NORTH,1,1,0,0,1,1,,0,35,0,0,0,0,0,4,2,8
,2019-32335,39.740406,-105.018589,10/1/2019 7:45,7:45,12,0,1,HIGHWAY 40 EASTBOUND EXIT GORE POINT & I25 SOUTHBOUND ON RAMP,2,1,0,1,1,4,,0,35,0,0,0,0,2,2,2,1
,2019-32336,39.740375,-105.017202,9/28/2019 10:55,10:55,12,0,0,HIGHWAY 40 WB ON RAMP FROM & AURARIA PARKWAY,1,1,0,0,1,7,,0,40,0,0,0,0,0,2,3,3
,2019-32337,39.740371,-105.017004,6/1/2019 11:30,11:30,12,0,6,COLFAX AVENUE WEST & I25 SOUTHBOUND ON RAMP,1,1,0,0,1,1,,0,40,0,0,0,0,2,2,3,7
,2019-32338,39.740336,-105.015418,2/13/2019 6:30,6:30,3,0,0,I25 SOUTHBOUND OFF RAMP & COLFAX AVENUE WEST,1,1,0,0,1,1,,0,35,0,0,0,0,0,2,2,14
,2019-32339,39.740336,-105.015418,3/24/2019 2:24,2:24,3,0,0,COLFAX AVENUE WEST & I25 SOUTHBOUND OFF RAMP,1,3,0,0,1,1,,0,35,0,0,0,1,0,2,2,5
,2019-32340,39.740336,-105.015418,4/18/2019 20:15,20:15,15,0,0,COLFAX AVENUE WEST & I25 SOUTHBOUND OFF RAMP,1,3,0,0,1,1,,0,40,0,0,0,0,0,2,2,8
,2019-32341,39.740336,-105.015418,6/6/2019 17:56,17:56,3,0,0,COLFAX AVENUE WEST & I25 SOUTHBOUND OFF RAMP,1,1,0,0,1,1,,0,35,0,0,0,0,0,2,2,3
,2019-32342,39.740336,-105.015418,6/26/2019 15:57,15:57,3,0,2,COLFAX AVENUE WEST & I25 SOUTHBOUND OFF RAMP,1,1,1,0,1,1,,0,35,0,0,0,0,1,2,3,14
,2019-32343,39.740336,-105.015418,7/16/2019 21:40,21:40,12,0,1,COLFAX AVENUE WEST & I25 SOUTHBOUND OFF RAMP,1,3,0,0,1,1,,0,35,0,0,0,0,1,2,2,7
,2019-32344,39.740336,-105.015418,7/28/2019 3:54,3:54,5,0,1,COLFAX AVENUE WEST & I25 SOUTHBOUND OFF RAMP,1,1,0,0,4,1,,0,40,0,0,0,0,1,2,1,13
,2019-32345,39.740336,-105.015418,10/24/2019 16:05,16:05,3,0,0,COLFAX AVENUE WEST & I25 SOUTHBOUND OFF RAMP,1,1,0,0,1,1,,0,35,0,0,0,0,0,2,2,14
,2019-32346,39.740332,-105.015236,2/6/2019 13:02,13:02,3,0,0,ZUNI STREET NORTH & COLFAX AVENUE WEST,4,1,0,2,1,1,,0,30,0,0,0,0,0,2,2,1
,2019-32347,39.740323,-105.014851,5/2/2019 16:54,16:54,12,0,0,COLFAX AVENUE WEST & I25,1,1,0,0,1,4,,0,35,0,0,0,0,0,2,2,13
,2019-32348,39.740323,-105.014851,10/16/2019 13:25,13:25,12,0,0,COLFAX AVENUE WEST & I25 SOUTHBOUND OFF RAMP,1,1,1,0,1,1,,0,40,0,0,0,0,0,2,2,13
,2019-32349,39.740315,-105.014466,2/13/2019 9:14,9:14,15,0,0,COLFAX AVENUE WEST & FEDERAL BOULEVARD NORTH,1,1,0,0,1,4,,0,40,0,0,0,0,0,2,3,1
,2019-32350,39.740306,-105.014081,2/9/2019 10:46,10:46,12,0,0,COLFAX AVENUE WEST & I25 NORTHBOUND OFF RAMP,1,1,0,0,1,1,,0,35,0,0,0,0,0,2,2,7
,2019-32351,39.740306,-105.014081,4/27/2019 15:50,15:50,12,0,0,COLFAX AVENUE WEST & I25,1,1,0,0,1,4,,0,35,0,0,0,0,0,2,2,13
,2019-32352,39.740306,-105.014081,4/27/2019 22:19,22:19,12,0,0,COLFAX AVENUE EAST & I25,1,3,0,0,1,4,,0,40,0,0,0,0,0,2,2,13
,2019-32353,39.740306,-105.014081,12/6/2019 9:05,9:05,12,0,0,COLFAX AVENUE WEST & I25,5,1,0,0,1,1,,0,35,0,0,0,0,0,2,2,13
,2019-32354,39.740292,-105.013335,3/30/2019 19:37,19:37,12,0,0,COLFAX AVENUE WEST & FEDERAL BOULEVARD NORTH,1,3,1,0,1,4,,0,35,0,0,0,0,0,2,2,13
,2019-32355,39.740276,-105.01251,8/6/2019 15:28,15:28,3,0,2,COLFAX AVENUE WEST & I25 NORTHBOUND OFF RAMP,1,1,0,0,1,1,,0,55,0,0,0,0,2,2,2,1
,2019-32356,39.740276,-105.01251,10/23/2019 13:07,13:07,3,0,0,COLFAX AVENUE WEST & I25 NORTHBOUND OFF RAMP,1,1,0,0,1,1,,0,35,0,0,0,0,0,2,2,13
,2019-32357,39.740276,-105.01251,12/19/2019 5:17,5:17,3,0,0,COLFAX AVENUE WEST & I25 NORTHBOUND OFF RAMP,1,3,0,0,1,1,,0,,0,0,0,0,0,2,2,13
,2019-32358,39.740269,-105.012162,8/25/2019 14:35,14:35,15,0,0,COLFAX AVENUE WEST & I25 NORTHBOUND OFF RAMP SLIP,1,1,0,0,1,4,,0,40,0,0,0,0,0,2,2,13
,2019-32359,39.740222,-105.009738,5/16/2019 16:21,16:21,12,0,2,HIGHWAY 40 EXIT GORE POINT TO & I25 NB/SB ON RAMPS,1,1,1,0,1,4,,0,40,0,0,0,0,1,2,3,13
,2019-3236,39.74359094,-104.9885877,11/22/2019 19:08,19:08,15,0,0,COURT PLACE 1600 BLOCK & 16TH STREET,1,3,0,0,1,4,,0,25,0,0,0,0,0,4,2,13
,2019-32360,39.740189,-105.008038,10/11/2019 22:59,22:59,12,0,0,COLFAX AVENUE WEST & I25,1,3,0,0,1,4,,0,40,0,0,0,0,0,2,2,7
,2019-32361,39.74013,-105.006349,5/1/2019 15:22,15:22,12,0,0,COLFAX AVENUE WEST & OSAGE STREET NORTH,1,1,0,0,1,4,,0,40,0,0,0,0,0,2,3,13
,2019-32362,39.74011,-105.005786,6/30/2019 2:40,2:40,15,0,0,COLFAX AVENUE WEST & OSAGE STREET NORTH,1,3,0,0,1,4,,0,40,0,0,0,0,0,2,2,3
,2019-32363,39.740092,-105.005411,3/11/2019 11:05,11:05,12,0,2,COLFAX AVENUE 1600 BLOCK WEST & OSAGE STREET NORTH,1,1,1,0,1,4,,0,40,0,0,0,0,1,2,3,13
,2019-32364,39.740092,-105.005411,9/6/2019 22:10,22:10,12,0,0,COLFAX AVENUE WEST & SEVENTH STREET  / OSAGE STREET,1,3,0,0,1,3,,0,40,0,0,0,0,0,2,3,3
,2019-32365,39.740082,-105.005223,1/14/2019 7:53,7:53,12,0,0,COLFAX AVENUE WEST & OSAGE STREET NORTH,1,1,0,0,1,1,,0,35,0,0,0,0,0,2,3,14
,2019-32366,39.740082,-105.005223,2/12/2019 10:11,10:11,1,0,0,COLFAX AVENUE WEST & OSAGE STREET NORTH,1,1,1,0,1,1,,0,30,0,0,0,0,0,2,2,3
,2019-32367,39.740082,-105.005223,2/23/2019 16:01,16:01,3,0,0,COLFAX AVENUE WEST & OSAGE STREET NORTH,4,1,0,2,1,1,,0,35,0,0,0,0,0,2,2,13
,2019-32368,39.740082,-105.005223,3/4/2019 6:30,6:30,12,0,0,COLFAX AVENUE WEST & SEVENTH STREET,2,1,0,0,1,1,,0,35,0,0,0,0,0,2,2,1
,2019-32369,39.740082,-105.005223,3/20/2019 17:53,17:53,3,0,0,CEDAR AVENUE WEST & SEVENTH STREET,1,1,0,0,1,1,,0,35,0,0,0,0,0,2,2,13
,2019-3237,39.72982505,-104.912811,1/2/2019 10:25,10:25,15,0,0,MONACO STREET 800 BLOCK NORTH & EIGHTH AVENUE EAST,5,1,0,0,1,4,,0,35,0,0,0,0,0,4,2,5
,2019-32370,39.740082,-105.005223,3/27/2019 17:12,17:12,1,0,0,COLFAX AVENUE WEST & SEVENTH STREET,1,1,1,0,1,1,,0,30,0,0,0,0,0,2,2,13
,2019-32371,39.740082,-105.005223,5/10/2019 12:00,12:00,12,0,0,COLFAX AVENUE WEST & SEVENTH STREET,1,1,0,0,1,4,,0,35,0,0,0,0,0,2,2,13
,2019-32372,39.740082,-105.005223,5/15/2019 12:13,12:13,1,0,0,COLFAX AVENUE WEST & SEVENTH STREET NORTH,1,1,1,0,1,1,,0,30,0,0,0,0,0,2,2,13
,2019-32373,39.740082,-105.005223,6/4/2019 19:53,19:53,1,0,2,COLFAX AVENUE WEST & SEVENTH STREET,1,1,0,0,1,1,,0,30,0,0,0,0,2,2,2,13
,2019-32374,39.740082,-105.005223,8/1/2019 7:44,7:44,1,0,0,COLFAX AVENUE WEST & OSAGE STREET,1,1,1,0,1,1,,0,30,0,0,0,0,0,2,2,13
,2019-32375,39.740082,-105.005223,9/3/2019 5:39,5:39,1,0,0,COLFAX AVENUE WEST & SEVENTH STREET  / OSAGE STREET,1,3,0,0,1,1,,0,30,0,0,0,0,0,2,2,13
,2019-32376,39.740138,-104.946188,10/5/2019 6:30,6:30,6,0,0,COLFAX AVENUE WEST & MADISON STREET,1,2,0,0,1,4,,0,30,0,0,0,0,0,2,2,1
,2019-32377,39.740082,-105.005223,9/9/2019 14:10,14:10,12,0,0,SEVENTH STREET  / OSAGE STREET  & COLFAX AVENUE WEST,1,1,1,0,1,1,,0,30,0,0,0,0,0,2,2,14
,2019-32378,39.740082,-105.005223,10/21/2019 16:57,16:57,10,0,0,COLFAX AVENUE WEST & OSAGE STREET NORTH / SEVENTH STREET,1,1,0,0,1,1,,0,35,0,0,0,0,0,2,2,13
,2019-32379,39.740082,-105.005223,10/31/2019 10:00,10:00,1,0,0,COLFAX AVENUE WEST & OSAGE STREET NORTH / SEVENTH STREET,1,1,0,0,1,1,,0,25,0,0,0,0,0,2,2,14
,2019-3238,39.712977,-104.986341,8/5/2019 15:10,15:10,10,0,0,LINCOLN STREET SOUTH & CEDAR AVENUE EAST,1,1,0,0,1,1,,0,35,0,0,0,0,0,4,2,13
,2019-32380,39.740082,-105.005223,11/23/2019 12:21,12:21,12,0,2,COLFAX AVENUE 1400 BLOCK WEST & OSAGE STREET NORTH,1,1,1,0,1,4,,0,30,0,0,0,0,1,2,3,14
,2019-32381,39.740072,-105.005034,10/15/2019 15:00,15:00,15,0,0,COLFAX AVENUE WEST & OSAGE STREET NORTH,1,1,0,0,1,4,,0,35,0,0,0,0,0,2,2,7
,2019-32382,39.740051,-105.004656,4/19/2019 18:00,18:00,12,0,1,COLFAX AVENUE WEST & OSAGE STREET NORTH,1,2,1,0,1,4,,0,35,0,0,0,0,1,2,3,13
,2019-32383,39.740046,-104.999768,10/31/2019 16:05,16:05,12,0,0,COLFAX AVENUE WEST & KALAMATH STREET NORTH,1,1,0,0,1,3,,0,35,0,0,0,0,0,2,2,13
,2019-32384,39.740027,-105.002953,2/19/2019 17:10,17:10,12,0,0,COLFAX AVENUE 1100 BLOCK WEST & MARIPOSA STREET NORTH,5,1,1,0,1,4,,0,30,0,0,0,0,0,2,2,13
,2019-32385,39.740048,-104.999948,2/25/2019 11:37,11:37,15,0,0,KALAMATH STREET NORTH & COLFAX AVENUE WEST,1,1,1,0,1,1,,0,30,0,0,0,0,0,2,2,13
,2019-32386,39.740027,-105.002953,4/1/2019 7:25,7:25,9,0,0,COLFAX AVENUE WEST & MARIPOSA STREET,1,1,0,0,1,4,,0,35,0,0,0,0,0,2,3,14
,2019-32387,39.740027,-105.002953,9/17/2019 18:36,18:36,12,0,0,COLFAX AVENUE WEST & MARIPOSA STREET NORTH / NINTH STREET,1,1,0,0,1,4,,0,30,0,0,0,0,0,2,3,13
,2019-32388,39.740353,-104.988833,9/28/2019 23:30,23:30,6,0,0,COLFAX AVENUE WEST & 100 BLOCK WEST,1,3,0,0,1,4,,0,30,0,0,0,0,0,2,2,5
,2019-32389,39.740027,-105.002953,10/22/2019 7:20,7:20,12,0,0,COLFAX AVENUE WEST & MARIPOSA STREET NORTH,1,1,0,0,1,3,,0,30,0,0,0,0,0,2,2,13
,2019-3239,39.79827,-104.847282,6/7/2019 17:55,17:55,12,0,2,PEORIA STREET NORTH & 56TH AVENUE EAST,1,1,0,0,1,1,,0,40,0,0,0,0,1,4,3,2
,2019-32390,39.740185,-104.957833,4/8/2019 12:40,12:40,6,0,0,COLFAX AVENUE 2400 BLOCK EAST & JOSEPHINE STREET NORTH,1,1,0,0,1,4,,0,30,0,0,0,0,0,2,2,13
,2019-32391,39.740028,-105.002765,1/4/2019 7:48,7:48,1,0,0,COLFAX AVENUE WEST & MARIPOSA STREET NORTH,1,1,0,0,1,1,,0,30,0,0,0,0,0,2,2,13
,2019-32392,39.740028,-105.002765,3/13/2019 6:35,6:35,1,0,0,COLFAX AVENUE WEST & MARIPOSA STREET NORTH,2,3,0,1,1,1,,0,35,0,0,0,0,0,2,2,13
,2019-32393,39.740028,-105.002765,3/29/2019 22:09,22:09,12,0,0,COLFAX AVENUE WEST & NINTH STREET,2,3,0,0,1,3,,0,35,0,0,0,0,0,2,3,13
,2019-32394,39.740028,-105.002765,4/10/2019 14:04,14:04,3,0,0,COLFAX AVENUE WEST & MARIPOSA STREET NORTH,2,1,1,2,1,1,,0,30,0,0,0,0,0,2,2,1
,2019-32395,39.740028,-105.002765,6/9/2019 19:20,19:20,12,0,0,COLFAX AVENUE WEST & MARIPOSA STREET NORTH,1,1,0,0,1,1,,0,40,0,0,0,0,0,2,3,13
,2019-32396,39.740028,-105.002765,7/14/2019 13:47,13:47,1,0,0,COLFAX AVENUE WEST & MARIPOSA STREET NORTH,1,1,0,0,1,1,,0,30,0,0,0,0,0,2,2,13
,2019-32397,39.740028,-105.002765,9/12/2019 17:56,17:56,12,0,0,COLFAX AVENUE WEST & MARIPOSA STREET NORTH / NINTH STREET,1,1,0,0,1,1,,0,35,0,0,0,0,0,2,2,13
,2019-32398,39.740028,-105.002765,12/31/2019 11:34,11:34,12,0,0,COLFAX AVENUE WEST & NINTH STREET,1,1,1,0,1,1,,0,30,0,0,0,0,0,2,2,13