id,drcog_id,latitude,longitude,crashtime,time,crashtype,numbkilled,numbinjurd,drcoglocat,rdconditin,lightngcon,roadcntgrd,weatherco,location,roaddescrp,schoolzone,constrzone,splimit,bikeinv,sctrinv,pedinv,motoinv,svrty,rdsystem,ttlvehcls,hcf
,2019-32399,39.738474,-104.996502,10/10/2019 12:50,12:50,12,0,0,14TH AVENUE WEST & GALAPAGO STREET NORTH,4,1,0,2,1,1,,0,30,0,0,0,0,0,4,2,7
,2019-32400,39.740029,-105.00258,2/8/2019 15:26,15:26,12,0,0,COLFAX AVENUE 1200 BLOCK WEST & NINTH STREET,2,1,0,0,1,4,,0,30,0,0,0,0,0,2,3,13
,2019-32401,39.740039,-105.001276,9/27/2019 9:05,9:05,12,0,0,COLFAX AVENUE WEST & LIPAN STREET NORTH,1,1,0,0,1,4,,0,30,0,0,0,0,0,2,2,13
,2019-32402,39.740046,-105.000323,4/23/2019 17:47,17:47,15,0,1,COLFAX AVENUE 1000 BLOCK WEST & KALAMATH STREET NORTH,1,1,1,0,1,4,,0,30,0,0,0,0,1,2,2,13
,2019-32403,39.740048,-105.000133,1/10/2019 22:50,22:50,12,0,0,COLFAX AVENUE WEST & KALAMATH STREET NORTH,1,3,0,0,1,3,,0,35,0,0,0,0,0,2,2,1
,2019-32404,39.740048,-105.000133,9/14/2019 13:30,13:30,12,0,1,COLFAX AVENUE WEST & KALAMATH STREET NORTH,1,1,0,0,1,3,,0,30,0,0,0,0,2,2,2,13
,2019-32405,39.740048,-104.999948,1/8/2019 8:46,8:46,10,0,0,KALAMATH STREET 1500 BLOCK NORTH & COLFAX AVENUE WEST,1,1,0,0,1,4,,0,30,0,0,0,0,0,2,2,13
,2019-32406,39.740048,-104.999948,1/19/2019 22:47,22:47,12,0,0,KALAMATH STREET NORTH & COLFAX AVENUE WEST,1,3,0,0,1,3,,0,,0,0,0,0,0,2,2,13
,2019-32407,39.740048,-104.999948,2/12/2019 8:08,8:08,15,0,0,SANTA FE DRIVE NORTH & COLFAX AVENUE WEST,1,1,0,0,1,3,,0,35,0,0,0,0,0,2,2,14
,2019-32408,39.740048,-104.999948,3/7/2019 11:34,11:34,15,0,0,COLFAX AVENUE WEST & KALAMATH STREET NORTH,1,1,0,0,1,1,,0,30,0,0,0,0,0,2,2,13
,2019-32409,39.740048,-104.999948,3/14/2019 8:30,8:30,3,0,0,COLFAX AVENUE WEST & KALAMATH STREET NORTH,1,1,0,0,1,1,,0,35,0,0,0,0,0,2,2,14
,2019-3241,39.783996,-104.8466205,1/25/2019 7:30,7:30,12,0,0,PEORIA STREET NORTH & ALBROOK STREET,1,1,0,0,1,1,,0,,0,0,0,0,0,4,2,13
,2019-32410,39.740048,-104.999948,3/14/2019 13:14,13:14,3,0,0,COLFAX AVENUE WEST & KALAMATH STREET NORTH,1,1,0,0,1,1,,0,35,0,0,0,0,0,2,2,14
,2019-32411,39.740048,-104.999948,3/15/2019 16:10,16:10,1,0,0,COLFAX AVENUE WEST & KALAMATH STREET NORTH,1,1,0,0,1,1,,0,30,0,0,0,0,0,2,2,13
,2019-32412,39.740048,-104.999948,3/25/2019 13:15,13:15,10,0,0,KALAMATH STREET NORTH & COLFAX AVENUE WEST,1,1,0,0,1,1,,0,30,0,0,0,0,0,2,3,8
,2019-32413,39.740048,-104.999948,4/18/2019 18:16,18:16,3,0,2,COLFAX AVENUE WEST & KALAMATH STREET NORTH,1,1,0,0,1,1,,0,35,0,0,0,0,1,2,4,2
,2019-32414,39.740048,-104.999948,4/19/2019 23:20,23:20,15,0,0,COLFAX AVENUE WEST & KALAMATH STREET NORTH,1,3,0,0,1,1,,0,30,0,0,0,0,0,2,2,13
,2019-32415,39.740048,-104.999948,4/26/2019 19:20,19:20,1,0,0,KALAMATH STREET NORTH & COLFAX AVENUE WEST,1,1,0,0,1,1,,0,35,0,0,0,0,0,2,2,1
,2019-32416,39.740048,-104.999948,4/30/2019 22:26,22:26,3,0,0,COLFAX AVENUE WEST & KALAMATH STREET NORTH,2,3,0,1,1,1,,0,30,0,0,0,0,0,2,2,1
,2019-32417,39.740025,-104.998125,1/1/2019 4:00,4:00,3,0,0,SPEER BOULEVARD NORTHBOUND LNS & COLFAX AVENUE WEST,4,3,0,2,1,1,,0,30,0,0,0,0,0,2,2,13
,2019-32418,39.740018,-104.996682,4/8/2019 9:26,9:26,12,0,1,COLFAX AVENUE WEST & GALAPAGO STREET NORTH,1,1,0,0,1,1,,0,30,0,0,0,0,1,2,2,5
,2019-32419,39.740048,-104.999948,6/30/2019 17:00,17:00,1,0,3,KALAMATH STREET NORTH & COLFAX AVENUE WEST,2,1,0,1,1,1,,0,35,0,0,0,0,2,2,2,1
,2019-32420,39.740048,-104.999948,7/1/2019 9:59,9:59,1,0,0,KALAMATH STREET NORTH & COLFAX AVENUE WEST,1,1,0,0,1,1,,0,30,0,0,0,0,0,2,3,3
,2019-32421,39.740035,-104.998869,5/26/2019 17:52,17:52,3,0,0,COLFAX AVENUE WEST & SPEER BOULEVARD NORTH,2,1,0,1,1,1,,0,35,0,0,0,0,0,2,2,13
,2019-32422,39.740048,-104.999948,7/3/2019 12:01,12:01,1,0,2,COLFAX AVENUE WEST & KALAMATH STREET NORTH,1,1,1,0,1,1,,0,30,0,0,0,0,1,2,2,13
,2019-32423,39.740048,-104.999948,7/29/2019 13:56,13:56,3,0,2,COLFAX AVENUE WEST & KALAMATH STREET NORTH,1,1,1,0,1,1,,0,30,0,0,0,0,1,2,2,13
,2019-32424,39.740048,-104.999948,8/10/2019 17:01,17:01,1,0,0,COLFAX AVENUE WEST & KALAMATH STREET NORTH,1,1,0,0,1,1,,0,35,0,0,0,0,0,2,2,13
,2019-32425,39.740048,-104.999948,8/19/2019 14:08,14:08,12,0,0,COLFAX AVENUE WEST & KALAMATH STREET NORTH,1,1,0,0,1,1,,0,35,0,0,0,0,0,2,2,13
,2019-32426,39.740048,-104.999948,8/20/2019 9:15,9:15,3,0,0,COLFAX AVENUE WEST & KALAMATH STREET NORTH,1,1,0,0,1,1,,0,35,0,0,0,0,0,2,2,1
,2019-32427,39.740048,-104.999948,8/26/2019 2:50,2:50,3,0,1,COLFAX AVENUE WEST & KALAMATH STREET NORTH,1,4,0,0,1,1,,0,35,0,0,0,0,1,2,2,5
,2019-32429,39.740048,-104.999948,11/12/2019 6:36,6:36,3,0,0,COLFAX AVENUE WEST & KALAMATH STREET NORTH,1,1,0,0,1,1,,0,30,0,0,0,0,0,2,2,13
,2019-3243,39.7529212,-104.9904689,10/12/2019 2:05,2:05,6,0,0,LAWRENCE STREET 2100 BLOCK & 22ND STREET,1,3,0,0,1,4,,0,30,0,0,0,0,0,4,3,13
,2019-32431,39.740046,-104.999768,8/15/2019 16:20,16:20,12,0,0,COLFAX AVENUE WEST & KALAMATH STREET NORTH,1,1,0,0,1,4,,0,35,0,0,0,0,0,2,2,13
,2019-32432,39.740035,-104.998869,5/22/2019 11:21,11:21,10,0,0,SPEER BOULEVARD NORTH & COLFAX AVENUE WEST,2,3,0,1,1,1,,0,30,0,0,0,0,0,2,2,8
,2019-32433,39.740035,-104.998869,6/2/2019 8:26,8:26,15,0,0,COLFAX AVENUE WEST & SPEER BOULEVARD NORTH,1,1,0,0,1,1,,0,30,0,0,0,0,0,2,2,13
,2019-32434,39.740035,-104.998869,6/9/2019 8:10,8:10,3,0,0,COLFAX AVENUE WEST & SPEER BOULEVARD,1,1,0,0,1,1,,0,35,0,0,0,0,0,2,2,5
,2019-32435,39.740035,-104.998869,6/9/2019 23:08,23:08,3,0,0,SPEER BOULEVARD NORTH & COLFAX AVENUE WEST,1,3,0,0,1,1,,0,35,0,0,0,0,0,2,2,13
,2019-32436,39.740035,-104.998869,6/28/2019 11:45,11:45,3,0,0,COLFAX AVENUE WEST & SPEER BOULEVARD NORTH,1,1,0,0,1,1,,0,35,0,0,0,0,0,2,2,13
,2019-32437,39.740035,-104.998869,8/11/2019 2:30,2:30,12,0,0,COLFAX AVENUE WEST & SPEER BOULEVARD,1,3,0,0,1,1,,0,35,0,0,0,0,0,2,2,13
,2019-32438,39.740035,-104.998869,9/9/2019 6:35,6:35,3,0,0,COLFAX AVENUE WEST & SPEER BOULEVARD,1,1,0,0,1,1,,0,35,0,0,0,0,0,2,2,1
,2019-32439,39.740117,-104.998856,10/2/2019 14:27,14:27,3,0,3,COLFAX AVENUE WEST & SPEER BOULEVARD NORTH,1,1,0,0,1,1,,0,35,0,0,0,0,1,2,3,1
,2019-32440,39.7401,-104.998,12/26/2019 14:30,14:30,15,0,0,SPEER BOULEVARD NORTH  & COLFAX AVENUE WEST,1,1,0,0,1,1,,0,35,0,0,0,0,0,2,2,3
,2019-32441,39.74003,-104.998509,12/14/2019 22:17,22:17,10,0,3,COLFAX AVENUE 700 BLOCK WEST & SPEER BOULEVARD NORTH,1,3,0,0,1,1,,0,45,0,0,0,0,1,2,2,14
,2019-32442,39.740025,-104.998125,1/31/2019 15:47,15:47,10,0,0,SPEER BOULEVARD & COLFAX AVENUE WEST,1,1,0,0,1,1,,0,35,0,0,0,0,0,2,2,13
,2019-32444,39.740025,-104.998125,2/5/2019 22:02,22:02,15,0,0,COLFAX AVENUE WEST & SPEER BOULEVARD NORTH,1,3,0,0,1,4,,0,35,0,0,0,0,0,2,2,13
,2019-32445,39.740025,-104.998125,3/2/2019 23:10,23:10,12,0,0,COLFAX AVENUE WEST & SPEER BOULEVARD NORTH,4,3,0,2,1,1,,0,35,0,0,0,0,0,2,2,13
,2019-32446,39.740025,-104.998125,3/13/2019 8:35,8:35,3,0,0,SPEER BOULEVARD NORTH & COLFAX AVENUE WEST,2,1,0,1,1,1,,0,35,0,0,0,0,0,2,2,13
,2019-32447,39.740025,-104.998125,4/10/2019 7:25,7:25,10,0,0,COLFAX AVENUE WEST & SPEER BOULEVARD NORTH,1,1,0,0,1,1,,0,35,0,0,0,0,0,2,2,13
,2019-32448,39.740025,-104.998125,6/5/2019 16:00,16:00,15,0,0,SPEER BOULEVARD NORTH  & COLFAX AVENUE WEST,1,1,0,0,1,1,,0,30,0,0,0,0,0,2,2,5
,2019-32449,39.740025,-104.998125,8/18/2019 1:52,1:52,15,0,0,SPEER BOULEVARD  & COLFAX AVENUE EAST,1,3,0,0,1,1,,0,35,0,0,0,0,0,2,2,13
,2019-3245,39.8333879,-104.7766792,3/30/2019 2:49,2:49,5,0,0,PENA BOULEVARD 6700 BLOCK & TOWER ROAD,2,3,0,2,3,4,,0,65,0,0,0,0,0,4,1,8
,2019-32450,39.740025,-104.998125,8/22/2019 8:29,8:29,10,0,0,SPEER BOULEVARD NORTHBOUND & COLFAX AVENUE WEST,1,1,0,0,1,1,,0,35,0,0,0,0,0,2,2,13
,2019-32451,39.740025,-104.998125,9/4/2019 9:40,9:40,10,0,0,SPEER BOULEVARD  & COLFAX AVENUE WEST,1,1,0,0,1,1,,0,35,0,0,0,0,0,2,2,8
,2019-32452,39.740018,-104.996682,2/15/2019 7:55,7:55,15,0,0,COLFAX AVENUE WEST & GALAPAGO STREET NORTH,1,1,0,0,1,1,,0,30,0,0,0,0,0,2,2,14
,2019-32453,39.740018,-104.996682,3/2/2019 17:25,17:25,5,0,1,COLFAX AVENUE WEST & WELTON STREET NORTH,4,1,0,2,3,1,,0,35,0,0,0,0,1,2,1,14
,2019-32454,39.740018,-104.996682,3/15/2019 18:45,18:45,15,0,0,COLFAX AVENUE WEST & WELTON STREET,8,2,0,0,1,1,,0,30,0,0,0,0,0,2,2,14
,2019-32455,39.740018,-104.996682,5/2/2019 17:06,17:06,15,0,0,COLFAX AVENUE WEST & GALAPAGO STREET NORTH,1,1,0,0,1,1,,0,35,0,0,0,0,0,2,2,13
,2019-32456,39.682287,-105.053202,4/30/2019 14:40,14:40,12,0,0,SHERIDAN BOULEVARD SOUTH & JEWELL AVENUE WEST,1,1,0,0,1,1,,0,35,0,0,0,0,0,2,2,14
,2019-32457,39.765726,-104.9948415,4/1/2019 13:45,13:45,1,0,0,PARK AVENUE WEST & GLOBEVILLE ROAD NORTH,1,1,0,0,1,1,,0,35,0,0,0,0,0,4,3,13
,2019-32458,39.740018,-104.996682,9/3/2019 17:10,17:10,12,0,0,COLFAX AVENUE WEST & WELTON STREET,1,1,0,0,1,1,,0,30,0,0,0,0,0,2,2,13
,2019-32459,39.740018,-104.996682,11/4/2019 10:59,10:59,3,0,0,COLFAX AVENUE WEST & WELTON STREET,1,1,0,0,1,1,,0,30,0,0,0,0,0,2,2,8
,2019-3246,39.77919452,-104.9571501,2/23/2019 14:02,14:02,6,0,0,COLUMBINE STREET NORTH & 45TH AVENUE EAST,6,1,0,0,1,4,,0,30,0,0,0,0,0,4,2,13
,2019-32460,39.740013,-104.995596,2/25/2019 12:50,12:50,12,0,0,COLFAX AVENUE WEST & GLENARM PLACE,1,1,0,0,1,1,,0,30,0,0,0,0,0,2,2,1
,2019-32461,39.740013,-104.995596,8/28/2019 17:48,17:48,1,0,1,COLFAX AVENUE WEST & GLENARM PLACE,1,1,0,0,1,1,,0,30,0,0,0,0,1,2,2,13
,2019-32462,39.740013,-104.995596,11/20/2019 13:27,13:27,1,0,2,COLFAX AVENUE WEST & FOX STREET NORTH,1,1,0,0,1,1,,0,30,0,0,0,0,1,2,2,14
,2019-32463,39.740013,-104.995596,11/22/2019 6:35,6:35,1,0,0,COLFAX AVENUE WEST & GLENARM PLACE,4,1,0,2,1,1,,0,30,0,0,0,0,0,2,2,13
,2019-32464,39.739947,-104.995869,11/22/2019 7:00,7:00,15,0,0,COLFAX AVENUE 600 BLOCK WEST & GLENARM STREET,4,1,0,2,1,3,,0,35,0,0,0,0,0,2,3,13
,2019-32465,39.740011,-104.995163,4/3/2019 17:15,17:15,12,0,0,COLFAX AVENUE WEST & GLENARM STREET,1,1,0,0,1,3,,0,30,0,0,0,0,0,2,2,13
,2019-32466,39.740007,-104.993436,6/10/2019 10:29,10:29,12,0,0,COLFAX AVENUE WEST & TREMONT STREET / 300 BLOCK WEST,1,1,0,0,1,3,,0,30,0,0,0,0,0,2,2,1
,2019-32467,39.740006,-104.993091,6/3/2019 17:30,17:30,12,0,0,COLFAX AVENUE WEST & DELAWARE STREET SOUTH,1,1,0,0,1,3,,0,35,0,0,0,0,0,2,2,3
,2019-32468,39.740006,-104.992919,6/19/2019 16:21,16:21,3,0,1,COLFAX AVENUE WEST & DELAWARE STREET NORTH,1,1,0,0,1,1,,0,30,0,0,0,0,1,2,2,7
,2019-32470,39.740006,-104.992919,7/30/2019 14:45,14:45,3,0,3,COLFAX AVENUE WEST & 13TH STREET,1,1,0,0,1,1,,0,30,0,0,0,0,1,2,2,8
,2019-32471,39.740003,-104.991796,10/17/2019 16:20,16:20,12,0,0,COLFAX AVENUE WEST & COURT PLACE / CHEROKEE STREET,1,1,0,0,1,3,,0,30,0,0,0,0,0,2,3,13
,2019-32472,39.740002,-104.991611,1/11/2019 11:00,11:00,15,0,0,14TH STREET & COLFAX AVENUE WEST,6,1,0,2,1,1,,0,25,0,0,0,0,0,2,2,14
,2019-32473,39.740002,-104.991611,2/8/2019 7:50,7:50,3,0,4,COLFAX AVENUE WEST & COURT PLACE,1,1,0,0,1,1,,0,25,0,0,0,0,1,2,2,13
,2019-32474,39.740002,-104.991611,2/20/2019 11:10,11:10,1,0,0,COLFAX AVENUE WEST & COURT PLACE,1,1,0,0,1,1,,0,30,0,0,0,0,0,2,2,13
,2019-32475,39.740002,-104.991611,5/17/2019 8:04,8:04,3,0,0,COLFAX AVENUE WEST & COURT PLACE,1,1,0,0,1,1,,0,30,0,0,0,0,0,2,2,14
,2019-32476,39.740002,-104.991611,5/30/2019 17:26,17:26,10,0,1,COLFAX AVENUE WEST & 14TH STREET,1,1,0,0,1,1,,0,30,0,0,0,0,1,2,2,13
,2019-32477,39.740002,-104.991611,8/21/2019 15:10,15:10,15,0,0,COLFAX AVENUE WEST & COURT PLACE / CHEROKEE STREET,1,1,0,0,1,4,,0,30,0,0,0,0,0,2,2,13
,2019-32478,39.74006,-104.9903,12/22/2019 17:00,17:00,12,0,0,14TH STREET & COLFAX AVENUE WEST,1,3,0,0,1,1,,0,25,0,0,0,0,0,2,2,14
,2019-32479,39.740067,-104.991653,12/15/2019 19:15,19:15,12,0,0,COLFAX AVENUE WEST & COURT PLACE,1,3,0,0,1,4,,0,35,0,0,0,0,0,2,2,13
,2019-3248,39.67982661,-105.0422912,11/29/2019 10:02,10:02,5,0,0,RALIEGH STREET 2099 SOUTH & EVANS AVENUE WEST,5,1,0,0,3,4,,0,,0,0,0,0,0,4,1,13
,2019-32480,39.740001,-104.991082,9/8/2019 17:15,17:15,15,0,0,COLFAX AVENUE WEST & BANNOCK STREET NORTH,1,1,0,0,1,4,,0,30,0,0,0,0,0,2,2,3
,2019-32481,39.739999,-104.990552,5/28/2019 9:45,9:45,12,0,0,COLFAX AVENUE WEST & BANNOCK STREET NORTH,1,1,0,0,1,3,,0,30,0,0,0,0,0,2,2,13
,2019-32482,39.740069,-104.990361,12/19/2019 9:27,9:27,12,0,0,COLFAX AVENUE WEST & BANNOCK STREET NORTH,1,1,0,0,1,4,,0,30,0,0,0,0,0,2,2,1
,2019-32483,39.739999,-104.990376,3/14/2019 6:22,6:22,5,0,0,COLFAX AVENUE WEST 200 BLOCK & BANNOCK STREET NORTH,5,3,0,0,3,4,,0,30,0,0,0,0,0,2,1,13
,2019-32484,39.739999,-104.990376,7/2/2019 9:30,9:30,12,0,0,COLFAX AVENUE WEST & BANNOCK STREET NORTH,1,1,0,0,1,1,,0,30,0,0,0,0,0,2,2,13
,2019-32485,39.739999,-104.990376,10/11/2019 11:05,11:05,10,0,0,14TH STREET / BANNOCK STREET  & COLFAX AVENUE WEST,1,1,1,0,1,1,,0,30,0,0,0,0,0,2,2,13
,2019-32486,39.74,-104.990155,8/4/2019 9:51,9:51,12,0,1,COLFAX AVENUE WEST & BANNOCK STREET ROAD SOUTH,1,1,0,0,1,4,,0,30,0,0,0,0,2,2,2,14
,2019-32487,39.74,-104.990155,10/14/2019 10:32,10:32,12,0,0,COLFAX AVENUE WEST & BANNOCK STREET NORTH,1,1,1,0,1,3,,0,25,0,0,0,0,0,2,2,3
,2019-32488,39.74002,-104.989931,10/4/2019 12:57,12:57,15,0,0,COLFAX AVENUE WEST & BANNOCK STREET NORTH,1,1,0,0,1,4,,0,30,0,0,0,0,0,2,2,13
,2019-32489,39.740505,-104.988705,10/30/2019 15:20,15:20,15,0,0,15TH STREET & COLFAX AVENUE WEST,1,1,0,0,1,3,,0,25,0,0,0,0,0,2,2,8
,2019-32490,39.740369,-104.988421,5/8/2019 15:05,15:05,15,0,0,COLFAX AVENUE WEST & 15TH STREET,2,1,0,1,1,4,,0,30,0,0,0,0,0,2,2,13
,2019-32491,39.740369,-104.988421,12/5/2019 12:04,12:04,15,0,0,COLFAX AVENUE 1400 BLOCK WEST & 15TH STREET,2,1,0,1,1,3,,0,30,0,0,0,0,0,2,2,14
,2019-32492,39.7402,-104.988197,1/27/2019 7:52,7:52,5,0,0,COLFAX AVENUE WEST & CHEYENNE PLACE NORTH,5,1,0,0,3,1,,0,30,0,0,0,0,0,2,1,13
,2019-32493,39.7402,-104.988197,4/9/2019 10:00,10:00,15,0,0,15TH STREET 100 BLOCK & COLFAX AVENUE WEST,1,1,0,0,1,1,,0,30,0,0,0,0,0,2,2,8
,2019-32494,39.7402,-104.988197,4/19/2019 16:48,16:48,15,0,0,COLFAX AVENUE WEST & 15TH STREET,1,1,0,0,1,1,,0,30,0,0,0,0,0,2,2,13
,2019-32495,39.7402,-104.988197,5/10/2019 18:25,18:25,15,0,0,COLFAX AVENUE WEST & 15TH STREET,1,1,0,0,1,1,,0,30,0,0,0,0,0,2,2,13
,2019-32496,39.7402,-104.988197,7/18/2019 9:55,9:55,15,0,0,COLFAX AVENUE WEST & 15TH STREET,1,1,0,0,1,1,,0,30,0,0,0,0,0,2,2,8
,2019-32497,39.765726,-104.9948415,4/1/2019 15:39,15:39,12,0,0,PARK AVENUE WEST & GLOBEVILLE ROAD,1,1,1,0,1,1,,0,35,0,0,0,0,0,4,2,13
,2019-32498,39.7402,-104.988197,7/22/2019 21:55,21:55,15,0,0,COLFAX AVENUE WEST & 15TH STREET,1,3,0,0,1,1,,0,30,0,0,0,0,0,2,2,13
,2019-32499,39.740569,-104.988552,10/3/2019 12:22,12:22,12,0,0,COLFAX AVENUE WEST & 15TH STREET,1,1,0,0,1,1,,0,30,0,0,0,0,0,2,3,14
,2019-32500,39.740275,-104.988103,11/22/2019 2:27,2:27,5,0,0,COLFAX AVENUE WEST & CHEYENNE PLACE,2,3,0,2,2,1,,0,30,0,0,0,0,0,2,1,5
,2019-32501,39.7402,-104.988197,12/9/2019 7:52,7:52,12,0,0,COLFAX AVENUE WEST & CHEYENNE PLACE,5,1,0,0,1,1,,0,30,0,0,0,0,0,2,2,3
,2019-32502,39.740275,-104.988106,12/12/2019 1:10,1:10,3,0,0,COLFAX AVENUE WEST & CHEYENNE PLACE,1,3,0,0,1,1,,0,30,0,0,0,0,0,2,2,13
,2019-32503,39.7402,-104.988197,12/12/2019 6:30,6:30,5,0,0,COLFAX AVENUE WEST & CHEYENNE PLACE,5,2,0,0,3,1,,0,30,0,0,0,0,0,2,1,13
,2019-32504,39.740003,-104.987664,9/19/2019 7:29,7:29,15,0,0,COLFAX AVENUE WEST & BROADWAY STREET NORTH,1,1,0,0,1,4,,0,30,0,0,0,0,0,2,2,13
,2019-32505,39.740003,-104.987664,12/14/2019 1:45,1:45,5,0,0,COLFAX AVENUE WEST & BROADWAY STREET NORTH,5,3,0,0,3,4,,0,35,0,0,0,0,0,2,1,5
,2019-32506,39.740003,-104.987563,1/21/2019 7:17,7:17,5,0,0,COLFAX AVENUE WEST & BROADWAY STREET NORTH,5,1,0,0,2,4,,0,30,0,0,0,0,0,2,1,13
,2019-32507,39.740003,-104.987563,2/28/2019 10:20,10:20,15,0,0,COLFAX AVENUE WEST & BROADWAY STREET NORTH,1,1,0,0,1,4,,0,30,0,0,0,0,0,2,2,13
,2019-32508,39.740002,-104.987333,1/26/2019 3:15,3:15,3,0,0,COLFAX AVENUE EAST & BROADWAY STREET NORTH,1,3,0,0,1,1,,0,30,0,0,0,0,0,2,3,1
,2019-32509,39.740002,-104.987333,2/16/2019 0:15,0:15,3,0,0,COLFAX AVENUE EAST & BROADWAY STREET NORTH,1,4,0,0,1,1,,0,35,0,0,0,0,0,2,2,13
,2019-3251,39.69309524,-105.0338277,5/20/2019 15:57,15:57,6,0,0,LOUISIANA AVENUE WEST & LOWELL BOULEVARD SOUTH,2,1,0,1,1,4,,0,25,0,0,0,0,0,4,2,13
,2019-32510,39.692817,-105.053193,8/31/2019 20:50,20:50,12,0,0,SHERIDAN BOULEVARD SOUTH & LOUISIANA AVENUE WEST,1,3,0,0,1,4,,0,40,0,0,0,0,0,2,2,3
,2019-32511,39.765726,-104.9948415,6/3/2019 21:53,21:53,3,0,0,PARK AVENUE WEST & GLOBEVILLE ROAD NORTH,1,3,0,0,1,1,,0,35,0,0,0,0,0,4,2,5
,2019-32512,39.765726,-104.9948415,6/8/2019 13:00,13:00,3,0,0,PARK AVENUE WEST & GLOBEVILLE ROAD NORTH,1,1,1,0,1,1,,0,35,0,0,0,0,0,4,2,7
,2019-32513,39.740002,-104.987333,2/25/2019 11:00,11:00,12,0,0,COLFAX AVENUE WEST & BROADWAY STREET NORTH,1,1,0,0,1,1,,0,30,0,0,0,0,0,2,2,13
,2019-32514,39.740002,-104.987333,4/9/2019 10:40,10:40,15,0,0,BROADWAY STREET NORTH & COLFAX AVENUE EAST,1,1,0,0,1,1,,0,35,0,0,0,0,0,2,2,13
,2019-32515,39.740002,-104.987333,8/7/2019 16:33,16:33,12,0,0,BROADWAY STREET NORTH & COLFAX AVENUE EAST,1,1,0,0,1,1,,0,30,0,0,0,0,0,2,3,8
,2019-32516,39.740002,-104.987333,12/11/2019 18:40,18:40,15,0,0,BROADWAY STREET NORTH & COLFAX AVENUE EAST,1,3,0,0,1,1,,0,30,0,0,0,0,0,2,2,13
,2019-32517,39.740001,-104.987144,1/31/2019 10:37,10:37,15,0,0,COLFAX AVENUE EAST & BROADWAY,1,1,0,0,1,4,,0,30,0,0,0,0,0,2,2,13
,2019-32518,39.740001,-104.987144,8/12/2019 8:30,8:30,12,0,0,COLFAX AVENUE EAST & BROADWAY STREET NORTH,1,1,1,0,1,3,,0,30,0,0,0,0,0,2,2,13
,2019-32519,39.740001,-104.987144,9/29/2019 2:50,2:50,12,0,2,COLFAX AVENUE WEST & BROADWAY STREET NORTH,1,3,0,0,1,3,,0,35,0,0,0,0,1,2,2,13
,2019-32520,39.740001,-104.987144,10/18/2019 20:16,20:16,12,0,0,COLFAX AVENUE EAST & BROADWAY STREET NORTH,1,3,0,0,1,3,,0,30,0,0,0,0,0,2,2,5
,2019-32521,39.740007,-104.986199,2/9/2019 2:30,2:30,1,0,0,LINCOLN STREET NORTH & COLFAX AVENUE EAST,2,3,0,0,1,1,,0,35,0,0,0,0,0,2,2,5
,2019-32522,39.692817,-105.053193,12/23/2019 17:25,17:25,12,0,1,SHERIDAN BOULEVARD SOUTH & LOUISIANA AVENUE WEST,1,3,0,0,1,4,,0,40,0,0,0,0,1,2,3,12
,2019-32523,39.740007,-104.986199,2/18/2019 16:48,16:48,1,0,2,COLFAX AVENUE EAST & LINCOLN STREET NORTH,1,1,0,0,1,1,,0,30,0,0,0,0,1,2,4,13
,2019-32524,39.740007,-104.986199,3/4/2019 16:51,16:51,12,0,0,COLFAX AVENUE EAST & LINCOLN STREET NORTH,2,1,0,0,1,1,,0,35,0,0,0,0,0,2,3,3
,2019-32525,39.740007,-104.986199,3/11/2019 6:39,6:39,12,0,0,COLFAX AVENUE 100 BLOCK EAST & LINCOLN STREET NORTH,1,3,1,0,1,1,,0,35,0,0,0,0,0,2,2,12
,2019-32526,39.740064,-104.986136,7/3/2019 21:58,21:58,15,0,0,LINCOLN STREET NORTH & COLFAX AVENUE EAST,1,3,0,0,1,1,,0,40,0,0,0,0,0,2,2,5
,2019-32527,39.740007,-104.986199,8/21/2019 8:36,8:36,15,0,0,LINCOLN STREET NORTH & COLFAX AVENUE EAST,1,1,0,0,1,1,,0,30,0,0,0,0,0,2,2,3
,2019-32528,39.740007,-104.986199,9/9/2019 12:20,12:20,12,0,0,LINCOLN STREET NORTH & COLFAX AVENUE EAST,1,1,0,0,1,1,,0,30,0,0,0,0,0,2,2,13
,2019-32529,39.740007,-104.986199,10/7/2019 6:21,6:21,15,0,0,COLFAX AVENUE EAST & LINCOLN STREET NORTH,1,1,0,0,1,1,,0,30,0,0,0,0,0,2,2,3
,2019-32530,39.740061,-104.986136,11/24/2019 10:35,10:35,3,0,2,LINCOLN STREET NORTH & COLFAX AVENUE EAST,1,1,0,0,1,1,,0,30,0,0,0,0,1,2,2,13
,2019-32531,39.740007,-104.986011,4/19/2019 19:26,19:26,12,0,1,COLFAX AVENUE EAST & LINCOLN STREET NORTH,1,3,1,0,1,3,,0,30,0,0,0,0,1,2,4,1
,2019-32532,39.740007,-104.986011,11/5/2019 8:48,8:48,12,0,0,COLFAX AVENUE EAST & LINCOLN STREET NORTH,1,1,1,0,1,4,,0,30,0,0,0,0,0,2,2,5
,2019-32533,39.740005,-104.985632,10/6/2019 16:45,16:45,12,0,1,COLFAX AVENUE EAST & LINCOLN STREET NORTH,1,1,1,0,1,4,,0,30,0,0,0,0,1,2,2,13