id,drcog_id,latitude,longitude,crashtime,time,crashtype,numbkilled,numbinjurd,drcoglocat,rdconditin,lightngcon,roadcntgrd,weatherco,location,roaddescrp,schoolzone,constrzone,splimit,bikeinv,sctrinv,pedinv,motoinv,svrty,rdsystem,ttlvehcls,hcf
,2019-32534,39.739995,-104.985255,5/14/2019 11:45,11:45,12,0,1,COLFAX AVENUE EAST & SHERMAN STREET NORTH,1,1,1,0,1,4,,0,30,0,0,0,0,1,2,2,13
,2019-32535,39.765726,-104.9948415,6/11/2019 9:40,9:40,1,0,0,PARK AVENUE WEST & GLOBEVILLE ROAD,1,1,0,0,1,1,,0,35,0,0,0,0,0,4,2,14
,2019-32536,39.740029,-104.984894,2/21/2019 14:32,14:32,12,0,3,COLFAX AVENUE EAST & SHERMAN STREET NORTH,1,1,1,0,1,1,,0,30,0,0,0,0,2,2,3,8
,2019-32537,39.740029,-104.984894,4/19/2019 12:28,12:28,1,0,0,COLFAX AVENUE EAST & SHERMAN STREET NORTH,1,1,0,0,1,1,,0,25,0,0,0,0,0,2,2,14
,2019-32538,39.740029,-104.984894,5/28/2019 22:30,22:30,12,0,0,COLFAX AVENUE EAST & SHERMAN STREET NORTH,2,3,0,1,1,1,,0,30,0,0,0,0,0,2,2,8
,2019-32539,39.740029,-104.984894,6/13/2019 4:52,4:52,10,0,0,COLFAX AVENUE 200 BLOCK EAST & SHERMAN STREET,1,3,0,0,1,1,,0,,0,0,0,0,0,2,2,13
,2019-3254,39.732894,-104.903469,11/30/2019 12:18,12:18,12,0,1,QUEBEC STREET NORTH & 11TH AVENUE EAST,2,1,0,0,1,4,,0,30,0,0,0,0,1,4,3,14
,2019-32540,39.740029,-104.984894,10/17/2019 10:57,10:57,15,0,0,COLFAX AVENUE EAST & SHERMAN STREET NORTH,1,1,0,0,1,1,,0,25,0,0,0,0,0,2,2,14
,2019-32541,39.740041,-104.983517,1/1/2019 15:38,15:38,3,0,1,COLFAX AVENUE EAST & GRANT STREET NORTH,4,1,0,0,1,1,,0,30,0,0,0,0,1,2,2,8
,2019-32542,39.740041,-104.983517,1/19/2019 9:20,9:20,3,0,1,COLFAX AVENUE EAST & GRANT STREET NORTH,1,1,0,0,1,1,,0,30,0,0,0,0,2,2,2,7
,2019-32543,39.740041,-104.983517,2/7/2019 11:00,11:00,10,0,0,GRANT STREET NORTH & COLFAX AVENUE EAST,2,1,0,0,1,1,,0,35,0,0,0,0,0,2,2,13
,2019-32544,39.740041,-104.983517,3/22/2019 12:50,12:50,15,0,1,COLFAX AVENUE EAST & GRANT STREET NORTH,1,1,0,0,1,1,,0,30,0,0,0,0,1,2,2,8
,2019-32545,39.740041,-104.983517,4/20/2019 18:00,18:00,15,0,0,COLFAX AVENUE EAST & GRANT STREET NORTH,1,1,0,0,1,1,,0,30,0,0,0,0,0,2,2,13
,2019-32546,39.740041,-104.983517,6/5/2019 17:33,17:33,12,0,1,COLFAX AVENUE EAST & GRANT STREET NORTH,1,1,0,0,1,1,,0,30,0,0,0,0,1,2,2,1
,2019-32547,39.692817,-105.053193,2/23/2019 21:45,21:45,8,0,0,SHERIDAN BOULEVARD SOUTH & LOUISIANA AVENUE WEST,1,3,0,0,1,1,,0,35,0,0,0,0,0,2,2,5
,2019-32548,39.740041,-104.983517,6/17/2019 15:00,15:00,3,0,0,COLFAX AVENUE EAST & GRANT STREET NORTH,1,1,0,0,1,1,,0,35,0,0,0,0,0,2,2,13
,2019-32549,39.740041,-104.983517,6/30/2019 0:36,0:36,10,0,0,COLFAX AVENUE EAST & GRANT STREET NORTH,1,3,0,0,1,1,,0,35,0,0,0,0,0,2,2,13
,2019-32550,39.740041,-104.983517,7/27/2019 13:43,13:43,3,0,0,COLFAX AVENUE EAST & GRANT STREET NORTH,1,1,0,0,1,1,,0,30,0,0,0,0,0,2,2,13
,2019-32551,39.74004,-104.983363,11/14/2019 14:43,14:43,15,0,0,COLFAX AVENUE EAST & GRANT STREET NORTH,1,1,0,0,1,3,,0,35,0,0,0,0,0,2,2,3
,2019-32552,39.74003,-104.982271,2/10/2019 18:38,18:38,1,0,0,COLFAX AVENUE EAST & LOGAN STREET NORTH,1,3,0,0,1,1,,0,30,0,0,0,0,0,2,2,13
,2019-32553,39.74003,-104.982271,2/18/2019 20:25,20:25,1,0,0,COLFAX AVENUE EAST & LOGAN STREET NORTH,1,3,1,0,1,1,,0,30,0,0,0,0,0,2,2,7
,2019-32554,39.74003,-104.982271,3/7/2019 14:22,14:22,15,0,0,COLFAX AVENUE EAST & LOGAN STREET NORTH,1,1,0,0,1,1,,0,30,0,0,0,0,0,2,2,1
,2019-32555,39.74003,-104.982271,3/20/2019 7:45,7:45,6,0,0,COLFAX AVENUE EAST & LOGAN STREET NORTH,1,1,0,0,1,1,,0,30,0,0,0,0,0,2,2,14
,2019-32556,39.74003,-104.982271,3/22/2019 11:21,11:21,3,0,0,COLFAX AVENUE EAST & LOGAN STREET NORTH,1,1,0,0,1,1,,0,,0,0,0,0,0,2,2,13
,2019-32557,39.74003,-104.982271,3/31/2019 17:54,17:54,3,0,0,COLFAX AVENUE EAST & LOGAN STREET NORTH,1,1,0,0,1,1,,0,25,0,0,0,0,0,2,2,8
,2019-32558,39.74003,-104.982271,4/8/2019 14:30,14:30,12,0,0,COLFAX AVENUE EAST & LOGAN STREET NORTH,1,1,0,0,1,1,,0,30,0,0,0,0,0,2,2,14
,2019-32559,39.74003,-104.982271,4/14/2019 21:10,21:10,3,0,2,COLFAX AVENUE EAST & LOGAN STREET NORTH,1,3,0,0,1,1,,0,25,0,0,0,0,1,2,2,13
,2019-3256,39.716613,-105.0518295,7/5/2019 17:05,17:05,5,0,0,ZENOBIA STREET NORTH & 5 NORTH ZENOBIA STREET,1,1,1,1,2,5,,0,15,0,0,0,0,0,4,1,3
,2019-32560,39.74003,-104.982271,4/25/2019 15:43,15:43,1,0,0,COLFAX AVENUE EAST & LOGAN STREET NORTH,1,1,0,0,1,1,,0,35,0,0,0,0,0,2,2,3
,2019-32561,39.74003,-104.982271,10/14/2019 14:45,14:45,3,0,2,COLFAX AVENUE EAST & LOGAN STREET NORTH,1,1,0,0,1,1,,0,30,0,0,0,0,1,2,2,13
,2019-32562,39.74003,-104.982271,10/28/2019 11:00,11:00,15,0,0,COLFAX AVENUE EAST & LOGAN STREET NORTH,6,1,0,0,1,1,,0,30,0,0,0,0,0,2,2,7
,2019-32563,39.740027,-104.9819,6/29/2019 18:00,18:00,15,0,1,COLFAX AVENUE EAST & PENNSYLVANIA STREET NORTH,1,1,0,0,1,4,,0,35,0,0,0,0,1,2,2,13
,2019-32564,39.74002,-104.981157,2/5/2019 12:20,12:20,6,0,0,COLFAX AVENUE EAST & PENNSYLVANIA STREET NORTH,1,1,0,0,1,1,,0,30,0,0,0,0,0,2,2,1
,2019-32565,39.740012,-104.980254,9/13/2019 21:50,21:50,3,0,0,COLFAX AVENUE EAST & PENNSYLVANIA STREET NORTH,1,3,0,0,1,5,,0,10,0,0,0,0,0,2,2,1
,2019-32566,39.740008,-104.97989,1/21/2019 2:40,2:40,3,0,1,COLFAX AVENUE EAST & PEARL STREET NORTH,1,3,0,0,1,1,,0,,0,0,0,0,1,2,2,13
,2019-32567,39.740007,-104.979685,6/13/2019 10:50,10:50,6,0,0,COLFAX AVENUE EAST & PEARL STREET NORTH,1,1,0,0,3,4,,0,30,0,0,0,0,0,2,2,13
,2019-32568,39.740019,-104.979328,12/30/2019 23:50,23:50,15,0,0,COLFAX AVENUE 600 BLOCK EAST & PEARL STREET NORTH,5,3,0,0,1,4,,0,25,0,0,0,0,0,2,2,13
,2019-32569,39.740001,-104.979071,1/7/2019 22:00,22:00,15,0,0,COLFAX AVENUE EAST & PEARL STREET NORTH,1,3,0,0,1,2,,0,35,0,0,0,0,0,2,2,13
,2019-32570,39.739998,-104.978671,2/20/2019 14:00,14:00,12,0,0,COLFAX AVENUE EAST & WASHINGTON STREET NORTH,1,1,0,0,1,1,,0,30,0,0,0,0,0,2,2,13
,2019-32571,39.739998,-104.978671,3/20/2019 13:33,13:33,12,0,0,COLFAX AVENUE EAST & WASHINGTON STREET NORTH,1,1,0,0,1,1,,0,30,0,0,0,0,0,2,3,14
,2019-32572,39.740024,-104.978612,5/22/2019 20:43,20:43,1,0,0,COLFAX AVENUE EAST & WASHINGTON STREET NORTH,2,3,0,0,1,1,,0,30,0,0,0,0,0,2,2,13
,2019-32573,39.739998,-104.978671,9/20/2019 1:30,1:30,12,0,0,COLFAX AVENUE EAST & WASHINGTON STREET NORTH,1,3,0,0,1,1,,0,30,0,0,0,0,0,2,2,5
,2019-32574,39.739998,-104.978671,10/12/2019 21:00,21:00,12,0,1,WASHINGTON STREET NORTH & COLFAX AVENUE EAST,1,3,0,0,1,1,,0,30,0,0,0,0,2,2,2,13
,2019-32575,39.739998,-104.978494,6/21/2019 23:15,23:15,15,0,0,COLFAX AVENUE EAST & WASHINGTON STREET NORTH,1,3,0,0,1,4,,0,30,0,0,0,0,0,2,2,13
,2019-32576,39.739999,-104.978316,11/10/2019 2:55,2:55,12,0,0,COLFAX AVENUE EAST & WASHINGTON STREET NORTH,1,3,0,0,1,4,,0,30,0,0,0,0,0,2,2,13
,2019-32577,39.74,-104.977783,4/11/2019 15:15,15:15,12,0,0,COLFAX AVENUE 700 BLOCK EAST & CLARKSON STREET NORTH,1,1,0,0,1,1,,0,30,0,0,0,0,0,2,2,13
,2019-32578,39.74,-104.977783,10/3/2019 17:29,17:29,12,0,0,COLFAX AVENUE EAST & CLARKSON STREET NORTH,1,1,0,0,1,3,,0,35,0,0,0,0,0,2,2,13
,2019-32579,39.739875,-104.978625,11/8/2019 0:27,0:27,6,0,0,COLFAX AVENUE EAST & CLARKSON STREET NORTH,1,3,0,0,1,4,,0,30,0,0,0,0,0,2,3,5
,2019-3258,39.75892052,-105.0346158,5/20/2019 18:05,18:05,3,0,0,LOWELL BOULEVARD NORTH 2900 BLOCK & 29TH AVENUE WEST,2,2,0,1,1,5,,0,30,0,0,0,0,0,4,2,13
,2019-32580,39.74,-104.977603,5/6/2019 15:15,15:15,15,0,1,COLFAX AVENUE 700 BLOCK EAST & CLARKSON AVENUE NORTH,1,1,0,0,1,4,,0,30,0,0,0,0,1,2,2,13
,2019-32581,39.74,-104.977603,8/26/2019 22:29,22:29,15,0,0,COLFAX AVENUE EAST & CLARKSON STREET NORTH,1,3,0,0,1,3,,0,30,0,0,0,0,0,2,2,7
,2019-32582,39.74,-104.977603,10/23/2019 23:50,23:50,15,0,0,COLFAX AVENUE EAST & CLARKSON STREET NORTH,2,3,0,2,1,1,,0,30,0,0,0,0,0,2,2,13
,2019-32583,39.74,-104.977603,12/2/2019 22:22,22:22,1,0,0,COLFAX AVENUE EAST & CLARKSON STREET NORTH,1,3,0,0,1,1,,0,30,0,0,0,0,0,2,2,13
,2019-32584,39.74,-104.977412,2/8/2019 1:26,1:26,1,0,1,COLFAX AVENUE 800 BLOCK EAST & CLARKSON STREET NORTH,4,3,0,0,1,4,,0,30,0,0,0,0,1,2,2,13
,2019-32585,39.740002,-104.976445,4/19/2019 13:15,13:15,3,0,0,EMERSON STREET NORTH & COLFAX AVENUE EAST,1,1,0,0,1,1,,0,25,0,0,0,0,0,2,2,13
,2019-32586,39.740004,-104.975431,7/15/2019 15:55,15:55,12,0,0,COLFAX AVENUE EAST & OGDEN STREET,1,1,0,0,1,3,,0,30,0,0,0,0,0,2,2,13
,2019-32587,39.740005,-104.975258,3/14/2019 17:12,17:12,15,0,0,OGDEN STREET NORTH & COLFAX AVENUE EAST,1,1,0,0,1,1,,0,30,0,0,0,0,0,2,2,14
,2019-32588,39.740005,-104.975258,6/20/2019 16:58,16:58,3,0,1,COLFAX AVENUE EAST & OGDEN STREET,1,1,0,0,1,1,,0,25,0,0,0,0,1,2,2,14
,2019-32589,39.740005,-104.975258,8/23/2019 11:54,11:54,3,0,0,COLFAX AVENUE EAST & OGDEN STREET,1,1,0,0,1,1,,0,30,0,0,0,0,0,2,2,13
,2019-32590,39.740005,-104.975258,11/28/2019 23:00,23:00,6,0,0,OGDEN STREET 1400 BLOCK NORTH & COLFAX AVENUE EAST,10,4,0,2,1,4,,0,,0,0,0,0,0,2,2,13
,2019-32591,39.740006,-104.974736,7/11/2019 15:14,15:14,12,0,0,COLFAX AVENUE EAST & OGDEN STREET,1,1,0,0,1,1,,0,30,0,0,0,0,0,2,2,14
,2019-32592,39.740006,-104.974736,7/26/2019 0:25,0:25,12,0,1,COLFAX AVENUE EAST & OGDEN STREET,1,3,0,0,1,1,,0,35,0,0,0,0,1,2,2,5
,2019-32593,39.740006,-104.974571,9/4/2019 15:02,15:02,12,0,0,COLFAX AVENUE EAST & OGDEN STREET,1,1,0,0,1,2,,0,30,0,0,0,0,0,2,3,12
,2019-32594,39.740008,-104.973453,1/12/2019 7:40,7:40,10,0,0,DOWNING STREET NORTH  & COLFAX AVENUE EAST,2,1,0,2,1,1,,0,30,0,0,0,0,0,2,2,1
,2019-32595,39.740013,-104.970931,3/28/2019 12:46,12:46,6,0,0,COLFAX AVENUE EAST & LAFAYETTE STREET NORTH,1,1,0,0,1,4,,0,30,0,0,0,0,0,2,2,14
,2019-32596,39.740008,-104.973453,2/10/2019 0:38,0:38,15,0,0,DOWNING STREET NORTH & COLFAX AVENUE EAST,1,3,0,0,1,1,,0,30,0,0,0,0,0,2,2,6
,2019-32597,39.740008,-104.973453,2/14/2019 20:44,20:44,15,0,0,COLFAX AVENUE EAST & DOWNING STREET NORTH,1,3,0,0,1,1,,0,30,0,0,0,0,0,2,2,1
,2019-32598,39.740008,-104.973453,2/26/2019 21:30,21:30,15,0,0,COLFAX AVENUE EAST & DOWNING STREET NORTH,2,3,0,0,1,1,,0,30,0,0,0,0,0,2,2,14
,2019-32599,39.740008,-104.973453,3/9/2019 21:44,21:44,15,0,0,COLFAX AVENUE EAST & DOWNING STREET NORTH,1,3,0,0,1,1,,0,30,0,0,0,0,0,2,2,8
,2019-32600,39.740008,-104.973453,3/19/2019 11:45,11:45,15,0,0,COLFAX AVENUE EAST & DOWNING STREET NORTH,1,1,0,0,1,1,,0,25,0,0,0,0,0,2,2,13
,2019-32601,39.740008,-104.973453,3/21/2019 22:06,22:06,10,0,0,COLFAX AVENUE EAST & DOWNING STREET NORTH,1,3,1,0,1,1,,0,25,0,0,0,0,0,2,2,8
,2019-32602,39.740008,-104.973453,3/28/2019 11:12,11:12,10,0,0,COLFAX AVENUE EAST & DOWNING STREET NORTH,2,1,0,0,1,1,,0,30,0,0,0,0,0,2,2,14
,2019-32603,39.740008,-104.973453,4/13/2019 22:35,22:35,10,0,0,COLFAX AVENUE EAST & DOWNING STREET NORTH,1,3,0,0,1,1,,0,30,0,0,0,0,0,2,2,1
,2019-32604,39.740008,-104.973453,4/23/2019 11:55,11:55,10,0,0,DOWNING STREET NORTH & COLFAX AVENUE EAST,1,1,0,0,1,1,,0,25,0,0,0,0,0,2,2,13
,2019-32605,39.740008,-104.973453,6/1/2019 11:35,11:35,10,0,0,DOWNING STREET  & COLFAX AVENUE EAST,1,1,0,0,1,1,,0,30,0,0,0,0,0,2,2,13
,2019-32606,39.740008,-104.973453,6/13/2019 7:12,7:12,10,0,0,DOWNING STREET NORTH & COLFAX AVENUE EAST,1,1,0,0,1,1,,0,30,0,0,0,0,0,2,2,8
,2019-32607,39.740008,-104.973453,8/20/2019 7:53,7:53,8,0,0,COLFAX AVENUE EAST & DOWNING STREET,1,1,0,0,1,1,,0,35,0,0,0,0,0,2,2,2
,2019-32608,39.740008,-104.973453,8/21/2019 12:49,12:49,15,0,0,DOWNING STREET  & COLFAX AVENUE EAST,1,1,0,0,1,1,,0,30,0,0,0,0,0,2,2,13
,2019-32609,39.740008,-104.973453,9/3/2019 17:30,17:30,10,0,1,DOWNING STREET  & COLFAX AVENUE EAST,1,1,0,0,1,1,,0,30,0,0,0,0,1,2,2,8
,2019-32610,39.740008,-104.973453,9/5/2019 16:38,16:38,10,0,0,DOWNING STREET  & COLFAX AVENUE EAST,1,1,0,0,1,1,,0,30,0,0,0,0,0,2,2,8
,2019-32611,39.740008,-104.973453,9/19/2019 16:00,16:00,10,0,1,DOWNING STREET  & COLFAX AVENUE EAST,1,1,0,0,1,1,,0,30,0,0,0,0,1,2,2,13
,2019-32612,39.740008,-104.973453,9/19/2019 16:50,16:50,10,0,0,DOWNING STREET  & COLFAX AVENUE EAST,1,1,0,0,1,1,,0,30,0,0,0,0,0,2,2,13
,2019-32613,39.740008,-104.973453,9/20/2019 18:05,18:05,10,0,0,DOWNING STREET  & COLFAX AVENUE EAST,1,1,0,0,1,1,,0,30,0,0,0,0,0,2,2,7
,2019-32614,39.740033,-104.973097,10/18/2019 13:22,13:22,15,0,0,COLFAX AVENUE EAST & DOWNING STREET,1,1,0,0,1,1,,0,30,0,0,0,0,0,2,2,13
,2019-32615,39.740008,-104.973453,11/1/2019 19:42,19:42,10,0,1,DOWNING STREET  & COLFAX AVENUE EAST,1,3,0,0,1,1,,0,30,0,0,0,0,1,2,2,8
,2019-32616,39.740008,-104.973453,11/10/2019 18:00,18:00,10,0,0,DOWNING STREET  & COLFAX AVENUE EAST,1,3,0,0,1,1,,0,25,0,0,0,0,0,2,2,14
,2019-32617,39.740008,-104.973453,11/22/2019 7:39,7:39,15,0,0,DOWNING STREET  & COLFAX AVENUE EAST,4,1,0,2,1,1,,0,25,0,0,0,0,0,2,2,14
,2019-32618,39.740009,-104.973218,1/27/2019 21:02,21:02,15,0,0,COLFAX AVENUE EAST & DOWNING STREET ROAD SOUTH,1,3,0,0,1,1,,0,25,0,0,0,0,0,2,2,9
,2019-32619,39.740009,-104.97298,2/19/2019 15:35,15:35,12,0,0,DOWNING STREET 1400 BLOCK NORTH & COLFAX AVENUE EAST,1,1,0,0,1,1,,0,30,0,0,0,0,0,2,2,13
,2019-3262,39.70931233,-104.9818133,9/6/2019 13:30,13:30,5,0,0,DAKOTA AVENUE EAST & PENNSYLVANIA STREET SOUTH,1,1,0,0,3,4,,0,25,0,0,0,0,0,4,1,13
,2019-32620,39.740009,-104.97298,6/4/2019 6:04,6:04,10,0,0,DOWNING STREET  & COLFAX AVENUE EAST,1,1,0,0,1,1,,0,35,0,0,0,0,0,2,2,8
,2019-32621,39.740009,-104.97298,7/3/2019 15:54,15:54,10,0,0,DOWNING STREET  & COLFAX AVENUE EAST,1,1,0,0,1,1,,0,30,0,0,0,0,0,2,2,8
,2019-32622,39.740009,-104.97298,7/13/2019 8:45,8:45,15,0,0,DOWNING STREET  & COLFAX AVENUE EAST,1,1,0,0,1,1,,0,30,0,0,0,0,0,2,2,14
,2019-32623,39.740009,-104.97298,8/24/2019 12:55,12:55,12,0,0,DOWNING STREET  & COLFAX AVENUE EAST,1,1,0,0,1,1,,0,30,0,0,0,0,0,2,2,13
,2019-32624,39.739974,-104.961015,1/29/2019 17:30,17:30,6,0,0,GAYLORD STREET 1600 NORTH & COLFAX AVENUE EAST,4,2,0,0,1,4,,0,25,0,0,0,0,0,2,2,5
,2019-32625,39.740033,-104.973094,12/18/2019 9:15,9:15,10,0,0,DOWNING STREET NORTH & COLFAX AVENUE EAST,1,1,0,0,1,1,,0,25,0,0,0,0,0,2,2,13
,2019-32626,39.740033,-104.973094,12/20/2019 11:27,11:27,10,0,0,DOWNING STREET NORTH & COLFAX AVENUE EAST,1,1,0,0,1,1,,0,30,0,0,0,0,0,2,2,13
,2019-32627,39.740009,-104.972784,6/28/2019 13:35,13:35,15,0,0,COLFAX AVENUE EAST & DOWNING STREET,1,1,0,0,1,3,,0,30,0,0,0,0,0,2,2,14
,2019-32628,39.740009,-104.972784,9/20/2019 12:43,12:43,12,0,0,COLFAX AVENUE EAST & DOWNING STREET,1,1,0,0,1,3,,0,30,0,0,0,0,0,2,3,13
,2019-32629,39.74001,-104.972588,9/30/2019 14:35,14:35,3,0,0,COLFAX AVENUE EAST & DOWNING STREET,1,2,0,0,1,2,,0,15,0,0,0,0,0,2,2,13
,2019-3263,39.73262835,-104.9597981,9/8/2019 12:44,12:44,15,0,0,YORK STREET NORTH & 11TH AVENUE EAST,1,1,0,0,1,4,,0,30,0,0,0,0,0,4,2,13
,2019-32630,39.740011,-104.972196,9/18/2019 18:15,18:15,3,0,1,COLFAX AVENUE EAST & MARION STREET,1,1,0,0,1,1,,0,30,0,0,0,0,1,2,2,1
,2019-32631,39.740011,-104.972037,4/4/2019 16:50,16:50,12,0,0,COLFAX AVENUE EAST & MARION STREET NORTH,1,1,0,0,1,4,,0,35,0,0,0,0,0,2,3,13
,2019-32632,39.740011,-104.971893,7/31/2019 22:03,22:03,1,0,2,COLFAX AVENUE EAST & MARION STREET,2,3,0,1,1,1,,0,35,0,0,0,0,2,2,2,8
,2019-32633,39.740011,-104.971893,11/18/2019 23:12,23:12,3,0,0,COLFAX AVENUE EAST & MARION STREET,1,3,0,0,1,1,,0,,0,0,0,0,0,2,4,13
,2019-32634,39.740031,-104.971181,6/11/2019 8:25,8:25,15,0,0,COLFAX AVENUE EAST & 1200 BLOCK EAST,1,1,0,0,1,4,,0,35,0,0,0,0,0,2,2,13
,2019-32635,39.740011,-104.97118,9/16/2019 15:19,15:19,15,0,0,COLFAX AVENUE EAST & 1200 BLOCK EAST,1,1,0,0,1,4,,0,30,0,0,0,0,0,2,2,13
,2019-32636,39.740028,-104.970728,10/7/2019 20:56,20:56,6,0,0,COLFAX AVENUE EAST & LAFAYETTE STREET,1,1,0,0,1,3,,0,30,0,0,0,0,0,2,2,1
,2019-32637,39.740013,-104.970931,8/26/2019 2:55,2:55,3,0,0,COLFAX AVENUE EAST & LAFAYETTE STREET,1,3,0,0,1,1,,0,30,0,0,0,0,0,2,2,2
,2019-32639,39.740013,-104.970799,1/17/2019 20:40,20:40,15,0,0,COLFAX AVENUE EAST & LAFAYETTE STREET NORTH,1,3,0,0,1,4,,0,30,0,0,0,0,0,2,2,13
,2019-32640,39.740014,-104.970443,1/7/2019 17:16,17:16,15,0,0,COLFAX AVENUE EAST & HUMBOLDT STREET NORTH,1,3,0,0,1,4,,0,35,0,0,0,0,0,2,2,13
,2019-32641,39.740014,-104.969873,5/6/2019 1:51,1:51,6,0,0,COLFAX AVENUE 1300 BLOCK EAST & HUMBOLDT STREET EAST,1,3,0,0,1,2,,0,30,0,0,0,0,0,2,2,5
,2019-32642,39.740014,-104.969873,6/20/2019 1:30,1:30,6,0,0,COLFAX AVENUE EAST & HUMBOLDT STREET NORTH,1,3,0,0,1,3,,0,30,0,0,0,0,0,2,2,5
,2019-32643,39.740014,-104.969873,6/21/2019 9:47,9:47,6,0,0,COLFAX AVENUE EAST & HUMBOLDT STREET NORTH,1,1,0,0,1,4,,0,30,0,0,0,0,0,2,2,13
,2019-32644,39.740011,-104.968461,12/21/2019 19:28,19:28,10,0,0,COLFAX AVENUE EAST & PARK AVENUE,1,5,0,0,1,1,,0,,0,0,0,0,0,2,2,13
,2019-32645,39.740014,-104.969683,1/23/2019 15:50,15:50,15,0,0,COLFAX AVENUE 1500 EAST & HUMBOLDT STREET NORTH,1,1,0,0,1,4,,0,35,0,0,0,0,0,2,2,13
,2019-32646,39.740014,-104.969683,3/18/2019 11:30,11:30,6,0,0,COLFAX AVENUE EAST & HUMBOLDT STREET NORTH,1,1,0,0,1,1,,0,,0,0,0,0,0,2,2,13
,2019-32647,39.739983,-104.959843,11/4/2019 13:30,13:30,6,0,0,COLFAX AVENUE EAST & YORK STREET NORTH,1,1,0,0,1,3,,0,25,0,0,0,0,0,2,2,13
,2019-32648,39.740013,-104.969295,3/18/2019 14:10,14:10,12,0,0,COLFAX AVENUE 1500 BLOCK EAST & PARK AVENUE,1,1,0,0,1,4,,0,30,0,0,0,0,0,2,2,13
,2019-32649,39.73988,-104.9694,11/29/2019 21:36,21:36,6,0,0,COLFAX AVENUE EAST & 1500 BLOCK EAST,6,3,0,2,1,4,,0,35,0,0,0,0,0,2,2,14
,2019-3265,39.73563,-104.90346,12/2/2019 19:15,19:15,3,0,0,QUEBEC STREET NORTH & 12TH AVENUE EAST,8,3,0,0,1,1,,0,,0,0,0,0,0,4,2,13
,2019-32650,39.740012,-104.969102,4/14/2019 20:24,20:24,6,0,0,COLFAX AVENUE & 1520 EAST,1,3,0,0,1,4,,0,30,0,0,0,0,0,2,2,13
,2019-32651,39.740135,-104.945057,5/12/2019 20:00,20:00,5,0,0,COLFAX AVENUE EAST & MONROE STREET,1,3,0,0,3,4,,0,30,0,0,0,0,0,2,1,13
,2019-32652,39.74001,-104.968714,5/23/2019 10:59,10:59,6,0,0,COLFAX AVENUE EAST & FRANKLIN STREET NORTH,1,1,0,0,1,4,,0,30,0,0,0,0,0,2,2,14
,2019-32653,39.74001,-104.968714,6/14/2019 12:53,12:53,6,0,0,COLFAX AVENUE 1500 BLOCK EAST & FRANKLIN STREET NORTH,1,1,0,0,1,4,,0,30,0,0,0,0,0,2,2,14
,2019-32654,39.74001,-104.968714,11/28/2019 2:20,2:20,5,0,1,COLFAX AVENUE & 1570 EAST,5,3,0,2,3,1,,0,35,0,0,0,0,2,2,1,5
,2019-32655,39.740009,-104.96852,2/8/2019 18:54,18:54,12,0,0,COLFAX AVENUE EAST & FRANKLIN STREET NORTH,5,3,0,0,1,3,,0,30,0,0,0,0,0,2,2,8
,2019-32656,39.740009,-104.96852,2/8/2019 21:39,21:39,12,0,0,COLFAX AVENUE EAST & FRANKLIN STREET NORTH,9,3,0,0,1,3,,0,30,0,0,0,0,0,2,2,12
,2019-32657,39.740009,-104.96852,5/29/2019 12:19,12:19,3,0,0,COLFAX AVENUE EAST & PARK AVENUE WEST,1,1,0,0,1,1,,0,30,0,0,0,0,0,2,2,14
,2019-32658,39.740009,-104.96852,7/2/2019 21:40,21:40,12,0,0,COLFAX AVENUE EAST & FRANKLIN STREET NORTH,1,3,0,0,1,1,,0,30,0,0,0,0,0,2,2,1
,2019-32659,39.740011,-104.968464,10/7/2019 12:39,12:39,3,0,1,COLFAX AVENUE EAST & FRANKLIN STREET NORTH,1,1,0,0,1,1,,0,30,0,0,0,0,1,2,2,8
,2019-32660,39.740009,-104.96852,11/19/2019 19:54,19:54,12,0,0,FRANKLIN STREET NORTH & COLFAX AVENUE EAST,1,3,0,0,1,1,,0,,0,0,0,0,0,2,2,13
,2019-32661,39.740009,-104.96852,12/2/2019 9:01,9:01,12,0,0,COLFAX AVENUE EAST & FRANKLIN STREET NORTH,6,1,0,0,1,1,,0,25,0,0,0,0,0,2,2,14
,2019-32662,39.740147,-104.949392,4/14/2019 17:30,17:30,6,0,0,COLFAX AVENUE EAST & STEELE STREET,1,2,0,0,1,1,,0,,0,0,0,0,0,2,2,13
,2019-32663,39.740008,-104.968331,5/28/2019 14:22,14:22,12,0,0,COLFAX AVENUE EAST & HUMBOLDT STREET NORTH,1,1,0,0,1,4,,0,30,0,0,0,0,0,2,3,8
,2019-32664,39.740008,-104.968331,6/12/2019 15:17,15:17,15,0,0,COLFAX AVENUE EAST & FRANKLIN STREET NORTH,1,1,0,0,1,3,,0,30,0,0,0,0,0,2,2,8
,2019-32665,39.740006,-104.967771,5/28/2019 12:45,12:45,12,0,1,COLFAX AVENUE EAST & GILPIN STREET NORTH,1,1,0,0,1,4,,0,30,0,0,0,0,1,2,2,13
,2019-32666,39.740006,-104.967771,6/24/2019 16:59,16:59,6,0,0,COLFAX AVENUE EAST & FRANKLIN STREET NORTH,1,1,0,0,1,4,,0,30,0,0,0,0,0,2,2,13