id,drcog_id,latitude,longitude,crashtime,time,crashtype,numbkilled,numbinjurd,drcoglocat,rdconditin,lightngcon,roadcntgrd,weatherco,location,roaddescrp,schoolzone,constrzone,splimit,bikeinv,sctrinv,pedinv,motoinv,svrty,rdsystem,ttlvehcls,hcf
,2019-32667,39.740003,-104.967211,1/27/2019 15:55,15:55,3,0,0,COLFAX AVENUE EAST & GILPIN STREET NORTH,1,1,0,0,1,1,,0,30,0,0,0,0,0,2,2,13
,2019-32668,39.740003,-104.967211,6/15/2019 14:02,14:02,3,0,1,COLFAX AVENUE EAST & GILPIN STREET NORTH,1,1,0,0,1,1,,0,30,0,0,0,0,1,2,2,13
,2019-32669,39.740003,-104.967211,8/1/2019 12:57,12:57,3,0,0,COLFAX AVENUE EAST & GILPIN STREET NORTH,1,1,0,0,1,1,,0,25,0,0,0,0,0,2,2,14
,2019-32670,39.740003,-104.967211,9/28/2019 14:00,14:00,1,0,0,COLFAX AVENUE EAST & GILPIN STREET NORTH,1,1,0,0,1,1,,0,,0,0,0,0,0,2,2,8
,2019-32671,39.740003,-104.967211,10/17/2019 12:50,12:50,3,0,1,COLFAX AVENUE EAST & GILPIN STREET NORTH,1,1,0,0,1,1,,0,30,0,0,0,0,1,2,2,13
,2019-32672,39.740003,-104.967211,12/12/2019 11:23,11:23,12,0,1,COLFAX AVENUE EAST & GILPIN STREET NORTH,1,1,0,0,1,1,,0,25,0,0,0,0,1,2,2,14
,2019-32673,39.740002,-104.96702,6/20/2019 14:11,14:11,12,0,1,COLFAX AVENUE EAST & GILPIN STREET NORTH,1,1,0,0,1,4,,0,35,0,0,0,0,1,2,2,3
,2019-32674,39.739999,-104.966257,3/26/2019 15:05,15:05,12,0,1,COLFAX AVENUE EAST 1700 BLOCK & WILLIAMS STREET NORTH,1,1,0,0,1,4,,0,35,0,0,0,0,1,2,2,13
,2019-32675,39.739998,-104.966067,7/31/2019 9:34,9:34,15,0,0,COLFAX AVENUE EAST & WILLIAMS STREET NORTH,1,1,0,0,1,1,,0,30,0,0,0,0,0,2,2,13
,2019-32676,39.740006,-104.965989,12/25/2019 23:19,23:19,12,0,0,COLFAX AVENUE EAST & WILLIAMS STREET NORTH,1,3,0,0,1,3,,0,35,0,0,0,0,0,2,3,13
,2019-32677,39.739993,-104.965127,10/29/2019 12:30,12:30,12,0,0,COLFAX AVENUE EAST & HIGH STREET NORTH,6,1,0,2,1,4,,0,30,0,0,0,0,0,2,2,13
,2019-32678,39.739992,-104.964751,3/21/2019 16:44,16:44,12,0,1,COLFAX AVENUE EAST & HIGH STREET NORTH,1,1,0,0,1,1,,0,30,0,0,0,0,1,2,2,8
,2019-32679,39.739992,-104.964751,9/28/2019 15:30,15:30,12,0,0,COLFAX AVENUE EAST & HIGH STREET NORTH,1,1,0,0,1,1,,0,,0,0,0,0,0,2,2,13
,2019-3268,39.73869,-104.90346,7/13/2019 18:47,18:47,12,0,0,QUEBEC STREET NORTH & 14TH AVENUE EAST,1,1,0,0,1,1,,0,25,0,0,0,0,0,4,2,13
,2019-32680,39.739991,-104.964566,1/11/2019 5:36,5:36,12,0,0,COLFAX AVENUE EAST & HIGH STREET NORTH,2,3,0,2,1,4,,0,35,0,0,0,0,0,2,2,13
,2019-32681,39.739991,-104.964566,4/24/2019 23:05,23:05,6,0,0,COLFAX AVENUE 1900 BLOCK EAST & HIGH STREET NORTH,1,3,0,0,1,4,,0,30,0,0,0,0,0,2,2,3
,2019-32682,39.739991,-104.964566,6/4/2019 15:55,15:55,15,0,0,COLFAX AVENUE EAST & HIGH STREET NORTH,1,1,0,0,1,4,,0,30,0,0,0,0,0,2,2,13
,2019-32683,39.739991,-104.964566,6/17/2019 14:42,14:42,6,0,0,COLFAX AVENUE & 1900 BLOCK EAST,1,1,0,0,1,4,,0,30,0,0,0,0,0,2,2,13
,2019-32684,39.739991,-104.964566,7/12/2019 19:13,19:13,15,0,0,COLFAX AVENUE EAST & RACE STREET NORTH,1,2,0,0,1,4,,0,30,0,0,0,0,0,2,2,8
,2019-32685,39.739991,-104.964566,10/8/2019 0:50,0:50,6,0,1,COLFAX AVENUE EAST & HIGH STREET NORTH,1,4,0,0,1,4,,0,35,0,0,0,0,2,2,2,5
,2019-32686,39.739986,-104.963641,2/19/2019 12:00,12:00,6,0,1,COLFAX AVENUE 1900 BLOCK EAST & RACE STREET NORTH,1,1,0,0,1,4,,0,35,0,0,0,0,1,2,2,13
,2019-32687,39.739986,-104.963641,11/3/2019 12:20,12:20,12,0,2,COLFAX AVENUE 1900 BLOCK EAST & RACE STREET NORTH,1,1,0,0,1,4,,0,30,0,0,0,0,1,2,3,12
,2019-32688,39.739986,-104.963455,1/22/2019 9:12,9:12,3,0,0,COLFAX AVENUE EAST & RACE STREET NORTH,2,1,0,2,1,1,,0,30,0,0,0,0,0,2,2,13
,2019-32689,39.739986,-104.963455,3/5/2019 15:35,15:35,12,0,1,COLFAX AVENUE EAST & RACE STREET NORTH,1,1,0,0,1,1,,0,30,0,0,0,0,1,2,2,13
,2019-3269,39.73869,-104.90346,10/12/2019 17:30,17:30,12,0,0,QUEBEC STREET NORTH  & 14TH AVENUE EAST,1,1,1,0,1,1,,0,30,0,0,0,0,0,4,2,13
,2019-32690,39.739986,-104.963455,7/26/2019 9:40,9:40,12,0,1,COLFAX AVENUE EAST & RACE STREET NORTH,1,1,0,0,1,1,,0,35,0,0,0,0,1,2,2,14
,2019-32691,39.739986,-104.963455,11/29/2019 15:43,15:43,15,0,0,COLFAX AVENUE EAST & RACE STREET NORTH,5,1,0,0,1,1,,0,35,0,0,0,0,0,2,2,13
,2019-32692,39.739985,-104.963261,2/13/2019 14:38,14:38,15,0,0,COLFAX AVENUE EAST & RACE STREET NORTH,1,1,0,0,1,3,,0,30,0,0,0,0,0,2,2,8
,2019-32693,39.739985,-104.963261,3/28/2019 11:03,11:03,12,0,0,COLFAX AVENUE EAST & RACE STREET NORTH,1,1,0,0,1,4,,0,35,0,0,0,0,0,2,2,13
,2019-32694,39.739984,-104.963068,4/19/2019 18:51,18:51,15,0,0,COLFAX AVENUE EAST & RACE STREET NORTH,1,1,0,0,1,4,,0,30,0,0,0,0,0,2,2,8
,2019-32695,39.739981,-104.962488,9/18/2019 15:10,15:10,6,0,0,COLFAX AVENUE EAST & VINE STREET NORTH,1,1,0,0,1,4,,0,30,0,0,0,0,0,2,2,7
,2019-32696,39.739981,-104.962488,12/4/2019 12:20,12:20,12,0,0,COLFAX AVENUE 2000 BLOCK EAST & VINE STREET NORTH,1,1,0,0,1,4,,0,30,0,0,0,0,0,2,2,13
,2019-32697,39.73998,-104.962294,7/22/2019 8:06,8:06,12,0,1,COLFAX AVENUE EAST & VINE STREET NORTH,1,1,0,0,1,1,,0,30,0,0,0,0,1,2,3,3
,2019-32698,39.73998,-104.962294,8/16/2019 15:00,15:00,6,0,0,VINE STREET NORTH & COLFAX AVENUE EAST,1,1,0,0,1,3,,0,25,0,0,0,0,0,2,2,14
,2019-32699,39.73998,-104.962294,8/20/2019 16:15,16:15,3,0,0,COLFAX AVENUE EAST & VINE STREET NORTH,1,1,0,0,1,1,,0,30,0,0,0,0,0,2,2,13
,2019-3270,39.73869,-104.90346,11/26/2019 9:22,9:22,5,0,0,QUEBEC STREET NORTH & 14TH AVENUE EAST,5,1,1,2,3,1,,0,30,0,0,0,0,0,4,1,14
,2019-32700,39.73999,-104.9622,12/31/2019 19:28,19:28,12,0,0,VINE STREET NORTH & COLFAX AVENUE EAST,4,3,0,0,1,1,,0,25,0,0,0,0,0,2,2,13
,2019-32701,39.739978,-104.961927,5/18/2019 14:48,14:48,3,0,0,COLFAX AVENUE EAST & RACE STREET NORTH,1,1,0,0,1,5,,0,5,0,0,0,0,0,2,2,14
,2019-32702,39.739975,-104.961197,11/15/2019 13:11,13:11,1,0,1,COLFAX AVENUE EAST & GAYLORD STREET NORTH,1,1,0,0,1,2,,0,30,0,0,0,0,1,2,2,8
,2019-32703,39.739974,-104.961015,4/10/2019 17:59,17:59,3,0,0,COLFAX AVENUE EAST & GAYLORD STREET NORTH,4,1,0,2,1,1,,0,25,0,0,0,0,0,2,2,13
,2019-32704,39.739974,-104.961015,11/15/2019 19:10,19:10,3,0,0,COLFAX AVENUE EAST & GAYLORD STREET NORTH,1,3,0,0,1,1,,0,30,0,0,0,0,0,2,2,2
,2019-32705,39.739981,-104.960039,6/4/2019 17:21,17:21,12,0,0,COLFAX AVENUE EAST & YORK STREET NORTH,1,1,0,0,1,3,,0,30,0,0,0,0,0,2,2,1
,2019-32706,39.73998,-104.961,12/20/2019 12:47,12:47,12,0,0,COLFAX AVENUE EAST & YORK STREET NORTH,1,1,0,0,1,4,,0,30,0,0,0,0,0,2,3,14
,2019-32707,39.739983,-104.959843,1/1/2019 12:45,12:45,3,0,0,COLFAX AVENUE EAST & YORK STREET NORTH,4,1,0,0,1,1,,0,30,0,0,0,0,0,2,2,5
,2019-32708,39.739983,-104.959843,1/3/2019 8:45,8:45,15,0,0,COLFAX AVENUE EAST & YORK STREET NORTH,1,1,0,0,1,1,,0,25,0,0,0,0,0,2,2,1
,2019-32709,39.739983,-104.959843,1/30/2019 19:12,19:12,12,0,0,COLFAX AVENUE EAST & YORK STREET NORTH,9,3,0,0,1,3,,0,30,0,0,0,0,0,2,2,3
,2019-32710,39.739983,-104.959843,2/27/2019 12:50,12:50,1,0,1,COLFAX AVENUE EAST & YORK STREET NORTH,1,1,0,0,1,1,,0,35,0,0,0,0,1,2,2,13
,2019-32711,39.739983,-104.959843,3/19/2019 16:31,16:31,12,0,0,YORK STREET NORTH & COLFAX AVENUE EAST,1,1,0,0,1,3,,0,,0,0,0,0,0,2,2,13
,2019-32712,39.739983,-104.959843,5/29/2019 11:45,11:45,3,0,0,COLFAX AVENUE EAST & YORK STREET NORTH,1,1,0,0,1,1,,0,30,0,0,0,0,0,2,2,8
,2019-32713,39.739983,-104.959843,8/10/2019 10:30,10:30,3,0,0,COLFAX AVENUE EAST & YORK STREET NORTH,1,1,0,0,1,1,,0,30,0,0,0,0,0,2,2,3
,2019-32714,39.739983,-104.959843,10/7/2019 10:50,10:50,3,0,0,COLFAX AVENUE EAST & YORK STREET NORTH,1,1,0,0,1,1,,0,30,0,0,0,0,0,2,2,1
,2019-32715,39.739983,-104.959843,10/14/2019 8:14,8:14,12,0,0,COLFAX AVENUE EAST & YORK STREET NORTH,1,1,0,0,1,1,,0,30,0,0,0,0,0,2,3,13
,2019-32716,39.740079,-104.958925,1/19/2019 20:38,20:38,12,0,0,COLFAX AVENUE EAST & JOSEPHINE STREET NORTH,1,3,0,0,1,3,,0,35,0,0,0,0,0,2,2,5
,2019-32717,39.740079,-104.958925,11/13/2019 11:44,11:44,12,0,0,COLFAX AVENUE EAST & JOSEPHINE STREET NORTH,1,1,0,0,1,3,,0,35,0,0,0,0,0,2,2,5
,2019-32718,39.74011,-104.958744,4/4/2019 8:10,8:10,12,0,0,JOSEPHINE STREET NORTH & COLFAX AVENUE EAST,1,1,0,0,1,3,,0,30,0,0,0,0,0,2,2,13
,2019-32719,39.74011,-104.958744,4/13/2019 21:35,21:35,10,0,0,ZUNI STREET NORTH & COLFAX AVENUE WEST,1,3,0,0,1,1,,0,,0,0,0,0,0,2,2,13
,2019-3272,39.762702,-104.9830783,7/15/2019 10:10,10:10,6,0,0,29TH STREET & BLAKE STREET,1,4,0,0,1,4,,0,25,0,0,0,0,0,4,2,13
,2019-32720,39.74011,-104.958744,6/11/2019 12:36,12:36,1,0,2,COLFAX AVENUE EAST & JOSEPHINE STREET NORTH,1,1,0,0,1,1,,0,30,0,0,0,0,1,2,2,5
,2019-32721,39.74011,-104.958744,7/8/2019 16:00,16:00,12,0,0,COLFAX AVENUE EAST & JOSEPHINE STREET NORTH,1,1,1,0,1,1,,0,35,0,0,0,0,0,2,2,13
,2019-32722,39.74011,-104.958744,9/25/2019 18:36,18:36,3,0,0,COLFAX AVENUE EAST & JOSEPHINE STREET NORTH,1,2,0,0,1,1,,0,30,0,0,0,0,0,2,2,1
,2019-32723,39.74011,-104.958744,10/17/2019 18:48,18:48,1,0,0,COLFAX AVENUE EAST & JOSEPHINE STREET NORTH,1,3,0,0,1,1,,0,30,0,0,0,0,0,2,2,13
,2019-32724,39.74011,-104.958744,10/25/2019 17:22,17:22,1,0,0,COLFAX AVENUE EAST & JOSEPHINE STREET NORTH,1,2,0,0,1,1,,0,35,0,0,0,0,0,2,2,1
,2019-32725,39.738544,-104.958539,11/26/2019 20:15,20:15,12,0,0,JOSEPHINE 1400 NORTH & COLFAX AVENUE EAST,4,3,0,0,1,4,,0,,0,0,0,0,0,2,2,13
,2019-32726,39.74011,-104.958744,12/1/2019 19:35,19:35,3,0,3,COLFAX AVENUE EAST & JOSEPHINE STREET NORTH,2,3,0,0,1,1,,0,30,0,0,0,0,2,2,2,8
,2019-32727,39.74011,-104.9587,12/20/2019 21:30,21:30,12,0,0,JOSEPHINE STREET NORTH & COLFAX AVENUE EAST,1,1,0,0,1,3,,0,30,0,0,0,0,0,2,2,7
,2019-32728,39.740154,-104.951817,3/6/2019 16:17,16:17,6,0,0,COLFAX AVENUE 3000 BLOCK EAST & MILWAUKEE STREET NORTH,1,1,0,0,1,4,,0,30,0,0,0,0,0,2,2,13
,2019-32729,39.740157,-104.958383,5/19/2019 16:40,16:40,12,0,0,COLFAX AVENUE EAST & JOSEPHINE STREET NORTH,1,1,0,0,1,4,,0,30,0,0,0,0,0,2,3,13
,2019-32730,39.740181,-104.957465,7/12/2019 19:07,19:07,3,0,0,COLFAX AVENUE EAST & COLUMBINE STREET / 2500 BLOCK EAST,1,2,0,0,1,1,,0,35,0,0,0,0,0,2,4,1
,2019-32731,39.740178,-104.957276,7/2/2019 15:40,15:40,6,0,0,COLFAX AVENUE EAST & COLUMBINE STREET NORTH,1,1,0,0,1,4,,0,30,0,0,0,0,0,2,4,5
,2019-32732,39.740166,-104.956146,4/5/2019 6:25,6:25,5,0,1,COLFAX AVENUE 2600 BLOCK EAST & ELIZABETH STREET NORTH,1,3,0,0,3,4,,0,35,0,0,0,0,2,2,1,2
,2019-32733,39.740164,-104.955255,9/4/2019 10:31,10:31,15,0,0,COLFAX AVENUE EAST & CLAYTON STREET,1,1,0,0,1,4,,0,30,0,0,0,0,0,2,2,13
,2019-32734,39.740164,-104.955255,10/4/2019 1:13,1:13,6,0,1,COLFAX AVENUE EAST & CLAYTON STREET NORTH,1,3,1,0,1,4,,0,30,0,0,0,0,1,2,3,10
,2019-32735,39.740163,-104.955048,1/4/2019 13:40,13:40,15,0,0,COLFAX AVENUE EAST & CLAYTON STREET NORTH,1,1,0,0,1,3,,0,30,0,0,0,0,0,2,2,7
,2019-32736,39.73991,-104.9548,12/4/2019 11:45,11:45,6,0,0,COLFAX AVENUE EAST & DETROIT STREET,1,1,0,0,1,4,,0,30,0,0,0,0,0,2,2,13
,2019-32737,39.740162,-104.954771,5/14/2019 20:54,20:54,6,0,0,COLFAX AVENUE EAST & CLAYTON STREET NORTH,1,1,0,0,1,4,,0,35,0,0,0,0,0,2,2,7
,2019-32738,39.740162,-104.954595,4/5/2019 6:50,6:50,12,0,0,COLFAX AVENUE 2800 BLOCK EAST & DETROIT STREET NORTH,1,1,0,0,1,4,,0,35,0,0,0,0,0,2,2,13
,2019-32739,39.740161,-104.954265,2/25/2019 7:31,7:31,3,0,0,COLFAX AVENUE 2600 BLOCK EAST & DETROIT STREET NORTH,1,1,1,0,1,1,,0,35,0,0,0,0,0,2,2,13
,2019-3274,39.76312069,-104.902749,5/21/2019 9:05,9:05,12,0,0,QUEBEC STREET NORTH & 1600 BLOCK NORTH,2,1,0,2,1,4,,0,35,0,0,0,0,0,4,2,7
,2019-32740,39.740159,-104.953491,1/3/2019 20:31,20:31,12,0,0,COLFAX AVENUE EAST & FILLMORE STREET NORTH,1,3,0,0,1,3,,0,30,0,0,0,0,0,2,2,13
,2019-32741,39.740158,-104.953311,8/15/2019 8:19,8:19,6,0,0,COLFAX AVENUE EAST & FILLMORE STREET ROAD NORTH,1,1,0,0,1,4,,0,35,0,0,0,0,0,2,2,14
,2019-32742,39.74017,-104.9536,12/14/2019 8:15,8:15,15,0,0,COLFAX AVENUE EAST & FILLMORE STREET,1,1,0,0,1,4,,0,30,0,0,0,0,0,2,2,1
,2019-32743,39.740157,-104.952762,2/4/2019 17:40,17:40,15,0,0,COLFAX AVENUE EAST & DOWNING STREET NORTH,1,3,0,0,1,1,,0,25,0,0,0,0,0,2,2,13
,2019-32744,39.740156,-104.952574,9/23/2019 7:49,7:49,3,0,0,COLFAX AVENUE EAST & MILWAUKEE STREET,1,1,0,0,1,2,,0,30,0,0,0,0,0,2,2,13
,2019-32745,39.740156,-104.952574,10/16/2019 13:59,13:59,6,0,0,COLFAX AVENUE EAST & MILWAUKEE STREET,1,1,0,0,1,4,,0,30,0,0,0,0,0,2,2,7
,2019-32746,39.740156,-104.952574,12/7/2019 8:40,8:40,3,0,1,COLFAX AVENUE EAST & MILWAUKEE STREET,1,1,0,0,1,2,,0,30,0,0,0,0,1,2,2,7
,2019-32747,39.740156,-104.952408,3/17/2019 13:57,13:57,3,0,0,MILWAUKEE STREET NORTH & COLFAX AVENUE EAST,1,1,0,0,1,2,,0,,0,0,0,0,0,2,2,13
,2019-32748,39.740156,-104.952408,10/4/2019 18:55,18:55,3,0,1,COLFAX AVENUE EAST & MILWAUKEE STREET,1,3,0,0,1,1,,0,35,0,0,0,0,1,2,2,13
,2019-32749,39.740155,-104.952211,6/26/2019 7:40,7:40,12,0,0,COLFAX AVENUE EAST & MILWAUKEE STREET NORTH,1,1,0,0,1,3,,0,30,0,0,0,0,0,2,2,13
,2019-3275,39.741471,-104.903451,4/10/2019 0:55,0:55,5,0,0,QUEBEC STREET NORTH & 16TH AVENUE EAST,1,3,0,0,2,1,,0,,0,0,0,0,0,4,1,13
,2019-32750,39.740155,-104.952211,8/28/2019 7:20,7:20,12,0,0,COLFAX AVENUE EAST & MILWAUKEE STREET,1,1,1,0,1,4,,0,35,0,0,0,0,0,2,2,7
,2019-32751,39.740153,-104.95161,5/19/2019 10:39,10:39,15,0,0,COLFAX AVENUE EAST & STREET PAUL STREET,1,1,0,0,1,4,,0,30,0,0,0,0,0,2,2,13
,2019-32752,39.740153,-104.95161,10/5/2019 12:26,12:26,15,0,0,COLFAX AVENUE EAST & STREET PAUL STREET,1,1,0,0,1,4,,0,35,0,0,0,0,0,2,2,13
,2019-32753,39.740152,-104.951202,9/8/2019 11:02,11:02,1,0,0,COLFAX AVENUE EAST & STREET PAUL STREET,1,1,0,0,1,1,,0,35,0,0,0,0,0,2,2,13
,2019-32754,39.740152,-104.951202,10/10/2019 14:18,14:18,12,0,0,COLFAX AVENUE EAST & STREET PAUL STREET,2,1,1,2,1,1,,0,35,0,0,0,0,0,2,2,13
,2019-32755,39.740152,-104.951026,11/15/2019 15:45,15:45,6,0,0,COLFAX AVENUE EAST & STREET PAUL STREET,1,1,0,0,1,3,,0,30,0,0,0,0,0,2,2,12
,2019-32756,39.740149,-104.950102,2/4/2019 13:25,13:25,3,0,0,COLFAX AVENUE EAST & STEELE STREET NORTH,8,1,0,0,1,1,,0,25,0,0,0,0,0,2,2,1
,2019-32757,39.740149,-104.950102,2/10/2019 11:28,11:28,12,0,0,COLFAX AVENUE EAST & STEELE STREET NORTH,1,1,0,0,1,1,,0,30,0,0,0,0,0,2,2,3
,2019-32759,39.740148,-104.949752,9/30/2019 18:55,18:55,6,0,0,COLFAX AVENUE EAST & STEELE STREET,1,2,0,0,1,4,,0,30,0,0,0,0,0,2,3,13
,2019-3276,39.68225516,-105.0274885,9/16/2019 22:53,22:53,5,0,0,JEWELL AVENUE WEST & HAZEL COURT SOUTH,1,3,0,0,2,4,,0,30,0,0,0,0,0,4,2,1
,2019-32760,39.740148,-104.94958,11/27/2019 10:20,10:20,15,0,0,COLFAX & 3200 BLOCK EAST,6,1,0,0,1,4,,0,30,0,0,0,0,0,2,2,7
,2019-32761,39.740147,-104.949392,7/9/2019 6:40,6:40,1,0,0,COLFAX AVENUE EAST & STEELE STREET NORTH,1,1,0,0,1,1,,0,35,0,0,0,0,0,2,2,14
,2019-32762,39.740147,-104.949189,1/24/2019 8:06,8:06,12,0,0,COLFAX AVENUE 3200 EAST & STEELE STREET NORTH,5,1,0,2,1,4,,0,30,0,0,0,0,0,2,2,7
,2019-32763,39.740147,-104.949189,2/1/2019 22:56,22:56,6,0,0,COLFAX AVENUE 3200 BLOCK EAST & ADAMS STREET NORTH,2,3,0,0,1,4,,0,30,0,0,0,0,0,2,2,13
,2019-32764,39.740145,-104.948789,2/23/2019 1:00,1:00,1,0,0,COLFAX AVENUE EAST & ADAMS STREET NORTH,4,3,0,2,1,1,,0,35,0,0,0,0,0,2,2,13
,2019-32765,39.740145,-104.948789,5/30/2019 8:35,8:35,12,0,0,COLFAX AVENUE EAST & ADAMS STREET,1,1,0,0,1,1,,0,30,0,0,0,0,0,2,2,13
,2019-32766,39.740145,-104.948789,10/25/2019 18:08,18:08,12,0,0,COLFAX AVENUE EAST & ADAMS STREET NORTH,1,3,0,0,1,3,,0,30,0,0,0,0,0,2,2,13
,2019-32767,39.740145,-104.948607,2/12/2019 10:25,10:25,6,0,0,COLFAX AVENUE 3300 BLOCK EAST & ADAMS STREET NORTH,1,1,0,0,1,4,,0,35,0,0,0,0,0,2,2,3
,2019-32768,39.740145,-104.948607,8/22/2019 17:12,17:12,12,0,0,COLFAX AVENUE EAST & ADAMS STREET,1,1,0,0,1,3,,0,35,0,0,0,0,0,2,2,13
,2019-32769,39.740142,-104.947688,9/27/2019 23:06,23:06,15,0,1,COLFAX AVENUE EAST & COOK STREET,1,3,0,0,1,1,,0,30,0,0,0,0,1,2,2,1
,2019-32770,39.740139,-104.946576,4/27/2019 16:29,16:29,1,0,0,MADISON STREET NORTH & COLFAX AVENUE EAST,1,1,0,0,1,1,,0,30,0,0,0,0,0,2,2,7
,2019-32771,39.740139,-104.946576,8/25/2019 13:33,13:33,1,0,0,COLFAX AVENUE EAST & MADISON STREET,1,1,0,0,1,1,,0,30,0,0,0,0,0,2,2,14
,2019-32772,39.740138,-104.946188,7/23/2019 19:04,19:04,12,0,0,COLFAX AVENUE EAST & MADISON STREET,1,1,0,0,1,1,,0,35,0,0,0,0,0,2,2,13
,2019-32773,39.740137,-104.945858,1/28/2019 18:07,18:07,6,0,1,COLFAX AVENUE & 3600 EAST,5,3,0,0,1,4,,0,30,0,0,0,0,2,2,3,13
,2019-32774,39.740137,-104.945858,7/24/2019 12:41,12:41,12,0,0,COLFAX AVENUE EAST & MONROE STREET,1,1,1,0,1,4,,0,30,0,0,0,0,0,2,2,13
,2019-32775,39.740136,-104.945532,1/31/2019 18:05,18:05,12,0,0,COLFAX AVENUE EAST & MONROE STREET NORTH,1,3,0,0,1,4,,0,30,0,0,0,0,0,2,2,1
,2019-32776,39.740136,-104.945532,7/23/2019 9:32,9:32,12,0,0,COLFAX AVENUE EAST & MONROE STREET,1,1,0,0,1,4,,0,35,0,0,0,0,0,2,2,5
,2019-32777,39.740136,-104.945369,8/13/2019 18:08,18:08,1,0,2,COLFAX AVENUE EAST & MONROE STREET,1,1,0,0,1,1,,0,30,0,0,0,0,1,2,2,13
,2019-32778,39.740132,-104.944125,2/6/2019 9:00,9:00,12,0,0,COLFAX AVENUE EAST & GARFIELD STREET NORTH,5,1,0,2,1,1,,0,35,0,0,0,0,0,2,2,14
,2019-32779,39.740132,-104.944125,5/18/2019 20:30,20:30,1,0,1,COLFAX AVENUE EAST & GARFIELD STREET NORTH,1,2,0,0,1,1,,0,30,0,0,0,0,1,2,2,14
,2019-32780,39.740132,-104.944125,8/15/2019 13:42,13:42,1,0,0,COLFAX AVENUE EAST & GARFIELD STREET,1,1,0,0,1,1,,0,30,0,0,0,0,0,2,2,1
,2019-32781,39.740132,-104.943955,9/19/2019 6:59,6:59,12,0,1,COLFAX AVENUE EAST & GARFIELD STREET,1,1,0,0,1,3,,0,30,0,0,0,0,1,2,3,13
,2019-32782,39.74013,-104.943428,6/25/2019 18:04,18:04,15,0,0,COLFAX AVENUE EAST & 3700 BLOCK EAST,1,1,0,0,1,4,,0,30,0,0,0,0,0,2,2,1
,2019-32783,39.740129,-104.942995,2/11/2019 9:15,9:15,3,0,0,JACKSON STREET NORTH & COLFAX AVENUE EAST,1,1,0,0,1,1,,0,25,0,0,0,0,0,2,2,13
,2019-32784,39.740129,-104.942995,5/3/2019 13:17,13:17,14,0,0,COLFAX AVENUE EAST & JACKSON STREET NORTH,1,1,0,0,1,1,,0,30,0,0,0,0,0,2,2,13
,2019-32785,39.740129,-104.942995,5/3/2019 17:51,17:51,12,0,0,COLFAX AVENUE EAST & JACKSON STREET NORTH,1,1,0,0,1,3,,0,30,0,0,0,0,0,2,2,13
,2019-32786,39.740129,-104.942995,7/23/2019 15:00,15:00,5,0,0,COLFAX AVENUE EAST & JACKSON STREET NORTH,1,1,0,0,3,1,,0,30,0,0,0,0,0,2,1,14
,2019-32787,39.740084,-104.892883,4/3/2019 19:57,19:57,12,0,0,UINTA STREET NORTH & COLFAX AVENUE EAST,1,3,0,0,1,1,,0,25,0,0,0,0,0,2,2,1
,2019-32788,39.740129,-104.942995,9/9/2019 10:35,10:35,1,0,0,COLFAX AVENUE EAST & JACKSON STREET NORTH,1,1,0,0,1,1,,0,35,0,0,0,0,0,2,2,13
,2019-32789,39.740129,-104.942995,10/2/2019 15:58,15:58,1,0,1,COLFAX AVENUE EAST & JACKSON STREET NORTH,1,1,0,0,1,1,,0,,0,0,0,0,1,2,2,1
,2019-32790,39.740129,-104.942995,11/13/2019 8:48,8:48,1,0,0,COLFAX AVENUE EAST & JACKSON STREET NORTH,1,1,0,0,1,1,,0,35,0,0,0,0,0,2,2,13
,2019-32791,39.74013,-104.942802,10/2/2019 7:00,7:00,12,0,0,COLFAX AVENUE EAST & JACKSON STREET NORTH,1,1,0,0,1,4,,0,35,0,0,0,0,0,2,3,13
,2019-32792,39.740132,-104.942226,5/14/2019 13:08,13:08,12,0,0,COLFAX AVENUE EAST & HARRISON STREET SOUTH,1,1,0,0,1,4,,0,30,0,0,0,0,0,2,2,1
,2019-32793,39.740064,-104.941683,10/13/2019 13:51,13:51,12,0,0,COLFAX AVENUE EAST & COLORADO BOULEVARD NORTH,1,1,0,0,1,4,,0,35,0,0,0,0,0,2,2,3
,2019-32794,39.740064,-104.941683,11/8/2019 16:09,16:09,15,0,0,COLFAX AVENUE EAST & HARRISON STREET NORTH,1,2,0,0,1,4,,0,30,0,0,0,0,0,2,2,14
,2019-32795,39.740072,-104.94077,10/3/2019 16:51,16:51,12,0,0,COLFAX AVENUE EAST & COLORADO BOULEVARD NORTH,1,1,0,0,1,3,,0,30,0,0,0,0,0,2,2,12
,2019-32796,39.740072,-104.94077,10/31/2019 18:25,18:25,15,0,0,COLFAX AVENUE EAST & COLORADO BOULEVARD NORTH,1,1,0,0,1,3,,0,30,0,0,0,0,0,2,2,1
,2019-32797,39.740072,-104.94077,11/5/2019 15:50,15:50,15,0,0,COLFAX AVENUE EAST & COLORADO BOULEVARD NORTH,1,1,0,0,1,3,,0,30,0,0,0,0,0,2,2,13