id,drcog_id,latitude,longitude,crashtime,time,crashtype,numbkilled,numbinjurd,drcoglocat,rdconditin,lightngcon,roadcntgrd,weatherco,location,roaddescrp,schoolzone,constrzone,splimit,bikeinv,sctrinv,pedinv,motoinv,svrty,rdsystem,ttlvehcls,hcf
,2019-32798,39.740131,-104.940664,11/6/2019 17:30,17:30,15,0,0,COLFAX AVENUE EAST & COLORADO BOULEVARD NORTH,2,3,0,1,1,3,,0,35,0,0,0,0,0,2,2,14
,2019-32799,39.740075,-104.940589,5/31/2019 14:25,14:25,12,0,0,COLFAX AVENUE EAST & COLORADO BOULEVARD NORTH,1,1,0,0,1,1,,0,30,0,0,0,0,0,2,2,13
,2019-32800,39.740073,-104.940412,4/15/2019 11:46,11:46,12,0,0,COLFAX AVENUE EAST & COLORADO BOULEVARD NORTH,1,1,0,0,1,4,,0,35,0,0,0,0,0,2,2,14
,2019-32801,39.740073,-104.940412,7/25/2019 15:40,15:40,12,0,0,COLFAX AVENUE EAST & COLORADO BOULEVARD NORTH,1,1,0,0,1,3,,0,30,0,0,0,0,0,2,2,3
,2019-32802,39.740063,-104.938858,5/21/2019 16:46,16:46,3,0,1,COLFAX AVENUE EAST & ALBION STREET NORTH,1,1,0,0,1,1,,0,25,0,0,0,0,1,2,2,1
,2019-32803,39.74006,-104.938306,8/9/2019 17:59,17:59,6,0,0,ASH STREET NORTH & COLFAX AVENUE EAST,1,1,0,0,1,1,,0,30,0,0,0,0,0,2,2,8
,2019-32804,39.740058,-104.935503,5/1/2019 11:10,11:10,15,0,0,COLFAX AVENUE 4400 BLOCK EAST & CLERMONT STREET NORTH,1,1,0,0,1,1,,0,35,0,0,0,0,0,2,2,13
,2019-32805,39.740058,-104.93412,5/13/2019 12:09,12:09,12,0,0,COLFAX AVENUE EAST & CHERRY STREET NORTH,1,1,0,0,1,4,,0,35,0,0,0,0,0,2,2,13
,2019-32806,39.740057,-104.933752,6/26/2019 13:50,13:50,3,0,1,COLFAX AVENUE EAST & CHERRY STREET NORTH,1,1,0,0,1,1,,0,35,0,0,0,0,2,2,2,1
,2019-32807,39.740065,-104.926061,3/21/2019 7:10,7:10,12,0,0,COLFAX AVENUE EAST 5400 BLOCK & GLENCOE STREET,1,1,0,0,1,4,,0,35,0,0,0,0,0,2,2,7
,2019-32808,39.76557047,-105.0346221,4/12/2019 1:05,1:05,6,0,0,LOWELL BOULEVARD & 1895 SOUTH,1,3,1,0,1,4,,0,25,0,0,0,0,0,4,2,13
,2019-32809,39.740063,-104.929838,10/11/2019 7:04,7:04,12,0,0,COLFAX AVENUE EAST & ELM STREET,1,2,0,0,1,1,,0,30,0,0,0,0,0,2,2,14
,2019-32810,39.740063,-104.929838,11/9/2019 18:04,18:04,3,0,1,COLFAX AVENUE EAST & ELM STREET,1,3,0,0,1,1,,0,35,0,0,0,0,1,2,2,13
,2019-32811,39.740062,-104.929244,5/17/2019 11:27,11:27,6,0,0,COLFAX AVENUE EAST & FAIRFAX STREET NORTH,1,1,0,0,1,4,,0,35,0,0,0,0,0,2,2,8
,2019-32812,39.740062,-104.929244,10/26/2019 19:20,19:20,3,0,2,COLFAX AVENUE EAST & ELM STREET,1,3,0,0,1,1,,0,35,0,0,0,0,2,2,2,8
,2019-32813,39.740062,-104.929244,11/23/2019 11:21,11:21,15,0,3,COLFAX AVENUE EAST & ELM STREET NORTH,1,1,0,0,1,1,,0,30,0,0,0,0,1,2,3,14
,2019-32814,39.740062,-104.928124,8/24/2019 8:23,8:23,15,0,0,COLFAX AVENUE EAST & FAIRFAX STREET NORTH,1,1,0,0,1,1,,0,30,0,0,0,0,0,2,2,5
,2019-32815,39.740062,-104.928124,11/12/2019 22:23,22:23,12,0,0,COLFAX AVENUE EAST & FAIRFAX STREET,1,3,0,0,1,1,,0,,0,0,0,0,0,2,2,13
,2019-32817,39.740064,-104.926807,3/14/2019 14:18,14:18,3,0,0,COLFAX AVENUE EAST & FOREST STREET NORTH,2,1,0,0,1,1,,0,30,0,0,0,0,0,2,3,3
,2019-32818,39.740064,-104.92662,5/24/2019 8:38,8:38,12,0,0,COLFAX AVENUE 5200 BLOCK EAST & FOREST STREET NORTH,1,1,0,0,1,4,,0,,0,0,0,0,0,2,2,13
,2019-32819,39.740065,-104.926061,11/18/2019 12:51,12:51,15,0,0,COLFAX AVENUE 5200 BLOCK EAST & GLENCOE STREET NORTH,1,1,0,0,1,4,,0,30,0,0,0,0,0,2,2,13
,2019-32820,39.740065,-104.925689,10/25/2019 16:29,16:29,3,0,1,COLFAX AVENUE EAST & GLENCOE STREET NORTH,1,1,0,0,1,1,,0,35,0,0,0,0,1,2,2,7
,2019-32821,39.740066,-104.924591,3/2/2019 13:47,13:47,3,0,0,GRAPE STREET NORTH & COLFAX AVENUE EAST,1,1,0,0,1,1,,0,25,0,0,0,0,0,2,2,13
,2019-32822,39.740067,-104.923657,8/27/2019 11:58,11:58,12,0,0,COLFAX AVENUE EAST & HUDSON STREET NORTH,1,1,0,0,1,3,,0,30,0,0,0,0,0,2,2,3
,2019-32823,39.74007,-104.921159,1/22/2019 13:10,13:10,3,0,0,COLFAX AVENUE EAST & IVANHOE STREET NORTH,1,1,0,0,1,1,,0,25,0,0,0,0,0,2,2,7
,2019-32824,39.74007,-104.921159,4/3/2019 18:02,18:02,3,0,0,COLFAX AVENUE EAST & IVANHOE STREET NORTH,1,1,0,0,1,1,,0,35,0,0,0,0,0,2,2,13
,2019-32825,39.74007,-104.921159,5/25/2019 22:10,22:10,3,0,0,COLFAX AVENUE EAST & IVANHOE STREET NORTH,1,3,0,0,1,1,,0,35,0,0,0,0,0,2,2,13
,2019-32826,39.740071,-104.920614,7/7/2019 8:52,8:52,3,0,0,COLFAX AVENUE EAST & IVY STREET,1,1,0,0,1,1,,0,35,0,0,0,0,0,2,2,13
,2019-32827,39.740071,-104.920057,5/3/2019 16:55,16:55,15,0,0,COLFAX AVENUE EAST & IVY STREET NORTH,1,1,0,0,1,4,,0,35,0,0,0,0,0,2,2,13
,2019-32828,39.740072,-104.91987,7/7/2019 17:30,17:30,3,0,0,COLFAX AVENUE EAST & IVY STREET,1,1,0,1,1,1,,0,35,0,0,0,0,0,2,2,13
,2019-32829,39.740072,-104.919493,5/22/2019 9:34,9:34,3,0,0,COLFAX AVENUE EAST & JERSEY STREET,1,1,0,0,1,1,,0,25,0,0,0,0,0,2,3,13
,2019-32830,39.740072,-104.9193,7/11/2019 3:08,3:08,6,0,0,COLFAX AVENUE EAST & JERSEY STREET,1,3,1,0,1,4,,0,30,0,0,0,0,0,2,2,5
,2019-32831,39.740074,-104.917594,2/6/2019 19:39,19:39,3,0,1,COLFAX AVENUE EAST & KEARNEY STREET NORTH,4,3,0,2,1,1,,0,25,0,0,0,0,1,2,2,5
,2019-32832,39.740074,-104.917594,7/1/2019 18:40,18:40,9,0,1,COLFAX AVENUE EAST & KEARNEY STREET,1,1,0,0,2,1,,0,30,0,0,0,0,2,2,1,3
,2019-32834,39.740074,-104.917594,12/11/2019 8:00,8:00,3,0,0,KEARNEY STREET NORTH & COLFAX EAST,1,1,0,0,1,1,,0,30,0,0,0,0,0,2,2,13
,2019-32835,39.740075,-104.916293,7/27/2019 1:04,1:04,1,0,0,COLFAX AVENUE EAST & KRAMERIA STREET NORTH,1,3,0,0,1,1,,0,30,0,0,0,0,0,2,2,13
,2019-32836,39.740075,-104.916293,10/16/2019 18:47,18:47,12,0,0,COLFAX AVENUE EAST & KRAMERIA STREET,1,2,0,0,1,1,,0,35,0,0,0,0,0,2,2,13
,2019-32837,39.740076,-104.91592,7/10/2019 7:57,7:57,15,0,0,COLFAX AVENUE EAST & KRAMERIA STREET NORTH,1,1,1,0,1,4,,0,35,0,0,0,0,0,2,2,1
,2019-32838,39.740076,-104.91592,11/8/2019 20:39,20:39,15,0,0,COLFAX AVENUE EAST & KRAMERIA STREET,1,3,0,0,1,4,,0,35,0,0,0,0,0,2,2,13
,2019-32839,39.740077,-104.914988,9/25/2019 16:56,16:56,12,0,2,COLFAX AVENUE EAST & LEYDEN STREET NORTH,1,1,0,0,1,1,,0,35,0,0,0,0,1,2,2,10
,2019-32840,39.740078,-104.914257,8/23/2019 12:40,12:40,12,0,0,COLFAX AVENUE EAST & LOCUST STREET NORTH,1,1,0,0,1,3,,0,35,0,0,0,0,0,2,2,3
,2019-32841,39.740078,-104.914074,5/29/2019 17:55,17:55,12,0,0,COLFAX AVENUE EAST & LOCUST STREET NORTH,1,1,0,0,1,3,,0,35,0,0,0,0,0,2,2,5
,2019-32842,39.740078,-104.91389,4/4/2019 15:38,15:38,3,0,0,COLFAX AVENUE EAST & LOCUST STREET NORTH,1,1,0,0,1,1,,0,25,0,0,0,0,0,2,2,13
,2019-32843,39.740078,-104.91389,6/28/2019 8:19,8:19,3,0,1,COLFAX AVENUE EAST & LOCUST STREET NORTH,1,1,0,0,1,1,,0,25,0,0,0,0,1,2,2,13
,2019-32844,39.740078,-104.91389,7/15/2019 16:03,16:03,6,0,0,COLFAX AVENUE EAST & LOCUST STREET NORTH,1,1,0,0,1,1,,0,35,0,0,0,0,0,2,2,13
,2019-32846,39.740078,-104.91389,7/30/2019 18:25,18:25,3,0,0,COLFAX AVENUE EAST & LOCUST STREET NORTH,1,1,0,0,1,1,,0,25,0,0,0,0,0,2,2,13
,2019-32847,39.740078,-104.91389,8/24/2019 16:50,16:50,6,0,0,COLFAX AVENUE EAST & MONACO STREET NORTH,1,1,0,0,1,4,,0,35,0,0,0,0,0,2,2,13
,2019-32848,39.696696,-104.991872,9/20/2019 8:53,8:53,12,0,0,SANTA FE DRIVE SOUTH & MISSISSIPPI AVENUE WEST,1,1,0,0,1,1,,0,55,0,0,0,0,0,2,2,3
,2019-32849,39.740078,-104.91333,7/26/2019 16:45,16:45,12,0,0,COLFAX AVENUE EAST & MONACO PARKWAY SOUTHBOUND,1,1,0,0,1,3,,0,35,0,0,0,0,0,2,2,1
,2019-32850,39.740079,-104.91277,9/28/2019 2:06,2:06,3,0,1,COLFAX AVENUE EAST & MONACO STREET SOUTHBOUND,1,3,0,0,1,1,,0,35,0,0,0,0,1,2,2,13
,2019-32852,39.740079,-104.91277,11/1/2019 11:14,11:14,12,0,1,MONACO PARKWAY SOUTHBOUND & COLFAX AVENUE EAST,1,1,0,0,1,1,,0,30,0,0,0,0,1,2,2,14
,2019-32853,39.740079,-104.91277,11/9/2019 15:42,15:42,1,0,0,COLFAX AVENUE EAST & MONACO PARKWAY SOUTHBOUND,1,1,0,0,1,1,,0,35,0,0,0,0,0,2,2,13
,2019-32854,39.740079,-104.91277,11/15/2019 11:42,11:42,3,0,0,COLFAX AVENUE EAST & MONACO PARKWAY,1,1,0,0,1,1,,0,,0,0,0,0,0,2,3,13
,2019-32855,39.740079,-104.912583,5/13/2019 7:17,7:17,15,0,0,COLFAX AVENUE EAST & MONACO PARKWAY NORTH,1,1,0,0,1,3,,0,35,0,0,0,0,0,2,2,13
,2019-32856,39.740079,-104.912583,9/8/2019 11:00,11:00,12,0,0,COLFAX AVENUE EAST & MONACO PARKWAY NORTH,1,1,0,0,1,3,,0,30,0,0,0,0,0,2,2,13
,2019-32857,39.740079,-104.912395,2/21/2019 9:30,9:30,3,0,1,COLFAX AVENUE EAST & MONACO PARKWAY NORTH,8,1,0,0,1,1,,0,30,0,0,0,0,2,2,2,13
,2019-32858,39.740079,-104.912395,4/2/2019 6:35,6:35,3,0,0,COLFAX AVENUE EAST & MONACO PARKWAY NORTH,1,2,0,0,1,1,,0,30,0,0,0,0,0,2,2,13
,2019-32859,39.740079,-104.912395,5/8/2019 9:03,9:03,3,0,0,MONACO PARKWAY NORTH & COLFAX AVENUE EAST,2,1,0,1,1,1,,0,30,0,0,0,0,0,2,2,14
,2019-3286,39.743784,-104.903478,7/3/2019 21:40,21:40,1,0,0,QUEBEC STREET NORTH & 17TH AVENUE EAST,1,4,0,0,1,1,,0,30,0,0,0,0,0,4,2,13
,2019-32860,39.740079,-104.912395,5/10/2019 10:04,10:04,3,0,0,COLFAX AVENUE EAST & MONACO PARKWAY NORTH,1,1,0,0,1,1,,0,30,0,0,0,0,0,2,2,13
,2019-32861,39.740079,-104.912395,5/25/2019 10:45,10:45,12,0,1,COLFAX AVENUE EAST & MONACO PARKWAY NORTH,1,1,0,0,1,1,,0,35,0,0,0,0,1,2,2,7
,2019-32862,39.740079,-104.912395,7/16/2019 12:32,12:32,3,0,0,COLFAX AVENUE EAST & MONACO PARKWAY NORTH,1,1,0,0,1,1,,0,35,0,0,0,0,0,2,2,1
,2019-32863,39.740079,-104.912395,7/17/2019 21:54,21:54,1,0,0,COLFAX AVENUE EAST & MONACO PARKWAY NORTH,1,3,0,0,1,1,,0,40,0,0,0,0,0,2,2,7
,2019-32864,39.740079,-104.912395,8/25/2019 5:50,5:50,3,0,1,COLFAX AVENUE EAST & MONACO STREET NORTH,1,2,0,0,1,1,,0,35,0,0,0,0,1,2,2,13
,2019-32865,39.740079,-104.912395,10/20/2019 3:47,3:47,3,0,0,COLFAX AVENUE EAST & MONACO PARKWAY NORTHBOUND,1,3,0,0,1,1,,0,35,0,0,0,0,0,2,2,13
,2019-32866,39.740087,-104.886631,9/9/2019 18:00,18:00,1,0,0,COLFAX AVENUE EAST & XANTHIA STREET,1,1,0,0,1,2,,0,35,0,0,0,0,0,2,2,1
,2019-32867,39.740156,-104.912803,12/26/2019 13:10,13:10,3,0,0,COLFAX AVENUE EAST & MONACO,1,1,0,0,1,1,,0,35,0,0,0,0,0,2,2,13
,2019-32868,39.74008,-104.912198,12/3/2019 16:45,16:45,12,0,0,COLFAX AVENUE EAST & MONACO STREET,8,3,0,0,1,3,,0,30,0,0,0,0,0,2,2,3
,2019-32869,39.74008,-104.912002,11/8/2019 23:34,23:34,12,0,0,COLFAX AVENUE EAST & MONACO STREET NORTH,1,3,0,0,1,4,,0,30,0,0,0,0,0,2,2,5
,2019-3287,39.69655078,-104.90754,10/28/2019 0:00,0:00,6,0,0,MISSISSIPPI AVENUE EAST & ONEIDA STREET SOUTH,4,3,1,2,1,4,,0,30,0,0,0,0,0,4,2,13
,2019-32870,39.74008,-104.91161,3/12/2019 11:55,11:55,12,0,1,COLFAX AVENUE EAST & MAGNOLIA STREET NORTH,1,1,0,0,1,1,,0,30,0,0,0,0,1,2,2,5
,2019-32871,39.74008,-104.911423,5/20/2019 15:05,15:05,12,0,0,COLFAX AVENUE EAST & MAGNOLIA STREET NORTH,2,1,0,1,1,3,,0,35,0,0,0,0,0,2,2,3
,2019-32872,39.740081,-104.910482,2/14/2019 18:09,18:09,12,0,0,COLFAX AVENUE EAST & NIAGARA STREET NORTH,1,3,0,0,1,1,,0,35,0,0,0,0,0,2,2,14
,2019-32873,39.740081,-104.910482,12/12/2019 15:44,15:44,12,0,0,COLFAX AVENUE EAST & NIAGARA STREET NORTH,1,1,0,0,1,4,,0,35,0,0,0,0,0,2,2,1
,2019-32874,39.740082,-104.910295,1/30/2019 18:05,18:05,12,0,1,COLFAX AVENUE EAST & NIAGARA STREET NORTH,1,3,0,0,1,4,,0,35,0,0,0,0,1,2,3,3
,2019-32875,39.740082,-104.910295,10/3/2019 16:38,16:38,12,0,1,COLFAX AVENUE EAST & NIAGARA STREET NORTH,1,1,0,0,1,3,,0,35,0,0,0,0,1,2,2,1
,2019-32876,39.740083,-104.909167,1/17/2019 14:44,14:44,12,0,0,COLFAX AVENUE EAST & NEWPORT STREET NORTH,1,1,0,0,1,4,,0,35,0,0,0,0,0,2,2,3
,2019-32877,39.740084,-104.908216,3/29/2019 14:09,14:09,12,0,0,COLFAX AVENUE EAST & ONEIDA STREET NORTH,1,1,1,0,1,3,,0,35,0,0,0,0,0,2,2,7
,2019-32878,39.740084,-104.908216,5/31/2019 13:57,13:57,3,0,0,COLFAX AVENUE EAST & ONEIDA STREET NORTH,1,1,0,0,1,1,,0,35,0,0,0,0,0,2,2,13
,2019-32879,39.740084,-104.908031,7/25/2019 17:02,17:02,12,0,0,COLFAX AVENUE EAST & ONEIDA STREET NORTH,1,1,0,0,1,3,,0,35,0,0,0,0,0,2,2,5
,2019-3288,39.78864452,-105.0063881,7/13/2019 16:30,16:30,15,0,0,PECOS STREET NORTH & 51ST AVENUE WEST,1,1,0,0,1,4,,0,35,0,0,0,0,0,4,2,13
,2019-32880,39.740085,-104.907112,5/31/2019 14:20,14:20,12,0,0,COLFAX AVENUE EAST & OLIVE STREET NORTH,1,1,0,0,1,3,,0,35,0,0,0,0,0,2,3,12
,2019-32881,39.740085,-104.906351,5/10/2019 9:45,9:45,12,0,0,COLFAX AVENUE & 7000 BLOCK,1,1,0,0,1,4,,0,,0,0,0,0,0,2,2,13
,2019-32882,39.740086,-104.905774,4/17/2019 19:30,19:30,3,0,0,COLFAX AVENUE EAST & PONTIAC STREET NORTH,1,2,0,0,1,1,,0,25,0,0,0,0,0,2,2,13
,2019-32883,39.740086,-104.905583,5/21/2019 7:35,7:35,12,0,0,COLFAX AVENUE EAST & PONTIAC STREET NORTH,2,1,0,0,1,4,,0,35,0,0,0,0,0,2,2,13
,2019-32884,39.740081,-104.903688,3/4/2019 3:03,3:03,5,0,0,COLFAX AVENUE & 7236 EAST,4,3,0,0,3,4,,0,35,0,0,0,0,0,2,1,1
,2019-32885,39.740081,-104.903688,7/12/2019 17:55,17:55,12,0,0,COLFAX AVENUE EAST & QUEBEC STREET NORTH,1,1,0,0,1,3,,0,35,0,0,0,0,0,2,2,13
,2019-32886,39.740081,-104.903688,7/12/2019 17:55,17:55,15,0,0,COLFAX AVENUE EAST & QUEBEC STREET NORTH,1,1,1,0,1,3,,0,35,0,0,0,0,0,2,2,1
,2019-32887,39.740079,-104.903501,1/2/2019 4:47,4:47,3,0,1,COLFAX AVENUE EAST & QUEBEC STREET NORTH,5,3,0,2,1,1,,0,30,0,0,0,0,2,2,2,14
,2019-32888,39.740079,-104.903501,1/5/2019 1:15,1:15,12,0,0,QUEBEC STREET NORTH & COLFAX AVENUE EAST,1,3,0,0,1,1,,0,30,0,0,0,0,0,2,2,13
,2019-32889,39.740079,-104.903501,1/5/2019 19:15,19:15,12,0,0,COLFAX AVENUE EAST & QUEBEC STREET NORTH,1,3,0,0,1,1,,0,35,0,0,0,0,0,2,2,14
,2019-32890,39.740079,-104.903501,1/29/2019 15:20,15:20,1,0,1,COLFAX AVENUE EAST & QUEBEC STREET NORTH,9,1,0,0,1,1,,0,35,0,0,0,0,1,2,2,1
,2019-32891,39.740079,-104.903501,2/2/2019 22:49,22:49,12,0,0,COLFAX AVENUE EAST & QUEBEC STREET NORTH,1,3,0,0,1,3,,0,30,0,0,0,0,0,2,2,5
,2019-32892,39.740079,-104.903501,2/23/2019 7:46,7:46,12,0,0,COLFAX AVENUE EAST & QUEBEC STREET NORTH,4,1,0,0,1,3,,0,35,0,0,0,0,0,2,2,13
,2019-32893,39.740079,-104.903501,3/12/2019 21:08,21:08,12,0,0,COLFAX AVENUE EAST & QUEBEC STREET NORTH,1,3,0,0,1,1,,0,35,0,0,0,0,0,2,2,14
,2019-32894,39.740079,-104.903501,3/20/2019 7:11,7:11,3,0,3,COLFAX AVENUE EAST & QUEBEC STREET NORTH,1,2,0,0,1,1,,0,35,0,0,0,0,1,2,3,1
,2019-32896,39.740079,-104.903501,4/19/2019 18:49,18:49,1,0,0,COLFAX AVENUE EAST & QUEBEC STREET NORTH,1,2,0,0,1,1,,0,35,0,0,0,0,0,2,2,1
,2019-32897,39.740079,-104.903501,6/19/2019 1:26,1:26,12,0,0,COLFAX AVENUE EAST & QUEBEC STREET NORTH,1,3,0,0,1,1,,0,35,0,0,0,0,0,2,2,7
,2019-32898,39.740079,-104.903501,6/30/2019 7:45,7:45,1,0,1,COLFAX AVENUE EAST & QUEBEC STREET NORTH,1,1,0,0,1,1,,0,35,0,0,0,0,1,2,2,13
,2019-32899,39.740079,-104.903501,7/5/2019 18:29,18:29,1,0,0,COLFAX AVENUE EAST & QUEBEC STREET NORTH,1,1,0,0,1,1,,0,35,0,0,0,0,0,2,2,13
,2019-32900,39.740079,-104.903501,8/16/2019 16:03,16:03,1,0,1,COLFAX AVENUE EAST & QUEBEC STREET NORTH,1,1,0,0,1,1,,0,35,0,0,0,0,1,2,3,1
,2019-32901,39.740079,-104.903501,8/20/2019 20:20,20:20,1,0,0,COLFAX AVENUE EAST & QUEBEC STREET NORTH,2,3,0,0,1,1,,0,35,0,0,0,0,0,2,2,1
,2019-32902,39.740079,-104.903501,10/24/2019 17:15,17:15,15,0,0,QUEBEC STREET NORTH & COLFAX AVENUE EAST,1,1,0,0,1,1,,0,30,0,0,0,0,0,2,2,1
,2019-32903,39.740079,-104.903501,11/1/2019 6:19,6:19,15,0,0,COLFAX AVENUE EAST & QUEBEC STREET NORTH,1,3,0,0,1,1,,0,35,0,0,0,0,0,2,2,13
,2019-32904,39.740079,-104.903501,11/25/2019 22:12,22:12,3,0,0,COLFAX AVENUE EAST & QUEBEC STREET NORTH,4,3,0,2,1,1,,0,30,0,0,0,0,0,2,2,5
,2019-32905,39.740079,-104.903501,11/30/2019 9:17,9:17,15,0,0,COLFAX AVENUE EAST & QUEBEC STREET NORTH,6,1,0,1,1,1,,0,30,0,0,0,0,0,2,2,5
,2019-32906,39.740079,-104.903501,12/8/2019 7:50,7:50,3,0,0,COLFAX AVENUE EAST & QUEBEC STREET NORTH,1,1,0,0,1,1,,0,30,0,0,0,0,0,2,2,3
,2019-32907,39.740078,-104.903314,6/24/2019 19:20,19:20,15,0,0,COLFAX AVENUE EAST & QUEBEC STREET NORTH,1,1,0,0,1,4,,0,35,0,0,0,0,0,2,2,1
,2019-32908,39.740076,-104.90294,12/9/2019 18:45,18:45,10,0,0,COLFAX AVENUE EAST & QUEBEC STREET NORTH,1,3,0,0,1,2,,0,35,0,0,0,0,0,2,2,1
,2019-32909,39.740077,-104.902191,6/8/2019 13:08,13:08,12,0,0,COLFAX AVENUE EAST & QUINCE STREET,1,1,0,0,1,4,,0,35,0,0,0,0,0,2,2,12
,2019-32910,39.740077,-104.902191,7/15/2019 8:06,8:06,12,0,0,COLFAX AVENUE EAST & QUINCE STREET NORTH,1,1,0,0,1,1,,0,35,0,0,0,0,0,2,2,13
,2019-32912,39.740077,-104.902004,8/19/2019 14:40,14:40,12,0,0,COLFAX AVENUE EAST & QUINCE STREET NORTH,1,1,0,0,1,3,,0,35,0,0,0,0,0,2,3,12
,2019-32913,39.740077,-104.902004,9/12/2019 1:23,1:23,6,0,0,COLFAX AVENUE EAST & QUINCE STREET NORTH,1,4,0,0,1,4,,0,35,0,0,0,0,0,2,2,13
,2019-32914,39.73987,-104.9019,12/16/2019 6:25,6:25,15,0,0,COLFAX AVENUE EAST & ROSLYN STREET NORTH,1,3,0,0,1,3,,0,30,0,0,0,0,0,2,2,1
,2019-32915,39.740078,-104.901068,7/26/2019 15:53,15:53,12,0,1,COLFAX AVENUE EAST & ROSLYN STREET NORTH,1,1,0,0,1,1,,0,35,0,0,0,0,1,2,2,13
,2019-32916,39.740078,-104.901068,11/4/2019 15:20,15:20,3,0,0,COLFAX AVENUE EAST & ROSLYN STREET NORTH,1,1,0,0,1,1,,0,25,0,0,0,0,0,2,3,1
,2019-32917,39.740078,-104.901068,12/26/2019 11:10,11:10,10,0,0,COLFAX AVENUE EAST & ROSLYN STREET NORTH,1,1,0,0,1,1,,0,35,0,0,0,0,0,2,2,13
,2019-32918,39.740079,-104.899945,3/20/2019 7:56,7:56,12,0,0,COLFAX AVENUE EAST 7700 BLOCK & ROSEMARY STREET NORTH,1,1,0,0,1,4,,0,35,0,0,0,0,0,2,3,13
,2019-32919,39.740079,-104.899945,10/19/2019 15:00,15:00,1,0,1,COLFAX AVENUE EAST & ROSEMARY STREET NORTH,1,1,0,0,1,1,,0,35,0,0,0,0,2,2,2,12
,2019-32920,39.74008,-104.898823,7/12/2019 16:24,16:24,12,0,1,COLFAX AVENUE EAST & SYRACUSE STREET NORTH,1,1,0,0,1,3,,0,35,0,0,0,0,1,2,2,1
,2019-32921,39.74008,-104.898636,8/1/2019 9:45,9:45,3,0,1,COLFAX AVENUE EAST & SYRACUSE STREET NORTH,1,1,0,0,1,1,,0,35,0,0,0,0,2,2,2,13
,2019-32922,39.74008,-104.898636,8/17/2019 9:05,9:05,3,0,0,COLFAX AVENUE EAST & SYRACUSE STREET NORTH,1,1,0,0,1,1,,0,30,0,0,0,0,0,2,2,13
,2019-32923,39.74008,-104.898636,9/17/2019 15:57,15:57,3,0,0,COLFAX AVENUE EAST & SYRACUSE STREET NORTH,1,1,0,0,1,1,,0,35,0,0,0,0,0,2,2,8
,2019-32924,39.74008,-104.898636,10/24/2019 6:55,6:55,1,0,0,COLFAX AVENUE EAST & SYRACUSE STREET NORTH,2,3,0,0,1,1,,0,35,0,0,0,0,0,2,2,7
,2019-32926,39.740081,-104.896577,7/3/2019 21:48,21:48,15,0,0,COLFAX AVENUE EAST & TRENTON STREET / 7800 BLOCK EAST,1,1,0,0,1,4,,0,35,0,0,0,0,0,2,2,5
,2019-32927,39.740081,-104.89639,2/25/2019 23:18,23:18,3,0,0,COLFAX AVENUE EAST & TRENTON STREET NORTH,1,3,0,0,1,1,,0,30,0,0,0,0,0,2,2,13
,2019-32928,39.740081,-104.896203,7/1/2019 11:59,11:59,12,0,0,COLFAX AVENUE EAST & TRENTON STREET NORTH,1,1,0,0,1,4,,0,35,0,0,0,0,0,2,2,14
,2019-32929,39.740082,-104.89527,1/26/2019 15:06,15:06,15,0,0,COLFAX AVENUE EAST & TAMARAC STREET NORTH,1,1,0,0,1,1,,0,35,0,0,0,0,0,2,2,14
,2019-32930,39.740084,-104.892883,4/8/2019 13:35,13:35,1,0,0,COLFAX AVENUE EAST & UINTA STREET NORTH,1,1,0,0,1,1,,0,35,0,0,0,0,0,2,2,1
,2019-32931,39.740084,-104.892883,6/20/2019 23:35,23:35,1,0,0,COLFAX AVENUE EAST & UINTA STREET NORTH,1,3,0,0,1,1,,0,35,0,0,0,0,0,2,2,13
,2019-32932,39.740084,-104.892883,10/27/2019 20:20,20:20,12,0,1,COLFAX AVENUE EAST & UINTA STREET NORTH,5,3,0,2,1,1,,0,35,0,0,0,0,1,2,2,13
,2019-32933,39.740084,-104.892689,10/3/2019 12:59,12:59,12,0,0,COLFAX AVENUE EAST & UINTA STREET NORTH,1,1,0,0,1,3,,0,35,0,0,0,0,0,2,3,7
,2019-32934,39.740084,-104.892689,11/25/2019 20:05,20:05,6,0,0,COLFAX AVENUE 8200 BLOCK EAST & UINTA STREET NORTH,2,3,0,2,1,4,,0,35,0,0,0,0,0,2,2,14
,2019-32935,39.740084,-104.891905,10/6/2019 20:15,20:15,14,0,1,COLFAX AVENUE EAST & VALENTIA STREET NORTH,1,3,0,0,1,3,,0,30,0,0,0,0,1,2,2,8
,2019-32936,39.740084,-104.891709,4/17/2019 17:08,17:08,3,0,0,COLFAX AVENUE EAST & VALENTIA STREET NORTH,1,1,0,0,1,1,,0,25,0,0,0,0,0,2,2,1
,2019-32938,39.740085,-104.890588,9/6/2019 16:55,16:55,3,0,0,COLFAX AVENUE EAST & VERBENA STREET NORTH,1,1,0,0,1,1,,0,25,0,0,0,0,0,2,2,13
,2019-32939,39.740087,-104.888144,1/1/2019 17:28,17:28,12,0,0,COLFAX AVENUE 8600 BLOCK EAST & WILLOW STREET NORTH,4,2,0,0,1,4,,0,35,0,0,0,1,0,2,2,7
,2019-3294,39.718404,-104.9037795,8/8/2019 8:34,8:34,1,0,0,QUEBEC STREET NORTH & FIRST AVENUE EAST,1,1,0,0,1,1,,0,35,0,0,0,0,0,4,2,13