id,drcog_id,latitude,longitude,crashtime,time,crashtype,numbkilled,numbinjurd,drcoglocat,rdconditin,lightngcon,roadcntgrd,weatherco,location,roaddescrp,schoolzone,constrzone,splimit,bikeinv,sctrinv,pedinv,motoinv,svrty,rdsystem,ttlvehcls,hcf
,2019-32940,39.740087,-104.888144,3/1/2019 14:33,14:33,12,0,0,WILLOW STREET NORTH & COLFAX AVENUE EAST,1,1,0,0,1,1,,0,25,0,0,0,0,0,2,2,3
,2019-32941,39.740087,-104.888144,5/15/2019 17:00,17:00,12,0,0,WILLOW STREET NORTH & COLFAX AVENUE EAST,1,1,0,0,1,1,,0,25,0,0,0,0,0,2,2,1
,2019-32942,39.740087,-104.886443,7/17/2019 10:30,10:30,15,0,0,COLFAX AVENUE EAST & XANTHIA STREET NORTH,1,1,0,0,1,4,,0,35,0,0,0,0,0,2,2,14
,2019-32943,39.740086,-104.885881,7/13/2019 16:03,16:03,15,0,0,XENIA STREET NORTH & COLFAX AVENUE EAST,1,1,0,0,1,1,,0,35,0,0,0,0,0,2,2,13
,2019-32944,39.740084,-104.884777,4/26/2019 14:45,14:45,12,0,0,COLFAX AVENUE EAST & YOSEMITE STREET NORTH,1,1,0,0,1,3,,0,30,0,0,0,0,0,2,2,12
,2019-3299,39.748617,-104.903451,11/6/2019 15:12,15:12,3,0,0,QUEBEC STREET NORTH  & 21ST AVENUE EAST,2,1,0,1,1,1,,0,25,0,0,0,0,0,4,2,1
,2019-3301,39.749814,-104.9034285,1/17/2019 17:20,17:20,15,0,0,QUEBEC STREET NORTH & 22ND AVENUE EAST,1,3,0,0,1,3,,0,30,0,0,0,0,0,4,2,8
,2019-3303,39.749814,-104.9034285,12/6/2019 18:05,18:05,3,0,1,QUEBEC STREET NORTH & 22ND AVENUE EAST,1,3,0,0,1,1,,0,25,0,0,0,0,1,4,2,7
,2019-3305,39.76312069,-104.902749,6/15/2019 19:58,19:58,15,0,0,QUEBEC STREET & 2300 BLOCK NORTH,1,3,0,0,1,4,,0,35,0,0,0,0,0,4,2,13
,2019-3306,39.751011,-104.903442,7/17/2019 8:23,8:23,3,0,0,QUEBEC STREET NORTH & 23RD AVENUE EAST,1,1,0,0,1,1,,0,35,0,0,0,0,0,4,3,1
,2019-3307,39.670866,-104.8660605,1/12/2019 9:38,9:38,12,0,0,PARKER ROAD SOUTH & HAVANA STREET SOUTH,6,1,0,2,1,1,,0,45,0,0,0,0,0,2,2,5
,2019-3309,39.711339,-105.0532605,4/11/2019 7:55,7:55,12,0,1,SHERIDAN BOULEVARD SOUTH & ALAMEDA AVENUE WEST,5,1,0,0,1,1,,0,35,0,0,0,0,1,2,3,14
,2019-3312,39.718377,-105.0532785,12/7/2019 18:17,18:17,15,0,0,SHERIDAN BOULEVARD NORTH & FIRST AVENUE WEST,1,3,0,0,1,4,,0,30,0,0,0,0,0,2,2,13
,2019-3318,39.689343,-104.9035995,6/18/2019 16:41,16:41,1,0,0,QUEBEC STREET SOUTH & FLORIDA AVENUE EAST,1,1,0,0,1,1,,0,35,0,0,0,0,0,4,2,13
,2019-3319,39.741948,-104.884668,4/18/2019 16:35,16:35,3,0,1,16TH AVENUE EAST & YOSEMITE STREET NORTH,1,1,0,0,1,1,,0,35,0,0,0,0,1,4,2,14
,2019-33204,39.740048,-104.999948,2/12/2019 19:12,19:12,1,0,0,KALAMATH STREET NORTH & COLFAX AVENUE WEST,1,3,0,0,1,1,,0,30,0,0,0,0,0,2,2,13
,2019-33215,39.711339,-105.0532605,5/10/2019 14:11,14:11,12,0,0,SHERIDAN BOULEVARD SOUTH & ALAMEDA AVENUE WEST,1,1,0,0,1,4,,0,40,0,0,0,0,0,2,2,7
,2019-33279,39.740003,-104.987563,12/15/2019 3:26,3:26,5,0,0,COLFAX AVENUE WEST & BROADWAY STREET NORTH,5,3,0,4,2,4,,0,30,0,0,0,0,0,2,1,8
,2019-33292,39.718377,-105.0532785,4/11/2019 14:00,14:00,12,0,1,SHERIDAN BOULEVARD & FIRST AVENUE WEST,1,1,0,0,1,4,,0,40,0,0,0,0,1,2,3,7
,2019-33335,39.727529,-105.025127,9/16/2019 14:06,14:06,5,0,0,SEVENTH AVENUE WEST & FEDERAL BOULEVARD NORTH,1,1,1,0,2,1,,0,35,0,0,0,0,0,2,1,13
,2019-3334,39.665556,-105.081462,4/29/2019 17:25,17:25,15,0,0,WADSWORTH BOULEVARD 2700 BLOCK SOUTH & AMHERST AVENUE WEST,2,2,3,1,1,3,,0,40,0,0,0,0,0,2,2,14
,2019-3336,39.78753924,-104.9025913,8/27/2019 7:53,7:53,12,0,0,I270 & QUEBEC STREET,1,1,0,0,1,4,,0,55,0,0,0,0,0,1,2,13
,2019-33404,39.740001,-104.987144,12/7/2019 1:56,1:56,5,0,0,COLFAX AVENUE WEST & BROADWAY STREET NORTH,5,3,0,0,3,4,,0,30,0,0,0,0,0,2,1,1
,2019-33447,39.710968,-105.025169,3/2/2019 20:15,20:15,12,0,0,FEDERAL BOULEVARD 300 BLOCK SOUTH & ALAMEDA AVENUE WEST,4,3,0,2,1,4,,0,35,0,0,0,0,0,2,2,13
,2019-33452,39.740007,-104.979685,6/28/2019 22:00,22:00,6,0,0,COLFAX AVENUE EAST & PEARL STREET NORTH,1,3,0,0,1,4,,0,30,0,0,0,0,0,2,2,13
,2019-33465,39.72564,-105.05313,2/8/2019 12:45,12:45,15,0,0,SHERIDAN BOULEVARD & SIXTH AVENUE WEST,2,1,1,0,1,1,,0,35,0,0,0,1,0,2,2,13
,2019-3347,39.698532,-104.903541,10/8/2019 23:41,23:41,5,0,0,HIGHWAY 83 & QUEBEC STREET,1,3,0,0,3,1,,0,,0,0,0,0,0,2,1,13
,2019-3348,39.773151,-104.9127615,11/7/2019 5:29,5:29,12,0,0,SMITH ROAD EAST & MONACO PARKWAY NORTH,2,3,0,0,1,1,,0,30,0,0,0,0,0,4,2,13
,2019-33521,39.740011,-104.972196,12/14/2019 2:04,2:04,12,0,0,COLFAX AVENUE & MARION STREET NORTH,1,3,0,0,1,4,,0,,0,0,0,0,0,2,3,13
,2019-33534,39.72564,-105.05313,5/24/2019 18:30,18:30,9,0,0,SHERIDAN BOULEVARD & SIXTH AVENUE WEST,1,1,1,0,1,1,,0,35,0,0,0,0,0,2,2,14
,2019-33579,39.781937,-104.996778,6/18/2019 6:39,6:39,12,0,0,I70 & I25,1,1,0,0,1,4,,0,55,0,0,0,0,0,1,2,13
,2019-33614,39.660482,-105.025169,3/9/2019 19:00,19:00,12,0,0,FEDERAL BOULEVARD SOUTH & DARMOUTH AVENUE WEST,1,3,0,0,1,1,,0,40,0,0,0,0,0,2,2,13
,2019-33729,39.740073,-104.918721,7/19/2019 13:11,13:11,6,0,0,COLFAX AVENUE EAST & JASMINE STREET,1,1,0,0,1,4,,0,30,0,0,0,0,0,2,2,7
,2019-3374,39.726603,-104.987412,11/23/2019 2:05,2:05,15,0,0,SPEER BOULEVARD NORTH & BROADWAY STREET NORTH,1,3,0,0,1,1,,0,,0,0,0,0,0,4,2,13
,2019-33742,39.72564,-105.05313,12/23/2019 14:58,14:58,3,0,0,SHERIDAN BOULEVARD & SIXTH AVENUE WEST,1,1,0,0,1,1,,0,30,0,0,0,0,0,2,2,14
,2019-33761,39.783559,-105.05321,5/6/2019 10:59,10:59,5,0,0,I70 & SHERIDAN BOULEVARD NORTH,1,1,1,0,2,4,,0,55,0,0,0,0,0,1,1,1
,2019-33762,39.783559,-105.05321,7/4/2019 18:00,18:00,12,0,0,I70 & SHERIDAN BOULEVARD NORTH,1,1,1,0,1,4,,0,55,0,0,0,0,0,1,2,1
,2019-33763,39.779782,-104.986938,12/8/2019 8:44,8:44,12,0,0,I70 & I25,1,1,0,0,1,4,,0,,0,0,0,0,0,1,2,13
,2019-33764,39.783533,-105.053244,11/28/2019 11:34,11:34,15,0,0,I70 & SHERIDAN BOULEVARD NORTH,1,1,0,0,1,4,,0,,0,0,0,0,0,1,2,13
,2019-33765,39.783533,-105.053239,12/29/2019 19:52,19:52,5,0,0,I70 & SHERIDAN BOULEVARD NORTH,5,3,1,0,2,4,,0,65,0,0,0,0,0,1,1,13
,2019-33766,39.783616,-105.053039,6/10/2019 11:05,11:05,12,0,0,I70 WB OFF RAMP SPLIT & SHERIDAN BOULEVARD NORTH,1,1,0,0,1,7,,0,35,0,0,0,0,0,1,2,14
,2019-33767,39.783616,-105.053039,6/18/2019 10:30,10:30,12,0,0,I70 WB OFF RAMP & SHERIDAN BOULEVARD NORTH,1,1,1,0,1,7,,0,30,0,0,0,0,0,1,2,5
,2019-33768,39.784627,-105.046949,7/18/2019 0:35,0:35,12,0,0,I70 & SHERIDAN BOULEVARD NORTH,1,3,0,0,1,4,,0,65,0,0,0,0,0,1,2,1
,2019-33769,39.783673,-105.052869,5/30/2019 16:36,16:36,15,0,0,I70 WB OFF RAMP & SHERIDAN BOULEVARD NORTH,1,1,0,0,1,7,,0,45,0,0,0,0,0,1,2,10
,2019-33770,39.783673,-105.052869,10/20/2019 23:12,23:12,12,0,0,I70 WB OFF RAMP & SHERIDAN BOULEVARD NORTH,1,3,1,0,1,7,,0,45,0,0,0,0,0,1,2,13
,2019-33771,39.783724,-105.052722,5/1/2019 11:25,11:25,15,0,0,I70 & SHERIDAN BOULEVARD NORTH,1,1,0,0,1,4,,0,55,0,0,0,0,0,1,2,13
,2019-33772,39.783785,-105.052585,12/11/2019 9:00,9:00,15,0,0,I70 & SHERIDAN BOULEVARD NORTH,1,1,0,0,1,4,,0,,0,0,0,0,0,1,2,13
,2019-33773,39.783908,-105.052312,6/27/2019 19:25,19:25,15,0,3,I70 & SHERIDAN BOULEVARD NORTH,1,2,1,0,1,4,,0,55,0,0,0,0,2,1,2,5
,2019-33774,39.784101,-105.05192,11/26/2019 5:28,5:28,5,0,1,I70 & SHERIDAN BOULEVARD NORTH,4,3,0,2,3,4,,0,55,0,0,0,0,1,1,1,13
,2019-33775,39.783678,-105.053244,12/28/2019 9:45,9:45,15,0,0,I70 & SHERIDAN BOULEVARD NORTH,6,1,0,2,1,4,,0,55,0,0,0,0,0,1,2,13
,2019-33776,39.784167,-105.05179,8/14/2019 20:45,20:45,15,0,0,I70 & SHERIDAN BOULEVARD NORTH,1,3,0,0,1,4,,0,55,0,0,0,0,0,1,2,13
,2019-33777,39.784232,-105.051661,11/17/2019 13:44,13:44,5,0,1,I70 & SHERIDAN BOULEVARD NORTH,1,1,1,0,2,4,,0,55,0,0,0,0,1,1,1,1
,2019-33778,39.784717,-105.050594,1/29/2019 23:57,23:57,5,0,0,I70 & SHERIDAN BOULEVARD NORTH,5,3,0,0,2,4,,0,55,0,0,0,0,0,1,1,5
,2019-33779,39.784769,-105.050455,10/3/2019 19:08,19:08,5,0,0,I70 & HIGHWAY 95 WB EXIT GORE POINT,1,1,0,0,2,4,,0,55,0,0,0,0,0,1,1,5
,2019-33780,39.784813,-105.050301,3/15/2019 1:34,1:34,5,0,0,I70 WB OFF RAMP GORE POINT & SHERIDAN BOULEVARD NORTH,1,3,0,0,3,7,,0,,0,0,0,0,0,1,1,13
,2019-33781,39.78498,-105.049354,2/26/2019 14:16,14:16,15,0,0,I70 & SHERIDAN BOULEVARD NORTH,1,1,1,0,1,4,,0,65,0,0,0,0,0,1,2,13
,2019-33782,39.78498,-105.049354,4/12/2019 16:31,16:31,5,0,0,I70 & SHERIDAN BOULEVARD NORTH,1,1,1,0,3,4,,0,55,0,0,0,0,0,1,1,13
,2019-33783,39.785009,-105.048904,7/4/2019 17:51,17:51,15,0,1,I70 EASTBOUND ENTRANCE GORE POINT & SHERIDAN BOULEVARD NORTH,1,1,1,0,1,4,,0,65,0,0,0,0,2,1,2,1
,2019-33784,39.784939,-105.048096,7/20/2019 18:07,18:07,12,0,0,I70 & TENNYSON STREET NORTH,1,1,0,0,1,4,,0,55,0,0,0,1,0,1,2,14
,2019-33785,39.784627,-105.046949,11/25/2019 23:20,23:20,15,0,0,I70 & SHERIDAN AVENUE NORTH,4,3,3,2,1,4,,0,,0,0,0,0,0,1,4,13
,2019-33786,39.78367,-105.0532,12/28/2019 2:08,2:08,5,0,1,I70 & SHERIDAN BOULEVARD NORTH,1,3,1,0,2,4,,0,55,0,0,0,0,1,1,1,7
,2019-33787,39.783531,-105.043983,11/18/2019 15:50,15:50,9,0,2,I70 & TENNYSON STREET NORTH,1,1,0,0,1,4,,0,55,0,0,0,0,2,1,1,13
,2019-33788,39.783452,-105.036293,6/7/2019 12:30,12:30,15,0,0,I70 & LOWELL BOULEVARD NORTH,1,1,0,0,1,4,,0,65,0,0,0,0,0,1,2,13
,2019-33789,39.783357,-105.034566,4/9/2019 8:15,8:15,12,0,0,I70 & LOWELL BOULEVARD NORTH,1,1,0,0,1,4,,0,55,0,0,0,0,0,1,2,13
,2019-33790,39.783357,-105.034566,6/19/2019 16:55,16:55,15,0,0,I70 & LOWELL BOULEVARD NORTH,1,2,1,0,1,4,,0,65,0,0,0,0,0,1,2,13
,2019-33791,39.783357,-105.034566,1/22/2019 7:00,7:00,3,0,0,I70 WB LOWELL OFF & 48TH AVENUE WEST,5,1,0,2,1,1,,0,35,0,0,0,0,0,1,2,1
,2019-33792,39.783357,-105.034566,2/5/2019 11:51,11:51,3,0,0,I70 WB OFF RAMP & LOWELL BOULEVARD NORTH,1,1,1,0,1,1,,0,30,0,0,0,0,0,1,2,13
,2019-33793,39.783357,-105.034566,3/23/2019 17:29,17:29,3,0,0,I70 WB OFF RAMP & LOWELL BOULEVARD NORTH,1,1,0,0,1,1,,0,25,0,0,0,0,0,1,3,13
,2019-33794,39.783357,-105.034566,10/16/2019 18:00,18:00,15,0,0,I70 WB OFF RAMP & LOWELL BOULEVARD NORTH,1,2,1,0,1,1,,0,35,0,0,0,0,0,1,2,7
,2019-33795,39.783357,-105.034566,11/8/2019 15:05,15:05,3,0,0,I70 WB OFF RAMP & LOWELL BOULEVARD NORTH,1,1,0,0,1,1,,0,35,0,0,0,0,0,1,2,5
,2019-33796,39.783347,-105.034402,3/13/2019 8:06,8:06,12,0,2,I70 & LOWELL BOULEVARD NORTH,2,1,1,1,1,4,,0,55,0,0,0,1,1,1,2,1
,2019-33797,39.783337,-105.034239,1/26/2019 0:28,0:28,5,0,0,I70 EASTBOUND ON RAMP & LOWELL BOULEVARD NORTH,1,3,0,0,3,7,,0,35,0,0,0,0,0,1,1,5
,2019-33798,39.783358,-105.032444,8/25/2019 15:08,15:08,12,0,1,I70 & LOWELL BOULEVARD NORTH,1,1,0,0,1,4,,0,65,0,0,0,0,1,1,2,1
,2019-33799,39.783542,-105.031162,2/20/2019 8:10,8:10,12,0,0,I70 & FEDERAL BOULEVARD NORTH,1,1,0,0,1,4,,0,55,0,0,0,0,0,1,2,13
,2019-3380,39.624201,-105.0945435,1/29/2019 8:45,8:45,12,0,0,DUDLEY STREET SOUTH & BELLEVIEW AVENUE WEST,5,1,0,0,1,1,,0,30,0,0,0,0,0,4,2,13
,2019-33800,39.783542,-105.031162,7/19/2019 16:21,16:21,12,0,0,I70 & FEDERAL BOULEVARD NORTH,1,1,0,0,1,4,,0,55,0,0,0,0,0,1,3,2
,2019-33801,39.783542,-105.031162,8/31/2019 13:07,13:07,15,0,0,I70 & FEDERAL BOULEVARD NORTH,1,1,1,0,1,4,,0,55,0,0,0,0,0,1,2,14
,2019-33802,39.783566,-105.031002,3/24/2019 16:50,16:50,15,0,1,I70 & LOWELL BOULEVARD NORTH WB OFF RAMP,1,1,1,0,1,4,,0,55,0,0,0,0,1,1,2,1
,2019-33803,39.783952,-105.02845,9/30/2019 7:30,7:30,12,0,0,I70 & FEDERAL BOULEVARD NORTH EASTBOUND EXIT GORE POINT,1,1,0,0,1,4,,0,55,0,0,0,0,0,1,2,3
,2019-33804,39.783952,-105.02845,9/30/2019 8:14,8:14,12,0,0,I70 & FEDERAL BOULEVARD NORTH EASTBOUND EXIT GORE POINT,1,1,0,0,1,4,,1,55,0,0,0,0,0,1,3,3
,2019-33805,39.784073,-105.027513,11/10/2019 9:44,9:44,5,0,0,I70 WB ON RAMP & FEDERAL BOULEVARD NORTH,1,1,1,0,2,7,,0,55,0,0,0,0,0,1,2,3
,2019-33806,39.784206,-105.025519,8/28/2019 8:27,8:27,12,0,0,I70 & MM 272,1,1,0,0,1,4,,0,55,0,0,0,0,0,1,3,3
,2019-33807,39.784206,-105.025519,1/2/2019 9:17,9:17,12,0,0,I70 EASTBOUND OFF RAMP & FEDERAL BOULEVARD NORTH,1,1,0,0,1,7,,0,45,0,0,0,0,0,1,3,14
,2019-33808,39.784206,-105.025519,9/27/2019 8:00,8:00,12,0,0,I70 EASTBOUND OFF RAMP & FEDERAL BOULEVARD NORTH,1,1,1,0,1,7,,0,30,0,0,0,0,0,1,2,5
,2019-33809,39.784206,-105.025519,10/22/2019 8:56,8:56,12,0,0,I70 EASTBOUND OFF RAMP & FEDERAL BOULEVARD NORTH,1,1,1,0,1,7,,0,45,0,0,0,0,0,1,2,13
,2019-33810,39.784206,-105.025519,11/27/2019 13:47,13:47,12,0,1,I70 EASTBOUND OFF RAMP & FEDERAL BOULEVARD NORTH,2,1,1,0,1,7,,0,30,0,0,0,0,1,1,2,3
,2019-33811,39.784206,-105.025519,3/10/2019 12:06,12:06,12,0,0,I70 WB ON RAMP & FEDERAL BOULEVARD NORTH,1,1,1,0,1,7,,0,35,0,0,0,0,0,1,2,2
,2019-33812,39.784221,-105.025095,1/26/2019 12:54,12:54,12,0,0,I70 & FEDERAL BOULEVARD NORTH,1,1,0,0,1,4,,0,65,0,0,0,0,0,1,2,3
,2019-33813,39.784221,-105.025095,5/20/2019 19:37,19:37,5,0,0,I70 & FEDERAL BOULEVARD NORTH,2,3,0,2,2,4,,0,55,0,0,0,0,0,1,2,7
,2019-33814,39.784221,-105.025095,8/7/2019 15:18,15:18,12,0,0,I70 & FEDERAL BOULEVARD NORTH,1,1,2,0,1,4,,0,55,0,0,0,0,0,1,2,3
,2019-33815,39.784221,-105.025095,11/25/2019 17:26,17:26,12,0,2,I70 & FEDERAL BOULEVARD NORTH,2,3,0,2,1,4,,0,55,0,0,0,0,1,1,2,13
,2019-33816,39.78342,-105.010058,3/5/2019 16:43,16:43,15,0,0,I70 WB ON RAMP & PECOS STREET NORTH,1,1,1,0,1,7,,0,55,0,0,0,0,0,1,2,1
,2019-33817,39.784221,-105.025095,12/19/2019 18:05,18:05,12,0,0,I70 & FEDERAL BOULEVARD NORTH,1,3,1,0,1,4,,0,55,0,0,0,0,0,1,3,13
,2019-33818,39.784221,-105.024907,1/3/2019 11:48,11:48,12,0,0,I70 & FEDERAL BOULEVARD NORTH,1,1,0,0,1,4,,0,55,0,0,0,0,0,1,2,3
,2019-33819,39.784221,-105.024907,1/14/2019 8:25,8:25,15,0,0,I70 & FEDERAL BOULEVARD NORTH,1,1,0,0,1,4,,0,55,0,0,0,0,0,1,2,14
,2019-33820,39.784221,-105.024907,5/16/2019 16:19,16:19,15,0,0,I70 & FEDERAL BOULEVARD NORTH,1,1,0,0,1,4,,0,65,0,0,0,0,0,1,2,14
,2019-33821,39.784221,-105.024907,7/3/2019 0:00,0:00,12,0,0,I70 WB OFF RAMP & FEDERAL BOULEVARD NORTH,1,1,1,0,1,7,,0,45,0,0,0,0,0,1,2,13
,2019-33822,39.78422,-105.024718,8/7/2019 14:05,14:05,5,0,0,I70 & FEDERAL BOULEVARD NORTH,1,1,0,0,1,4,,0,65,0,0,0,0,0,1,2,13
,2019-33823,39.78422,-105.024718,12/23/2019 4:21,4:21,5,0,1,I70 & FEDERAL BOULEVARD NORTH,1,3,0,0,3,4,,0,55,0,0,0,0,1,1,2,2
,2019-33824,39.784211,-105.024341,5/17/2019 18:35,18:35,12,0,1,I70 & FEDERAL BOULEVARD NORTH,2,2,1,1,1,4,,0,55,0,0,0,0,2,1,3,1
,2019-33825,39.784172,-105.023591,12/7/2019 10:38,10:38,15,0,0,I70 & FEDERAL BOULEVARD NORTH,1,1,0,0,1,4,,0,55,0,0,0,0,0,1,2,13
,2019-33826,39.784147,-105.023406,2/16/2019 12:34,12:34,5,0,0,I70 & FEDERAL BOULEVARD NORTH,1,1,0,0,3,4,,0,55,0,0,0,0,0,1,1,1
,2019-33827,39.784147,-105.023406,5/17/2019 16:10,16:10,12,0,0,I70 & FEDERAL BOULEVARD,1,1,0,0,1,4,,0,55,0,0,0,0,0,1,2,14
,2019-33828,39.784147,-105.023406,8/15/2019 12:21,12:21,6,0,1,I70 & FEDERAL BOULEVARD NORTH,1,1,1,0,1,4,,0,55,0,0,0,0,2,1,3,1
,2019-33829,39.783867,-105.021747,3/7/2019 9:00,9:00,15,0,0,I70 & FEDERAL BOULEVARD NORTH EASTBOUND ENTRANCE GORE POINT,1,1,0,0,1,4,,0,55,0,0,0,0,0,1,2,1
,2019-33830,39.783833,-105.021562,10/17/2019 6:56,6:56,12,0,0,I70 & FEDERAL BOULEVARD NORTH,1,2,1,0,1,4,,0,55,0,0,0,0,0,1,2,1
,2019-33831,39.7838,-105.021377,7/28/2019 20:40,20:40,15,0,0,I70 & FEDERAL BOULEVARD NORTH EASTBOUND ENTRANCE GORE POINT,1,3,0,0,1,4,,0,55,0,0,0,0,0,1,3,14
,2019-33832,39.783655,-105.020445,1/17/2019 15:40,15:40,5,0,0,I70 & CLAY STREET NORTH,1,1,0,0,3,4,,0,55,0,0,0,0,0,1,1,1
,2019-33833,39.783655,-105.020445,6/10/2019 13:25,13:25,12,0,1,I70 & FEDERAL BOULEVARD NORTH,1,1,1,0,1,4,,0,55,0,0,0,0,2,1,3,3
,2019-33835,39.783578,-105.017978,4/10/2019 7:38,7:38,15,0,0,I70 & FEDERAL BOULEVARD NORTH,2,1,1,1,1,4,,0,55,0,0,0,0,0,1,2,13
,2019-33836,39.755754,-104.9890095,5/24/2019 10:30,10:30,10,0,1,PARK AVENUE WEST & LARIMER STREET,1,1,0,0,1,1,,0,35,0,0,0,0,1,4,2,13
,2019-33837,39.783571,-105.015887,8/26/2019 8:31,8:31,12,0,1,I70 & ZUNI STREET NORTH,1,1,1,0,1,4,,0,55,0,0,0,0,1,1,3,1
,2019-33838,39.783571,-105.015887,9/8/2019 18:36,18:36,12,0,2,I70 & ZUNI STREET NORTH,2,1,0,1,1,4,,0,65,0,0,0,0,1,1,2,1
,2019-33840,39.783571,-105.015887,9/8/2019 18:36,18:36,12,0,3,I70 & MM 272.5,2,1,0,1,1,4,,0,65,0,0,0,0,1,1,3,13
,2019-33841,39.783567,-105.01552,1/16/2019 6:52,6:52,12,0,1,I70 & PECOS STREET NORTH,1,2,1,0,1,4,,0,55,0,0,0,0,1,1,3,13
,2019-33842,39.783567,-105.01552,6/5/2019 7:01,7:01,15,0,0,I70 & PECOS STREET NORTH,1,1,0,0,1,4,,0,35,0,0,0,0,0,1,2,7
,2019-33843,39.783567,-105.01552,7/26/2019 17:07,17:07,15,0,0,I70 & PECOS STREET NORTH,1,1,0,0,1,4,,0,55,0,0,0,0,0,1,3,13
,2019-33844,39.783555,-105.014974,7/18/2019 23:05,23:05,12,0,0,I70 & PECOS STREET NORTH,1,3,0,0,1,4,,0,55,0,0,0,0,0,1,2,13
,2019-33845,39.783475,-105.011148,11/19/2019 17:45,17:45,12,0,0,I70 & PECOS STREET NORTH EASTBOUND EXIT GORE POINT,1,2,1,0,1,4,,0,65,0,0,0,0,0,1,3,13
,2019-33846,39.783475,-105.011148,11/19/2019 17:45,17:45,12,0,0,I70 & PECOS STREET NORTH EASTBOUND EXIT GORE POINT TO,1,2,1,0,1,4,,0,55,0,0,0,0,0,1,2,13
,2019-33847,39.781899,-104.996643,11/30/2019 9:56,9:56,5,0,0,I70 & WASHINGTON STREET NORTH,2,1,1,0,3,4,,0,55,0,0,0,0,0,1,1,1
,2019-33849,39.783262,-105.008245,4/15/2019 5:36,5:36,12,0,1,I70 & PECOS STREET NORTH,1,2,1,0,1,4,,0,55,0,0,0,0,1,1,2,13
,2019-33850,39.783262,-105.008245,5/13/2019 7:51,7:51,12,0,1,I70 & PECOS STREET NORTH,1,1,1,0,1,4,,0,55,0,0,0,0,1,1,2,3
,2019-33851,39.783262,-105.008245,10/9/2019 6:52,6:52,12,0,0,I70 & PECOS STREET NORTH,1,2,0,0,1,4,,0,55,0,0,0,0,0,1,2,3
,2019-33852,39.783262,-105.008245,11/25/2019 8:24,8:24,15,0,0,I70 & PECOS STREET NORTH,1,1,0,0,1,4,,0,55,0,0,0,0,0,1,2,14
,2019-33853,39.783229,-105.007883,1/8/2019 6:45,6:45,15,0,0,I70 & PECOS STREET NORTH,1,1,0,0,1,4,,0,55,0,0,0,0,0,1,3,14
,2019-33854,39.783196,-105.00752,1/17/2019 6:40,6:40,12,0,0,I70 & PECOS STREET NORTH,1,2,0,0,1,4,,0,55,0,0,0,0,0,1,3,13
,2019-33855,39.783137,-105.006795,2/11/2019 7:00,7:00,12,0,0,I70 & PECOS STREET NORTH,1,1,1,0,1,4,,0,55,0,0,0,0,0,1,3,3
,2019-33856,39.783135,-105.006547,1/29/2019 18:50,18:50,15,0,0,I70 & PECOS STREET NORTH,1,3,1,0,1,4,,0,,0,0,0,0,0,1,2,13
,2019-33857,39.783135,-105.006547,4/15/2019 5:36,5:36,12,0,0,I70 & PECOS STREET NORTH,1,1,0,0,1,4,,0,55,0,0,0,0,0,1,2,13
,2019-33858,39.783138,-105.006328,1/7/2019 7:12,7:12,12,0,0,I70 & PECOS STREET NORTH,2,1,0,0,1,4,,0,55,0,0,0,0,0,1,2,14
,2019-33859,39.783138,-105.006328,2/6/2019 12:46,12:46,12,0,0,I70 & PECOS STREET NORTH,5,1,0,2,1,4,,0,65,0,0,0,0,0,1,3,13
,2019-33860,39.783138,-105.006328,2/11/2019 6:30,6:30,12,0,0,I70 & PECOS STREET NORTH,1,1,1,0,1,4,,0,55,0,0,0,0,0,1,3,13
,2019-33861,39.783138,-105.006328,2/11/2019 7:01,7:01,12,0,0,I70 & PECOS STREET NORTH,1,1,1,0,1,4,,0,55,0,0,0,0,0,1,2,7
,2019-33862,39.783138,-105.006328,2/28/2019 19:11,19:11,5,0,0,I70 & PECOS STREET NORTH,1,3,1,0,3,4,,0,55,0,0,0,0,0,1,1,5
,2019-33863,39.783138,-105.006328,4/9/2019 7:12,7:12,12,0,0,I70 & PECOS STREET NORTH,1,1,0,0,1,4,,0,55,0,0,0,0,0,1,2,5
,2019-33864,39.783138,-105.006328,4/15/2019 5:40,5:40,12,0,1,I70 & PECOS STREET NORTH,1,2,1,0,1,4,,0,55,0,0,0,0,1,1,2,13
,2019-33865,39.783138,-105.006328,5/17/2019 19:45,19:45,12,0,0,I70 & PECOS STREET NORTH,2,1,0,1,1,4,,0,55,0,0,0,0,0,1,2,13
,2019-33866,39.783138,-105.006328,5/22/2019 8:00,8:00,12,0,0,I70 & PECOS STREET NORTH,1,1,0,0,1,4,,0,55,0,0,0,0,0,1,2,13
,2019-33867,39.783138,-105.006328,6/3/2019 7:27,7:27,12,0,0,I70 & PECOS STREET NORTH,1,1,0,0,1,4,,0,55,0,0,0,0,0,1,2,3
,2019-33868,39.783138,-105.006328,6/12/2019 7:45,7:45,15,0,0,I70 & PECOS STREET NORTH,1,1,0,0,1,4,,0,55,0,0,0,0,0,1,2,13
,2019-33869,39.783138,-105.006328,6/12/2019 17:36,17:36,12,0,0,I70 & PECOS STREET NORTH,1,1,1,0,1,4,,0,65,0,0,0,0,0,1,2,13
,2019-33870,39.783138,-105.006328,7/14/2019 0:39,0:39,15,0,0,I70 & PECOS STREET NORTH,1,3,1,0,1,4,,0,55,0,0,0,0,0,1,2,1
,2019-33871,39.783138,-105.006328,7/22/2019 8:07,8:07,12,0,0,I70 & PECOS STREET NORTH,1,1,0,0,1,4,,0,55,0,0,0,0,0,1,4,3