id,drcog_id,latitude,longitude,crashtime,time,crashtype,numbkilled,numbinjurd,drcoglocat,rdconditin,lightngcon,roadcntgrd,weatherco,location,roaddescrp,schoolzone,constrzone,splimit,bikeinv,sctrinv,pedinv,motoinv,svrty,rdsystem,ttlvehcls,hcf
,2019-34158,39.779895,-104.967089,5/3/2019 23:20,23:20,5,0,1,I70 & BRIGHTON BOULEVARD NORTH,1,3,0,0,3,4,,0,55,0,0,0,0,1,1,2,5
,2019-34159,39.779895,-104.967089,5/9/2019 22:15,22:15,12,0,0,I70 & BRIGHTON BOULEVARD NORTH,2,3,1,1,1,4,,0,55,0,0,0,0,0,1,2,13
,2019-34160,39.779895,-104.967089,5/15/2019 7:10,7:10,12,0,1,I70 & BRIGHTON BOULEVARD NORTH,1,1,0,0,1,4,,0,55,0,0,0,0,1,1,3,13
,2019-34161,39.779895,-104.967089,6/27/2019 6:22,6:22,12,0,0,I70 & BRIGHTON BOULEVARD NORTH,1,1,0,0,1,4,,0,55,0,0,0,0,0,1,2,2
,2019-34162,39.779895,-104.967089,7/16/2019 16:08,16:08,12,0,0,I70 & BRIGHTON BOULEVARD NORTH,1,1,0,0,1,4,,0,55,0,0,0,0,0,1,2,13
,2019-34163,39.779895,-104.967089,7/19/2019 8:02,8:02,12,0,0,I70 & BRIGHTON BOULEVARD NORTH,1,1,0,0,1,4,,0,55,0,0,0,0,0,1,2,13
,2019-34164,39.779895,-104.967089,7/30/2019 21:59,21:59,15,0,0,I70 & BRIGHTON BOULEVARD NORTH,1,3,0,0,1,4,,0,55,0,0,0,0,0,1,2,1
,2019-34165,39.779895,-104.967089,8/22/2019 7:46,7:46,12,0,1,I70 & BRIGHTON BOULEVARD,1,1,0,0,1,4,,0,55,0,0,0,0,1,1,2,13
,2019-34166,39.779895,-104.967089,8/26/2019 7:18,7:18,12,0,0,I70 & BRIGHTON BOULEVARD NORTH,1,1,0,0,1,4,,0,55,0,0,0,0,0,1,2,13
,2019-34167,39.779895,-104.967089,9/12/2019 17:45,17:45,12,0,1,I70 & BRIGHTON BOULEVARD NORTH,1,1,0,0,1,4,,0,55,0,0,0,0,1,1,3,13
,2019-34168,39.779895,-104.967089,9/17/2019 9:10,9:10,12,0,0,I70 & BRIGHTON BOULEVARD NORTH,1,1,0,0,1,4,,0,65,0,0,0,0,0,1,2,12
,2019-34169,39.779895,-104.967089,10/14/2019 11:30,11:30,15,0,0,I70 & BRIGHTON BOULEVARD NORTH,1,1,0,0,1,4,,0,55,0,0,0,0,0,1,2,13
,2019-34170,39.779883,-104.967167,10/25/2019 18:00,18:00,15,0,0,I70 & BRIGHTON BOULEVARD NORTH,1,1,0,0,1,4,,0,65,0,0,0,0,0,1,2,14
,2019-34171,39.779895,-104.967089,12/2/2019 12:57,12:57,15,0,0,I70 & BRIGHTON BOULEVARD,1,1,0,0,1,4,,0,65,0,0,0,0,0,1,2,10
,2019-34172,39.779911,-104.96676,5/21/2019 1:44,1:44,15,0,2,I70 & BRIGHTON BOULEVARD NORTH,6,3,0,2,1,4,,0,50,0,0,0,0,1,1,2,13
,2019-34173,39.779911,-104.96676,1/7/2019 7:20,7:20,15,0,0,I70 EASTBOUND ON RAMP MERGE & HIGHWAY 265 / BRIGHTON BOULEVARD,1,1,1,0,1,7,,0,35,0,0,0,0,0,4,2,7
,2019-34174,39.779911,-104.96676,4/15/2019 7:33,7:33,12,0,0,I70 EASTBOUND ON RAMP & BRIGHTON BOULEVARD NORTH,1,1,1,0,1,7,,0,55,0,0,0,0,0,1,2,3
,2019-34175,39.779911,-104.96676,8/9/2019 17:00,17:00,12,0,0,I70 EASTBOUND ON RAMP SLIP MERGE GORE POINT & HIGHWAY 265 / BRIGHTON BOULEVARD NORTH,1,1,0,0,1,7,,0,55,0,0,0,0,0,1,2,3
,2019-34176,39.779911,-104.96676,8/14/2019 8:49,8:49,15,0,0,I70 EASTBOUND ON RAMP MERGE POINT & BRIGHTON BOULEVARD NORTH,1,1,0,0,1,7,,1,55,0,0,0,0,0,1,2,13
,2019-34177,39.779911,-104.96676,9/13/2019 7:50,7:50,12,0,0,I70 EASTBOUND ON RAMP SLIP MERGE GORE POINT & HIGHWAY 265 / BRIGHTON BOULEVARD NORTH,1,1,0,0,1,7,,0,30,0,0,0,0,0,1,2,13
,2019-34178,39.779911,-104.96676,10/2/2019 8:26,8:26,12,0,0,I70 EASTBOUND ON RAMP SLIP & BRIGHTON BOULEVARD NORTH,2,1,0,0,1,7,,0,25,0,0,0,0,0,1,2,13
,2019-34179,39.779929,-104.966391,3/14/2019 18:10,18:10,15,0,0,I70 EASTBOUND ON RAMP & BRIGHTON BOULEVARD NORTH,1,1,1,0,1,7,,0,55,0,0,0,0,0,1,2,14
,2019-34180,39.779963,-104.965706,5/31/2019 14:44,14:44,12,0,0,I70 & BRIGHTON BOULEVARD NORTH,1,1,0,0,1,4,,0,65,0,0,0,0,0,1,2,3
,2019-34181,39.779963,-104.965706,8/13/2019 16:53,16:53,15,0,0,I70 EASTBOUND ON RAMP & BRIGHTON BOULEVARD NORTH,1,1,1,0,1,7,,1,55,0,0,0,0,0,1,2,13
,2019-34182,39.779995,-104.965025,4/4/2019 16:43,16:43,12,0,0,I70 & WILLIAMS STREET NORTH,1,1,0,0,1,4,,0,55,0,0,0,0,0,1,2,2
,2019-34183,39.780013,-104.963659,4/3/2019 15:13,15:13,12,0,3,I70 & BRIGHTON BOULEVARD NORTH,1,1,0,0,1,4,,0,55,0,0,0,0,1,1,3,3
,2019-34184,39.780077,-104.932458,4/7/2019 0:18,0:18,5,0,0,I70 & DAHLIA STREET NORTH,1,3,0,0,3,4,,0,55,0,0,0,0,0,1,1,13
,2019-34185,39.779883,-104.967167,12/29/2019 21:27,21:27,15,0,0,I70 & BRIGHTON BOULEVARD NORTH,1,3,0,0,1,4,,0,65,0,0,0,0,0,1,2,5
,2019-34186,39.780015,-104.963319,7/17/2019 18:07,18:07,12,0,1,I70 EASTBOUND ENTRANCE GORE POINT & BRIGHTON BOULEVARD NORTH,1,1,0,0,1,4,,0,55,0,0,0,0,1,1,2,3
,2019-34187,39.780015,-104.963319,7/29/2019 1:39,1:39,12,0,1,I70 EASTBOUND ENTRANCE GORE POINT & BRIGHTON BOULEVARD NORTH,1,3,0,0,1,4,,0,55,0,0,0,0,1,1,2,1
,2019-34188,39.780015,-104.963319,3/13/2019 6:12,6:12,5,0,0,I70 WB OFF GORE POINT & BRIGHTON BOULEVARD,2,3,0,1,3,4,,0,65,0,0,0,0,0,1,1,13
,2019-34190,39.780016,-104.962976,5/12/2019 1:46,1:46,15,0,1,I70 & BRIGHTON BOULEVARD NORTH EASTBOUND ENTRANCE GORE POINT,1,3,0,0,1,4,,0,55,0,0,0,0,2,1,2,13
,2019-34191,39.780016,-104.962976,11/17/2019 0:46,0:46,15,0,0,I70 WB EXIT GORE POINT TO & BRIGHTON BOULEVARD NORTH,1,3,0,0,1,4,,1,45,0,0,0,0,0,1,2,14
,2019-34192,39.780023,-104.96134,6/15/2019 16:55,16:55,12,0,0,I70 & BRIGHTON BOULEVARD NORTH,1,1,0,0,1,4,,0,55,0,0,0,0,0,1,3,13
,2019-34193,39.780006,-104.962399,6/28/2019 14:43,14:43,12,0,0,I70 & VINE STREET NORTH,1,1,0,0,1,4,,0,55,0,0,0,0,0,1,2,7
,2019-34194,39.780023,-104.96134,7/14/2019 9:58,9:58,12,0,1,I70 & BRIGHTON BOULEVARD NORTH,1,1,0,0,1,4,,0,65,0,0,0,0,2,1,3,8
,2019-34195,39.78002,-104.960694,11/5/2019 7:47,7:47,12,0,1,I70 & YORK STREET NORTH,1,2,0,0,1,4,,0,55,0,0,0,0,1,1,3,13
,2019-34196,39.780013,-104.960371,1/13/2019 12:51,12:51,12,0,6,I70 & BRIGHTON BOULEVARD,1,1,0,0,1,4,,0,55,0,0,0,0,2,1,2,7
,2019-34197,39.780013,-104.960371,7/3/2019 15:13,15:13,15,0,0,I70 EASTBOUND MERGE LANE & MM 275.5,1,1,0,0,1,4,,0,65,0,0,0,0,0,1,2,13
,2019-34198,39.780013,-104.960209,5/20/2019 1:35,1:35,5,0,0,I70 & YORK STREET NORTH,1,3,0,0,1,4,,0,65,0,0,0,0,0,1,2,12
,2019-34199,39.780013,-104.960048,9/22/2019 16:53,16:53,15,0,0,I70 & YORK STREET NORTH,1,1,0,0,1,4,,0,55,0,0,0,0,0,1,3,2
,2019-34200,39.780013,-104.959724,6/1/2019 21:54,21:54,12,0,0,I70 & YORK STREET NORTH,1,3,0,0,1,4,,1,55,0,0,0,0,0,1,3,14
,2019-34201,39.780014,-104.959564,3/19/2019 12:15,12:15,12,0,0,I70 & YORK STREET NORTH,1,1,0,0,1,4,,0,55,0,0,0,0,0,1,2,12
,2019-34202,39.780014,-104.959564,8/4/2019 11:15,11:15,12,0,0,I70 & YORK STREET,1,1,0,0,1,4,,0,65,0,0,0,0,0,1,4,13
,2019-34203,39.780014,-104.959564,11/17/2019 8:45,8:45,15,0,0,I70 & YORK STREET / 2000 BLOCK,1,1,0,0,1,4,,0,65,0,0,0,0,0,1,2,13
,2019-34204,39.780014,-104.959201,8/23/2019 17:11,17:11,12,0,0,I70 & YORK STREET NORTH,1,1,1,0,1,4,,0,65,0,0,0,0,0,1,2,7
,2019-34205,39.780014,-104.959201,10/4/2019 6:45,6:45,15,0,0,I70 & YORK STREET NORTH,1,2,0,0,1,4,,0,65,0,0,0,0,0,1,2,13
,2019-34206,39.780131,-104.959317,10/15/2019 13:14,13:14,12,0,0,I70 & YORK STREET NORTH,1,1,0,0,1,4,,1,55,0,0,0,0,0,1,2,3
,2019-34207,39.780014,-104.959201,10/24/2019 10:21,10:21,12,0,0,I70 & YORK STREET NORTH,1,1,0,0,1,4,,0,65,0,0,0,0,0,1,2,13
,2019-34208,39.780014,-104.959201,5/13/2019 10:58,10:58,15,0,0,YORK STREET NORTH & STEAVENSON PLACE EAST,1,1,0,0,1,1,,0,30,0,0,0,0,0,1,2,13
,2019-34209,39.780014,-104.959201,2/7/2019 7:48,7:48,10,0,0,YORK STREET NORTH & 45TH AVENUE EAST,5,1,0,0,1,1,,0,30,0,0,0,0,0,1,2,1
,2019-34210,39.780014,-104.959201,3/19/2019 17:35,17:35,15,0,0,YORK STREET NORTH & 45TH AVENUE EAST / I70 EASTBOUND OFF RAMP,1,1,1,0,1,1,,0,30,0,0,0,0,0,1,2,8
,2019-34211,39.780014,-104.959201,3/21/2019 15:15,15:15,10,0,0,YORK STREET NORTH & 45TH AVENUE EAST / I70 EASTBOUND OFF RAMP,1,1,0,0,1,1,,0,30,0,0,0,0,0,1,2,8
,2019-34212,39.780014,-104.959201,4/11/2019 14:54,14:54,10,0,0,YORK STREET NORTH & 45TH AVENUE EAST,1,1,0,0,1,1,,0,30,0,0,0,0,0,1,2,8
,2019-34213,39.780014,-104.959201,8/20/2019 12:54,12:54,3,0,1,YORK STREET NORTH & 45TH AVENUE EAST,1,1,0,0,1,1,,0,25,0,0,0,0,1,1,2,5
,2019-34214,39.778933,-104.959392,12/5/2019 8:03,8:03,12,0,0,YORK STREET NORTH & 45TH AVENUE EAST,1,2,0,1,1,3,,0,,0,0,0,0,0,1,2,13
,2019-34215,39.780014,-104.959201,12/14/2019 14:45,14:45,3,0,0,YORK STREET NORTH & 45TH AVENUE EAST,1,1,1,0,1,1,,0,35,0,0,0,0,0,1,2,8
,2019-34216,39.780014,-104.958231,12/5/2019 14:55,14:55,15,0,0,JOSEPHINE STREET NORTH & 46TH AVENUE EAST,2,1,0,1,1,1,,1,30,0,0,0,1,0,4,2,8
,2019-34217,39.780014,-104.957857,2/12/2019 10:31,10:31,12,0,1,I70 & BRIGHTON BOULEVARD NORTH,1,1,0,0,1,4,,0,55,0,0,0,0,1,1,2,1
,2019-34218,39.778341,-104.922379,5/29/2019 18:49,18:49,15,0,0,I70 & HOLLY STREET NORTH,1,1,0,0,1,4,,1,,0,0,0,0,0,1,2,13
,2019-34219,39.780014,-104.957857,3/19/2019 11:40,11:40,12,0,0,I70 & BRIGHTON BOULEVARD NORTH,1,1,0,0,1,4,,0,65,0,0,0,0,0,1,2,1
,2019-34220,39.780015,-104.957296,2/8/2019 6:00,6:00,15,0,1,I70 & VASQUEZ BOULEVARD NORTH,5,2,1,2,1,4,,0,55,0,0,0,0,1,1,2,14
,2019-34221,39.780015,-104.957109,2/25/2019 2:35,2:35,3,0,0,46TH AVENUE EAST & COLUMBINE STREET NORTH,1,3,0,0,1,1,,1,25,0,0,0,0,0,4,2,1
,2019-34222,39.780016,-104.953183,7/17/2019 17:59,17:59,12,0,0,I70 & VASQUEZ BOULEVARD NORTH,1,2,1,0,1,4,,0,55,0,0,0,0,0,1,2,3
,2019-34223,39.780016,-104.953183,5/15/2019 17:48,17:48,12,0,0,I70 & VASQUEZ BOULEVARD NORTH,1,1,0,0,1,4,,0,65,0,0,0,0,0,1,2,13
,2019-34224,39.780015,-104.955781,1/19/2019 14:06,14:06,12,0,0,I70 & MM 276,1,1,0,0,1,4,,0,65,0,0,0,0,0,1,3,1
,2019-34225,39.780016,-104.954733,4/12/2019 16:16,16:16,5,0,0,I70 & VASQUEZ BOULEVARD NORTH,1,1,0,0,2,4,,0,55,0,0,0,0,0,1,3,5
,2019-34226,39.780016,-104.953934,5/10/2019 16:02,16:02,15,0,0,I70 & VASQUEZ STREET NORTH,1,1,0,0,1,4,,0,55,0,0,0,0,0,1,2,13
,2019-34227,39.780016,-104.953934,10/27/2019 17:10,17:10,15,0,0,I70 & COLORADO BOULEVARD NORTH,2,3,0,2,1,4,,0,55,0,0,0,0,0,1,2,3
,2019-34228,39.780016,-104.953183,2/1/2019 15:12,15:12,12,0,0,I70 & VASQUEZ BOULEVARD,1,1,0,0,1,4,,0,55,0,0,0,0,0,1,2,14
,2019-34229,39.780016,-104.953183,2/7/2019 11:09,11:09,15,0,0,I70 & VASQUEZ BOULEVARD NORTH,4,1,0,0,1,4,,0,65,0,0,0,0,0,1,2,13
,2019-34230,39.780016,-104.953183,2/8/2019 4:55,4:55,12,0,0,I70 & VASQUEZ BOULEVARD NORTH,5,3,0,0,1,4,,0,55,0,0,0,0,0,1,2,13
,2019-34231,39.780016,-104.953183,2/8/2019 6:53,6:53,15,0,2,I70 & VASQUEZ BOULEVARD NORTH,5,2,1,2,1,4,,0,55,0,0,0,0,1,1,2,14
,2019-34232,39.780016,-104.953183,2/9/2019 5:48,5:48,15,0,0,I70 & VASQUEZ BOULEVARD NORTH,2,2,0,0,1,4,,0,55,0,0,0,0,0,1,2,14
,2019-34233,39.780016,-104.953183,2/21/2019 18:47,18:47,15,0,0,I70 & VASQUEZ BOULEVARD NORTH,1,3,0,0,1,4,,0,55,0,0,0,0,0,1,2,13
,2019-34234,39.780016,-104.953183,2/26/2019 22:53,22:53,12,0,2,I70 & VASQUEZ BOULEVARD NORTH,1,3,0,0,1,4,,0,55,0,0,0,0,2,1,3,13
,2019-34235,39.778285,-104.913834,10/2/2019 10:11,10:11,5,0,1,I70 & MM 278,1,1,0,0,3,4,,0,65,0,0,0,0,2,1,1,5
,2019-34236,39.780016,-104.953183,3/12/2019 20:30,20:30,12,0,0,I70 & VAZQUEZ BOULEVARD NORTH,1,3,0,0,1,4,,1,55,0,0,0,0,0,1,2,1
,2019-34237,39.780016,-104.953183,5/2/2019 10:37,10:37,12,0,5,I70 & VASQUEZ BOULEVARD NORTH,1,1,0,0,1,4,,0,55,0,0,0,0,1,1,2,8
,2019-34238,39.780016,-104.953183,5/14/2019 14:34,14:34,15,0,0,I70 & VASQUEZ BOULEVARD NORTH,1,1,1,0,1,4,,0,55,0,0,0,0,0,1,2,13
,2019-34239,39.780016,-104.953183,6/28/2019 14:26,14:26,12,0,0,I70 & VASQUEZ BOULEVARD NORTH,1,1,0,0,1,4,,0,65,0,0,0,0,0,1,2,3
,2019-34240,39.780016,-104.953183,7/30/2019 7:52,7:52,12,0,0,I70 & VASQUEZ BOULEVARD NORTH,1,1,0,0,1,4,,0,65,0,0,0,0,0,1,2,7
,2019-34241,39.780016,-104.953183,8/6/2019 18:53,18:53,12,0,0,I70 & VASQUEZ BOULEVARD NORTH,1,1,1,0,1,4,,0,55,0,0,0,0,0,1,3,3
,2019-34242,39.780016,-104.953183,10/11/2019 11:36,11:36,12,0,0,I70 & VASQUEZ BOULEVARD NORTH,1,1,0,0,1,4,,0,55,0,0,0,0,0,1,2,3
,2019-34243,39.780016,-104.953183,12/5/2019 15:30,15:30,15,0,0,I70 & VASQUEZ BOULEVARD NORTH,2,1,0,1,1,4,,0,55,0,0,0,0,0,1,2,7
,2019-34244,39.780015,-104.952793,2/25/2019 23:10,23:10,5,0,1,I70 & STEELE STREET NORTH EASTBOUND EXIT GORE POINT TO,2,3,0,0,3,4,,0,55,0,0,0,0,1,1,2,14
,2019-34245,39.780015,-104.952793,3/15/2019 16:17,16:17,12,0,0,I70 & VASQUEZ BOULEVARD NORTH,1,1,0,0,1,4,,0,55,0,0,0,0,0,1,2,5
,2019-34246,39.780015,-104.952793,6/3/2019 2:13,2:13,15,0,0,I70 & STEEL STREET EASTBOUND OFF GORE POINT,1,3,0,0,1,4,,0,55,0,0,0,0,0,1,2,14
,2019-34247,39.780015,-104.952793,6/3/2019 2:41,2:41,12,0,1,I70 EASTBOUND EXIT GORE POINT & VASQUEZ BOULEVARD NORTH,1,3,0,0,1,4,,0,55,0,0,0,0,1,1,2,14
,2019-34248,39.780015,-104.952793,12/5/2019 0:50,0:50,5,0,0,I70 & STEELE STREET EXIT GORE POINT,1,4,0,0,3,4,,0,65,0,0,0,0,0,1,2,5
,2019-34249,39.780012,-104.952577,4/24/2019 7:15,7:15,15,0,1,I70 & I70 ENTRANCE GORE POINT FROM VASQUEZ BOULEVARD NORTH,1,1,0,0,1,4,,0,55,0,0,0,0,1,1,2,13
,2019-34250,39.780122,-104.953392,8/1/2019 12:30,12:30,12,0,1,I70 WB ENTRANCE GORE POINT FROM & STEELE STREET / HIGHWAY 6,1,1,0,0,1,4,,0,55,0,0,0,0,1,1,2,13
,2019-34251,39.780208,-104.952641,8/5/2019 10:42,10:42,12,0,0,I70 WB ON RAMP ENTRANCE GORE POINT & HIGHWAY 6 / STEELE STREET,1,1,1,0,1,7,,0,55,0,0,0,0,0,1,2,13
,2019-34252,39.780012,-104.952577,9/25/2019 16:00,16:00,15,0,0,I70 WB ON RAMP ENTRANCE GORE POINT & VASQUEZ BOULEVARD NORTH / FILLMORE STREET,1,1,1,0,1,7,,0,25,0,0,0,0,0,1,2,13
,2019-34253,39.780004,-104.951737,6/24/2019 12:26,12:26,12,0,0,I70 & VASQUEZ BOULEVARD NORTH,1,1,0,0,1,4,,0,65,0,0,0,0,0,1,2,13
,2019-34254,39.780004,-104.951737,11/29/2019 8:21,8:21,12,0,0,I70 & STEELE STREET NORTH,5,1,0,4,1,4,,0,65,0,0,0,0,0,1,2,14
,2019-34255,39.780003,-104.95136,10/17/2019 8:18,8:18,12,0,0,I70 & MM 276,1,1,0,0,1,4,,0,55,0,0,0,0,0,1,2,13
,2019-34256,39.78,-104.950583,9/22/2019 2:46,2:46,12,0,0,I70 & STEELE STREET NORTH,2,3,1,0,1,4,,0,35,0,0,0,0,0,1,2,13
,2019-34257,39.779998,-104.950196,11/29/2019 8:15,8:15,12,0,0,I70 & STEELE STREET NORTH,5,1,0,4,1,4,,0,55,0,0,0,0,0,1,2,13
,2019-34258,39.779998,-104.950001,1/11/2019 5:53,5:53,15,0,0,I70 & STEELE STREET NORTH,2,4,0,2,1,4,,0,55,0,0,0,0,0,1,2,13
,2019-34259,39.779998,-104.950001,7/25/2019 7:53,7:53,12,0,0,I70 & COLORADO BOULEVARD NORTH,1,1,0,0,1,4,,0,55,0,0,0,0,0,1,2,14
,2019-3426,39.798243,-104.7721815,12/14/2019 19:54,19:54,1,0,0,TOWER ROAD NORTH & 56TH AVENUE EAST,1,3,0,0,1,1,,0,,0,0,0,0,0,4,2,13
,2019-34260,39.779998,-104.950001,2/7/2019 12:05,12:05,12,0,0,I70 EASTBOUND OFF SLIP RAMP & STEELE STREET NORTH,12,1,1,0,1,7,,0,55,0,0,0,0,0,1,2,14
,2019-34261,39.779998,-104.950001,1/25/2019 8:37,8:37,12,0,0,I70 WB ON RAMP & STEELE STREET NORTH,1,1,0,0,1,7,,0,65,0,0,0,0,0,1,2,2
,2019-34262,39.779998,-104.950001,10/17/2019 12:30,12:30,12,0,0,I70 WB ON RAMP SLIP & HIGHWAY 6 / STEELE STREET,1,1,0,0,1,7,,0,35,0,0,0,0,0,1,2,3
,2019-34263,39.779997,-104.949808,1/30/2019 12:33,12:33,12,0,1,I70 & STEELE STREET NORTH,1,1,0,0,1,4,,1,55,0,0,0,0,1,1,2,1
,2019-34264,39.779997,-104.949808,2/5/2019 7:02,7:02,12,0,0,I70 & STEELE STREET NORTH,1,2,0,0,1,4,,0,55,0,0,0,0,0,1,2,13
,2019-34265,39.779997,-104.949808,2/19/2019 15:17,15:17,12,0,0,I70 & STEELE STREET NORTH,1,1,0,0,1,4,,0,55,0,0,0,0,0,1,4,13
,2019-34266,39.779997,-104.949808,3/7/2019 10:38,10:38,12,0,0,I70 & STEELE STREET NORTH,2,1,0,0,1,4,,0,65,0,0,0,0,0,1,2,7
,2019-34267,39.779997,-104.949808,4/18/2019 13:53,13:53,12,0,0,I70 & STEELE STREET NORTH,1,1,1,0,1,4,,0,55,0,0,0,0,0,1,3,13
,2019-34268,39.779997,-104.949808,5/30/2019 19:10,19:10,15,0,1,I70 & STEELE STREET NORTH,1,1,0,0,1,4,,0,65,0,0,0,0,1,1,2,13
,2019-34269,39.779997,-104.949808,7/8/2019 19:49,19:49,12,0,2,I70 & STEELE STREET NORTH,1,1,0,0,1,4,,1,55,0,0,0,0,2,1,2,1
,2019-34270,39.78011,-104.9498,12/26/2019 14:33,14:33,12,0,0,I70 & STEELE STREET NORTH,1,1,0,0,1,4,,0,55,0,0,0,0,0,1,2,13
,2019-34271,39.779996,-104.949617,9/21/2019 4:14,4:14,5,0,0,I70 EASTBOUND ON RAMP SLIP & STEELE STREET NORTH / HIGHWAY 6,1,2,1,0,1,7,,1,35,0,0,0,0,0,1,2,5
,2019-34272,39.779996,-104.949617,7/20/2019 15:44,15:44,12,0,3,I70 WB OFF RAMP & STEELE STREET,2,1,0,1,1,7,,0,55,0,0,0,0,1,1,2,14
,2019-34273,39.77999,-104.947903,3/9/2019 7:51,7:51,12,0,0,I70 & STEELE STREET NORTH,1,1,0,0,1,4,,0,55,0,0,0,0,0,1,2,13
,2019-34274,39.779986,-104.94657,7/29/2019 21:30,21:30,12,0,0,I70 & BRIGHTON BOULEVARD,1,1,0,0,1,4,,0,,0,0,0,0,0,1,2,13
,2019-34275,39.779986,-104.94657,10/15/2019 9:59,9:59,12,0,0,I70 & MM 276.25,1,1,0,0,1,4,,0,55,0,0,0,0,0,1,2,13
,2019-34276,39.779984,-104.94604,4/30/2019 23:03,23:03,12,0,0,I70 & STEELE STREET NORTH EASTBOUND ENTRANCE GORE POINT,2,3,0,0,1,4,,0,55,0,0,0,0,0,1,2,13
,2019-34277,39.779981,-104.945697,7/23/2019 11:22,11:22,12,0,0,I70 & MM 276.30,1,1,0,0,1,4,,0,55,0,0,0,0,0,1,3,13
,2019-34278,39.779978,-104.945351,9/18/2019 9:00,9:00,12,0,0,I70 & COLORADO BOULEVARD NORTH,1,1,0,0,1,4,,0,55,0,0,0,0,0,1,2,13
,2019-34279,39.779968,-104.944293,1/18/2019 7:01,7:01,12,0,0,I70 & COLORADO BOULEVARD NORTH,1,3,0,0,1,4,,0,55,0,0,0,0,0,1,2,13
,2019-34280,39.779968,-104.944293,3/20/2019 22:33,22:33,12,0,3,I70 EASTBOUND & COLORADO BOULEVARD NORTH,1,3,0,0,1,4,,0,65,0,0,0,0,1,1,2,5
,2019-34281,39.779968,-104.944293,5/9/2019 7:08,7:08,12,0,3,I70 & COLORADO BOULEVARD NORTH,2,1,0,2,1,4,,0,55,0,0,0,0,2,1,3,5
,2019-34282,39.77998,-104.944092,5/30/2019 22:45,22:45,12,0,0,I70 & GARFIELD STREET NORTH NOT IN CORIS / OFFSET REF,1,3,1,0,1,4,,0,,0,0,0,0,0,1,2,13
,2019-34283,39.779964,-104.943733,8/2/2019 2:07,2:07,12,0,0,I70 & VASQUEZ BOULEVARD NORTH,1,3,0,0,1,4,,0,55,0,0,0,0,0,1,2,13
,2019-34284,39.779955,-104.942794,9/28/2019 23:45,23:45,5,0,2,I70 EASTBOUND OFF RAMP EXIT GORE POINT & COLORADO BOULEVARD NORTH,1,3,1,0,2,7,,0,55,0,0,0,0,2,1,1,8
,2019-34285,39.779954,-104.942589,4/29/2019 18:20,18:20,15,0,0,I70 & COLORADO BOULEVARD NORTH,2,1,0,2,1,4,,0,55,0,0,0,0,0,1,2,1
,2019-34286,39.779954,-104.942589,8/22/2019 18:45,18:45,12,0,0,I70 & HIGHWAY 2 / COLORADO BOULEVARD NORTH,1,1,0,0,1,4,,0,55,0,0,0,0,0,1,2,1
,2019-34287,39.779953,-104.942383,6/24/2019 2:14,2:14,12,0,0,I70 EASTBOUND EXIT GORE POINT & COLORADO BOULEVARD NORTH,1,3,0,0,1,4,,0,55,0,0,0,0,0,1,2,13
,2019-34288,39.779953,-104.942383,9/27/2019 7:39,7:39,12,0,0,I70 & COLORADO BOULEVARD NORTH,1,1,0,0,1,4,,0,55,0,0,0,0,0,1,2,7
,2019-34289,39.779953,-104.942383,10/17/2019 16:44,16:44,12,0,1,I70 & COLORADO BOULEVARD NORTH,1,1,0,0,1,4,,0,65,0,0,0,0,1,1,2,13
,2019-34290,39.779949,-104.941562,7/26/2019 15:54,15:54,12,0,0,I70 & COLORADO BOULEVARD NORTH,1,1,0,0,1,4,,0,55,0,0,0,0,0,1,3,7
,2019-34291,39.779946,-104.940965,9/24/2019 8:23,8:23,12,0,0,I70 EASTBOUND OFF RAMP & COLORADO BOULEVARD NORTH,1,1,0,0,1,7,,0,55,0,0,0,0,0,1,2,13
,2019-34292,39.779945,-104.940799,2/5/2019 7:49,7:49,15,0,0,I70 & COLORADO BOULEVARD NORTH,1,1,0,0,1,4,,0,55,0,0,0,0,0,1,2,13
,2019-34293,39.779945,-104.940799,7/22/2019 9:55,9:55,15,0,0,I70 EASTBOUND OFF RAMP & COLORADO BOULEVARD NORTH,1,1,1,0,1,7,,0,35,0,0,0,0,0,1,2,13
,2019-34294,39.779944,-104.940633,1/3/2019 14:47,14:47,12,0,1,I70 & COLORADO BOULEVARD NORTH INTCH,1,1,0,0,1,4,,0,55,0,0,0,0,1,1,4,13
,2019-34295,39.779944,-104.940633,1/8/2019 16:10,16:10,12,0,0,I70 & COLORADO BOULEVARD NORTH INTCH,1,1,0,0,1,4,,0,55,0,0,0,0,0,1,3,3
,2019-34296,39.779944,-104.940633,1/17/2019 12:37,12:37,12,0,0,I70 & COLORADO BOULEVARD NORTH,1,1,0,0,1,4,,0,,0,0,0,0,0,1,2,13
,2019-34297,39.779944,-104.940633,1/25/2019 19:00,19:00,12,0,5,I70 & COLORADO BOULEVARD NORTH,1,3,0,0,1,4,,0,55,0,0,0,0,1,1,3,1
,2019-34298,39.779944,-104.940633,1/25/2019 19:00,19:00,12,0,0,I70 & COLORADO BOULEVARD NORTH,1,3,0,0,1,4,,0,55,0,0,0,0,0,1,2,1
,2019-34299,39.779944,-104.940633,1/30/2019 17:04,17:04,15,0,0,I70 & COLORADO BOULEVARD NORTH,2,3,0,0,1,4,,0,55,0,0,0,0,0,1,2,13
,2019-34300,39.779944,-104.940633,3/10/2019 10:45,10:45,12,0,3,I70 & COLORADO BOULEVARD NORTH,1,1,0,0,1,4,,0,,0,0,0,0,2,1,2,3