id,drcog_id,latitude,longitude,crashtime,time,crashtype,numbkilled,numbinjurd,drcoglocat,rdconditin,lightngcon,roadcntgrd,weatherco,location,roaddescrp,schoolzone,constrzone,splimit,bikeinv,sctrinv,pedinv,motoinv,svrty,rdsystem,ttlvehcls,hcf
,2019-34301,39.779944,-104.940633,3/31/2019 13:13,13:13,15,0,1,I70 & I70 EASTBOUND ENTRANCE GORE POINT FROM COLORADO BOULEVARD NORTH,1,1,1,6,1,4,,1,45,0,0,0,0,1,1,2,1
,2019-34302,39.779944,-104.940633,5/1/2019 18:43,18:43,12,0,0,I70 & COLORADO BOULEVARD,1,1,0,0,1,4,,0,55,0,0,0,0,0,1,2,13
,2019-34303,39.779944,-104.940633,5/16/2019 15:03,15:03,12,0,0,I70 & COLORADO BOULEVARD NORTH,1,1,0,0,1,4,,0,55,0,0,0,0,0,1,2,3
,2019-34304,39.779944,-104.940633,5/22/2019 6:55,6:55,12,0,0,I70 & COLORADO BOULEVARD NORTH,1,1,0,0,1,4,,0,55,0,0,0,0,0,1,2,13
,2019-34305,39.779944,-104.940633,6/4/2019 10:03,10:03,12,0,0,I70 & COLORADO BOULEVARD NORTH,1,1,0,0,1,4,,0,55,0,0,0,0,0,1,2,13
,2019-34306,39.779944,-104.940633,7/28/2019 9:58,9:58,15,0,0,I70 & COLORADO BOULEVARD NORTH,1,1,0,0,1,4,,0,55,0,0,0,0,0,1,2,3
,2019-34307,39.779944,-104.940633,7/31/2019 22:29,22:29,15,0,0,I70 & COLORADO BOULEVARD NORTH,2,3,0,1,1,4,,0,55,0,0,0,0,0,1,2,1
,2019-34308,39.779944,-104.940633,8/12/2019 0:00,0:00,12,0,1,I70 & COLORADO BOULEVARD NORTH,1,1,1,0,1,4,,0,55,0,0,0,0,1,1,3,13
,2019-34309,39.779944,-104.940633,8/20/2019 14:52,14:52,12,0,0,I70 & MM 276.57,1,1,0,0,1,4,,0,65,0,0,0,0,0,1,2,1
,2019-34310,39.779944,-104.940633,8/21/2019 8:30,8:30,12,0,0,I70 & HIGHWAY 2 / COLORADO BOULEVARD NORTH,1,1,0,0,1,4,,0,65,0,0,0,0,0,1,2,13
,2019-34311,39.779944,-104.940633,9/9/2019 8:50,8:50,15,0,0,I70 & HIGHWAY 2 / COLORADO BOULEVARD NORTH,1,1,0,0,1,4,,0,65,0,0,0,0,0,1,2,13
,2019-34312,39.779944,-104.940633,9/10/2019 17:31,17:31,12,0,0,I70 & COLORADO BOULEVARD NORTH,1,1,0,0,1,4,,0,55,0,0,0,0,0,1,2,13
,2019-34313,39.779944,-104.940633,9/12/2019 7:39,7:39,12,0,0,I70 & COLORADO BOULEVARD NORTH,1,1,0,0,1,4,,0,55,0,0,0,0,0,1,2,13
,2019-34314,39.779944,-104.940633,9/12/2019 9:05,9:05,15,0,0,I70 & HIGHWAY 2 / COLORADO BOULEVARD NORTH,1,1,0,0,1,4,,0,55,0,0,0,0,0,1,2,1
,2019-34315,39.779944,-104.940633,12/20/2019 10:50,10:50,12,0,0,I70 & COLORADO BOULEVARD NORTH,1,1,0,0,1,4,,0,55,0,0,0,0,0,1,2,13
,2019-34316,39.77995,-104.9406,12/24/2019 16:40,16:40,12,0,0,I70 & COLORADO BOULEVARD NORTH,1,2,0,0,1,4,,0,55,0,0,0,0,0,1,2,1
,2019-34317,39.779945,-104.94044,1/23/2019 9:23,9:23,12,0,0,I70 & COLORADO BOULEVARD NORTH,1,1,0,0,1,4,,0,55,0,0,0,0,0,1,2,13
,2019-34318,39.779945,-104.94044,5/14/2019 14:15,14:15,12,0,0,I70 WB LOOP ENTRANCE GORE POINT & COLORADO BOULEVARD NORTH,1,1,0,0,1,4,,1,55,0,0,0,0,0,1,2,13
,2019-34319,39.779945,-104.94044,4/11/2019 7:38,7:38,12,0,0,I70 EASTBOUND ON RAMP & COLORADO BOULEVARD NORTH,3,1,1,0,1,7,,0,65,0,0,0,0,0,1,2,13
,2019-34320,39.779945,-104.94044,4/13/2019 22:55,22:55,12,0,0,I70 EASTBOUND ON RAMP & COLORADO BOULEVARD NORTH,1,3,1,0,1,7,,0,30,0,0,0,0,0,1,2,13
,2019-34321,39.779945,-104.94044,4/29/2019 8:39,8:39,15,0,0,I70 WB OFF RAMP & COLORADO BOULEVARD NORTH,1,1,0,0,1,7,,0,35,0,0,0,0,0,1,2,13
,2019-34322,39.779945,-104.94044,7/26/2019 16:36,16:36,15,0,0,I70 WB OFF RAMP & COLORADO BOULEVARD NORTH,1,1,1,0,1,7,,0,30,0,0,0,0,0,1,2,13
,2019-34323,39.779946,-104.94024,1/30/2019 12:55,12:55,12,0,0,I70 & COLORADO BOULEVARD NORTH,1,1,0,0,1,4,,0,55,0,0,0,0,0,1,2,1
,2019-34324,39.779946,-104.94024,5/15/2019 9:21,9:21,15,0,0,I70 & COLORADO BOULEVARD NORTH,1,1,0,0,1,4,,0,65,0,0,0,0,0,1,2,13
,2019-34325,39.780085,-104.934197,2/15/2019 10:30,10:30,12,0,0,I70 & MM 277,1,1,0,0,1,4,,0,65,0,0,0,0,0,1,2,7
,2019-34326,39.779946,-104.94024,8/31/2019 18:10,18:10,12,0,0,I70 & HIGHWAY 2 / COLORADO BOULEVARD NORTH,1,1,0,0,1,4,,0,55,0,0,0,0,0,1,3,13
,2019-34327,39.779946,-104.94024,9/30/2019 7:54,7:54,12,0,2,I70 & COLORADO BOULEVARD NORTH,1,1,0,0,1,4,,0,55,0,0,0,0,1,1,2,2
,2019-34328,39.779946,-104.94024,10/21/2019 14:05,14:05,12,0,1,I70 & COLORADO BOULEVARD NORTH,1,1,0,0,1,4,,0,55,0,0,0,0,1,1,2,1
,2019-34329,39.779946,-104.94024,12/5/2019 15:06,15:06,12,0,0,I70 & COLORADO BOULEVARD NORTH,2,1,0,1,1,4,,0,55,0,0,0,0,0,1,2,13
,2019-34330,39.779948,-104.93984,2/19/2019 15:02,15:02,12,0,0,I70 & COLORADO BOULEVARD NORTH,1,1,0,0,1,4,,0,65,0,0,0,0,0,1,2,13
,2019-34331,39.779948,-104.93984,6/1/2019 19:36,19:36,15,0,0,I70 & COLORADO BOULEVARD NORTH,1,1,0,0,1,4,,0,55,0,0,0,0,0,1,2,13
,2019-34332,39.780015,-104.952793,8/2/2019 17:57,17:57,12,0,0,I70 & VASQUEZ BOULEVARD NORTH,1,1,0,0,1,4,,0,55,0,0,0,0,0,1,2,14
,2019-34333,39.779948,-104.93984,2/13/2019 4:50,4:50,15,0,0,I70 WB OFF RAMP SPLIT & COLORADO BOULEVARD NORTH,1,3,1,0,1,7,,0,55,0,0,0,0,0,1,2,13
,2019-34334,39.779948,-104.93984,6/24/2019 6:02,6:02,12,0,0,I70 WB OFF RAMP SPLIT & COLORADO BOULEVARD NORTH,1,1,0,0,1,7,,0,35,0,0,0,0,0,1,2,13
,2019-34335,39.779951,-104.939639,8/16/2019 17:54,17:54,12,0,0,I70 & COLORADO BOULEVARD NORTH,1,1,0,0,1,4,,0,55,0,0,0,0,0,1,2,12
,2019-34336,39.779956,-104.939439,11/8/2019 13:20,13:20,12,0,0,I70 & COLORADO BOULEVARD NORTH,1,1,0,0,1,4,,0,55,0,0,0,0,0,1,2,3
,2019-34337,39.779953,-104.940506,12/18/2019 17:03,17:03,15,0,1,I70 & COLORADO BOULEVARD NORTH,1,4,0,0,1,4,,0,55,0,0,0,0,1,1,2,13
,2019-34338,39.779964,-104.939039,4/22/2019 11:00,11:00,15,0,0,I70 & COLORADO BOULEVARD NORTH,1,1,0,0,1,4,,0,30,0,0,0,0,0,1,2,13
,2019-34339,39.779974,-104.938839,4/2/2019 17:40,17:40,15,0,0,I70 & COLORADO BOULEVARD NORTH,1,1,0,0,1,4,,0,55,0,0,0,0,0,1,2,13
,2019-34340,39.779974,-104.938839,4/11/2019 8:15,8:15,12,0,0,I70 & COLORADO BOULEVARD NORTH,1,1,0,0,1,4,,0,55,0,0,0,0,0,1,2,13
,2019-34341,39.779974,-104.938839,7/24/2019 9:59,9:59,12,0,2,I70 & VASQUEZ BOULEVARD NORTH,1,1,0,0,1,4,,0,55,0,0,0,0,2,1,3,13
,2019-34342,39.779984,-104.938639,4/1/2019 20:29,20:29,12,0,1,I70 & COLORADO BOULEVARD NORTH,1,3,0,0,1,4,,0,55,0,0,0,0,1,1,2,1
,2019-34343,39.780012,-104.938057,7/8/2019 11:10,11:10,5,0,0,I70 WB OFF RAMP EXIT GORE POINT & COLORADO BOULEVARD NORTH,1,1,0,0,2,7,,0,65,0,0,0,0,0,1,1,1
,2019-34344,39.780031,-104.937672,6/28/2019 15:13,15:13,12,0,2,I70 WB EXIT GORE POINT & COLORADO BOULEVARD NORTH,1,1,0,0,1,4,,0,55,0,0,0,0,1,1,4,13
,2019-34345,39.780031,-104.937672,7/26/2019 7:55,7:55,12,0,0,I70 EASTBOUND ENTRANCE GORE POINT & COLORADO BOULEVARD NORTH,1,1,0,0,1,4,,0,55,0,0,0,0,0,1,2,13
,2019-34346,39.780031,-104.937672,10/3/2019 8:46,8:46,12,0,0,I70 & COLORADO BOULEVARD NORTH,1,1,0,0,1,4,,0,55,0,0,0,0,0,1,2,13
,2019-34347,39.780064,-104.9369,2/2/2019 11:02,11:02,12,0,0,I70 & COLORADO BOULEVARD NORTH,1,1,0,0,1,4,,0,55,0,0,0,0,0,1,2,14
,2019-34348,39.780064,-104.9369,3/16/2019 18:50,18:50,12,0,0,I70 EASTBOUND & COLORADO BOULEVARD NORTH,1,3,0,0,1,4,,0,,0,0,0,0,0,1,2,13
,2019-34349,39.780064,-104.9369,3/20/2019 12:14,12:14,12,0,1,I70 WB & COLORADO BOULEVARD NORTH,1,1,0,0,1,4,,0,65,0,0,0,0,1,1,2,13
,2019-34350,39.780064,-104.9369,4/4/2019 23:10,23:10,15,0,0,I70 & COLORADO BOULEVARD NORTH,1,3,0,0,1,4,,0,55,0,0,0,0,0,1,2,13
,2019-34351,39.780064,-104.9369,8/17/2019 14:55,14:55,12,0,0,I70 & COLORADO BOULEVARD NORTH,1,1,0,0,1,4,,0,55,0,0,0,0,0,1,2,3
,2019-34352,39.780064,-104.9369,12/3/2019 9:14,9:14,12,0,1,I70 & COLORADO BOULEVARD NORTH,1,1,1,0,1,4,,0,55,0,0,0,0,1,1,2,13
,2019-34353,39.780069,-104.936707,1/8/2019 17:54,17:54,15,0,0,I70 WB EXIT LANE & COLORADO BOULEVARD NORTH,1,3,0,0,1,4,,0,55,0,0,0,0,0,1,2,1
,2019-34354,39.780069,-104.936707,12/31/2019 7:53,7:53,15,0,0,I70 & COLORADO BOULEVARD NORTH,1,1,0,0,1,4,,0,65,0,0,0,0,0,1,2,14
,2019-34355,39.780079,-104.936321,5/14/2019 20:40,20:40,12,0,0,I70 & DAHLIA STREET NORTH EASTBOUND EXIT GORE POINT,1,3,0,0,1,4,,0,55,0,0,0,0,0,1,2,1
,2019-34356,39.780081,-104.935742,5/28/2019 17:02,17:02,12,0,0,I70 & COLORADO BOULEVARD NORTH,1,1,0,0,1,4,,0,55,0,0,0,0,0,1,2,3
,2019-34357,39.780087,-104.933038,2/15/2019 2:20,2:20,5,0,2,I70 & DAHLIA STREET NORTH,1,3,0,0,1,4,,1,65,0,0,0,0,2,1,1,5
,2019-34358,39.780067,-104.932265,5/23/2019 15:31,15:31,12,0,0,I70 & MM 277,2,1,0,0,1,4,,0,55,0,0,0,0,0,1,3,13
,2019-34360,39.780067,-104.932265,5/24/2019 8:45,8:45,12,0,0,I70 & MM 277,1,1,0,0,1,4,,0,55,0,0,0,0,0,1,2,13
,2019-34361,39.780067,-104.932265,6/25/2019 7:00,7:00,12,0,0,I70 & MM 277,1,1,0,0,1,4,,0,55,0,0,0,0,0,1,3,7
,2019-34362,39.780031,-104.93177,2/10/2019 1:31,1:31,15,0,0,I70 & DAHLIA STREET NORTH,1,3,0,0,1,4,,0,65,0,0,0,0,0,1,2,5
,2019-34363,39.780031,-104.93177,4/26/2019 8:54,8:54,12,0,0,I70 & DAHLIA STREET NORTH,1,1,0,0,1,4,,0,55,0,0,0,0,0,1,5,1
,2019-34364,39.780031,-104.93177,6/13/2019 13:43,13:43,12,0,2,I70 & DAHLIA STREET NORTH,1,1,0,0,1,4,,1,55,0,0,0,0,1,1,2,3
,2019-34365,39.780031,-104.93177,7/22/2019 16:00,16:00,12,0,0,I70 & DAHLIA STREET NORTH,1,1,0,0,1,4,,1,55,0,0,0,0,0,1,2,7
,2019-34366,39.780031,-104.93177,7/23/2019 8:33,8:33,12,0,0,I70 & DAHLIA STREET NORTH,1,1,0,0,1,4,,0,55,0,0,0,0,0,1,2,13
,2019-34367,39.780031,-104.93177,7/30/2019 13:04,13:04,15,0,0,I70 & DAHLIA STREET NORTH,1,1,0,0,1,4,,0,55,0,0,0,0,0,1,2,13
,2019-34368,39.780031,-104.93177,8/13/2019 9:20,9:20,15,0,0,I70 & DAHLIA STREET NORTH,1,1,0,0,1,4,,1,55,0,0,0,0,0,1,2,13
,2019-34369,39.780031,-104.93177,11/24/2019 8:00,8:00,15,0,0,I70 & DAHLIA STREET NORTH,1,1,0,0,1,4,,1,55,0,0,0,0,0,1,2,1
,2019-34370,39.78015,-104.931653,12/24/2019 18:09,18:09,15,0,0,I70 & DAHLIA STREET NORTH,1,2,0,0,1,4,,0,55,0,0,0,0,0,1,2,13
,2019-34371,39.780006,-104.931555,5/20/2019 21:38,21:38,12,0,2,I70 & DAHLIA STREET NORTH,6,3,0,2,1,4,,0,55,0,0,0,0,1,1,2,13
,2019-34372,39.7783,-104.90346,10/8/2019 15:11,15:11,12,0,0,I70 & NORTHFIELD QUEBEC STREET NORTH,1,1,1,0,1,4,,0,55,0,0,0,0,0,1,2,3
,2019-34373,39.780006,-104.931555,12/6/2019 21:40,21:40,12,0,0,I70 & DAHLIA STREET NORTH,1,3,0,0,1,4,,0,,0,0,0,0,0,1,3,13
,2019-34374,39.775911,-104.869108,10/2/2019 10:07,10:07,15,0,0,I70 & HAVANA STREET NORTH,1,1,0,0,1,4,,0,65,0,0,0,0,0,1,2,14
,2019-34375,39.779935,-104.930973,1/10/2019 18:51,18:51,12,0,3,I70 & DAHLIA STREET NORTH,1,3,0,0,1,4,,0,55,0,0,0,0,2,1,3,1
,2019-34376,39.779903,-104.93078,5/7/2019 14:10,14:10,12,0,1,I70 & COLORADO BOULEVARD NORTH,2,1,1,1,1,4,,0,55,0,0,0,0,1,1,4,13
,2019-34377,39.779903,-104.93078,7/10/2019 11:21,11:21,12,0,0,I70 & COLORADO BOULEVARD NORTH,1,1,0,0,1,4,,0,55,0,0,0,0,0,1,2,3
,2019-34378,39.779903,-104.93078,8/20/2019 7:52,7:52,15,0,0,I70 & HIGHWAY 2 / COLORADO BOULEVARD NORTH,1,1,0,0,1,4,,0,65,0,0,0,0,0,1,2,13
,2019-34379,39.779903,-104.93078,10/18/2019 14:36,14:36,15,0,0,I70 & COLORADO BOULEVARD NORTH,1,1,1,0,1,4,,0,55,0,0,0,0,0,1,2,3
,2019-34380,39.778408,-104.912878,12/10/2019 14:00,14:00,15,0,0,I70 & MONACO STREET NORTH,1,1,0,0,1,4,,0,,0,0,0,0,0,1,2,13
,2019-34381,39.779871,-104.930589,3/7/2019 23:35,23:35,12,0,0,I70 & DAHLIA STREET NORTH,1,3,0,0,1,4,,1,55,0,0,0,0,0,1,2,1
,2019-34382,39.776921,-104.880575,5/30/2019 17:12,17:12,12,0,0,I70 & I270,1,1,0,0,1,4,,0,65,0,0,0,0,0,1,2,13
,2019-34383,39.779764,-104.930016,6/29/2019 21:23,21:23,12,0,0,I70 & DAHLIA STREET NORTH,1,3,0,0,1,4,,0,,0,0,0,0,0,1,2,13
,2019-34384,39.779358,-104.92792,10/25/2019 13:40,13:40,12,0,0,I70 & FOREST STREET NORTH,1,1,1,0,1,4,,0,55,0,0,0,0,0,1,2,3
,2019-34385,39.779248,-104.927348,12/2/2019 19:25,19:25,12,0,0,I70 & BRIGHTON BOULEVARD NORTH,1,3,0,0,1,4,,0,,0,0,0,0,0,1,2,13
,2019-34386,39.779174,-104.926967,4/8/2019 12:11,12:11,15,0,0,I70 & FOREST STREET NORTH,1,1,0,0,1,4,,0,55,0,0,0,0,0,1,2,13
,2019-34387,39.779253,-104.927008,5/16/2019 9:02,9:02,12,0,0,I70 & FOREST STREET NORTH,1,1,0,0,1,4,,0,55,0,0,0,0,0,1,2,13
,2019-34388,39.779174,-104.926967,5/21/2019 6:49,6:49,12,0,0,I70 & FOREST STREET NORTH,2,1,0,1,1,4,,0,55,0,0,0,0,0,1,2,13
,2019-34389,39.779174,-104.926967,7/22/2019 13:35,13:35,12,0,0,I70 & FOREST STREET NORTH,1,1,0,0,1,4,,0,65,0,0,0,0,0,1,2,13
,2019-34390,39.779174,-104.926967,12/26/2019 15:25,15:25,12,0,0,I70 & FOREST STREET NORTH,1,1,0,0,1,4,,0,55,0,0,0,0,0,1,2,13
,2019-34391,39.778953,-104.925824,1/16/2019 7:43,7:43,12,0,0,I70 & GLENCOE STREET NORTH,1,1,0,0,1,4,,0,55,0,0,0,0,0,1,2,13
,2019-34392,39.778842,-104.925252,4/18/2019 8:17,8:17,15,0,1,I70 & GRAPE STREET NORTH,1,1,0,0,1,4,,0,65,0,0,0,0,2,1,2,13
,2019-34393,39.778731,-104.92468,1/15/2019 8:24,8:24,12,0,0,I70 & GRAPE STREET NORTH,1,1,1,0,1,4,,0,65,0,0,0,0,0,1,2,13
,2019-34394,39.778547,-104.923727,1/7/2019 17:57,17:57,12,0,0,I70 & DAHLIA STREET NORTH,1,3,1,0,1,4,,0,55,0,0,0,0,0,1,2,12
,2019-34395,39.778391,-104.922767,5/31/2019 13:06,13:06,12,0,0,I70 & HOLLY STREET NORTH,1,1,0,0,1,4,,0,65,0,0,0,0,0,1,2,1
,2019-34396,39.778365,-104.922573,1/11/2019 16:00,16:00,12,0,0,I70 & HOLLY STREET NORTH,2,1,0,2,1,4,,0,55,0,0,0,0,0,1,2,7
,2019-34397,39.778365,-104.922573,4/18/2019 10:00,10:00,12,0,0,I70 & HOLLY STREET NORTH,1,1,0,0,1,4,,0,55,0,0,0,0,0,1,3,13
,2019-34398,39.778365,-104.922573,9/10/2019 17:10,17:10,12,0,0,I70 & HOLLY STREET NORTH,1,1,0,0,1,4,,0,65,0,0,0,0,0,1,2,14
,2019-34399,39.778341,-104.922379,1/9/2019 6:56,6:56,12,0,0,I70 & HOLLY STREET NORTH APPROXIMATELY,2,1,0,0,1,4,,0,65,0,0,0,0,0,1,2,3
,2019-34400,39.778341,-104.922379,3/5/2019 16:05,16:05,12,0,0,I70 & HOLLY STREET NORTH,1,1,0,0,1,4,,0,55,0,0,0,0,0,1,3,3
,2019-34401,39.778341,-104.922379,4/6/2019 23:10,23:10,15,0,0,I70 & HOLLY STREET NORTH,1,3,0,0,1,4,,0,65,0,0,0,0,0,1,2,1
,2019-34402,39.778341,-104.922379,5/17/2019 13:49,13:49,12,0,0,I70 & HOLLY STREET NORTH,1,1,1,0,1,4,,0,55,0,0,0,0,0,1,3,13
,2019-34403,39.778341,-104.922379,6/8/2019 14:44,14:44,15,0,1,I70 & HOLLY STREET NORTH,1,1,0,0,1,4,,0,55,0,0,0,0,1,1,2,14
,2019-34404,39.778341,-104.922379,6/24/2019 10:01,10:01,15,0,0,I70 & HOLLY STREET NORTH,1,1,0,0,1,4,,1,65,0,0,0,0,0,1,2,13
,2019-34405,39.778341,-104.922379,7/9/2019 11:40,11:40,15,0,0,I70 & HOLLY STREET NORTH,1,1,0,0,1,4,,0,55,0,0,0,1,0,1,2,13
,2019-34406,39.778341,-104.922379,7/12/2019 8:51,8:51,12,0,1,I70 & HOLLY STREET NORTH,1,1,0,0,1,4,,0,55,0,0,0,0,1,1,3,1
,2019-34407,39.778341,-104.922379,7/15/2019 18:40,18:40,12,0,2,I70 & HOLLY STREET NORTH,1,1,0,0,1,4,,0,65,0,0,0,0,1,1,2,3
,2019-34408,39.778341,-104.922379,7/23/2019 9:39,9:39,15,0,0,I70 & HOLLY STREET NORTH,1,1,0,0,1,4,,0,55,0,0,0,0,0,1,2,3
,2019-34409,39.778341,-104.922379,8/16/2019 16:30,16:30,12,0,0,I70 & HOLLY STREET NORTH,1,1,0,0,1,4,,1,65,0,0,0,0,0,1,3,3
,2019-34410,39.778341,-104.922379,9/20/2019 16:07,16:07,15,0,1,I70 & HOLLY STREET NORTH,1,1,0,0,1,4,,1,55,0,0,0,0,1,1,2,2
,2019-34411,39.778304,-104.92185,6/8/2019 14:40,14:40,12,0,0,I70 & HOLLY STREET NORTH,1,1,0,0,1,4,,0,55,0,0,0,0,0,1,2,7
,2019-34412,39.778292,-104.921676,1/19/2019 17:35,17:35,12,0,0,I70 & QUEBEC STREET NORTH,1,3,0,0,1,4,,0,55,0,0,0,0,0,1,2,1
,2019-34413,39.778282,-104.921328,8/18/2019 13:47,13:47,5,0,1,I70 & HOLLY STREET NORTH,1,1,0,0,3,4,,0,55,0,0,0,0,2,1,1,2
,2019-34414,39.778282,-104.921328,9/29/2019 20:40,20:40,15,0,0,I70 & COLORADO BOULEVARD NORTH,1,3,0,0,1,4,,0,65,0,0,0,0,0,1,2,13
,2019-34415,39.77828,-104.920805,2/28/2019 22:43,22:43,12,0,0,I70 & HOLLY STREET NORTH,1,3,0,0,1,4,,0,55,0,0,0,0,0,1,2,1
,2019-34416,39.778278,-104.920108,1/7/2019 7:41,7:41,12,0,0,I70 & IVY STREET NORTH,1,1,0,0,1,4,,0,65,0,0,0,0,0,1,4,1
,2019-34417,39.778278,-104.920108,4/12/2019 15:53,15:53,12,0,0,I70 & IVY STREET NORTH,1,1,0,0,1,4,,0,55,0,0,0,0,0,1,2,12
,2019-34418,39.778297,-104.920033,5/26/2019 17:58,17:58,15,0,0,I70 & IVY STREET NORTH,2,1,0,0,1,4,,0,55,0,0,0,0,0,1,2,13
,2019-34419,39.778664,-104.920033,7/23/2019 8:16,8:16,12,0,0,I70 & IVY STREET NORTH,1,1,0,0,1,4,,0,55,0,0,0,0,0,1,2,13
,2019-34420,39.778279,-104.92007,9/3/2019 10:39,10:39,12,0,1,I70 & IVY STREET NORTH,1,1,0,0,1,4,,0,65,0,0,0,0,1,1,2,13
,2019-34421,39.778277,-104.917668,2/22/2019 9:33,9:33,12,0,0,I70 & KEARNEY STREET NORTH,1,1,0,0,1,4,,1,65,0,0,0,0,0,1,2,13
,2019-34422,39.77814,-104.894487,2/28/2019 16:44,16:44,12,0,1,I70 & NORTHFIELD QUEBEC NORTH,1,1,0,0,1,4,,0,65,0,0,0,1,1,1,2,13
,2019-34423,39.778277,-104.917668,3/14/2019 10:14,10:14,15,0,0,I70 WB & KEARNEY STREET NORTH,6,1,0,0,1,4,,0,55,0,0,0,0,0,1,3,13
,2019-34424,39.778335,-104.917626,6/3/2019 9:10,9:10,12,0,0,I70 & KEARNEY STREET,1,1,0,0,1,4,,0,55,0,0,0,0,0,1,2,14
,2019-34425,39.778277,-104.917668,12/11/2019 6:45,6:45,12,0,0,I70 & KEARNEY STREET NORTH,1,1,0,0,1,4,,0,55,0,0,0,0,0,1,2,13
,2019-34426,39.778277,-104.917668,12/11/2019 6:45,6:45,12,0,0,I70 & KEARNEY STREET NORTH,1,1,0,0,1,4,,0,55,0,0,0,0,0,1,2,13
,2019-34427,39.778278,-104.916797,12/23/2019 15:28,15:28,12,0,1,I70 & KEARNEY STREET NORTH,1,1,0,0,1,4,,0,65,0,0,0,0,1,1,3,12
,2019-34428,39.778649,-104.915962,7/20/2019 16:14,16:14,15,0,0,I70 & LEYDEN STREET NORTH,2,1,0,1,1,4,,0,55,0,0,0,0,0,1,2,7
,2019-34429,39.742848,-104.9721615,5/15/2019 8:30,8:30,12,0,0,PARK AVENUE WEST & MARION STREET NORTH,1,1,0,0,1,4,,0,30,0,0,0,0,0,4,2,14
,2019-34430,39.77828,-104.915925,4/23/2019 5:45,5:45,15,0,0,I70 & LEYDEN STREET NORTH,1,1,0,0,1,4,,0,65,0,0,0,0,0,1,3,12
,2019-34431,39.778282,-104.915228,12/3/2019 22:39,22:39,12,0,1,I70 & ENTRANCE GORE POINT FROM DAHLIA STREET,5,3,1,0,1,4,,0,65,0,0,0,0,2,1,2,13
,2019-34432,39.778283,-104.914705,7/22/2019 10:46,10:46,12,0,0,I70 & MONACO STREET NORTH,1,1,0,0,1,4,,0,65,0,0,0,0,0,1,2,13
,2019-34433,39.778283,-104.914705,7/23/2019 18:30,18:30,12,0,2,I70 & MONACO STREET NORTH,1,1,0,0,1,4,,0,55,0,0,0,0,2,1,4,1
,2019-34434,39.778285,-104.913834,7/26/2019 7:25,7:25,9,0,1,I70 & MM 278,1,1,0,0,1,4,,0,55,0,0,0,0,2,1,1,13
,2019-34435,39.778285,-104.913627,3/16/2019 15:25,15:25,12,0,0,I70 WB & MONACO STREET NORTH,1,1,0,0,1,4,,0,55,0,0,0,0,0,1,2,13
,2019-34437,39.778287,-104.912805,1/21/2019 14:36,14:36,12,0,0,I70 & MONACO STREET NORTH,1,1,1,0,1,4,,0,55,0,0,0,0,0,1,3,3
,2019-34438,39.778287,-104.912805,3/12/2019 8:37,8:37,15,0,0,I70 & MONACO STREET NORTH,1,1,1,0,1,4,,0,65,0,0,0,0,0,1,3,13
,2019-34439,39.778287,-104.912805,3/15/2019 12:36,12:36,5,0,0,I70 EASTBOUND & MONACO STREET NORTH,1,1,0,0,3,4,,0,65,0,0,0,0,0,1,2,3
,2019-34440,39.778287,-104.912805,3/26/2019 17:27,17:27,12,0,3,I70 WB & MONACO STREET NORTH,1,1,0,0,1,4,,0,55,0,0,0,0,1,1,2,13
,2019-34442,39.75237,-104.984631,5/20/2019 13:35,13:35,3,0,1,PARK AVENUE WEST & STOUT STREET,2,1,0,1,1,1,,0,30,0,0,0,0,2,4,2,13
,2019-34443,39.778287,-104.912805,4/18/2019 15:54,15:54,12,0,0,I70 & QUEBEC STREET NORTH,1,1,0,0,1,4,,0,55,0,0,0,0,0,1,2,13
,2019-34444,39.778287,-104.912805,4/23/2019 14:48,14:48,12,0,0,I70 & MONACO PARKWAY NORTH,1,1,0,0,1,4,,0,55,0,0,0,0,0,1,2,13
,2019-34445,39.778287,-104.912805,5/25/2019 14:34,14:34,12,0,0,I70 & NORTHFIELD QUEBEC STREET NORTH,1,1,0,0,1,4,,0,55,0,0,0,0,0,1,3,14
,2019-34446,39.778287,-104.912805,5/30/2019 12:15,12:15,12,0,2,I70 & MONACO STREET NORTH,1,1,0,0,1,4,,0,55,0,0,0,0,2,1,2,3
,2019-34447,39.778287,-104.912805,7/23/2019 10:18,10:18,12,0,2,I70 & MONACO PARKWAY,1,1,0,0,1,4,,0,55,0,0,0,0,1,1,4,13
,2019-34448,39.778287,-104.912805,7/24/2019 16:17,16:17,15,0,0,I70 & MONACO STREET NORTH,1,1,0,0,1,4,,0,55,0,0,0,0,0,1,2,13
,2019-34449,39.778287,-104.912805,8/27/2019 15:13,15:13,12,0,0,I70 & MONACO STREET NORTH,1,1,0,0,1,4,,0,55,0,0,0,0,0,1,3,13
,2019-34450,39.778287,-104.912805,10/10/2019 6:08,6:08,12,0,0,I70 & MONACO STREET NORTH,5,2,0,2,1,4,,0,65,0,0,0,0,0,1,3,13
,2019-34451,39.7783,-104.906756,8/14/2019 8:00,8:00,15,0,0,I70 & QUEBEC STREET NORTH EASTBOUND EXIT GORE POINT,1,1,0,0,1,4,,0,55,0,0,0,0,0,1,2,13
,2019-34452,39.778287,-104.912805,10/10/2019 6:08,6:08,12,0,0,I70 & MONACO STREET NORTH,5,2,0,2,1,4,,0,55,0,0,0,0,0,1,3,13