id,drcog_id,latitude,longitude,crashtime,time,crashtype,numbkilled,numbinjurd,drcoglocat,rdconditin,lightngcon,roadcntgrd,weatherco,location,roaddescrp,schoolzone,constrzone,splimit,bikeinv,sctrinv,pedinv,motoinv,svrty,rdsystem,ttlvehcls,hcf
,2019-34453,39.7783,-104.90346,1/25/2019 13:43,13:43,15,0,0,I70 & QUEBEC STREET NORTH,1,1,1,0,1,4,,0,55,0,0,0,0,0,1,2,13
,2019-34454,39.670137,-105.0813585,4/18/2019 11:52,11:52,12,0,0,WADSWORTH BOULEVARD SOUTH & VASSAR AVENUE WEST,1,1,1,0,1,1,,0,45,0,0,0,0,0,2,3,14
,2019-34455,39.778287,-104.912805,10/24/2019 16:04,16:04,12,0,0,I70 & MONACO STREET NORTH,1,1,0,0,1,4,,0,65,0,0,0,0,0,1,3,1
,2019-34456,39.778287,-104.912805,12/5/2019 8:28,8:28,15,0,0,I70 & MONACO STREET NORTH,1,1,0,0,1,4,,0,55,0,0,0,0,0,1,2,13
,2019-34457,39.778408,-104.912881,12/24/2019 12:10,12:10,15,0,0,I70 & MONACO STREET NORTH,1,1,0,0,1,4,,0,65,0,0,0,0,0,1,2,3
,2019-34458,39.778288,-104.912615,5/31/2019 15:20,15:20,12,0,0,I70 & MONACO STREET NORTH,1,1,0,0,1,4,,0,,0,0,0,0,0,1,2,13
,2019-34459,39.778289,-104.912048,8/19/2019 1:14,1:14,12,0,0,I70 & MONACO STREET NORTH,1,3,0,0,1,4,,0,55,0,0,0,0,0,1,2,13
,2019-34460,39.77829,-104.91167,11/19/2019 8:38,8:38,12,0,1,I70 & MONACO STREET NORTH,1,1,1,0,1,4,,0,55,0,0,0,0,1,1,2,13
,2019-34461,39.778291,-104.911102,1/31/2019 7:13,7:13,15,0,0,I70 & MONACO STREET NORTH,1,1,0,0,1,4,,0,55,0,0,0,0,0,1,2,1
,2019-34462,39.778291,-104.911102,6/17/2019 18:14,18:14,12,0,0,I70 & MONACO STREET NORTH,1,1,0,0,1,4,,0,55,0,0,0,0,0,1,2,1
,2019-34463,39.778295,-104.909399,3/22/2019 16:08,16:08,12,0,3,I70 WB & I70 WB OFF RAMP TO STAPLETON DRIVE NORTH,1,1,0,0,1,4,,0,65,0,0,0,0,2,1,2,13
,2019-34464,39.778443,-104.908754,8/15/2019 11:30,11:30,5,0,0,I70 WB OFF RAMP EXIT GORE POINT & MONACO STREET / HOLLY STREET,1,1,1,0,1,4,,0,55,0,0,0,0,0,1,1,13
,2019-34465,39.778295,-104.909399,10/3/2019 8:59,8:59,12,0,0,I70 WB OFF RAMP EXIT GORE POINT & MONACO STREET NORTH,1,1,1,0,1,7,,0,55,0,0,0,0,0,1,2,3
,2019-34466,39.778295,-104.90921,1/16/2019 14:00,14:00,15,0,0,I70 & STAPLETON DRIVE NORTH WB EXIT,1,1,0,0,1,4,,0,55,0,0,0,0,0,1,2,13
,2019-34467,39.657879,-105.053224,8/8/2019 13:54,13:54,3,0,0,SHERIDAN BOULEVARD SOUTH & COLUMBIA PLACE WEST,1,1,0,0,1,1,,0,35,0,0,0,0,0,2,2,1
,2019-34468,39.778295,-104.90921,6/29/2019 21:23,21:23,12,0,0,I70 EASTBOUND ENTRANCE GORE POINT & STAPLETON DRIVE SOUTH,1,3,0,0,1,4,,0,65,0,0,0,0,0,1,5,13
,2019-34469,39.7783,-104.906756,8/21/2019 16:48,16:48,15,0,0,I70 & QUEBEC STREET NORTH WB ENTRANCE GORE POINT,1,1,0,0,1,4,,1,55,0,0,0,0,0,1,2,1
,2019-34470,39.778297,-104.908075,4/26/2019 15:28,15:28,12,0,0,I70 & NORTHFIELD QUEBEC STREET NORTH,4,1,0,0,1,4,,0,65,0,0,0,0,0,1,2,13
,2019-34471,39.778297,-104.908075,5/6/2019 8:26,8:26,12,0,0,I70 & NORTHFIELD OUEBEC STREET,1,1,0,0,1,4,,0,65,0,0,0,0,0,1,2,13
,2019-34472,39.778297,-104.908075,7/23/2019 13:53,13:53,15,0,0,I70 & QUEBEC STREET NORTH,1,1,0,0,1,4,,0,55,0,0,0,0,0,1,2,13
,2019-34473,39.778297,-104.908075,8/20/2019 7:17,7:17,12,0,2,I70 & QUEBEC STREET NORTH EASTBOUND EXIT GORE POINT,1,1,0,0,1,4,,0,65,0,0,0,0,1,1,4,13
,2019-34474,39.778297,-104.908075,10/10/2019 7:36,7:36,15,0,1,I70 & 11700 BLOCK,4,1,0,2,1,4,,0,65,0,0,0,0,1,1,4,13
,2019-34475,39.778299,-104.907129,1/31/2019 22:30,22:30,12,0,0,I70 & QUEBEC STREET NORTH EASTBOUND EXIT GORE POINT,1,3,0,0,1,4,,0,55,0,0,0,0,0,1,2,13
,2019-34476,39.778299,-104.907129,6/23/2019 19:46,19:46,12,0,0,I70 & QUEBEC STREET NORTH EASTBOUND EXIT GORE POINT,1,1,0,0,1,4,,0,65,0,0,0,0,0,1,2,13
,2019-34477,39.7783,-104.90694,2/23/2019 1:05,1:05,15,0,0,I70 & QUEBEC STREET NORTH,4,3,0,2,1,4,,0,55,0,0,0,0,0,1,2,14
,2019-34478,39.7783,-104.90694,5/7/2019 6:38,6:38,12,0,1,I70 & QUEBEC STREET NORTH,1,1,1,1,1,4,,1,65,0,0,0,0,1,1,2,13
,2019-34479,39.7783,-104.90694,7/6/2019 0:15,0:15,5,0,1,I70 & QUEBEC STREET NORTH EASTBOUND EXIT GORE POINT,1,3,0,0,3,4,,1,55,0,0,0,0,1,1,1,8
,2019-34480,39.7783,-104.90694,7/24/2019 8:57,8:57,5,0,1,I70 & QUEBEC STREET / NORTHFIELD NORTH,1,1,0,0,1,4,,0,55,0,0,0,0,1,1,2,14
,2019-34481,39.7783,-104.90694,10/10/2019 10:05,10:05,5,0,0,I70 & QUEBEC STREET,4,1,1,2,3,4,,0,55,0,0,0,0,0,1,2,14
,2019-34482,39.7783,-104.90694,11/11/2019 7:02,7:02,15,0,0,I70 WB ENTRANCE GORE POINT FROM & I70 WB ENTRANCE GORE POINT FROM QUEBEC STREET NORTH,4,1,0,2,1,4,,0,55,0,0,0,0,0,1,2,13
,2019-34483,39.7783,-104.906756,5/1/2019 17:20,17:20,12,0,0,I70 & I70 WB ENTRANCE GORE POINT FROM QUEBEC STREET NORTH,1,1,0,0,1,4,,0,55,0,0,0,0,0,1,2,7
,2019-34484,39.7783,-104.903567,12/11/2019 20:09,20:09,12,0,0,I70 & QUEBEC STREET NORTH EASTBOUND EXIT GORE POINT,1,3,0,0,1,4,,0,65,0,0,0,0,0,1,2,3
,2019-34485,39.7783,-104.906756,11/4/2019 6:55,6:55,5,0,0,I70 EASTBOUND OFF RAMP GORE POINT TO & QUEBEC STREET NORTH,1,1,1,0,2,7,,1,55,0,0,0,0,0,1,1,14
,2019-34486,39.7783,-104.906573,4/2/2019 15:35,15:35,12,0,1,I70 EASTBOUND OFF RAMP & QUEBEC STREET NORTH ENTRANCE GORE POINT,1,1,0,0,1,7,,0,65,0,0,0,0,1,1,2,13
,2019-34487,39.7783,-104.906207,1/24/2019 16:10,16:10,15,0,0,I70 & QUEBEC STREET NORTH,1,2,0,0,1,4,,0,55,0,0,0,0,0,1,2,1
,2019-34488,39.7783,-104.906024,1/12/2019 10:55,10:55,12,0,0,I70 & QUEBEC STREET NORTH WB EXIT GORE,6,1,0,0,1,4,,0,55,0,0,0,0,0,1,2,14
,2019-34489,39.7783,-104.905832,6/15/2019 11:27,11:27,12,0,0,I70 & QUEBEC STREET NORTH,1,1,1,0,1,4,,0,55,0,0,0,0,0,1,2,13
,2019-34490,39.7783,-104.905437,3/28/2019 22:44,22:44,12,0,0,I70 & QUEBEC STREET NORTH,1,3,0,0,1,4,,0,55,0,0,0,0,0,1,2,3
,2019-34491,39.7783,-104.905437,6/10/2019 10:43,10:43,12,0,4,I70 & QUEBEC STREET NORTH,1,1,0,0,1,4,,1,55,0,0,0,0,1,1,3,1
,2019-34492,39.7783,-104.905238,5/13/2019 18:04,18:04,12,0,0,I70 & QUEBEC STREET,1,1,0,0,1,4,,0,55,0,0,0,0,0,1,2,1
,2019-34493,39.7783,-104.905041,10/24/2019 8:45,8:45,12,0,0,I70 & QUEBEC STREET NORTH,1,1,0,0,1,4,,0,55,0,0,0,0,0,1,2,13
,2019-34494,39.7783,-104.905041,10/26/2019 21:46,21:46,12,0,1,I70 & QUEBEC STREET NORTH,1,3,0,0,1,4,,0,55,0,0,0,0,1,1,3,13
,2019-34495,39.738393,-104.9741595,9/16/2019 21:31,21:31,3,0,4,14TH AVENUE EAST & CORONA STREET NORTH,1,3,0,0,1,1,,0,30,0,0,0,0,2,4,4,13
,2019-34496,39.7783,-104.904843,11/20/2019 7:58,7:58,12,0,1,I70 & NORTHFIELD QUEBEC STREET NORTH,1,1,0,0,1,4,,0,65,0,0,0,0,1,1,3,13
,2019-34497,39.7783,-104.904447,9/27/2019 15:35,15:35,12,0,1,I70 & QUEBEC STREET NORTH,1,1,0,0,1,4,,1,55,0,0,0,0,1,1,2,2
,2019-34498,39.7783,-104.904447,11/12/2019 15:03,15:03,12,0,0,I70 & QUEBEC STREET NORTH,1,1,0,0,1,4,,0,65,0,0,0,0,0,1,4,1
,2019-34499,39.7783,-104.904274,5/24/2019 6:54,6:54,12,0,0,I70 & MM 278.5,1,1,0,0,1,4,,0,55,0,0,0,0,0,1,2,13
,2019-34500,39.7783,-104.904112,5/7/2019 6:39,6:39,12,0,0,I70 & QUEBEC STREET NORTH,1,2,0,0,1,4,,0,65,0,0,0,0,0,1,3,13
,2019-34501,39.7783,-104.904112,6/14/2019 13:00,13:00,12,0,0,I70 & NORTHFIELD QUEBEC STREET NORTH,1,1,1,0,1,4,,0,55,0,0,0,0,0,1,4,7
,2019-34502,39.778299,-104.899857,5/30/2019 0:05,0:05,15,0,0,I70 & QUEBEC STREET WB EXIT GORE POINT,1,3,1,0,1,4,,0,55,0,0,0,0,0,1,2,13
,2019-34503,39.7783,-104.903951,5/5/2019 22:41,22:41,12,0,3,I70 & QUEBEC STREET,1,3,0,0,1,4,,1,55,0,0,0,0,1,1,3,5
,2019-34504,39.7783,-104.903789,8/31/2019 18:30,18:30,15,0,0,I70 & NORTHFIELD QUEBEC STREET NORTH,1,1,0,0,1,4,,0,65,0,0,0,0,0,1,2,13
,2019-34505,39.7783,-104.903627,4/4/2019 9:13,9:13,12,0,4,I70 & QUEBEC STREET NORTH,1,1,0,0,1,4,,1,65,0,0,0,1,2,1,2,1
,2019-34506,39.7783,-104.903627,5/28/2019 13:20,13:20,12,0,1,I70 & QUEBEC STREET,1,1,0,0,1,4,,0,65,0,0,0,0,1,1,2,13
,2019-34507,39.7783,-104.903627,1/31/2019 16:03,16:03,15,0,0,I70 EASTBOUND OFF SLIP RAMP & QUEBEC STREET NORTH,1,1,0,0,1,7,,0,45,0,0,0,0,0,1,2,1
,2019-34508,39.7783,-104.903627,1/25/2019 6:55,6:55,12,0,0,I70 WB ON RAMP FROM & QUEBEC STREET NORTH,1,1,0,0,1,7,,0,,0,0,0,0,0,1,2,13
,2019-34509,39.7783,-104.90346,1/6/2019 23:42,23:42,12,0,0,I70 & QUEBEC STREET INTCH,1,3,0,1,1,4,,1,55,0,0,0,0,0,1,2,3
,2019-34510,39.7783,-104.90346,1/11/2019 15:49,15:49,12,0,0,I70 & QUEBEC STREET INTCH,2,1,1,2,1,4,,0,55,0,0,0,0,0,1,2,13
,2019-34511,39.7783,-104.90346,1/31/2019 15:00,15:00,12,0,0,I70 & QUEBEC STREET NORTH,1,1,0,0,1,4,,0,55,0,0,0,0,0,1,2,13
,2019-34512,39.7783,-104.90346,2/5/2019 16:34,16:34,15,0,0,I70 & QUEBEC STREET NORTH,1,1,0,0,1,4,,0,55,0,0,0,0,0,1,2,13
,2019-34513,39.7783,-104.90346,2/24/2019 13:25,13:25,15,0,2,I70 & NORTHFIELD QUEBEC NORTH,1,1,0,0,1,4,,0,55,0,0,0,0,1,1,4,3
,2019-34514,39.7783,-104.90346,2/26/2019 16:32,16:32,12,0,0,I70 & NORTHFIELD QUEBEC NORTH,1,1,0,0,1,4,,0,65,0,0,0,0,0,1,2,3
,2019-34515,39.7783,-104.90346,3/5/2019 14:06,14:06,15,0,0,NORTHFIELD QUEBEC STREET NORTH & I70,1,1,0,0,1,4,,0,35,0,0,0,0,0,1,3,13
,2019-34516,39.7783,-104.90346,10/10/2019 11:01,11:01,5,0,0,I70 & QUEBEC STREET,6,1,0,2,3,4,,0,55,0,0,0,0,0,1,1,3
,2019-34517,39.7783,-104.90346,3/21/2019 9:15,9:15,12,0,1,I70 & QUEBEC STREET NORTH,1,1,0,0,1,4,,0,65,0,0,0,0,1,1,3,7
,2019-34518,39.7783,-104.90346,3/22/2019 13:36,13:36,15,0,0,I70 & NORTHFIELD QUEBEC NORTH,1,1,1,0,1,4,,0,55,0,0,0,0,0,1,2,13
,2019-34519,39.77814,-104.894487,2/10/2019 2:58,2:58,5,0,0,I70 & QUEBEC STREET NORTH,5,3,0,0,3,4,,1,65,0,0,0,0,0,1,1,7
,2019-34520,39.7783,-104.90346,3/26/2019 6:45,6:45,15,0,0,I70 & NORTHFIELD STREET NORTH,1,1,0,0,1,4,,0,55,0,0,0,0,0,1,2,5
,2019-34521,39.7783,-104.90346,4/2/2019 6:06,6:06,12,0,0,I70 & QUEBEC STREET NORTH,1,1,0,0,1,4,,0,55,0,0,0,0,0,1,2,13
,2019-34522,39.7783,-104.90346,4/2/2019 6:06,6:06,12,0,0,I70 & QUEBEC STREET NORTH,1,1,0,0,1,4,,0,65,0,0,0,0,0,1,4,13
,2019-34523,39.7783,-104.90346,4/17/2019 7:41,7:41,12,0,0,I70 & QUEBEC STREET NORTH,1,1,0,0,1,4,,0,25,0,0,0,0,0,1,2,13
,2019-34524,39.7783,-104.90346,4/29/2019 17:25,17:25,12,0,0,I70 & NORTHFIELD QUEBEC STREET NORTH,2,1,0,2,1,4,,0,65,0,0,0,0,0,1,2,3
,2019-34525,39.7783,-104.90346,8/16/2019 18:28,18:28,12,0,0,I70 & MONACO STREET NORTH,1,1,0,0,1,4,,0,65,0,0,0,0,0,1,2,13
,2019-34526,39.7783,-104.90346,5/22/2019 8:04,8:04,12,0,0,I70 & QUEBEC STREET,1,1,0,0,1,4,,0,55,0,0,0,0,0,1,2,13
,2019-34527,39.7783,-104.90346,5/29/2019 17:23,17:23,12,0,0,I70 & NORTHFIELD QUEBEC STREET NORTH,1,1,1,0,1,4,,0,,0,0,0,0,0,1,2,13
,2019-34528,39.7783,-104.90346,6/6/2019 8:53,8:53,12,0,0,I70 & QUEBEC STREET NORTH,1,1,0,0,1,4,,1,55,0,0,0,0,0,1,2,1
,2019-34529,39.7783,-104.90346,6/6/2019 8:57,8:57,12,0,0,I70 & QUEBEC STREET NORTH,1,1,0,0,1,4,,0,55,0,0,0,0,0,1,2,1
,2019-3453,39.691134,-104.959332,5/14/2019 16:25,16:25,1,0,0,UNIVERSITY BOULEVARD SOUTH & ARKANSAS AVENUE EAST,1,1,0,0,1,1,,0,35,0,0,0,0,0,4,2,3
,2019-34530,39.7783,-104.90346,6/13/2019 11:54,11:54,12,0,0,I70 & QUEBEC STREET NORTH,1,1,0,0,1,4,,0,65,0,0,0,0,0,1,2,13
,2019-34531,39.7783,-104.90346,6/24/2019 9:36,9:36,12,0,0,I70 & QUEBEC STREET NORTH,1,1,0,0,1,4,,0,55,0,0,0,0,0,1,3,1
,2019-34532,39.7783,-104.90346,7/9/2019 9:33,9:33,12,0,0,I70 & QUEBEC STREET NORTH,1,1,0,0,1,4,,1,65,0,0,0,0,0,1,2,1
,2019-34533,39.7783,-104.90346,7/17/2019 16:37,16:37,12,0,3,I70 & NORTHFIELD QUEBEC STREET NORTH,1,1,1,0,1,4,,1,55,0,0,0,0,2,1,2,3
,2019-34534,39.7783,-104.90346,7/18/2019 17:46,17:46,12,0,3,I70 & NORTHFIELD QUEBEC STREET NORTH,1,1,0,0,1,4,,0,55,0,0,0,0,2,1,4,3
,2019-34535,39.7783,-104.90346,7/24/2019 15:13,15:13,12,0,0,I70 & QUEBEC STREET / NORTHFIELD NORTH,1,1,0,0,1,4,,0,55,0,0,0,0,0,1,2,5
,2019-34536,39.7783,-104.90346,7/29/2019 17:45,17:45,12,0,0,I70 & QUEBEC STREET / NORTHFIELD NORTH,1,1,0,0,1,4,,0,55,0,0,0,0,0,1,2,3
,2019-34537,39.7783,-104.90346,8/3/2019 18:12,18:12,12,0,0,I70 & QUEBEC STREET / NORTHFIELD NORTH,1,1,0,0,1,4,,0,55,0,0,0,0,0,1,2,13
,2019-34538,39.7783,-104.90346,8/8/2019 8:10,8:10,12,0,0,I70 & QUEBEC STREET / NORTHFIELD NORTH,1,1,0,0,1,4,,0,55,0,0,0,0,0,1,3,3
,2019-34539,39.7783,-104.90346,8/20/2019 14:51,14:51,12,0,0,I70 & HIGHWAY 35 / QUEBEC STREET NORTH,1,1,0,0,1,4,,0,55,0,0,0,0,0,1,3,13
,2019-3454,39.735612,-104.8846905,3/21/2019 1:43,1:43,6,0,0,YOSEMITE STREET NORTH & 12TH AVENUE EAST,1,3,0,0,1,4,,0,,0,0,0,0,0,4,3,13
,2019-34540,39.7783,-104.90346,9/17/2019 9:11,9:11,12,0,0,I70 & QUEBEC STREET NORTH,1,1,0,0,1,4,,0,55,0,0,0,0,0,1,2,13
,2019-34541,39.7783,-104.90346,9/25/2019 18:09,18:09,12,0,1,I70 & NORTHFIELD QUEBEC STREET NORTH,1,2,0,0,1,4,,0,55,0,0,0,0,1,1,3,13
,2019-34542,39.7783,-104.90346,9/27/2019 14:35,14:35,12,0,0,I70 & NORTHFIELD QUEBEC STREET NORTH,1,1,0,0,1,4,,0,55,0,0,0,0,0,1,2,13
,2019-34543,39.7783,-104.90346,10/17/2019 9:10,9:10,12,0,2,I70 & QUEBEC STREET NORTH,1,1,0,0,1,4,,0,55,0,0,0,0,1,1,3,13
,2019-34544,39.777031,-104.882978,11/9/2019 19:08,19:08,12,0,0,I70 & CENTRAL PARK BOULEVARD EASTBOUND EXIT GORE POINT,1,1,0,0,1,4,,0,55,0,0,0,0,0,1,3,1
,2019-34545,39.7783,-104.90346,11/16/2019 12:22,12:22,12,0,0,I70 & QUEBEC STREET NORTH,1,1,0,0,1,4,,0,55,0,0,0,0,0,1,2,3
,2019-34546,39.7783,-104.90346,11/19/2019 17:00,17:00,15,0,0,I70 & NORTHFIELD QUEBEC STREET NORTH,1,2,0,0,1,4,,0,55,0,0,0,0,0,1,2,13
,2019-34547,39.7783,-104.90346,11/27/2019 15:00,15:00,15,0,0,I70 & QUEBEC STREET NORTH,4,1,0,0,1,4,,0,55,0,0,0,0,0,1,2,13
,2019-34548,39.7783,-104.90346,12/2/2019 7:38,7:38,12,0,0,I70 & QUEBEC STREET NORTH,5,1,0,0,1,4,,0,65,0,0,0,0,0,1,2,13
,2019-34549,39.778303,-104.903433,12/21/2019 15:10,15:10,15,0,0,I70 & NORTHFIELD QUEBEC STREET NORTH,1,1,0,0,1,4,,0,55,0,0,0,0,0,1,2,12
,2019-34550,39.778422,-104.903569,12/31/2019 14:50,14:50,12,0,0,I70 & NORTHFIELD QUEBEC STREET NORTH,1,1,0,0,1,4,,0,65,0,0,0,0,0,1,2,1
,2019-34551,39.7783,-104.90346,6/6/2019 11:15,11:15,15,0,0,I70 EASTBOUND RAMPS & QUEBEC STREET NORTH,1,1,0,0,1,1,,0,40,0,0,0,0,0,1,2,13
,2019-34552,39.777814,-104.890619,6/25/2019 11:41,11:41,12,0,3,I70 & CENTRAL PARK BOULEVARD NORTH,1,1,0,0,1,4,,1,65,0,0,0,0,1,1,2,2
,2019-34553,39.7783,-104.903269,1/21/2019 15:34,15:34,12,0,0,I70 & QUEBEC STREET,1,1,0,0,1,4,,0,55,0,0,0,0,0,1,3,13
,2019-34554,39.7783,-104.903269,2/4/2019 22:49,22:49,15,0,0,I70 & QUEBEC STREET NORTH,1,3,0,0,1,4,,0,55,0,0,0,0,0,1,2,8
,2019-34555,39.778422,-104.903572,8/3/2019 10:30,10:30,15,0,0,I70 & QUEBEC STREET / NORTHFIELD,1,1,0,0,1,4,,0,55,0,0,0,0,0,1,2,14
,2019-34556,39.778422,-104.903569,12/20/2019 8:19,8:19,12,0,0,I70 & NORTHFIELD QUEBEC STREET NORTH,1,1,1,0,1,4,,0,45,0,0,0,0,0,1,2,13
,2019-34557,39.7783,-104.903269,1/23/2019 19:25,19:25,12,0,0,I70 EASTBOUND ON RAMP & QUEBEC STREET NORTH,1,3,0,0,1,7,,0,15,0,0,0,0,0,1,2,13
,2019-34558,39.7783,-104.903269,2/19/2019 16:03,16:03,12,0,1,I70 EASTBOUND ON RAMP FROM & NORTHFIELD QUEBEC STREET NORTH,1,1,0,0,1,7,,0,35,0,0,0,1,1,1,2,13
,2019-34559,39.7783,-104.903269,4/18/2019 8:30,8:30,15,0,0,I70 EASTBOUND ON RAMP & QUEBEC STREET,1,1,0,0,1,7,,1,15,0,0,0,0,0,1,2,14
,2019-34560,39.7783,-104.903269,4/22/2019 10:17,10:17,12,0,1,I70 EASTBOUND ON RAMP & NORTHFIELD QUEBEC STREET,1,1,0,0,1,7,,0,35,0,0,0,0,1,1,2,13
,2019-34561,39.7783,-104.903269,6/20/2019 23:00,23:00,15,0,0,I70 EASTBOUND ON RAMP & NORTHFIELD QUEBEC STREET NORTH,1,3,0,0,1,7,,0,65,0,0,0,0,0,1,2,13
,2019-34562,39.683452,-105.053206,11/7/2019 4:17,4:17,5,0,1,SHERIDAN BOULEVARD SOUTH & COLORADO AVENUE WEST,2,3,0,1,3,4,,0,35,0,0,0,0,2,2,1,2
,2019-34563,39.7783,-104.903269,6/12/2019 14:32,14:32,12,0,0,I70 WB OFF RAMP & NORTHFIELD QUEBEC STREET NORTH,1,1,0,0,1,7,,0,35,0,0,0,0,0,1,2,13
,2019-34564,39.7783,-104.903269,7/25/2019 18:23,18:23,12,0,0,I70 WB OFF RAMP & QUEBEC STREET NORTH,1,1,0,0,1,7,,0,55,0,0,0,0,0,1,4,13
,2019-34565,39.7783,-104.903269,12/3/2019 11:50,11:50,12,0,0,I70 WB OFF RAMP TO & QUEBEC STREET NORTH,1,1,0,0,1,7,,0,,0,0,0,0,0,1,2,13
,2019-34566,39.7783,-104.903078,3/31/2019 2:15,2:15,12,0,0,I70 & NORTHFIELD OUEBEC STREET,1,3,0,0,1,4,,1,65,0,0,0,0,0,1,3,13
,2019-34567,39.7783,-104.903078,3/5/2019 17:25,17:25,12,0,0,I70 EASTBOUND ON RAMP & NORTHFIELD QUEBEC STREET NORTH,2,1,1,0,1,7,,1,35,0,0,0,0,0,1,2,3
,2019-34568,39.7783,-104.903078,5/28/2019 22:05,22:05,12,0,0,I70 EASTBOUND OFF RAMP SLIP & QUEBEC STREET,2,3,0,1,1,7,,0,65,0,0,0,0,0,1,2,13
,2019-34569,39.7783,-104.902888,6/6/2019 13:49,13:49,12,0,0,I70 & NORTHFIELD QUEBEC STREET NORTH,1,1,0,0,1,4,,0,55,0,0,0,0,0,1,2,13
,2019-34570,39.7783,-104.902888,6/6/2019 19:13,19:13,12,0,0,I70 & NORTHFIELD QUEBEC STREET NORTH,1,1,0,0,1,4,,0,65,0,0,0,0,0,1,2,13
,2019-34571,39.7783,-104.902888,6/11/2019 17:15,17:15,12,0,0,I70 & NORTHFIELD QUEBEC STREET NORTH,1,1,0,0,1,4,,0,55,0,0,0,0,0,1,3,13
,2019-34572,39.7783,-104.902697,2/15/2019 7:21,7:21,15,0,0,I70 & NORTHFIELD QUEBEC NORTH,1,1,0,0,1,4,,0,55,0,0,0,0,0,1,2,13
,2019-34573,39.7783,-104.902697,6/12/2019 7:38,7:38,12,0,0,I70 & QUEBEC STREET NORTH,1,1,0,0,1,4,,0,55,0,0,0,0,0,1,2,14
,2019-34574,39.7783,-104.902697,7/22/2019 8:04,8:04,12,0,2,I70 & NORTHFIELD QUEBEC STREET NORTH,1,1,0,0,1,4,,0,55,0,0,0,0,1,1,2,13
,2019-34575,39.7783,-104.902697,7/26/2019 7:00,7:00,12,0,0,I70 EASTBOUND ON RAMP & QUEBEC STREET / NORTHFIELD NORTH,1,1,1,0,1,7,,0,45,0,0,0,0,0,1,2,13
,2019-34576,39.7783,-104.902316,3/6/2019 0:19,0:19,9,0,0,I70 & QUEBEC STREET NORTH,1,3,0,0,1,4,,0,55,0,0,0,0,0,1,1,13
,2019-34577,39.7783,-104.902316,4/5/2019 15:51,15:51,12,0,0,I70 & CENTRAL PARK BOULEVARD NORTH,1,1,0,0,1,4,,0,55,0,0,0,0,0,1,2,5
,2019-34578,39.776699,-104.878162,3/14/2019 8:55,8:55,5,0,0,CENTRAL PARK BOULEVARD NORTH & I70,5,1,0,6,3,4,,0,65,0,0,0,0,0,1,1,14
,2019-34579,39.7783,-104.902316,5/1/2019 20:29,20:29,12,0,0,I70 & QUEBEC STREET NORTH,1,3,0,0,1,4,,0,55,0,0,0,0,0,1,2,14
,2019-34580,39.778422,-104.903572,12/19/2019 21:08,21:08,12,0,0,I70 & NORTHFIELD QUEBEC STREET NORTH,1,3,0,0,1,4,,1,55,0,0,0,0,0,1,3,14
,2019-34581,39.778299,-104.901742,6/6/2019 17:00,17:00,15,0,0,I70 EASTBOUND ON RAMP & QUEBEC STREET,1,1,0,0,1,7,,0,20,0,0,0,0,0,1,2,7
,2019-34582,39.778299,-104.901552,4/15/2019 8:04,8:04,12,0,0,I70 & NORTHFIELD QUEBEC STREET NORTH,1,1,0,0,1,4,,0,55,0,0,0,0,0,1,2,1
,2019-34583,39.778299,-104.901552,5/13/2019 18:46,18:46,12,0,0,I70 & QUEBEC STREET,1,1,0,0,1,4,,0,55,0,0,0,0,0,1,2,12
,2019-34584,39.775555,-104.864992,2/23/2019 6:17,6:17,5,0,0,I70 & HAVANA STREET NORTH,4,2,1,2,2,4,,0,55,0,0,0,0,0,1,2,7
,2019-34585,39.778299,-104.901552,11/27/2019 23:28,23:28,12,0,0,I70 & QUEBEC STREET NORTH,5,4,0,0,1,4,,0,55,0,0,0,0,0,1,2,13
,2019-34586,39.778299,-104.900788,8/3/2019 18:37,18:37,12,0,0,I70 & QUEBEC STREET,1,1,0,0,1,4,,0,55,0,0,0,0,0,1,2,3
,2019-34587,39.778299,-104.900596,6/28/2019 15:23,15:23,15,0,0,I70 EASTBOUND ON RAMP ENTRANCE GORE POINT FROM & NORTHFIELD QUEBEC STREET NORTH,1,1,1,0,1,7,,0,30,0,0,0,0,0,1,2,13
,2019-34588,39.778299,-104.900406,2/19/2019 8:15,8:15,15,0,0,I70 & I70 EASTBOUND ENTRANCE GORE POINT FROM QUEBEC NORTH,2,1,0,2,1,4,,0,55,0,0,0,0,0,1,2,13
,2019-34589,39.778242,-104.896328,11/28/2019 6:43,6:43,5,0,0,I70 & QUEBEC STREET NORTH,5,2,0,0,3,4,,0,55,0,0,0,0,0,1,1,13
,2019-3459,39.791034,-105.00642,9/9/2019 17:34,17:34,12,0,1,52ND AVENUE & PECOS STREET,1,1,0,0,1,1,,0,25,0,0,0,0,1,4,2,1
,2019-34590,39.778299,-104.900406,4/25/2019 10:00,10:00,12,0,0,I70 EASTBOUND ON RAMP ENTRANCE GORE POINT & QUEBEC STREET NORTH,1,1,0,0,1,7,,1,55,0,0,0,0,0,1,2,1
,2019-34591,39.778299,-104.900216,1/3/2019 10:05,10:05,12,0,0,I70 & QUEBEC STREET INTCH STREET,1,1,1,0,1,4,,0,55,0,0,0,0,0,1,2,7
,2019-34592,39.778299,-104.900216,2/28/2019 5:52,5:52,15,0,0,I70 & I70 EASTBOUND ENTRANCE GORE POINT FROM QUEBEC STREET,1,1,0,0,1,4,,0,55,0,0,0,0,0,1,2,3
,2019-34593,39.778299,-104.900216,3/1/2019 8:02,8:02,15,0,0,I70 & I70 EASTBOUND ENTRANCE GORE POINT FROM QUEBEC STREET,1,1,1,0,1,4,,0,55,0,0,0,0,0,1,2,13