id,drcog_id,latitude,longitude,crashtime,time,crashtype,numbkilled,numbinjurd,drcoglocat,rdconditin,lightngcon,roadcntgrd,weatherco,location,roaddescrp,schoolzone,constrzone,splimit,bikeinv,sctrinv,pedinv,motoinv,svrty,rdsystem,ttlvehcls,hcf
,2019-34594,39.778299,-104.900216,3/8/2019 16:37,16:37,15,0,0,I70 & I70 EASTBOUND ENTRANCE GORE POINT FROM QUEBEC STREET,1,2,1,0,1,4,,0,65,0,0,0,0,0,1,2,13
,2019-34595,39.778299,-104.900216,4/30/2019 16:30,16:30,15,0,0,I70 & QUEBEC STREET EASTBOUND ENTRANCE GORE POINT,1,1,0,0,1,4,,0,55,0,0,0,0,0,1,2,1
,2019-34596,39.778299,-104.900216,5/30/2019 16:26,16:26,15,0,0,I70 & QUEBEC STREET EASTBOUND ENTRANCE GORE POINT,1,1,0,0,1,4,,0,55,0,0,0,0,0,1,2,1
,2019-34597,39.778299,-104.898841,5/4/2019 13:49,13:49,12,0,0,I70 & NORTHFIELD QUEBEC STREET NORTH,1,1,0,0,1,4,,0,55,0,0,0,0,0,1,2,7
,2019-34598,39.778299,-104.898841,6/25/2019 17:27,17:27,12,0,0,I70 & NORTHFIELD QUEBEC STREET NORTH,1,1,0,0,1,4,,0,55,0,0,0,0,0,1,2,13
,2019-34599,39.778282,-104.896979,10/2/2019 18:30,18:30,15,0,0,I70 & CENTRAL PARK BOULEVARD NORTH,1,2,1,0,1,4,,0,55,0,0,0,0,0,1,2,13
,2019-34600,39.778271,-104.89681,1/10/2019 19:00,19:00,12,0,0,I70 & I270 EASTBOUND FLYOVER APPROXIMATELY,1,3,0,0,1,4,,0,55,0,0,0,0,0,1,2,13
,2019-34601,39.778271,-104.89681,1/25/2019 11:07,11:07,15,0,0,I70 & I270,1,1,0,0,1,4,,1,55,0,0,0,0,0,1,2,13
,2019-34602,39.778271,-104.89681,6/17/2019 13:06,13:06,12,0,0,I70 & I270,1,1,0,0,1,4,,0,55,0,0,0,0,0,1,2,5
,2019-34603,39.778271,-104.89681,7/25/2019 10:55,10:55,12,0,0,I70 & I270,1,1,0,0,1,4,,0,65,0,0,0,0,0,1,3,13
,2019-34604,39.778211,-104.895525,8/2/2019 5:43,5:43,12,0,0,I70 & MM 279,1,2,0,0,1,4,,0,55,0,0,0,0,0,1,2,13
,2019-34605,39.75237,-104.984631,11/16/2019 21:41,21:41,3,0,0,PARK AVENUE WEST & STOUT STREET,1,3,0,0,1,1,,0,30,0,0,0,0,0,4,2,13
,2019-34606,39.777266,-104.884336,7/11/2019 21:15,21:15,15,0,0,I70 & CENTRAL PARK BOULEVARD NORTH,2,3,0,1,1,4,,0,55,0,0,0,0,0,1,2,13
,2019-34607,39.778211,-104.895525,10/10/2019 6:59,6:59,15,0,0,I70 & MM 279,5,1,0,2,1,4,,0,65,0,0,0,0,0,1,4,13
,2019-34608,39.778158,-104.894694,9/24/2019 22:00,22:00,12,0,2,I70 & CENTRAL PARK BOULEVARD NORTH EASTBOUND EXIT GORE POINT,1,3,0,0,1,4,,0,65,0,0,0,0,2,1,2,1
,2019-34609,39.777032,-104.881781,3/4/2019 23:38,23:38,6,0,0,I70 & CENTRAL PARK BOULEVARD NORTH,1,3,0,0,1,4,,0,65,0,0,0,0,0,1,2,2
,2019-3461,39.674745,-104.87403,2/21/2019 17:45,17:45,3,0,0,ILIFF AVENUE EAST & EMPORIA STREET SOUTH,1,4,0,0,1,2,,0,40,0,0,0,0,0,4,2,13
,2019-34610,39.777631,-104.888452,2/16/2019 1:08,1:08,5,0,0,I70 & CENTRAL PARK BOULEVARD NORTH,1,3,0,0,1,4,,0,65,0,0,0,1,0,1,2,14
,2019-34611,39.778158,-104.894694,10/24/2019 22:15,22:15,12,0,0,I70 & CENTRAL PARK BOULEVARD EASTBOUND EXIT GORE POINT TO,1,3,0,0,1,4,,0,55,0,0,0,0,0,1,4,7
,2019-34612,39.77814,-104.894487,7/2/2019 10:02,10:02,15,0,0,I70 & NORTHFIELD QUEBEC STREET NORTH,1,1,0,0,1,4,,0,55,0,0,0,0,0,1,2,13
,2019-34613,39.77814,-104.894487,12/16/2019 16:39,16:39,12,0,0,I70 & NORTHFIELD QUEBEC STREET NORTH,1,4,0,0,1,4,,0,65,0,0,0,0,0,1,2,13
,2019-34614,39.77814,-104.894487,7/17/2019 15:07,15:07,5,0,0,I70 EASTBOUND OFF RAMP GORE POINT & CENTRAL PARK BOULEVARD NORTH,1,1,1,0,2,7,,1,55,0,0,0,0,0,1,1,13
,2019-34615,39.77814,-104.894487,8/3/2019 15:20,15:20,12,0,0,I70 EASTBOUND OFF RAMP GORE POINT & CENTRAL PARK BOULEVARD NORTH,1,1,0,0,1,7,,0,55,0,0,0,0,0,1,2,8
,2019-34616,39.778123,-104.894279,11/26/2019 12:27,12:27,5,0,1,I70 EASTBOUND OFF RAMP GORE POINT & CENTRAL PARK BOULEVARD NORTH,6,1,1,2,2,7,,0,55,0,0,0,0,2,1,1,1
,2019-34617,39.670137,-105.0813585,11/13/2019 17:22,17:22,12,0,0,WADSWORTH BOULEVARD SOUTH & VASSAR AVENUE WEST,1,4,1,0,1,3,,0,45,0,0,0,0,0,2,2,7
,2019-34618,39.786759,-104.8212585,6/4/2019 21:56,21:56,5,0,0,SABLE STREET NORTH & 51ST AVENUE EAST,1,3,0,0,3,1,,0,30,0,0,0,0,0,4,1,5
,2019-34619,39.778033,-104.893221,12/6/2019 22:37,22:37,12,0,1,I70 & CENTRAL PARK BOULEVARD NORTH,1,3,0,0,1,4,,0,55,0,0,0,0,1,1,2,13
,2019-3462,39.685968,-105.053202,6/22/2019 23:30,23:30,3,0,0,SHERIDAN BOULEVARD SOUTH & MEXICO AVENUE WEST,1,3,1,0,1,1,,0,,0,0,0,0,0,2,2,13
,2019-34620,39.777832,-104.890836,9/13/2019 21:40,21:40,12,0,2,I70 & CENTRAL PARK BOULEVARD NORTH WB ENTRANCE GORE POINT,1,3,0,0,1,4,,0,55,0,0,0,0,1,1,2,13
,2019-34621,39.777814,-104.890619,2/16/2019 11:25,11:25,5,0,0,I70 WB ON RAMP ENTRANCE GORE POINT & CENTRAL PARK BOULEVARD NORTH WB ON RAMP ENTRANCE GORE,1,1,1,0,2,7,,0,35,0,0,0,0,0,1,1,3
,2019-34622,39.777796,-104.890403,1/17/2019 14:34,14:34,15,0,2,I70 WB ON RAMP MERGE POINT & CENTRAL PARK BOULEVARD NORTH,1,1,1,0,1,7,,0,65,0,0,0,0,1,1,2,1
,2019-34623,39.777631,-104.888452,3/21/2019 9:32,9:32,12,0,2,I70 & CENTRAL PARK BOULEVARD NORTH,1,1,0,0,1,4,,1,65,0,0,0,0,1,1,2,1
,2019-34624,39.777576,-104.887801,3/25/2019 2:45,2:45,12,0,0,I70 EASTBOUND & CENTRAL PARK NORTH,1,3,0,0,1,4,,0,65,0,0,0,0,0,1,2,2
,2019-34625,39.777576,-104.887801,12/13/2019 18:04,18:04,12,0,0,I70 & CENTRAL PARK BOULEVARD NORTH,1,3,0,0,1,4,,0,55,0,0,0,0,0,1,4,12
,2019-34626,39.777485,-104.886717,7/29/2019 17:40,17:40,12,0,1,I70 & CENTRAL PARK BOULEVARD NORTH,1,1,0,0,1,4,,0,55,0,0,0,0,1,1,2,13
,2019-34627,39.777465,-104.8865,5/3/2019 9:43,9:43,12,0,5,I70 & CENTRAL PARK BOULEVARD NORTH,1,1,0,0,1,4,,1,55,0,0,0,0,1,1,4,1
,2019-34628,39.777465,-104.8865,12/12/2019 8:59,8:59,12,0,0,I70 & CENTRAL PARK BOULEVARD NORTH,1,1,0,0,1,4,,1,55,0,0,0,0,0,1,2,8
,2019-34629,39.670137,-105.0813585,7/11/2019 17:23,17:23,12,0,0,WADSWORTH BOULEVARD SOUTH & VASSAR AVENUE WEST,1,1,1,0,1,3,,0,45,0,0,0,0,0,2,2,14
,2019-34630,39.777306,-104.884769,10/3/2019 16:15,16:15,12,0,1,I70 EASTBOUND OFF RAMP & CENTRAL PARK BOULEVARD NORTH,1,1,0,0,1,7,,1,30,0,0,0,0,2,1,2,3
,2019-34631,39.777036,-104.880036,5/29/2019 13:00,13:00,12,0,0,I70 & I270,1,1,0,0,1,4,,0,55,0,0,0,0,0,1,2,3
,2019-34632,39.777286,-104.884552,6/19/2019 9:28,9:28,15,0,0,I70 WB EXIT GORE POINT & I270,1,1,0,0,1,4,,0,55,0,0,0,0,0,1,5,1
,2019-34633,39.777286,-104.884552,12/10/2019 9:45,9:45,12,0,0,I70 & CENTRAL PARK BOULEVARD NORTH,1,1,0,0,1,4,,0,,0,0,0,0,0,1,3,13
,2019-34634,39.777266,-104.884336,9/11/2019 9:17,9:17,12,0,2,I70 & CENTRAL PARK BOULEVARD NORTH,1,1,0,0,1,4,,0,65,0,0,0,0,2,1,2,1
,2019-34635,39.777289,-104.882972,6/30/2019 22:35,22:35,15,0,0,I70 WB ON RAMP FROM & CENTRAL PARK BOULEVARD NORTH,1,3,1,0,1,7,,1,55,0,0,0,0,0,1,2,13
,2019-34636,39.777207,-104.883686,1/3/2019 17:43,17:43,12,0,0,I70 & CENTRAL PARK BOULEVARD,1,2,0,0,1,4,,0,55,0,0,0,0,0,1,2,13
,2019-34637,39.777207,-104.883686,5/20/2019 5:10,5:10,12,0,0,I70 & CENTRAL PARK BOULEVARD NORTH,2,1,0,1,1,4,,0,55,0,0,0,0,0,1,2,5
,2019-34638,39.777167,-104.883253,5/29/2019 13:00,13:00,12,0,0,I70 & HAVANA STREET NORTH,1,1,0,0,1,4,,1,45,0,0,0,0,0,1,2,13
,2019-34639,39.777167,-104.883253,8/23/2019 13:50,13:50,12,0,0,I70 & CENTRAL PARK BOULEVARD NORTH,1,1,0,0,1,4,,1,55,0,0,0,0,0,1,2,7
,2019-34640,39.777167,-104.883253,7/29/2019 8:52,8:52,12,0,0,I70 EASTBOUND OFF RAMP & CENTRAL PARK BOULEVARD NORTH,1,1,0,0,1,7,,0,45,0,0,0,0,0,1,3,3
,2019-34641,39.777127,-104.88282,6/10/2019 21:42,21:42,12,0,1,I70 & CENTRAL PARK BOULEVARD NORTH,1,3,0,0,1,4,,0,55,0,0,0,0,2,1,4,13
,2019-34642,39.777111,-104.882643,4/30/2019 13:48,13:48,12,0,0,I70 & CENTRAL PARK BOULEVARD,1,1,0,0,1,4,,0,65,0,0,0,0,0,1,2,1
,2019-34643,39.777111,-104.882643,6/20/2019 15:01,15:01,15,0,0,I70 & CENTRAL PARK BOULEVARD NORTH,1,1,0,0,1,4,,0,55,0,0,0,0,0,1,2,13
,2019-34644,39.777111,-104.882643,7/9/2019 4:16,4:16,12,0,0,I70 & CENTRAL PARK BOULEVARD NORTH,1,3,0,0,1,4,,0,55,0,0,0,0,0,1,2,5
,2019-34645,39.777111,-104.882643,12/20/2019 15:26,15:26,15,0,0,I70 & CENTRAL PARK BOULEVARD NORTH,1,1,0,0,1,4,,0,55,0,0,0,0,0,1,2,13
,2019-34646,39.777111,-104.882643,4/16/2019 17:12,17:12,15,0,0,I70 EASTBOUND OFF RAMP & CENTRAL PARK BOULEVARD NORTH,1,1,1,0,1,7,,0,40,0,0,0,0,0,1,2,12
,2019-34647,39.777111,-104.882643,8/12/2019 19:41,19:41,12,0,1,I70 EASTBOUND OFF RAMP & CENTRAL PARK BOULEVARD NORTH,1,1,1,0,1,7,,0,35,0,0,0,0,1,1,2,7
,2019-34648,39.777111,-104.882643,3/22/2019 19:40,19:40,15,0,0,I70 WB RAMP & CENTRAL PARK NORTH,1,2,1,0,1,7,,0,55,0,0,0,0,0,1,2,5
,2019-34649,39.777111,-104.882643,7/5/2019 10:40,10:40,12,0,0,I70 WB ON RAMP & CENTRAL PARK BOULEVARD NORTH,1,1,1,0,1,7,,0,55,0,0,0,0,0,1,2,13
,2019-34650,39.777111,-104.882643,9/12/2019 16:54,16:54,15,0,0,I70 WB ON RAMP & CENTRAL PARK BOULEVARD NORTH,1,1,0,0,1,7,,0,35,0,0,0,0,0,1,2,3
,2019-34651,39.777095,-104.882471,1/9/2019 5:55,5:55,15,0,0,I70 & CENTRAL PARK BOULEVARD INTCH,1,1,0,0,1,4,,0,55,0,0,0,0,0,1,2,13
,2019-34652,39.777095,-104.882471,1/10/2019 14:09,14:09,15,0,0,I70 & CENTRAL PARK BOULEVARD INTCH,1,1,1,0,1,4,,0,55,0,0,0,0,0,1,2,14
,2019-34653,39.777095,-104.882471,1/11/2019 6:39,6:39,5,0,0,I70 & CENTRAL PARK BOULEVARD INTCH APPROXIMATELY,6,4,0,2,1,4,,0,55,0,0,0,0,0,1,2,13
,2019-34654,39.777095,-104.882471,3/7/2019 8:51,8:51,15,0,0,I70 & CENTRAL PARK BOULEVARD NORTH,5,1,0,0,1,4,,0,55,0,0,0,0,0,1,2,7
,2019-34655,39.777095,-104.882471,3/8/2019 7:33,7:33,15,0,0,I70 & CENTRAL PARK BOULEVARD NORTH,1,1,0,0,1,4,,0,55,0,0,0,0,0,1,2,13
,2019-34658,39.777095,-104.882471,4/4/2019 10:13,10:13,12,0,0,I70 WB & CENTRAL PARK NORTH,1,1,0,0,1,4,,0,55,0,0,0,0,0,1,3,3
,2019-34659,39.777095,-104.882471,4/11/2019 15:53,15:53,12,0,0,I70 & CENTRAL PARK BOULEVARD NORTH,1,1,0,0,1,4,,0,55,0,0,0,0,0,1,3,1
,2019-34660,39.777095,-104.882471,4/15/2019 16:02,16:02,15,0,0,I70 & CENTRAL PARK BOULEVARD NORTH,1,2,1,0,1,4,,0,65,0,0,0,1,0,1,2,13
,2019-34662,39.777095,-104.882471,4/16/2019 14:26,14:26,15,0,0,I70 & CENTRAL PARK BOULEVARD NORTH,1,1,0,0,1,4,,0,65,0,0,0,0,0,1,2,13
,2019-34663,39.777095,-104.882471,4/16/2019 15:13,15:13,15,0,0,I70 & CENTRAL PARK BOULEVARD,1,1,0,0,1,4,,1,55,0,0,0,0,0,1,2,13
,2019-34664,39.777095,-104.882471,5/20/2019 14:38,14:38,15,0,0,I70 & CENTRAL PARK BOULEVARD,1,1,0,0,1,4,,0,65,0,0,0,0,0,1,2,13
,2019-34665,39.777095,-104.882471,5/20/2019 15:56,15:56,15,0,0,I70 & CENTRAL PARK BOULEVARD NORTH,2,1,0,1,1,4,,0,55,0,0,0,0,0,1,3,1
,2019-34666,39.777095,-104.882471,6/6/2019 9:33,9:33,15,0,0,I70 & CENTRAL PARK BOULEVARD NORTH,1,1,0,0,1,4,,0,55,0,0,0,1,0,1,2,13
,2019-34667,39.777095,-104.882471,6/6/2019 12:30,12:30,12,0,0,I70 & CENTRAL PARK BOULEVARD NORTH,1,1,0,0,1,4,,0,55,0,0,0,0,0,1,2,13
,2019-34668,39.777095,-104.882471,6/28/2019 10:34,10:34,12,0,0,I70 & CENTRAL PARK BOULEVARD NORTH,1,1,0,0,1,4,,0,55,0,0,0,0,0,1,3,13
,2019-34669,39.777095,-104.882471,7/13/2019 3:05,3:05,9,0,1,I70 EASTBOUND EXIT GORE POINT & CENTRAL PARK BOULEVARD NORTH,1,3,0,0,3,4,,0,65,0,0,0,0,1,1,1,13
,2019-34672,39.777095,-104.882471,7/15/2019 8:16,8:16,15,0,0,I70 & CENTRAL PARK BOULEVARD NORTH,1,1,0,0,1,4,,0,55,0,0,0,0,0,1,2,13
,2019-34673,39.777095,-104.882471,7/15/2019 16:45,16:45,12,0,1,I70 & CENTRAL PARK BOULEVARD NORTH,1,1,0,0,1,4,,1,55,0,0,0,0,1,1,2,13
,2019-34674,39.777095,-104.882471,8/8/2019 7:50,7:50,12,0,0,I70 & CENTRAL PARK BOULEVARD NORTH,1,1,0,0,1,4,,0,55,0,0,0,0,0,1,2,13
,2019-34675,39.777095,-104.882471,8/16/2019 6:45,6:45,12,0,0,I70 & CENTRAL PARK BOULEVARD NORTH,1,1,0,0,1,4,,0,55,0,0,0,0,0,1,2,13
,2019-34676,39.777095,-104.882471,8/26/2019 14:50,14:50,15,0,0,I70 & CENTRAL PARK BOULEVARD NORTH,1,1,1,0,1,4,,0,55,0,0,0,0,0,1,2,7
,2019-34677,39.777095,-104.882471,9/17/2019 6:13,6:13,12,0,0,I70 & CENTRAL PARK BOULEVARD NORTH,1,2,0,0,1,4,,0,55,0,0,0,0,0,1,2,13
,2019-34678,39.777095,-104.882471,11/14/2019 8:56,8:56,12,0,0,I70 & CENTRAL PARK BOULEVARD NORTH,1,1,0,0,1,4,,0,65,0,0,0,0,0,1,4,13
,2019-34679,39.777095,-104.882471,12/3/2019 8:40,8:40,12,0,0,I70 & CENTRAL PARK BOULEVARD,1,1,0,0,1,4,,1,65,0,0,0,0,0,1,2,8
,2019-34681,39.777095,-104.882471,12/6/2019 7:14,7:14,12,0,0,I70 & CENTRAL PARK BOULEVARD NORTH,1,1,0,0,1,4,,0,,0,0,0,0,0,1,3,13
,2019-34682,39.777095,-104.882471,4/9/2019 7:30,7:30,12,0,1,CENTRAL PARK BOULEVARD NORTH & I70,1,1,0,0,1,4,,0,45,0,0,0,1,2,1,2,5
,2019-34683,39.777095,-104.882471,6/2/2019 19:44,19:44,1,0,0,CENTRAL PARK BOULEVARD NORTH & I70 WB ON RAMP,1,1,1,0,1,1,,0,35,0,0,0,0,0,1,2,1
,2019-34684,39.777095,-104.882471,9/23/2019 4:45,4:45,1,0,0,CENTRAL PARK BOULEVARD NORTH & I70 WB ON RAMP,1,2,0,0,1,1,,0,35,0,0,0,0,0,1,2,13
,2019-34685,39.77727,-104.8827,12/18/2019 17:24,17:24,12,0,0,CENTRAL PARK BOULEVARD NORTH & I70,1,1,0,0,1,1,,0,25,0,0,0,0,0,1,2,13
,2019-34686,39.777095,-104.882471,2/4/2019 7:45,7:45,12,0,0,I70 EASTBOUND OFF RAMP & CENTRAL PARK BOULEVARD NORTH,1,1,0,0,1,3,,0,35,0,0,0,0,0,1,2,13
,2019-34687,39.777095,-104.882471,2/23/2019 7:49,7:49,5,0,0,I70 EASTBOUND OFF RAMP & CENTRAL PARK BOULEVARD NORTH,4,1,0,2,2,1,,0,35,0,0,0,0,0,1,1,13
,2019-34688,39.777095,-104.882471,3/19/2019 13:59,13:59,3,0,0,CENTRAL PARK BOULEVARD NORTH & I70 EASTBOUND OFF RAMP,1,1,0,0,1,1,,0,35,0,0,0,0,0,1,2,13
,2019-34689,39.777095,-104.882471,3/21/2019 19:26,19:26,12,0,0,CENTRAL PARK BOULEVARD NORTH & I70 EASTBOUND ON RAMP,1,1,0,0,1,1,,0,35,0,0,0,0,0,1,2,1
,2019-34690,39.777095,-104.882471,4/6/2019 4:42,4:42,1,0,1,CENTRAL PARK BOULEVARD NORTH & I70 EASTBOUND ON RAMP,1,1,1,0,1,1,,0,,0,0,0,0,1,1,2,12
,2019-34691,39.777095,-104.882471,9/11/2019 16:00,16:00,3,0,0,CENTRAL PARK BOULEVARD NORTH & I70 EASTBOUND OFF RAMP,1,1,0,0,1,1,,0,55,0,0,0,0,0,1,2,7
,2019-34692,39.777095,-104.882471,10/8/2019 6:10,6:10,3,0,0,CENTRAL PARK BOULEVARD NORTH & I70 EASTBOUND RAMPS,1,3,1,0,1,1,,0,35,0,0,0,0,0,1,2,13
,2019-34693,39.777095,-104.882471,10/12/2019 17:48,17:48,1,0,1,CENTRAL PARK BOULEVARD NORTH & I70 EASTBOUND ON RAMP,1,2,0,0,1,1,,0,45,0,0,0,0,1,1,2,12
,2019-34694,39.777095,-104.882471,10/16/2019 16:51,16:51,3,0,1,CENTRAL PARK BOULEVARD NORTH & I70 EASTBOUND OFF RAMP,1,1,0,0,1,1,,0,35,0,0,0,0,1,1,2,13
,2019-34695,39.777079,-104.882298,8/15/2019 23:51,23:51,12,0,1,I70 & CENTRAL PARK BOULEVARD NORTH,1,4,0,0,1,4,,0,55,0,0,0,0,1,1,3,13
,2019-34696,39.777289,-104.882972,9/21/2019 8:38,8:38,12,0,2,I70 & CENTRAL PARK BOULEVARD NORTH,1,1,0,0,1,4,,0,25,0,0,0,0,1,1,2,1
,2019-34697,39.777079,-104.882298,3/7/2019 7:36,7:36,12,0,0,I70 WB OFF RAMP TO & CENTRAL PARK BOULEVARD NORTH,5,1,1,4,1,7,,0,35,0,0,0,0,0,1,2,7
,2019-34698,39.777079,-104.882298,8/5/2019 15:30,15:30,12,0,0,I70 WB OFF RAMP & CENTRAL PARK BOULEVARD NORTH,1,1,1,0,1,7,,0,55,0,0,0,0,0,1,2,12
,2019-34699,39.777079,-104.882298,8/27/2019 7:30,7:30,12,0,1,I70 WB OFF RAMP & CENTRAL PARK BOULEVARD NORTH,1,1,0,0,1,7,,0,25,0,0,0,0,1,1,2,3
,2019-34700,39.777079,-104.882298,11/9/2019 5:49,5:49,12,0,0,I70 WB OFF RAMP & CENTRAL PARK BOULEVARD NORTH,1,1,1,0,1,7,,0,25,0,0,0,0,0,1,2,8
,2019-34701,39.774789,-104.856109,11/5/2019 21:45,21:45,12,0,0,I70 & PEORIA STREET NORTH,1,3,0,0,1,4,,0,,0,0,0,0,0,1,2,13
,2019-34702,39.777063,-104.882126,7/19/2019 18:04,18:04,12,0,0,I70 & CENTRAL PARK BOULEVARD NORTH,1,1,0,0,1,4,,0,65,0,0,0,0,0,1,2,13
,2019-34703,39.777063,-104.882126,5/17/2019 11:30,11:30,12,0,0,I70 WB OFF RAMP & CENTRAL PARK BOULEVARD NORTH,1,1,1,0,1,7,,0,55,0,0,0,0,0,1,2,3
,2019-34704,39.777047,-104.881953,3/12/2019 6:36,6:36,12,0,0,I70 & CENTRAL PARK BOULEVARD NORTH,1,2,0,0,1,4,,0,65,0,0,0,1,0,1,2,13
,2019-34705,39.777032,-104.881781,11/5/2019 16:40,16:40,12,0,0,I70 & CENTRAL PARK BOULEVARD NORTH,1,1,0,0,1,4,,1,55,0,0,0,0,0,1,2,2
,2019-34706,39.777,-104.881436,3/30/2019 22:55,22:55,12,0,3,I70 & CENTRAL PARK NORTH,1,3,0,0,1,4,,0,55,0,0,0,0,2,1,3,5
,2019-34707,39.777,-104.881436,7/11/2019 17:21,17:21,12,0,3,I70 & CENTRAL PARK BOULEVARD NORTH,1,1,0,0,1,4,,0,55,0,0,0,0,1,1,2,13
,2019-34708,39.776953,-104.880919,7/16/2019 11:40,11:40,15,0,0,I70 WB EXIT GORE POINT TO & I270 WB,1,1,0,0,1,4,,0,55,0,0,0,0,0,1,2,13
,2019-34709,39.777,-104.881436,4/12/2019 21:39,21:39,12,0,0,I70 WB OFF RAMP & CENTRAL PARK BOULEVARD NORTH,2,3,0,2,1,7,,0,55,0,0,0,0,0,1,2,13
,2019-34710,39.774005,-104.847034,7/30/2019 21:06,21:06,5,0,0,PEORIA STREET NORTH & I70 WB RAMPS,1,3,0,0,3,1,,0,45,0,0,0,0,0,1,1,14
,2019-34713,39.776968,-104.881092,5/7/2019 10:38,10:38,15,0,0,I70 & I270 WB DIRECT CONNECT,1,1,0,0,1,4,,1,55,0,0,0,0,0,1,2,8
,2019-34714,39.776968,-104.881092,5/21/2019 16:59,16:59,12,0,0,I70 & CENTRAL PARK BOULEVARD,1,1,0,0,1,4,,0,55,0,0,0,0,0,1,3,12
,2019-34715,39.776968,-104.881092,7/8/2019 20:40,20:40,5,0,0,I70 EXIT GORE POINT & I270 WB DIRECT CONNECT,1,2,0,0,1,4,,1,55,0,0,0,0,0,1,1,13
,2019-34716,39.776968,-104.881092,9/12/2019 6:00,6:00,15,0,0,I70 WB EXIT GORE POINT & I270,1,1,0,0,1,4,,0,65,0,0,0,0,0,1,2,3
,2019-34717,39.776968,-104.881092,9/24/2019 4:04,4:04,5,0,1,I70 WB EXIT GORE POINT TO & I270 WB,1,3,0,0,3,4,,0,55,0,0,0,0,2,1,1,5
,2019-34718,39.776953,-104.880919,1/12/2019 10:09,10:09,15,0,0,I70 WB EXIT LNS & I270 WB EXIT GORE,1,1,0,0,1,4,,0,55,0,0,0,0,0,1,2,13
,2019-34719,39.776953,-104.880919,1/14/2019 15:44,15:44,15,0,0,I70 WB EXIT LNS & I270 WB EXIT GORE,1,1,0,0,1,4,,1,55,0,0,0,0,0,1,2,13
,2019-34720,39.776953,-104.880919,2/4/2019 6:15,6:15,12,0,0,I70 & CENTRAL PARK BOULEVARD NORTH,1,3,0,0,1,4,,1,55,0,0,0,0,0,1,2,1
,2019-34721,39.776953,-104.880919,4/1/2019 9:30,9:30,15,0,1,I70 & I270 WB DIRECT CONNECT,1,1,0,0,1,4,,0,55,0,0,0,0,1,1,2,13
,2019-34722,39.776953,-104.880919,4/2/2019 15:27,15:27,15,0,0,I70 WB & I270 WB DIRECT CONNECT,1,1,0,0,1,4,,0,55,0,0,0,0,0,1,2,13
,2019-34723,39.776953,-104.880919,5/4/2019 21:52,21:52,5,0,0,I70 & CENTRAL PARK BOULEVARD NORTH,1,3,0,0,2,4,,0,55,0,0,0,0,0,1,1,7
,2019-34724,39.776953,-104.880919,9/20/2019 7:13,7:13,12,0,0,I70 WB EXIT GORE POINT TO & I270 NORTHBOUND,1,1,0,0,1,4,,0,65,0,0,0,0,0,1,2,10
,2019-34725,39.776953,-104.880919,9/20/2019 7:13,7:13,12,0,0,I70 WB & I270 DIRECT CONNECT,1,1,0,0,1,4,,0,55,0,0,0,0,0,1,2,10
,2019-34726,39.776953,-104.880919,10/9/2019 14:23,14:23,15,0,0,I70 WB EXIT GORE POINT TO & I270 WB,1,1,0,0,1,4,,0,55,0,0,0,0,0,1,2,3
,2019-34727,39.776937,-104.880747,11/1/2019 22:25,22:25,12,0,1,I70 & CENTRAL PARK BOULEVARD NORTH,2,3,0,0,1,4,,1,55,0,0,0,0,1,1,3,3
,2019-34728,39.776937,-104.880747,4/18/2019 3:00,3:00,12,0,0,I70 EASTBOUND ON RAMP & CENTRAL PARK BOULEVARD NORTH,1,3,1,0,1,7,,0,55,0,0,0,0,0,1,2,13
,2019-34729,39.776921,-104.880575,5/1/2019 8:55,8:55,15,0,0,I70 & CENTRAL PARK BOULEVARD NORTH,1,1,0,0,1,4,,0,65,0,0,0,0,0,1,2,14
,2019-34730,39.776747,-104.878679,10/4/2019 6:44,6:44,12,0,2,I70 EASTBOUND ENTRANCE GORE POINT FROM & I270 EASTBOUND,1,1,0,0,1,4,,0,55,0,0,0,0,1,1,2,13
,2019-34731,39.776731,-104.878507,11/9/2019 13:06,13:06,12,0,0,I70 EASTBOUND ENTRANCE GORE POINT FROM & I270 EASTBOUND,1,1,0,0,1,4,,0,55,0,0,0,0,0,1,2,1
,2019-34732,39.639303,-104.885028,6/25/2019 20:47,20:47,5,0,1,I225 & YOSEMITE STREET WB OFF RAMP GORE POINT,1,3,1,0,3,4,,0,65,0,0,0,0,1,1,1,14
,2019-34733,39.776731,-104.878507,11/14/2019 20:35,20:35,12,0,0,I70 EASTBOUND ENTRANCE GORE POINT FROM & I270 EASTBOUND,1,3,1,0,1,4,,0,65,0,0,0,0,0,1,2,8
,2019-34734,39.776715,-104.878334,7/28/2019 22:13,22:13,15,0,0,I70 EASTBOUND FROM & I270 EASTBOUND DIRECT CONNECT,1,3,0,0,1,4,,0,55,0,0,0,0,0,1,2,1
,2019-34735,39.776699,-104.878162,1/2/2019 16:57,16:57,12,0,0,I70 & CENTRAL PARK BOULEVARD,1,3,0,0,1,4,,0,55,0,0,0,0,0,1,2,14
,2019-34736,39.776699,-104.878162,4/7/2019 20:39,20:39,12,0,0,I70 & CENTRAL PARK BOULEVARD NORTH,1,3,0,0,1,4,,0,55,0,0,0,0,0,1,4,7
,2019-34737,39.776699,-104.878162,4/20/2019 8:30,8:30,12,0,0,I70 & CENTRAL PARK BOULEVARD NORTH,1,1,0,0,1,4,,0,55,0,0,0,0,0,1,2,13
,2019-34738,39.776699,-104.878162,10/8/2019 16:41,16:41,12,0,0,I70 & CENTRAL PARK BOULEVARD NORTH,1,1,0,0,1,4,,0,55,0,0,0,0,0,1,4,3