id,drcog_id,latitude,longitude,crashtime,time,crashtype,numbkilled,numbinjurd,drcoglocat,rdconditin,lightngcon,roadcntgrd,weatherco,location,roaddescrp,schoolzone,constrzone,splimit,bikeinv,sctrinv,pedinv,motoinv,svrty,rdsystem,ttlvehcls,hcf
,2019-34739,39.776699,-104.878162,10/9/2019 10:20,10:20,15,0,0,I70 & CENTRAL PARK BOULEVARD NORTH,1,1,0,0,1,4,,0,55,0,0,0,0,0,1,2,13
,2019-34741,39.776699,-104.878162,11/18/2019 21:38,21:38,15,0,0,I70 & CENTRAL PARK BOULEVARD NORTH,1,3,0,0,1,4,,0,65,0,0,0,0,0,1,2,5
,2019-34742,39.777289,-104.882972,12/21/2019 15:09,15:09,15,0,0,I70 & CENTRAL PARK BOULEVARD NORTH,1,1,0,0,1,4,,0,,0,0,0,0,0,1,2,13
,2019-34743,39.776668,-104.877817,1/8/2019 17:36,17:36,12,0,0,I70 & I270 WB EXIT GORE APPROXIMATELY,1,3,1,0,1,4,,0,65,0,0,0,0,0,1,2,13
,2019-34744,39.776545,-104.876427,9/27/2019 16:50,16:50,12,0,1,I70 EASTBOUND ENTRANCE GORE POINT & CENTRAL PARK BOULEVARD NORTH,1,1,0,0,1,4,,1,55,0,0,0,0,1,1,2,13
,2019-34745,39.776485,-104.87573,6/25/2019 17:30,17:30,15,0,0,I70 EASTBOUND ENTRANCE GORE POINT & CENTRAL PARK BOULEVARD NORTH,1,1,0,0,1,4,,0,55,0,0,0,0,0,1,2,13
,2019-34746,39.776485,-104.87573,7/15/2019 9:47,9:47,15,0,0,I70 & MM 280,1,1,0,0,1,4,,0,65,0,0,0,0,0,1,2,13
,2019-34749,39.776485,-104.87573,9/5/2019 9:34,9:34,12,0,0,I70 & MM 280,1,1,0,0,1,4,,0,65,0,0,0,0,0,1,2,13
,2019-34750,39.776485,-104.87573,9/5/2019 9:34,9:34,12,0,0,I70 & MM 280,1,1,0,0,1,4,,0,55,0,0,0,0,0,1,2,13
,2019-34751,39.776485,-104.87573,10/16/2019 7:46,7:46,12,0,0,I70 & MM 280,1,1,1,0,1,4,,0,65,0,0,0,0,0,1,2,13
,2019-34752,39.776485,-104.87573,10/25/2019 23:55,23:55,12,0,0,I70 & MM 280,1,3,0,0,1,4,,1,55,0,0,0,0,0,1,2,13
,2019-34753,39.776379,-104.874511,2/1/2019 15:30,15:30,15,0,0,I70 & HAVANA STREET NORTH,1,1,0,0,1,4,,0,55,0,0,0,0,0,1,2,13
,2019-34754,39.776379,-104.874511,6/30/2019 15:41,15:41,15,0,0,I70 & HAVANA STREET NORTH,1,1,0,0,1,4,,0,55,0,0,0,0,0,1,2,1
,2019-34755,39.776379,-104.874511,11/8/2019 23:25,23:25,12,0,0,I70 & HAVANA STREET NORTH,1,3,0,0,1,4,,0,65,0,0,0,0,0,1,2,13
,2019-34756,39.776319,-104.873814,1/17/2019 17:09,17:09,12,0,0,I70 & CENTRAL PARK BOULEVARD NORTH,1,3,0,0,1,4,,0,55,0,0,0,0,0,1,2,14
,2019-34757,39.776319,-104.873814,6/29/2019 13:55,13:55,12,0,0,I70 & CENTRAL PARK BOULEVARD NORTH,1,1,0,0,1,4,,0,55,0,0,0,0,0,1,2,13
,2019-34758,39.776319,-104.873814,7/15/2019 16:06,16:06,5,0,1,I70 & CENTRAL PARK BOULEVARD NORTH,1,1,0,0,1,4,,0,55,0,0,0,0,1,1,1,5
,2019-34759,39.776319,-104.873814,9/28/2019 18:41,18:41,15,0,1,I70 & CENTRAL PARK BOULEVARD NORTH,1,1,0,0,1,4,,0,65,0,0,0,0,1,1,3,5
,2019-34760,39.776319,-104.873814,11/8/2019 21:10,21:10,15,0,0,I70 & CENTRAL PARK BOULEVARD NORTH,1,3,0,0,1,4,,0,65,0,0,0,0,0,1,2,13
,2019-34761,39.776319,-104.873814,11/20/2019 14:58,14:58,15,0,0,I70 & CENTRAL PARK BOULEVARD NORTH,1,1,1,0,1,4,,0,40,0,0,0,0,0,1,2,13
,2019-34762,39.776289,-104.873465,2/19/2019 12:40,12:40,5,0,0,I70 EASTBOUND ON RAMP & CENTRAL PARK BOULEVARD NORTH WB EXIT GORE POINT,1,1,1,0,2,7,,1,30,0,0,0,0,0,1,1,12
,2019-34764,39.776274,-104.873291,2/13/2019 12:00,12:00,15,0,1,I70 WB EXIT GORE POINT & CENTRAL PARK BOULEVARD NORTH,1,1,0,0,1,4,,0,55,0,0,0,0,1,1,2,13
,2019-34765,39.776274,-104.873291,3/3/2019 20:33,20:33,5,0,1,I70 WB OFF RAMP EXIT GORE POINT & CENTRAL PARK BOULEVARD NORTH,5,3,0,2,2,4,,0,55,0,0,0,0,1,1,1,14
,2019-34766,39.776274,-104.873291,3/11/2019 5:28,5:28,5,0,3,I70 WB OFF RAMP EXIT GORE POINT & CENTRAL PARK BOULEVARD NORTH,1,3,0,0,2,4,,1,55,0,0,0,1,1,1,3,1
,2019-34767,39.776274,-104.873291,5/20/2019 18:55,18:55,5,0,4,I70 WB EXIT GORE POINT & CENTRAL PARK BOULEVARD NORTH,2,1,1,1,3,4,,0,55,0,0,0,0,2,1,2,7
,2019-34768,39.776274,-104.873291,5/25/2019 17:44,17:44,5,0,0,I70 WB EXIT GORE POINT & CENTRAL PARK BOULEVARD NORTH,1,1,0,0,3,4,,0,65,0,0,0,1,0,1,2,14
,2019-34769,39.776274,-104.873291,6/24/2019 17:59,17:59,15,0,0,I70 WB EXIT GORE POINT & CENTRAL PARK BOULEVARD NORTH,1,1,0,0,1,4,,0,55,0,0,0,0,0,1,2,13
,2019-34770,39.776274,-104.873291,7/5/2019 2:37,2:37,5,0,1,I70 WB EXIT GORE POINT & CENTRAL PARK BOULEVARD NORTH,1,4,0,0,3,4,,0,55,0,0,0,0,1,1,1,13
,2019-34771,39.776274,-104.873291,7/16/2019 16:17,16:17,15,0,0,I70 WB EXIT GORE POINT & CENTRAL PARK BOULEVARD NORTH,1,1,0,0,1,4,,1,55,0,0,0,0,0,1,2,1
,2019-34772,39.776274,-104.873291,7/26/2019 20:18,20:18,5,0,1,I70 WB EXIT GORE POINT & CENTRAL PARK BOULEVARD NORTH,1,3,0,0,3,4,,0,65,0,0,0,0,1,1,1,8
,2019-34773,39.776274,-104.873291,2/28/2019 6:56,6:56,5,0,0,I70 & CENTRAL PARK BOULEVARD NORTH WB OFF RAMP GORE,1,1,0,0,2,7,,0,65,0,0,0,0,0,1,2,7
,2019-34774,39.776274,-104.873291,4/2/2019 11:16,11:16,5,0,0,I70 & CENTRAL PARK BOULEVARD NORTH WB EXIT GORE POINT,1,1,0,0,2,7,,1,55,0,0,0,0,0,1,1,1
,2019-34775,39.776274,-104.873291,7/19/2019 11:00,11:00,5,0,0,I70 & CENTRAL PARK BOULEVARD NORTH WB EXIT GORE POINT,1,1,0,0,2,7,,1,65,0,0,0,0,0,1,1,8
,2019-34777,39.776259,-104.873117,6/21/2019 14:00,14:00,15,0,0,I70 & CENTRAL PARK BOULEVARD NORTH EXIT LANE,2,1,1,1,1,4,,0,55,0,0,0,0,0,1,3,8
,2019-34778,39.776259,-104.873117,7/19/2019 18:44,18:44,15,0,0,I70 & CENTRAL PARK BOULEVARD NORTH WB EXIT GORE POINT,1,1,0,0,1,4,,0,55,0,0,0,0,0,1,3,8
,2019-34779,39.776198,-104.87242,2/8/2019 8:53,8:53,12,0,2,I70 & HAVANA STREET NORTH,1,1,0,0,1,4,,1,65,0,0,0,0,1,1,2,2
,2019-34780,39.776138,-104.871723,3/27/2019 11:34,11:34,15,0,3,I70 & HAVANA STREET NORTH,1,1,0,0,1,4,,0,55,0,0,0,0,2,1,2,1
,2019-34781,39.776047,-104.870677,1/11/2019 16:14,16:14,15,0,0,I70 & HAVANA STREET NORTH,2,1,0,1,1,4,,0,55,0,0,0,0,0,1,2,1
,2019-34782,39.776047,-104.870677,3/29/2019 6:35,6:35,12,0,0,I70 & HAVANA STREET NORTH,2,3,0,1,1,4,,1,55,0,0,0,0,0,1,2,12
,2019-34783,39.776047,-104.870677,12/13/2019 6:23,6:23,12,0,0,I70 & HAVANA STREET NORTH,1,1,0,0,1,4,,1,65,0,0,0,0,0,1,2,13
,2019-34784,39.776002,-104.870154,2/19/2019 17:52,17:52,12,0,0,I70 & HAVANA STREET NORTH,2,3,1,0,1,4,,0,55,0,0,0,0,0,1,2,12
,2019-34785,39.776002,-104.870154,3/23/2019 15:50,15:50,12,0,0,I70 & HAVANA STREET NORTH,1,1,0,0,1,4,,0,65,0,0,0,0,0,1,2,13
,2019-34786,39.776002,-104.870154,5/22/2019 8:55,8:55,15,0,0,I70 & HAVANA STREET NORTH,1,1,0,0,1,4,,0,65,0,0,0,0,0,1,2,13
,2019-34787,39.776002,-104.870154,6/14/2019 13:14,13:14,12,0,2,I70 & HAVANA STREET NORTH,1,1,1,0,1,4,,0,65,0,0,0,0,1,1,2,5
,2019-34788,39.776002,-104.870154,6/16/2019 15:21,15:21,12,0,0,I70 & HAVANA STREET NORTH,1,1,0,0,1,4,,0,65,0,0,0,0,0,1,3,13
,2019-34789,39.776002,-104.870154,8/9/2019 6:00,6:00,15,0,0,I70 & HAVANA STREET NORTH,1,3,0,0,1,4,,0,65,0,0,0,0,0,1,2,3
,2019-34790,39.776002,-104.870154,8/10/2019 15:45,15:45,12,0,0,I70 & HAVANA STREET NORTH,1,1,0,0,1,4,,0,65,0,0,0,0,0,1,2,13
,2019-34791,39.776002,-104.870154,10/7/2019 15:48,15:48,12,0,0,I70 & HAVANA STREET NORTH,1,1,0,0,1,4,,0,55,0,0,0,0,0,1,2,13
,2019-34792,39.776002,-104.870154,10/26/2019 16:47,16:47,12,0,0,I70 & HAVANA STREET NORTH,1,1,0,0,1,4,,0,55,0,0,0,0,0,1,2,13
,2019-34793,39.776002,-104.870154,11/5/2019 7:24,7:24,12,0,0,I70 & HAVANA STREET NORTH,1,1,0,0,1,4,,0,55,0,0,0,0,0,1,2,13
,2019-34794,39.776002,-104.870154,12/15/2019 18:28,18:28,12,0,0,I70 & HAVANA STREET NORTH,1,3,0,0,1,4,,0,,0,0,0,0,0,1,3,13
,2019-34795,39.775927,-104.869283,1/29/2019 10:00,10:00,15,0,0,I70 & HAVANA STREET NORTH,2,1,0,0,1,4,,1,55,0,0,0,0,0,1,2,13
,2019-34796,39.775927,-104.869283,11/10/2019 13:10,13:10,12,0,0,I70 & HAVANA STREET NORTH,1,1,0,0,1,4,,0,65,0,0,0,0,0,1,2,5
,2019-34797,39.775911,-104.869108,1/10/2019 17:29,17:29,12,0,0,I70 & HAVANA STREET NORTH,1,3,0,0,1,4,,0,55,0,0,0,0,0,1,2,13
,2019-34798,39.775911,-104.869108,6/27/2019 13:10,13:10,12,0,2,I70 & HAVANA STREET NORTH,1,1,1,0,1,4,,0,55,0,0,0,0,2,1,3,1
,2019-34801,39.775911,-104.869108,6/28/2019 7:54,7:54,15,0,0,I70 & HAVANA STREET NORTH,1,1,0,0,1,4,,1,65,0,0,0,0,0,1,2,13
,2019-34802,39.775911,-104.869108,7/10/2019 10:32,10:32,12,0,0,I70 & HAVANA STREET NORTH,1,1,0,0,1,4,,1,55,0,0,0,0,0,1,2,8
,2019-34803,39.775911,-104.869108,11/25/2019 10:45,10:45,12,0,2,I70 & HAVANA STREET NORTH,1,1,0,0,1,4,,1,55,0,0,0,0,1,1,3,1
,2019-34804,39.775851,-104.868408,1/19/2019 16:29,16:29,12,0,0,I70 & HAVANA STREET NORTH,1,3,1,0,1,4,,0,55,0,0,0,0,0,1,2,13
,2019-34805,39.775851,-104.868408,11/3/2019 15:04,15:04,12,0,0,I70 & HAVANA STREET NORTH,1,1,0,0,1,4,,0,65,0,0,0,0,0,1,2,13
,2019-34806,39.775836,-104.868233,4/2/2019 21:35,21:35,15,0,0,I70 & HAVANA STREET,1,3,0,0,1,4,,1,,0,0,0,0,0,1,2,1
,2019-34807,39.775821,-104.868058,3/31/2019 17:22,17:22,15,0,0,I70 & HAVANA STREET NORTH,1,1,0,0,1,4,,0,55,0,0,0,0,0,1,2,1
,2019-34808,39.775821,-104.868058,7/9/2019 17:21,17:21,12,0,0,I70 & HAVANA STREET NORTH,1,1,0,0,1,4,,0,55,0,0,0,0,0,1,2,14
,2019-34809,39.775775,-104.867533,2/15/2019 15:10,15:10,15,0,0,I70 & HAVANA STREET NORTH,1,1,1,0,1,4,,1,65,0,0,0,0,0,1,2,13
,2019-34810,39.775775,-104.867533,6/8/2019 16:22,16:22,12,0,0,I70 & HAVANA STREET NORTH,1,1,0,0,1,4,,0,55,0,0,0,0,0,1,4,13
,2019-34811,39.775775,-104.867533,10/15/2019 19:23,19:23,12,0,0,I70 & HAVANA STREET NORTH,1,3,0,0,1,4,,0,55,0,0,0,0,0,1,2,13
,2019-34812,39.77576,-104.867358,2/5/2019 14:29,14:29,15,0,0,I70 & HAVANA STREET NORTH,1,1,1,0,1,4,,0,55,0,0,0,0,0,1,2,13
,2019-34813,39.77576,-104.867358,4/3/2019 3:30,3:30,15,0,0,I70 & HAVANA STREET NORTH,1,3,0,0,1,4,,0,55,0,0,0,0,0,1,2,14
,2019-34814,39.77576,-104.867358,9/18/2019 7:40,7:40,12,0,0,I70 & HAVANA STREET NORTH,1,1,0,0,1,4,,0,65,0,0,0,0,0,1,3,13
,2019-34815,39.77576,-104.867358,11/13/2019 8:50,8:50,12,0,1,I70 & HAVANA STREET NORTH,1,1,0,0,1,4,,0,55,0,0,0,0,1,1,3,13
,2019-34816,39.775745,-104.867184,7/3/2019 7:08,7:08,12,0,0,I70 & HAVANA STREET NORTH,1,1,0,0,1,4,,0,65,0,0,0,0,0,1,3,13
,2019-34817,39.77573,-104.867008,1/18/2019 16:59,16:59,12,0,1,I70 & HAVANA STREET NORTH,2,1,0,0,1,4,,0,,0,0,0,0,1,1,2,13
,2019-34818,39.775714,-104.866833,6/28/2019 10:00,10:00,15,0,0,I70 & HAVANA STREET NORTH,1,1,0,0,1,4,,0,55,0,0,0,0,0,1,2,14
,2019-34819,39.775714,-104.866833,7/30/2019 13:24,13:24,15,0,0,I70 & HAVANA STREET NORTH,1,1,0,0,1,4,,0,55,0,0,0,0,0,1,3,13
,2019-34820,39.775714,-104.866833,9/8/2019 19:01,19:01,12,0,0,I70 & HAVANA STREET NORTH,2,1,0,0,1,4,,0,55,0,0,0,0,0,1,2,14
,2019-34821,39.775699,-104.866659,3/10/2019 23:47,23:47,15,0,0,I70 & HAVANA STREET NORTH,1,3,0,0,1,4,,0,55,0,0,0,0,0,1,2,13
,2019-34822,39.775684,-104.866484,8/28/2019 13:20,13:20,12,0,1,I70 & HAVANA STREET NORTH,1,1,0,0,1,4,,0,55,0,0,0,0,1,1,2,13
,2019-34823,39.775669,-104.866308,2/1/2019 16:08,16:08,12,0,0,I70 & HAVANA STREET NORTH,1,1,0,0,1,4,,1,55,0,0,0,0,0,1,2,5
,2019-34824,39.775669,-104.866308,12/21/2019 17:00,17:00,12,0,0,I70 & HAVANA STREET NORTH,1,2,0,0,1,4,,0,,0,0,0,0,0,1,3,13
,2019-34825,39.775654,-104.866134,7/24/2019 10:30,10:30,12,0,0,I70 & QUEBEC STREET NORTH,1,1,0,0,1,4,,0,55,0,0,0,0,0,1,3,13
,2019-34826,39.775654,-104.866134,9/20/2019 10:00,10:00,12,0,0,I70 & HAVANA STREET NORTH,1,1,0,0,1,4,,1,55,0,0,0,0,0,1,3,14
,2019-34827,39.775654,-104.866134,12/11/2019 21:55,21:55,12,0,0,I70 & HAVANA STREET NORTH,1,3,1,0,1,4,,0,,0,0,0,0,0,1,3,13
,2019-34828,39.775639,-104.865959,1/4/2019 19:00,19:00,15,0,0,I70 & HAVANA STREET NORTH,1,3,0,0,1,4,,1,55,0,0,0,0,0,1,2,13
,2019-34829,39.775639,-104.865959,1/15/2019 8:03,8:03,15,0,0,I70 & HAVANA STREET NORTH INTCH,1,1,0,0,1,4,,0,55,0,0,0,0,0,1,2,8
,2019-34830,39.775639,-104.865959,2/9/2019 14:32,14:32,15,0,0,I70 & HAVANA STREET NORTH,1,1,0,0,1,4,,1,55,0,0,0,0,0,1,2,3
,2019-34831,39.775639,-104.865959,5/2/2019 8:57,8:57,12,0,0,I70 & HAVANA STREET NORTH,1,1,0,0,1,4,,1,55,0,0,0,0,0,1,2,1
,2019-34832,39.775639,-104.865959,5/22/2019 8:43,8:43,15,0,0,I70 & HAVANA STREET NORTH,1,1,0,0,1,4,,0,55,0,0,0,0,0,1,2,13
,2019-34833,39.775639,-104.865959,6/4/2019 8:30,8:30,15,0,0,I70 & HAVANA STREET NORTH,1,1,0,0,1,4,,1,55,0,0,0,0,0,1,2,13
,2019-34834,39.775639,-104.865959,8/3/2019 17:54,17:54,12,0,0,I70 & HAVANA STREET NORTH,1,1,0,0,1,4,,0,55,0,0,0,0,0,1,2,13
,2019-34835,39.775639,-104.865959,8/29/2019 18:00,18:00,15,0,0,I70 & PEORIA STREET NORTH,1,1,0,0,1,4,,0,55,0,0,0,0,0,1,2,12
,2019-34836,39.775639,-104.865959,10/2/2019 19:43,19:43,12,0,0,I70 & HAVANA STREET NORTH,1,3,0,0,1,4,,0,55,0,0,0,0,0,1,2,14
,2019-34837,39.775622,-104.865742,10/13/2019 19:03,19:03,12,0,2,I70 & HAVANA STREET NORTH,1,1,0,0,1,4,,0,65,0,0,0,0,1,1,2,14
,2019-34838,39.775639,-104.865959,11/19/2019 21:44,21:44,15,0,0,I70 & PEORIA STREET NORTH,1,4,0,0,1,4,,1,55,0,0,0,0,0,1,2,7
,2019-34839,39.775623,-104.865778,1/7/2019 11:45,11:45,12,0,0,I70 & HAVANA STREET NORTH,1,1,0,0,1,4,,0,55,0,0,0,0,0,1,3,14
,2019-34840,39.775623,-104.865778,1/10/2019 6:35,6:35,12,0,1,I70 & HAVANA STREET NORTH INTCH,1,2,2,0,1,4,,1,55,0,0,0,0,1,1,2,1
,2019-34841,39.775623,-104.865778,2/14/2019 17:10,17:10,12,0,0,I70 & HAVANA STREET NORTH,1,1,0,0,1,4,,0,55,0,0,0,0,0,1,2,13
,2019-34842,39.775623,-104.865778,3/5/2019 11:49,11:49,12,0,2,I70 & HAVANA STREET NORTH,1,1,1,0,1,4,,0,55,0,0,0,0,2,1,2,13
,2019-34843,39.775623,-104.865778,3/21/2019 8:04,8:04,12,0,3,I70 & HAVANA STREET NORTH,1,1,0,0,1,4,,0,55,0,0,0,0,1,1,2,1
,2019-34844,39.775623,-104.865778,3/24/2019 13:05,13:05,12,0,0,I70 & HAVANA STREET NORTH,1,1,0,0,1,4,,0,65,0,0,0,0,0,1,2,3
,2019-34845,39.775623,-104.865778,4/1/2019 14:30,14:30,15,0,0,I70 & HAVANA STREET NORTH,1,1,1,0,1,4,,0,55,0,0,0,0,0,1,2,13
,2019-34846,39.775623,-104.865778,4/3/2019 14:26,14:26,15,0,0,I70 & HAVANA STREET NORTH,1,1,0,0,1,4,,0,55,0,0,0,0,0,1,2,1
,2019-34847,39.775623,-104.865778,4/4/2019 7:57,7:57,12,0,0,I70 & HAVANA STREET NORTH,1,1,0,0,1,4,,0,55,0,0,0,0,0,1,2,3
,2019-34848,39.776319,-104.873814,6/20/2019 15:21,15:21,12,0,0,I70 & I270,1,1,0,0,1,4,,0,55,0,0,0,0,0,1,2,13
,2019-34849,39.775623,-104.865778,4/15/2019 14:32,14:32,12,0,0,I70 & HAVANA STREET NORTH,1,1,0,0,1,4,,0,55,0,0,0,0,0,1,2,13
,2019-34850,39.775623,-104.865778,4/15/2019 16:27,16:27,12,0,0,I70 & HAVANA STREET NORTH,1,1,1,0,1,4,,0,55,0,0,0,0,0,1,3,13
,2019-34851,39.775623,-104.865778,5/1/2019 7:41,7:41,12,0,0,I70 & HAVANA STREET NORTH,2,1,2,0,1,4,,1,55,0,0,0,0,0,1,3,1
,2019-34852,39.775623,-104.865778,5/17/2019 6:44,6:44,12,0,0,I70 & HAVANA STREET NORTH,1,1,0,0,1,4,,0,55,0,0,0,0,0,1,2,3
,2019-34853,39.775623,-104.865778,5/22/2019 8:35,8:35,12,0,0,I70 & HAVANA STREET NORTH,1,1,0,0,1,4,,0,55,0,0,0,0,0,1,2,13
,2019-34854,39.775623,-104.865778,5/30/2019 7:24,7:24,12,0,0,I70 & HAVANA STREET NORTH,1,1,0,0,1,4,,0,65,0,0,0,0,0,1,2,13
,2019-34855,39.775623,-104.865778,6/17/2019 13:58,13:58,12,0,1,I70 & HAVANA STREET NORTH,1,1,1,0,1,4,,0,55,0,0,0,0,1,1,2,13
,2019-34856,39.775623,-104.865778,6/24/2019 14:22,14:22,15,0,0,I70 & HAVANA STREET NORTH,1,1,1,0,1,4,,0,55,0,0,0,0,0,1,2,13
,2019-34857,39.775623,-104.865778,6/24/2019 15:00,15:00,12,0,1,I70 & HAVANA STREET NORTH,1,1,1,0,1,4,,0,65,0,0,0,0,2,1,4,3
,2019-34858,39.775623,-104.865778,6/25/2019 18:37,18:37,12,0,1,I70 & HAVANA STREET NORTH,1,1,0,0,1,4,,0,55,0,0,0,0,2,1,4,13
,2019-34859,39.775623,-104.865778,6/28/2019 10:40,10:40,12,0,0,I70 & HAVANA STREET NORTH,1,1,0,0,1,4,,1,55,0,0,0,0,0,1,3,1
,2019-34860,39.775623,-104.865778,7/12/2019 14:47,14:47,12,0,1,I70 & HAVANA STREET NORTH,1,1,0,0,1,4,,0,55,0,0,0,0,1,1,2,1
,2019-34861,39.775623,-104.865778,7/16/2019 19:30,19:30,12,0,0,I70 & HAVANA STREET NORTH,1,2,1,0,1,4,,0,65,0,0,0,0,0,1,2,7
,2019-34862,39.775623,-104.865778,8/7/2019 17:29,17:29,15,0,0,I70 & HAVANA STREET NORTH,1,1,0,0,1,4,,0,55,0,0,0,0,0,1,2,13
,2019-34863,39.775623,-104.865778,8/8/2019 17:36,17:36,12,0,0,I70 & HAVANA STREET NORTH,1,2,0,0,1,4,,1,65,0,0,0,0,0,1,3,13
,2019-34864,39.775623,-104.865778,8/19/2019 20:23,20:23,12,0,0,I70 & HAVANA STREET NORTH,1,3,0,0,1,4,,0,55,0,0,0,0,0,1,2,1
,2019-34866,39.775623,-104.865778,9/4/2019 14:58,14:58,12,0,0,I70 & HAVANA STREET NORTH,1,1,0,0,1,4,,0,55,0,0,0,0,0,1,2,3
,2019-34867,39.775623,-104.865778,9/10/2019 9:36,9:36,12,0,0,I70 & HAVANA STREET NORTH,1,1,0,0,1,4,,0,55,0,0,0,0,0,1,3,14
,2019-34868,39.775623,-104.865778,9/10/2019 11:26,11:26,12,0,0,I70 & HAVANA STREET NORTH,1,1,0,0,1,4,,0,55,0,0,0,0,0,1,2,13
,2019-34869,39.775623,-104.865778,9/14/2019 17:00,17:00,15,0,0,I70 & HAVANA STREET NORTH,1,3,0,0,1,4,,0,55,0,0,0,0,0,1,2,13
,2019-34870,39.775623,-104.865778,9/24/2019 19:20,19:20,12,0,2,I70 & HAVANA STREET NORTH,1,3,0,0,1,4,,1,55,0,0,0,0,2,1,3,12
,2019-34871,39.775623,-104.865778,9/27/2019 12:49,12:49,15,0,0,I70 & HAVANA STREET NORTH,1,1,1,0,1,4,,0,55,0,0,0,0,0,1,2,13
,2019-34872,39.775623,-104.865778,10/6/2019 18:48,18:48,15,0,0,I70 & HAVANA STREET NORTH,1,1,0,0,1,4,,0,65,0,0,0,0,0,1,2,1
,2019-34873,39.775623,-104.865778,10/15/2019 16:53,16:53,12,0,0,I70 & HAVANA STREET NORTH,1,1,1,0,1,4,,1,55,0,0,0,0,0,1,2,3
,2019-34874,39.775623,-104.865778,10/19/2019 16:31,16:31,12,0,0,I70 & HAVANA STREET NORTH,1,1,0,0,1,4,,0,65,0,0,0,0,0,1,2,3
,2019-34875,39.775623,-104.865778,10/30/2019 8:30,8:30,15,0,0,I70 & HAVANA STREET NORTH,5,1,0,2,1,4,,0,55,0,0,0,0,0,1,2,13
,2019-34876,39.775623,-104.865778,11/7/2019 15:56,15:56,15,0,1,I70 & HAVANA STREET NORTH,1,1,0,0,1,4,,0,55,0,0,0,0,1,1,3,2
,2019-34877,39.775623,-104.865778,12/10/2019 7:31,7:31,12,0,0,I70 & HAVANA STREET NORTH,1,1,0,0,1,4,,0,65,0,0,0,0,0,1,2,13
,2019-34878,39.775623,-104.865778,12/13/2019 12:27,12:27,12,0,0,I70 & HAVANA STREET NORTH,1,1,1,0,1,4,,0,65,0,0,0,0,0,1,2,3
,2019-34879,39.77584,-104.8658,12/20/2019 6:14,6:14,15,0,0,I70 & HAVANA STREET NORTH,1,3,0,0,1,4,,0,65,0,0,0,0,0,1,2,13
,2019-34880,39.775623,-104.865778,4/6/2019 18:12,18:12,15,0,1,HAVANA STREET NORTH & I70 WB ON RAMP,1,1,0,0,1,4,,0,35,0,0,0,0,1,1,2,8
,2019-34881,39.775623,-104.865778,7/29/2019 17:20,17:20,12,0,1,HAVANA STREET NORTH & I70,1,1,0,0,1,4,,0,30,0,0,0,0,1,1,2,12
,2019-34882,39.775623,-104.865778,10/11/2019 7:00,7:00,15,0,0,HAVANA STREET NORTH & I70,1,1,0,0,1,4,,0,35,0,0,0,0,0,1,4,13
,2019-34883,39.775623,-104.865778,3/27/2019 17:01,17:01,10,0,0,HAVANA STREET NORTH & I70 WB ON RAMP,1,1,0,0,1,1,,0,35,0,0,0,0,0,1,2,7
,2019-34884,39.775623,-104.865778,4/27/2019 10:57,10:57,1,0,0,HAVANA STREET NORTH & I70 WB ON RAMP LOOP / 4400 BLOCK NORTH,1,1,0,0,1,1,,0,35,0,0,0,0,0,1,2,13
,2019-34885,39.775623,-104.865778,7/29/2019 8:04,8:04,15,0,0,HAVANA STREET NORTH & I70 WB OFF RAMP,1,1,0,0,1,1,,0,30,0,0,0,0,0,1,2,13
,2019-34886,39.775623,-104.865778,12/12/2019 6:52,6:52,12,0,0,HAVANA STREET NORTH & I70 WB OFF RAMP,1,1,0,0,1,1,,0,35,0,0,0,0,0,1,2,6
,2019-34887,39.775623,-104.865778,12/21/2019 17:07,17:07,1,0,0,HAVANA STREET NORTH & I70 WB ON RAMP,1,1,0,0,1,1,,0,35,0,0,0,0,0,1,2,13
,2019-34889,39.775623,-104.865778,1/3/2019 16:09,16:09,1,0,0,HAVANA STREET NORTH & I70 EASTBOUND ON RAMP,1,1,0,0,1,1,,0,40,0,0,0,0,0,1,2,13
,2019-34891,39.775623,-104.865778,2/12/2019 8:04,8:04,1,0,0,HAVANA STREET NORTH & I70 EASTBOUND RAMPS,1,1,0,0,1,1,,0,40,0,0,0,0,0,1,2,3
,2019-34892,39.775623,-104.865778,2/26/2019 12:52,12:52,1,0,1,HAVANA STREET NORTH & I70 EASTBOUND ON RAMP,1,1,0,0,1,1,,0,35,0,0,0,0,1,1,2,3
,2019-34893,39.775623,-104.865778,5/16/2019 15:57,15:57,1,0,0,HAVANA STREET NORTH & I70 EASTBOUND ON RAMP,1,1,0,1,1,1,,0,35,0,0,0,0,0,1,2,7
,2019-34894,39.775623,-104.865778,6/3/2019 17:08,17:08,15,0,1,HAVANA STREET NORTH & I70 EASTBOUND OFF RAMP,1,1,0,0,1,1,,0,35,0,0,0,0,2,1,2,13
,2019-34895,39.775623,-104.865778,9/11/2019 12:55,12:55,15,0,1,HAVANA STREET NORTH & I70 EASTBOUND OFF RAMP,1,1,0,0,1,1,,0,35,0,0,0,0,1,1,2,3