id,drcog_id,latitude,longitude,crashtime,time,crashtype,numbkilled,numbinjurd,drcoglocat,rdconditin,lightngcon,roadcntgrd,weatherco,location,roaddescrp,schoolzone,constrzone,splimit,bikeinv,sctrinv,pedinv,motoinv,svrty,rdsystem,ttlvehcls,hcf
,2019-34896,39.775623,-104.865778,9/16/2019 7:30,7:30,1,0,0,HAVANA STREET NORTH & I70 EASTBOUND RAMPS,1,1,0,0,1,1,,0,35,0,0,0,0,0,1,2,13
,2019-34897,39.775623,-104.865778,10/1/2019 7:05,7:05,1,0,0,HAVANA STREET NORTH & I70 EASTBOUND RAMPS,2,2,0,0,1,1,,0,30,0,0,0,0,0,1,2,13
,2019-34898,39.775606,-104.865585,5/1/2019 9:35,9:35,15,0,0,I70 & HAVANA STREET NORTH,1,1,0,0,1,4,,1,65,0,0,0,0,0,1,2,8
,2019-34899,39.775606,-104.865585,7/20/2019 22:00,22:00,12,0,0,I70 & HAVANA STREET NORTH,2,3,0,0,1,4,,0,65,0,0,0,0,0,1,2,13
,2019-34900,39.775606,-104.865585,10/21/2019 12:20,12:20,15,0,1,I70 & HAVANA STREET,1,1,0,0,1,4,,1,55,0,0,0,0,1,1,2,9
,2019-34902,39.775606,-104.865585,2/25/2019 10:46,10:46,15,0,0,I70 EASTBOUND ON RAMP & HAVANA STREET NORTH,1,1,1,0,1,7,,0,45,0,0,0,0,0,1,2,1
,2019-34903,39.775606,-104.865585,10/31/2019 21:10,21:10,15,0,0,I70 EASTBOUND ON RAMP FROM & HAVANA STREET NORTH,1,3,0,0,1,7,,0,55,0,0,0,0,0,1,2,13
,2019-34904,39.775606,-104.865585,12/3/2019 12:26,12:26,5,0,1,I70 EASTBOUND ON RAMP FROM & HAVANA STREET NORTH,2,1,0,0,3,7,,0,40,0,0,0,0,1,1,1,13
,2019-34905,39.775606,-104.865585,1/16/2019 21:09,21:09,5,0,0,I70 EASTBOUND OFF RAMP LOOP TO & HAVANA STREET NORTH,1,3,1,0,2,7,,0,55,0,0,0,0,0,1,1,12
,2019-34906,39.775606,-104.865585,2/2/2019 8:17,8:17,15,0,1,I70 EASTBOUND OFF RAMP LOOP TO & HAVANA STREET NORTH,1,1,0,0,1,7,,1,25,0,0,0,0,1,1,2,9
,2019-34907,39.775606,-104.865585,11/7/2019 11:30,11:30,12,0,0,I70 EASTBOUND OFF RAMP LOOP TO & HAVANA STREET NORTH,1,1,1,0,1,7,,0,25,0,0,0,0,0,1,2,13
,2019-34908,39.775606,-104.865585,10/7/2019 16:32,16:32,15,0,0,I70 WB OFF RAMP LOOP FROM & HAVANA STREET NORTH,1,1,0,0,1,7,,0,65,0,0,0,0,0,1,2,13
,2019-34909,39.77559,-104.865391,3/8/2019 19:27,19:27,12,0,0,I70 & HAVANA STREET NORTH,1,2,0,0,1,4,,0,65,0,0,0,0,0,1,2,13
,2019-34910,39.77559,-104.865391,7/15/2019 7:10,7:10,15,0,0,I70 & HAVANA STREET,1,1,0,0,1,4,,0,65,0,0,0,0,0,1,2,13
,2019-34911,39.77559,-104.865391,9/19/2019 16:50,16:50,12,0,2,I70 & HAVANA STREET NORTH,1,1,0,0,1,4,,1,55,0,0,0,0,2,1,3,3
,2019-34912,39.77559,-104.865391,12/16/2019 13:47,13:47,15,0,0,I70 & CENTRAL PARK BOULEVARD NORTH,1,1,0,0,1,4,,0,55,0,0,0,0,0,1,2,13
,2019-34913,39.775833,-104.865742,12/18/2019 7:52,7:52,12,0,0,I70 & HAVANA STREET NORTH,1,1,0,0,1,4,,0,55,0,0,0,0,0,1,2,13
,2019-34914,39.77559,-104.865391,9/18/2019 8:00,8:00,15,0,0,I70 EASTBOUND ON RAMP & HAVANA STREET NORTH,1,1,0,0,1,7,,1,55,0,0,0,0,0,1,2,14
,2019-34915,39.77559,-104.865391,3/21/2019 18:09,18:09,5,0,3,I70 WB OFF RAMP & HAVANA STREET NORTH,1,1,0,0,2,7,,0,55,0,0,0,0,2,1,1,5
,2019-34916,39.775572,-104.865191,1/30/2019 6:15,6:15,15,0,1,I70 EASTBOUND OFF LOOP EXIT GORE POINT TO & HAVANA STREET NORTH,1,2,0,0,1,4,,0,65,0,0,0,0,1,1,2,13
,2019-34918,39.775572,-104.865191,5/31/2019 17:50,17:50,12,0,1,I70 EASTBOUND EXIT GORE POINT & HAVANA STREET NORTH,1,1,0,0,1,4,,0,65,0,0,0,0,1,1,2,13
,2019-34919,39.775486,-104.864192,1/21/2019 7:00,7:00,12,0,0,I70 & I225,1,1,0,0,1,4,,0,65,0,0,0,0,0,1,2,14
,2019-34920,39.775572,-104.865191,6/25/2019 22:06,22:06,15,0,0,I70 EASTBOUND EXIT GORE POINT & HAVANA STREET NORTH,1,4,0,0,1,4,,0,55,0,0,0,0,0,1,2,1
,2019-34921,39.775572,-104.865191,7/30/2019 4:50,4:50,15,0,0,I70 EASTBOUND EXIT GORE POINT & HAVANA STREET NORTH,1,4,0,0,1,4,,0,55,0,0,0,0,0,1,2,13
,2019-34922,39.775555,-104.864992,1/25/2019 18:26,18:26,15,0,0,I70 & HAVANA STREET NORTH,1,3,0,0,1,4,,1,65,0,0,0,0,0,1,2,5
,2019-34923,39.775555,-104.864992,6/9/2019 14:32,14:32,15,0,0,I70 EASTBOUND EXIT LOOP GORE POINT & HAVANA STREET NORTH,1,1,0,0,1,4,,0,55,0,0,0,0,0,1,2,13
,2019-34924,39.77728,-104.8829,11/12/2019 13:24,13:24,15,0,0,I70 & CENTRAL PARK BOULEVARD NORTH,1,1,0,0,1,4,,0,65,0,0,0,0,0,1,2,1
,2019-34925,39.775555,-104.864992,12/6/2019 7:00,7:00,12,0,0,I70 & HAVANA STREET,5,1,0,0,1,4,,0,65,0,0,0,0,0,1,2,14
,2019-34926,39.775555,-104.864992,1/26/2019 23:37,23:37,5,0,0,I70 EASTBOUND OFF LOOP RAMP EXIT GORE POINT TO & HAVANA STREET NORTH,6,3,1,0,2,7,,0,25,0,0,0,0,0,1,1,1
,2019-34927,39.775538,-104.864792,6/9/2019 17:05,17:05,9,0,1,I70 EASTBOUND OFF LOOP RAMP EXIT GORE POINT TO & HAVANA STREET NORTH,1,1,1,0,1,7,,0,55,0,0,0,0,2,1,1,5
,2019-34928,39.775521,-104.864592,12/7/2019 19:57,19:57,12,0,3,I70 & HAVANA STREET NORTH,1,4,0,0,1,4,,0,,0,0,0,0,1,1,3,13
,2019-34929,39.775503,-104.864392,6/7/2019 7:00,7:00,12,0,0,I70 & HAVANA STREET NORTH,1,1,0,0,1,4,,0,65,0,0,0,0,0,1,2,3
,2019-34930,39.775486,-104.864192,4/15/2019 13:42,13:42,12,0,0,I70 & HAVANA STREET NORTH,1,1,0,0,1,4,,0,55,0,0,0,0,0,1,2,13
,2019-34931,39.775469,-104.863992,3/27/2019 13:48,13:48,12,0,0,I70 EASTBOUND & HAVANA STREET NORTH,1,1,0,0,1,4,,0,,0,0,0,0,0,1,2,13
,2019-34932,39.775469,-104.863992,4/5/2019 11:35,11:35,15,0,0,I70 WB ENTRANCE GORE POINT FROM & HAVANA STREET NORTH,1,1,0,0,1,4,,1,65,0,0,0,0,0,1,2,13
,2019-34933,39.774397,-104.851574,7/18/2019 22:49,22:49,5,0,0,I70 & PEORIA STREET NORTH,1,3,1,0,1,4,,1,55,0,0,0,0,0,1,1,2
,2019-34934,39.775469,-104.863992,12/10/2019 8:12,8:12,12,0,1,I70 & HAVANA STREET NORTH,1,1,0,0,1,4,,0,55,0,0,0,0,2,1,2,1
,2019-34935,39.775452,-104.863792,7/10/2019 5:55,5:55,12,0,1,I70 WB ENTRANCE GORE POINT & HAVANA STREET NORTH,1,1,0,0,1,4,,0,65,0,0,0,0,1,1,3,13
,2019-34936,39.775452,-104.863792,2/7/2019 9:42,9:42,5,0,0,I70 EASTBOUND ON RAMP & HAVANA STREET NORTH,4,1,0,0,3,7,,1,35,0,0,0,0,0,1,1,12
,2019-34937,39.775622,-104.865742,8/11/2019 15:37,15:37,12,0,0,I70 & HAVANA STREET NORTH,1,1,0,0,1,4,,0,65,0,0,0,0,0,1,3,14
,2019-34938,39.775383,-104.862993,1/21/2019 5:43,5:43,15,0,0,I70 & HAVANA STREET NORTH,1,2,0,0,1,4,,0,55,0,0,0,0,0,1,2,13
,2019-34939,39.775297,-104.861994,2/3/2019 4:55,4:55,15,0,1,I70 & HAVANA STREET NORTH,1,3,0,0,1,4,,0,65,0,0,0,0,1,1,3,1
,2019-34940,39.775297,-104.861994,9/26/2019 6:14,6:14,12,0,0,I70 & HAVANA STREET NORTH,1,1,0,0,1,4,,0,65,0,0,0,0,0,1,3,13
,2019-34941,39.775279,-104.861794,2/16/2019 2:00,2:00,12,0,0,I70 & HAVANA STREET NORTH,1,3,1,0,1,4,,1,65,0,0,0,0,0,1,2,5
,2019-34942,39.775279,-104.861794,2/26/2019 3:30,3:30,12,0,0,I70 WB EXIT GORE POINT TO & HAVANA STREET NORTH,1,3,0,0,1,4,,0,55,0,0,0,0,0,1,2,13
,2019-34943,39.775279,-104.861794,4/10/2019 9:43,9:43,9,0,0,I70 WB OFF RAMP EXIT GORE POINT TO & HAVANA STREET NORTH,2,1,1,1,2,7,,0,65,0,0,0,0,0,1,1,1
,2019-34944,39.775262,-104.861594,6/4/2019 9:58,9:58,12,0,4,I70 WB EXIT GORE POINT & HAVANA STREET NORTH,1,1,0,0,1,4,,1,55,0,0,0,0,1,1,2,1
,2019-34945,39.775262,-104.861594,7/28/2019 16:40,16:40,12,0,0,I70 WB EXIT GORE POINT & HAVANA STREET NORTH,1,1,0,0,1,4,,0,55,0,0,0,0,0,1,2,14
,2019-34946,39.774303,-104.850486,2/4/2019 8:33,8:33,12,0,0,I70 & PEORIA STREET NORTH,1,1,0,0,1,4,,0,55,0,0,0,0,0,1,2,1
,2019-34947,39.775245,-104.861394,2/13/2019 13:13,13:13,12,0,0,I70 WB EXIT GORE POINT & HAVANA STREET NORTH,1,1,0,0,1,4,,0,65,0,0,0,0,0,1,2,13
,2019-34948,39.775245,-104.861394,7/22/2019 8:45,8:45,15,0,0,I70 WB EXIT GORE POINT & HAVANA STREET NORTH,1,1,0,0,1,4,,0,65,0,0,0,0,0,1,2,13
,2019-34949,39.775228,-104.861195,1/8/2019 12:36,12:36,12,0,0,I70 EASTBOUND ENTRANCE GORE POINT FROM & HAVANA STREET NORTH,1,1,0,0,1,4,,0,55,0,0,0,0,0,1,3,13
,2019-3495,39.670866,-104.8660605,7/4/2019 8:45,8:45,12,0,0,HAVANA STREET SOUTH & PARKER ROAD SOUTH,1,1,0,0,1,3,,0,45,0,0,0,0,0,2,2,3
,2019-34950,39.775228,-104.861195,3/26/2019 6:30,6:30,12,0,0,I70 EASTBOUND ENTRANCE GORE POINT FROM & HAVANA STREET NORTH,1,2,0,0,1,4,,1,55,0,0,0,0,0,1,2,7
,2019-34951,39.775211,-104.860995,1/7/2019 10:46,10:46,12,0,4,I70 EASTBOUND ENTRANCE GORE POINT FROM & HAVANA STREET NORTH,1,1,0,0,1,4,,1,55,0,0,0,0,1,1,4,13
,2019-34952,39.775193,-104.860795,1/3/2019 8:00,8:00,15,0,0,I70 EASTBOUND ENTRANCE GORE POINT FROM & HAVANA STREET NORTH,1,1,0,0,1,4,,1,55,0,0,0,0,0,1,2,5
,2019-34953,39.775193,-104.860795,5/1/2019 8:30,8:30,15,0,0,I70 EASTBOUND ENTRANCE GORE POINT & HAVANA STREET NORTH,1,1,0,0,1,4,,0,55,0,0,0,0,0,1,2,13
,2019-34954,39.775193,-104.860795,7/20/2019 6:51,6:51,15,0,0,I70 EASTBOUND ENTRANCE GORE POINT & HAVANA STREET NORTH,1,1,0,0,1,4,,0,55,0,0,0,0,0,1,2,13
,2019-34955,39.775193,-104.860795,10/8/2019 10:00,10:00,15,0,0,I70 & HAVANA STREET NORTH,1,1,0,0,1,4,,1,55,0,0,0,0,0,1,2,8
,2019-34957,39.775193,-104.860795,10/25/2019 20:12,20:12,12,0,3,I70 & HAVANA STREET NORTH,1,3,0,0,1,4,,0,55,0,0,0,0,1,1,2,13
,2019-34958,39.775193,-104.860795,11/3/2019 18:53,18:53,5,0,1,I70 & HAVANA STREET NORTH,1,3,0,0,3,4,,0,65,0,0,0,0,1,1,1,5
,2019-34959,39.775142,-104.860195,11/17/2019 0:12,0:12,12,0,0,I70 & HAVANA STREET NORTH,1,3,0,0,1,4,,0,65,0,0,0,0,0,1,2,14
,2019-3496,39.670866,-104.8660605,11/13/2019 7:15,7:15,15,0,0,HAVANA STREET SOUTH & PARKER ROAD SOUTH,1,1,0,0,1,1,,0,45,0,0,0,0,0,2,2,7
,2019-34961,39.774969,-104.858197,4/9/2019 11:01,11:01,12,0,2,I70 & HAVANA STREET NORTH,1,1,0,0,1,4,,0,55,0,0,0,0,2,1,3,13
,2019-34962,39.774789,-104.856109,10/4/2019 18:30,18:30,15,0,0,I70 & PEORIA STREET NORTH,1,1,0,0,1,4,,0,55,0,0,0,0,0,1,2,1
,2019-34963,39.774969,-104.858197,4/18/2019 8:02,8:02,12,0,1,I70 & HAVANA STREET NORTH,1,1,0,0,1,4,,0,55,0,0,0,0,1,1,2,13
,2019-34964,39.774969,-104.858197,4/23/2019 6:10,6:10,12,0,0,I70 & HAVANA STREET NORTH,1,1,0,0,1,4,,0,55,0,0,0,0,0,1,3,13
,2019-34965,39.774935,-104.857797,3/30/2019 10:58,10:58,12,0,0,I70 EASTBOUND & HAVANA STREET NORTH,1,1,0,0,1,4,,0,55,0,0,0,0,0,1,2,13
,2019-34966,39.774836,-104.856654,11/22/2019 22:36,22:36,15,0,0,I70 & HAVANA STREET NORTH,1,3,0,0,1,4,,0,,0,0,0,0,0,1,2,13
,2019-34967,39.774789,-104.856109,4/27/2019 2:20,2:20,9,0,3,I70 & PEORIA STREET NORTH,1,3,0,0,1,4,,0,65,0,0,0,0,2,1,1,5
,2019-34968,39.774789,-104.856109,5/13/2019 18:52,18:52,5,0,2,I70 & PEORIA STREET NORTH,1,4,1,1,2,4,,0,55,0,0,0,0,2,1,1,5
,2019-34969,39.774789,-104.856109,6/17/2019 18:02,18:02,12,0,0,I70 & PEORIA STREET NORTH,1,1,0,0,1,4,,0,65,0,0,0,0,0,1,2,13
,2019-3497,39.670866,-104.8660605,9/20/2019 12:49,12:49,15,0,0,HAVANA STREET SOUTH & PARKER ROAD SOUTH,1,1,0,0,1,3,,0,45,0,0,0,0,0,2,2,6
,2019-34970,39.774789,-104.856109,7/1/2019 9:42,9:42,12,0,0,I70 & PEORIA STREET NORTH,1,1,0,0,1,4,,0,55,0,0,0,0,0,1,2,13
,2019-34971,39.774789,-104.856109,9/3/2019 13:59,13:59,15,0,0,I70 & PEORIA STREET NORTH,1,1,0,0,1,4,,0,55,0,0,0,0,0,1,2,13
,2019-34972,39.774773,-104.855928,3/12/2019 16:30,16:30,12,0,0,I70 & HAVANA STREET NORTH,1,1,0,0,1,4,,0,55,0,0,0,0,0,1,2,2
,2019-34973,39.774773,-104.855928,10/5/2019 17:01,17:01,12,0,0,I70 & HAVANA STREET NORTH,1,1,0,0,1,4,,0,55,0,0,0,0,0,1,2,8
,2019-34974,39.774726,-104.855384,12/13/2019 12:58,12:58,12,0,0,I70 & MM 281.10,1,5,0,0,1,4,,1,55,0,0,0,0,0,1,3,13
,2019-34975,39.774523,-104.853025,10/9/2019 3:35,3:35,12,0,0,I70 WB ENTRANCE GORE POINT & PEORIA STREET NORTH,1,3,0,0,1,4,,1,65,0,0,0,0,0,1,2,2
,2019-34976,39.774476,-104.852481,1/6/2019 17:59,17:59,15,0,1,I70 & PEORIA STREET NORTH,1,3,0,0,1,4,,0,55,0,0,0,0,1,1,2,14
,2019-34977,39.77446,-104.8523,11/8/2019 4:54,4:54,12,0,0,I70 WB ENTRANCE GORE POINT & PEORIA STREET NORTH,1,4,0,0,1,4,,0,65,0,0,0,0,0,1,3,13
,2019-34978,39.774429,-104.851937,3/25/2019 17:49,17:49,12,0,3,I70 EASTBOUND EXIT GORE POINT TO & PEORIA STREET NORTH,1,1,1,0,1,4,,0,55,0,0,0,0,1,1,3,5
,2019-34979,39.774397,-104.851574,2/25/2019 6:59,6:59,12,0,0,I70 EASTBOUND EXIT GORE POINT TO & PEORIA STREET NORTH,1,1,0,0,1,4,,0,55,0,0,0,0,0,1,2,14
,2019-3498,39.667626,-104.908572,8/22/2019 7:13,7:13,12,0,1,YALE AVENUE EAST & NORMAN COURT SOUTH,1,1,0,0,1,4,,0,35,0,0,0,0,1,4,4,13
,2019-34980,39.774397,-104.851574,3/7/2019 22:45,22:45,15,0,0,I70 & PEORIA STREET NORTH,1,3,0,0,1,4,,0,55,0,0,0,0,0,1,2,13
,2019-34981,39.774397,-104.851574,5/17/2019 13:40,13:40,15,0,0,I70 EASTBOUND EXIT GORE POINT & PEORIA STREET NORTH,1,1,0,6,1,4,,0,55,0,0,0,0,0,1,2,13
,2019-34982,39.774397,-104.851574,5/23/2019 9:15,9:15,15,0,0,I70 & PEORIA STREET NORTH,1,1,0,0,1,4,,0,55,0,0,0,0,0,1,2,13
,2019-34983,39.774008,-104.847036,11/27/2019 20:05,20:05,12,0,0,I70 EASTBOUND EXIT GORE POINT & PEORIA STREET NORTH,2,3,0,0,1,4,,0,55,0,0,0,0,0,1,2,5
,2019-34984,39.774382,-104.851393,12/13/2019 17:33,17:33,12,0,0,I70 & PEORIA STREET NORTH,1,3,0,0,1,4,,0,65,0,0,0,0,0,1,2,13
,2019-34985,39.774319,-104.850667,3/29/2019 4:45,4:45,12,0,1,I70 & PEORIA STREET NORTH,2,3,0,1,1,4,,0,55,0,0,0,0,1,1,4,14
,2019-34986,39.774084,-104.847942,1/13/2019 21:21,21:21,12,0,0,I70 & PEORIA STREET NORTH INTCH,1,3,1,0,1,4,,0,55,0,0,0,0,0,1,2,3
,2019-34987,39.774303,-104.850486,2/8/2019 6:46,6:46,12,0,2,I70 & PEORIA STREET NORTH,5,2,0,0,1,4,,1,55,0,0,0,0,1,1,3,1
,2019-34988,39.774209,-104.849396,10/9/2019 5:45,5:45,12,0,0,I70 WB ON RAMP & PEORIA STREET NORTH,1,1,0,0,1,7,,0,55,0,0,0,0,0,1,2,13
,2019-34989,39.774147,-104.848669,4/30/2019 19:38,19:38,15,0,0,I70 & PEORIA STREET NORTH,1,3,0,1,1,4,,0,55,0,0,0,0,0,1,2,13
,2019-3499,39.778299,-104.903442,7/2/2019 7:26,7:26,12,0,0,I70 & QUEBEC STREET,1,1,0,0,1,4,,0,55,0,0,0,0,0,1,2,3
,2019-34990,39.774147,-104.848669,8/15/2019 3:48,3:48,15,0,0,I70 & PEORIA STREET NORTH,1,4,0,0,1,4,,0,55,0,0,0,0,0,1,2,3
,2019-34991,39.774147,-104.848669,8/25/2019 13:35,13:35,12,0,0,I70 & PEORIA STREET NORTH,1,1,0,0,1,4,,0,65,0,0,0,0,0,1,2,13
,2019-34992,39.774147,-104.848669,10/2/2019 6:48,6:48,12,0,0,I70 & PEORIA STREET NORTH,2,1,1,1,1,4,,0,65,0,0,0,0,0,1,2,13
,2019-34993,39.774131,-104.848487,4/29/2019 13:57,13:57,12,0,0,I70 EASTBOUND OFF RAMP & PEORIA STREET NORTH,1,1,1,0,1,7,,0,35,0,0,0,0,0,1,2,13
,2019-34994,39.774131,-104.848487,6/17/2019 13:05,13:05,12,0,0,I70 EASTBOUND OFF RAMP & PEORIA STREET NORTH,1,1,0,0,1,7,,0,35,0,0,0,0,0,1,2,7
,2019-34995,39.774131,-104.848487,6/2/2019 12:53,12:53,12,0,0,I70 WB ON RAMP MERGE GORE POINT & PEORIA STREET,1,1,1,0,1,7,,0,25,0,0,0,0,0,1,2,7
,2019-34996,39.774131,-104.848487,10/7/2019 16:13,16:13,12,0,1,I70 WB ON RAMP SLIP MERGE GORE POINT & PEORIA STREET NORTH,1,1,0,0,1,7,,0,55,0,0,0,0,1,1,2,3
,2019-34997,39.774115,-104.848306,2/16/2019 17:15,17:15,5,0,0,I70 WB ON RAMP MERGE GORE POINT & PEORIA STREET NORTH,2,2,0,0,3,4,,0,55,0,0,0,0,0,1,1,14
,2019-34998,39.780252,-104.990506,3/11/2019 7:37,7:37,12,0,0,I70 & MM 274,1,2,1,0,1,4,,0,55,0,0,0,0,0,1,2,13
,2019-34999,39.7741,-104.848124,9/28/2019 13:08,13:08,12,0,0,I70 & PEORIA STREET NORTH,1,1,0,0,1,4,,0,55,0,0,0,0,0,1,2,13
,2019-3500,39.670866,-104.8660605,5/10/2019 21:00,21:00,3,0,0,PARKER ROAD SOUTH & HAVANA STREET SOUTH,1,4,0,0,1,1,,0,40,0,0,0,0,0,2,2,13
,2019-35000,39.774068,-104.847761,1/7/2019 14:53,14:53,12,0,0,I70 & HAVANA STREET NORTH INTCH,1,1,1,0,1,4,,0,65,0,0,0,0,0,1,2,13
,2019-35001,39.774068,-104.847761,1/27/2019 22:28,22:28,12,0,0,I70 & PEORIA STREET NORTH,1,3,0,0,1,4,,0,55,0,0,0,0,0,1,2,13
,2019-35002,39.774068,-104.847761,6/25/2019 21:42,21:42,12,0,2,I70 & PEORIA STREET NORTH,1,3,1,0,1,4,,1,55,0,0,0,0,1,1,2,7
,2019-35003,39.774068,-104.847761,7/23/2019 16:20,16:20,12,0,0,I70 & PEORIA STREET NORTH,1,1,0,0,1,4,,0,55,0,0,0,0,0,1,4,13
,2019-35004,39.774068,-104.847761,8/6/2019 16:21,16:21,12,0,1,I70 & PEORIA STREET NORTH,1,1,0,0,1,4,,0,55,0,0,0,0,1,1,2,13
,2019-35005,39.774068,-104.847761,9/7/2019 2:52,2:52,12,0,1,I70 & PEORIA STREET NORTH,1,3,1,0,1,4,,0,45,0,0,0,0,2,1,2,1
,2019-35006,39.774068,-104.847761,11/8/2019 17:26,17:26,12,0,0,I70 & PEORIA STREET NORTH,1,1,0,0,1,4,,0,55,0,0,0,0,0,1,3,13
,2019-35007,39.774068,-104.847761,1/2/2019 12:30,12:30,12,0,0,I70 EASTBOUND OFF RAMP SLIP & PEORIA STREET NORTH,2,1,0,0,1,7,,0,35,0,0,0,0,0,1,2,13
,2019-35008,39.774068,-104.847761,11/18/2019 5:47,5:47,12,0,0,I70 EASTBOUND OFF RAMP SLIP GORE POINT & PEORIA STREET NORTH,1,3,1,0,1,7,,0,25,0,0,0,0,0,1,2,3
,2019-35009,39.774068,-104.847761,1/21/2019 20:42,20:42,12,0,1,I70 WB ON RAMP & PEORIA STREET NORTH,1,3,0,0,1,7,,0,45,0,0,0,0,1,1,2,7
,2019-35010,39.774008,-104.847033,12/27/2019 9:29,9:29,15,0,0,I70 & PEORIA STREET NORTH,1,1,0,0,1,4,,0,55,0,0,0,0,0,1,2,8
,2019-35011,39.774037,-104.847397,3/15/2019 13:38,13:38,12,0,0,I70 WB ON RAMP & PEORIA STREET NORTH,1,1,0,0,1,7,,0,15,0,0,0,0,0,1,2,13
,2019-35012,39.774021,-104.847216,1/13/2019 21:51,21:51,12,0,0,I70 & PEORIA STREET NORTH,1,3,0,0,1,4,,0,65,0,0,0,0,0,1,3,13
,2019-35013,39.774021,-104.847216,4/5/2019 21:43,21:43,15,0,0,I70 & PEORIA STREET NORTH,1,1,0,0,1,4,,0,65,0,0,0,0,0,1,2,1
,2019-35014,39.774008,-104.847033,12/30/2019 15:54,15:54,12,0,0,I70 & PEORIA STREET NORTH,1,1,0,0,1,4,,0,65,0,0,0,0,0,1,3,14
,2019-35015,39.774021,-104.847216,1/4/2019 18:30,18:30,12,0,1,I70 EASTBOUND OFF RAMP & PEORIA STREET NORTH,1,3,0,0,1,7,,0,25,0,0,0,0,1,1,2,14
,2019-35016,39.774021,-104.847216,1/12/2019 11:00,11:00,12,0,0,I70 EASTBOUND OFF SLIP RAMP & PEORIA STREET NORTH,2,1,0,0,1,7,,0,35,0,0,0,0,0,1,2,13
,2019-35017,39.774021,-104.847216,1/29/2019 12:34,12:34,12,0,0,I70 EASTBOUND OFF RAMP SPLIT & PEORIA STREET NORTH,1,1,0,0,1,7,,0,25,0,0,0,0,0,1,2,13
,2019-35018,39.774021,-104.847216,2/1/2019 6:49,6:49,12,0,0,I70 EASTBOUND OFF RAMP & PEORIA STREET NORTH,1,1,1,0,1,7,,0,55,0,0,0,0,0,1,2,13
,2019-35019,39.774021,-104.847216,2/1/2019 9:15,9:15,12,0,0,I70 EASTBOUND OFF RAMP & PEORIA STREET NORTH,1,1,0,0,1,7,,0,25,0,0,0,0,0,1,2,13
,2019-35020,39.774005,-104.847034,2/19/2019 13:54,13:54,12,0,0,I70 & PEORIA STREET NORTH,1,1,0,0,1,4,,0,55,0,0,0,0,0,1,2,3
,2019-35021,39.774021,-104.847216,10/5/2019 11:53,11:53,15,0,0,I70 EASTBOUND OFF RAMP SLIP & PEORIA STREET NORTH,1,1,0,0,1,7,,0,45,0,0,0,0,0,1,2,7
,2019-35022,39.774021,-104.847216,11/9/2019 17:52,17:52,15,0,0,I70 EASTBOUND OFF RAMP TO & PEORIA STREET NORTH,1,2,0,0,1,7,,0,30,0,0,0,0,0,1,2,13
,2019-35023,39.774021,-104.847216,11/23/2019 16:54,16:54,12,0,1,I70 EASTBOUND OFF RAMP SLIP & PEORIA STREET NORTH,1,1,0,0,1,7,,0,30,0,0,0,0,1,1,2,13
,2019-35024,39.774021,-104.847216,4/22/2019 16:51,16:51,12,0,0,I70 WB ON RAMP & PEORIA STREET,1,1,1,0,1,7,,1,35,0,0,0,0,0,1,2,13
,2019-35025,39.774021,-104.847216,5/6/2019 18:06,18:06,12,0,0,I70 WB ON RAMP & PEORIA STREET NORTH,1,1,1,0,1,7,,0,35,0,0,0,0,0,1,2,13
,2019-35026,39.774021,-104.847216,11/11/2019 16:04,16:04,12,0,0,I70 WB ON RAMP FROM & PEORIA STREET NORTH,1,1,0,0,1,7,,0,55,0,0,0,0,0,1,2,1
,2019-35027,39.774005,-104.847034,1/14/2019 5:50,5:50,12,0,0,I70 & PEORIA STREET NORTH,1,3,1,0,1,4,,0,55,0,0,0,0,0,1,2,14
,2019-35028,39.774005,-104.847034,1/14/2019 5:53,5:53,12,0,0,I70 & PEORIA STREET NORTH,1,3,1,0,1,4,,0,55,0,0,0,0,0,1,2,13
,2019-35029,39.774005,-104.847034,1/17/2019 12:42,12:42,12,0,0,I70 & PEORIA STREET NORTH,1,1,0,0,1,4,,0,65,0,0,0,0,0,1,3,1
,2019-3503,39.682287,-105.053202,3/4/2019 6:43,6:43,1,0,1,SHERIDAN BOULEVARD SOUTH & JEWELL AVENUE WEST,9,1,0,0,1,1,,0,40,0,0,0,0,1,2,2,7
,2019-35030,39.774005,-104.847034,1/25/2019 20:14,20:14,15,0,0,I70 & PEORIA STREET NORTH,1,3,0,0,1,4,,0,65,0,0,0,0,0,1,2,13
,2019-35031,39.774005,-104.847034,2/1/2019 7:47,7:47,12,0,0,I70 & PEORIA STREET NORTH,1,1,1,0,1,4,,0,55,0,0,0,0,0,1,2,13
,2019-35032,39.774005,-104.847034,2/12/2019 13:10,13:10,5,0,0,I70 & PEORIA STREET NORTH,1,1,0,0,1,4,,0,55,0,0,0,0,0,1,2,13
,2019-35033,39.774005,-104.847034,4/7/2019 8:46,8:46,15,0,0,I70 & PEORIA STREET NORTH,1,1,0,0,1,4,,0,55,0,0,0,0,0,1,2,13
,2019-35034,39.774005,-104.847034,4/15/2019 23:00,23:00,15,0,0,I70 & PEORIA STREET NORTH,1,3,0,0,1,4,,0,65,0,0,0,0,0,1,2,13