id,drcog_id,latitude,longitude,crashtime,time,crashtype,numbkilled,numbinjurd,drcoglocat,rdconditin,lightngcon,roadcntgrd,weatherco,location,roaddescrp,schoolzone,constrzone,splimit,bikeinv,sctrinv,pedinv,motoinv,svrty,rdsystem,ttlvehcls,hcf
,2019-35035,39.774005,-104.847034,4/21/2019 1:31,1:31,5,0,3,I70 & PEORIA STREET NORTH,1,3,0,0,2,4,,0,55,0,0,0,0,1,1,4,13
,2019-35036,39.774005,-104.847034,5/13/2019 12:45,12:45,15,0,1,I70 & PEORIA STREET NORTH,1,1,0,0,1,4,,0,55,0,0,0,0,1,1,2,13
,2019-35037,39.774005,-104.847034,5/22/2019 17:37,17:37,12,0,0,I70 & PEORIA STREET NORTH,1,1,1,0,1,4,,0,55,0,0,0,0,0,1,2,2
,2019-35038,39.774005,-104.847034,5/23/2019 13:30,13:30,15,0,0,I70 & PEORIA STREET NORTH,1,1,0,1,1,4,,0,,0,0,0,0,0,1,2,13
,2019-35039,39.774005,-104.847034,6/23/2019 14:10,14:10,12,0,1,I70 & PEORIA STREET NORTH,1,1,0,0,1,4,,0,65,0,0,0,0,2,1,2,3
,2019-3504,39.683376,-105.053202,4/21/2019 14:28,14:28,15,0,0,SHERIDAN BOULEVARD SOUTH & COLORADO AVENUE WEST,1,1,1,0,1,3,,0,35,0,0,0,0,0,2,2,13
,2019-35040,39.774005,-104.847034,6/26/2019 20:50,20:50,15,0,0,I70 & PEORIA STREET NORTH,1,3,1,0,1,4,,0,55,0,0,0,0,0,1,2,7
,2019-35041,39.774005,-104.847034,6/27/2019 6:46,6:46,15,0,0,I70 & PEORIA STREET NORTH,1,1,0,0,1,4,,0,55,0,0,0,0,0,1,2,14
,2019-35042,39.774005,-104.847034,7/9/2019 5:50,5:50,12,0,0,I70 & PEORIA STREET NORTH,1,1,0,0,1,4,,0,55,0,0,0,0,0,1,2,14
,2019-35043,39.774005,-104.847034,7/10/2019 17:10,17:10,12,0,0,I70 & PEORIA STREET NORTH,1,1,0,0,1,4,,1,55,0,0,0,0,0,1,2,1
,2019-35044,39.774005,-104.847034,8/2/2019 5:50,5:50,12,0,1,I70 & PEORIA STREET NORTH,1,1,0,0,1,4,,0,55,0,0,0,0,1,1,4,3
,2019-35045,39.774005,-104.847034,8/27/2019 6:30,6:30,15,0,0,I70 & PEORIA STREET NORTH,1,2,0,0,1,4,,0,65,0,0,0,0,0,1,2,7
,2019-35046,39.774005,-104.847034,9/9/2019 10:33,10:33,15,0,0,I70 & PEORIA STREET NORTH,1,1,0,0,1,4,,0,55,0,0,0,0,0,1,2,13
,2019-35047,39.774005,-104.847034,9/13/2019 5:34,5:34,12,0,0,I70 & PEORIA STREET NORTH,1,1,0,0,1,4,,0,55,0,0,0,0,0,1,2,13
,2019-35048,39.774005,-104.847034,10/1/2019 3:40,3:40,15,0,0,I70 & PEORIA STREET NORTH,1,4,0,1,1,4,,0,55,0,0,0,0,0,1,2,13
,2019-35049,39.774005,-104.847034,10/3/2019 6:23,6:23,12,0,0,I70 & PEORIA STREET NORTH,1,1,0,0,1,4,,0,55,0,0,0,0,0,1,3,3
,2019-35050,39.774005,-104.847034,10/8/2019 9:47,9:47,15,0,0,I70 & PEORIA STREET NORTH,1,1,0,0,1,4,,0,55,0,0,0,0,0,1,2,13
,2019-35051,39.774005,-104.847034,10/14/2019 7:56,7:56,12,0,0,I70 & PEORIA STREET NORTH,1,1,0,0,1,4,,0,55,0,0,0,0,0,1,4,13
,2019-35052,39.774005,-104.847034,10/22/2019 6:37,6:37,12,0,0,I70 & PEORIA STREET NORTH,1,1,1,0,1,4,,0,65,0,0,0,0,0,1,2,13
,2019-35053,39.774203,-104.847039,12/5/2019 13:01,13:01,12,0,1,I70 & PEORIA STREET NORTH,2,1,1,1,1,4,,0,,0,0,0,0,1,1,2,13
,2019-35054,39.774005,-104.847034,10/22/2019 6:49,6:49,12,0,0,I70 & PEORIA STREET NORTH,1,1,0,0,1,4,,0,55,0,0,0,0,0,1,3,13
,2019-35055,39.774005,-104.847034,10/22/2019 7:58,7:58,15,0,0,I70 & PEORIA STREET NORTH,1,1,1,0,1,4,,0,55,0,0,0,0,0,1,2,13
,2019-35056,39.774005,-104.847034,10/23/2019 19:12,19:12,15,0,0,I70 & PEORIA STREET NORTH,2,3,1,2,1,4,,0,55,0,0,0,0,0,1,2,13
,2019-35057,39.774005,-104.847034,11/12/2019 8:08,8:08,15,0,0,I70 & PEORIA STREET NORTH,1,1,0,0,1,4,,0,55,0,0,0,0,0,1,2,13
,2019-35058,39.774005,-104.847034,11/13/2019 6:30,6:30,12,0,0,I70 & PEORIA STREET NORTH,1,1,1,0,1,4,,0,55,0,0,0,0,0,1,2,13
,2019-35059,39.774005,-104.847034,11/14/2019 6:21,6:21,12,0,0,I70 & PEORIA STREET NORTH,1,1,0,0,1,4,,0,55,0,0,0,0,0,1,5,13
,2019-35060,39.774008,-104.847036,12/20/2019 8:13,8:13,12,0,1,I70 & PEORIA STREET NORTH,1,1,0,0,1,4,,0,,0,0,0,0,1,1,2,13
,2019-35061,39.774005,-104.847034,6/11/2019 14:25,14:25,12,0,0,PEORIA STREET NORTH & I70,1,1,0,0,1,4,,0,35,0,0,0,0,0,1,2,13
,2019-35062,39.774005,-104.847034,8/14/2019 10:40,10:40,15,0,0,PEORIA STREET NORTH & I70,1,1,0,0,1,4,,0,35,0,0,0,0,0,1,2,13
,2019-35063,39.774005,-104.847034,10/7/2019 9:30,9:30,15,0,0,PEORIA STREET NORTH & I70,1,1,0,0,1,4,,1,35,0,0,0,0,0,1,2,13
,2019-35064,39.779724,-104.984654,4/16/2019 6:05,6:05,15,0,0,I70 & I25,1,1,0,0,1,4,,0,55,0,0,0,0,0,1,2,13
,2019-35065,39.774005,-104.847034,10/22/2019 13:48,13:48,15,0,0,PEORIA STREET NORTH & I70,1,1,0,0,1,4,,0,35,0,0,0,0,0,1,2,13
,2019-35066,39.774005,-104.847034,10/28/2019 19:11,19:11,15,0,0,PEORIA STREET NORTH & I70 WB OFF RAMP,1,3,0,0,1,4,,0,45,0,0,0,0,0,1,2,13
,2019-35067,39.774005,-104.847034,1/23/2019 8:00,8:00,12,0,0,PEORIA STREET NORTH & I70 WB RAMPS,1,1,0,0,1,1,,0,35,0,0,0,0,0,1,2,3
,2019-35068,39.774005,-104.847034,2/14/2019 19:05,19:05,12,0,0,PEORIA STREET & I70 WB RAMPS,1,3,0,0,1,1,,1,35,0,0,0,0,0,1,2,3
,2019-35069,39.774005,-104.847034,2/20/2019 8:28,8:28,12,0,1,PEORIA STREET & I70 WB RAMPS,1,1,0,0,1,1,,0,65,0,0,0,0,1,1,2,1
,2019-3507,39.750696,-104.9597685,9/8/2019 12:17,12:17,3,0,0,YORK STREET NORTH & 23RD AVENUE EAST,1,1,0,0,1,1,,0,30,0,0,0,0,0,4,2,12
,2019-35070,39.774005,-104.847034,3/24/2019 12:21,12:21,15,0,0,PEORIA STREET NORTH & I70 WB RAMP,1,1,0,0,1,1,,0,35,0,0,0,0,0,1,2,3
,2019-35071,39.774005,-104.847034,5/23/2019 11:07,11:07,3,0,0,PEORIA STREET NORTH & I70 WB OFF RAMP,1,1,0,0,1,1,,1,35,0,0,0,0,0,1,2,3
,2019-35072,39.774005,-104.847034,8/23/2019 14:39,14:39,12,0,0,PEORIA STREET NORTH & I70 WB RAMPS,1,1,0,0,1,1,,0,30,0,0,0,0,0,1,2,13
,2019-35073,39.774005,-104.847034,10/1/2019 15:36,15:36,10,0,0,PEORIA STREET NORTH & I70 WB OFF RAMP,1,1,1,0,1,1,,1,55,0,0,0,0,0,1,2,13
,2019-35074,39.774005,-104.847034,11/1/2019 8:20,8:20,15,0,0,PEORIA STREET NORTH & I70 WB OFF RAMP,1,1,0,0,1,1,,0,25,0,0,0,0,0,1,2,13
,2019-35075,39.774005,-104.847034,11/14/2019 16:29,16:29,15,0,0,PEORIA STREET NORTH & I70 WB OFF RAMP,1,1,0,0,1,1,,0,35,0,0,0,0,0,1,2,13
,2019-35077,39.774005,-104.847034,11/15/2019 16:32,16:32,15,0,0,PEORIA STREET NORTH & I70 WB OFF RAMP,1,1,0,0,1,1,,0,35,0,0,0,0,0,1,2,13
,2019-35078,39.774005,-104.847034,11/16/2019 17:08,17:08,12,0,1,PEORIA STREET NORTH & I70 WB OFF RAMP,1,2,0,0,1,1,,0,35,0,0,0,0,1,1,3,13
,2019-35079,39.774005,-104.847034,11/25/2019 13:55,13:55,15,0,0,PEORIA STREET NORTH & I70 WB RAMPS,1,1,0,0,1,1,,0,35,0,0,0,0,0,1,2,14
,2019-3508,39.72564,-105.05313,10/2/2019 7:57,7:57,12,0,0,SHERIDAN BOULEVARD & SIXTH AVENUE WEST,1,1,1,0,1,1,,0,35,0,0,0,0,0,2,2,7
,2019-35080,39.774005,-104.847034,1/10/2019 3:50,3:50,5,0,0,PEORIA STREET NORTH & I70 EASTBOUND OFF RAMP,1,3,0,0,3,1,,1,55,0,0,0,0,0,1,1,8
,2019-35081,39.774005,-104.847034,1/23/2019 11:05,11:05,12,0,0,PEORIA STREET NORTH & I70 EASTBOUND RAMPS,1,1,0,0,1,1,,0,40,0,0,0,0,0,1,2,13
,2019-35082,39.774005,-104.847034,4/17/2019 6:56,6:56,12,0,0,PEORIA STREET & I70 EASTBOUND OFF RAMP,1,2,0,0,1,1,,0,35,0,0,0,0,0,1,2,13
,2019-35083,39.774005,-104.847034,5/15/2019 23:20,23:20,12,0,0,PEORIA STREET NORTH & I70 EASTBOUND RAMPS,1,3,0,0,1,1,,0,35,0,0,0,0,0,1,2,5
,2019-35084,39.774005,-104.847034,5/30/2019 11:30,11:30,12,0,0,PEORIA STREET NORTH & I70 EASTBOUND ON RAMP,1,1,0,0,1,1,,0,35,0,0,0,0,0,1,2,13
,2019-35085,39.774005,-104.847034,7/8/2019 22:15,22:15,3,0,0,PEORIA STREET NORTH & I70 EASTBOUND OFF RAMP,1,1,0,0,1,1,,0,35,0,0,0,0,0,1,2,8
,2019-35086,39.774005,-104.847034,8/2/2019 3:00,3:00,15,0,0,PEORIA STREET NORTH & I70 EASTBOUND OFF RAMP,1,3,0,0,1,1,,0,45,0,0,0,0,0,1,2,5
,2019-35087,39.774005,-104.847034,9/23/2019 15:48,15:48,15,0,0,PEORIA STREET NORTH & I70 EASTBOUND ON RAMP,1,1,0,0,1,1,,0,40,0,0,0,0,0,1,2,1
,2019-35088,39.774005,-104.847034,10/23/2019 12:20,12:20,15,0,0,PEORIA STREET NORTH & I70 EASTBOUND OFF RAMP,1,1,0,0,1,1,,0,25,0,0,0,0,0,1,3,7
,2019-35089,39.773989,-104.846848,3/14/2019 22:09,22:09,5,0,2,I70 & PEORIA STREET NORTH,11,3,1,0,2,4,,0,45,0,0,0,0,1,1,1,14
,2019-3509,39.729465,-105.053238,2/17/2019 20:44,20:44,15,0,1,SHERIDAN BOULEVARD & EIGHTH AVENUE WEST,4,3,1,2,1,3,,0,,0,0,0,0,1,2,2,13
,2019-35090,39.773989,-104.846848,6/26/2019 19:22,19:22,15,0,0,I70 & PEORIA STREET NORTH,1,1,1,0,1,4,,0,55,0,0,0,0,0,1,2,5
,2019-35091,39.773989,-104.846848,10/11/2019 6:00,6:00,15,0,0,I70 & PEORIA STREET,1,2,0,0,1,4,,0,55,0,0,0,0,0,1,2,14
,2019-35092,39.774206,-104.847036,12/23/2019 20:21,20:21,12,0,0,I70 & PEORIA STREET NORTH,1,4,1,0,1,4,,0,65,0,0,0,0,0,1,2,13
,2019-35093,39.773989,-104.846848,9/27/2019 15:56,15:56,12,0,0,I70 EASTBOUND ON RAMP & PEORIA STREET NORTH,1,1,0,0,1,7,,0,35,0,0,0,0,0,1,2,13
,2019-35094,39.773989,-104.846848,2/9/2019 11:52,11:52,15,0,0,I70 WB OFF RAMP & PEORIA STREET NORTH,2,1,0,0,1,7,,0,35,0,0,0,0,0,1,2,1
,2019-35095,39.773989,-104.846848,4/27/2019 7:53,7:53,12,0,1,I70 WB OFF RAMP & PEORIA STREET,1,1,0,0,1,7,,0,60,0,0,0,0,1,1,2,13
,2019-35096,39.773989,-104.846848,6/24/2019 15:12,15:12,12,0,0,I70 WB OFF RAMP & PEORIA STREET NORTH,1,1,0,0,1,7,,0,35,0,0,0,0,0,1,2,13
,2019-35097,39.773989,-104.846848,7/9/2019 6:30,6:30,12,0,0,I70 WB OFF RAMP & PEORIA STREET NORTH,1,1,0,0,1,7,,0,35,0,0,0,0,0,1,3,13
,2019-35098,39.773989,-104.846848,8/13/2019 11:10,11:10,12,0,0,I70 WB OFF RAMP SLIP & PEORIA STREET NORTH,1,1,1,0,1,7,,0,25,0,0,0,0,0,1,2,3
,2019-35099,39.773989,-104.846848,10/19/2019 15:47,15:47,12,0,0,I70 WB OFF RAMP TO & PEORIA STREET NORTH,1,1,0,0,1,7,,0,35,0,0,0,0,0,1,2,13
,2019-3510,39.736746,-105.053211,2/22/2019 16:04,16:04,10,0,0,SHERIDAN BOULEVARD & 13TH AVENUE WEST,1,1,0,0,1,1,,0,,0,0,0,0,0,2,2,13
,2019-35100,39.773458,-104.840649,2/12/2019 20:25,20:25,5,0,0,I70 & I225,1,3,0,0,3,4,,0,55,0,0,0,0,0,1,2,1
,2019-35101,39.773989,-104.846848,11/24/2019 14:15,14:15,15,0,1,I70 WB OFF RAMP & PEORIA STREET NORTH,1,1,0,0,1,7,,0,45,0,0,0,0,1,1,3,5
,2019-35102,39.773973,-104.846662,4/25/2019 17:10,17:10,12,0,0,I70 & PEORIA STREET NORTH,1,1,0,0,1,4,,0,65,0,0,0,0,0,1,2,8
,2019-35103,39.773973,-104.846662,5/5/2019 13:30,13:30,15,0,1,I70 & PEORIA STREET NORTH,1,1,0,0,1,4,,0,55,0,0,0,0,1,1,2,13
,2019-35104,39.774008,-104.847033,8/19/2019 8:18,8:18,12,0,0,I70 & PEORIA STREET NORTH,1,1,0,0,1,4,,0,55,0,0,0,0,0,1,2,13
,2019-35105,39.773973,-104.846662,9/26/2019 22:03,22:03,5,0,0,I70 & PEORIA STREET NORTH,1,3,0,0,1,4,,1,55,0,0,0,0,0,1,1,13
,2019-35106,39.773973,-104.846662,1/4/2019 8:29,8:29,15,0,0,I70 WB OFF RAMP & PEORIA STREET NORTH,1,1,0,0,1,7,,0,35,0,0,0,0,0,1,2,13
,2019-35107,39.773973,-104.846662,4/26/2019 9:30,9:30,12,0,0,I70 WB OFF RAMP & PEORIA STREET NORTH,1,1,0,0,1,7,,1,30,0,0,0,0,0,1,3,13
,2019-35108,39.773957,-104.846475,6/3/2019 8:40,8:40,12,0,0,I70 & PEORIA STREET NORTH,1,1,0,0,1,4,,0,55,0,0,0,0,0,1,2,14
,2019-35109,39.773957,-104.846475,6/27/2019 18:30,18:30,12,0,0,I70 WB OFF RAMP & PEORIA STREET NORTH,1,1,0,0,1,7,,0,40,0,0,0,0,0,1,2,13
,2019-3511,39.736746,-105.053211,12/10/2019 17:45,17:45,12,0,1,13TH AVENUE WEST & SHERIDAN BOULEVARD,1,4,0,0,1,4,,0,35,0,0,0,0,1,2,2,14
,2019-35110,39.773941,-104.846287,5/13/2019 9:38,9:38,15,0,0,I70 & PEORIA STREET NORTH,1,1,0,0,1,4,,0,55,0,0,0,0,0,1,2,1
,2019-35111,39.773941,-104.846287,2/4/2019 7:42,7:42,15,0,0,I70 WB OFF RAMP & PEORIA STREET NORTH,2,1,1,0,1,7,,0,55,0,0,0,0,0,1,2,1
,2019-35112,39.774021,-104.847216,3/1/2019 17:21,17:21,12,0,0,I70 EASTBOUND OFF RAMP & PEORIA STREET NORTH,1,1,1,0,1,7,,0,15,0,0,0,0,0,1,2,13
,2019-35113,39.773908,-104.845912,5/11/2019 14:33,14:33,12,0,0,I70 EASTBOUND ON RAMP MERGE & PEORIA STREET NORTH,1,1,1,0,1,7,,0,25,0,0,0,0,0,1,2,13
,2019-35114,39.773908,-104.845912,5/28/2019 7:05,7:05,12,0,1,I70 EASTBOUND ON RAMP MERGE GORE POINT & PEORIA STREET NORTH,1,1,1,0,1,7,,0,35,0,0,0,0,1,1,2,3
,2019-35115,39.773908,-104.845912,7/17/2019 11:20,11:20,15,0,0,I70 EASTBOUND ON RAMP MERGE GORE POINT & PEORIA STREET NORTH,1,1,1,0,1,7,,0,45,0,0,0,0,0,1,2,13
,2019-35116,39.773805,-104.844595,8/12/2019 19:06,19:06,12,0,0,I70 WB OFF RAMP & PEORIA STREET NORTH,1,1,0,0,1,7,,0,45,0,0,0,0,0,1,2,14
,2019-35117,39.773892,-104.845723,12/10/2019 21:45,21:45,12,0,0,I70 & PEORIA STREET NORTH,1,3,0,0,1,4,,1,65,0,0,0,0,0,1,3,13
,2019-35118,39.773876,-104.845535,1/31/2019 20:16,20:16,15,0,0,I70 & PEORIA STREET NORTH,1,3,0,0,1,4,,0,65,0,0,0,0,0,1,2,13
,2019-35119,39.773876,-104.845535,12/3/2019 0:43,0:43,5,0,1,I70 & PEORIA STREET NORTH,1,3,0,0,1,4,,1,55,0,0,0,0,1,1,1,8
,2019-35120,39.773876,-104.845535,11/15/2019 15:28,15:28,12,0,1,I70 EASTBOUND ON RAMP FROM & PEORIA STREET NORTH,1,1,1,0,1,7,,0,35,0,0,0,0,1,1,2,13
,2019-35121,39.77386,-104.845348,1/29/2019 17:40,17:40,12,0,0,I70 & HAVANA STREET NORTH,2,3,0,0,1,4,,0,55,0,0,0,0,0,1,3,1
,2019-35122,39.77386,-104.845348,9/11/2019 3:30,3:30,12,0,0,I70 & PEORIA STREET NORTH,1,3,0,0,1,4,,0,55,0,0,0,0,0,1,2,13
,2019-35123,39.77386,-104.845348,10/6/2019 3:40,3:40,12,0,0,I70 & PEORIA STREET NORTH,1,3,0,0,1,4,,0,55,0,0,0,0,0,1,2,5
,2019-35124,39.773843,-104.84516,12/7/2019 1:15,1:15,12,0,1,I70 & PEORIA STREET NORTH,1,3,0,0,1,4,,0,65,0,0,0,0,1,1,3,12
,2019-35125,39.773843,-104.84516,8/14/2019 0:04,0:04,12,0,1,I70 EASTBOUND ON RAMP & PEORIA STREET NORTH,1,3,0,0,1,7,,0,55,0,0,0,0,1,1,2,1
,2019-35126,39.738393,-104.9741595,12/2/2019 15:30,15:30,12,0,0,14TH AVENUE EAST & CORONA STREET NORTH,5,2,0,0,1,1,,0,30,0,0,0,0,0,4,2,8
,2019-35127,39.773558,-104.841776,2/10/2019 19:34,19:34,12,0,0,I70 WB ENTRANCE GORE POINT FROM & I225 NORTHBOUND,2,4,0,0,1,4,,0,55,0,0,0,0,0,1,2,1
,2019-35128,39.773843,-104.84516,3/12/2019 6:05,6:05,12,0,2,I70 WB OFF RAMP & PEORIA STREET NORTH,1,3,1,0,1,7,,0,55,0,0,0,0,1,1,3,13
,2019-35129,39.773574,-104.841965,8/12/2019 14:27,14:27,15,0,0,I70 WB ENTRANCE GORE POINT FROM & I225 NORTHBOUND,1,1,0,0,1,4,,0,55,0,0,0,0,0,1,2,3
,2019-35130,39.773827,-104.844972,6/28/2019 10:25,10:25,12,0,0,I70 WB OFF RAMP TO & PEORIA STREET NORTH,1,1,0,0,1,7,,0,55,0,0,0,0,0,1,3,14
,2019-35131,39.774008,-104.847036,11/2/2019 19:46,19:46,15,0,0,I70 & PEORIA STREET NORTH,1,3,0,0,1,4,,0,,0,0,0,0,0,1,3,13
,2019-35132,39.773773,-104.844219,4/9/2019 18:43,18:43,12,0,0,I70 & PEORIA STREET NORTH,1,1,1,0,1,4,,0,55,0,0,0,0,0,1,3,14
,2019-35133,39.773773,-104.844219,11/15/2019 9:47,9:47,15,0,0,I70 EASTBOUND ON RAMP FROM & PEORIA STREET NORTH,1,1,1,0,1,7,,0,45,0,0,0,0,0,1,2,13
,2019-35134,39.773773,-104.844219,4/3/2019 10:07,10:07,15,0,0,I70 WB OFF RAMP & PEORIA STREET NORTH,1,1,1,0,1,7,,1,55,0,0,0,0,0,1,2,1
,2019-35135,39.773707,-104.843467,1/31/2019 7:50,7:50,12,0,1,I70 & PEORIA STREET NORTH,1,1,0,0,1,4,,0,45,0,0,0,0,1,1,4,13
,2019-35136,39.773707,-104.843467,2/13/2019 8:13,8:13,12,0,4,I70 & PEORIA STREET NORTH,1,1,0,0,1,4,,0,55,0,0,0,0,1,1,2,12
,2019-35137,39.773657,-104.842904,8/19/2019 5:30,5:30,12,0,0,I70 WB ENTRANCE GORE POINT FROM & I225 NORTHBOUND,1,1,0,0,1,4,,0,65,0,0,0,0,0,1,4,13
,2019-35138,39.773624,-104.842528,4/22/2019 7:00,7:00,15,0,0,I70 EASTBOUND ENTRANCE GORE POINT FROM & PEORIA STREET,1,1,1,0,1,4,,0,35,0,0,0,0,0,1,2,7
,2019-35139,39.773591,-104.842152,4/22/2019 22:05,22:05,12,0,0,I70 WB ENTRANCE GORE POINT FROM & I225 NORTHBOUND,1,3,1,0,1,4,,0,55,0,0,0,0,0,1,2,5
,2019-3514,39.61836,-105.091119,7/22/2019 11:50,11:50,12,0,0,WADSWORTH BOULEVARD SOUTH & CRESTLINE AVENUE WEST,1,1,0,0,1,3,,0,45,0,0,0,0,0,2,2,14
,2019-35140,39.773574,-104.841965,2/10/2019 20:33,20:33,12,0,5,I70 WB ENTRANCE GORE POINT FROM & I225 NORTHBOUND,1,4,1,0,1,4,,0,55,0,0,0,0,2,1,6,13
,2019-35141,39.773558,-104.841776,2/18/2019 7:53,7:53,12,0,2,I70 & PEORIA STREET NORTH,2,1,0,0,1,4,,0,55,0,0,0,0,1,1,3,8
,2019-35142,39.773558,-104.841776,4/12/2019 5:51,5:51,15,0,0,I70 WB ENTRANCE GORE POINT FROM & I225 NORTHBOUND,1,1,0,0,1,4,,0,65,0,0,0,0,0,1,2,13
,2019-35143,39.773788,-104.841687,7/19/2019 13:38,13:38,12,0,0,I70 WB ENTRANCE GORE POINT FROM & I225 NORTHBOUND,1,1,0,0,1,4,,0,55,0,0,0,0,0,1,2,3
,2019-35144,39.773558,-104.841776,8/6/2019 17:15,17:15,5,0,1,I70 WB ENTRANCE GORE POINT FROM & I225 NORTHBOUND,1,1,1,0,3,4,,0,55,0,0,0,0,1,1,1,14
,2019-35145,39.751056,-104.9828805,1/30/2019 10:00,10:00,7,0,0,PARK AVENUE WEST & WELTON STREET,5,1,0,0,1,1,,0,30,0,0,0,0,0,4,2,13
,2019-35146,39.773558,-104.841776,10/18/2019 11:50,11:50,15,0,0,I70 WB OFF RAMP TO & PEORIA STREET NORTH,1,1,1,1,1,7,,0,45,0,0,0,0,0,1,2,3
,2019-35147,39.773558,-104.841776,1/17/2019 15:15,15:15,15,0,0,I70 WB ON RAMP LOOP ENTRANCE GORE POINT FROM & I225 NORTHBOUND,1,1,1,0,1,7,,0,,0,0,0,0,0,1,2,13
,2019-35148,39.773558,-104.841776,4/27/2019 13:29,13:29,5,0,0,I70 WB ON RAMP LOOP ENTRANCE GORE POINT FROM & I225 NORTHBOUND,1,1,0,0,1,7,,0,55,0,0,0,0,0,1,2,13
,2019-35149,39.773198,-104.837648,8/19/2019 8:39,8:39,12,0,1,I70 & PEORIA STREET NORTH,1,1,0,0,1,4,,0,55,0,0,0,0,1,1,2,13
,2019-35150,39.773558,-104.841776,7/19/2019 14:41,14:41,12,0,6,I70 WB ON RAMP LOOP ENTRANCE GORE POINT FROM & I225 NORTHBOUND,1,1,0,0,1,7,,0,45,0,0,0,0,1,1,3,3
,2019-35151,39.773558,-104.841776,7/31/2019 5:41,5:41,15,0,0,I70 WB ON RAMP LOOP ENTRANCE GORE POINT FROM & I225 NORTHBOUND,1,1,0,0,1,7,,1,55,0,0,0,0,0,1,3,13
,2019-35152,39.773558,-104.841776,8/16/2019 11:05,11:05,12,0,0,I70 WB ON RAMP LOOP ENTRANCE GORE POINT FROM & I225 NORTHBOUND,1,1,0,0,1,7,,0,45,0,0,0,0,0,1,2,13
,2019-35153,39.773541,-104.841588,6/15/2019 8:17,8:17,12,0,0,I70 WB ON RAMP LOOP ENTRANCE GORE POINT FROM & I225 NORTHBOUND,1,1,0,0,1,7,,0,,0,0,0,0,0,1,2,13
,2019-35154,39.773541,-104.841588,11/2/2019 16:30,16:30,15,0,0,I70 WB ON RAMP LOOP ENTRANCE GORE POINT FROM & I225 NORTHBOUND,1,1,0,0,1,7,,0,,0,0,0,0,0,1,2,13
,2019-35155,39.773541,-104.841588,11/11/2019 7:15,7:15,15,0,0,I70 WB ON RAMP LOOP ENTRANCE GORE POINT FROM & I225 NORTHBOUND,5,1,1,2,1,7,,0,45,0,0,0,0,0,1,2,13
,2019-35157,39.773541,-104.841588,11/17/2019 2:24,2:24,15,0,0,I70 WB ON RAMP LOOP ENTRANCE GORE POINT FROM & I225 NORTHBOUND,1,3,1,0,1,7,,0,55,0,0,0,0,0,1,2,5
,2019-35158,39.773525,-104.841401,3/12/2019 6:00,6:00,12,0,0,I70 WB FROM & I225 NORTHBOUND,1,3,1,0,1,4,,0,55,0,0,0,0,0,1,2,13
,2019-35159,39.773409,-104.840085,3/23/2019 13:55,13:55,12,0,0,I70 WB & PEORIA STREET NORTH,1,1,0,0,1,4,,0,55,0,0,0,0,0,1,2,13
,2019-3516,39.639663,-104.885019,5/30/2019 14:12,14:12,1,0,0,YOSEMITE STREET & I225 NORTHBOUND RAMP,1,1,0,0,1,1,,0,45,0,0,0,0,0,1,2,13
,2019-35160,39.773294,-104.83877,4/26/2019 5:45,5:45,15,0,1,I70 WB OFF RAMP & CROWN BOULEVARD,1,2,1,0,1,7,,0,45,0,0,0,0,1,1,2,1
,2019-35161,39.773246,-104.838209,3/20/2019 6:54,6:54,12,0,0,I70 WB OFF RAMP FROM CHAMBERS/I225 & PEORIA STREET NORTH,1,2,0,0,1,7,,0,55,0,0,0,0,0,1,2,1
,2019-35162,39.773198,-104.837648,6/28/2019 18:00,18:00,12,0,0,I70 & PEORIA STREET NORTH,1,1,0,0,1,4,,0,55,0,0,0,0,0,1,2,13
,2019-35163,39.773198,-104.837648,9/18/2019 18:35,18:35,15,0,0,I70 & PEORIA STREET NORTH,1,1,0,0,1,4,,0,55,0,0,0,0,0,1,2,14
,2019-35164,39.773198,-104.837648,9/21/2019 4:40,4:40,5,0,0,I70 & PEORIA STREET NORTH,1,3,0,0,3,4,,0,55,0,0,0,0,0,1,1,5
,2019-35165,39.773674,-104.837656,5/13/2019 11:08,11:08,5,0,0,I70 WB OFF RAMP & PEORIA STREET NORTH,1,1,0,0,3,7,,0,55,0,0,0,0,0,1,1,3
,2019-35166,39.773628,-104.836725,6/24/2019 11:42,11:42,12,0,0,I70 WB OFF RAMP ENTRANCE GORE POINT FROM & I225 NORTHBOUND,1,1,0,0,1,7,,1,65,0,0,0,0,0,1,2,8
,2019-35167,39.773166,-104.837274,8/22/2019 6:33,6:33,5,0,0,I70 WB DISTRIBUTOR RAMP TO & PEORIA STREET,1,1,1,0,3,7,,0,55,0,0,0,0,0,1,1,3
,2019-35168,39.773488,-104.836903,7/18/2019 23:14,23:14,12,0,1,I70 WB ON RAMP LOOP FROM & I225 NORTHBOUND FLYOVER,1,3,0,0,1,7,,0,55,0,0,0,0,1,1,3,1
,2019-35169,39.773134,-104.836899,8/1/2019 15:41,15:41,15,0,0,I70 WB ON RAMP LOOP FROM & I225 NORTHBOUND,2,1,1,0,1,7,,0,65,0,0,0,0,0,1,2,13
,2019-35170,39.773086,-104.836338,8/5/2019 9:55,9:55,15,0,0,I70 EASTBOUND EXIT GORE POINT TO & I225 SOUTHBOUND,1,1,0,0,1,4,,0,55,0,0,0,0,0,1,2,13