id,drcog_id,latitude,longitude,crashtime,time,crashtype,numbkilled,numbinjurd,drcoglocat,rdconditin,lightngcon,roadcntgrd,weatherco,location,roaddescrp,schoolzone,constrzone,splimit,bikeinv,sctrinv,pedinv,motoinv,svrty,rdsystem,ttlvehcls,hcf
,2019-35171,39.773086,-104.836338,11/7/2019 13:44,13:44,15,0,0,I70 EASTBOUND EXIT GORE POINT TO & I225 SOUTHBOUND,1,1,1,0,1,4,,0,55,0,0,0,0,0,1,2,13
,2019-35172,39.773647,-104.836822,1/9/2019 7:40,7:40,12,0,0,I70 WB OFF RAMP & PEORIA STREET NORTH,1,1,0,0,1,7,,0,65,0,0,0,0,0,1,3,14
,2019-35173,39.773038,-104.835777,9/27/2019 9:19,9:19,12,0,0,I70 WB OFF RAMP & PEORIA STREET NORTH,1,1,1,0,1,7,,0,65,0,0,0,0,0,1,2,1
,2019-35174,39.773038,-104.835777,1/22/2019 2:43,2:43,5,0,0,I70 WB ON RAMP LOOP & PEORIA STREET NORTH,4,3,1,2,3,7,,0,55,0,0,0,0,0,1,1,2
,2019-35175,39.773022,-104.83559,2/28/2019 12:33,12:33,12,0,1,I70 EASTBOUND EXIT GORE POINT TO & I225 SOUTHBOUND,2,1,0,0,1,4,,0,55,0,0,0,0,1,1,4,13
,2019-35176,39.773022,-104.83559,2/4/2019 3:43,3:43,5,0,1,I70 WB ON RAMP LOOP EXIT GORE POINT FROM & I225 NORTHBOUND TO PEORIA STREET,1,3,0,0,3,7,,0,55,0,0,0,0,1,1,1,2
,2019-35177,39.773022,-104.83559,2/20/2019 6:31,6:31,15,0,1,I70 WB ON RAMP LOOP FROM & I225 NORTHBOUND,1,2,0,0,1,7,,1,55,0,0,0,0,1,1,2,1
,2019-35178,39.773022,-104.83559,5/7/2019 6:30,6:30,12,0,0,I70 WB DISTRIBUTOR RAMP FROM I225 TO & PEORIA STREET,1,2,0,0,1,7,,0,45,0,0,0,0,0,1,2,13
,2019-35179,39.773006,-104.835403,6/20/2019 20:26,20:26,12,0,0,I70 EASTBOUND EXIT GORE POINT TO & I225 SOUTHBOUND,1,3,0,0,1,4,,0,55,0,0,0,0,0,1,2,13
,2019-3518,39.743766,-104.884668,11/16/2019 18:15,18:15,1,0,0,17TH AVENUE EAST & YOSEMITE STREET NORTH,1,1,0,0,1,1,,0,25,0,0,0,0,0,4,2,13
,2019-35180,39.773006,-104.835403,3/4/2019 19:40,19:40,5,0,0,I70 WB ON RAMP LOOP FROM & I225 NORTHBOUND,4,3,1,2,3,7,,0,55,0,0,0,0,0,1,1,5
,2019-35181,39.77299,-104.835216,11/14/2019 18:33,18:33,15,0,0,I70 EASTBOUND EXIT GORE POINT TO & I225 SOUTHBOUND,1,3,0,0,1,4,,1,65,0,0,0,0,0,1,2,13
,2019-35183,39.772909,-104.83428,11/5/2019 7:45,7:45,12,0,1,I70 EASTBOUND EXIT GORE POINT TO & I225 SOUTHBOUND,1,1,0,0,1,4,,0,55,0,0,0,0,1,1,2,14
,2019-35184,39.772869,-104.833833,8/28/2019 9:18,9:18,12,0,0,I70 EASTBOUND EXIT GORE POINT TO & I225 SOUTHBOUND,1,1,1,0,1,4,,0,55,0,0,0,0,0,1,2,13
,2019-35185,39.772877,-104.833905,9/1/2019 14:19,14:19,12,0,0,I70 EASTBOUND EXIT GORE POINT TO & I225 SOUTHBOUND,1,1,0,0,1,4,,0,55,0,0,0,0,0,1,2,3
,2019-35186,39.773061,-104.833825,9/20/2019 21:30,21:30,15,0,0,I70 & MM 282.26,1,1,0,0,1,4,,0,55,0,0,0,0,0,1,2,13
,2019-35188,39.772861,-104.833718,1/7/2019 6:40,6:40,15,0,0,I70 EASTBOUND EXIT GORE POINT TO & I225 SOUTHBOUND ON RAMP,1,1,0,0,1,4,,0,55,0,0,0,0,0,1,2,13
,2019-35189,39.772861,-104.833718,2/13/2019 13:31,13:31,15,0,0,I70 EASTBOUND EXIT GORE POINT TO & I225 SOUTHBOUND,1,1,0,0,1,4,,0,65,0,0,0,0,0,1,2,7
,2019-3519,39.737268,-104.884677,5/18/2019 21:18,21:18,3,0,1,YOSEMITE STREET NORTH & 13TH AVENUE EAST,1,3,0,0,1,1,,0,30,0,0,0,0,1,4,2,14
,2019-35190,39.772861,-104.833718,2/25/2019 6:36,6:36,12,0,0,I70 EASTBOUND EXIT GORE POINT TO & I225 SOUTHBOUND,1,1,0,0,1,4,,0,55,0,0,0,0,0,1,2,3
,2019-35191,39.772861,-104.833718,7/27/2019 17:51,17:51,12,0,0,I70 EASTBOUND EXIT GORE POINT TO & I225 SOUTHBOUND,1,1,0,0,1,4,,0,55,0,0,0,0,0,1,2,13
,2019-35192,39.772845,-104.833531,5/29/2019 7:42,7:42,15,0,0,I70 EASTBOUND EXIT GORE POINT TO & I225 SOUTHBOUND,1,1,0,0,1,4,,0,65,0,0,0,0,0,1,2,13
,2019-35193,39.772845,-104.833531,7/16/2019 15:03,15:03,5,0,1,I70 EASTBOUND OFF RAMP EXIT GORE POINT TO & I225 SOUTHBOUND,1,1,1,0,2,7,,0,55,0,0,0,0,1,1,1,12
,2019-35194,39.772845,-104.833531,10/7/2019 5:39,5:39,5,0,0,I70 EASTBOUND OFF RAMP EXIT GORE POINT TO & I225 SOUTHBOUND,1,2,0,0,2,7,,0,55,0,0,0,0,0,1,2,8
,2019-35195,39.772845,-104.833531,10/7/2019 7:30,7:30,15,0,0,I70 EASTBOUND OFF RAMP EXIT GORE POINT TO & I225 SOUTHBOUND,1,1,0,0,1,7,,0,55,0,0,0,0,0,1,2,13
,2019-35196,39.772845,-104.833531,10/9/2019 7:16,7:16,5,0,0,I70 EASTBOUND OFF RAMP ENTRANCE GORE POINT TO & I225 SOUTHBOUND,1,1,0,0,2,7,,1,55,0,0,0,0,0,1,1,14
,2019-35197,39.772845,-104.833531,10/14/2019 7:33,7:33,5,0,0,I70 EASTBOUND OFF RAMP ENTRANCE GORE POINT TO & I225 SOUTHBOUND,1,1,0,0,2,7,,0,55,0,0,0,1,0,1,2,3
,2019-35198,39.772829,-104.833344,4/2/2019 2:29,2:29,12,0,0,I70 EASTBOUND EXIT GORE POINT TO & I225 SOUTHBOUND,1,3,0,0,1,4,,0,55,0,0,0,0,0,1,2,2
,2019-35200,39.772813,-104.833157,9/14/2019 18:54,18:54,12,0,1,I70 EASTBOUND EXIT GORE POINT TO & I225 SOUTHBOUND,1,1,1,0,1,4,,0,65,0,0,0,0,1,1,3,13
,2019-35201,39.772813,-104.833157,12/3/2019 23:18,23:18,12,0,1,I70 & I225 NORTHBOUND OFF RAMP FLYOVER,1,3,0,0,1,4,,0,55,0,0,0,0,1,1,2,13
,2019-35202,39.772813,-104.833157,12/7/2019 5:12,5:12,9,0,1,I70 EASTBOUND EXIT GORE POINT TO & I225 SOUTHBOUND,1,3,0,0,1,4,,0,55,0,0,0,0,2,1,1,5
,2019-35203,39.772813,-104.833157,11/12/2019 11:25,11:25,15,0,0,I70 WB DISTRIBUTOR RAMP FROM & MM 282.30 / CHAMBERS ROAD,1,1,0,0,1,7,,0,55,0,0,0,0,0,1,2,13
,2019-35204,39.772797,-104.83297,7/6/2019 22:28,22:28,15,0,0,I70 & PEORIA STREET NORTH,1,3,0,0,1,4,,0,55,0,0,0,0,0,1,2,13
,2019-3521,39.745584,-104.884668,11/12/2019 17:47,17:47,3,0,0,YOSEMITE STREET NORTH & 19TH AVENUE EAST,1,3,0,0,1,1,,0,30,0,0,0,0,0,4,2,13
,2019-35210,39.751056,-104.9828805,12/7/2019 14:15,14:15,3,0,2,PARK AVENUE WEST & WELTON STREET,1,1,0,0,1,1,,0,30,0,0,0,0,1,4,3,3
,2019-3524,39.7239345,-104.883939,7/1/2019 16:50,16:50,15,0,0,YOSEMITE STREET NORTH & LOWRY BOULEVARD EAST,2,1,0,1,1,6,,0,20,0,0,0,0,0,4,2,13
,2019-3525,39.783798,-104.919939,1/7/2019 7:14,7:14,10,0,1,48TH AVENUE EAST & IVY STREET,1,1,0,0,1,3,,0,,0,0,0,0,1,4,2,14
,2019-35262,39.772974,-104.835029,11/27/2019 9:00,9:00,15,0,0,I70 WB ON FLYOVER & I225,5,1,1,0,1,7,,0,,0,0,0,0,0,1,2,13
,2019-3528,39.78753924,-104.9025913,4/24/2019 17:30,17:30,15,0,0,I270 & QUEBEC STREET,1,1,0,0,1,4,,0,,0,0,0,0,0,1,2,13
,2019-3533,39.718377,-105.0532785,2/16/2019 13:17,13:17,8,0,0,FIRST AVENUE WEST & SHERIDAN BOULEVARD SOUTH,2,1,1,2,1,4,,0,30,0,0,0,0,0,4,2,7
,2019-35351,39.61833,-105.091109,3/5/2019 9:37,9:37,5,0,0,WADSWORTH BOULEVARD SOUTH & CRESTLINE AVENUE WEST,1,1,0,0,3,1,,0,45,0,0,0,0,0,2,1,1
,2019-35465,39.759291,-104.993892,2/2/2019 17:00,17:00,3,0,0,PARK AVENUE WEST & WEWATTA STREET,1,3,0,0,1,1,,0,30,0,0,0,0,0,4,2,13
,2019-35554,39.759291,-104.993892,3/1/2019 21:20,21:20,1,0,0,PARK AVENUE WEST & WEWATTA STREET,1,3,0,0,1,1,,0,35,0,0,0,0,0,4,2,8
,2019-35596,39.778271,-104.89681,7/7/2019 14:22,14:22,5,0,2,I70 & I270,1,1,0,0,3,4,,0,55,0,0,0,0,1,1,1,8
,2019-35638,39.777127,-104.88282,3/21/2019 17:48,17:48,12,0,0,I70 & CENTRAL PARK NORTH,1,1,1,0,1,4,,0,65,0,0,0,0,0,1,2,13
,2019-35641,39.745314,-104.9971905,4/20/2019 12:40,12:40,10,0,0,14TH STREET & CURTIS STREET,1,1,0,0,1,1,,0,30,0,0,0,0,0,4,2,13
,2019-35831,39.775623,-104.865778,1/4/2019 7:50,7:50,15,0,0,I70 & HAVANA STREET NORTH,1,1,0,0,1,4,,0,55,0,0,0,0,0,1,2,13
,2019-35858,39.775623,-104.865778,11/16/2019 12:20,12:20,15,0,0,I70 & HAVANA STREET NORTH,1,1,0,0,1,4,,0,65,0,0,0,0,0,1,2,13
,2019-3587,39.711339,-105.0532605,12/25/2019 22:51,22:51,12,0,0,ALAMEDA AVENUE WEST & SHERIDAN BOULEVARD SOUTH,1,3,0,0,1,3,,0,45,0,0,0,0,0,2,3,13
,2019-3588,39.670866,-104.8660605,7/4/2019 15:44,15:44,15,0,0,HAVANA STREET SOUTH & PARKER ROAD SOUTH,1,1,1,0,1,3,,0,45,0,0,0,0,0,2,2,13
,2019-3589,39.691359,-105.053193,1/21/2019 12:18,12:18,15,0,0,SHERIDAN BOULEVARD SOUTH & ARKANSAS AVENUE WEST,1,1,0,0,1,4,,0,35,0,0,0,0,0,2,2,13
,2019-3590,39.692817,-105.053193,5/4/2019 13:18,13:18,1,0,0,SHERIDAN BOULEVARD SOUTH & LOUISIANA AVENUE WEST,1,1,0,0,1,1,,0,35,0,0,0,0,0,2,2,14
,2019-3591,39.729465,-105.053238,9/5/2019 6:43,6:43,3,0,0,EIGHTH AVENUE WEST & SHERIDAN BOULEVARD,1,1,2,0,1,1,,0,35,0,0,0,0,0,2,2,7
,2019-3592,39.729465,-105.053238,9/21/2019 17:50,17:50,15,0,0,SHERIDAN BOULEVARD & EIGHTH AVENUE WEST,1,1,1,0,1,4,,0,,0,0,0,0,0,2,3,13
,2019-35928,39.678438,-104.993322,9/25/2019 8:30,8:30,15,0,0,EVANS AVENUE WEST & HIGHWAY 85 NB/SB OFF RAMPS,1,1,0,0,1,1,,0,30,0,0,0,0,0,2,2,13
,2019-3593,39.736746,-105.053211,2/4/2019 15:39,15:39,1,0,0,SHERIDAN BOULEVARD & 13TH AVENUE WEST,1,1,0,0,1,1,,0,35,0,0,0,0,0,2,2,14
,2019-3594,39.736746,-105.053211,9/6/2019 17:49,17:49,3,0,1,SHERIDAN BOULEVARD NORTH & 13TH AVENUE WEST,2,1,0,0,1,3,,0,35,0,0,0,0,1,2,2,8
,2019-3596,39.670137,-105.0813585,5/23/2019 15:03,15:03,12,0,1,WADSWORTH BOULEVARD SOUTH & VASSAR AVENUE WEST,2,1,1,0,1,4,,0,45,0,0,0,0,1,2,3,13
,2019-35964,39.774789,-104.856109,6/29/2019 5:43,5:43,5,0,0,I70 & PEORIA STREET NORTH,1,1,0,0,3,4,,1,55,0,0,0,0,0,1,1,12
,2019-35966,39.674075,-104.870048,12/21/2019 11:40,11:40,12,0,0,PARKER ROAD SOUTH & ILIFF AVENUE EAST,1,1,0,0,1,4,,0,45,0,0,0,0,0,2,2,3
,2019-3597,39.639303,-104.885028,3/20/2019 7:40,7:40,13,0,1,YOSEMITE STREET SOUTH & I225 EASTBOUND ON RAMP / 4200 BLOCK SOUTH,1,1,0,0,1,1,,0,35,0,0,0,0,2,1,2,14
,2019-35977,39.67866,-105.011028,7/15/2019 15:55,15:55,3,0,0,EVANS AVENUE WEST & TEJON STREET SOUTH,1,1,0,0,1,1,,0,35,0,0,0,0,0,4,2,1
,2019-36105,39.773908,-104.845912,4/2/2019 21:05,21:05,15,0,0,I70 EASTBOUND ON RAMP MERGE & PEORIA STREET NORTH,1,3,1,0,1,7,,1,65,0,0,0,0,0,1,2,13
,2019-36117,39.70269206,-104.9298661,10/27/2019 11:53,11:53,15,0,0,CHERRY CREEK DRIVE SOUTH & 4000 BLOCK,4,1,0,2,1,4,,0,35,0,0,0,0,0,4,2,13
,2019-36131,39.773607,-104.84234,6/22/2019 18:48,18:48,12,0,0,I70 & PEORIA STREET NORTH,2,1,0,1,1,4,,0,55,0,0,0,0,0,1,2,1
,2019-36143,39.759291,-104.993892,3/4/2019 12:00,12:00,12,0,0,PARK AVENUE WEST & WEWATTA STREET,4,1,0,0,1,1,,0,35,0,0,0,0,0,4,2,13
,2019-3615,39.78753924,-104.9025913,1/29/2019 17:08,17:08,15,0,0,I270 & QUEBEC STREET,1,3,0,0,1,4,,0,,0,0,0,0,0,1,2,13
,2019-3616,39.78753924,-104.9025913,5/3/2019 17:00,17:00,15,0,0,I270 & QUEBEC STREET,1,1,0,0,1,4,,0,,0,0,0,0,0,1,2,14
,2019-36183,39.772845,-104.833531,3/5/2019 14:49,14:49,15,0,0,I70 EASTBOUND EXIT GORE POINT TO & I225 SOUTHBOUND,1,1,1,0,1,4,,0,65,0,0,0,0,0,1,2,13
,2019-3633,39.745584,-104.884668,11/13/2019 20:00,20:00,6,0,0,YOSEMITE STREET NORTH & 19TH AVENUE EAST,1,3,0,0,1,4,,0,30,0,0,0,0,0,4,2,13
,2019-3634,39.69657,-104.940558,5/16/2019 9:57,9:57,15,0,0,COLORADO BOULEVARD & MISSISSIPPI AVENUE,1,1,1,0,1,1,,0,35,0,0,0,0,0,2,2,13
,2019-36360,39.759291,-104.993892,10/25/2019 19:04,19:04,10,0,0,PARK AVENUE & WEWATTA STREET,1,3,0,0,1,1,,0,30,0,0,0,0,0,4,2,13
,2019-36376,39.738438,-104.992929,4/20/2019 15:01,15:01,12,0,0,14TH AVENUE WEST & DELAWARE STREET NORTH,1,1,0,0,1,1,,0,20,0,0,0,0,0,4,2,1
,2019-36427,39.671019,-104.866144,4/29/2019 11:35,11:35,12,0,0,PARKER ROAD SOUTH & HAVANA STREET SOUTH,1,1,0,0,1,1,,0,45,0,0,0,0,0,2,2,13
,2019-36428,39.671019,-104.866144,7/8/2019 17:19,17:19,12,0,0,PARKER ROAD SOUTH & HAVANA STREET SOUTH,1,1,1,0,1,3,,0,35,0,0,0,0,0,2,2,13
,2019-36429,39.671019,-104.866144,9/3/2019 12:05,12:05,15,0,0,HIGHWAY 83 / PARKER ROAD SOUTH & HIGHWAY 30 / HAVANA STREET SOUTH,1,1,0,0,1,4,,0,45,0,0,0,0,0,2,2,13
,2019-36430,39.671132,-104.866287,2/11/2019 16:52,16:52,12,0,0,PARKER ROAD SOUTH & HAVANA STREET SOUTH / 2400 BLOCK SOUTH,1,1,1,0,1,4,,0,35,0,0,0,0,0,2,2,13
,2019-36431,39.671245,-104.866429,12/9/2019 12:00,12:00,15,0,0,PARKER ROAD SOUTH & HAVANA STREET SOUTH,1,1,1,0,1,1,,0,45,0,0,0,0,0,2,2,7
,2019-36432,39.672062,-104.867419,3/12/2019 15:55,15:55,12,0,0,PARKER ROAD 2700 BLOCK SOUTH & HAVANA STREET SOUTH,1,1,1,0,1,4,,0,45,0,0,0,0,0,2,3,13
,2019-36433,39.672159,-104.867539,3/21/2019 21:06,21:06,12,0,1,PARKER ROAD SOUTH & ILIFF AVENUE EAST,1,3,1,0,1,4,,0,35,0,0,0,0,2,2,3,5
,2019-36434,39.672256,-104.867658,5/5/2019 13:27,13:27,15,0,0,PARKER ROAD 2500 BLOCK SOUTH & HARVARD AVENUE EAST,1,1,0,0,1,4,,0,45,0,0,0,0,0,2,2,1
,2019-36435,39.672644,-104.868137,3/15/2019 17:19,17:19,1,0,0,PARKER ROAD SOUTH & HARVARD AVENUE EAST,1,1,0,0,1,1,,0,35,0,0,0,0,0,2,2,13
,2019-36436,39.672644,-104.868137,9/4/2019 17:30,17:30,12,0,0,HIGHWAY 83 / PARKER ROAD SOUTH & HARVARD AVENUE EAST,1,1,0,0,1,1,,0,35,0,0,0,0,0,2,2,12
,2019-36438,39.672644,-104.868137,12/12/2019 17:18,17:18,3,0,2,PARKER ROAD SOUTH & HARVARD AVENUE EAST,1,4,0,0,1,1,,0,30,0,0,0,0,1,2,2,3
,2019-36440,39.672644,-104.868137,12/13/2019 14:30,14:30,12,0,0,PARKER ROAD SOUTH & HARVARD AVENUE EAST,1,1,0,0,1,4,,0,45,0,0,0,0,0,2,2,13
,2019-36441,39.67286,-104.868396,6/16/2019 14:15,14:15,12,0,0,PARKER ROAD 2300 BLOCK SOUTH & HARVARD AVENUE EAST,1,1,0,0,1,4,,0,45,0,0,0,0,0,2,3,12
,2019-36442,39.673101,-104.868707,9/13/2019 13:51,13:51,12,0,0,PARKER ROAD SOUTH & 2400 BLOCK SOUTH,1,1,1,0,1,3,,0,40,0,0,0,0,0,2,3,13
,2019-36443,39.673555,-104.869372,7/12/2019 11:51,11:51,12,0,0,PARKER ROAD SOUTH & HAVANA STREET SOUTH,1,1,0,0,1,4,,0,40,0,0,0,0,0,2,4,3
,2019-36444,39.674184,-104.870177,7/12/2019 16:24,16:24,12,0,0,PARKER ROAD SOUTH & ILIFF AVENUE EAST,1,1,0,0,1,4,,0,40,0,0,0,0,0,2,3,14
,2019-36445,39.674635,-104.870669,5/9/2019 18:25,18:25,12,0,0,PARKER ROAD 2300 BLOCK SOUTH & ILIFF AVENUE EAST,1,1,0,0,1,3,,0,45,0,0,0,0,0,2,3,13
,2019-36446,39.674635,-104.870669,11/8/2019 16:45,16:45,12,0,0,HIGHWAY 83 & ILIFF AVENUE EAST,1,1,0,0,1,4,,0,45,0,0,0,0,0,2,2,7
,2019-36447,39.674747,-104.870792,1/2/2019 15:10,15:10,12,0,0,PARKER ROAD SOUTH & ILIFF AVENUE EAST,6,1,0,2,1,1,,0,35,0,0,0,0,0,2,2,3
,2019-36448,39.674747,-104.870792,6/7/2019 11:22,11:22,1,0,0,ILIFF AVENUE EAST & PARKER ROAD SOUTH,1,1,0,0,1,1,,0,45,0,0,0,0,0,2,2,13
,2019-36449,39.674747,-104.870792,6/9/2019 7:18,7:18,12,0,0,ILIFF AVENUE EAST & PARKER ROAD SOUTH,1,1,0,0,1,1,,0,30,0,0,0,0,0,2,2,2
,2019-36450,39.674747,-104.870792,6/21/2019 6:00,6:00,3,0,0,ILIFF AVENUE EAST & PARKER ROAD SOUTH,1,2,0,0,1,1,,0,40,0,0,0,0,0,2,2,13
,2019-36451,39.674747,-104.870792,9/1/2019 13:04,13:04,14,0,0,ILIFF AVENUE EAST & PARKER ROAD SOUTH,1,1,0,0,1,1,,0,45,0,0,0,0,0,2,2,2
,2019-36453,39.674747,-104.870792,10/7/2019 17:00,17:00,12,0,0,PARKER ROAD SOUTH & ILIFF AVENUE EAST,1,1,0,0,1,1,,0,30,0,0,0,0,0,2,2,12
,2019-36454,39.674758,-104.870842,12/30/2019 10:36,10:36,12,0,0,ILIFF AVENUE EAST & PARKER ROAD SOUTH,2,1,0,0,1,3,,0,35,0,0,0,0,0,2,2,13
,2019-36460,39.698614,-104.903604,8/10/2019 14:00,14:00,12,0,0,LEETSDALE DRIVE & QUEBEC STREET SOUTH,1,1,0,0,1,1,,0,40,0,0,0,0,0,2,2,1
,2019-36463,39.696302,-104.897376,1/2/2019 12:27,12:27,1,0,0,MISSISSIPPI AVENUE EAST & PARKER ROAD SOUTH,1,1,0,0,1,1,,0,40,0,0,0,0,0,2,2,3
,2019-36464,39.696302,-104.897376,1/4/2019 15:40,15:40,12,0,0,MISSISSIPPI AVENUE EAST & PARKER ROAD SOUTH,1,1,0,0,1,3,,0,30,0,0,0,0,0,2,2,13
,2019-36465,39.696302,-104.897376,1/26/2019 12:40,12:40,12,0,0,MISSISSIPPI AVENUE EAST & PARKER ROAD SOUTH,1,1,0,0,1,1,,0,,0,0,0,0,0,2,2,13
,2019-36466,39.696302,-104.897376,4/10/2019 14:15,14:15,15,0,0,HIGHWAY 83 & MISSISSIPPI AVENUE,2,1,0,2,1,1,,0,45,0,0,0,0,0,2,2,13
,2019-36467,39.696302,-104.897376,4/30/2019 18:10,18:10,15,0,2,PARKER ROAD 1000 BLOCK SOUTH & MISSISSIPPI AVENUE EAST,2,1,0,1,1,1,,0,35,0,0,0,0,2,2,3,1
,2019-36468,39.696492,-104.897912,7/1/2019 10:55,10:55,15,0,0,PARKER ROAD SOUTH & MISSISSIPPI AVENUE EAST,1,1,0,0,1,4,,0,40,0,0,0,0,0,2,2,13
,2019-36469,39.696492,-104.897912,10/16/2019 17:27,17:27,15,0,0,PARKER ROAD SOUTH & MISSISSIPPI AVENUE EAST,1,1,0,0,1,3,,0,30,0,0,0,0,0,2,2,14
,2019-3647,39.674754,-104.870862,10/12/2019 19:46,19:46,3,0,0,HIGHWAY 83 & ILIFF AVENUE,1,3,0,0,1,1,,0,45,0,0,0,0,0,2,3,13
,2019-36470,39.696548,-104.898063,5/30/2019 9:49,9:49,15,0,0,PARKER ROAD SOUTH & MISSISSIPPI AVENUE EAST,1,1,1,0,1,4,,0,,0,0,0,0,0,2,2,13
,2019-36471,39.696548,-104.898063,10/7/2019 6:56,6:56,12,0,0,PARKER ROAD SOUTH & MISSISSIPPI AVENUE EAST,1,1,0,0,1,3,,0,45,0,0,0,0,0,2,2,1
,2019-36472,39.696659,-104.898364,1/16/2019 7:38,7:38,12,0,0,PARKER ROAD 1000 SOUTH & MISSISSIPPI AVENUE EAST,1,1,1,0,1,4,,0,40,0,0,0,0,0,2,2,13
,2019-36473,39.696659,-104.898364,4/1/2019 8:04,8:04,1,0,1,PARKER ROAD 1000 BLOCK SOUTH & MISSISSIPPI AVENUE EAST,1,1,1,0,1,2,,0,35,0,0,0,0,1,2,2,13
,2019-36474,39.696659,-104.898364,4/28/2019 2:51,2:51,5,0,0,PARKER ROAD SOUTH & MISSISSIPPI AVENUE EAST,1,3,1,0,3,4,,0,40,0,0,0,0,0,2,1,5
,2019-36475,39.696993,-104.899269,1/7/2019 8:24,8:24,12,0,0,PARKER ROAD 1000 BLOCK SOUTH & MISSISSIPPI AVENUE EAST,1,1,0,0,1,4,,0,40,0,0,0,0,0,2,2,13
,2019-36476,39.697048,-104.89942,1/28/2019 7:30,7:30,1,0,0,PARKER ROAD & 1090 SOUTH,4,1,1,2,1,2,,0,40,0,0,0,0,0,2,2,13
,2019-36477,39.697159,-104.899721,7/24/2019 8:36,8:36,12,0,1,LEETSDALE DRIVE & QUEBEC STREET SOUTH,1,1,0,0,1,4,,0,35,0,0,0,0,1,2,2,13
,2019-36478,39.697214,-104.899674,7/12/2019 7:24,7:24,10,0,0,ROSEMARY WAY SOUTH  & PARKER ROAD SOUTH,1,1,0,0,1,1,,0,,0,0,0,0,0,2,2,1
,2019-36479,39.697938,-104.901833,4/24/2019 13:05,13:05,12,0,0,PARKER ROAD SOUTH 1000 BLOCK SOUTH & QUEBEC STREET SOUTH,1,1,0,0,1,4,,0,40,0,0,0,0,0,2,2,7
,2019-3648,39.653046,-104.875704,5/2/2019 19:50,19:50,15,0,0,HAMPDEN AVENUE EAST & DAYTON STREET SOUTH,1,2,0,0,1,4,,0,45,0,0,0,0,0,2,2,13
,2019-36480,39.69805,-104.902138,4/18/2019 7:50,7:50,3,0,0,PARKER ROAD SOUTH 1000 BLOCK SOUTH & QUEBEC STREET SOUTH,1,2,1,0,1,2,,0,45,0,0,0,0,0,2,2,13
,2019-36481,39.700274,-104.908215,4/7/2019 22:43,22:43,1,0,2,ONEIDA STREET SOUTH & LEETSDALE DRIVE,1,3,0,1,1,1,,0,35,0,0,0,0,1,2,2,13
,2019-36482,39.69805,-104.902138,4/30/2019 7:15,7:15,15,0,0,PARKER ROAD SOUTH 1000 BLOCK SOUTH & QUEBEC STREET SOUTH,1,1,1,0,1,4,,0,35,0,0,0,0,0,2,2,13
,2019-36483,39.69805,-104.902138,5/10/2019 16:10,16:10,1,0,0,PARKER ROAD SOUTH & QUINCE STREET SOUTH,1,1,1,0,1,1,,0,40,0,0,0,0,0,2,2,8
,2019-36484,39.69805,-104.902138,5/11/2019 12:38,12:38,1,0,0,PARKER ROAD SOUTH 1000 BLOCK SOUTH & QUEBEC STREET SOUTH,1,1,0,0,1,2,,0,35,0,0,0,0,0,2,2,7
,2019-36485,39.69805,-104.902138,7/18/2019 16:56,16:56,15,0,1,PARKER ROAD SOUTH & QUEBEC STREET SOUTH,1,1,1,0,1,3,,0,35,0,0,0,0,1,2,2,1
,2019-36486,39.698111,-104.902302,7/11/2019 9:13,9:13,14,0,0,PARKER ROAD SOUTH & QUEBEC STREET SOUTH,1,1,1,0,1,4,,0,40,0,0,0,0,0,2,2,1
,2019-36487,39.698111,-104.902302,9/19/2019 17:03,17:03,1,0,1,HIGHWAY 83 / LEETSDALE DRIVE & QUEBEC STREET SOUTH,1,1,1,0,1,2,,0,35,0,0,0,0,1,2,2,1
,2019-36488,39.698171,-104.902466,7/11/2019 8:55,8:55,1,0,1,PARKER ROAD SOUTH & QUEBEC STREET SOUTH,1,1,0,0,1,2,,0,35,0,0,0,0,2,2,2,8
,2019-36489,39.698234,-104.902629,3/29/2019 18:45,18:45,12,0,0,PARKER ROAD SOUTH 900 BLOCK & QUEBEC STREET SOUTH,2,2,1,2,1,4,,0,35,0,0,0,0,0,2,2,1
,2019-36490,39.698234,-104.902629,9/30/2019 8:12,8:12,12,0,0,PARKER ROAD SOUTH & QUEBEC STREET SOUTH,1,1,0,0,1,3,,0,35,0,0,0,0,0,2,2,13
,2019-36491,39.698234,-104.902629,12/5/2019 16:26,16:26,12,0,1,PARKER ROAD 1000 SOUTH & QUEBEC STREET SOUTH,2,3,0,1,1,4,,0,35,0,0,0,0,1,2,3,13
,2019-36492,39.698361,-104.902954,4/8/2019 9:48,9:48,3,0,0,PARKER ROAD SOUTH & QUEBEC STREET SOUTH,1,1,0,0,1,2,,0,35,0,0,0,0,0,2,2,13
,2019-36493,39.698361,-104.902954,8/8/2019 8:18,8:18,15,0,0,PARKER ROAD SOUTH & QUEBEC STREET SOUTH,1,1,0,0,1,3,,0,35,0,0,0,0,0,2,2,13
,2019-36494,39.698424,-104.903116,1/31/2019 15:51,15:51,15,0,0,PARKER ROAD 1000 BLOCK SOUTH & QUEBEC STREET SOUTH,1,1,0,0,1,3,,0,40,0,0,0,0,0,2,2,1
,2019-36496,39.698487,-104.903279,1/18/2019 12:34,12:34,15,0,0,PARKER ROAD & 1000 SOUTH,10,1,0,2,1,4,,0,45,0,0,0,0,0,2,2,13
,2019-36497,39.698487,-104.903279,6/3/2019 17:14,17:14,1,0,0,PARKER ROAD SOUTH & QUEBEC STREET SOUTH,1,1,0,0,1,2,,0,,0,0,0,0,0,2,2,7
,2019-36498,39.698487,-104.903279,7/15/2019 9:00,9:00,3,0,0,PARKER ROAD SOUTH & QUEBEC STREET NORTH,1,1,0,0,1,2,,0,40,0,0,0,0,0,2,2,13