id,drcog_id,latitude,longitude,crashtime,time,crashtype,numbkilled,numbinjurd,drcoglocat,rdconditin,lightngcon,roadcntgrd,weatherco,location,roaddescrp,schoolzone,constrzone,splimit,bikeinv,sctrinv,pedinv,motoinv,svrty,rdsystem,ttlvehcls,hcf
,2019-36499,39.69855,-104.903441,4/30/2019 17:11,17:11,12,0,0,PARKER ROAD SOUTH 7000 BLOCK & QUEBEC STREET SOUTH,2,1,1,1,1,4,,0,30,0,0,0,0,0,2,2,13
,2019-36500,39.69855,-104.903441,10/27/2019 0:47,0:47,12,0,1,PARKER ROAD SOUTH & QUEBEC STREET SOUTH,2,3,0,1,1,4,,0,35,0,0,0,0,1,2,2,3
,2019-36501,39.69855,-104.903441,12/2/2019 13:13,13:13,12,0,0,PARKER ROAD 1000 BLOCK SOUTH & QUEBEC STREET SOUTH,2,1,1,0,1,4,,0,35,0,0,0,0,0,2,2,13
,2019-36502,39.698614,-104.903604,3/26/2019 14:20,14:20,12,0,0,QUEBEC STREET SOUTH & LEETSDALE DRIVE,1,1,0,0,1,1,,0,35,0,0,0,0,0,2,2,14
,2019-36503,39.698614,-104.903604,5/20/2019 10:45,10:45,15,0,0,LEETSDALE DRIVE & QUEBEC STREET SOUTH,1,1,0,0,1,1,,0,35,0,0,0,0,0,2,2,13
,2019-36504,39.698614,-104.903604,5/21/2019 21:01,21:01,12,0,1,QUEBEC STREET SOUTH & LEETSDALE DRIVE,1,3,1,0,1,3,,0,35,0,0,0,0,1,2,2,14
,2019-36505,39.698614,-104.903604,6/5/2019 17:30,17:30,15,0,0,LEETSDALE DRIVE & QUEBEC STREET SOUTH,1,1,0,0,1,1,,0,35,0,0,0,0,0,2,2,13
,2019-36506,39.698614,-104.903604,6/12/2019 14:20,14:20,15,0,0,LEETSDALE DRIVE & QUEBEC STREET SOUTH,1,1,0,0,1,1,,0,35,0,0,0,0,0,2,2,8
,2019-36507,39.698614,-104.903604,6/20/2019 8:15,8:15,12,0,0,QUEBEC STREET SOUTH & LEETSDALE DRIVE,1,1,1,0,1,3,,0,35,0,0,0,0,0,2,2,3
,2019-36508,39.698614,-104.903604,11/21/2019 5:00,5:00,12,0,0,PARKER ROAD SOUTH & QUEBEC STREET SOUTH,2,3,1,2,1,1,,0,35,0,0,0,0,0,2,2,2
,2019-36509,39.698677,-104.90377,6/27/2019 21:14,21:14,12,0,0,LEETSDALE DRIVE & QUEBEC STREET SOUTH,1,3,0,0,1,4,,0,40,0,0,0,0,0,2,2,13
,2019-36510,39.698677,-104.90377,9/13/2019 19:50,19:50,12,0,0,LEETSDALE DRIVE & QUEBEC STREET SOUTH,1,2,0,0,1,3,,0,35,0,0,0,0,0,2,2,14
,2019-36511,39.698738,-104.903936,4/15/2019 13:46,13:46,12,0,0,LEETSDALE DRIVE 7200 BLOCK & QUEBEC STREET SOUTH,1,1,1,0,1,4,,0,30,0,0,0,0,0,2,3,12
,2019-36512,39.698738,-104.903936,9/26/2019 15:54,15:54,12,0,0,LEETSDALE DRIVE & QUEBEC STREET SOUTH,1,1,0,0,1,3,,0,35,0,0,0,0,0,2,2,13
,2019-36513,39.698799,-104.904103,10/12/2019 19:03,19:03,3,0,0,LEETSDALE DRIVE & QUEBEC STREET SOUTH,1,2,0,0,1,2,,0,15,0,0,0,0,0,2,2,7
,2019-36514,39.69886,-104.90427,3/11/2019 12:43,12:43,12,0,0,LEETSDALE DRIVE & QUEBEC STREET SOUTH,1,1,0,0,1,2,,0,35,0,0,0,0,0,2,2,13
,2019-36515,39.69886,-104.90427,6/20/2019 9:40,9:40,15,0,0,LEETSDALE DRIVE 7200 BLOCK & QUEBEC STREET SOUTH,1,1,0,0,1,4,,0,35,0,0,0,0,0,2,2,1
,2019-36516,39.699583,-104.906411,12/27/2019 18:18,18:18,12,0,0,LEETSDALE DRIVE 7100 BLOCK & QUEBEC STREET SOUTH,1,3,0,0,1,4,,0,35,0,0,0,0,0,2,2,1
,2019-36517,39.759291,-104.993892,11/8/2019 19:36,19:36,3,0,0,PARK AVENUE WEST & WEWATTA STREET,1,3,1,0,1,1,,0,30,0,0,0,0,0,4,2,13
,2019-36518,39.699043,-104.90477,11/5/2019 7:26,7:26,12,0,1,LEETSDALE DRIVE 7100 EAST & QUEBEC STREET SOUTH,1,1,0,0,1,4,,0,35,0,0,0,0,1,2,2,14
,2019-36519,39.699104,-104.904937,10/1/2019 15:15,15:15,12,0,0,LEETSDALE DRIVE & QUEBEC STREET SOUTH,1,1,0,0,1,3,,0,35,0,0,0,0,0,2,3,1
,2019-36520,39.69917,-104.905118,1/23/2019 8:00,8:00,12,0,0,LEETSDALE DRIVE & QUEBEC STREET SOUTH,1,1,0,0,1,4,,0,35,0,0,0,0,0,2,2,3
,2019-36521,39.699435,-104.905843,8/28/2019 12:27,12:27,15,0,0,HIGHWAY 83 / LEETSDALE DRIVE & QUEBEC STREET SOUTH,1,1,0,0,1,4,,0,30,0,0,0,0,0,2,2,13
,2019-36522,39.700083,-104.907666,2/7/2019 7:54,7:54,12,0,1,LEETSDALE DRIVE 7000 BLOCK & ONEIDA STREET SOUTH,5,1,0,0,1,4,,0,35,0,0,0,0,1,2,2,13
,2019-36523,39.700083,-104.907666,6/6/2019 12:18,12:18,12,0,0,LEETSDALE DRIVE 6900 BLOCK & ONEIDA STREET SOUTH,1,1,0,0,1,4,,0,30,0,0,0,0,0,2,2,13
,2019-36524,39.700083,-104.907666,12/10/2019 1:57,1:57,12,0,1,LEETSDALE DRIVE 6900 BLOCK EAST & ONEIDA STREET SOUTH,1,3,0,0,1,2,,0,35,0,0,0,0,1,2,2,13
,2019-36525,39.700274,-104.908215,1/17/2019 16:24,16:24,15,0,0,LEETSDALE DRIVE & ONEIDA STREET SOUTH,1,1,0,0,1,1,,0,30,0,0,0,0,0,2,2,13
,2019-36527,39.700274,-104.908215,2/16/2019 15:37,15:37,12,0,0,LEETSDALE DRIVE & ONEIDA STREET SOUTH,1,1,0,0,1,1,,0,35,0,0,0,0,0,2,2,1
,2019-36528,39.700274,-104.908215,4/9/2019 14:10,14:10,1,0,0,LEETSDALE DRIVE & ONEIDA STREET SOUTH,1,1,0,0,1,1,,0,35,0,0,0,0,0,2,2,3
,2019-36530,39.700274,-104.908215,4/24/2019 19:14,19:14,1,0,1,LEETSDALE DRIVE & ONEIDA STREET SOUTH,1,3,0,0,1,1,,0,35,0,0,0,0,1,2,3,13
,2019-36531,39.700274,-104.908215,6/25/2019 18:06,18:06,12,0,0,LEETSDALE DRIVE EAST & ONEIDA STREET SOUTH,1,1,0,0,1,1,,0,35,0,0,0,0,0,2,2,13
,2019-36532,39.700274,-104.908215,6/26/2019 18:15,18:15,12,0,0,ONEIDA STREET SOUTH & LEETSDALE DRIVE,1,1,0,0,1,1,,0,25,0,0,0,0,0,2,2,13
,2019-36533,39.700274,-104.908215,7/2/2019 18:00,18:00,12,0,0,LEETSDALE DRIVE EAST & ONEIDA STREET SOUTH,1,1,0,0,1,1,,0,35,0,0,0,0,0,2,2,3
,2019-36534,39.700274,-104.908215,7/4/2019 5:17,5:17,15,0,0,LEETSDALE DRIVE & ONEIDA STREET SOUTH,1,1,0,0,1,1,,0,45,0,0,0,0,0,2,2,13
,2019-36535,39.700274,-104.908215,11/15/2019 7:11,7:11,3,0,2,LEETSDALE DRIVE & ONEIDA STREET SOUTH,1,1,0,0,1,1,,0,35,0,0,0,0,1,2,2,14
,2019-36536,39.702079,-104.911706,5/30/2019 22:40,22:40,12,0,0,LEETSDALE DRIVE & MONACO STREET SOUTH,1,3,0,0,1,3,,0,,0,0,0,0,0,2,2,13
,2019-36537,39.702485,-104.912197,7/30/2019 10:19,10:19,3,0,0,HIGHWAY 83 / LEETSDALE DRIVE & 6603 LEETSDALE DRIVE,1,1,0,0,1,2,,0,35,0,0,0,0,0,2,2,14
,2019-36538,39.702491,-104.912209,11/16/2019 12:55,12:55,3,0,0,LEETSDALE DRIVE & MONACO STREET SOUTH,1,1,0,0,1,2,,0,35,0,0,0,0,0,2,2,13
,2019-36539,39.702593,-104.912335,1/14/2019 10:14,10:14,12,0,0,LEETSDALE DRIVE 6600 BLOCK & MONACO STREET SOUTH,1,1,1,0,1,4,,0,35,0,0,0,0,0,2,3,13
,2019-36540,39.702593,-104.912335,1/19/2019 13:02,13:02,12,0,0,LEETSDALE DRIVE 6600 BLOCK & MONACO STREET SOUTH,1,1,0,0,1,4,,0,35,0,0,0,0,0,2,3,3
,2019-36541,39.702593,-104.912335,2/25/2019 8:42,8:42,15,0,0,LEETSDALE DRIVE 6600 BLOCK & MONACO STREET SOUTH,1,1,1,0,1,3,,0,35,0,0,0,0,0,2,2,13
,2019-36542,39.702593,-104.912335,5/26/2019 12:10,12:10,3,0,0,LEETSDALE DRIVE & MONACO STREET SOUTH,1,1,0,0,1,2,,0,10,0,0,0,0,0,2,2,13
,2019-36543,39.702788,-104.912601,8/14/2019 7:30,7:30,15,0,0,LEETSDALE DRIVE & MONACO STREET SOUTH,1,1,0,0,1,3,,0,35,0,0,0,0,0,2,2,1
,2019-36544,39.702788,-104.912601,12/2/2019 9:45,9:45,15,0,0,LEETSDALE DRIVE & MONACO STREET SOUTH,1,1,0,0,1,4,,0,35,0,0,0,0,0,2,2,13
,2019-36545,39.702877,-104.912744,3/11/2019 14:20,14:20,12,0,0,LEETSDALE DRIVE & MONACO STREET SOUTH,1,1,0,0,1,4,,0,35,0,0,0,0,0,2,3,13
,2019-36546,39.702877,-104.912744,6/24/2019 16:11,16:11,12,0,0,LEETSDALE DRIVE EAST & MONACO STREET SOUTH,1,1,0,0,1,3,,0,35,0,0,0,0,0,2,2,13
,2019-36547,39.702877,-104.912744,6/29/2019 15:58,15:58,3,0,1,LEETSDALE DRIVE EAST & HOLLY STREET SOUTH,1,1,0,0,1,2,,0,35,0,0,0,0,1,2,2,13
,2019-36548,39.702965,-104.912888,2/2/2019 15:35,15:35,12,0,0,LEETSDALE DRIVE & MONACO STREET SOUTH,1,1,0,0,1,3,,0,35,0,0,0,0,0,2,2,13
,2019-36549,39.702965,-104.912888,3/4/2019 20:14,20:14,8,0,1,LEETSDALE DRIVE & MONACO STREET SOUTH,1,3,0,0,1,1,,0,35,0,0,0,0,1,2,2,5
,2019-36550,39.702965,-104.912888,3/13/2019 13:20,13:20,3,0,0,MONACO STREET SOUTH & LEETSDALE DRIVE,4,1,1,2,1,1,,0,35,0,0,0,0,0,2,2,13
,2019-36552,39.702965,-104.912888,4/24/2019 9:55,9:55,12,0,0,LEETSDALE DRIVE 6400 BLOCK & MONACO STREET SOUTH,1,1,0,0,1,3,,0,35,0,0,0,0,0,2,2,1
,2019-36553,39.702965,-104.912888,5/1/2019 8:50,8:50,12,0,0,LEETSDALE DRIVE & MONACO STREET SOUTH,1,1,0,0,1,1,,0,35,0,0,0,0,0,2,2,3
,2019-36554,39.702965,-104.912888,5/4/2019 15:07,15:07,1,0,0,LEETSDALE DRIVE 6500 BLOCK & MONACO STREET SOUTH,1,1,0,0,1,1,,0,35,0,0,0,0,0,2,2,13
,2019-36555,39.702965,-104.912888,5/7/2019 7:28,7:28,12,0,0,LEETSDALE DRIVE & MONACO STREET SOUTH,1,1,0,0,1,1,,0,35,0,0,0,0,0,2,2,13
,2019-36556,39.702965,-104.912888,5/13/2019 19:55,19:55,12,0,0,LEETSDALE DRIVE & MONACO PARKWAY NORTH,1,3,0,0,1,1,,0,35,0,0,0,0,0,2,4,3
,2019-36557,39.702965,-104.912888,7/14/2019 14:29,14:29,15,0,3,MONACO STREET SOUTH & LEETSDALE DRIVE EAST,1,1,1,0,1,1,,0,35,0,0,0,0,1,2,2,13
,2019-36558,39.702965,-104.912888,9/3/2019 0:27,0:27,12,0,1,LEETSDALE DRIVE & MONACO STREET SOUTH,1,3,0,0,1,1,,0,35,0,0,0,0,1,2,2,14
,2019-36560,39.702965,-104.912888,10/2/2019 14:50,14:50,12,0,0,LEETSDALE DRIVE & MONACO STREET SOUTH,1,1,0,0,1,1,,0,30,0,0,0,0,0,2,2,7
,2019-36561,39.702965,-104.912888,10/10/2019 6:30,6:30,8,0,0,LEETSDALE DRIVE 5500 BLOCK & HOLLY STREET SOUTH,2,1,0,2,1,3,,0,30,0,0,0,0,0,2,2,14
,2019-36562,39.702965,-104.912888,12/14/2019 15:57,15:57,3,0,0,LEETSDALE DRIVE & MONACO STREET SOUTH,1,1,0,0,1,1,,0,35,0,0,0,0,0,2,2,13
,2019-36563,39.703046,-104.913042,5/9/2019 8:50,8:50,12,0,0,LEETSDALE DRIVE & HOLLY STREET SOUTH,2,1,0,2,1,4,,0,35,0,0,0,0,0,2,2,13
,2019-36564,39.703046,-104.913042,5/21/2019 16:45,16:45,12,0,1,LEETSDALE DRIVE & HOLLY STREET SOUTH,1,1,0,0,1,3,,0,35,0,0,0,0,2,2,2,13
,2019-36565,39.703046,-104.913042,12/27/2019 13:45,13:45,10,0,0,LEETSDALE DRIVE & 8000 BLOCK,1,1,0,0,1,4,,0,35,0,0,0,0,0,2,2,12
,2019-36566,39.703128,-104.913196,4/8/2019 16:09,16:09,1,0,0,LEETSDALE DRIVE 6500 BLOCK & MONACO STREET SOUTH,1,1,0,0,1,2,,0,35,0,0,0,0,0,2,2,13
,2019-36567,39.703622,-104.914135,4/19/2019 15:15,15:15,12,0,0,LEETSDALE DRIVE & LOCUST STREET SOUTH,1,1,0,0,1,1,,0,30,0,0,0,0,0,2,2,3
,2019-36568,39.703622,-104.914135,7/10/2019 15:32,15:32,3,0,0,LEETSDALE DRIVE & LOCUST STREET SOUTH,1,1,0,0,1,1,,0,25,0,0,0,0,0,2,2,13
,2019-36569,39.703622,-104.914135,12/4/2019 14:00,14:00,12,0,0,LEETSDALE DRIVE & LOCUST STREET SOUTH,1,1,0,0,1,3,,0,30,0,0,0,0,0,2,2,3
,2019-36570,39.703818,-104.914505,11/18/2019 7:57,7:57,15,0,0,LEETSDALE DRIVE & EXPOSITION AVENUE EAST,1,1,0,0,1,4,,0,35,0,0,0,0,0,2,2,13
,2019-36571,39.703914,-104.914688,3/24/2019 9:00,9:00,1,0,0,LEETSDALE DRIVE & EXPOSITION AVENUE EAST,1,1,0,0,1,1,,0,35,0,0,0,0,0,2,2,13
,2019-36572,39.703914,-104.914688,4/20/2019 12:45,12:45,12,0,0,LEETSDALE DRIVE 6200 BLOCK & EXPOSITION AVENUE EAST,1,1,0,0,1,1,,0,35,0,0,0,0,0,2,2,3
,2019-36573,39.703914,-104.914688,6/18/2019 12:54,12:54,12,0,0,LEETSDALE DRIVE 6000 BLOCK & EXPOSITION AVENUE EAST,2,1,0,1,1,4,,0,35,0,0,0,0,0,2,3,13
,2019-36574,39.703914,-104.914688,8/20/2019 18:30,18:30,12,0,0,EXPOSITION AVENUE EAST & LEETSDALE DRIVE,1,1,0,0,1,1,,0,25,0,0,0,0,0,2,2,3
,2019-36575,39.703914,-104.914688,8/22/2019 13:27,13:27,10,0,0,LEETSDALE DRIVE & EXPOSITION AVENUE EAST,1,1,0,0,1,1,,0,30,0,0,0,0,0,2,2,13
,2019-36576,39.703992,-104.91484,6/18/2019 12:56,12:56,15,0,0,LEETSDALE DRIVE EAST & EXPOSITION AVENUE EAST,2,1,0,1,1,3,,0,35,0,0,0,0,0,2,2,13
,2019-36577,39.705488,-104.917736,10/15/2019 15:10,15:10,12,0,0,LEETSDALE DRIVE & JERSEY STREET SOUTH,1,1,0,0,1,4,,0,35,0,0,0,0,0,2,2,7
,2019-36578,39.706118,-104.918955,10/10/2019 8:18,8:18,8,0,2,LEETSDALE DRIVE & JERSEY STREET SOUTH,5,1,0,2,1,4,,0,45,0,0,0,0,1,2,2,1
,2019-36579,39.706197,-104.919108,11/4/2019 10:12,10:12,12,0,1,LEETSDALE DRIVE & JERSEY STREET SOUTH,1,1,0,0,1,4,,0,35,0,0,0,0,1,2,2,13
,2019-36580,39.706276,-104.91926,3/31/2019 11:45,11:45,10,0,0,LEETSDALE DRIVE 5800 BLOCK & JERSEY STREET SOUTH,1,1,0,0,1,2,,0,30,0,0,0,0,0,2,2,13
,2019-36581,39.706576,-104.919844,1/24/2019 8:23,8:23,12,0,0,LEETSDALE DRIVE & JERSEY STREET SOUTH,5,1,2,2,1,1,,0,25,0,0,0,0,0,2,5,13
,2019-36582,39.706576,-104.919844,6/29/2019 8:40,8:40,3,0,3,JERSEY STREET SOUTH & LEETSDALE DRIVE,1,1,0,0,1,1,,0,25,0,0,0,0,1,2,2,8
,2019-36583,39.706576,-104.919844,9/5/2019 15:33,15:33,3,0,0,HIGHWAY 83 / LEETSDALE DRIVE & JERSEY STREET SOUTH,1,1,0,0,1,1,,0,35,0,0,0,0,0,2,2,13
,2019-36584,39.706619,-104.91993,1/1/2019 13:10,13:10,12,0,0,LEETSDALE DRIVE & JERSEY STREET SOUTH,2,1,0,0,1,2,,0,30,0,0,0,0,0,2,2,3
,2019-36585,39.706663,-104.920016,10/23/2019 18:06,18:06,12,0,0,LEETSDALE DRIVE & JERSEY STREET SOUTH,6,3,0,2,1,3,,0,45,0,0,0,0,0,2,3,8
,2019-36586,39.707347,-104.922286,1/19/2019 8:57,8:57,10,0,1,LEETSDALE DRIVE EAST & HOLLY STREET SOUTH,2,1,1,0,1,1,,0,35,0,0,0,0,1,2,2,13
,2019-36587,39.707347,-104.922286,3/13/2019 11:38,11:38,3,0,3,HOLLY STREET SOUTH & LEETSDALE DRIVE,4,1,1,2,1,1,,0,30,0,0,0,0,1,2,2,7
,2019-36588,39.707347,-104.922286,4/10/2019 14:55,14:55,12,0,0,HOLLY STREET SOUTH & LEETSDALE DRIVE,4,1,0,2,1,1,,0,30,0,0,0,0,0,2,2,12
,2019-36589,39.707347,-104.922286,5/11/2019 16:45,16:45,12,0,0,LEETSDALE DRIVE & HOLLY STREET SOUTH,1,1,0,0,1,1,,0,35,0,0,0,0,0,2,2,5
,2019-36590,39.707347,-104.922286,10/12/2019 20:52,20:52,1,0,1,LEETSDALE DRIVE & HOLLY STREET SOUTH,1,3,0,0,1,1,,0,35,0,0,0,0,1,2,2,14
,2019-36591,39.707347,-104.922286,10/15/2019 13:45,13:45,12,0,0,LEETSDALE DRIVE & HOLLY STREET SOUTH,1,1,0,0,1,1,,0,35,0,0,0,0,0,2,2,3
,2019-36592,39.707347,-104.922286,10/21/2019 10:38,10:38,3,0,0,LEETSDALE DRIVE & HOLLY STREET SOUTH,1,1,1,0,1,1,,0,25,0,0,0,0,0,2,2,13
,2019-36593,39.707347,-104.922286,10/27/2019 17:25,17:25,3,0,0,LEETSDALE DRIVE & HOLLY STREET SOUTH,2,3,0,2,1,1,,0,35,0,0,0,0,0,2,2,14
,2019-36594,39.707383,-104.922468,10/1/2019 10:55,10:55,12,0,0,LEETSDALE DRIVE & HOLLY STREET SOUTH,1,1,0,0,1,3,,0,30,0,0,0,0,0,2,3,13
,2019-36595,39.707861,-104.92535,2/19/2019 12:03,12:03,3,0,0,LEETSDALE DRIVE & FOREST STREET SOUTH / 5300 BLOCK,1,1,0,0,1,2,,0,25,0,0,0,0,0,2,2,13
,2019-36596,39.707893,-104.925527,10/10/2019 8:44,8:44,12,0,0,LEETSDALE DRIVE & FOREST STREET SOUTH,6,1,0,2,1,4,,0,30,0,0,0,0,0,2,2,13
,2019-36597,39.707925,-104.925705,6/27/2019 7:55,7:55,12,0,0,LEETSDALE DRIVE EAST & FOREST STREET SOUTH,1,1,0,0,1,3,,0,35,0,0,0,1,0,2,2,13
,2019-36598,39.708032,-104.926289,9/20/2019 14:44,14:44,1,0,0,LEETSDALE DRIVE & FOREST STREET SOUTH,1,1,0,0,1,2,,0,40,0,0,0,0,0,2,2,8
,2019-36599,39.708067,-104.926484,2/12/2019 14:15,14:15,12,0,1,LEETSDALE DRIVE & FOREST STREET SOUTH,1,1,0,0,1,3,,0,35,0,0,0,0,1,2,3,13
,2019-36600,39.708067,-104.926484,12/14/2019 19:22,19:22,12,0,0,LEETSDALE DRIVE 5300 BLOCK & FOREST STREET SOUTH,1,3,3,0,1,4,,0,35,0,0,0,1,0,2,2,13
,2019-36601,39.708173,-104.927063,1/8/2019 12:17,12:17,12,0,1,LEETSDALE DRIVE & FOREST STREET SOUTH,1,1,0,0,1,1,,0,30,0,0,0,0,1,2,2,8
,2019-36602,39.708173,-104.927063,2/6/2019 18:35,18:35,15,0,0,FOREST STREET SOUTH & LEETSDALE DRIVE,5,3,0,2,1,1,,0,30,0,0,0,0,0,2,2,13
,2019-36603,39.708173,-104.927063,3/2/2019 10:22,10:22,3,0,0,LEETSDALE DRIVE & FOREST STREET SOUTH,1,1,0,0,1,1,,0,25,0,0,0,0,0,2,2,5
,2019-36604,39.708173,-104.927063,4/13/2019 14:52,14:52,12,0,0,LEETSDALE DRIVE & FOREST STREET SOUTH,1,1,0,0,1,1,,0,35,0,0,0,0,0,2,2,13
,2019-36605,39.708173,-104.927063,4/14/2019 11:55,11:55,12,0,0,LEETSDALE DRIVE & FOREST STREET,1,1,0,0,1,1,,0,35,0,0,0,0,0,2,4,3
,2019-36607,39.708173,-104.927063,8/7/2019 15:35,15:35,3,0,0,LEETSDALE DRIVE & FOREST STREET SOUTH,1,1,1,0,1,1,,0,35,0,0,0,0,0,2,2,1
,2019-36608,39.708173,-104.927063,10/11/2019 17:50,17:50,12,0,0,LEETSDALE DRIVE & FOREST STREET SOUTH,1,1,0,0,1,1,,0,35,0,0,0,0,0,2,2,3
,2019-36609,39.708238,-104.927424,2/19/2019 7:45,7:45,1,0,1,LEETSDALE DRIVE 5000 BLOCK & FOREST STREET SOUTH,1,1,0,0,1,2,,0,35,0,0,0,0,1,2,2,13
,2019-36610,39.708238,-104.927424,10/10/2019 14:54,14:54,12,0,0,LEETSDALE DRIVE & FOREST STREET SOUTH,2,1,0,2,1,3,,0,35,0,0,0,0,0,2,2,13
,2019-36629,39.711213,-104.936338,11/14/2019 8:27,8:27,15,0,1,LEETSDALE DRIVE & ALAMEDA AVENUE EAST,1,1,0,0,1,3,,0,35,0,0,0,0,1,2,4,1
,2019-36630,39.711328,-104.936473,3/12/2019 13:05,13:05,15,0,0,LEETSDALE DRIVE & ALAMEDA AVENUE EAST,1,1,1,0,1,1,,0,30,0,0,0,0,0,2,2,1
,2019-36631,39.711328,-104.936473,4/19/2019 17:25,17:25,1,0,0,ALAMEDA AVENUE EAST & LEETSDALE DRIVE,1,1,0,0,1,1,,0,30,0,0,0,0,0,2,2,1
,2019-36632,39.711328,-104.936473,5/20/2019 17:05,17:05,1,0,3,ALAMEDA AVENUE EAST & LEETSDALE DRIVE,2,1,0,1,1,1,,0,35,0,0,0,0,1,2,2,13
,2019-36633,39.711328,-104.936473,6/7/2019 10:25,10:25,15,0,0,ALAMEDA AVENUE EAST & LEETSDALE DRIVE,1,1,1,0,1,1,,0,35,0,0,0,0,0,2,2,13
,2019-36634,39.711328,-104.936473,7/9/2019 17:00,17:00,15,0,0,ALAMEDA AVENUE EAST & LEETSDALE DRIVE,1,1,0,0,1,1,,0,35,0,0,0,0,0,2,2,13
,2019-36635,39.711328,-104.936473,7/12/2019 12:00,12:00,12,0,0,ALAMEDA AVENUE EAST 2250 BLOCK & LEETSDALE DRIVE,1,1,0,0,1,3,,0,30,0,0,0,0,0,2,2,7
,2019-36636,39.711328,-104.936473,7/19/2019 22:54,22:54,12,0,0,ALAMEDA AVENUE EAST & LEETSDALE DRIVE,1,3,0,0,1,1,,0,35,0,0,0,0,0,2,2,13
,2019-36637,39.711328,-104.936473,9/9/2019 7:23,7:23,12,0,0,LEETSDALE DRIVE & ALAMEDA AVENUE EAST,1,1,1,0,1,3,,0,35,0,0,0,0,0,2,2,13
,2019-36638,39.711328,-104.936473,9/10/2019 10:33,10:33,15,0,0,ALAMEDA AVENUE EAST  & HIGHWAY 83 / LEETSDALE DRIVE,1,1,0,0,1,1,,0,30,0,0,0,0,0,2,2,13
,2019-36639,39.711328,-104.936473,10/28/2019 14:28,14:28,15,0,0,ALAMEDA AVENUE EAST  & LEETSDALE DRIVE,2,1,1,0,1,1,,0,35,0,0,0,0,0,2,2,13
,2019-36640,39.711328,-104.936473,10/31/2019 12:24,12:24,3,0,0,LEETSDALE DRIVE & ALAMEDA AVENUE EAST,2,1,0,0,1,1,,0,30,0,0,0,0,0,2,2,13
,2019-36641,39.711407,-104.936565,10/17/2019 13:40,13:40,12,0,0,LEETSDALE DRIVE & ALAMEDA AVENUE EAST,1,1,0,0,1,3,,0,35,0,0,0,0,0,2,3,13
,2019-36642,39.714865,-104.940487,2/3/2019 14:50,14:50,10,0,0,LEETSDALE DRIVE & BAYAUD AVENUE EAST,1,1,1,0,1,3,,0,35,0,0,0,0,0,2,2,7
,2019-36643,39.714865,-104.940487,11/1/2019 9:47,9:47,10,0,0,LEETSDALE DRIVE & BAYAUD AVENUE EAST,1,1,0,0,1,1,,0,30,0,0,0,0,0,2,2,13
,2019-36644,39.715012,-104.940587,1/22/2019 13:10,13:10,12,0,1,LEETSDALE DRIVE & COLORADO BOULEVARD SOUTH / 100 BLOCK,1,1,1,0,1,3,,0,35,0,0,0,0,1,2,2,13
,2019-36645,39.715012,-104.940587,5/18/2019 8:26,8:26,12,0,1,LEETSDALE DRIVE & COLORADO BOULEVARD SOUTH,1,1,0,0,1,3,,0,30,0,0,0,0,2,2,2,13
,2019-36646,39.715012,-104.940587,6/3/2019 7:23,7:23,12,0,0,LEETSDALE DRIVE & COLORADO BOULEVARD SOUTH,1,1,0,0,1,3,,0,30,0,0,0,0,0,2,2,13
,2019-36647,39.715012,-104.940587,7/16/2019 6:52,6:52,12,0,0,LEETSDALE DRIVE EAST & BAYAUD AVENUE EAST,1,1,0,0,1,4,,0,30,0,0,0,0,0,2,3,14
,2019-36648,39.715012,-104.940587,12/3/2019 11:24,11:24,12,0,0,LEETSDALE DRIVE & COLORADO BOULEVARD SOUTH,2,1,1,0,1,3,,0,,0,0,0,0,0,2,2,13
,2019-36649,39.715124,-104.940627,1/15/2019 8:53,8:53,12,0,0,LEETSDALE DRIVE & COLORADO BOULEVARD SOUTH,1,1,0,0,1,3,,0,35,0,0,0,0,0,2,3,3
,2019-36650,39.715124,-104.940627,2/28/2019 7:34,7:34,12,0,0,LEETSDALE DRIVE 100 BLOCK & COLORADO BOULEVARD SOUTH,1,1,0,0,1,1,,0,35,0,0,0,0,0,2,2,13
,2019-36666,39.700517,-104.908961,7/17/2019 7:28,7:28,12,0,0,LEETSDALE DRIVE & ONEIDA STREET SOUTH,1,1,1,0,1,4,,0,30,0,0,0,0,0,2,2,1
,2019-36724,39.738402,-104.973039,2/15/2019 12:26,12:26,10,0,0,14TH AVENUE EAST & DOWNING STREET NORTH,1,1,0,0,1,1,,0,25,0,0,0,0,0,4,2,14
,2019-3677,39.711258,-104.936481,9/5/2019 8:27,8:27,15,0,0,ALAMEDA AVENUE EAST & LEETSDALE DRIVE,1,1,1,0,1,1,,0,35,0,0,0,0,0,2,2,13
,2019-3678,39.631455,-105.02541,5/24/2019 16:48,16:48,1,0,0,FEDERAL BOULEVARD SOUTH & UNION AVENUE EAST,1,1,0,0,1,1,,0,45,0,0,0,0,0,2,3,3
,2019-3680,39.683376,-105.053202,12/18/2019 15:51,15:51,12,0,0,SHERIDAN BOULEVARD SOUTH & COLORADO AVENUE WEST,1,1,1,0,1,4,,0,40,0,0,0,0,0,2,2,5
,2019-3681,39.716622,-105.0532695,12/21/2019 11:30,11:30,12,0,0,SHERIDAN BOULEVARD & 1805 SOUTH SHERIDAN BOULEVARD,1,1,1,0,1,3,,0,35,0,0,0,0,0,2,2,6
,2019-36916,39.738402,-104.973039,8/29/2019 14:16,14:16,3,0,0,14TH AVENUE EAST & DOWNING STREET NORTH,1,1,0,0,1,1,,0,25,0,0,0,0,0,4,2,13
,2019-3695,39.783771,-104.927022,8/29/2019 16:36,16:36,3,0,0,48TH AVENUE EAST & FOREST STREET,1,1,0,0,1,1,,0,35,0,0,0,0,0,4,3,3