id,drcog_id,latitude,longitude,crashtime,time,crashtype,numbkilled,numbinjurd,drcoglocat,rdconditin,lightngcon,roadcntgrd,weatherco,location,roaddescrp,schoolzone,constrzone,splimit,bikeinv,sctrinv,pedinv,motoinv,svrty,rdsystem,ttlvehcls,hcf
,2019-3699,39.66021,-104.862312,10/2/2019 8:30,8:30,15,0,1,DARTMOUTH AVENUE EAST & JAMAICA COURT SOUTH,1,1,1,0,1,1,,0,35,0,0,0,0,1,4,2,3
,2019-3705,39.711339,-105.0532605,5/8/2019 21:00,21:00,3,0,0,SHERIDAN BOULEVARD SOUTH & ALAMEDA AVENUE WEST,2,3,0,1,1,1,,0,,0,0,0,0,0,2,2,13
,2019-37068,39.678438,-104.993322,3/19/2019 19:10,19:10,12,0,0,EVANS AVENUE EAST & SANTA FE DRIVE SOUTH,1,3,0,0,1,1,,0,,0,0,0,0,0,2,2,13
,2019-37103,39.675017,-104.994137,12/4/2019 20:10,20:10,5,0,0,SANTA FE DRIVE & EVANS AVENUE WEST,1,3,1,0,1,4,,0,65,0,0,0,0,0,2,2,13
,2019-37104,39.677077,-104.994032,8/25/2019 4:01,4:01,5,0,0,HIGHWAY 85 SOUTHBOUND ON RAMP ENTRANCE GORE POINT FROM & EVANS AVENUE WEST,1,3,1,0,3,7,,0,35,0,0,0,0,0,2,1,13
,2019-37105,39.677101,-104.993654,2/28/2019 16:47,16:47,15,0,0,SANTA FE DRIVE SOUTH & EVANS AVENUE WEST,1,2,0,0,1,4,,0,60,0,0,0,0,0,2,3,13
,2019-37106,39.677101,-104.993654,7/15/2019 11:38,11:38,5,0,0,SANTA FE DRIVE SOUTH & EVANS AVENUE WEST,1,1,0,0,1,4,,0,45,0,0,0,0,0,2,1,13
,2019-37107,39.677772,-104.993499,11/27/2019 18:50,18:50,12,0,0,EVANS AVENUE WEST & SANTA FE DRIVE SOUTH,4,3,1,0,1,1,,0,35,0,0,0,0,0,2,2,7
,2019-37108,39.678438,-104.993322,1/24/2019 14:15,14:15,10,0,0,SANTA FE DRIVE SOUTH & EVANS AVENUE WEST,5,1,0,0,1,1,,0,45,0,0,0,0,0,2,2,7
,2019-37109,39.678438,-104.993322,5/24/2019 11:13,11:13,12,0,0,SANTA FE DRIVE SOUTH & EVANS AVENUE WEST,1,1,1,0,1,1,,0,15,0,0,0,0,0,2,2,13
,2019-37110,39.678438,-104.993322,8/6/2019 14:44,14:44,15,0,0,EVANS AVENUE WEST & SANTA FE DRIVE SOUTH,1,1,1,0,1,1,,0,30,0,0,0,0,0,2,2,13
,2019-37111,39.678438,-104.993322,2/12/2019 12:50,12:50,12,0,0,EVANS AVENUE WEST & SANTA FE DRIVE SOUTH,1,1,1,0,1,4,,0,35,0,0,0,0,0,2,2,3
,2019-37112,39.678438,-104.993322,1/2/2019 8:39,8:39,12,0,0,EVANS AVENUE WEST & SANTA FE DRIVE SOUTH,10,1,1,0,1,3,,0,35,0,0,0,0,0,2,2,14
,2019-37113,39.678438,-104.993322,9/25/2019 7:55,7:55,15,0,0,EVANS AVENUE WEST & HIGHWAY 85 SB/NB RAMPS,1,1,0,0,1,1,,0,35,0,0,0,0,0,2,2,13
,2019-37114,39.678438,-104.993322,10/2/2019 5:56,5:56,10,0,0,EVANS AVENUE WEST & HIGHWAY 85 NB/SB OFF RAMPS,2,3,0,0,1,1,,0,30,0,0,0,0,0,2,2,13
,2019-37115,39.678438,-104.993322,10/10/2019 6:20,6:20,1,0,1,EVANS AVENUE WEST & HIGHWAY 85 NB/SB OFF RAMPS,5,3,1,2,1,1,,0,35,0,0,0,0,2,2,2,7
,2019-37116,39.678438,-104.993322,10/25/2019 19:17,19:17,15,0,0,EVANS AVENUE WEST & SANTA FE DRIVE SOUTH,1,3,0,0,1,1,,0,35,0,0,0,0,0,2,2,8
,2019-37118,39.678578,-104.99328,5/7/2019 15:00,15:00,15,0,0,SANTA FE DRIVE SOUTH & EVANS AVENUE WEST,1,1,0,0,1,4,,0,45,0,0,0,0,0,2,2,13
,2019-37119,39.687577,-104.992036,5/20/2019 7:20,7:20,14,0,0,SANTA FE DRIVE SOUTH & IOWA AVENUE WEST,2,1,0,1,5,3,,0,45,0,0,0,0,0,2,2,5
,2019-3712,39.665556,-105.081462,8/18/2019 13:40,13:40,12,0,0,HIGHWAY 121 / WADSWORTH BOULEVARD SOUTH & AMHERST AVENUE,1,1,0,0,1,4,,0,35,0,0,0,0,0,2,2,13
,2019-37120,39.68202,-104.992189,10/30/2019 9:40,9:40,15,0,0,SANTA FE DRIVE SOUTH & JEWELL AVENUE WEST,6,1,0,0,1,3,,0,55,0,0,0,0,0,2,3,1
,2019-37121,39.682209,-104.992151,1/24/2019 14:29,14:29,5,0,0,JEWELL AVENUE WEST & SANTA FE DRIVE SOUTH,4,1,0,2,3,1,,0,55,0,0,0,0,0,2,1,14
,2019-37122,39.682209,-104.992151,10/13/2019 14:15,14:15,5,0,1,SANTA FE DRIVE SOUTH & JEWELL AVENUE WEST,1,1,0,0,2,1,,0,45,0,0,0,0,1,2,1,7
,2019-37123,39.687548,-104.99194,3/24/2019 22:11,22:11,1,0,1,SANTA FE DRIVE SOUTH & IOWA AVENUE WEST,1,3,0,0,1,1,,0,,0,0,0,0,2,2,2,13
,2019-37124,39.683228,-104.992012,3/24/2019 17:45,17:45,12,0,1,SANTA FE DRIVE SOUTH ON RAMP GORE POINT & EVANS AVENUE WEST,2,1,0,1,1,4,,0,45,0,0,0,0,1,2,2,5
,2019-37125,39.683228,-104.992012,7/29/2019 18:15,18:15,15,0,0,SANTA FE DRIVE SOUTH & JEWELL AVENUE WEST,1,1,0,0,1,3,,0,45,0,0,0,0,0,2,2,13
,2019-37126,39.683228,-104.992012,10/2/2019 8:25,8:25,12,0,0,SANTA FE DRIVE SOUTH & IOWA AVENUE WEST,1,1,0,0,1,4,,0,45,0,0,0,0,0,2,2,13
,2019-37127,39.684935,-104.991978,6/13/2019 8:13,8:13,15,0,0,SANTA FE DRIVE 1700 BLOCK SOUTH & CHEROKEE STREET SOUTH,1,1,0,0,1,4,,0,45,0,0,0,0,0,2,2,13
,2019-37128,39.685731,-104.99203,7/18/2019 9:22,9:22,10,0,0,SANTA FE DRIVE SOUTH  & CHEROKEE STREET SOUTH,1,1,0,0,1,4,,0,35,0,0,0,0,0,2,2,13
,2019-37129,39.685503,-104.991969,1/3/2019 5:00,5:00,15,0,0,SANTA FE DRIVE SOUTH 1700 BLOCK & MEXICO AVENUE WEST,1,4,0,0,1,4,,0,65,0,0,0,0,0,2,2,13
,2019-37130,39.686185,-104.99196,9/24/2019 15:12,15:12,15,0,0,SANTA FE DRIVE 1800 BLOCK SOUTH & JEWELL AVENUE WEST,1,1,0,0,1,4,,0,55,0,0,0,0,0,2,2,10
,2019-37131,39.686526,-104.991955,11/28/2019 21:58,21:58,12,0,0,SANTA FE DRIVE SOUTH & IOWA AVENUE WEST,2,3,0,0,1,4,,0,65,0,0,0,0,0,2,2,5
,2019-37132,39.687208,-104.991945,7/29/2019 17:30,17:30,12,0,0,SANTA FE DRIVE SOUTH & IOWA AVENUE WEST,1,1,0,0,1,4,,0,45,0,0,0,0,0,2,2,13
,2019-37133,39.687208,-104.991945,8/5/2019 7:40,7:40,15,0,0,SANTA FE DRIVE SOUTH & IOWA AVENUE WEST,1,1,0,0,1,4,,0,45,0,0,0,0,0,2,2,13
,2019-37134,39.687208,-104.991945,11/14/2019 7:44,7:44,12,0,2,SANTA FE DRIVE SOUTH & IOWA AVENUE WEST,1,1,0,0,1,3,,0,45,0,0,0,0,1,2,2,13
,2019-37135,39.687548,-104.99194,1/25/2019 7:47,7:47,12,0,0,SANTA FE DRIVE SOUTH & IOWA AVENUE WEST,1,1,1,0,1,1,,0,30,0,0,0,0,0,2,2,13
,2019-37136,39.689371,-104.992053,6/1/2019 3:20,3:20,5,0,0,SANTA FE DRIVE SOUTH & FLORIDA AVENUE WEST,1,3,1,0,3,1,,0,45,0,0,0,0,0,2,1,5
,2019-37137,39.687548,-104.99194,3/21/2019 12:11,12:11,12,0,0,SANTA FE DRIVE SOUTH & IOWA AVENUE WEST,1,1,0,0,1,3,,0,60,0,0,0,0,0,2,2,8
,2019-37138,39.687548,-104.99194,6/19/2019 15:40,15:40,1,0,1,SANTA FE DRIVE SOUTH & IOWA AVENUE WEST,1,1,0,0,1,1,,0,45,0,0,0,0,1,2,2,1
,2019-37139,39.687548,-104.99194,8/5/2019 12:30,12:30,5,0,0,SANTA FE DRIVE SOUTH & IOWA AVENUE WEST,1,1,0,0,1,1,,0,45,0,0,0,0,0,2,2,7
,2019-3714,39.732831,-104.884731,10/29/2019 12:00,12:00,3,0,0,11TH AVENUE EAST & YOSEMITE STREET NORTH,4,1,0,2,1,1,,0,30,0,0,0,0,0,4,2,3
,2019-37140,39.687548,-104.99194,8/20/2019 16:42,16:42,12,0,0,SANTA FE DRIVE SOUTH & IOWA AVENUE WEST,1,1,0,0,1,1,,0,35,0,0,0,0,0,2,2,13
,2019-37141,39.687548,-104.99194,9/11/2019 17:30,17:30,12,0,0,SANTA FE DRIVE SOUTH & IOWA AVENUE WEST,1,1,0,0,1,1,,0,35,0,0,0,0,0,2,2,3
,2019-37142,39.687548,-104.99194,9/28/2019 23:24,23:24,12,0,3,SANTA FE DRIVE SOUTH & IOWA AVENUE WEST,1,3,0,0,1,1,,0,45,0,0,0,0,2,2,2,3
,2019-37143,39.687548,-104.99194,10/4/2019 14:00,14:00,5,0,0,SANTA FE DRIVE SOUTH & IOWA AVENUE WEST,1,1,0,0,2,1,,0,55,0,0,0,0,0,2,4,7
,2019-37144,39.687548,-104.99194,10/7/2019 15:58,15:58,5,0,0,SANTA FE DRIVE SOUTH & IOWA AVENUE WEST,1,1,0,0,2,1,,0,55,0,0,0,0,0,2,1,1
,2019-37145,39.687548,-104.99194,10/9/2019 15:37,15:37,3,0,0,SANTA FE DRIVE SOUTH & IOWA AVENUE WEST,1,1,0,0,1,1,,0,30,0,0,0,0,0,2,2,8
,2019-37146,39.687548,-104.99194,10/30/2019 13:30,13:30,12,0,0,SANTE FE DRIVE SOUTH & IOWA AVENUE WEST,5,1,0,2,1,1,,0,45,0,0,0,0,0,2,2,12
,2019-37147,39.687548,-104.99194,11/20/2019 17:41,17:41,15,0,0,SANTA FE DRIVE SOUTH & IOWA AVENUE EAST,1,2,0,1,1,1,,0,45,0,0,0,0,0,2,2,1
,2019-37148,39.687575,-104.992064,12/30/2019 10:08,10:08,3,0,1,SANTA FE DRIVE SOUTH & IOWA AVENUE WEST,2,1,0,0,1,1,,0,45,0,0,0,0,1,2,3,13
,2019-37149,39.687663,-104.991938,11/27/2019 9:49,9:49,12,0,0,SANTA FE DRIVE 1500 BLOCK SOUTH & IOWA AVENUE WEST,5,1,0,0,1,4,,0,45,0,0,0,0,0,2,2,13
,2019-37150,39.687777,-104.991937,3/17/2019 7:00,7:00,15,0,0,SANTA FE DRIVE SOUTH 1500 BLOCK & IOWA AVENUE WEST,1,1,0,0,1,4,,0,65,0,0,0,0,0,2,2,13
,2019-37151,39.688006,-104.991933,9/19/2019 8:53,8:53,15,0,0,SANTA FE DRIVE SOUTH & IOWA AVENUE WEST,1,1,0,0,1,4,,0,65,0,0,0,0,0,2,2,1
,2019-37152,39.689259,-104.992024,1/31/2019 10:59,10:59,12,0,0,SANTA FE DRIVE 1500 BLOCK SOUTH & FLORIDA AVENUE WEST,1,1,0,0,1,3,,0,55,0,0,0,0,0,2,2,12
,2019-37153,39.689259,-104.992024,10/2/2019 6:42,6:42,15,0,0,SANTA FE DRIVE SOUTH & FLORIDA AVENUE WEST,2,1,0,0,1,3,,0,45,0,0,0,0,0,2,4,1
,2019-37154,39.689371,-104.992053,1/4/2019 18:23,18:23,10,0,0,SANTA FE DRIVE SOUTH & FLORIDA AVENUE WEST,1,3,0,0,1,1,,0,45,0,0,0,0,0,2,2,7
,2019-37155,39.689371,-104.992053,2/21/2019 13:49,13:49,12,0,0,SANTA FE DRIVE SOUTH & FLORIDA AVENUE WEST,1,1,0,0,1,1,,0,45,0,0,0,0,0,2,2,7
,2019-37156,39.689371,-104.992053,3/6/2019 18:45,18:45,5,0,0,SANTA FE DRIVE SOUTH & FLORIDA AVENUE WEST,1,3,0,0,2,1,,0,45,0,0,0,0,0,2,1,12
,2019-37157,39.689371,-104.992053,5/3/2019 19:10,19:10,12,0,0,SANTA FE DRIVE SOUTH & FLORIDA AVENUE WEST,1,1,0,0,1,1,,0,40,0,0,0,0,0,2,2,14
,2019-37158,39.689496,-104.992077,5/9/2019 15:40,15:40,15,0,0,SANTA FE DRIVE SOUTH & 1500 BLOCK SOUTH,1,1,0,0,1,4,,0,55,0,0,0,0,0,2,2,1
,2019-37159,39.689371,-104.992053,5/15/2019 15:00,15:00,12,0,0,FLORIDA AVENUE WEST & SANTA FE DRIVE SOUTH,1,1,0,0,1,3,,0,30,0,0,0,0,0,2,2,13
,2019-37160,39.689371,-104.992053,5/16/2019 20:09,20:09,12,0,1,SANTA FE DRIVE SOUTH & FLORIDA AVENUE WEST,1,3,0,0,1,1,,0,55,0,0,0,0,1,2,2,13
,2019-37161,39.689371,-104.992053,5/25/2019 3:57,3:57,3,0,0,FLORIDA AVENUE WEST & SANTA FE DRIVE SOUTH,1,3,0,0,1,1,,0,45,0,0,0,0,0,2,2,13
,2019-37162,39.6894,-104.992175,11/27/2019 10:40,10:40,15,0,0,SANTA FE DRIVE SOUTH & FLORIDA AVENUE WEST,5,1,0,0,1,3,,0,,0,0,0,0,0,2,2,13
,2019-37163,39.689738,-104.992134,9/14/2019 15:53,15:53,15,0,0,SANTA FE DRIVE SOUTH & FLORIDA AVENUE WEST,1,1,0,0,1,3,,0,45,0,0,0,0,0,2,2,13
,2019-37164,39.689935,-104.992164,2/4/2019 8:18,8:18,3,0,0,SANTA FE DRIVE & 1495 SOUTH,1,1,0,0,1,2,,0,35,0,0,0,0,0,2,2,13
,2019-37165,39.689935,-104.992164,4/28/2019 7:01,7:01,10,0,0,SANTA FE DRIVE 1400 BLOCK SOUTH & FLORIDA AVENUE WEST,1,1,1,0,1,2,,0,45,0,0,0,0,0,2,2,8
,2019-37166,39.690924,-104.992272,4/11/2019 23:09,23:09,15,0,0,SANTA FE DRIVE SOUTH 1300 BLOCK & FLORIDA AVENUE WEST,1,3,0,0,1,4,,0,45,0,0,0,0,0,2,2,5
,2019-37167,39.691121,-104.992294,2/10/2019 16:49,16:49,15,0,0,SANTA FE DRIVE 1300 BLOCK SOUTH & FLORIDA AVENUE WEST,1,2,0,0,1,4,,0,45,0,0,0,0,0,2,2,13
,2019-37168,39.691121,-104.992294,9/21/2019 16:37,16:37,15,0,0,SANTA FE DRIVE SOUTH & FLORIDA AVENUE WEST,1,1,0,0,1,3,,0,45,0,0,0,0,0,2,2,13
,2019-37169,39.691316,-104.992315,10/17/2019 5:35,5:35,15,0,0,SANTA FE DRIVE SOUTH & ARKANSAS AVENUE WEST,1,3,0,0,1,4,,0,45,0,0,0,0,0,2,2,13
,2019-37170,39.692117,-104.992414,8/6/2019 15:15,15:15,15,0,1,SANTA FE DRIVE SOUTH & 1300 BLOCK SOUTH,1,1,0,0,1,4,,0,45,0,0,0,0,1,2,2,3
,2019-37171,39.692553,-104.992451,3/19/2019 7:45,7:45,12,0,1,SANTA FE DRIVE SOUTH 1300 BLOCK & LOUISIANA AVENUE WEST,1,1,0,0,1,4,,0,40,0,0,0,0,1,2,2,7
,2019-37172,39.629967,-104.904923,6/28/2019 13:45,13:45,15,0,0,I225 SOUTHBOUND/WESTBOUND OFF RAMP TO & I25 NORTHBOUND,1,1,0,0,1,7,,0,65,0,0,0,0,0,1,2,13
,2019-37173,39.69271,-104.992465,3/24/2019 12:27,12:27,15,0,4,SANTA FE DRIVE SOUTH 1300 BLOCK & LOUISIANA AVENUE WEST,1,1,0,0,1,4,,0,45,0,0,0,0,1,2,2,1
,2019-37174,39.69271,-104.992465,6/7/2019 8:24,8:24,15,0,0,SANTA FE DRIVE 1300 BLOCK SOUTH & FLORIDA AVENUE WEST,1,1,0,0,1,2,,0,45,0,0,0,0,0,2,2,13
,2019-37175,39.693023,-104.99248,3/5/2019 7:48,7:48,12,0,0,SANTA FE DRIVE SOUTH & MISSISSIPPI AVENUE EAST,1,1,0,0,1,4,,0,35,0,0,0,0,0,2,2,1
,2019-37176,39.694511,-104.992139,10/22/2019 20:03,20:03,3,0,1,SANTA FE DRIVE SOUTH & LOUISIANA AVENUE WEST,1,3,0,0,1,1,,0,45,0,0,0,0,2,2,2,1
,2019-37177,39.693174,-104.992487,3/18/2019 6:25,6:25,12,0,0,SANTA FE DRIVE SOUTH 1200 BLOCK & LOUISIANA AVENUE WEST,1,4,0,0,1,4,,0,35,0,0,0,1,0,2,2,13
,2019-37178,39.693174,-104.992487,5/28/2019 11:40,11:40,12,0,0,SANTA FE DRIVE SOUTH & LOUISIANA AVENUE WEST,1,1,0,0,1,2,,0,45,0,0,0,0,0,2,2,13
,2019-37179,39.693324,-104.99249,6/6/2019 5:56,5:56,12,0,2,SANTA FE DRIVE 1300 BLOCK SOUTH & FLORIDA AVENUE WEST,1,1,0,0,1,2,,0,45,0,0,0,0,1,2,2,13
,2019-37180,39.694374,-104.992473,2/11/2019 6:30,6:30,12,0,1,SANTA FE DRIVE 1200 BLOCK & ARIZONA AVENUE WEST,1,1,0,0,1,4,,0,45,0,0,0,0,1,2,2,13
,2019-37181,39.694374,-104.992473,8/14/2019 10:35,10:35,15,0,0,SANTA FE DRIVE SOUTH & ARIZONA AVENUE WEST,1,1,0,0,1,4,,0,45,0,0,0,0,0,2,2,8
,2019-37182,39.694524,-104.992471,10/3/2019 7:22,7:22,15,0,0,SANTA FE DRIVE SOUTH & ARIZONA AVENUE WEST,1,1,0,0,1,3,,0,45,0,0,0,0,0,2,2,13
,2019-37183,39.6921,-104.9942,11/16/2019 5:26,5:26,15,0,0,SANTA FE DRIVE SOUTH & PLATTE RIVER DRIVE SOUTH / ARIZONA AVENUE,1,3,0,0,1,1,,0,,0,0,0,0,0,2,2,13
,2019-37184,39.695358,-104.992422,12/6/2019 15:45,15:45,15,0,0,SANTA FE DRIVE SOUTH & PLATTE RIVER DRIVE SOUTH,1,1,0,0,1,4,,0,,0,0,0,0,0,2,2,13
,2019-37185,39.695092,-104.992448,10/22/2019 6:23,6:23,15,0,0,SANTA FE DRIVE SOUTH & ARIZONA AVENUE WEST,1,2,0,0,1,4,,0,35,0,0,0,0,0,2,2,13
,2019-37186,39.69294,-104.994464,6/27/2019 22:33,22:33,5,0,1,SANTA FE DRIVE SOUTH & PLATTE RIVER DRIVE SOUTH,1,3,0,0,3,4,,0,45,0,0,0,0,2,2,1,14
,2019-37187,39.695597,-104.992334,6/16/2019 20:31,20:31,10,0,0,PLATTE RIVER DRIVE & MISSISSIPPI AVENUE WEST,2,3,0,1,1,1,,0,45,0,0,0,0,0,2,2,8
,2019-37188,39.695597,-104.992334,6/21/2019 7:31,7:31,1,0,2,MISSISSIPPI AVENUE WEST & SANTA FE DRIVE SOUTH,1,1,1,0,1,1,,0,40,0,0,0,0,1,2,2,13
,2019-37189,39.695597,-104.992334,10/31/2019 16:50,16:50,12,0,0,MISSISSIPPI AVENUE WEST & PLATTE RIVER DRIVE SOUTH,1,1,0,0,1,1,,0,,0,0,0,0,0,2,2,13
,2019-37190,39.695597,-104.992334,11/2/2019 22:55,22:55,15,0,0,MISSISSIPPI AVENUE WEST & PLATTE RIVER DRIVE SOUTH,1,3,0,0,1,1,,0,35,0,0,0,0,0,2,3,1
,2019-37191,39.696043,-104.992144,3/11/2019 12:35,12:35,12,0,0,SANTA FE DRIVE 1100 BLOCK SOUTH & MISSISSIPPI AVENUE WEST,1,1,0,0,1,4,,0,40,0,0,0,0,0,2,3,13
,2019-37192,39.696043,-104.992144,10/21/2019 22:09,22:09,5,0,0,PLATTE RIVER 1200 BLOCK SOUTH & MISSISSIPPI AVENUE WEST,1,3,0,0,2,4,,0,40,0,0,0,0,0,2,1,5
,2019-37193,39.696265,-104.992045,7/11/2019 9:03,9:03,12,0,0,SANTA FE DRIVE SOUTH & MISSISSIPPI AVENUE WEST,1,1,0,0,1,3,,0,40,0,0,0,0,0,2,2,13
,2019-37194,39.696376,-104.991996,4/15/2019 11:30,11:30,15,0,0,SANTA FE DRIVE 1100 BLOCK SOUTH & MISSISSIPPI AVENUE WEST,1,1,0,0,1,4,,0,45,0,0,0,0,0,2,2,1
,2019-37195,39.696488,-104.991947,5/16/2019 15:49,15:49,12,0,0,PLATTE RIVER DRIVE SOUTH & MISSISSIPPI AVENUE WEST,1,1,0,0,1,4,,0,35,0,0,0,0,0,2,2,13
,2019-37196,39.632817,-104.90641,8/18/2019 12:50,12:50,12,0,0,I225 & I25,1,1,0,0,1,4,,0,55,0,0,0,0,0,1,2,7
,2019-37197,39.738294,-104.929209,1/10/2019 15:05,15:05,5,0,1,14TH AVENUE EAST & ELM STREET NORTH,1,1,0,0,3,1,,0,30,0,0,0,0,2,4,1,13
,2019-37198,39.696488,-104.991947,9/12/2019 6:50,6:50,12,0,0,PLATTE RIVER DRIVE 1100 BLOCK SOUTH & MISSISSIPPI AVENUE WEST,1,1,0,0,1,4,,0,45,0,0,0,0,0,2,3,3
,2019-37199,39.696599,-104.991901,5/16/2019 16:04,16:04,15,0,0,SANTA FE DRIVE SOUTH & MISSISSIPPI AVENUE WEST,1,1,0,0,1,3,,0,,0,0,0,0,0,2,2,13
,2019-37200,39.696696,-104.991872,5/4/2019 0:42,0:42,3,0,0,SANTA FE DRIVE SOUTH & MISSISSIPPI AVENUE WEST,1,3,0,0,1,1,,0,35,0,0,0,0,0,2,2,3
,2019-37201,39.696696,-104.991872,9/4/2019 14:40,14:40,12,0,0,SANTA FE DRIVE SOUTH & MISSISSIPPI AVENUE WEST,1,1,0,0,1,1,,0,35,0,0,0,0,0,2,2,13
,2019-37202,39.696599,-104.991901,5/30/2019 14:29,14:29,12,0,0,SANTA FE DRIVE SOUTH & MISSISSIPPI AVENUE WEST,1,1,0,0,1,3,,0,30,0,0,0,0,0,2,3,13
,2019-37203,39.696599,-104.991901,9/26/2019 15:02,15:02,15,0,0,SANTA FE DRIVE SOUTH & MISSISSIPPI AVENUE EAST,1,1,0,0,1,3,,0,45,0,0,0,0,0,2,2,7
,2019-37204,39.696696,-104.991872,1/11/2019 12:21,12:21,3,0,0,PLATTE RIVER DRIVE SOUTH & MISSISSIPPI AVENUE WEST,6,1,0,2,1,1,,0,35,0,0,0,0,0,2,2,13
,2019-37205,39.696696,-104.991872,1/12/2019 16:08,16:08,1,0,1,MISSISSIPPI AVENUE WEST & SANTA FE DRIVE SOUTH,1,1,0,0,1,1,,0,30,0,0,0,0,2,2,2,7
,2019-37206,39.696696,-104.991872,1/15/2019 14:43,14:43,3,0,1,SANTA FE DRIVE SOUTH & MISSISSIPPI AVENUE WEST,1,1,0,0,1,1,,0,35,0,0,0,0,2,2,2,3
,2019-37207,39.696696,-104.991872,1/21/2019 18:15,18:15,12,0,0,PLATTE RIVER DRIVE SOUTH & MISSISSIPPI AVENUE WEST,1,3,0,0,1,1,,0,30,0,0,0,0,0,2,2,13
,2019-37208,39.696696,-104.991872,1/24/2019 0:58,0:58,10,0,0,PLATTE RIVER DRIVE SOUTH & MISSISSIPPI AVENUE WEST,1,3,0,0,1,1,,0,45,0,0,0,0,0,2,2,13
,2019-37209,39.696696,-104.991872,1/31/2019 17:50,17:50,15,0,0,SANTA FE DRIVE SOUTH & MISSISSIPPI AVENUE WEST,1,3,0,0,1,1,,0,45,0,0,0,0,0,2,2,13
,2019-37210,39.696696,-104.991872,3/1/2019 8:41,8:41,1,0,0,MISSISSIPPI AVENUE WEST & SANTA FE DRIVE SOUTH,1,1,0,0,1,1,,0,30,0,0,0,0,0,2,2,1
,2019-37211,39.696696,-104.991872,3/7/2019 23:18,23:18,3,0,3,MISSISSIPPI AVENUE WEST & PLATTE RIVER DRIVE SOUTH,1,3,0,0,1,1,,0,35,0,0,0,0,1,2,2,9
,2019-37212,39.696696,-104.991872,3/14/2019 10:17,10:17,3,0,0,PLATTE RIVER DRIVE SOUTH & MISSISSIPPI AVENUE WEST,2,1,0,0,1,1,,0,40,0,0,0,0,0,2,2,13
,2019-37213,39.696696,-104.991872,3/23/2019 7:42,7:42,3,0,0,MISSISSIPPI AVENUE WEST & PLATTE RIVER DRIVE SOUTH,1,1,0,0,1,1,,0,45,0,0,0,0,0,2,2,14
,2019-37214,39.696696,-104.991872,3/27/2019 1:20,1:20,3,0,0,SANTA FE DRIVE SOUTH & MISSISSIPPI AVENUE WEST,1,3,0,0,1,1,,0,,0,0,0,0,0,2,3,13
,2019-37215,39.696696,-104.991872,4/5/2019 22:14,22:14,3,0,0,MISSISSIPPI AVENUE WEST & PLATTE RIVER DRIVE SOUTH,1,3,0,0,1,3,,0,30,0,0,0,0,0,2,3,13
,2019-37216,39.696696,-104.991872,5/7/2019 11:07,11:07,12,0,0,MISSISSIPPI AVENUE WEST & SANTA FE DRIVE SOUTH,1,1,0,0,1,1,,0,35,0,0,0,0,0,2,2,13
,2019-37217,39.696696,-104.991872,5/26/2019 0:43,0:43,1,0,1,SANTA FE DRIVE SOUTH & MISSISSIPPI AVENUE WEST,1,3,0,0,1,1,,0,30,0,0,0,0,1,2,2,13
,2019-37218,39.696696,-104.991872,6/9/2019 18:53,18:53,3,0,1,PLATTE RIVER DRIVE SOUTH & MISSISSIPPI AVENUE WEST,1,1,0,0,1,1,,0,35,0,0,0,0,1,2,2,8
,2019-37219,39.696696,-104.991872,6/16/2019 22:50,22:50,3,0,1,MISSISSIPPI AVENUE WEST & PLATTE RIVER DRIVE SOUTH,1,3,0,0,1,1,,0,45,0,0,0,0,2,2,2,6
,2019-37220,39.696696,-104.991872,7/13/2019 11:07,11:07,3,0,1,PLATTE RIVER DRIVE SOUTH & MISSISSIPPI AVENUE WEST,1,1,0,0,1,1,,0,35,0,0,0,0,1,2,2,13
,2019-37221,39.696696,-104.991872,7/16/2019 1:19,1:19,3,0,3,PLATTE RIVER DRIVE SOUTH & MISSISSIPPI AVENUE WEST,1,3,0,0,1,1,,0,35,0,0,0,0,2,2,2,3
,2019-37222,39.696696,-104.991872,7/16/2019 13:35,13:35,1,0,0,MISSISSIPPI AVENUE WEST & PLATTE RIVER DRIVE SOUTH,1,1,0,0,1,1,,0,35,0,0,0,0,0,2,2,7
,2019-37223,39.696696,-104.991872,7/19/2019 16:10,16:10,1,0,0,MISSISSIPPI AVENUE WEST & PLATTE RIVER DRIVE SOUTH,1,1,0,0,1,1,,0,35,0,0,0,0,0,2,2,3
,2019-37224,39.696696,-104.991872,8/10/2019 18:02,18:02,3,0,1,HIGHWAY 85 / PLATTE RIVER DRIVE SOUTH & MISSISSIPPI AVENUE WEST,1,1,0,0,1,1,,0,35,0,0,0,0,2,2,2,1
,2019-37225,39.696696,-104.991872,8/21/2019 23:32,23:32,3,0,1,MISSISSIPPI AVENUE WEST & PLATTE RIVER DRIVE SOUTH,1,3,0,0,1,1,,0,35,0,0,0,0,2,2,2,5
,2019-37226,39.696696,-104.991872,8/27/2019 10:27,10:27,1,0,1,SANTA FE DRIVE SOUTH & MISSISSIPPI AVENUE WEST,1,1,0,0,1,1,,0,35,0,0,0,0,1,2,2,13
,2019-37227,39.696696,-104.991872,9/3/2019 15:10,15:10,15,0,0,PLATTE RIVER DRIVE SOUTH & MISSISSIPPI AVENUE WEST,1,1,0,0,1,3,,0,35,0,0,0,0,0,2,2,8
,2019-37228,39.696696,-104.991872,9/10/2019 14:51,14:51,10,0,4,SANTA FE DRIVE SOUTH & MISSISSIPPI AVENUE WEST,1,1,0,0,1,1,,0,45,0,0,0,0,1,2,2,14
,2019-37229,39.696696,-104.991872,9/12/2019 0:22,0:22,12,0,0,PLATTE RIVER DRIVE SOUTH & MISSISSIPPI AVENUE WEST,2,3,0,0,1,3,,0,45,0,0,0,0,0,2,2,5
,2019-3723,39.650679,-105.06645,2/15/2019 17:00,17:00,5,0,1,JEFFERSON AVENUE WEST & 7112 WEST JEFFERSON AVENUE,1,1,0,0,3,4,,0,35,0,0,0,0,1,4,1,5