id,drcog_id,latitude,longitude,crashtime,time,crashtype,numbkilled,numbinjurd,drcoglocat,rdconditin,lightngcon,roadcntgrd,weatherco,location,roaddescrp,schoolzone,constrzone,splimit,bikeinv,sctrinv,pedinv,motoinv,svrty,rdsystem,ttlvehcls,hcf
,2019-37230,39.696696,-104.991872,9/20/2019 7:18,7:18,3,0,0,PLATTE RIVER DRIVE SOUTH & MISSISSIPPI AVENUE WEST,1,1,0,0,1,1,,0,30,0,0,0,0,0,2,2,13
,2019-37231,39.696696,-104.991872,9/24/2019 18:41,18:41,3,0,0,PLATTE RIVER DRIVE SOUTH & MISSISSIPPI AVENUE WEST,1,1,0,0,1,1,,0,30,0,0,0,0,0,2,2,1
,2019-37232,39.696696,-104.991872,9/30/2019 10:31,10:31,3,0,0,PLATTE RIVER DRIVE SOUTH & MISSISSIPPI AVENUE WEST,1,1,0,0,1,1,,0,30,0,0,0,0,0,2,2,13
,2019-37233,39.696696,-104.991872,10/7/2019 12:12,12:12,1,0,0,MISSISSIPPI AVENUE WEST & SANTA FE DRIVE SOUTH,1,1,0,0,1,1,,0,35,0,0,0,0,0,2,2,13
,2019-37234,39.696696,-104.991872,10/16/2019 16:26,16:26,15,0,0,MISSISSIPPI AVENUE WEST & PLATTE RIVER DRIVE SOUTH,1,5,0,0,1,1,,0,35,0,0,0,0,0,2,2,7
,2019-37235,39.696696,-104.991872,10/20/2019 10:00,10:00,10,0,0,PLATTE RIVER DRIVE SOUTH & MISSISSIPPI AVENUE WEST,1,1,0,0,1,1,,0,45,0,0,0,0,0,2,2,8
,2019-37236,39.696696,-104.991872,11/2/2019 5:55,5:55,3,0,0,SANTA FE DRIVE SOUTH & MISSISSIPPI AVENUE WEST,1,3,0,0,1,1,,0,30,0,0,0,0,0,2,2,13
,2019-37237,39.696696,-104.991872,11/14/2019 6:10,6:10,1,0,0,SANTA FE DRIVE SOUTH & MISSISSIPPI AVENUE WEST,1,2,0,0,1,1,,0,45,0,0,0,0,0,2,2,8
,2019-37238,39.696696,-104.991872,12/2/2019 18:07,18:07,12,0,0,SANTA FE DRIVE SOUTH & MISSISSIPPI AVENUE WEST,1,3,1,0,1,1,,0,45,0,0,0,0,0,2,2,12
,2019-37239,39.696696,-104.991872,12/10/2019 9:25,9:25,3,0,2,MISSISSIPPI AVENUE WEST & PLATTE RIVER DRIVE SOUTH,1,1,0,0,1,1,,0,35,0,0,0,0,1,2,3,1
,2019-37240,39.696661,-104.991875,12/29/2019 14:23,14:23,1,0,0,SANTA FE DRIVE SOUTH & MISSISSIPPI AVENUE WEST,2,1,0,0,1,1,,0,30,0,0,0,0,0,2,2,1
,2019-37242,39.696696,-104.991872,11/19/2019 10:30,10:30,15,0,0,MISSISSIPPI AVENUE WEST & PLATTE RIVER DRIVE SOUTH,1,1,3,0,1,4,,0,35,0,0,0,0,0,2,2,13
,2019-37243,39.696775,-104.991848,8/14/2019 22:32,22:32,12,0,0,PLATTE RIVER 1000 BLOCK SOUTH & MISSISSIPPI AVENUE WEST,1,3,0,0,1,3,,0,35,0,0,0,0,0,2,2,13
,2019-37244,39.696775,-104.991848,9/20/2019 7:18,7:18,12,0,0,PLATTE RIVER DRIVE SOUTH & MISSISSIPPI AVENUE WEST,1,1,0,0,1,3,,0,45,0,0,0,0,0,2,2,13
,2019-37245,39.696775,-104.991848,10/31/2019 16:48,16:48,15,0,0,PLATTE RIVER 900 BLOCK SOUTH & MISSISSIPPI AVENUE WEST,1,1,0,0,1,4,,0,45,0,0,0,0,0,2,2,1
,2019-37246,39.696853,-104.991825,7/25/2019 12:22,12:22,12,0,0,HIGHWAY 85 / PLATTE RIVER DRIVE SOUTH & MISSISSIPPI AVENUE WEST,1,1,0,0,1,3,,0,45,0,0,0,0,0,2,2,3
,2019-37247,39.696853,-104.991825,9/25/2019 9:59,9:59,12,0,0,PLATTE RIVER DRIVE SOUTH & MISSISSIPPI AVENUE WEST,1,1,0,0,1,4,,0,45,0,0,0,0,0,2,2,13
,2019-37249,39.697012,-104.991783,2/18/2019 8:12,8:12,12,0,0,PLATTE RIVER DRIVE SOUTH 1000 BLOCK & MISSISSIPPI AVENUE WEST,6,1,0,2,1,4,,0,40,0,0,0,0,0,2,2,1
,2019-37250,39.697173,-104.991765,9/18/2019 5:37,5:37,15,0,0,SANTA FE DRIVE SOUTH & MISSISSIPPI AVENUE WEST,1,3,0,0,1,4,,0,45,0,0,0,0,0,2,2,13
,2019-37251,39.697258,-104.992792,5/13/2019 6:47,6:47,12,0,0,PLATTE RIVER DRIVE SOUTH & 1000 BLOCK SOUTH,1,1,0,0,1,3,,0,45,0,0,0,0,0,2,3,13
,2019-37252,39.697819,-104.991744,4/14/2019 12:00,12:00,12,0,0,SANTA FE DRIVE 1000 BLOCK SOUTH & MISSISSIPPI AVENUE WEST,1,1,0,0,1,4,,0,,0,0,0,0,0,2,2,12
,2019-37253,39.698558,-104.991808,7/16/2019 12:16,12:16,12,0,1,PLATTE RIVER DRIVE SOUTH & TENNESSEE AVENUE WEST,1,1,1,0,1,2,,0,45,0,0,0,0,1,2,3,14
,2019-37254,39.698558,-104.991808,9/20/2019 8:25,8:25,15,0,0,PLATTE RIVER DRIVE SOUTH & TENNESSEE AVENUE WEST,1,1,0,0,1,4,,0,45,0,0,0,0,0,2,2,13
,2019-37256,39.698662,-104.991832,8/2/2019 13:37,13:37,15,0,0,HIGHWAY 85 / PLATTE RIVER DRIVE SOUTH & TENNESSEE AVENUE,1,1,0,0,1,4,,0,40,0,0,0,0,0,2,2,3
,2019-37257,39.70215,-104.994069,9/30/2019 7:51,7:51,12,0,0,SANTA FE DRIVE SOUTH & I25 NORTHBOUND ON RAMP LOOP ENTRANCE GORE POINT,1,1,0,0,1,4,,0,40,0,0,0,0,0,2,2,3
,2019-37258,39.702403,-104.994271,4/24/2019 9:09,9:09,15,0,0,SANTA FE DRIVE & I25 NORTHBOUND ENTRANCE GORE POINT,1,1,1,0,1,4,,0,35,0,0,0,0,0,2,3,13
,2019-37259,39.704577,-104.996162,8/8/2019 12:49,12:49,15,0,0,HIGHWAY 85 / PLATTE RIVER DRIVE SOUTH & TENNESSEE AVENUE,1,1,0,0,1,4,,0,45,0,0,0,0,0,2,2,1
,2019-37260,39.704847,-104.995789,11/1/2019 12:58,12:58,12,0,0,HIGHWAY 85 NORTHBOUND OFF RAMP LOOP MERGE GORE POINT & I25 SOUTHBOUND ON RAMP,1,1,0,0,1,7,,0,45,0,0,0,0,0,2,2,13
,2019-37261,39.706163,-104.996801,9/8/2019 9:22,9:22,1,0,0,SANTA FE DRIVE SOUTH & I25 SOUTHBOUND ON RAMP,1,1,0,0,1,1,,0,35,0,0,0,0,0,2,2,13
,2019-37262,39.706163,-104.996801,9/8/2019 9:22,9:22,12,0,0,SANTA FE DRIVE SOUTH & I25 SOUTHBOUND ON RAMP,1,1,0,0,1,1,,0,35,0,0,0,0,0,2,3,3
,2019-37263,39.634305,-104.901145,9/28/2019 17:16,17:16,12,0,0,I225 & MM 0.40,1,1,0,0,1,4,,0,65,0,0,0,0,0,1,2,13
,2019-37264,39.706134,-104.996799,11/9/2019 9:50,9:50,15,0,0,SANTA FE DRIVE SOUTH  & I25 SOUTHBOUND ON RAMP,1,1,1,0,1,1,,0,55,0,0,0,0,0,2,2,13
,2019-37265,39.706612,-104.996713,11/14/2019 18:02,18:02,15,0,0,SANTA FE DRIVE SOUTH  & I25 NORTHBOUND OFF RAMP,1,4,0,1,1,3,,0,45,0,0,0,0,0,2,2,13
,2019-37266,39.706658,-104.996603,8/13/2019 16:17,16:17,15,0,0,SANTA FE DRIVE SOUTH & I25,1,1,1,0,1,4,,0,55,0,0,0,0,0,2,2,1
,2019-37267,39.706823,-104.996463,1/25/2019 7:40,7:40,12,0,0,I25 & SANTA FE DRIVE SOUTH,1,1,0,0,1,4,,0,35,0,0,0,0,0,2,2,8
,2019-37268,39.706823,-104.996463,4/12/2019 18:10,18:10,12,0,2,SANTA FE DRIVE 500 BLOCK SOUTH & 500 SOUTH SANTA FE DRIVE,1,1,0,0,1,4,,0,35,0,0,0,0,1,2,2,13
,2019-37269,39.706823,-104.996463,6/13/2019 19:16,19:16,12,0,0,SANTA FE DRIVE SOUTH & I25,1,1,0,0,1,4,,0,35,0,0,0,0,0,2,2,13
,2019-37270,39.706661,-104.996603,10/3/2019 12:45,12:45,12,0,0,SANTA FE DRIVE SOUTH & I25,1,1,0,0,1,4,,0,35,0,0,0,0,0,2,2,13
,2019-37271,39.706823,-104.996463,10/4/2019 10:56,10:56,12,0,1,SANTA FE DRIVE SOUTH & I25,1,1,1,0,1,4,,0,45,0,0,0,0,1,2,2,13
,2019-37272,39.706823,-104.996463,10/18/2019 15:47,15:47,3,0,0,SANTA FE DRIVE SOUTH & I25 NORTHBOUND OFF RAMP,1,1,0,0,1,1,,0,45,0,0,0,0,0,2,2,1
,2019-37273,39.706823,-104.996463,10/19/2019 15:00,15:00,15,0,0,SANTA FE DRIVE SOUTH & I25,1,1,1,0,1,4,,0,45,0,0,0,0,0,2,2,13
,2019-37274,39.707573,-104.996109,2/4/2019 16:15,16:15,15,0,0,SANTA FE DRIVE 500 BLOCK SOUTH & ALAMEDA AVENUE EAST,1,1,0,0,1,4,,0,35,0,0,0,0,0,2,2,13
,2019-37275,39.707804,-104.996296,10/14/2019 21:40,21:40,15,0,2,SANTA FE DRIVE SOUTH & ALAMEDA AVENUE WEST,1,1,1,0,1,4,,0,40,0,0,0,0,1,2,2,8
,2019-37276,39.708343,-104.995871,1/15/2019 14:50,14:50,12,0,1,SANTA FE DRIVE SOUTH & I25 INTCH,1,1,0,0,1,1,,0,30,0,0,0,0,2,2,2,7
,2019-37277,39.708343,-104.995871,2/19/2019 10:05,10:05,12,0,0,SANTA FE DRIVE SOUTH & I25 NORTHBOUND RAMPS,5,1,0,0,1,1,,0,35,0,0,0,0,0,2,2,13
,2019-37278,39.708909,-104.995971,12/11/2019 8:25,8:25,15,0,0,SANTA FE DRIVE 400 BLOCK SOUTH & ALAMEDA AVENUE WEST,1,1,0,0,1,4,,0,35,0,0,0,0,0,2,2,13
,2019-37279,39.709022,-104.995994,12/26/2019 12:36,12:36,12,0,0,SANTA FE DRIVE & 400 BLOCK SOUTH,1,1,0,0,1,1,,0,35,0,0,0,0,0,2,2,3
,2019-3735,39.791097,-105.043581,5/1/2019 18:54,18:54,12,0,1,52ND AVENUE & TENNYSON STREET,1,1,0,0,1,4,,0,25,0,0,0,0,1,4,2,5
,2019-37531,39.717197,-105.025226,5/8/2019 20:32,20:32,5,0,0,FEDERAL BOULEVARD & 35 FEDERAL BOULEVARD,2,3,0,1,2,4,,0,35,0,0,0,0,0,2,1,10
,2019-37590,39.738375,-104.961006,6/19/2019 16:30,16:30,3,0,2,14TH AVENUE EAST & GAYLORD STREET NORTH,1,1,0,0,1,1,,0,25,0,0,0,0,1,4,2,14
,2019-37652,39.73244,-105.025174,11/16/2019 23:20,23:20,15,0,0,FEDERAL BOULEVARD NORTH & 10TH AVENUE WEST,1,3,0,0,1,4,,0,,0,0,0,0,0,2,2,13
,2019-37672,39.740261,-105.025315,8/10/2019 23:01,23:01,12,0,0,HIGHWAY 88 / FEDERAL BOULEVARD NORTH & COLFAX AVENUE WEST,1,3,0,0,1,4,,0,35,0,0,0,0,0,2,2,13
,2019-37673,39.738128,-105.025277,5/22/2019 11:19,11:19,15,0,0,FEDERAL BOULEVARD 1300 BLOCK NORTH & 14TH AVENUE WEST,1,1,1,0,1,4,,0,,0,0,0,0,0,2,3,13
,2019-37674,39.738128,-105.025277,6/30/2019 19:28,19:28,15,0,0,FEDERAL BOULEVARD NORTH & 14TH AVENUE WEST,1,1,1,0,1,3,,0,35,0,0,0,0,0,2,2,13
,2019-37675,39.738128,-105.025277,11/2/2019 18:54,18:54,12,0,0,FEDERAL BOULEVARD NORTH & 14TH AVENUE WEST / HOWARD PLACE,1,3,1,0,1,3,,0,35,0,0,0,0,0,2,2,13
,2019-37676,39.737974,-105.025273,1/22/2019 16:03,16:03,12,0,0,FEDERAL BOULEVARD NORTH & HOWARD PLACE WEST,1,1,1,0,1,1,,0,35,0,0,0,0,0,2,2,13
,2019-37677,39.737974,-105.025273,3/31/2019 19:23,19:23,12,0,0,FEDERAL BOULEVARD NORTH & HOWARD PLACE WEST,1,2,0,0,1,1,,0,35,0,0,0,0,0,2,2,13
,2019-37678,39.737974,-105.025273,4/16/2019 11:20,11:20,1,0,0,14TH AVENUE WEST & FEDERAL BOULEVARD NORTH,1,1,0,0,1,1,,0,35,0,0,0,0,0,2,2,14
,2019-37679,39.737974,-105.025273,6/9/2019 21:26,21:26,12,0,0,14TH AVENUE WEST & FEDERAL BOULEVARD NORTH,1,3,0,0,1,3,,0,25,0,0,0,0,0,2,2,14
,2019-37680,39.737974,-105.025273,8/20/2019 13:34,13:34,1,0,1,FEDERAL BOULEVARD NORTH & 14TH AVENUE  / HOWARD PLACE,1,1,0,0,1,1,,0,35,0,0,0,0,2,2,2,13
,2019-37681,39.737974,-105.025273,10/14/2019 13:39,13:39,12,0,0,FEDERAL BOULEVARD NORTH & 14TH AVENUE WEST / HOWARD PLACE WEST,1,1,1,0,1,1,,0,35,0,0,0,0,0,2,2,14
,2019-37682,39.737974,-105.025273,11/20/2019 16:42,16:42,1,0,2,FEDERAL BOULEVARD NORTH & HOWARD PLACE WEST,1,1,1,0,1,1,,0,35,0,0,0,0,2,2,3,13
,2019-37683,39.737782,-105.025279,10/24/2019 16:05,16:05,15,0,0,FEDERAL BOULEVARD NORTH & 14TH AVENUE WEST / HOWARD PLACE,1,1,0,0,1,4,,0,35,0,0,0,0,0,2,2,13
,2019-37684,39.737782,-105.025279,10/24/2019 16:20,16:20,15,0,0,FEDERAL BOULEVARD NORTH & 14TH AVENUE WEST / HOWARD PLACE,1,1,0,0,1,4,,0,35,0,0,0,0,0,2,2,13
,2019-37685,39.73759,-105.025303,1/29/2019 14:30,14:30,12,0,1,FEDERAL BOULEVARD 1400 NORTH & 14TH AVENUE WEST,2,1,0,0,1,4,,0,35,0,0,0,0,1,2,2,13
,2019-37686,39.735633,-105.025306,2/17/2019 12:21,12:21,12,0,0,FEDERAL BOULEVARD NORTH & HOLDEN PLACE WEST,1,1,1,0,1,1,,0,30,0,0,0,0,0,2,2,3
,2019-37687,39.735346,-105.025279,8/2/2019 22:00,22:00,15,0,0,FEDERAL BOULEVARD NORTH & 12TH AVENUE WEST,1,3,0,0,1,4,,0,30,0,0,0,0,0,2,2,7
,2019-37688,39.734783,-105.025189,4/26/2019 15:09,15:09,3,0,0,12TH AVENUE WEST & FEDERAL BOULEVARD NORTH,1,1,1,0,1,1,,0,25,0,0,0,0,0,2,3,13
,2019-37689,39.734783,-105.025189,8/15/2019 20:40,20:40,1,0,0,FEDERAL BOULEVARD NORTH & 12TH AVENUE WEST,1,3,0,0,1,1,,0,45,0,0,0,0,0,2,2,1
,2019-37690,39.733698,-105.025178,2/4/2019 11:40,11:40,15,0,0,FEDERAL BOULEVARD 1100 BLOCK NORTH & 11TH AVENUE WEST,1,1,1,0,1,4,,0,30,0,0,0,0,0,2,2,13
,2019-37691,39.733079,-105.025174,9/12/2019 9:00,9:00,14,0,0,FEDERAL BOULEVARD NORTH & 10TH AVENUE WEST,1,1,0,0,1,4,,0,30,0,0,0,0,0,2,2,13
,2019-37692,39.732922,-105.02517,3/5/2019 19:20,19:20,12,0,0,10TH AVENUE WEST & FEDERAL BOULEVARD NORTH,1,3,0,0,1,1,,0,35,0,0,0,0,0,2,2,1
,2019-37693,39.732922,-105.02517,4/29/2019 15:11,15:11,12,0,0,FEDERAL BOULEVARD 900 BLOCK NORTH & 10TH AVENUE WEST,1,1,0,0,1,3,,0,30,0,0,0,0,0,2,2,13
,2019-37694,39.732922,-105.02517,7/8/2019 7:54,7:54,1,0,1,FEDERAL BOULEVARD NORTH & 10TH AVENUE WEST,1,1,0,0,1,1,,1,30,0,0,0,0,1,2,2,3
,2019-37695,39.732922,-105.02517,10/9/2019 12:13,12:13,12,0,0,FEDERAL BOULEVARD NORTH & 10TH AVENUE WEST,1,1,1,0,1,1,,0,35,0,0,0,0,0,2,2,13
,2019-37696,39.732922,-105.02517,12/5/2019 10:15,10:15,1,0,0,FEDERAL BOULEVARD NORTH & 10TH AVENUE WEST,2,1,0,1,1,1,,0,35,0,0,0,0,0,2,2,13
,2019-37697,39.732761,-105.025168,10/14/2019 13:21,13:21,15,0,0,FEDERAL BOULEVARD NORTH & 10TH AVENUE WEST,1,1,1,0,1,3,,0,35,0,0,0,0,0,2,2,13
,2019-37698,39.730783,-105.025777,7/8/2019 11:35,11:35,6,0,0,FEDERAL BOULEVARD NORTH & 879 NORTH FEDERAL BOULEVARD,1,1,1,0,1,5,,0,20,0,0,0,0,0,2,2,13
,2019-37699,39.730345,-105.025166,4/17/2019 15:10,15:10,1,0,2,FEDERAL BOULEVARD 800 BLOCK NORTH & BARBERRY PLACE WEST,1,1,1,0,1,2,,0,30,0,0,0,0,1,2,2,13
,2019-37700,39.729879,-105.025162,9/27/2019 15:35,15:35,15,0,1,FEDERAL BOULEVARD NORTH & EIGHTH AVENUE WEST,1,1,0,0,1,4,,1,35,0,0,0,0,1,2,2,13
,2019-37701,39.729565,-105.02516,5/31/2019 14:55,14:55,15,0,0,FEDERAL BOULEVARD NORTH & EIGHTH AVENUE WEST,1,1,1,0,1,4,,0,35,0,0,0,0,0,2,2,13
,2019-37702,39.729408,-105.025155,7/12/2019 5:37,5:37,12,0,1,FEDERAL BOULEVARD NORTH & EIGHTH AVENUE WEST,1,1,0,0,1,3,,0,30,0,0,0,0,2,2,3,13
,2019-37703,39.729259,-105.02515,1/19/2019 9:29,9:29,12,0,0,FEDERAL BOULEVARD NORTH & EIGHTH AVENUE WEST,2,1,0,0,1,1,,0,35,0,0,0,0,0,2,2,13
,2019-37704,39.729259,-105.02515,2/27/2019 21:44,21:44,3,0,0,FEDERAL BOULEVARD NORTH & EIGHTH AVENUE WEST,1,3,0,0,1,1,,0,35,0,0,0,0,0,2,2,14
,2019-37705,39.729259,-105.02515,3/29/2019 10:30,10:30,12,0,0,EIGHTH AVENUE WEST & FEDERAL BOULEVARD NORTH,1,1,0,0,1,1,,0,10,0,0,0,0,0,2,2,13
,2019-37706,39.729259,-105.02515,4/4/2019 17:43,17:43,12,0,0,EIGHTH AVENUE WEST 2900 BLOCK & FEDERAL BOULEVARD,1,1,0,0,1,4,,0,,0,0,0,0,0,2,2,13
,2019-37707,39.729259,-105.02515,4/26/2019 15:14,15:14,10,0,0,FEDERAL BOULEVARD NORTH & EIGHTH AVENUE WEST,1,1,0,0,1,1,,0,35,0,0,0,0,0,2,2,9
,2019-37708,39.729259,-105.02515,4/30/2019 19:08,19:08,3,0,0,FEDERAL BOULEVARD NORTH & EIGHTH AVENUE WEST,1,1,1,0,1,1,,0,35,0,0,0,0,0,2,2,13
,2019-37709,39.729259,-105.02515,5/30/2019 20:30,20:30,3,0,0,FEDERAL BOULEVARD NORTH & EIGHTH AVENUE WEST,1,3,0,0,1,1,,0,30,0,0,0,0,0,2,2,13
,2019-37710,39.729259,-105.02515,8/9/2019 19:19,19:19,3,0,0,FEDERAL BOULEVARD NORTH & EIGHTH AVENUE WEST,1,1,0,0,1,1,,0,30,0,0,0,0,0,2,2,7
,2019-37711,39.729259,-105.02515,11/24/2019 16:01,16:01,1,0,3,FEDERAL BOULEVARD NORTH & EIGHTH AVENUE WEST,1,1,0,0,1,1,,0,45,0,0,0,0,2,2,2,5
,2019-37712,39.729117,-105.02514,4/15/2019 8:19,8:19,12,0,2,FEDERAL BOULEVARD NORTH 800 BLOCK NORTH & EIGHTH AVENUE WEST,1,1,0,0,1,3,,0,25,0,0,0,0,1,2,3,5
,2019-37713,39.729117,-105.02514,6/29/2019 19:11,19:11,12,0,0,FEDERAL BOULEVARD NORTH & EIGHTH AVENUE WEST,1,1,0,0,1,3,,0,35,0,0,0,0,0,2,2,13
,2019-37714,39.729117,-105.02514,10/4/2019 9:28,9:28,12,0,0,FEDERAL BOULEVARD NORTH & EIGHTH AVENUE WEST,1,1,0,0,1,4,,0,35,0,0,0,0,0,2,2,1
,2019-37715,39.728834,-105.025142,3/8/2019 16:13,16:13,12,0,0,FEDERAL BOULEVARD 800 BLOCK NORTH & EIGHTH AVENUE WEST,1,1,1,0,1,4,,0,30,0,0,0,0,0,2,2,13
,2019-37716,39.72855,-105.025146,7/19/2019 21:43,21:43,12,0,1,FEDERAL BOULEVARD NORTH & EIGHTH AVENUE WEST,1,3,0,0,1,4,,0,40,0,0,0,0,1,2,2,13
,2019-37717,39.727969,-105.025138,4/18/2019 20:10,20:10,15,0,0,FEDERAL BOULEVARD NORTH & SIXTH AVENUE WEST,1,3,0,0,1,4,,0,35,0,0,0,0,0,2,2,3
,2019-37718,39.727822,-105.025135,5/27/2019 21:39,21:39,14,0,0,FEDERAL BOULEVARD NORTH & SEVENTH AVENUE WEST,1,3,0,0,1,4,,0,35,0,0,0,0,0,2,2,13
,2019-37719,39.727676,-105.025131,5/17/2019 11:05,11:05,12,0,0,FEDERAL BOULEVARD NORTH & SEVENTH AVENUE WEST,1,1,0,0,1,4,,0,35,0,0,0,0,0,2,2,14
,2019-37720,39.727529,-105.025127,4/7/2019 0:24,0:24,8,0,0,SEVENTH AVENUE WEST & FEDERAL BOULEVARD NORTH,1,3,0,0,1,3,,0,30,0,0,0,0,0,2,2,5
,2019-37721,39.727529,-105.025127,6/6/2019 11:50,11:50,15,0,0,FEDERAL BOULEVARD NORTH & SEVENTH AVENUE WEST,1,1,0,0,1,1,,1,35,0,0,0,0,0,2,2,13
,2019-37722,39.725737,-105.025211,1/25/2019 8:12,8:12,3,0,2,FEDERAL BOULEVARD NORTH & SIXTH AVENUE WB OFF RAMP,1,1,0,0,1,1,,0,35,0,0,0,0,1,2,2,14
,2019-37723,39.725737,-105.025211,1/30/2019 7:09,7:09,10,0,0,SIXTH AVENUE WB OFF RAMP  & FEDERAL BOULEVARD NORTH,1,1,0,0,1,1,,0,35,0,0,0,0,0,2,2,8
,2019-37724,39.725737,-105.025211,1/31/2019 8:13,8:13,3,0,0,FEDERAL BOULEVARD 600 BLOCK NORTH & SIXTH AVENUE WB OFF RAMP,1,1,0,0,1,1,,0,35,0,0,0,0,0,2,2,13
,2019-37725,39.725737,-105.025211,2/4/2019 20:14,20:14,10,0,0,FEDERAL BOULEVARD NORTH & SIXTH AVENUE WB OFF RAMP,1,3,0,0,1,1,,0,35,0,0,0,0,0,2,2,7
,2019-37726,39.725737,-105.025211,2/21/2019 11:55,11:55,15,0,0,FEDERAL BOULEVARD NORTH & SIXTH AVENUE WB RAMPS,1,1,0,0,1,1,,0,55,0,0,0,0,0,2,2,13
,2019-37727,39.725737,-105.025211,2/26/2019 18:38,18:38,3,0,0,FEDERAL BOULEVARD NORTH & SIXTH AVENUE WB RAMPS,1,3,0,0,1,1,,0,35,0,0,0,0,0,2,2,13
,2019-37728,39.725737,-105.025211,2/28/2019 9:05,9:05,3,0,1,FEDERAL BOULEVARD & SIXTH AVENUE WB OFF RAMP,1,1,0,0,1,1,,0,35,0,0,0,0,1,2,2,7
,2019-37729,39.725737,-105.025211,3/8/2019 12:31,12:31,10,0,0,SIXTH AVENUE WB OFF RAMP  & FEDERAL BOULEVARD NORTH,1,1,0,0,1,1,,0,25,0,0,0,0,0,2,2,8
,2019-37730,39.725737,-105.025211,4/12/2019 22:47,22:47,3,0,0,FEDERAL BOULEVARD NORTH & SIXTH AVENUE WB OFF RAMP,2,3,0,1,1,1,,0,30,0,0,0,0,0,2,2,8
,2019-37731,39.725737,-105.025211,4/15/2019 9:36,9:36,12,0,0,FEDERAL BOULEVARD NORTH & SIXTH AVENUE WB OFF RAMP,1,1,0,0,1,1,,0,30,0,0,0,0,0,2,4,3
,2019-37732,39.725737,-105.025211,4/22/2019 17:20,17:20,15,0,0,FEDERAL BOULEVARD NORTH & SIXTH AVENUE WB OFF RAMP,1,1,0,0,1,4,,0,35,0,0,0,0,0,2,2,13
,2019-37733,39.723277,-105.025257,9/14/2019 18:30,18:30,12,0,1,FEDERAL BOULEVARD NORTH & FIFTH AVENUE,1,2,0,0,1,3,,0,35,0,0,0,0,1,2,2,13
,2019-37735,39.725737,-105.025211,4/26/2019 17:21,17:21,10,0,0,SIXTH AVENUE WB OFF RAMP  & FEDERAL BOULEVARD NORTH,1,1,1,0,1,1,,0,35,0,0,0,0,0,2,2,13
,2019-37736,39.725737,-105.025211,5/24/2019 12:36,12:36,12,0,0,FEDERAL BOULEVARD NORTH & HIGHWAY 6 WB RAMPS,1,1,0,0,1,3,,0,35,0,0,0,0,0,2,2,13
,2019-37737,39.707648,-105.025079,12/17/2019 12:29,12:29,12,0,0,FEDERAL BOULEVARD SOUTH & VIRGINIA AVENUE WEST,1,1,0,0,1,1,,0,,0,0,0,0,0,2,2,13
,2019-37738,39.725737,-105.025211,5/30/2019 13:51,13:51,3,0,1,FEDERAL BOULEVARD NORTH & HIGHWAY 6 WB OFF RAMP,1,1,1,0,1,1,,0,30,0,0,0,0,1,2,2,13
,2019-37739,39.725737,-105.025211,5/30/2019 14:15,14:15,12,0,0,FEDERAL BOULEVARD NORTH & HIGHWAY 6 WB RAMPS,1,1,0,0,1,1,,0,45,0,0,0,0,0,2,2,13
,2019-37740,39.725737,-105.025211,6/3/2019 7:53,7:53,12,0,1,FEDERAL BOULEVARD NORTH & HIGHWAY 6 WB RAMPS,1,1,0,0,1,1,,0,35,0,0,0,0,1,2,2,14
,2019-37741,39.725737,-105.025211,6/21/2019 15:20,15:20,1,0,0,FEDERAL BOULEVARD NORTH & HIGHWAY 6 WB ON RAMP,1,1,0,0,1,1,,0,35,0,0,0,0,0,2,3,13
,2019-37742,39.725737,-105.025211,6/29/2019 10:36,10:36,3,0,1,FEDERAL BOULEVARD NORTH & HIGHWAY 6 WB OFF RAMP,1,1,0,0,1,1,,0,35,0,0,0,0,1,2,3,10
,2019-37743,39.725746,-105.024948,7/21/2019 9:40,9:40,10,0,0,HIGHWAY 88 / FEDERAL BOULEVARD NORTH & HIGHWAY 6 WB OFF RAMP,1,1,0,0,1,1,,0,35,0,0,0,0,0,2,2,13
,2019-37744,39.725737,-105.025211,7/28/2019 22:54,22:54,1,0,3,HIGHWAY 88 / FEDERAL BOULEVARD NORTH & HIGHWAY 6 WB ON RAMP,1,3,0,0,1,1,,0,35,0,0,0,0,1,2,2,3
,2019-37745,39.725737,-105.025211,8/19/2019 12:00,12:00,15,0,0,FEDERAL BOULEVARD NORTH & HIGHWAY 6 WB OFF RAMP,1,1,0,0,1,1,,0,25,0,0,0,0,0,2,2,13
,2019-37746,39.725737,-105.025211,8/25/2019 21:33,21:33,3,0,0,FEDERAL BOULEVARD NORTH & HIGHWAY 6 WB OFF RAMP,1,1,0,0,1,1,,0,30,0,0,0,0,0,2,2,13
,2019-37747,39.725737,-105.025211,9/21/2019 18:35,18:35,12,0,0,FEDERAL BOULEVARD NORTH & HIGHWAY 6 WB RAMPS,1,1,0,0,1,1,,0,35,0,0,0,0,0,2,2,3
,2019-37748,39.725737,-105.025211,9/23/2019 14:34,14:34,15,0,0,FEDERAL BOULEVARD NORTH & HIGHWAY 6 WB OFF RAMP,1,1,0,0,1,1,,0,25,0,0,0,0,0,2,2,13
,2019-37749,39.725737,-105.025211,9/29/2019 22:27,22:27,3,0,0,FEDERAL BOULEVARD NORTH & HIGHWAY 6 WB OFF RAMP,1,3,0,0,1,1,,0,30,0,0,0,0,0,2,2,13
,2019-37750,39.725488,-105.025206,4/23/2019 15:56,15:56,15,0,0,FEDERAL BOULEVARD 600 BLOCK NORTH & SIXTH AVENUE WEST,1,1,1,0,1,4,,0,30,0,0,0,0,0,2,2,13
,2019-37751,39.725737,-105.025211,10/14/2019 16:10,16:10,12,0,0,FEDERAL BOULEVARD NORTH & HIGHWAY 6 WB RAMPS,1,1,0,0,1,1,,0,40,0,0,0,0,0,2,4,3
,2019-37752,39.725737,-105.025211,10/17/2019 21:35,21:35,12,0,0,FEDERAL BOULEVARD NORTH & SIXTH AVENUE WB RAMPS,1,3,0,0,1,3,,0,,0,0,0,0,0,2,2,13