id,drcog_id,latitude,longitude,crashtime,time,crashtype,numbkilled,numbinjurd,drcoglocat,rdconditin,lightngcon,roadcntgrd,weatherco,location,roaddescrp,schoolzone,constrzone,splimit,bikeinv,sctrinv,pedinv,motoinv,svrty,rdsystem,ttlvehcls,hcf
,2019-37753,39.725738,-105.024921,10/26/2019 10:18,10:18,3,0,2,FEDERAL BOULEVARD NORTH  & HIGHWAY 6 WB OFF RAMP,1,1,0,0,1,1,,0,35,0,0,0,0,2,2,2,5
,2019-37754,39.725737,-105.025211,11/1/2019 13:50,13:50,10,0,3,FEDERAL BOULEVARD NORTH & HIGHWAY 6 WB OFF RAMP,1,1,0,0,1,1,,0,40,0,0,0,0,2,2,2,13
,2019-37755,39.725737,-105.025211,11/7/2019 12:29,12:29,3,0,1,FEDERAL BOULEVARD NORTH & HIGHWAY 6 WB OFF RAMP,1,1,0,0,1,1,,0,40,0,0,0,0,2,2,2,13
,2019-37756,39.725594,-105.025136,12/5/2019 17:03,17:03,12,0,0,FEDERAL BOULEVARD NORTH & HIGHWAY 6 WB RAMPS,2,2,0,0,1,1,,0,35,0,0,0,0,0,2,2,3
,2019-37757,39.725737,-105.025211,12/12/2019 11:51,11:51,15,0,0,SIXTH AVENUE WB OFF RAMP  & FEDERAL BOULEVARD NORTH,1,1,0,0,1,1,,0,35,0,0,0,0,0,2,2,13
,2019-37758,39.725737,-105.025211,12/15/2019 1:29,1:29,3,0,0,SIXTH AVENUE WB OFF RAMP  & FEDERAL BOULEVARD NORTH,1,3,0,0,1,1,,0,35,0,0,0,0,0,2,2,14
,2019-37759,39.727506,-105.025133,12/17/2019 6:48,6:48,1,0,0,FEDERAL BOULEVARD 600 BLOCK NORTH & SIXTH AVENUE WB ON RAMP,1,1,0,0,1,1,,0,35,0,0,0,0,0,2,2,13
,2019-37760,39.726725,-105.025142,12/29/2019 9:32,9:32,15,0,0,FEDERAL BOULEVARD & SIXTH EASTBOUND OFF RAMP,2,1,0,0,1,1,,0,35,0,0,0,0,0,2,2,13
,2019-37761,39.725488,-105.025206,1/11/2019 6:11,6:11,15,0,0,FEDERAL BOULEVARD 600 BLOCK NORTH & SIXTH AVENUE WEST EASTBOUND OFF RAMP,2,3,0,2,1,4,,0,35,0,0,0,0,0,2,2,13
,2019-37762,39.725488,-105.025206,1/16/2019 12:50,12:50,12,0,1,FEDERAL BOULEVARD 600 NORTH & SIXTH AVENUE WEST,1,1,0,0,1,4,,0,35,0,0,0,0,1,2,2,1
,2019-37764,39.725035,-105.025208,5/19/2019 20:29,20:29,1,0,0,FEDERAL BOULEVARD NORTH & HIGHWAY 6 EASTBOUND ON RAMP,1,2,0,0,1,1,,0,35,0,0,0,0,0,2,2,13
,2019-37765,39.725128,-105.02513,7/20/2019 12:55,12:55,15,0,0,HIGHWAY 88 / FEDERAL BOULEVARD NORTH & HIGHWAY 6 EASTBOUND OFF RAMP,1,1,0,0,1,1,,0,45,0,0,0,0,0,2,2,5
,2019-37766,39.72554,-105.0251,8/27/2019 12:45,12:45,15,0,0,FEDERAL BOULEVARD NORTH & HIGHWAY 6 EASTBOUND OFF RAMP,1,1,0,0,1,1,,0,35,0,0,0,0,0,2,2,3
,2019-37767,39.725138,-105.02513,8/29/2019 8:56,8:56,15,0,0,FEDERAL BOULEVARD NORTH & HIGHWAY 6 EASTBOUND RAMP,1,1,0,0,1,3,,0,35,0,0,0,0,0,2,2,13
,2019-37768,39.725035,-105.025208,10/22/2019 15:27,15:27,10,0,0,FEDERAL BOULEVARD NORTH & HIGHWAY 6 EASTBOUND OFF RAMP,1,1,0,0,1,1,,0,55,0,0,0,0,0,2,2,8
,2019-37769,39.723046,-105.025269,11/12/2019 6:37,6:37,15,0,0,FEDERAL BOULEVARD NORTH & FIFTH AVENUE WEST,1,1,0,0,1,4,,0,35,0,0,0,0,0,2,2,13
,2019-37770,39.725035,-105.025208,10/28/2019 16:46,16:46,1,0,0,FEDERAL BOULEVARD NORTH & HIGHWAY 6 EASTBOUND ON RAMP,1,1,0,0,1,1,,0,40,0,0,0,0,0,2,2,8
,2019-37771,39.725035,-105.025208,11/5/2019 6:49,6:49,3,0,0,FEDERAL BOULEVARD NORTH  & HIGHWAY 6 EASTBOUND ON RAMP,1,1,0,0,1,1,,0,35,0,0,0,0,0,2,2,13
,2019-37772,39.725133,-105.02506,11/17/2019 10:37,10:37,15,0,0,FEDERAL BOULEVARD NORTH  & HIGHWAY 6 EASTBOUND ON RAMP,1,1,0,0,1,1,,0,35,0,0,0,0,0,2,2,1
,2019-37773,39.725035,-105.025208,12/11/2019 8:19,8:19,12,0,0,FEDERAL BOULEVARD 500 BLOCK NORTH & SIXTH AVENUE WEST,1,1,0,0,1,4,,0,35,0,0,0,0,0,2,2,13
,2019-37774,39.724541,-105.025215,7/16/2019 12:10,12:10,12,0,1,FEDERAL BOULEVARD NORTH & FIFTH AVENUE,1,1,0,0,1,1,,0,35,0,0,0,0,1,2,2,3
,2019-37775,39.724541,-105.025215,10/26/2019 21:11,21:11,15,0,0,FEDERAL BOULEVARD NORTH & SIXTH AVENUE WEST,1,3,0,0,1,4,,0,35,0,0,0,0,0,2,2,14
,2019-37776,39.723839,-105.025159,5/13/2019 14:30,14:30,12,0,0,FEDERAL BOULEVARD NORTH & 500 BLOCK NORTH,1,1,0,0,1,4,,0,35,0,0,0,0,0,2,2,7
,2019-37777,39.723714,-105.025239,6/6/2019 14:30,14:30,15,0,1,FEDERAL BOULEVARD NORTH & 500 BLOCK NORTH,1,1,0,0,1,4,,0,35,0,0,0,0,1,2,2,13
,2019-37778,39.723507,-105.025245,7/14/2019 12:18,12:18,1,0,0,FEDERAL BOULEVARD NORTH & FIFTH AVENUE,1,1,0,0,1,1,,0,40,0,0,0,0,0,2,2,14
,2019-37780,39.723507,-105.025245,8/22/2019 14:31,14:31,12,0,0,FEDERAL BOULEVARD NORTH & FIFTH AVENUE,1,1,0,0,1,1,,0,35,0,0,0,0,0,2,2,1
,2019-37781,39.723277,-105.025257,6/23/2019 20:02,20:02,12,0,0,FEDERAL BOULEVARD 400 BLOCK NORTH & FIFTH AVENUE WEST,1,1,0,0,1,3,,0,35,0,0,0,0,0,2,2,5
,2019-37782,39.723277,-105.025257,9/19/2019 11:35,11:35,12,0,1,FEDERAL BOULEVARD NORTH & FIFTH AVENUE,1,1,0,0,1,3,,0,35,0,0,0,0,1,2,2,13
,2019-37783,39.722698,-105.025281,9/1/2019 21:35,21:35,12,0,0,FEDERAL BOULEVARD NORTH & SHORT PLACE WEST,1,3,0,0,1,4,,0,35,0,0,0,0,0,2,2,13
,2019-37784,39.722698,-105.025281,9/19/2019 9:20,9:20,12,0,0,FEDERAL BOULEVARD NORTH & HIGHWAY 6 EASTBOUND OFF RAMP,1,1,0,0,1,4,,1,35,0,0,0,0,0,2,2,1
,2019-37785,39.722399,-105.025288,10/14/2019 16:27,16:27,12,0,0,FEDERAL BOULEVARD NORTH & FOURTH AVENUE WEST,1,1,0,0,1,4,,0,40,0,0,0,0,0,2,2,14
,2019-37786,39.72225,-105.025292,4/22/2019 18:04,18:04,3,0,0,FEDERAL BOULEVARD 400 NORTH & SHORT PLACE WEST,1,1,0,0,1,2,,0,35,0,0,0,0,0,2,2,13
,2019-37788,39.72225,-105.025292,11/27/2019 13:47,13:47,12,0,0,FEDERAL BOULEVARD 300 NORTH & FOURTH AVENUE WEST,6,1,0,0,1,4,,0,40,0,0,0,0,0,2,2,13
,2019-37789,39.721784,-105.025292,6/4/2019 15:26,15:26,5,0,0,FEDERAL BOULEVARD NORTH & FOURTH AVENUE WEST,1,1,0,0,3,4,,0,40,0,0,0,0,0,2,1,5
,2019-3779,39.711258,-104.936481,4/8/2019 7:31,7:31,15,0,0,LEETSDALE DRIVE & ALAMEDA AVENUE EAST,1,1,0,0,1,1,,0,35,0,0,0,0,0,2,2,13
,2019-37790,39.721192,-105.02528,1/10/2019 22:43,22:43,10,0,1,FEDERAL BOULEVARD NORTH & THIRD AVENUE WEST,1,3,0,0,1,1,,0,35,0,0,0,0,1,2,2,12
,2019-37791,39.721192,-105.02528,5/13/2019 10:55,10:55,3,0,0,FEDERAL BOULEVARD NORTH & THIRD AVENUE WEST,1,1,0,0,1,1,,0,35,0,0,0,0,0,2,2,1
,2019-37792,39.720566,-105.025278,4/26/2019 22:55,22:55,15,0,0,FEDERAL BOULEVARD 100 BLOCK NORTH & SECOND AVENUE WEST,1,3,0,0,1,4,,0,35,0,0,0,0,0,2,2,5
,2019-37793,39.72025,-105.025278,10/5/2019 16:30,16:30,12,0,0,SECOND AVENUE 2900 BLOCK WEST  & FEDERAL BOULEVARD NORTH,1,1,0,0,1,4,,0,25,0,0,0,0,0,2,2,3
,2019-37794,39.720112,-105.025278,2/15/2019 14:11,14:11,15,0,0,FEDERAL BOULEVARD NORTH & SECOND AVENUE WEST,1,1,0,0,1,4,,0,40,0,0,0,0,0,2,2,1
,2019-37795,39.720112,-105.025278,4/29/2019 14:29,14:29,12,0,0,FEDERAL BOULEVARD NORTH & SECOND AVENUE WEST,1,1,0,0,1,4,,0,35,0,0,0,0,0,2,2,3
,2019-37796,39.719975,-105.025277,6/5/2019 7:27,7:27,12,0,0,FEDERAL BOULEVARD NORTH & SECOND AVENUE WEST,1,1,0,0,1,4,,0,35,0,0,0,0,0,2,2,13
,2019-37797,39.719701,-105.025275,7/8/2019 14:41,14:41,1,0,1,FEDERAL BOULEVARD NORTH & SECOND AVENUE,1,1,0,0,1,1,,0,30,0,0,0,0,1,2,2,13
,2019-37798,39.719427,-105.025265,10/10/2019 6:17,6:17,12,0,0,FEDERAL BOULEVARD NORTH & SECOND AVENUE,2,3,0,2,1,4,,0,35,0,0,0,0,0,2,2,14
,2019-37799,39.718903,-105.025014,11/30/2019 0:40,0:40,15,0,0,FEDERAL BOULEVARD & 100 BLOCK NORTH,4,3,0,0,1,4,,0,35,0,0,0,0,0,2,2,1
,2019-3780,39.682287,-105.053202,3/7/2019 9:08,9:08,15,0,0,JEWELL AVENUE WEST & SHERIDAN BOULEVARD SOUTH,1,1,0,0,1,3,,0,40,0,0,0,0,0,2,2,14
,2019-37800,39.718704,-105.025247,8/23/2019 7:58,7:58,15,0,0,FEDERAL BOULEVARD NORTH & FIRST AVENUE WEST,1,1,0,0,1,4,,0,35,0,0,0,0,0,2,2,13
,2019-37801,39.71841,-105.025242,3/3/2019 14:23,14:23,12,0,0,FEDERAL BOULEVARD NORTH & FIRST AVENUE WEST,4,1,0,2,1,1,,0,40,0,0,0,0,0,2,3,13
,2019-37802,39.718251,-105.025245,4/4/2019 10:54,10:54,12,0,0,FEDERAL BOULEVARD NORTH & FIRST AVENUE WEST,1,1,0,0,1,3,,0,30,0,0,0,1,0,2,3,13
,2019-37803,39.718094,-105.025246,3/28/2019 17:54,17:54,3,0,0,FIRST AVENUE WEST & FEDERAL BOULEVARD NORTH,1,1,0,0,1,1,,0,30,0,0,0,0,0,2,2,3
,2019-37804,39.718094,-105.025246,6/7/2019 11:30,11:30,12,0,0,FIRST AVENUE WEST & FEDERAL BOULEVARD NORTH,1,1,0,0,1,3,,0,40,0,0,0,0,0,2,2,13
,2019-37805,39.718094,-105.025246,9/23/2019 2:10,2:10,12,0,0,FEDERAL BOULEVARD NORTH & FIRST AVENUE WEST,1,3,0,0,1,1,,0,30,0,0,0,0,0,2,2,13
,2019-37806,39.718094,-105.025246,10/25/2019 19:08,19:08,5,0,0,FEDERAL BOULEVARD NORTH & FIRST AVENUE WEST,1,2,0,0,2,3,,0,35,0,0,0,0,0,2,2,5
,2019-37807,39.718444,-105.025111,12/8/2019 10:55,10:55,3,0,0,FIRST AVENUE  & FEDERAL BOULEVARD NORTH,1,1,0,0,1,1,,0,35,0,0,0,0,0,2,2,13
,2019-37808,39.71816,-105.0251,12/28/2019 13:31,13:31,14,0,0,FIRST AVENUE WEST & FEDERAL BOULEVARD NORTH,5,1,0,2,1,1,,0,25,0,0,0,0,0,2,2,7
,2019-37809,39.717789,-105.025239,2/1/2019 21:47,21:47,15,0,0,FEDERAL BOULEVARD & ELLSWORTH AVENUE WEST,1,3,0,0,1,4,,0,40,0,0,0,0,0,2,3,1
,2019-3781,39.682287,-105.053202,7/31/2019 18:10,18:10,3,0,0,SHERIDAN BOULEVARD SOUTH & JEWELL AVENUE WEST,1,1,0,0,1,1,,0,35,0,0,0,0,0,2,2,13
,2019-37810,39.717636,-105.025236,2/24/2019 12:07,12:07,12,0,0,FEDERAL BOULEVARD 100 BLOCK NORTH & FIRST AVENUE WEST,1,1,0,0,1,2,,0,35,0,0,0,0,0,2,2,13
,2019-37811,39.717636,-105.025236,6/28/2019 11:41,11:41,12,0,1,FEDERAL BOULEVARD NORTH & FIRST AVENUE WEST,1,1,0,0,1,4,,0,35,0,0,0,0,2,2,3,14
,2019-37812,39.716611,-105.025216,1/26/2019 0:30,0:30,3,0,0,FEDERAL BOULEVARD NORTH & ELLSWORTH AVENUE WEST,1,3,0,0,1,1,,0,,0,0,0,0,0,2,2,13
,2019-37813,39.716455,-105.025219,2/12/2019 8:44,8:44,12,0,0,FEDERAL BOULEVARD NORTH & ELLSWORTH AVENUE,1,1,1,0,1,3,,0,35,0,0,0,0,0,2,2,7
,2019-37814,39.715717,-105.025226,8/1/2019 17:41,17:41,12,0,0,FEDERAL BOULEVARD SOUTH & ELLSWORTH AVENUE,1,1,1,0,1,4,,0,35,0,0,0,0,0,2,2,13
,2019-37815,39.715566,-105.025229,4/9/2019 12:35,12:35,12,0,1,FEDERAL BOULEVARD SOUTH & ARCHER PLACE WEST,1,1,1,0,1,4,,0,35,0,0,0,0,1,2,2,3
,2019-37816,39.714961,-105.025239,3/23/2019 10:40,10:40,3,0,0,BAYAUD AVENUE WEST & FEDERAL BOULEVARD SOUTH,1,1,0,0,1,1,,0,25,0,0,0,0,0,2,2,13
,2019-37817,39.714961,-105.025239,9/14/2019 12:51,12:51,12,0,0,BAYAUD AVENUE  & FEDERAL BOULEVARD SOUTH,1,1,0,0,1,1,,0,25,0,0,0,0,0,2,2,13
,2019-37818,39.71479,-105.025242,9/1/2019 20:10,20:10,12,0,1,FEDERAL BOULEVARD SOUTH & BAYAUD AVENUE,1,3,0,0,1,3,,0,35,0,0,0,0,1,2,2,13
,2019-37819,39.713184,-105.025241,4/5/2019 21:56,21:56,5,0,0,FEDERAL BOULEVARD 200 BLOCK SOUTH & CEDAR AVENUE WEST,1,3,0,0,2,4,,0,35,0,0,0,0,0,2,1,5
,2019-3782,39.691359,-105.053193,12/19/2019 7:50,7:50,3,0,1,SHERIDAN BOULEVARD SOUTH & ARKANSAS AVENUE WEST,1,1,0,0,1,1,,0,30,0,0,0,0,1,2,2,3
,2019-37820,39.713038,-105.025241,7/19/2019 0:00,0:00,1,0,0,FEDERAL BOULEVARD SOUTH & CEDAR AVENUE WEST,1,3,0,0,1,1,,0,35,0,0,0,0,0,2,2,13
,2019-37821,39.713038,-105.025241,9/28/2019 20:00,20:00,15,0,0,FEDERAL BOULEVARD SOUTH & CEDAR AVENUE,1,3,1,0,1,4,,0,35,0,0,0,0,0,2,2,1
,2019-37822,39.712748,-105.025233,2/13/2019 12:14,12:14,12,0,2,FEDERAL BOULEVARD 200 BLOCK SOUTH & CEDAR BOULEVARD WEST,1,1,0,0,1,4,,0,35,0,0,0,0,2,2,2,3
,2019-37823,39.711444,-105.025183,1/26/2019 13:34,13:34,12,0,0,FEDERAL BOULEVARD 200 SOUTH & ALAMEDA AVENUE WEST,1,1,1,0,1,3,,0,35,0,0,0,0,0,2,2,3
,2019-37824,39.711299,-105.02518,3/6/2019 19:27,19:27,12,0,0,FEDERAL BOULEVARD SOUTH & ALAMEDA AVENUE WEST,1,3,0,0,1,3,,0,35,0,0,0,0,0,2,2,10
,2019-37825,39.711299,-105.02518,5/5/2019 18:50,18:50,12,0,0,FEDERAL BOULEVARD & ALAMEDA AVENUE WEST,1,1,0,0,1,3,,0,30,0,0,0,0,0,2,2,1
,2019-37826,39.711299,-105.02518,5/17/2019 8:33,8:33,10,0,0,FEDERAL BOULEVARD SOUTH & ALAMEDA AVENUE WEST,1,1,0,0,1,2,,0,35,0,0,0,0,0,2,2,13
,2019-37827,39.711299,-105.02518,9/30/2019 14:25,14:25,15,0,0,FEDERAL BOULEVARD SOUTH & ALAMEDA AVENUE WEST,1,1,0,0,1,4,,0,30,0,0,0,0,0,2,2,3
,2019-37828,39.711299,-105.02518,10/19/2019 17:22,17:22,12,0,0,FEDERAL BOULEVARD SOUTH & ALAMEDA AVENUE WEST,1,1,0,0,1,3,,0,35,0,0,0,0,0,2,2,13
,2019-37829,39.711299,-105.02518,10/29/2019 6:00,6:00,12,0,0,FEDERAL BOULEVARD SOUTH & ALAMEDA AVENUE WEST,5,3,1,2,1,3,,0,35,0,0,0,0,0,2,2,1
,2019-3783,39.72564,-105.05313,12/21/2019 13:45,13:45,15,0,0,HIGHWAY 6 & SHERIDAN BOULEVARD,1,1,1,0,1,1,,0,35,0,0,0,0,0,2,2,7
,2019-37830,39.711299,-105.02518,12/2/2019 15:07,15:07,12,0,0,FEDERAL BOULEVARD 200 BLOCK SOUTH & ALAMEDA AVENUE WEST,1,1,0,0,1,4,,0,30,0,0,0,0,0,2,2,13
,2019-37831,39.710968,-105.025169,1/8/2019 20:10,20:10,12,0,0,FEDERAL BOULEVARD 300 BLOCK SOUTH & ALAMEDA AVENUE WEST,1,3,0,0,1,3,,0,40,0,0,0,0,0,2,3,13
,2019-37832,39.710968,-105.025169,4/17/2019 7:06,7:06,12,0,0,FEDERAL BOULEVARD 300 BLOCK SOUTH & ALAMEDA AVENUE WEST,1,1,1,0,1,4,,0,40,0,0,0,0,0,2,3,13
,2019-37833,39.740061,-105.025311,6/4/2019 18:32,18:32,3,0,0,FEDERAL BOULEVARD 1100 BLOCK SOUTH & ARIZONA AVENUE WEST,1,1,0,0,1,2,,0,40,0,0,0,0,0,2,2,13
,2019-37834,39.710788,-105.025169,1/25/2019 13:01,13:01,3,0,0,FEDERAL BOULEVARD & 300 SOUTH,1,1,1,0,1,2,,0,30,0,0,0,0,0,2,2,13
,2019-37835,39.710788,-105.025169,4/3/2019 17:48,17:48,15,0,0,FEDERAL BOULEVARD SOUTH & ALAMEDA AVENUE WEST,1,1,1,0,1,3,,0,40,0,0,0,0,0,2,2,13
,2019-37836,39.710788,-105.025169,4/24/2019 16:13,16:13,15,0,0,FEDERAL BOULEVARD SOUTH & ALAMEDA AVENUE WEST,1,1,1,0,1,4,,0,40,0,0,0,0,0,2,2,3
,2019-37837,39.710788,-105.025169,5/19/2019 16:46,16:46,1,0,0,FEDERAL BOULEVARD SOUTH & ALAMEDA AVENUE WEST,1,1,1,0,1,4,,0,40,0,0,0,0,0,2,2,13
,2019-37838,39.710643,-105.025165,10/3/2019 8:28,8:28,15,0,0,FEDERAL BOULEVARD SOUTH & HIGHWAY 26 / ALAMEDA AVENUE WEST,1,1,1,0,1,4,,0,35,0,0,0,0,0,2,2,13
,2019-3784,39.72564,-105.05313,7/5/2019 15:15,15:15,12,0,0,SHERIDAN BOULEVARD NORTH & SIXTH AVENUE NORTH FRONTAGE ROAD,1,1,0,0,1,4,,0,35,0,0,0,0,0,4,2,1
,2019-37840,39.710497,-105.025164,1/6/2019 13:35,13:35,1,0,1,FEDERAL BOULEVARD 300 BLOCK SOUTH & ALAMEDA AVENUE WEST,1,1,0,0,1,2,,0,40,0,0,0,0,1,2,2,13
,2019-37841,39.710497,-105.025164,3/29/2019 15:20,15:20,15,0,0,FEDERAL BOULEVARD SOUTH 200 BLOCK & ALAMEDA AVENUE WEST,1,1,1,0,1,4,,0,,0,0,0,0,0,2,2,13
,2019-37842,39.710292,-105.025092,12/23/2019 16:07,16:07,3,0,0,FEDERAL BOULEVARD 300 BLOCK SOUTH & ALAMEDA AVENUE WEST,1,1,1,0,1,2,,0,30,0,0,0,0,0,2,2,13
,2019-37843,39.707648,-105.025079,10/18/2019 14:12,14:12,1,0,2,FEDERAL BOULEVARD SOUTH & VIRGINIA AVENUE,1,1,0,0,1,1,,0,40,0,0,0,0,2,2,2,3
,2019-37845,39.710207,-105.025164,9/17/2019 6:25,6:25,15,0,0,FEDERAL BOULEVARD SOUTH & HIGHWAY 26 / ALAMEDA AVENUE WEST,1,1,1,0,1,4,,0,35,0,0,0,0,0,2,2,1
,2019-37846,39.70995,-105.025076,10/18/2019 15:00,15:00,15,0,0,FEDERAL BOULEVARD SOUTH & ALAMEDA AVENUE WEST,1,1,0,0,1,4,,0,35,0,0,0,0,0,2,2,1
,2019-37847,39.709556,-105.025076,8/5/2019 13:14,13:14,15,0,0,FEDERAL BOULEVARD SOUTH & DAKOTA AVENUE WEST,1,1,0,0,1,4,,0,40,0,0,0,0,0,2,2,13
,2019-37848,39.709425,-105.025076,3/24/2019 18:36,18:36,12,0,0,FEDERAL BOULEVARD 300 BLOCK SOUTH & DAKOTA AVENUE WEST,1,1,0,0,1,1,,0,35,0,0,0,0,0,2,2,5
,2019-37849,39.709291,-105.025077,10/8/2019 15:50,15:50,15,0,0,FEDERAL BOULEVARD SOUTH & DAKOTA AVENUE,1,1,0,0,1,4,,0,35,0,0,0,0,0,2,2,13
,2019-37850,39.709136,-105.025078,5/12/2019 12:53,12:53,12,0,1,FEDERAL BOULEVARD SOUTH & DAKOTA AVENUE WEST,1,1,1,0,1,3,,0,35,0,0,0,0,1,2,2,5
,2019-37851,39.709136,-105.025078,8/11/2019 14:04,14:04,12,0,0,FEDERAL BOULEVARD SOUTH & DAKOTA AVENUE WEST,1,1,0,0,1,3,,0,30,0,0,0,0,0,2,2,3
,2019-37852,39.708825,-105.025081,8/4/2019 11:26,11:26,12,0,0,FEDERAL BOULEVARD SOUTH & DAKOTA AVENUE WEST,1,1,0,0,1,4,,0,35,0,0,0,0,0,2,2,13
,2019-37853,39.708516,-105.025084,1/13/2019 5:22,5:22,5,0,1,FEDERAL BOULEVARD 400 BLOCK SOUTH & ALASKA PLACE WEST,1,3,0,0,3,4,,0,35,0,0,0,0,1,2,4,2
,2019-37854,39.708516,-105.025084,5/7/2019 8:15,8:15,12,0,0,FEDERAL BOULEVARD SOUTH & ALASKA PLACE WEST,2,1,0,0,1,1,,0,35,0,0,0,0,0,2,2,1
,2019-37855,39.70808,-105.025082,2/15/2019 11:45,11:45,15,0,0,FEDERAL BOULEVARD 500 BLOCK SOUTH & VIRGINIA AVENUE WEST,1,1,0,0,1,4,,0,40,0,0,0,0,0,2,2,13
,2019-37856,39.70808,-105.025082,5/20/2019 13:14,13:14,3,0,0,FEDERAL BOULEVARD SOUTH & VIRGINIA AVENUE WEST,1,1,0,0,1,2,,0,30,0,0,0,0,0,2,2,13
,2019-37857,39.707648,-105.025079,2/2/2019 1:42,1:42,12,0,1,FEDERAL BOULEVARD SOUTH & VIRGINIA AVENUE WEST,1,3,0,0,1,3,,0,35,0,0,0,0,1,2,2,5
,2019-37858,39.707532,-105.025074,9/12/2019 13:53,13:53,15,0,0,FEDERAL BOULEVARD SOUTH & VIRGINIA AVENUE,1,1,0,0,1,3,,0,35,0,0,0,0,0,2,2,13
,2019-37859,39.707532,-105.025074,9/20/2019 18:05,18:05,15,0,0,FEDERAL BOULEVARD SOUTH & VIRGINIA AVENUE,1,1,0,0,1,3,,0,30,0,0,0,0,0,2,2,13
,2019-37860,39.707384,-105.025074,1/27/2019 15:30,15:30,12,0,0,FEDERAL BOULEVARD SOUTH & VIRGINIA AVENUE WEST,1,1,0,0,1,4,,0,,0,0,0,0,0,2,4,13
,2019-37861,39.707384,-105.025074,1/29/2019 11:02,11:02,12,0,1,FEDERAL BOULEVARD 400 SOUTH & VIRGINIA AVENUE WEST,2,1,0,0,1,4,,0,35,0,0,0,0,2,2,2,13
,2019-37862,39.707384,-105.025074,4/25/2019 7:16,7:16,12,0,0,FEDERAL BOULEVARD 400 BLOCK SOUTH & VIRGINIA AVENUE WEST,1,1,0,0,1,4,,0,40,0,0,0,0,0,2,3,13
,2019-37863,39.707384,-105.025074,11/6/2019 11:11,11:11,15,0,0,FEDERAL BOULEVARD SOUTH & VIRGINIA AVENUE,1,1,0,0,1,4,,0,35,0,0,0,0,0,2,2,13
,2019-37864,39.707384,-105.025074,11/14/2019 10:10,10:10,15,0,0,FEDERAL BOULEVARD SOUTH & VIRGINIA AVENUE,1,1,0,0,1,4,,0,30,0,0,0,0,0,2,2,13
,2019-37865,39.707233,-105.025077,1/18/2019 10:47,10:47,15,0,0,FEDERAL BOULEVARD & 500 SOUTH,4,1,0,2,1,4,,0,30,0,0,0,0,0,2,2,13
,2019-37866,39.706931,-105.025082,1/3/2019 12:00,12:00,12,0,0,FEDERAL BOULEVARD SOUTH & VIRGINIA AVENUE WEST,1,1,0,0,1,4,,0,35,0,0,0,0,0,2,2,3
,2019-37867,39.706931,-105.025082,8/5/2019 8:33,8:33,15,0,0,FEDERAL BOULEVARD SOUTH & VIRGINIA AVENUE,1,1,0,0,1,4,,0,35,0,0,0,0,0,2,2,13
,2019-37868,39.706635,-105.025085,8/19/2019 9:26,9:26,12,0,0,FEDERAL BOULEVARD SOUTH & CUSTER PLACE WEST,1,1,0,0,1,3,,0,30,0,0,0,0,0,2,2,13
,2019-37869,39.705779,-105.025084,9/29/2019 20:22,20:22,3,0,0,FEDERAL BOULEVARD SOUTH & CENTER AVENUE WEST,1,3,0,0,1,1,,0,35,0,0,0,0,0,2,2,1
,2019-37870,39.705489,-105.025083,9/17/2019 16:09,16:09,1,0,0,FEDERAL BOULEVARD SOUTH & OHIO AVENUE,1,1,0,0,1,2,,0,35,0,0,0,0,0,2,2,7
,2019-37871,39.705342,-105.025081,12/5/2019 16:50,16:50,12,0,0,FEDERAL BOULEVARD 600 BLOCK SOUTH & CENTER AVENUE,2,1,0,1,1,4,,0,30,0,0,0,0,0,2,3,5
,2019-37872,39.704312,-105.025086,7/21/2019 12:07,12:07,12,0,0,FEDERAL BOULEVARD SOUTH & EXPOSITION AVENUE ROAD WEST,1,1,1,0,1,4,,0,35,0,0,0,0,0,2,2,13
,2019-37873,39.704019,-105.02509,12/11/2019 6:50,6:50,1,0,2,FEDERAL BOULEVARD SOUTH & EXPOSITION AVENUE WEST,1,1,0,0,1,1,,0,35,0,0,0,0,2,2,3,13
,2019-37874,39.701328,-105.025067,8/3/2019 16:51,16:51,1,0,0,FEDERAL BOULEVARD SOUTH & ADA PLACE WEST,1,1,0,0,1,1,,0,45,0,0,0,0,0,2,3,13
,2019-37875,39.703863,-105.025084,2/27/2019 6:01,6:01,15,0,2,FEDERAL BOULEVARD 700 BLOCK SOUTH & EXPOSITION AVENUE WEST,1,3,0,0,1,4,,0,35,0,0,0,0,2,2,3,13
,2019-37876,39.703863,-105.025084,8/22/2019 17:04,17:04,12,0,0,FEDERAL BOULEVARD SOUTH & EXPOSITION AVENUE,1,1,0,0,1,1,,0,40,0,0,0,0,0,2,2,13
,2019-37877,39.703863,-105.025084,9/11/2019 17:38,17:38,12,0,0,EXPOSITION AVENUE  & FEDERAL BOULEVARD SOUTH,1,1,0,0,1,1,,0,25,0,0,0,0,0,2,2,13
,2019-37878,39.70371,-105.025079,8/14/2019 7:55,7:55,12,0,0,FEDERAL BOULEVARD SOUTH & EXPOSITION AVENUE ROAD WEST,1,1,0,0,1,4,,0,40,0,0,0,0,0,2,3,13
,2019-37879,39.70325,-105.025066,5/12/2019 21:46,21:46,12,0,1,FEDERAL BOULEVARD SOUTH & OHIO AVENUE WEST,1,3,0,0,1,4,,0,35,0,0,0,0,2,2,2,13
,2019-37880,39.703097,-105.025062,9/14/2019 17:41,17:41,15,0,0,FEDERAL BOULEVARD SOUTH & WALSH PLACE WEST,1,1,0,0,1,1,,0,40,0,0,0,0,0,2,2,13
,2019-37881,39.702948,-105.025062,7/11/2019 13:29,13:29,1,0,0,FEDERAL BOULEVARD SOUTH & WALSH PLACE WEST,1,1,0,0,1,2,,0,30,0,0,0,0,0,2,2,13
,2019-37882,39.702059,-105.02506,2/19/2019 18:21,18:21,15,0,0,FEDERAL BOULEVARD SOUTH & OHIO AVENUE WEST,4,3,1,0,1,4,,0,40,0,0,0,0,0,2,2,3