id,drcog_id,latitude,longitude,crashtime,time,crashtype,numbkilled,numbinjurd,drcoglocat,rdconditin,lightngcon,roadcntgrd,weatherco,location,roaddescrp,schoolzone,constrzone,splimit,bikeinv,sctrinv,pedinv,motoinv,svrty,rdsystem,ttlvehcls,hcf
,2019-37883,39.702078,-105.025083,12/26/2019 18:49,18:49,12,0,2,FEDERAL BOULEVARD SOUTH & OHIO AVENUE,1,2,0,0,1,1,,0,40,0,0,0,0,1,2,2,13
,2019-37884,39.701604,-105.02512,6/28/2019 8:04,8:04,12,0,0,FEDERAL BOULEVARD SOUTH & 845 SOUTH FEDERAL BOULEVARD,1,1,1,0,1,2,,0,35,0,0,0,0,0,2,2,13
,2019-37885,39.701328,-105.025067,4/11/2019 16:59,16:59,3,0,0,FEDERAL BOULEVARD SOUTH & ADA PLACE WEST,1,1,0,0,1,1,,0,40,0,0,0,0,0,2,2,3
,2019-37886,39.701328,-105.025067,5/23/2019 14:16,14:16,1,0,0,FEDERAL BOULEVARD SOUTH & ADA PLACE WEST,1,1,0,0,1,1,,0,30,0,0,0,0,0,2,2,13
,2019-37887,39.701175,-105.02507,1/12/2019 19:40,19:40,12,0,0,FEDERAL BOULEVARD 800 BLOCK SOUTH & ADA PLACE WEST,2,3,0,0,1,3,,0,35,0,0,0,0,0,2,3,13
,2019-37888,39.700869,-105.025076,8/5/2019 8:14,8:14,15,0,0,FEDERAL BOULEVARD SOUTH & KENTUCKY AVENUE WEST,1,1,0,0,1,4,,0,35,0,0,0,0,0,2,2,13
,2019-37889,39.700869,-105.025076,9/3/2019 14:29,14:29,15,0,0,FEDERAL BOULEVARD SOUTH & KENTUCKY AVENUE WEST,1,1,0,0,1,4,,0,40,0,0,0,0,0,2,2,3
,2019-37890,39.700716,-105.025079,12/11/2019 12:10,12:10,3,0,0,FEDERAL BOULEVARD 800 BLOCK SOUTH & KENTUCKY AVENUE WEST,1,1,0,0,1,2,,0,35,0,0,0,0,0,2,2,13
,2019-37891,39.700563,-105.025082,5/12/2019 21:11,21:11,15,0,0,FEDERAL BOULEVARD SOUTH & KENTUCKY AVENUE WEST,1,3,0,0,1,4,,0,35,0,0,0,0,0,2,2,1
,2019-37892,39.700563,-105.025082,6/18/2019 14:08,14:08,14,0,0,FEDERAL BOULEVARD SOUTH & KENTUCKY AVENUE WEST,1,1,0,0,1,3,,0,40,0,0,0,0,0,2,2,13
,2019-37893,39.700563,-105.025082,6/18/2019 17:03,17:03,12,0,2,FEDERAL BOULEVARD SOUTH & KENTUCKY AVENUE WEST,1,1,0,0,1,3,,0,40,0,0,0,0,2,2,2,5
,2019-37894,39.700563,-105.025082,6/28/2019 20:28,20:28,12,0,0,FEDERAL BOULEVARD SOUTH & KENTUCKY AVENUE WEST,1,2,0,0,1,3,,0,40,0,0,0,0,0,2,2,12
,2019-37895,39.700563,-105.025082,7/20/2019 13:34,13:34,3,0,0,FEDERAL BOULEVARD SOUTH & KENTUCKY AVENUE WEST,1,1,0,0,1,2,,0,40,0,0,0,0,0,2,2,14
,2019-37896,39.700563,-105.025082,8/11/2019 22:27,22:27,15,0,0,FEDERAL BOULEVARD SOUTH & KENTUCKY AVENUE WEST,1,3,0,0,1,4,,0,35,0,0,0,0,0,2,2,13
,2019-37897,39.700563,-105.025082,9/15/2019 19:29,19:29,12,0,0,FEDERAL BOULEVARD SOUTH & KENTUCKY AVENUE WEST,1,3,0,0,1,3,,0,30,0,0,0,0,0,2,2,5
,2019-37898,39.70041,-105.025085,8/18/2019 19:50,19:50,3,0,0,FEDERAL BOULEVARD SOUTH & KENTUCKY AVENUE WEST,1,4,0,0,1,1,,0,40,0,0,0,0,0,2,2,1
,2019-37899,39.70041,-105.025085,9/14/2019 22:49,22:49,3,0,0,FEDERAL BOULEVARD SOUTH & KENTUCKY AVENUE WEST,1,3,0,0,1,1,,0,25,0,0,0,0,0,2,2,5
,2019-37900,39.70041,-105.025085,9/27/2019 21:16,21:16,15,0,0,FEDERAL BOULEVARD SOUTH & KENTUCKY AVENUE WEST,2,3,0,0,1,1,,0,45,0,0,0,0,0,2,2,13
,2019-37902,39.70041,-105.025085,9/29/2019 13:20,13:20,1,0,1,FEDERAL BOULEVARD SOUTH & KENTUCKY AVENUE WEST,1,1,0,0,1,1,,0,40,0,0,0,0,1,2,3,13
,2019-37903,39.70041,-105.025085,10/6/2019 21:35,21:35,1,0,0,FEDERAL BOULEVARD SOUTH & KENTUCKY AVENUE WEST,1,3,0,0,1,1,,0,30,0,0,0,0,0,2,2,12
,2019-37904,39.70041,-105.025085,10/24/2019 16:33,16:33,1,0,0,FEDERAL BOULEVARD SOUTH & KENTUCKY AVENUE WEST,1,1,0,0,1,1,,0,35,0,0,0,0,0,2,3,13
,2019-37905,39.70041,-105.025085,11/1/2019 13:11,13:11,1,0,1,FEDERAL BOULEVARD SOUTH & KENTUCKY AVENUE WEST,2,1,0,0,1,1,,0,35,0,0,0,0,2,2,2,13
,2019-37906,39.70041,-105.025085,12/12/2019 14:49,14:49,15,0,0,FEDERAL BOULEVARD SOUTH & KENTUCKY AVENUE WEST,1,1,0,0,1,1,,0,40,0,0,0,0,0,2,2,7
,2019-37907,39.70041,-105.025085,12/17/2019 10:05,10:05,3,0,0,FEDERAL BOULEVARD SOUTH & KENTUCKY AVENUE WEST,1,1,0,0,1,1,,0,40,0,0,0,0,0,2,3,1
,2019-37909,39.700263,-105.025084,7/30/2019 12:27,12:27,12,0,0,FEDERAL BOULEVARD SOUTH & KENTUCKY AVENUE WEST,1,1,0,0,1,3,,0,40,0,0,0,0,0,2,3,12
,2019-37910,39.700263,-105.025084,11/12/2019 9:45,9:45,12,0,0,FEDERAL BOULEVARD SOUTH & KENTUCKY AVENUE WEST,1,1,0,0,1,3,,0,40,0,0,0,0,0,2,2,1
,2019-37911,39.699085,-105.025076,4/3/2019 12:55,12:55,12,0,0,FEDERAL BOULEVARD 900 BLOCK SOUTH & TENNESSEE AVENUE WEST,1,1,0,0,1,4,,0,30,0,0,0,0,0,2,2,13
,2019-37912,39.699085,-105.025076,11/9/2019 7:31,7:31,12,0,0,FEDERAL BOULEVARD SOUTH & FORD PLACE WEST,1,1,0,0,1,3,,0,40,0,0,0,0,0,2,2,12
,2019-37913,39.698932,-105.025073,7/14/2019 10:51,10:51,15,0,0,FEDERAL BOULEVARD SOUTH & TENNESSEE AVENUE WEST,1,1,0,0,1,4,,0,35,0,0,0,0,0,2,2,13
,2019-37914,39.698627,-105.025068,6/23/2019 17:53,17:53,3,0,1,FEDERAL BOULEVARD SOUTH & TENNESSEE AVENUE WEST,1,1,0,0,1,1,,0,30,0,0,0,0,1,2,2,8
,2019-37915,39.698627,-105.025068,8/28/2019 15:57,15:57,1,0,0,FEDERAL BOULEVARD SOUTH & TENNESSEE AVENUE WEST,1,1,0,0,1,1,,0,40,0,0,0,0,0,2,2,3
,2019-37916,39.698194,-105.025066,1/15/2019 8:36,8:36,12,0,0,FEDERAL BOULEVARD 1000 BLOCK SOUTH & TENNESSEE AVENUE WEST,5,1,0,0,1,4,,0,35,0,0,0,0,0,2,3,13
,2019-37917,39.697336,-105.025063,8/20/2019 13:32,13:32,15,0,0,FEDERAL BOULEVARD SOUTH & MISSISSIPPI AVENUE WEST,1,1,0,0,1,4,,0,40,0,0,0,0,0,2,2,3
,2019-37918,39.697336,-105.025063,10/11/2019 19:05,19:05,15,0,0,FEDERAL BOULEVARD SOUTH & MISSISSIPPI AVENUE WEST,1,3,0,0,1,4,,0,40,0,0,0,0,0,2,2,1
,2019-37919,39.69705,-105.025062,7/15/2019 0:30,0:30,15,0,0,FEDERAL BOULEVARD SOUTH & MISSISSIPPI AVENUE WEST,1,3,0,0,1,3,,0,35,0,0,0,0,0,2,2,6
,2019-37920,39.689486,-105.025058,11/30/2019 0:50,0:50,3,0,0,FEDERAL BOULEVARD SOUTH & FLORIDA AVENUE WEST,5,3,0,2,1,1,,0,,0,0,0,0,0,2,2,13
,2019-37921,39.69705,-105.025062,8/10/2019 16:52,16:52,3,0,0,FEDERAL BOULEVARD SOUTH & MISSISSIPPI AVENUE WEST,1,1,0,0,1,2,,0,35,0,0,0,0,0,2,3,1
,2019-37922,39.684034,-105.02502,2/12/2019 16:12,16:12,12,0,0,FEDERAL BOULEVARD SOUTH & COLORADO AVENUE WEST,1,1,0,0,1,3,,0,40,0,0,0,0,0,2,2,1
,2019-37923,39.69705,-105.025062,8/11/2019 22:26,22:26,15,0,0,FEDERAL BOULEVARD SOUTH & MISSISSIPPI AVENUE WEST,1,3,0,0,1,3,,0,40,0,0,0,0,0,2,2,14
,2019-37924,39.69705,-105.025062,10/15/2019 8:25,8:25,15,0,0,FEDERAL BOULEVARD SOUTH & MISSISSIPPI AVENUE WEST,1,1,0,0,1,4,,0,40,0,0,0,0,0,2,2,13
,2019-37925,39.69705,-105.025062,11/7/2019 14:53,14:53,15,0,0,FEDERAL BOULEVARD SOUTH & MISSISSIPPI AVENUE WEST,1,1,0,0,1,4,,0,40,0,0,0,0,0,2,2,13
,2019-37926,39.69705,-105.025062,11/19/2019 5:44,5:44,15,0,0,FEDERAL BOULEVARD SOUTH & MISSISSIPPI AVENUE WEST,1,3,0,0,1,4,,0,35,0,0,0,0,0,2,2,13
,2019-37927,39.696907,-105.025062,4/7/2019 21:01,21:01,15,0,1,FEDERAL BOULEVARD 1000 BLOCK SOUTH & MISSISSIPPI AVENUE WEST,1,3,0,0,1,4,,0,35,0,0,0,0,1,2,4,13
,2019-37928,39.738375,-104.961006,8/3/2019 16:25,16:25,10,0,0,14TH AVENUE EAST & GAYLORD STREET NORTH,1,1,0,0,1,1,,0,30,0,0,0,0,0,4,2,13
,2019-37929,39.696907,-105.025062,6/24/2019 20:20,20:20,12,0,0,FEDERAL BOULEVARD SOUTH & MISSISSIPPI AVENUE WEST,1,3,0,0,1,3,,0,40,0,0,0,0,0,2,3,3
,2019-37930,39.696764,-105.025061,1/14/2019 12:26,12:26,15,0,0,FEDERAL BOULEVARD SOUTH & MISSISSIPPI AVENUE WEST,1,1,0,0,1,4,,1,30,0,0,0,0,0,2,2,13
,2019-37931,39.696764,-105.025061,3/30/2019 10:26,10:26,3,0,0,FEDERAL BOULEVARD SOUTH & MISSISSIPPI AVENUE WEST,1,2,0,0,1,1,,0,35,0,0,0,0,0,2,2,13
,2019-37932,39.696764,-105.025061,5/14/2019 15:43,15:43,15,0,0,FEDERAL BOULEVARD SOUTH & MISSISSIPPI AVENUE WEST,1,1,0,0,1,1,,0,40,0,0,0,0,0,2,2,3
,2019-37933,39.673348,-105.025054,1/3/2019 18:20,18:20,3,0,0,FEDERAL BOULEVARD SOUTH & WESLEY AVENUE WEST,1,4,0,0,1,1,,0,,0,0,0,0,0,2,2,13
,2019-37934,39.696764,-105.025061,5/28/2019 12:15,12:15,3,0,0,FEDERAL BOULEVARD SOUTH & MISSISSIPPI AVENUE WEST,1,1,0,1,1,1,,0,35,0,0,0,0,0,2,2,7
,2019-37935,39.696764,-105.025061,6/21/2019 15:56,15:56,1,0,0,FEDERAL BOULEVARD SOUTH & MISSISSIPPI AVENUE WEST,2,1,0,1,1,1,,0,40,0,0,0,0,0,2,3,3
,2019-37936,39.696764,-105.025061,7/2/2019 21:44,21:44,3,0,0,FEDERAL BOULEVARD SOUTH & MISSISSIPPI AVENUE WEST,1,3,0,0,1,1,,0,35,0,0,0,0,0,2,2,13
,2019-37937,39.696764,-105.025061,8/4/2019 16:07,16:07,1,0,0,MISSISSIPPI AVENUE WEST & FEDERAL BOULEVARD SOUTH,1,1,0,0,1,1,,0,30,0,0,0,0,0,2,2,13
,2019-37938,39.695164,-105.025062,5/12/2019 10:38,10:38,15,0,0,FEDERAL BOULEVARD SOUTH & ARIZONA AVENUE WEST,1,1,0,0,1,4,,0,35,0,0,0,0,0,2,2,13
,2019-37939,39.696764,-105.025061,8/20/2019 15:51,15:51,1,0,1,FEDERAL BOULEVARD SOUTH & MISSISSIPPI AVENUE WEST,1,1,0,0,1,1,,0,40,0,0,0,0,1,2,3,3
,2019-37940,39.696764,-105.025061,10/6/2019 21:05,21:05,3,0,0,FEDERAL BOULEVARD SOUTH & MISSISSIPPI AVENUE WEST,1,3,0,0,1,1,,0,30,0,0,0,0,0,2,4,5
,2019-37941,39.696747,-105.025058,12/26/2019 17:21,17:21,1,0,1,FEDERAL BOULEVARD SOUTH & MISSISSIPPI AVENUE WEST,1,3,0,0,1,1,,0,40,0,0,0,0,2,2,2,7
,2019-37942,39.696607,-105.025062,10/8/2019 19:35,19:35,12,0,3,FEDERAL BOULEVARD SOUTH & MISSISSIPPI AVENUE WEST,1,3,0,0,1,4,,0,40,0,0,0,0,2,2,4,14
,2019-37943,39.696607,-105.025062,10/19/2019 20:21,20:21,12,0,0,FEDERAL BOULEVARD SOUTH & MISSISSIPPI AVENUE WEST,1,3,0,0,1,3,,0,40,0,0,0,0,0,2,3,13
,2019-37944,39.696607,-105.025062,11/27/2019 13:15,13:15,15,0,0,FEDERAL BOULEVARD SOUTH & MISSISSIPPI AVENUE WEST,2,1,0,0,1,3,,0,40,0,0,0,0,0,2,2,3
,2019-37945,39.696449,-105.025063,2/16/2019 14:50,14:50,12,0,0,FEDERAL BOULEVARD SOUTH & MISSISSIPPI AVENUE WEST,2,1,0,2,1,4,,0,40,0,0,0,0,0,2,2,3
,2019-37946,39.696132,-105.025064,5/27/2019 11:51,11:51,1,0,1,FEDERAL BOULEVARD SOUTH & MISSISSIPPI AVENUE WEST,1,1,0,0,1,2,,0,30,0,0,0,0,2,2,3,13
,2019-37950,39.696032,-105.025086,8/18/2019 20:00,20:00,12,0,0,FEDERAL BOULEVARD SOUTH & 1123 SOUTH FEDERAL BOULEVARD,1,3,0,0,1,4,,0,35,0,0,0,0,0,2,3,13
,2019-37951,39.695855,-105.025065,8/16/2019 9:10,9:10,12,0,0,FEDERAL BOULEVARD SOUTH & MISSISSIPPI AVENUE WEST,1,1,0,0,1,4,,0,35,0,0,0,0,0,2,3,1
,2019-37952,39.693397,-105.025039,4/22/2019 15:35,15:35,12,0,0,FEDERAL BOULEVARD SOUTH & LOUISIANA AVENUE WEST,2,1,0,0,1,4,,0,40,0,0,0,0,0,2,2,1
,2019-37953,39.695831,-105.024975,9/25/2019 16:22,16:22,15,0,0,FEDERAL BOULEVARD 1100 BLOCK SOUTH & ARIZONA AVENUE WEST,1,1,0,0,1,3,,0,40,0,0,0,0,0,2,2,14
,2019-37954,39.695164,-105.025062,10/22/2019 9:05,9:05,15,0,0,FEDERAL BOULEVARD SOUTH & ARIZONA AVENUE WEST,1,1,1,0,1,4,,0,35,0,0,0,0,0,2,2,1
,2019-37955,39.695833,-105.025064,12/31/2019 19:02,19:02,12,0,0,FEDERAL BOULEVARD 1100 BLOCK SOUTH & ARIZONA AVENUE WEST,1,3,0,0,1,4,,0,40,0,0,0,0,0,2,3,13
,2019-37956,39.694884,-105.025057,6/15/2019 16:07,16:07,1,0,2,FEDERAL BOULEVARD 1200 BLOCK SOUTH & ARIZONA AVENUE WEST,1,1,0,0,1,3,,0,35,0,0,0,0,2,2,2,13
,2019-37957,39.694884,-105.025057,10/13/2019 20:23,20:23,1,0,0,FEDERAL BOULEVARD SOUTH & ARIZONA AVENUE WEST,1,3,0,0,1,1,,0,35,0,0,0,1,0,2,2,13
,2019-37958,39.694586,-105.025053,8/25/2019 13:31,13:31,1,0,0,FEDERAL BOULEVARD SOUTH & ARIZONA AVENUE WEST,1,1,0,0,1,1,,0,,0,0,0,0,0,2,2,13
,2019-37959,39.694289,-105.02505,6/3/2019 13:46,13:46,1,0,0,FEDERAL BOULEVARD SOUTH & ARIZONA AVENUE WEST,1,1,0,0,1,2,,0,30,0,0,0,0,0,2,2,13
,2019-37960,39.694096,-105.025085,5/19/2019 19:04,19:04,1,0,0,FEDERAL BOULEVARD SOUTH & 1255 SOUTH FEDERAL BOULEVARD,1,1,0,0,1,2,,0,45,0,0,0,0,0,2,2,13
,2019-37961,39.693991,-105.025046,8/25/2019 15:58,15:58,12,0,0,FEDERAL BOULEVARD SOUTH & LOUISIANA AVENUE WEST,1,1,0,0,1,4,,0,40,0,0,0,0,0,2,2,1
,2019-37962,39.693694,-105.025043,7/5/2019 8:16,8:16,14,0,1,FEDERAL BOULEVARD SOUTH & LOUISIANA AVENUE WEST,1,1,0,0,1,4,,0,40,0,0,0,0,1,2,2,13
,2019-37964,39.693545,-105.025041,12/6/2019 11:03,11:03,1,0,1,FEDERAL BOULEVARD 1200 BLOCK SOUTH & LOUISIANA AVENUE WEST,1,1,0,0,1,2,,0,30,0,0,0,0,2,2,2,13
,2019-37965,39.693397,-105.025039,3/20/2019 16:05,16:05,12,0,0,FEDERAL BOULEVARD SOUTH & LOUISIANA AVENUE WEST,1,1,0,0,1,4,,0,40,0,0,0,0,0,2,2,13
,2019-37966,39.738321,-104.9183505,12/18/2019 11:40,11:40,10,0,0,14TH AVENUE EAST & JASMINE STREET NORTH,1,1,0,0,1,1,,0,35,0,0,0,0,0,4,2,8
,2019-37967,39.693397,-105.025039,10/31/2019 10:47,10:47,3,0,0,FEDERAL BOULEVARD SOUTH & LOUISIANA AVENUE WEST,1,1,0,0,1,2,,0,40,0,0,0,0,0,2,2,3
,2019-37968,39.693248,-105.025038,1/9/2019 17:53,17:53,15,0,0,FEDERAL BOULEVARD SOUTH & LOUISIANA AVENUE WEST,1,2,0,0,1,3,,0,40,0,0,0,0,0,2,2,3
,2019-37969,39.693248,-105.025038,1/31/2019 8:32,8:32,12,0,0,FEDERAL BOULEVARD 1300 BLOCK SOUTH & LOUISIANA AVENUE WEST,1,1,0,0,1,4,,0,35,0,0,0,0,0,2,3,13
,2019-37970,39.693248,-105.025038,7/12/2019 16:12,16:12,12,0,0,FEDERAL BOULEVARD SOUTH & LOUISIANA AVENUE WEST,1,1,0,0,1,4,,0,40,0,0,0,0,0,2,2,13
,2019-37971,39.693248,-105.025038,7/22/2019 14:30,14:30,12,0,0,FEDERAL BOULEVARD SOUTH & LOUISIANA AVENUE WEST,1,1,0,0,1,3,,0,35,0,0,0,0,0,2,2,13
,2019-37972,39.693248,-105.025038,8/5/2019 11:50,11:50,12,0,0,FEDERAL BOULEVARD SOUTH & LOUISIANA AVENUE WEST,1,1,0,0,1,3,,0,30,0,0,0,0,0,2,4,13
,2019-37973,39.693248,-105.025038,10/4/2019 13:34,13:34,15,0,0,FEDERAL BOULEVARD SOUTH & LOUISIANA AVENUE WEST,1,1,0,0,1,3,,0,30,0,0,0,0,0,2,2,13
,2019-37974,39.693248,-105.025038,11/17/2019 11:08,11:08,15,0,0,FEDERAL BOULEVARD SOUTH & LOUISIANA AVENUE WEST,1,1,0,0,1,3,,0,40,0,0,0,0,0,2,2,13
,2019-37975,39.6931,-105.025036,1/13/2019 19:03,19:03,1,0,0,FEDERAL BOULEVARD SOUTH & LOUISIANA AVENUE WEST,1,3,0,0,1,1,,0,35,0,0,0,0,0,2,2,7
,2019-37976,39.6931,-105.025036,1/29/2019 17:56,17:56,1,0,0,FEDERAL BOULEVARD SOUTH & LOUISIANA AVENUE WEST,2,3,0,0,1,1,,0,35,0,0,0,0,0,2,2,13
,2019-37977,39.6931,-105.025036,3/4/2019 16:05,16:05,12,0,0,FEDERAL BOULEVARD SOUTH & LOUISIANA AVENUE WEST,1,1,0,0,1,1,,0,40,0,0,0,0,0,2,2,3
,2019-37978,39.733713,-104.979879,6/17/2019 13:48,13:48,3,0,0,PEARL STREET NORTH & 11TH AVENUE EAST,1,1,0,0,1,1,,0,25,0,0,0,0,0,4,2,13
,2019-37979,39.6931,-105.025036,5/16/2019 11:03,11:03,15,0,0,FEDERAL BOULEVARD SOUTH & LOUISIANA AVENUE WEST,1,1,0,0,1,1,,0,40,0,0,0,0,0,2,2,2
,2019-37980,39.6931,-105.025036,6/15/2019 22:09,22:09,12,0,1,LOUISIANA AVENUE WEST & FEDERAL BOULEVARD SOUTH,1,3,0,0,1,1,,0,40,0,0,0,0,1,2,2,13
,2019-37981,39.6931,-105.025036,10/4/2019 22:04,22:04,12,0,0,FEDERAL BOULEVARD SOUTH & LOUISIANA BOULEVARD WEST,1,3,0,0,1,1,,0,40,0,0,0,0,0,2,2,3
,2019-37982,39.69281,-105.025038,7/26/2019 11:21,11:21,1,0,0,FEDERAL BOULEVARD SOUTH & LOUISIANA AVENUE WEST,1,1,0,0,1,2,,0,40,0,0,0,0,0,2,2,3
,2019-37983,39.692273,-105.025206,5/21/2019 16:26,16:26,15,0,0,FEDERAL BOULEVARD SOUTH & 1339 SOUTH FEDERAL BOULEVARD,2,1,0,0,1,2,,0,30,0,0,0,0,0,2,2,13
,2019-37984,39.691649,-105.025046,11/22/2019 14:11,14:11,15,0,0,FEDERAL BOULEVARD SOUTH & ARKANSAS AVENUE,1,1,0,0,1,4,,0,40,0,0,0,0,0,2,2,8
,2019-37985,39.691359,-105.025048,2/22/2019 18:20,18:20,12,0,0,FEDERAL BOULEVARD SOUTH & ARKANSAS AVENUE WEST,4,3,0,2,1,1,,0,35,0,0,0,0,0,2,2,7
,2019-37986,39.691359,-105.025048,6/23/2019 23:13,23:13,1,0,0,ARKANSAS AVENUE WEST & FEDERAL BOULEVARD SOUTH,1,3,0,0,1,1,,0,35,0,0,0,0,0,2,2,13
,2019-37987,39.691359,-105.025048,7/29/2019 16:20,16:20,12,0,0,FEDERAL BOULEVARD SOUTH & ARKANSAS AVENUE,1,1,0,0,1,1,,0,40,0,0,0,0,0,2,2,3
,2019-37988,39.691359,-105.025048,10/28/2019 15:10,15:10,12,0,0,FEDERAL BOULEVARD SOUTH & ARKANSAS AVENUE,1,1,0,0,1,1,,0,40,0,0,0,0,0,2,3,1
,2019-37991,39.690746,-105.025049,2/4/2019 13:40,13:40,12,0,0,FEDERAL BOULEVARD SOUTH & ARKANSAS AVENUE WEST,1,1,0,0,1,3,,0,35,0,0,0,0,0,2,2,13
,2019-37992,39.690746,-105.025049,2/20/2019 7:40,7:40,12,0,0,FEDERAL BOULEVARD & 1400 BLOCK NORTH,1,1,0,0,1,4,,0,35,0,0,0,0,0,2,2,14
,2019-37993,39.690746,-105.025049,7/10/2019 1:38,1:38,12,0,0,FEDERAL BOULEVARD SOUTH & ARKANSAS AVENUE WEST,1,3,0,0,1,1,,0,40,0,0,0,0,0,2,2,13
,2019-37994,39.690746,-105.025049,10/14/2019 22:59,22:59,10,0,0,FEDERAL BOULEVARD SOUTH & ARKANSAS AVENUE,1,3,0,0,1,2,,0,35,0,0,0,0,0,2,2,13
,2019-37995,39.689999,-105.025056,10/17/2019 14:48,14:48,15,0,0,FEDERAL BOULEVARD SOUTH & FLORIDA AVENUE WEST,1,1,0,0,1,4,,0,40,0,0,0,0,0,2,2,13
,2019-37996,39.68985,-105.025057,3/11/2019 13:16,13:16,12,0,0,FLORIDA AVENUE WEST & FEDERAL BOULEVARD SOUTH,1,1,0,0,1,3,,0,40,0,0,0,0,0,2,3,3
,2019-37997,39.68985,-105.025057,9/18/2019 8:14,8:14,15,0,0,FEDERAL BOULEVARD SOUTH & FLORIDA AVENUE WEST,1,1,0,0,1,4,,0,40,0,0,0,0,0,2,2,13
,2019-37998,39.689552,-105.02506,3/14/2019 10:33,10:33,3,0,1,FEDERAL BOULEVARD SOUTH & FLORIDA AVENUE WEST,2,1,1,0,1,1,,0,35,0,0,0,0,2,2,2,1
,2019-37999,39.689552,-105.02506,3/14/2019 13:53,13:53,3,0,0,FEDERAL BOULEVARD SOUTH & FLORIDA AVENUE WEST,1,1,0,0,1,1,,0,35,0,0,0,0,0,2,2,13
,2019-38000,39.689552,-105.02506,4/2/2019 10:14,10:14,3,0,0,FEDERAL BOULEVARD SOUTH & FLORIDA AVENUE WEST,1,1,0,0,1,1,,0,35,0,0,0,0,0,2,2,13
,2019-38001,39.689552,-105.02506,5/11/2019 0:40,0:40,12,0,0,FLORIDA AVENUE WEST & FEDERAL BOULEVARD SOUTH,1,3,0,0,1,1,,0,30,0,0,0,0,0,2,2,13
,2019-38002,39.689552,-105.02506,5/20/2019 21:47,21:47,15,0,0,FEDERAL BOULEVARD SOUTH & FLORIDA AVENUE WEST,2,3,0,2,1,1,,0,30,0,0,0,0,0,2,2,13
,2019-38003,39.689552,-105.02506,6/2/2019 21:13,21:13,12,0,0,FEDERAL BOULEVARD SOUTH & FLORIDA AVENUE WEST,1,3,0,0,1,1,,0,40,0,0,0,0,0,2,2,13
,2019-38004,39.689552,-105.02506,6/12/2019 21:21,21:21,1,0,0,FEDERAL BOULEVARD SOUTH & FLORIDA AVENUE WEST,1,3,1,0,1,1,,0,,0,0,0,0,0,2,2,13
,2019-38005,39.689552,-105.02506,6/18/2019 12:41,12:41,12,0,0,FLORIDA AVENUE WEST & FEDERAL BOULEVARD SOUTH,1,1,0,0,1,1,,0,30,0,0,0,0,0,2,2,7
,2019-38006,39.689552,-105.02506,7/9/2019 10:39,10:39,3,0,0,FEDERAL BOULEVARD SOUTH & FLORIDA AVENUE WEST,1,1,0,0,1,1,,0,,0,0,0,0,0,2,2,7
,2019-38007,39.689552,-105.02506,9/11/2019 8:15,8:15,12,0,0,FEDERAL BOULEVARD SOUTH & FLORIDA AVENUE WEST,1,1,0,0,1,1,,0,40,0,0,0,0,0,2,4,7
,2019-38008,39.68948,-105.025,12/8/2019 18:17,18:17,12,0,0,FEDERAL BOULEVARD SOUTH & FLORIDA AVENUE WEST,1,3,0,0,1,1,,0,40,0,0,0,0,0,2,2,5
,2019-38009,39.689402,-105.02506,10/20/2019 11:22,11:22,5,0,0,FEDERAL BOULEVARD SOUTH & FLORIDA AVENUE WEST,1,1,0,0,1,4,,0,35,0,0,0,0,0,2,2,13
,2019-38010,39.688583,-105.025056,12/30/2019 11:33,11:33,12,0,0,FEDERAL BOULEVARD 1500 BLOCK SOUTH & FLORIDA AVENUE WEST,1,1,0,0,1,4,,0,30,0,0,0,0,0,2,2,13
,2019-38011,39.6891,-105.025055,3/7/2019 13:03,13:03,12,0,0,FEDERAL BOULEVARD 1400 BLOCK SOUTH & FLORIDA AVENUE WEST,1,1,0,0,1,4,,0,35,0,0,0,0,0,2,2,13
,2019-38012,39.687746,-105.025035,6/23/2019 19:18,19:18,12,0,0,IOWA AVENUE WEST & FEDERAL BOULEVARD SOUTH,1,1,0,0,1,1,,0,35,0,0,0,0,0,2,2,13
,2019-38013,39.665395,-105.025138,9/16/2019 20:15,20:15,12,0,0,FEDERAL BOULEVARD SOUTH & AMHERST AVENUE WEST,1,2,0,0,1,2,,0,,0,0,0,0,0,2,2,13
,2019-38014,39.689242,-105.024564,12/26/2019 14:18,14:18,12,0,0,FEDERAL BOULEVARD 1500 BLOCK SOUTH & IOWA AVENUE WEST,1,1,1,0,1,4,,0,30,0,0,0,0,0,2,3,13
,2019-38015,39.68728,-105.025032,10/22/2019 13:20,13:20,3,0,0,FEDERAL BOULEVARD SOUTH & IOWA AVENUE WEST,1,1,1,0,1,2,,0,,0,0,0,0,0,2,2,1
,2019-38016,39.686517,-105.025028,9/26/2019 15:07,15:07,12,0,0,FEDERAL BOULEVARD SOUTH & MEXICO AVENUE WEST,1,1,1,0,1,4,,0,40,0,0,0,0,0,2,2,3
,2019-38017,39.686374,-105.025027,8/8/2019 7:31,7:31,12,0,0,FEDERAL BOULEVARD SOUTH & MEXICO AVENUE WEST,1,1,0,0,1,4,,0,40,0,0,0,0,0,2,2,13
,2019-38019,39.685945,-105.025024,6/16/2019 12:10,12:10,12,0,1,MEXICO AVENUE WEST & FEDERAL BOULEVARD SOUTH,1,1,2,0,1,1,,0,40,0,0,0,0,2,2,3,14
,2019-38020,39.685945,-105.025024,7/30/2019 17:48,17:48,12,0,0,FEDERAL BOULEVARD SOUTH & MEXICO AVENUE WEST,1,1,0,0,1,1,,0,40,0,0,0,0,0,2,3,13
,2019-38021,39.685945,-105.025024,9/21/2019 9:22,9:22,3,0,0,FEDERAL BOULEVARD SOUTH & MEXICO AVENUE WEST,1,1,0,0,1,1,,0,45,0,0,0,0,0,2,2,13
,2019-38022,39.685802,-105.025024,9/23/2019 12:50,12:50,12,0,0,FEDERAL BOULEVARD SOUTH & MEXICO AVENUE WEST,1,1,1,0,1,3,,0,30,0,0,0,0,0,2,2,12