id,drcog_id,latitude,longitude,crashtime,time,crashtype,numbkilled,numbinjurd,drcoglocat,rdconditin,lightngcon,roadcntgrd,weatherco,location,roaddescrp,schoolzone,constrzone,splimit,bikeinv,sctrinv,pedinv,motoinv,svrty,rdsystem,ttlvehcls,hcf
,2019-38023,39.685234,-105.025019,3/16/2019 12:08,12:08,12,0,0,FEDERAL BOULEVARD 1800 BLOCK SOUTH & COLORADO AVENUE WEST,1,1,0,0,1,4,,0,35,0,0,0,0,0,2,2,13
,2019-38025,39.685234,-105.025019,4/4/2019 12:25,12:25,12,0,1,FEDERAL BOULEVARD SOUTH & COLORADO AVENUE WEST,1,1,1,0,1,4,,0,40,0,0,0,0,2,2,7,3
,2019-38026,39.685234,-105.025019,5/16/2019 10:23,10:23,12,0,1,FEDERAL BOULEVARD SOUTH & COLORADO AVENUE WEST,1,1,0,1,1,4,,0,35,0,0,0,0,1,2,2,13
,2019-38027,39.685092,-105.025015,12/20/2019 14:02,14:02,12,0,0,FEDERAL BOULEVARD & COLORADO AVENUE WEST,1,1,0,0,1,4,,0,,0,0,0,0,0,2,4,13
,2019-38028,39.684947,-105.025012,4/8/2019 15:45,15:45,12,0,0,FEDERAL BOULEVARD SOUTH & COLORADO AVENUE WEST,1,1,0,0,1,1,,0,35,0,0,0,0,0,2,2,13
,2019-38029,39.684947,-105.025012,10/16/2019 7:35,7:35,12,0,0,FEDERAL BOULEVARD SOUTH & COLORADO AVENUE,1,1,0,0,1,1,,0,35,0,0,0,0,0,2,2,1
,2019-3803,39.78753924,-104.9025913,5/28/2019 14:42,14:42,12,0,0,I270 & QUEBEC STREET,1,1,0,0,1,4,,0,55,0,0,0,0,0,1,2,3
,2019-38030,39.684795,-105.025013,3/7/2019 6:39,6:39,12,0,0,FEDERAL BOULEVARD & COLORADO AVENUE  / 1800 BLOCK SOUTH,5,1,0,0,1,4,,0,40,0,0,0,0,0,2,2,13
,2019-38031,39.684643,-105.025015,5/14/2019 7:26,7:26,12,0,0,FEDERAL BOULEVARD SOUTH & COLORADO AVENUE WEST,1,1,0,0,1,4,,0,35,0,0,0,0,0,2,3,13
,2019-38032,39.684034,-105.02502,12/2/2019 15:17,15:17,12,0,0,COLORADO AVENUE  & FEDERAL BOULEVARD SOUTH,4,1,0,0,1,1,,0,30,0,0,0,0,0,2,2,13
,2019-38033,39.682712,-105.02502,11/11/2019 17:10,17:10,12,0,0,FEDERAL BOULEVARD SOUTH & JEWELL AVENUE WEST,1,3,0,1,1,4,,0,35,0,0,0,0,0,2,2,13
,2019-38034,39.682565,-105.025018,9/12/2019 19:55,19:55,12,0,1,FEDERAL BOULEVARD SOUTH & JEWELL AVENUE WEST,1,1,0,0,1,3,,0,35,0,0,0,0,1,2,2,3
,2019-38035,39.682418,-105.025017,2/8/2019 8:29,8:29,12,0,0,FEDERAL BOULEVARD 1900 BLOCK SOUTH & JEWELL AVENUE WEST,5,1,1,0,1,4,,0,35,0,0,0,0,0,2,2,13
,2019-38036,39.682418,-105.025017,5/17/2019 16:22,16:22,12,0,0,FEDERAL BOULEVARD SOUTH & JEWELL AVENUE WEST,1,1,1,0,1,4,,0,35,0,0,0,0,0,2,2,13
,2019-38037,39.678616,-105.025049,10/6/2019 21:54,21:54,1,0,0,EVANS AVENUE WEST & FEDERAL BOULEVARD SOUTH,1,3,0,0,1,1,,0,40,0,0,0,0,0,2,2,13
,2019-38038,39.682271,-105.025016,4/8/2019 7:26,7:26,1,0,1,JEWELL AVENUE WEST & FEDERAL BOULEVARD SOUTH,1,1,0,0,1,1,,0,35,0,0,0,0,1,2,2,14
,2019-38039,39.682271,-105.025016,5/28/2019 9:42,9:42,12,0,1,FEDERAL BOULEVARD SOUTH & JEWELL AVENUE WEST,1,1,0,0,1,1,,0,40,0,0,0,0,2,2,3,3
,2019-38040,39.682271,-105.025016,9/20/2019 7:44,7:44,13,0,1,FEDERAL BOULEVARD SOUTH & JEWELL AVENUE WEST,1,1,0,0,1,1,,0,30,0,0,0,0,2,2,2,13
,2019-38041,39.682271,-105.025016,9/24/2019 22:58,22:58,12,0,0,FEDERAL BOULEVARD SOUTH & JEWELL AVENUE WEST,1,3,0,0,1,1,,0,35,0,0,0,0,0,2,2,5
,2019-38042,39.682271,-105.025016,10/2/2019 12:00,12:00,3,0,1,FEDERAL BOULEVARD SOUTH & JEWELL AVENUE WEST,1,1,0,0,1,1,,0,30,0,0,0,0,2,2,2,7
,2019-38043,39.682271,-105.025016,10/3/2019 19:51,19:51,1,0,0,FEDERAL BOULEVARD SOUTH & JEWELL AVENUE WEST,1,3,0,0,1,1,,0,10,0,0,0,0,0,2,2,13
,2019-38044,39.681969,-105.025017,2/7/2019 11:58,11:58,12,0,0,FEDERAL BOULEVARD SOUTH & JEWELL AVENUE WEST,2,1,0,0,1,3,,0,40,0,0,0,0,0,2,4,1
,2019-38045,39.681969,-105.025017,5/5/2019 23:50,23:50,3,0,0,FEDERAL BOULEVARD SOUTH & JEWELL AVENUE WEST,1,3,0,0,1,2,,0,35,0,0,0,0,0,2,2,7
,2019-38046,39.681969,-105.025017,6/2/2019 20:57,20:57,12,0,0,FEDERAL BOULEVARD SOUTH & JEWELL AVENUE WEST,1,3,0,0,1,3,,0,35,0,0,0,0,0,2,2,13
,2019-38047,39.681969,-105.025017,9/24/2019 6:03,6:03,12,0,0,FEDERAL BOULEVARD SOUTH & JEWELL AVENUE WEST,1,3,0,0,1,3,,0,35,0,0,0,0,0,2,2,12
,2019-38048,39.681818,-105.025018,2/14/2019 8:00,8:00,12,0,0,FEDERAL BOULEVARD 1800 BLOCK SOUTH & JEWELL AVENUE WEST,1,1,1,0,1,3,,0,40,0,0,0,0,0,2,2,13
,2019-38049,39.673201,-105.025055,9/19/2019 16:58,16:58,12,0,0,FEDERAL BOULEVARD SOUTH & HARVARD AVENUE WEST,1,1,0,0,1,1,,0,40,0,0,0,0,0,2,2,13
,2019-38050,39.678908,-105.025045,2/3/2019 12:48,12:48,12,0,0,FEDERAL BOULEVARD SOUTH & EVANS AVENUE WEST,1,1,0,0,1,4,,0,40,0,0,0,0,0,2,2,3
,2019-38051,39.678908,-105.025045,4/18/2019 6:55,6:55,12,0,0,FEDERAL BOULEVARD 2000 BLOCK SOUTH & EVANS AVENUE WEST,1,1,0,0,1,4,,0,35,0,0,0,0,0,2,2,13
,2019-38052,39.678908,-105.025045,12/12/2019 6:28,6:28,1,0,0,FEDERAL BOULEVARD 2000 BLOCK SOUTH & EVANS AVENUE WEST,1,3,0,0,1,2,,0,35,0,0,0,0,0,2,2,13
,2019-38053,39.678762,-105.025047,2/16/2019 11:07,11:07,12,0,0,FEDERAL BOULEVARD 2000 BLOCK SOUTH & EVANS AVENUE WEST,1,1,0,0,1,4,,0,35,0,0,0,0,0,2,2,13
,2019-38054,39.678762,-105.025047,8/18/2019 17:38,17:38,15,0,2,FEDERAL BOULEVARD SOUTH & EVANS AVENUE WEST,1,1,0,0,1,3,,0,40,0,0,0,0,1,2,2,1
,2019-38055,39.678762,-105.025047,9/11/2019 7:35,7:35,12,0,0,FEDERAL BOULEVARD SOUTH & EVANS AVENUE WEST,1,1,0,0,1,3,,0,35,0,0,0,0,0,2,3,3
,2019-38056,39.678762,-105.025047,11/4/2019 11:40,11:40,15,0,0,FEDERAL BOULEVARD SOUTH & EVANS AVENUE WEST,1,1,0,0,1,3,,0,40,0,0,0,0,0,2,2,13
,2019-38057,39.678762,-105.025047,11/8/2019 7:34,7:34,12,0,0,FEDERAL BOULEVARD SOUTH & EVANS AVENUE WEST,1,1,0,0,1,4,,0,40,0,0,0,0,0,2,2,13
,2019-38058,39.678616,-105.025049,1/23/2019 19:48,19:48,15,0,0,EVANS AVENUE WEST & FEDERAL BOULEVARD SOUTH,1,3,0,0,1,1,,0,,0,0,0,0,0,2,2,13
,2019-38059,39.678616,-105.025049,4/21/2019 12:20,12:20,12,0,0,EVANS AVENUE 3000 BLOCK WEST & FEDERAL BOULEVARD SOUTH,1,1,0,0,1,1,,0,25,0,0,0,0,0,2,2,14
,2019-38060,39.678616,-105.025049,7/18/2019 20:37,20:37,12,0,0,EVANS AVENUE WEST & FEDERAL BOULEVARD SOUTH,1,3,0,0,1,1,,0,40,0,0,0,0,0,2,4,12
,2019-38062,39.678616,-105.025049,7/28/2019 23:38,23:38,8,0,0,EVANS AVENUE WEST & FEDERAL BOULEVARD SOUTH,1,3,0,0,1,1,,0,40,0,0,0,0,0,2,2,5
,2019-38063,39.678616,-105.025049,8/6/2019 13:00,13:00,12,0,0,EVANS AVENUE WEST & FEDERAL BOULEVARD SOUTH,1,1,0,0,1,1,,0,30,0,0,0,0,0,2,2,1
,2019-38064,39.678616,-105.025049,12/1/2019 0:14,0:14,12,0,2,FEDERAL BOULEVARD 2000 BLOCK SOUTH & EVANS AVENUE WEST,5,3,0,0,1,3,,0,40,0,0,0,0,2,2,2,5
,2019-38065,39.67863,-105.025,12/4/2019 21:00,21:00,12,0,0,FEDERAL BOULEVARD SOUTH & EVANS AVENUE WEST,1,3,0,0,1,1,,0,35,0,0,0,0,0,2,2,7
,2019-38066,39.678636,-105.025061,12/13/2019 20:29,20:29,12,0,0,FEDERAL BOULEVARD SOUTH & EVANS AVENUE WEST,1,3,0,0,1,3,,0,,0,0,0,0,0,2,2,13
,2019-38067,39.67833,-105.025049,4/18/2019 7:27,7:27,15,0,0,FEDERAL BOULEVARD 2100 BLOCK SOUTH & EVANS AVENUE WEST,1,1,0,0,1,4,,0,35,0,0,0,0,0,2,2,13
,2019-38068,39.678187,-105.02505,1/15/2019 19:38,19:38,5,0,0,FEDERAL BOULEVARD SOUTH & EVANS AVENUE WEST,1,3,0,0,3,4,,0,40,0,0,0,0,0,2,1,3
,2019-38069,39.676758,-105.025054,2/22/2019 11:27,11:27,3,0,0,WARREN AVENUE WEST & FEDERAL BOULEVARD SOUTH,1,1,0,0,1,1,,0,30,0,0,0,0,0,2,2,13
,2019-38070,39.676758,-105.025054,6/4/2019 15:07,15:07,3,0,0,FEDERAL BOULEVARD SOUTH & WARREN AVENUE WEST,1,1,0,0,1,1,,0,30,0,0,0,0,0,2,2,1
,2019-38071,39.676758,-105.025054,8/28/2019 16:00,16:00,3,0,0,FEDERAL BOULEVARD SOUTH & WARREN AVENUE WEST,1,1,0,0,1,1,,0,40,0,0,0,0,0,2,2,13
,2019-38073,39.667681,-105.025108,9/29/2019 16:31,16:31,3,0,0,FEDERAL BOULEVARD SOUTH & YALE AVENUE WEST,1,1,0,0,1,1,,0,,0,0,0,0,0,2,2,13
,2019-38074,39.67511,-105.025041,9/3/2019 17:58,17:58,12,0,0,FEDERAL BOULEVARD SOUTH & ILIFF AVENUE,1,1,0,0,1,3,,0,40,0,0,0,0,0,2,2,3
,2019-38075,39.67511,-105.025041,11/12/2019 17:20,17:20,3,0,1,FEDERAL BOULEVARD SOUTH & ILIFF AVENUE,1,3,1,0,1,2,,0,15,0,0,0,0,1,2,2,7
,2019-38076,39.673497,-105.025053,7/19/2019 9:55,9:55,5,0,1,FEDERAL BOULEVARD SOUTH & HARVARD AVENUE WEST,1,1,1,0,3,4,,0,40,0,0,0,0,2,2,1,12
,2019-38077,39.673201,-105.025055,10/15/2019 11:50,11:50,10,0,0,FEDERAL BOULEVARD SOUTH & HARVARD AVENUE WEST,1,1,1,0,1,1,,0,40,0,0,0,0,0,2,2,13
,2019-38078,39.673058,-105.025056,1/29/2019 11:45,11:45,15,0,0,FEDERAL BOULEVARD 2500 SOUTH & WESLEY AVENUE WEST,1,1,0,0,1,3,,0,25,0,0,0,0,0,2,3,7
,2019-38079,39.672771,-105.025058,10/4/2019 20:07,20:07,3,0,0,FEDERAL BOULEVARD SOUTH & 2418 SOUTH FEDERAL BOULEVARD,1,1,0,0,1,2,,0,40,0,0,0,0,0,2,2,13
,2019-38080,39.672485,-105.02506,10/25/2019 15:49,15:49,12,0,0,FEDERAL BOULEVARD SOUTH & HILLSIDE PLACE WEST,1,1,1,0,1,1,,0,40,0,0,0,0,0,2,3,3
,2019-38081,39.671185,-105.02507,1/5/2019 13:17,13:17,5,0,0,FEDERAL BOULEVARD 2600 BLOCK SOUTH & VASSAR AVENUE WEST,1,1,0,0,3,4,,0,40,0,0,0,0,0,2,2,13
,2019-38082,39.670614,-105.025074,10/12/2019 17:17,17:17,15,0,0,FEDERAL BOULEVARD SOUTH & VASSAR AVENUE,1,2,0,0,1,4,,0,40,0,0,0,0,0,2,2,13
,2019-38083,39.670329,-105.025076,4/13/2019 15:00,15:00,5,0,0,FEDERAL BOULEVARD SOUTH & VASSAR AVENUE WEST,1,1,0,0,3,4,,0,40,0,0,0,0,0,2,1,1
,2019-38084,39.667681,-105.025108,2/12/2019 6:41,6:41,1,0,0,YALE AVENUE WEST  & FEDERAL BOULEVARD SOUTH,1,1,0,0,1,1,,0,35,0,0,0,0,0,2,2,13
,2019-38085,39.667681,-105.025108,10/15/2019 15:53,15:53,12,0,0,YALE AVENUE WEST  & FEDERAL BOULEVARD SOUTH,1,1,0,0,1,1,,0,30,0,0,0,0,0,2,3,3
,2019-38086,39.667427,-105.025116,2/10/2019 18:15,18:15,12,0,0,FEDERAL BOULEVARD SOUTH & YALE AVENUE WEST,1,3,0,0,1,4,,0,40,0,0,0,0,0,2,4,1
,2019-38087,39.666912,-105.025131,1/14/2019 16:57,16:57,1,0,0,FEDERAL BOULEVARD SOUTH & YALE AVENUE WEST,1,1,0,0,1,1,,0,40,0,0,0,0,0,2,2,13
,2019-38088,39.665395,-105.025138,7/20/2019 21:34,21:34,12,0,1,FEDERAL BOULEVARD SOUTH & AMHERST AVENUE WEST,1,3,0,0,1,3,,0,40,0,0,0,0,1,2,4,3
,2019-38089,39.665098,-105.02514,12/13/2019 8:12,8:12,13,0,1,AMHERST AVENUE 3000 BLOCK WEST & FEDERAL BOULEVARD SOUTH,1,1,1,0,1,4,,0,25,0,0,0,0,2,2,2,13
,2019-3809,39.735612,-104.8846905,9/12/2019 18:09,18:09,3,0,0,YOSEMITE STREET NORTH & 12TH AVENUE EAST,1,1,0,0,1,1,,0,30,0,0,0,0,0,4,2,7
,2019-38090,39.661194,-105.025168,2/8/2019 15:50,15:50,12,0,1,FEDERAL BOULEVARD 3000 BLOCK SOUTH & DARTMOUTH AVENUE WEST,2,1,1,0,1,4,,0,35,0,0,0,0,1,2,5,13
,2019-38091,39.660758,-105.02517,2/19/2019 18:27,18:27,12,0,2,FEDERAL BOULEVARD SOUTH & DARTMOUTH AVENUE WEST,2,3,0,2,1,4,,0,35,0,0,0,0,1,2,2,7
,2019-38092,39.660613,-105.025167,4/22/2019 8:38,8:38,15,0,0,FEDERAL BOULEVARD 3000 BLOCK SOUTH & DARTMOUTH AVENUE WEST,2,1,0,1,1,4,,0,35,0,0,0,0,0,2,2,13
,2019-38093,39.660613,-105.025167,6/8/2019 22:30,22:30,15,0,0,FEDERAL BOULEVARD SOUTH & DARTMOUTH AVENUE WEST,1,1,0,0,1,4,,0,30,0,0,0,0,0,2,2,14
,2019-38094,39.660482,-105.025169,2/2/2019 22:01,22:01,12,0,0,DARTMOUTH AVENUE WEST & FEDERAL BOULEVARD SOUTH,1,3,1,0,1,3,,0,30,0,0,0,0,0,2,3,5
,2019-38095,39.657937,-105.025196,4/7/2019 16:31,16:31,12,0,1,FEDERAL BOULEVARD SOUTH & FLOYD AVENUE WEST,1,1,1,0,1,4,,0,40,0,0,0,0,1,2,2,5
,2019-38096,39.657425,-105.025201,10/31/2019 7:33,7:33,3,0,0,FEDERAL BOULEVARD SOUTH & FLOYD AVENUE,2,1,1,0,1,1,,0,40,0,0,0,0,0,2,2,13
,2019-3811,39.667707,-104.973498,1/10/2019 22:35,22:35,3,0,1,DOWNING STREET SOUTH & YALE AVENUE EAST,1,3,0,0,1,1,,0,,0,0,0,0,1,4,2,13
,2019-3812,39.783843,-105.060771,11/29/2019 1:05,1:05,5,0,0,48TH AVENUE & GOLDEN COURT,4,3,0,2,2,1,,0,40,0,0,0,0,0,4,2,3
,2019-3815,39.708108,-104.92695,10/30/2019 14:48,14:48,12,0,0,LEETSDALE DRIVE & FOREST STREET SOUTH,4,1,1,2,1,3,,0,35,0,0,0,0,0,2,2,13
,2019-38175,39.70655693,-104.9804373,10/19/2019 13:00,13:00,6,0,0,PEARL STREET SOUTH & 700 BLOCK SOUTH,1,1,0,0,1,4,,0,25,0,0,0,0,0,4,2,12
,2019-38190,39.738357,-104.958702,5/12/2019 21:20,21:20,3,0,0,14TH AVENUE EAST & JOSEPHINE STREET NORTH,1,3,0,0,1,1,,0,35,0,0,0,0,0,4,2,13
,2019-38201,39.691509,-104.992336,9/12/2019 7:42,7:42,6,0,0,SANTA FE DRIVE SOUTH & ARKANSAS AVENUE WEST,1,1,0,0,2,4,,0,45,0,0,0,0,0,2,2,14
,2019-38248,39.793518,-104.9035005,12/6/2019 9:00,9:00,6,0,0,53RD PLACE EAST & QUEBEC STREET,5,1,0,0,1,4,,0,,0,0,0,0,0,4,2,13
,2019-38268,39.624116,-104.908991,7/29/2019 23:10,23:10,10,0,4,BELLEVIEW AVENUE EAST & NIAGARA STREET,1,3,0,0,1,1,,0,35,0,0,0,0,1,2,2,13
,2019-38299,39.712914,-104.980401,10/23/2019 15:00,15:00,12,0,0,PEARL STREET SOUTH & CEDAR AVENUE EAST,1,1,0,0,1,1,,0,25,0,0,0,0,0,4,2,13
,2019-38447,39.709287,-104.9803695,9/18/2019 19:23,19:23,3,0,0,PEARL STREET SOUTH & DAKOTA AVENUE EAST,1,3,0,0,1,1,,0,25,0,0,0,0,0,4,2,3
,2019-3848,39.695661,-104.9035905,12/26/2019 12:53,12:53,15,0,0,QUEBEC STREET 1000 BLOCK SOUTH & MISSISSIPPI AVENUE EAST,1,1,0,0,1,4,,0,35,0,0,0,0,0,4,2,13
,2019-38568,39.769281,-105.0064515,6/24/2019 17:21,17:21,15,0,0,PECOS STREET NORTH & 38TH AVENUE WEST,1,1,0,0,1,1,,0,30,0,0,0,0,0,4,2,1
,2019-38594,39.66545,-105.053239,3/29/2019 21:57,21:57,12,0,1,SHERIDAN BOULEVARD SOUTH 2800 BLOCK & AMHERST AVENUE,6,3,1,2,1,4,,0,,0,0,0,0,1,2,2,13
,2019-3860,39.689343,-104.9035995,8/28/2019 7:50,7:50,12,0,0,FLORIDA 8000 BLOCK EAST & QUEBEC STREET SOUTH,1,1,2,0,1,4,,0,30,0,0,0,0,0,4,2,13
,2019-38607,39.693379,-105.053214,8/2/2019 18:15,18:15,12,0,0,SHERIDAN BOULEVARD SOUTH & LOUISIANA AVENUE,1,2,0,0,1,4,,0,35,0,0,0,0,0,2,2,5
,2019-38626,39.651763,-105.052959,1/7/2019 14:34,14:34,1,0,1,HIGHWAY 95 / SHERIDAN BOULEVARD SOUTH BEGIN & HAMPDEN FRONTAGE ROAD SOUTH,1,1,1,6,1,1,,0,25,0,0,0,0,1,2,2,13
,2019-38627,39.651763,-105.052959,4/28/2019 15:04,15:04,12,0,0,SHERIDAN BOULEVARD SOUTH & HAMPDEN AVENUE EASTBOUND RAMPS,1,1,0,0,1,1,,0,40,0,0,0,0,0,2,2,3
,2019-38628,39.651763,-105.052959,6/17/2019 6:54,6:54,3,0,2,SHERIDAN BOULEVARD SOUTH & HAMPDEN EASTBOUND RAMPS,1,2,0,0,1,1,,0,35,0,0,0,0,2,2,2,13
,2019-38629,39.651763,-105.052959,6/20/2019 15:48,15:48,12,0,0,SHERIDAN BOULEVARD SOUTH & HIGHWAY 285 EASTBOUND ON RAMP,1,1,0,0,1,1,,0,40,0,0,0,0,0,2,2,1
,2019-3863,39.667779,-105.0532605,4/10/2019 10:45,10:45,12,0,0,SHERIDAN BOULEVARD SOUTH & YALE AVENUE WEST,1,1,1,0,1,1,,0,,0,0,0,0,0,2,3,13
,2019-38630,39.651763,-105.052959,7/19/2019 9:05,9:05,3,0,0,SHERIDAN BOULEVARD SOUTH & HIGHWAY 285 EASTBOUND RAMPS,1,1,1,0,1,1,,0,40,0,0,0,0,0,2,2,7
,2019-38631,39.651763,-105.052959,7/24/2019 11:00,11:00,12,0,1,HAMPDEN AVENUE WEST FRONTAGE ROAD SOUTH & SHERIDAN BOULEVARD SOUTH,1,1,1,0,1,1,,0,35,0,0,0,0,1,2,2,7
,2019-38632,39.651763,-105.052959,8/22/2019 12:16,12:16,1,0,0,SHERIDAN BOULEVARD SOUTH & HIGHWAY 285 EASTBOUND OFF RAMP LOOP,1,1,0,0,1,1,,0,35,0,0,0,0,0,2,2,13
,2019-38633,39.651763,-105.052959,9/19/2019 9:10,9:10,1,0,1,HIGHWAY 95 / SHERIDAN BOULEVARD SOUTH & HIGHWAY 285 EASTBOUND ON RAMP,1,1,1,0,1,1,,0,40,0,0,0,0,1,2,2,8
,2019-38634,39.651788,-105.053109,10/29/2019 6:40,6:40,12,0,0,HAMPDEN AVENUE WEST SERVICE ROAD  & SHERIDAN BOULEVARD SOUTH,5,3,1,2,1,1,,0,30,0,0,0,0,0,2,2,1
,2019-38635,39.651763,-105.052959,11/15/2019 19:50,19:50,3,0,0,SHERIDAN BOULEVARD SOUTH & HAMPDEN AVENUE WEST,1,3,0,0,1,1,,0,25,0,0,0,0,0,2,2,12
,2019-38636,39.652372,-105.053008,5/10/2019 13:06,13:06,15,0,1,SHERIDAN BOULEVARD SOUTH & HAMPDEN AVENUE EASTBOUND OFF SLIP RAMP,1,1,0,0,1,4,,0,40,0,0,0,0,1,2,2,1
,2019-38637,39.652372,-105.053008,10/21/2019 16:24,16:24,1,0,0,SHERIDAN BOULEVARD SOUTH & HIGHWAY 285 EASTBOUND OFF RAMP LOOP,1,1,1,0,1,1,,0,25,0,0,0,0,0,2,2,12
,2019-38638,39.653374,-105.053079,10/25/2019 8:30,8:30,12,0,0,SHERIDAN BOULEVARD SOUTH & HAMPDEN AVENUE WEST,1,1,0,0,1,4,,0,40,0,0,0,0,0,2,2,13
,2019-38639,39.653374,-105.053079,11/13/2019 16:17,16:17,12,0,0,SHERIDAN BOULEVARD SOUTH & HIGHWAY 285 / HAMPDEN AVENUE WEST,1,1,1,0,1,4,,0,35,0,0,0,0,0,2,2,3
,2019-3864,39.667779,-105.0532605,12/22/2019 13:05,13:05,12,0,2,SHERIDAN BOULEVARD SOUTH & YALE AVENUE WEST,1,1,1,0,1,4,,0,40,0,0,0,0,2,2,2,8
,2019-38640,39.653676,-105.053093,4/13/2019 15:39,15:39,1,0,0,SHERIDAN BOULEVARD SOUTH & HIGHWAY 285 WB ON RAMP,1,1,1,0,1,1,,0,40,0,0,0,0,0,2,2,13
,2019-38641,39.653676,-105.053093,11/16/2019 14:05,14:05,3,0,0,SHERIDAN BOULEVARD SOUTH & HIGHWAY 285 WB OFF RAMP,1,1,0,0,1,1,,0,40,0,0,0,0,0,2,2,5
,2019-38642,39.653676,-105.053093,12/10/2019 12:05,12:05,12,0,0,SHERIDAN BOULEVARD SOUTH & HAMPDEN AVENUE WB RAMPS,1,1,0,0,1,4,,0,40,0,0,0,0,0,2,2,1
,2019-38643,39.653676,-105.053093,12/22/2019 8:52,8:52,3,0,2,SHERIDAN BOULEVARD SOUTH & HAMPDEN AVENUE WB OFF RAMP,1,1,0,0,1,1,,0,40,0,0,0,0,2,2,2,3
,2019-38644,39.654199,-105.053122,3/31/2019 8:15,8:15,12,0,0,SHERIDAN BOULEVARD 3100 BLOCK SOUTH & DARTMOUTH AVENUE WEST,1,1,0,0,1,4,,0,40,0,0,0,0,0,2,2,13
,2019-38645,39.654399,-105.053133,8/27/2019 17:00,17:00,12,0,0,SHERIDAN BOULEVARD SOUTH & HAMPDEN AVENUE WB ON SLIP RAMP,1,1,0,0,1,4,,0,40,0,0,0,0,0,2,3,3
,2019-38646,39.654733,-105.05314,2/20/2019 10:22,10:22,3,0,0,SHERIDAN BOULEVARD & 3100 BLOCK SOUTH,1,1,0,0,1,2,,0,40,0,0,0,0,0,2,2,14
,2019-38647,39.65913,-105.053173,5/5/2019 9:03,9:03,12,0,1,SHERIDAN BOULEVARD SOUTH & 3016 SOUTH SHERIDAN BOULEVARD,1,1,0,0,1,2,,0,,0,0,0,0,2,2,2,13
,2019-38648,39.654746,-105.053131,11/8/2019 8:00,8:00,1,0,1,SHERIDAN BOULEVARD SOUTH & 3100 BLOCK SOUTH,1,1,0,0,1,2,,0,40,0,0,0,0,2,2,2,13
,2019-38649,39.656175,-105.053223,1/11/2019 11:16,11:16,3,0,0,DARTMOUTH AVENUE WEST & SHERIDAN BOULEVARD SOUTH,6,1,0,2,1,1,,0,30,0,0,0,0,0,2,3,13
,2019-38650,39.656175,-105.053223,1/24/2019 8:30,8:30,12,0,0,SHERIDAN BOULEVARD SOUTH & DARTMOUTH AVENUE WEST,5,1,0,2,1,1,,0,40,0,0,0,0,0,2,2,13
,2019-38651,39.656175,-105.053223,5/31/2019 12:00,12:00,15,0,0,DARTMOUTH AVENUE WEST & SHERIDAN BOULEVARD SOUTH,1,1,0,0,1,1,,0,30,0,0,0,0,0,2,2,13
,2019-38652,39.656175,-105.053223,8/2/2019 19:20,19:20,3,0,0,SHERIDAN BOULEVARD SOUTH & DARTMOUTH AVENUE WEST,1,3,0,0,1,1,,0,30,0,0,0,0,0,2,2,13
,2019-38653,39.656175,-105.053223,8/7/2019 10:30,10:30,12,0,2,SHERIDAN BOULEVARD SOUTH & DARTMOUTH AVENUE WEST,1,1,0,0,1,1,,0,40,0,0,0,0,2,2,2,1
,2019-38654,39.667637,-105.053255,9/5/2019 20:21,20:21,12,0,1,SHERIDAN BOULEVARD SOUTH & YALE AVENUE WEST,1,3,0,0,1,4,,0,35,0,0,0,0,1,2,2,13
,2019-38655,39.656175,-105.053223,9/8/2019 7:44,7:44,3,0,0,SHERIDAN BOULEVARD SOUTH & DARTMOUTH AVENUE WEST,1,1,0,0,1,1,,0,40,0,0,0,0,0,2,2,13
,2019-38656,39.656175,-105.053223,10/9/2019 16:23,16:23,1,0,2,SHERIDAN BOULEVARD SOUTH & DARTMOUTH AVENUE WEST,1,1,0,0,1,1,,0,40,0,0,0,0,2,2,3,3
,2019-38657,39.656175,-105.053223,11/30/2019 23:29,23:29,3,0,1,SHERIDAN BOULEVARD SOUTH & DARTMOUTH AVENUE 5100 BLOCK WEST,2,3,0,0,1,1,,0,35,0,0,0,0,1,2,2,5
,2019-38658,39.656164,-105.053217,12/28/2019 10:00,10:00,12,0,0,SHERIDAN BOULEVARD SOUTH & DARTMOUTH AVENUE WEST,4,1,1,2,1,1,,0,40,0,0,0,0,0,2,2,7
,2019-38659,39.656317,-105.053223,6/14/2019 13:25,13:25,6,0,0,SHERIDAN BOULEVARD SOUTH & DARTMOUTH AVENUE WEST,1,1,0,0,1,4,,0,40,0,0,0,0,0,2,2,3
,2019-38660,39.656317,-105.053223,8/18/2019 10:50,10:50,12,0,0,SHERIDAN BOULEVARD SOUTH & DARTMOUTH AVENUE WEST,1,1,0,0,1,3,,0,40,0,0,0,0,0,2,2,13
,2019-38661,39.656317,-105.053223,10/6/2019 13:43,13:43,3,0,0,SHERIDAN BOULEVARD SOUTH & DARTMOUTH AVENUE WEST,1,1,0,0,1,2,,0,40,0,0,0,0,0,2,2,13
,2019-38662,39.657164,-105.053223,8/11/2019 11:35,11:35,1,0,0,SHERIDAN BOULEVARD SOUTH & COLGATE PLACE WEST,1,1,0,0,1,1,,0,35,0,0,0,0,0,2,2,13
,2019-38663,39.657307,-105.053224,10/17/2019 18:50,18:50,15,0,0,SHERIDAN BOULEVARD SOUTH & COLGATE PLACE WEST,1,1,0,0,1,4,,0,40,0,0,0,0,0,2,2,14
,2019-38664,39.65745,-105.053224,8/25/2019 14:29,14:29,15,0,0,SHERIDAN BOULEVARD SOUTH & COLGATE PLACE WEST,1,1,0,0,1,4,,0,40,0,0,0,0,0,2,2,13
,2019-38665,39.657879,-105.053224,1/25/2019 8:30,8:30,1,0,0,SHERIDAN BOULEVARD SOUTH & COLUMBIA PLACE WEST,1,1,0,0,1,1,,0,40,0,0,0,0,0,2,2,13
,2019-38666,39.657879,-105.053224,7/8/2019 11:05,11:05,3,0,0,SHERIDAN BOULEVARD SOUTH & COLUMBIA PLACE WEST,1,1,0,0,1,1,,0,30,0,0,0,0,0,2,2,13