id,drcog_id,latitude,longitude,crashtime,time,crashtype,numbkilled,numbinjurd,drcoglocat,rdconditin,lightngcon,roadcntgrd,weatherco,location,roaddescrp,schoolzone,constrzone,splimit,bikeinv,sctrinv,pedinv,motoinv,svrty,rdsystem,ttlvehcls,hcf
,2019-38667,39.657879,-105.053224,12/4/2019 17:23,17:23,12,0,3,SHERIDAN BOULEVARD SOUTH & COLUMBIA PLACE WEST,1,2,1,0,1,3,,0,35,0,0,0,0,1,2,3,3
,2019-38668,39.658607,-105.053224,11/10/2019 21:08,21:08,12,0,0,SHERIDAN BOULEVARD SOUTH & DARTMOUTH AVENUE WEST,1,3,0,0,1,4,,0,40,0,0,0,0,0,2,2,1
,2019-38669,39.662586,-105.05323,2/28/2019 3:10,3:10,12,0,1,SHERIDAN BOULEVARD SOUTH & BATES AVENUE WEST,1,3,0,0,1,1,,0,40,0,0,0,0,1,2,3,13
,2019-38670,39.662586,-105.05323,4/16/2019 9:44,9:44,12,0,1,SHERIDAN BOULEVARD SOUTH & BATES AVENUE WEST,1,1,1,0,1,1,,0,40,0,0,0,0,1,2,2,3
,2019-38671,39.663465,-105.053236,3/17/2019 1:43,1:43,12,0,0,SHERIDAN BOULEVARD SOUTH 2800 BLOCK & BATES AVENUE WEST,1,3,1,0,1,4,,0,45,0,0,0,0,0,2,2,13
,2019-38672,39.664862,-105.053243,1/24/2019 12:10,12:10,8,0,0,SHERIDAN BOULEVARD SOUTH & BROWN PLACE WEST,6,1,0,0,1,1,,0,35,0,0,0,0,0,2,2,13
,2019-38673,39.665548,-105.053238,2/7/2019 8:30,8:30,14,0,0,SHERIDAN BOULEVARD & 2800 SOUTH,5,1,1,0,1,4,,0,40,0,0,0,0,0,2,2,13
,2019-38674,39.665548,-105.053238,2/8/2019 7:52,7:52,3,0,0,SHERIDAN BOULEVARD SOUTH & AMHERST AVENUE WEST,4,1,1,0,1,1,,0,30,0,0,0,0,0,2,4,13
,2019-38675,39.665548,-105.053238,4/20/2019 20:10,20:10,12,0,0,SHERIDAN BOULEVARD SOUTH & AMHERST AVENUE WEST,1,3,1,0,1,1,,0,45,0,0,0,0,0,2,2,1
,2019-38676,39.665548,-105.053238,5/6/2019 21:35,21:35,3,0,1,SHERIDAN BOULEVARD SOUTH & AMHERST AVENUE WEST,2,3,0,1,1,1,,0,25,0,0,0,0,1,2,2,13
,2019-38677,39.667637,-105.053255,6/19/2019 9:11,9:11,12,0,0,SHERIDAN BOULEVARD 2700 BLOCK SOUTH & YALE AVENUE WEST,1,1,1,0,1,4,,0,40,0,0,0,0,0,2,2,13
,2019-38679,39.675577,-105.053262,3/18/2019 7:55,7:55,12,0,0,SHERIDAN BOULEVARD SOUTH 2100 BLOCK & WARREN AVENUE WEST,1,1,0,0,1,4,,0,40,0,0,0,0,0,2,3,13
,2019-38680,39.675577,-105.053262,9/16/2019 8:44,8:44,12,0,0,SHERIDAN BOULEVARD SOUTH & WARREN AVENUE WEST,1,1,1,0,1,3,,0,35,0,0,0,0,0,2,2,13
,2019-38681,39.675721,-105.053261,1/15/2019 14:48,14:48,12,0,0,SHERIDAN BOULEVARD SOUTH & WARREN AVENUE WEST,1,1,0,0,1,4,,0,40,0,0,0,0,0,2,3,14
,2019-38682,39.675721,-105.053261,6/18/2019 17:05,17:05,1,0,1,SHERIDAN BOULEVARD SOUTH & WARREN AVENUE WEST,1,1,0,0,1,1,,0,40,0,0,0,0,1,2,2,13
,2019-38683,39.675873,-105.053261,10/31/2019 4:46,4:46,15,0,0,SHERIDAN BOULEVARD SOUTH & WARREN AVENUE WEST,5,3,0,0,1,4,,0,40,0,0,0,0,0,2,2,13
,2019-38684,39.677896,-105.053264,6/11/2019 21:07,21:07,1,0,0,EVANS AVENUE WEST & SHERIDAN BOULEVARD SOUTH,1,3,0,0,1,2,,0,35,0,0,0,0,0,2,2,2
,2019-38685,39.678038,-105.053264,5/13/2019 15:55,15:55,12,0,0,SHERIDAN BOULEVARD SOUTH & HARVEY PLACE WEST,1,1,1,0,1,4,,0,30,0,0,0,0,0,2,2,13
,2019-38686,39.67818,-105.053263,3/21/2019 9:25,9:25,12,0,0,SHERIDAN BOULEVARD SOUTH & HARVEY PLACE WEST,1,1,0,0,1,1,,0,35,0,0,0,0,0,2,2,13
,2019-38687,39.67818,-105.053263,4/14/2019 16:05,16:05,3,0,1,SHERIDAN BOULEVARD SOUTH & HARVEY PLACE WEST,1,1,0,0,1,1,,0,40,0,0,0,0,1,2,2,13
,2019-38688,39.678606,-105.053263,5/8/2019 19:30,19:30,3,0,0,SHERIDAN BOULEVARD SOUTH & EVANS AVENUE WEST,2,3,0,1,1,2,,0,40,0,0,0,0,0,2,3,13
,2019-38689,39.678606,-105.053263,8/3/2019 20:05,20:05,12,0,1,SHERIDAN BOULEVARD SOUTH & EVANS AVENUE WEST,1,1,0,0,1,3,,0,40,0,0,0,0,1,2,3,3
,2019-38690,39.67889,-105.053263,11/21/2019 17:01,17:01,15,0,0,SHERIDAN BOULEVARD SOUTH & EVANS AVENUE WEST,1,3,1,2,1,4,,0,35,0,0,0,0,0,2,2,3
,2019-38691,39.662487,-105.041691,5/23/2019 22:14,22:14,6,0,0,PERRY STREET SOUTH & 670 SOUTH PERRY STREET,2,3,0,1,1,4,,0,,0,0,0,0,0,4,2,13
,2019-38692,39.679032,-105.053262,2/6/2019 12:21,12:21,12,0,0,SHERIDAN BOULEVARD SOUTH & EVANS AVENUE WEST,4,1,1,2,1,3,,0,40,0,0,0,0,0,2,2,3
,2019-38693,39.679032,-105.053262,3/7/2019 0:03,0:03,15,0,0,SHERIDAN BOULEVARD 2100 BLOCK SOUTH & EVANS AVENUE WEST,2,3,0,2,1,4,,0,40,0,0,0,0,0,2,2,13
,2019-38694,39.67915,-105.0532,11/19/2019 16:10,16:10,12,0,0,SHERIDAN BOULEVARD SOUTH & EVANS AVENUE WEST,1,1,0,0,1,3,,0,35,0,0,0,0,0,2,2,7
,2019-38695,39.679174,-105.053262,1/18/2019 17:26,17:26,1,0,0,SHERIDAN BOULEVARD SOUTH & EVANS AVENUE WEST,2,3,1,0,1,1,,0,35,0,0,0,0,0,2,2,3
,2019-38696,39.679174,-105.053262,1/20/2019 2:40,2:40,12,0,0,SHERIDAN BOULEVARD SOUTH & EVANS AVENUE WEST,1,3,0,0,1,4,,0,40,0,0,0,0,0,2,2,1
,2019-38697,39.679174,-105.053262,3/2/2019 21:43,21:43,3,0,0,SHERIDAN BOULEVARD SOUTH & EVANS AVENUE WEST,10,3,0,2,1,1,,0,40,0,0,0,0,0,2,2,13
,2019-38698,39.679174,-105.053262,3/14/2019 10:35,10:35,3,0,0,SHERIDAN BOULEVARD SOUTH & EVANS AVENUE WEST,2,1,0,0,1,1,,0,40,0,0,0,0,0,2,2,7
,2019-38699,39.679174,-105.053262,4/6/2019 22:16,22:16,3,0,0,SHERIDAN BOULEVARD SOUTH & EVANS AVENUE WEST,1,3,0,0,1,1,,0,45,0,0,0,0,0,2,2,7
,2019-38700,39.679174,-105.053262,5/3/2019 23:01,23:01,3,0,0,SHERIDAN BOULEVARD SOUTH & EVANS AVENUE WEST,1,3,0,0,1,1,,0,40,0,0,0,0,0,2,2,13
,2019-38701,39.679174,-105.053262,5/4/2019 2:48,2:48,3,0,1,SHERIDAN BOULEVARD SOUTH & EVANS AVENUE WEST,1,3,0,0,1,1,,0,30,0,0,0,0,1,2,2,5
,2019-38702,39.679174,-105.053262,5/6/2019 12:11,12:11,15,0,0,EVANS AVENUE WEST & SHERIDAN BOULEVARD SOUTH,1,1,0,0,1,1,,0,25,0,0,0,0,0,2,2,13
,2019-38703,39.679174,-105.053262,6/6/2019 10:45,10:45,3,0,1,SHERIDAN BOULEVARD SOUTH & EVANS AVENUE WEST,1,1,0,0,1,1,,0,30,0,0,0,0,1,2,2,13
,2019-38705,39.679158,-105.053264,7/16/2019 21:50,21:50,1,0,2,SHERIDAN BOULEVARD SOUTH & EVANS AVENUE WEST,1,2,0,0,1,1,,0,,0,0,0,0,1,2,2,13
,2019-38706,39.679174,-105.053262,7/18/2019 21:50,21:50,1,0,2,SHERIDAN BOULEVARD SOUTH & EVANS AVENUE WEST,1,2,0,0,1,1,,0,30,0,0,0,0,2,2,2,13
,2019-38707,39.679174,-105.053262,9/10/2019 8:40,8:40,1,0,0,SHERIDAN BOULEVARD SOUTH & EVANS AVENUE WEST,1,1,0,0,1,1,,0,35,0,0,0,0,0,2,2,1
,2019-38708,39.679174,-105.053262,10/19/2019 18:21,18:21,1,0,0,SHERIDAN BOULEVARD SOUTH & EVANS AVENUE WEST,1,3,0,0,1,1,,0,35,0,0,0,0,0,2,3,13
,2019-38709,39.679174,-105.053262,10/24/2019 15:11,15:11,3,0,0,SHERIDAN BOULEVARD SOUTH & EVANS AVENUE WEST,1,1,0,0,1,1,,0,40,0,0,0,0,0,2,2,9
,2019-38710,39.679312,-105.053262,9/16/2019 16:50,16:50,12,0,0,SHERIDAN BOULEVARD SOUTH & EVANS AVENUE WEST,1,1,0,0,1,4,,0,40,0,0,0,0,0,2,5,3
,2019-38711,39.679312,-105.053262,9/20/2019 21:30,21:30,12,0,0,SHERIDAN BOULEVARD SOUTH & EVANS AVENUE WEST,1,3,0,0,1,3,,0,35,0,0,0,0,0,2,2,13
,2019-38712,39.788817,-105.053247,11/22/2019 5:29,5:29,12,0,0,SHERIDAN BOULEVARD NORTH & BENTON WAY NORTH,4,3,1,2,1,1,,0,35,0,0,0,0,0,2,2,13
,2019-38713,39.679726,-105.053263,1/4/2019 14:57,14:57,1,0,0,SHERIDAN BOULEVARD SOUTH & EVANS AVENUE WEST,1,1,0,0,1,2,,0,35,0,0,0,0,0,2,2,13
,2019-38714,39.711126,-105.053259,9/28/2019 14:21,14:21,12,0,1,SHERIDAN BOULEVARD SOUTH & ALAMEDA AVENUE WEST,1,1,1,0,1,3,,0,35,0,0,0,0,1,2,2,14
,2019-38715,39.679726,-105.053263,9/6/2019 16:06,16:06,12,0,0,SHERIDAN BOULEVARD SOUTH & EVANS AVENUE WEST,1,1,0,0,1,4,,0,30,0,0,0,0,0,2,3,13
,2019-38716,39.680692,-105.053264,9/19/2019 15:39,15:39,12,0,0,SHERIDAN BOULEVARD SOUTH & EVANS AVENUE WEST,1,1,0,0,1,4,,0,40,0,0,0,0,0,2,2,1
,2019-38717,39.681658,-105.053261,4/23/2019 18:48,18:48,12,0,1,SHERIDAN BOULEVARD SOUTH & JEWELL AVENUE WEST,1,1,1,0,1,4,,0,40,0,0,0,0,1,2,3,3
,2019-38718,39.681658,-105.053261,7/29/2019 21:19,21:19,3,0,2,SHERIDAN BOULEVARD SOUTH & JEWELL AVENUE WEST,1,3,0,0,1,2,,0,,0,0,0,0,1,2,2,13
,2019-38719,39.68207,-105.053225,10/22/2019 18:43,18:43,12,0,0,SHERIDAN BOULEVARD SOUTH & JEWELL AVENUE WEST,1,2,0,0,1,3,,0,40,0,0,0,0,0,2,3,7
,2019-38720,39.68224,-105.053199,1/24/2019 11:55,11:55,12,0,0,SHERIDAN BOULEVARD SOUTH & JEWELL AVENUE WEST,4,1,0,2,1,1,,0,35,0,0,0,0,0,2,2,14
,2019-38721,39.68224,-105.053199,1/26/2019 19:14,19:14,3,0,0,SHERIDAN BOULEVARD SOUTH & JEWELL AVENUE WEST,1,3,0,0,1,3,,0,,0,0,0,0,0,2,4,13
,2019-38722,39.68224,-105.053199,10/24/2019 15:37,15:37,15,0,1,SHERIDAN BOULEVARD SOUTH & JEWELL AVENUE WEST,1,1,1,0,1,1,,0,35,0,0,0,0,1,2,2,9
,2019-38723,39.68224,-105.053199,12/13/2019 21:12,21:12,1,0,0,SHERIDAN BOULEVARD SOUTH & JEWELL AVENUE WEST,1,3,1,0,1,1,,0,40,0,0,0,0,0,2,2,7
,2019-38724,39.682397,-105.053192,2/20/2019 15:00,15:00,12,0,0,SHERIDAN BOULEVARD SOUTH & JEWELL AVENUE WEST,1,1,0,0,1,4,,0,40,0,0,0,0,0,2,2,13
,2019-38725,39.682397,-105.053192,8/2/2019 19:12,19:12,1,0,2,SHERIDAN BOULEVARD SOUTH & JEWELL AVENUE WEST,1,1,0,0,1,2,,0,35,0,0,0,0,1,2,2,1
,2019-38727,39.684341,-105.053197,11/6/2019 17:00,17:00,1,0,0,SHERIDAN BOULEVARD SOUTH & MEXICO AVENUE WEST,2,3,0,1,1,1,,0,35,0,0,0,0,0,2,2,13
,2019-38728,39.684341,-105.053197,12/13/2019 18:05,18:05,15,0,0,SHERIDAN BOULEVARD SOUTH & MEXICO AVENUE WEST,1,3,0,0,1,4,,0,40,0,0,0,0,0,2,2,13
,2019-38729,39.685815,-105.053186,5/14/2019 7:40,7:40,12,0,0,SHERIDAN BOULEVARD SOUTH & OREGON PLACE WEST,1,1,0,0,1,3,,0,40,0,0,0,0,0,2,2,13
,2019-38730,39.685941,-105.053185,10/20/2019 19:00,19:00,12,0,0,SHERIDAN BOULEVARD SOUTH & MEXICO AVENUE WEST,1,3,1,0,1,4,,0,40,0,0,0,0,0,2,2,5
,2019-3874,39.653307,-105.032151,6/11/2019 9:45,9:45,12,0,0,HAMPDEN AVENUE WEST & KNOX COURT SOUTH,1,1,0,1,1,4,,0,55,0,0,0,0,0,2,2,13
,2019-38755,39.718321,-105.053276,9/4/2019 23:01,23:01,15,0,0,SHERIDAN BOULEVARD NORTH & FIRST AVENUE WEST,1,3,0,0,1,4,,0,35,0,0,0,0,0,2,2,13
,2019-38756,39.721601,-105.053263,11/15/2019 11:26,11:26,12,0,0,SHERIDAN BOULEVARD 300 BLOCK NORTH & THIRD AVENUE WEST,1,1,0,0,1,4,,0,,0,0,0,0,0,2,2,13
,2019-38757,39.721746,-105.053262,5/25/2019 10:51,10:51,12,0,0,SHERIDAN BOULEVARD 400 BLOCK NORTH & SECOND AVENUE WEST,1,1,0,0,1,4,,0,40,0,0,0,0,0,2,2,13
,2019-38758,39.721746,-105.053262,6/9/2019 12:44,12:44,12,0,0,SHERIDAN BOULEVARD & 300 BLOCK NORTH,1,1,0,0,1,4,,0,30,0,0,0,0,0,2,4,3
,2019-38759,39.722761,-105.053258,6/5/2019 9:33,9:33,12,0,0,SHERIDAN BOULEVARD 300 BLOCK NORTH & FIFTH AVENUE WEST,1,1,0,0,1,4,,0,35,0,0,0,0,0,2,2,13
,2019-38760,39.724175,-105.053225,11/15/2019 9:01,9:01,15,0,2,SHERIDAN BOULEVARD NORTH & FIFTH AVENUE WEST,1,1,0,0,1,3,,0,35,0,0,0,0,1,2,3,1
,2019-38761,39.724253,-105.053196,4/18/2019 15:22,15:22,12,0,0,SHERIDAN BOULEVARD 500 BLOCK NORTH & FIFTH AVENUE WEST,1,1,0,0,1,4,,0,35,0,0,0,0,0,2,3,1
,2019-38762,39.724421,-105.0532,5/17/2019 22:34,22:34,12,0,1,SHERIDAN BOULEVARD NORTH & 500 BLOCK NORTH,1,3,1,0,1,4,,0,45,0,0,0,0,1,2,3,13
,2019-38763,39.724417,-105.053192,9/19/2019 6:38,6:38,3,0,0,SHERIDAN BOULEVARD NORTH & FIFTH AVENUE WEST,1,1,1,0,1,2,,0,35,0,0,0,0,0,2,2,13
,2019-38764,39.724827,-105.05318,12/7/2019 21:27,21:27,12,0,0,SHERIDAN BOULEVARD 500 BLOCK NORTH & FIFTH AVENUE WEST,1,3,1,0,1,4,,0,35,0,0,0,0,0,2,3,3
,2019-38765,39.724991,-105.053164,6/22/2019 12:30,12:30,12,0,1,SHERIDAN BOULEVARD NORTH & HIGHWAY 6 EASTBOUND ON RAMP SLIP GORE POINT,1,1,0,0,1,3,,0,30,0,0,0,0,1,2,2,3
,2019-38766,39.725318,-105.053142,2/26/2019 13:40,13:40,12,0,0,SHERIDAN BOULEVARD 500 NORTH & SIXTH AVENUE WEST,1,1,1,0,1,4,,0,35,0,0,0,0,0,2,3,1
,2019-38767,39.726183,-105.053139,10/19/2019 7:23,7:23,3,0,2,SHERIDAN BOULEVARD NORTH & HIGHWAY 6 WB OFF RAMP,1,1,1,0,1,1,,0,40,0,0,0,0,1,2,2,13
,2019-38768,39.733281,-105.053226,11/25/2019 17:31,17:31,12,0,0,SHERIDAN BOULEVARD 1000 BLOCK NORTH & 10TH AVENUE WEST,2,3,1,2,1,4,,0,35,0,0,0,0,0,2,3,7
,2019-38769,39.736423,-105.053219,4/1/2019 12:56,12:56,15,0,0,SHERIDAN BOULEVARD NORTH & 13TH AVENUE WEST,1,1,0,0,1,4,,0,35,0,0,0,0,0,2,3,3
,2019-38770,39.737037,-105.053213,9/15/2019 10:30,10:30,12,0,0,SHERIDAN BOULEVARD NORTH & 1300 BLOCK NORTH,1,1,0,0,1,4,,0,35,0,0,0,0,0,2,2,12
,2019-38771,39.737133,-105.053217,9/14/2019 12:00,12:00,12,0,0,SHERIDAN BOULEVARD NORTH & 14TH AVENUE WEST,1,1,0,0,1,4,,0,35,0,0,0,0,0,2,2,3
,2019-38772,39.738013,-105.053215,8/23/2019 15:05,15:05,12,0,0,SHERIDAN BOULEVARD NORTH & 14TH AVENUE WEST,1,1,0,0,1,4,,0,30,0,0,0,0,0,2,2,13
,2019-38773,39.738306,-105.053215,4/5/2019 12:55,12:55,15,0,0,SHERIDAN BOULEVARD 1300 BLOCK NORTH & 14TH AVENUE WEST,1,1,1,0,1,4,,0,35,0,0,0,0,0,2,2,13
,2019-38774,39.738453,-105.053214,1/11/2019 12:15,12:15,12,0,4,SHERIDAN BOULEVARD NORTH & 14TH AVENUE WEST,2,1,0,2,1,1,,0,35,0,0,0,0,1,2,2,13
,2019-38775,39.738453,-105.053214,1/27/2019 17:27,17:27,1,0,0,SHERIDAN BOULEVARD NORTH & 14TH AVENUE WEST,1,3,0,0,1,3,,0,35,0,0,0,0,0,2,2,13
,2019-38776,39.738453,-105.053214,3/1/2019 9:04,9:04,12,0,1,SHERIDAN BOULEVARD NORTH & 14TH AVENUE WEST,1,1,0,0,1,3,,0,35,0,0,0,0,1,2,2,1
,2019-38789,39.74397,-105.0532,12/18/2019 15:05,15:05,10,0,0,17TH AVENUE WEST & SHERIDAN BOULEVARD NORTH,1,2,0,0,1,1,,0,30,0,0,0,0,0,2,2,1
,2019-38801,39.762056,-105.053242,7/5/2019 23:20,23:20,3,0,0,SHERIDAN BOULEVARD NORTH & 32ND AVENUE WEST,1,3,1,0,1,1,,0,35,0,0,0,0,0,2,2,5
,2019-38802,39.762056,-105.053242,12/13/2019 22:54,22:54,1,0,0,32ND AVENUE WEST & SHERIDAN BOULEVARD NORTH,1,3,0,0,1,1,,0,30,0,0,0,0,0,2,2,13
,2019-38806,39.703941,-105.039549,2/11/2019 8:10,8:10,3,0,0,PERRY STREET SOUTH & EXPOSITION AVENUE WEST,6,1,0,0,1,1,,0,25,0,0,0,0,0,4,2,1
,2019-38808,39.784546,-105.053271,9/24/2019 8:00,8:00,15,0,0,48TH AVENUE  & SHERIDAN BOULEVARD NORTH,1,1,0,0,1,4,,0,35,0,0,0,0,0,2,2,13
,2019-38809,39.784546,-105.053271,11/29/2019 18:00,18:00,15,0,0,SHERIDAN BOULEVARD NORTHBOUND & I70 WB OFF RAMP,2,4,0,0,1,1,,0,35,0,0,0,0,0,2,2,7
,2019-38812,39.785257,-105.053263,4/4/2019 6:10,6:10,5,0,0,SHERIDAN BOULEVARD 4800 BLOCK NORTH & 49TH AVENUE WEST,1,2,1,0,3,4,,0,35,0,0,0,0,0,2,1,3
,2019-38813,39.785677,-105.053258,2/23/2019 8:45,8:45,12,0,0,SHERIDAN BOULEVARD NORTH & 49TH AVENUE WEST,4,1,0,0,1,1,,0,35,0,0,0,0,0,2,2,13
,2019-38814,39.785677,-105.053258,4/12/2019 17:40,17:40,15,0,0,SHERIDAN BOULEVARD 4800 BLOCK NORTH & 49TH AVENUE WEST,1,1,0,0,1,1,,0,35,0,0,0,0,0,2,2,13
,2019-38815,39.785677,-105.053258,6/4/2019 16:49,16:49,1,0,0,SHERIDAN BOULEVARD NORTH & 49TH AVENUE WEST,1,1,0,0,1,1,,0,35,0,0,0,0,0,2,2,13
,2019-38816,39.783533,-105.053244,11/24/2019 2:30,2:30,12,0,0,SHERIDAN BOULEVARD NORTH & I70,1,3,0,0,1,4,,0,,0,0,0,0,0,2,2,13
,2019-38817,39.786772,-105.053246,5/23/2019 5:26,5:26,15,0,0,SHERIDAN BOULEVARD NORTH & I70,2,3,0,0,1,4,,0,35,0,0,0,0,0,2,2,13
,2019-38820,39.78835,-105.053257,10/10/2019 8:00,8:00,12,0,0,SHERIDAN BOULEVARD NORTH & 51ST AVENUE WEST,5,1,1,2,1,4,,0,35,0,0,0,0,0,2,2,13
,2019-38823,39.788471,-105.053257,8/17/2019 14:00,14:00,15,0,0,SHERIDAN BOULEVARD NORTH & 51ST AVENUE ROAD WEST,1,1,1,0,1,4,,0,35,0,0,0,0,0,2,2,13
,2019-38824,39.789044,-105.053255,11/1/2019 16:40,16:40,15,0,1,SHERIDAN BOULEVARD NORTH & 52ND AVENUE WEST,1,1,1,0,1,4,,0,35,0,0,0,0,1,2,2,13
,2019-38825,39.711339,-105.0532605,12/18/2019 18:43,18:43,15,0,0,SHERIDAN BOULEVARD SOUTH & ALAMEDA AVENUE WEST,1,4,0,0,1,3,,0,30,0,0,0,0,0,2,2,7
,2019-38826,39.789245,-105.053254,12/4/2019 13:15,13:15,12,0,1,SHERIDAN BOULEVARD 5100 BLOCK NORTH & 52ND AVENUE WEST,1,1,1,0,1,3,,1,35,0,0,0,0,1,2,5,13
,2019-38828,39.790047,-105.053251,2/6/2019 12:26,12:26,1,0,0,SHERIDAN BOULEVARD 5100 BLOCK NORTH & 52ND AVENUE WEST,5,1,1,2,1,4,,0,35,0,0,0,0,0,2,5,14
,2019-38830,39.790448,-105.053249,7/25/2019 20:08,20:08,12,0,1,SHERIDAN BOULEVARD NORTH & 52ND AVENUE WEST,1,2,1,0,1,4,,0,35,0,0,0,0,1,2,3,13
,2019-38831,39.790849,-105.053248,1/7/2019 7:59,7:59,15,0,0,SHERIDAN BOULEVARD 5100 BLOCK NORTH & 52ND AVENUE,1,1,1,0,1,4,,0,30,0,0,0,0,0,2,2,13
,2019-38832,39.790849,-105.053248,4/22/2019 12:48,12:48,12,0,0,SHERIDAN BOULEVARD 5100 BLOCK NORTH & 52ND AVENUE WEST,1,1,0,0,1,3,,0,35,0,0,0,0,0,2,2,13
,2019-38834,39.790849,-105.053248,7/12/2019 15:06,15:06,15,0,1,HIGHWAY 95 & 52ND AVENUE WEST,1,1,1,0,1,3,,0,35,0,0,0,0,1,2,2,13
,2019-38835,39.791049,-105.053247,1/6/2019 13:30,13:30,12,0,1,SHERIDAN BOULEVARD NORTH & 52ND AVENUE WEST,1,1,1,0,1,1,,0,35,0,0,0,0,2,2,2,2
,2019-38903,39.634066,-104.902282,3/3/2019 15:50,15:50,5,0,0,I225 OFF RAMP SPLIT TO & I25 SOUTHBOUND,5,5,1,0,3,7,,0,55,0,0,0,0,0,1,1,7
,2019-3891,39.66759,-104.9175315,10/31/2019 7:30,7:30,15,0,0,YALE AVENUE EAST & KEARNEY STREET SOUTH,12,1,0,0,1,1,,0,30,0,0,0,0,0,4,2,13
,2019-3892,39.624183,-105.093171,7/12/2019 16:40,16:40,3,0,0,BELLEVIEW AVENUE WEST & CODY STREET,1,1,0,0,1,3,,0,40,0,0,0,0,0,4,2,13
,2019-38943,39.652991,-104.928241,8/12/2019 10:40,10:40,1,0,1,HAMPDEN AVENUE EAST & FAIRFAX STREET SOUTH,1,1,0,0,1,1,,0,35,0,0,0,0,1,2,2,1
,2019-3899,39.735612,-104.8846905,5/10/2019 19:51,19:51,6,0,0,12TH AVENUE EAST & YOSEMITE STREET NORTH,1,1,0,0,1,2,,0,25,0,0,0,0,0,4,2,13
,2019-39003,39.743958,-105.025215,6/17/2019 16:18,16:18,12,0,0,FEDERAL BOULEVARD NORTH & 17TH AVENUE WEST,1,1,0,0,1,4,,0,35,0,0,0,0,0,2,2,13
,2019-3907,39.63869,-104.88696,3/28/2019 6:51,6:51,15,0,0,I225 & TAMARAC STREET SOUTH,1,1,0,0,1,4,,0,60,0,0,0,0,0,1,2,13
,2019-3908,39.751011,-104.903442,11/25/2019 19:30,19:30,12,0,0,QUEBEC STREET NORTH & 23RD AVENUE EAST,2,4,0,2,1,4,,0,,0,0,0,0,0,4,2,13
,2019-3909,39.711348,-104.9035005,9/10/2019 0:30,0:30,6,0,0,QUEBEC STREET SOUTH  & 2609 SOUTH QUEBEC STREET,1,4,1,0,1,2,,0,15,0,0,0,0,0,4,2,13
,2019-39099,39.73833,-104.916141,2/25/2019 14:50,14:50,3,0,0,14TH AVENUE EAST & KRAMERIA STREET NORTH,1,1,0,0,1,1,,0,25,0,0,0,0,0,4,2,8
,2019-3910,39.754728,-104.9034015,3/14/2019 11:45,11:45,3,0,0,QUEBEC STREET NORTH & 26TH AVENUE EAST,9,1,0,0,1,1,,0,30,0,0,0,0,0,4,2,14
,2019-3911,39.754728,-104.9034015,3/14/2019 12:58,12:58,3,0,1,QUEBEC STREET NORTH & 26TH AVENUE EAST,2,1,0,0,1,1,,0,30,0,0,0,0,1,4,2,1
,2019-3912,39.754728,-104.9034015,9/26/2019 20:20,20:20,3,0,1,QUEBEC STREET NORTH & 26TH AVENUE EAST,1,3,0,0,1,1,,0,35,0,0,0,0,1,4,2,13
,2019-3913,39.754728,-104.9034015,10/12/2019 13:51,13:51,12,0,0,QUEBEC STREET NORTH & 26TH AVENUE EAST,1,1,0,0,1,1,,0,35,0,0,0,0,0,4,2,13
,2019-3914,39.76312069,-104.902749,4/9/2019 14:45,14:45,15,0,1,QUEBEC STREET & 2900 BLOCK NORTH,1,1,0,0,1,4,,0,35,0,0,0,0,1,4,4,3
,2019-3916,39.76312069,-104.902749,5/15/2019 11:54,11:54,15,0,0,QUEBEC STREET NORTH & 2900 BLOCK NORTH,1,1,0,0,1,4,,0,30,0,0,0,0,0,4,2,8
,2019-3917,39.757986,-104.903451,1/7/2019 15:55,15:55,15,0,0,QUEBEC STREET NORTH & 29TH AVENUE EAST,1,1,0,0,1,1,,0,35,0,0,0,0,0,4,2,13
,2019-3918,39.757986,-104.903451,1/28/2019 14:31,14:31,3,0,1,QUEBEC STREET 2900 NORTH & 29TH PLACE EAST,6,1,0,0,1,2,,0,45,0,0,0,0,2,4,2,14
,2019-39189,39.64250582,-105.0600777,8/22/2019 20:11,20:11,6,0,0,PINEHURST CIRCLE SOUTH & 3900 BLOCK SOUTH,1,3,0,0,1,4,,0,25,0,0,0,0,0,4,2,3
,2019-3919,39.720213,-104.903622,5/7/2019 20:27,20:27,1,0,1,QUEBEC STREET NORTH & SECOND AVENUE EAST,2,3,0,1,1,1,,0,35,0,0,0,0,1,4,2,13
,2019-3920,39.763827,-104.902749,5/14/2019 18:24,18:24,3,0,0,QUEBEC STREET NORTH & 33RD AVENUE EAST,1,1,0,0,1,1,,0,25,0,0,0,0,0,4,3,1
,2019-39202,39.665556,-105.081462,2/15/2019 14:48,14:48,12,0,0,WADSWORTH BOULEVARD SOUTH & AMHERST AVENUE WEST,1,1,0,0,1,4,,0,40,0,0,0,0,0,2,2,12
,2019-39204,39.614418,-105.091148,4/2/2019 11:30,11:30,3,0,0,CROSS DRIVE WEST & WADSWORTH BOULEVARD SOUTH,1,1,0,0,1,1,,0,30,0,0,0,0,0,2,2,8
,2019-39205,39.614418,-105.091148,10/13/2019 17:42,17:42,12,0,0,WADSWORTH BOULEVARD SOUTH & CROSS DRIVE WEST / LONG DRIVE,1,1,1,0,1,1,,0,40,0,0,0,0,0,2,2,5
,2019-39207,39.614418,-105.091148,10/25/2019 20:01,20:01,1,0,0,CROSS DRIVE WEST / LONG DRIVE & WADSWORTH BOULEVARD SOUTH,1,3,0,0,1,1,,0,40,0,0,0,0,0,2,2,13
,2019-39208,39.614418,-105.091148,10/30/2019 17:04,17:04,5,0,0,LONG DRIVE & WADSWORTH BOULEVARD SOUTH,1,1,0,0,3,1,,0,35,0,0,0,0,0,2,1,3