id,drcog_id,latitude,longitude,crashtime,time,crashtype,numbkilled,numbinjurd,drcoglocat,rdconditin,lightngcon,roadcntgrd,weatherco,location,roaddescrp,schoolzone,constrzone,splimit,bikeinv,sctrinv,pedinv,motoinv,svrty,rdsystem,ttlvehcls,hcf
,2019-39209,39.614558,-105.091147,1/3/2019 13:51,13:51,12,0,1,HIGHWAY 121 & MM 4,1,1,1,0,1,3,,0,40,0,0,0,0,1,2,2,13
,2019-3921,39.763827,-104.902749,7/1/2019 13:50,13:50,3,0,0,QUEBEC STREET NORTH & 33RD AVENUE EAST,1,1,0,0,1,1,,0,25,0,0,0,0,0,4,2,7
,2019-39210,39.614698,-105.091145,11/7/2019 18:21,18:21,1,0,0,WADSWORTH BOULEVARD SOUTH & CROSS DRIVE WEST,1,3,0,0,1,2,,0,35,0,0,0,0,0,2,2,13
,2019-39211,39.615258,-105.091139,3/16/2019 12:39,12:39,12,0,0,WADSWORTH BOULEVARD SOUTH & CRESTLINE AVENUE WEST,1,1,0,0,1,4,,0,45,0,0,0,0,0,2,3,3
,2019-39212,39.615563,-105.091136,11/19/2019 8:21,8:21,1,0,0,HIGHWAY 121 & MM 4,1,1,1,0,1,2,,0,45,0,0,0,0,0,2,2,13
,2019-39213,39.61587,-105.091133,9/7/2019 15:35,15:35,12,0,1,HIGHWAY 121 / WADSWORTH BOULEVARD SOUTH & CROSS DRIVE WEST / LONG DRIVE,1,1,0,0,1,3,,0,40,0,0,0,0,1,2,3,13
,2019-39214,39.617254,-105.091119,11/26/2019 12:29,12:29,8,0,0,WADSWORTH BOULEVARD 5400 BLOCK SOUTH & CRESTLINE AVENUE WEST,1,1,0,0,1,2,,0,30,0,0,0,0,0,2,2,13
,2019-39215,39.617408,-105.091118,7/3/2019 12:08,12:08,12,0,0,WADSWORTH BOULEVARD SOUTH & CRESTLINE AVENUE WEST,1,1,0,0,1,4,,0,45,0,0,0,0,0,2,3,12
,2019-39216,39.617869,-105.091113,9/20/2019 19:18,19:18,12,0,2,HIGHWAY 121 / WADSWORTH BOULEVARD SOUTH & CRESTLINE AVENUE WEST,1,3,0,0,1,3,,0,,0,0,0,0,1,2,2,14
,2019-39217,39.618023,-105.091112,11/30/2019 13:02,13:02,12,0,0,WADSWORTH BOULEVARD SOUTH & CRESTLINE AVENUE WEST,1,1,0,0,1,4,,0,35,0,0,0,0,0,2,2,3
,2019-39218,39.618177,-105.09111,4/5/2019 15:52,15:52,12,0,0,WADSWORTH BOULEVARD SOUTH & CRESTLINE AVENUE WEST,1,1,0,0,1,3,,0,40,0,0,0,0,0,2,2,3
,2019-39219,39.618177,-105.09111,9/25/2019 15:55,15:55,12,0,0,WADSWORTH BOULEVARD SOUTH & CRESTLINE AVENUE WEST,1,1,0,0,1,4,,0,40,0,0,0,0,0,2,3,3
,2019-3922,39.763827,-104.902749,7/3/2019 9:43,9:43,10,0,0,QUEBEC STREET NORTH & 33RD AVENUE EAST,1,1,0,0,1,1,,0,35,0,0,0,0,0,4,2,8
,2019-39220,39.618177,-105.09111,12/11/2019 15:47,15:47,15,0,0,WADSWORTH BOULEVARD SOUTH & CRESTLINE AVENUE WEST,1,3,0,0,1,3,,0,35,0,0,0,0,0,2,2,7
,2019-39221,39.61833,-105.091109,1/3/2019 13:17,13:17,12,0,0,WADSWORTH BOULEVARD SOUTH & CRESTLINE AVENUE WEST,1,1,0,0,1,3,,0,40,0,0,0,0,0,2,2,3
,2019-39222,39.61833,-105.091109,2/12/2019 8:45,8:45,15,0,0,WADSWORTH BOULEVARD & CRESTLINE AVENUE WEST,1,1,0,0,1,1,,0,45,0,0,0,0,0,2,2,3
,2019-39223,39.61833,-105.091109,3/13/2019 15:15,15:15,3,0,0,WADSWORTH BOULEVARD SOUTH & CRESTLINE AVENUE WEST,6,1,0,2,1,1,,0,40,0,0,0,0,0,2,2,3
,2019-39224,39.61833,-105.091109,3/20/2019 21:11,21:11,3,0,0,WADSWORTH BOULEVARD SOUTH & CRESTLINE AVENUE WEST,1,3,0,0,1,1,,0,40,0,0,0,0,0,2,2,13
,2019-39225,39.76543,-104.9786,12/26/2019 19:20,19:20,6,0,0,WALNUT STREET & 3201 WALNUT STREET,1,3,0,0,1,4,,0,30,0,0,0,0,0,4,2,13
,2019-39226,39.61833,-105.091109,9/28/2019 15:28,15:28,12,0,0,WADSWORTH BOULEVARD SOUTH & CRESTLINE AVENUE WEST,1,1,0,0,1,1,,0,40,0,0,0,0,0,2,2,13
,2019-39227,39.61833,-105.091109,10/25/2019 15:05,15:05,12,0,0,WADSWORTH BOULEVARD SOUTH & CRESTLINE AVENUE WEST,1,1,0,0,1,3,,0,45,0,0,0,0,0,2,2,13
,2019-39228,39.61833,-105.091109,10/25/2019 15:05,15:05,12,0,0,WADSWORTH BOULEVARD SOUTH & WEST CRESTLINE AVENUE,1,1,0,0,1,3,,0,45,0,0,0,0,0,2,3,3
,2019-39229,39.61833,-105.091109,12/1/2019 10:33,10:33,3,0,0,CRESTLINE AVENUE WEST & WADSWORTH BOULEVARD SOUTH,2,1,0,0,1,1,,0,45,0,0,0,0,0,2,2,13
,2019-3923,39.763827,-104.902749,8/27/2019 7:56,7:56,10,0,0,QUEBEC STREET NORTH  & 33RD AVENUE EAST,1,1,0,0,1,1,,0,35,0,0,0,0,0,4,2,8
,2019-3924,39.763827,-104.902749,10/21/2019 15:55,15:55,3,0,0,QUEBEC STREET NORTH & 33RD AVENUE EAST,1,1,0,0,1,1,,0,25,0,0,0,0,0,4,2,13
,2019-39241,39.629748,-105.087176,7/27/2019 15:10,15:10,12,0,0,WADSWORTH BOULEVARD SOUTH & LAYTON AVENUE,1,1,1,0,1,3,,0,40,0,0,0,0,0,2,2,7
,2019-39242,39.629748,-105.087176,8/22/2019 7:59,7:59,12,0,0,HIGHWAY 121 / WADSWORTH BOULEVARD SOUTH & LAYTON AVENUE  / WADSWORTH WAY,1,1,0,0,1,3,,0,45,0,0,0,0,0,2,2,13
,2019-39243,39.629748,-105.087176,8/27/2019 14:16,14:16,12,0,0,HIGHWAY 121 / WADSWORTH BOULEVARD SOUTH & LAYTON AVENUE  / WADSWORTH WAY,1,1,0,0,1,3,,0,45,0,0,0,0,0,2,2,13
,2019-39244,39.629865,-105.087057,2/6/2019 18:34,18:34,15,0,0,WADSWORTH BOULEVARD SOUTH & LAYTON AVENUE WEST,4,3,0,2,1,1,,0,40,0,0,0,0,0,2,2,13
,2019-39245,39.629993,-105.086927,3/30/2019 20:10,20:10,15,0,0,LAYTON AVENUE WEST & WADSWORTH BOULEVARD SOUTH,1,3,0,0,1,4,,0,25,0,0,0,0,0,2,2,14
,2019-39246,39.6341,-105.081631,12/21/2019 13:14,13:14,12,0,0,WADSWORTH 4600 BLOCK SOUTH & TUFTS AVENUE WEST,1,1,0,0,1,4,,0,45,0,0,0,0,0,2,2,13
,2019-39247,39.635297,-105.082331,2/20/2019 20:59,20:59,12,0,0,WADSWORTH BOULEVARD SOUTH & STANFORD AVENUE WEST,1,3,0,0,1,1,,0,45,0,0,0,0,0,2,2,7
,2019-39248,39.635297,-105.082331,7/23/2019 9:48,9:48,3,0,0,WADSWORTH BOULEVARD SOUTH & STANFORD AVENUE WEST,1,1,0,0,1,1,,0,25,0,0,0,0,0,2,2,1
,2019-39249,39.635297,-105.082331,12/3/2019 15:03,15:03,12,0,0,WADSWORTH BOULEVARD SOUTH & STANFORD AVENUE WEST,1,1,0,0,1,1,,0,,0,0,0,0,0,2,3,13
,2019-3925,39.763827,-104.902749,11/1/2019 17:48,17:48,3,0,0,QUEBEC STREET NORTH & 33RD AVENUE EAST,1,2,0,0,1,1,,0,35,0,0,0,0,0,4,2,8
,2019-39250,39.638141,-105.081647,10/28/2019 14:45,14:45,1,0,1,HIGHWAY 121 & MM 7,2,1,0,0,1,1,,0,45,0,0,0,0,1,2,2,13
,2019-3926,39.765456,-104.9026095,6/12/2019 10:01,10:01,3,0,0,QUEBEC STREET NORTH & 35TH AVENUE EAST,1,1,0,0,1,1,,0,35,0,0,0,0,0,4,2,1
,2019-3927,39.765456,-104.9026095,7/1/2019 13:45,13:45,15,0,0,QUEBEC STREET NORTH & 35TH AVENUE EAST,1,1,0,0,1,1,,0,30,0,0,0,0,0,4,2,8
,2019-3928,39.765456,-104.9026095,9/18/2019 12:56,12:56,10,0,0,QUEBEC STREET NORTH  & 35TH AVENUE EAST,1,1,0,0,1,1,,0,35,0,0,0,0,0,4,2,13
,2019-3929,39.765456,-104.9026095,9/19/2019 12:20,12:20,12,0,0,QUEBEC STREET NORTH & 35TH AVENUE EAST,1,1,0,0,1,4,,0,,0,0,0,0,0,4,2,3
,2019-3930,39.765456,-104.9026095,9/25/2019 6:14,6:14,10,0,0,QUEBEC STREET NORTH & 35TH AVENUE EAST,1,3,0,0,1,1,,0,35,0,0,0,0,0,4,2,14
,2019-3931,39.765456,-104.9026095,10/25/2019 15:00,15:00,12,0,0,QUEBEC STREET NORTH & 35TH AVENUE EAST,1,1,0,0,1,1,,0,30,0,0,0,0,0,4,2,12
,2019-39315,39.668181,-105.081242,7/8/2019 20:00,20:00,5,0,1,WADSWORTH BOULEVARD SOUTH & 2690 SOUTH WADSWORTH BOULEVARD,1,4,1,0,2,4,,0,40,0,0,0,0,2,2,1,5
,2019-3932,39.76312069,-104.902749,5/22/2019 10:20,10:20,15,0,0,QUEBEC STREET NORTH & 3600 BLOCK NORTH,1,1,1,0,1,4,,0,45,0,0,0,0,0,4,2,7
,2019-3933,39.76312069,-104.902749,12/8/2019 16:40,16:40,10,0,0,QUEBEC STREET & 3600 NORTH,1,3,0,0,1,1,,0,35,0,0,0,0,0,4,2,13
,2019-3934,39.767391,-104.902533,1/12/2019 15:58,15:58,10,0,0,QUEBEC STREET NORTH & 36TH AVENUE EAST,1,1,1,0,1,1,,0,40,0,0,0,0,0,4,2,8
,2019-3935,39.767391,-104.902533,1/13/2019 9:48,9:48,12,0,1,QUEBEC STREET NORTH & 36TH AVENUE EAST,1,1,0,0,1,1,,0,45,0,0,0,0,1,4,2,12
,2019-3936,39.767391,-104.902533,3/18/2019 9:54,9:54,3,0,1,QUEBEC STREET NORTH & 36TH AVENUE EAST,1,1,0,0,1,1,,0,40,0,0,0,0,2,4,2,7
,2019-39365,39.774114,-105.006438,5/2/2019 17:27,17:27,12,0,0,PECOS STREET NORTH & 42ND AVENUE WEST,1,1,0,0,1,1,,0,30,0,0,0,0,0,4,3,13
,2019-3937,39.767391,-104.902533,4/8/2019 7:30,7:30,12,0,2,QUEBEC STREET NORTH & 36TH AVENUE EAST,1,1,0,0,1,1,,0,35,0,0,0,0,1,4,2,13
,2019-3938,39.767391,-104.902533,4/19/2019 11:44,11:44,12,0,0,QUEBEC STREET NORTH & 36TH AVENUE EAST,1,1,0,0,1,1,,0,35,0,0,0,0,0,4,2,13
,2019-3939,39.767391,-104.902533,5/1/2019 8:50,8:50,10,0,1,QUEBEC STREET NORTH & 36TH AVENUE EAST,1,1,1,0,1,1,,0,35,0,0,0,0,2,4,2,14
,2019-3940,39.767391,-104.902533,6/23/2019 8:23,8:23,10,0,0,QUEBEC STREET NORTH & 36TH AVENUE EAST,1,1,0,0,1,1,,0,45,0,0,0,0,0,4,2,8
,2019-3941,39.725487,-104.9035005,2/7/2019 0:00,0:00,12,0,0,QUEBEC STREET NORTH & SIXTH AVENUE EAST,2,1,0,0,1,1,,0,30,0,0,0,0,0,4,2,13
,2019-3942,39.725487,-104.9035005,2/8/2019 16:39,16:39,12,0,0,QUEBEC STREET NORTH & SIXTH AVENUE EAST,5,1,1,0,1,1,,0,30,0,0,0,0,0,4,2,13
,2019-3943,39.725487,-104.9035005,8/8/2019 17:20,17:20,12,0,0,QUEBEC STREET NORTH & SIXTH AVENUE EAST,1,1,0,0,1,3,,0,30,0,0,0,0,0,4,2,3
,2019-3944,39.76312069,-104.902749,4/29/2019 8:04,8:04,12,0,0,QUEBEC STREET & 800 BLOCK SOUTH,1,1,0,0,1,4,,0,35,0,0,0,0,0,4,2,3
,2019-3945,39.76312069,-104.902749,4/29/2019 8:04,8:04,12,0,0,QUEBEC STREET & 800 BLOCK SOUTH,1,1,0,0,1,4,,0,35,0,0,0,1,0,4,2,3
,2019-3946,39.76312069,-104.902749,4/29/2019 8:04,8:04,12,0,0,QUEBEC STREET & 800 BLOCK SOUTH,1,1,0,0,1,4,,0,35,0,0,0,0,0,4,2,3
,2019-3947,39.729267,-104.903469,7/3/2019 6:30,6:30,1,0,0,QUEBEC STREET NORTH & EIGHTH AVENUE EAST,1,1,1,0,1,1,,0,35,0,0,0,0,0,4,3,1
,2019-3948,39.729267,-104.903469,9/9/2019 9:21,9:21,12,0,0,QUEBEC STREET NORTH & EIGHTH AVENUE EAST,1,1,0,0,1,1,,0,30,0,0,0,0,0,4,2,1
,2019-3949,39.711222,-104.9035005,2/25/2019 7:21,7:21,12,0,0,QUEBEC STREET SOUTH & ALAMEDA AVENUE EAST,1,1,0,0,1,3,,0,35,0,0,0,0,0,4,2,3
,2019-3950,39.711222,-104.9035005,8/6/2019 10:31,10:31,12,0,1,QUEBEC STREET SOUTH & ALAMEDA AVENUE EAST,1,1,0,0,1,3,,0,35,0,0,0,0,1,4,2,13
,2019-3951,39.665853,-104.90301,5/6/2019 13:49,13:49,3,0,0,QUEBEC STREET SOUTH & AMHERST AVENUE EAST,1,1,0,0,1,1,,0,30,0,0,0,0,0,4,2,13
,2019-3952,39.742596,-104.90346,8/13/2019 9:32,9:32,12,0,0,QUEBEC STREET NORTH & BATAVIA PLACE EAST,1,1,0,0,1,3,,0,30,0,0,0,0,0,4,2,7
,2019-3953,39.684987,-104.9035905,3/18/2019 12:22,12:22,1,0,0,QUEBEC STREET SOUTH & CHERRY CREEK DRIVE SOUTH,1,1,0,0,1,1,,0,35,0,0,0,0,0,4,2,8
,2019-3954,39.684987,-104.9035905,6/2/2019 15:44,15:44,15,0,0,QUEBEC STREET SOUTH & CHERRY CREEK SOUTH DRIVE EAST,1,1,0,0,1,1,,0,35,0,0,0,0,0,4,2,7
,2019-3955,39.689325,-104.896719,10/27/2019 19:59,19:59,5,0,1,QUEBEC WAY SOUTH & FLORIDA AVENUE EAST,4,3,0,2,2,1,,0,30,0,0,0,0,1,4,1,5
,2019-3956,39.687372,-104.9035995,12/26/2019 15:04,15:04,3,0,1,QUEBEC STREET SOUTH & IOWA DRIVE EAST,1,1,0,0,1,1,,0,25,0,0,0,0,1,4,2,1
,2019-3957,39.682062,-104.9034015,3/6/2019 14:45,14:45,3,0,1,QUEBEC STREET SOUTH & JEWELL AVENUE EAST,1,1,0,0,1,1,,0,35,0,0,0,0,1,4,2,13
,2019-3959,39.717054,-104.9037885,1/29/2019 11:02,11:02,15,0,0,QUEBEC STREET SOUTH & LOWRY BOULEVARD EAST,5,1,0,0,1,1,,0,35,0,0,0,0,0,4,2,14
,2019-3960,39.717054,-104.9037885,5/28/2019 6:38,6:38,12,0,0,QUEBEC STREET NORTH & LOWRY BOULEVARD EAST,2,1,0,0,1,3,,0,35,0,0,0,0,0,4,2,13
,2019-3961,39.761928,-104.9027625,1/24/2019 9:55,9:55,3,0,0,QUEBEC STREET NORTH & MLK BOULEVARD,4,1,0,2,1,1,,0,40,0,0,0,0,0,4,2,7
,2019-3962,39.717054,-104.9037885,10/24/2019 18:52,18:52,10,0,0,QUEBEC STREET NORTH  & LOWRY BOULEVARD EAST,1,3,0,0,1,1,,0,35,0,0,0,0,0,4,2,13
,2019-3963,39.761928,-104.902758,6/6/2019 21:05,21:05,3,0,0,QUEBEC STREET NORTH & MARTIN LUTHER KING EAST,1,3,0,0,1,3,,0,35,0,0,0,0,0,4,2,8
,2019-3964,39.695661,-104.9035905,4/22/2019 12:05,12:05,12,0,1,QUEBEC STREET SOUTH & MISSISSIPPI AVENUE EAST,1,1,0,0,1,1,,0,35,0,0,0,0,1,4,2,3
,2019-3965,39.695661,-104.9035905,5/1/2019 12:00,12:00,12,0,0,QUEBEC STREET SOUTH & MISSISSIPPI AVENUE EAST,1,1,0,0,1,1,,0,35,0,0,0,0,0,4,2,13
,2019-3966,39.695661,-104.9035905,7/24/2019 6:00,6:00,3,0,1,QUEBEC STREET SOUTH & MISSISSIPPI AVENUE EAST,1,1,0,0,1,1,,0,35,0,0,0,0,1,4,2,13
,2019-3967,39.695661,-104.9035905,9/20/2019 12:00,12:00,1,0,0,QUEBEC STREET SOUTH & MISSISSIPPI AVENUE EAST,1,1,0,0,1,1,,0,30,0,0,0,0,0,4,2,1
,2019-3968,39.695661,-104.9035905,10/17/2019 7:05,7:05,12,0,0,QUEBEC STREET SOUTH & MISSISSIPPI AVENUE EAST,1,1,0,0,1,1,,0,30,0,0,0,0,0,4,2,13
,2019-3969,39.695661,-104.9035905,11/27/2019 9:40,9:40,3,0,1,QUEBEC STREET SOUTH & MISSISSIPPI AVENUE EAST,5,1,1,0,1,1,,0,35,0,0,0,0,2,4,2,13
,2019-3970,39.761928,-104.9027625,2/6/2019 12:19,12:19,3,0,0,QUEBEC STREET NORTH & MLK BOULEVARD EAST,4,1,0,2,1,1,,0,35,0,0,0,0,0,4,2,14
,2019-3971,39.761928,-104.9027625,2/18/2019 18:58,18:58,15,0,0,QUEBEC STREET & MLK BOULEVARD EAST,1,3,1,0,1,1,,0,45,0,0,0,0,0,4,2,13
,2019-3972,39.761928,-104.9027625,2/26/2019 5:44,5:44,15,0,0,QUEBEC STREET NORTH & MLK BOULEVARD EAST,1,2,0,4,1,1,,0,35,0,0,0,0,0,4,2,13
,2019-3973,39.761928,-104.9027625,3/15/2019 14:49,14:49,12,0,0,QUEBEC STREET NORTH & MLK BOULEVARD EAST,1,1,0,0,1,1,,0,35,0,0,0,0,0,4,2,13
,2019-3974,39.761928,-104.9027625,4/4/2019 7:53,7:53,12,0,0,QUEBEC STREET & MLK BOULEVARD EAST,1,1,0,0,1,1,,0,40,0,0,0,0,0,4,2,14
,2019-3975,39.761928,-104.9027625,4/23/2019 16:02,16:02,15,0,0,QUEBEC STREET NORTH & MLK BOULEVARD EAST,1,1,1,0,1,1,,0,40,0,0,0,0,0,4,2,1
,2019-3976,39.761928,-104.9027625,4/24/2019 7:01,7:01,3,0,0,QUEBEC STREET NORTH & MLK BOULEVARD EAST,1,1,0,0,1,1,,0,35,0,0,0,0,0,4,2,2
,2019-3977,39.761928,-104.9027625,5/5/2019 15:35,15:35,12,0,0,QUEBEC STREET NORTH & MLK BOULEVARD EAST,1,1,1,0,1,1,,0,35,0,0,0,0,0,4,2,13
,2019-3978,39.761928,-104.9027625,6/8/2019 20:14,20:14,15,0,0,QUEBEC STREET NORTH & MLK BOULEVARD EAST,1,3,0,0,1,3,,0,35,0,0,0,0,0,4,2,7
,2019-3979,39.761928,-104.9027625,9/2/2019 8:45,8:45,3,0,5,QUEBEC STREET NORTH  & MLK BOULEVARD EAST,1,1,0,0,1,1,,0,35,0,0,0,0,2,4,2,14
,2019-3980,39.761928,-104.9027625,9/7/2019 10:55,10:55,3,0,0,QUEBEC STREET NORTH  & MLK BOULEVARD EAST,1,1,0,0,1,1,,0,,0,0,0,0,0,4,2,8
,2019-3981,39.761928,-104.9027625,9/20/2019 8:30,8:30,3,0,0,QUEBEC STREET NORTH & MLK BOULEVARD EAST,1,1,0,0,1,1,,0,35,0,0,0,0,0,4,2,13
,2019-3982,39.761928,-104.9027625,10/7/2019 16:35,16:35,3,0,0,QUEBEC STREET NORTH & MLK BOULEVARD EAST,1,1,0,0,1,1,,0,35,0,0,0,0,0,4,2,8
,2019-3983,39.761928,-104.9027625,10/19/2019 13:00,13:00,3,0,0,QUEBEC STREET NORTH & MLK BOULEVARD EAST,1,1,0,0,1,1,,0,35,0,0,0,0,0,4,2,13
,2019-3984,39.761928,-104.9027625,10/22/2019 8:36,8:36,3,0,0,QUEBEC STREET NORTH & MLK BOULEVARD EAST,1,1,0,0,1,1,,0,35,0,0,0,0,0,4,2,13
,2019-3985,39.761928,-104.9027625,10/25/2019 8:30,8:30,3,0,0,QUEBEC STREET NORTH & MLK BOULEVARD EAST,1,1,0,0,1,1,,0,,0,0,0,0,0,4,2,13
,2019-3986,39.747438,-104.90346,2/8/2019 19:49,19:49,1,0,2,QUEBEC STREET NORTH & MONTVIEW BOULEVARD EAST,2,3,0,0,1,1,,0,30,0,0,0,0,2,4,2,13
,2019-3987,39.747438,-104.90346,6/2/2019 20:54,20:54,1,0,0,QUEBEC STREET NORTH & MONTVIEW BOULEVARD EAST,1,3,0,0,1,1,,0,35,0,0,0,0,0,4,2,1
,2019-3988,39.747438,-104.90346,9/14/2019 22:49,22:49,1,0,1,QUEBEC STREET NORTH & MONTVIEW BOULEVARD EAST,1,3,0,0,1,1,,0,30,0,0,0,0,2,4,2,13
,2019-3989,39.747438,-104.90346,10/14/2019 13:10,13:10,12,0,0,QUEBEC STREET NORTH  & MONTVIEW BOULEVARD EAST,1,1,0,0,1,1,,0,30,0,0,0,0,0,4,3,13
,2019-3990,39.711519,-104.9033002,3/26/2019 7:54,7:54,3,0,0,QUEBEC STREET SOUTH & QUEBEC WAY SOUTH,1,1,0,0,1,1,,0,30,0,0,0,0,0,4,2,13
,2019-3991,39.728088,-104.903469,4/2/2019 16:05,16:05,15,0,0,QUEBEC STREET NORTH & SEVERN PLACE EAST,1,1,0,0,1,1,,0,30,0,0,0,0,0,4,2,13
,2019-3992,39.771711,-104.9030235,5/5/2019 15:48,15:48,3,0,1,QUEBEC STREET NORTH & SMITH ROAD EAST,1,1,0,0,1,1,,0,35,0,0,0,0,1,4,2,3
,2019-3993,39.667626,-104.9036085,8/5/2019 7:14,7:14,3,0,0,QUEBEC STREET SOUTH & YALE AVENUE EAST,1,1,1,0,1,1,,0,30,0,0,0,0,0,4,2,13
,2019-3994,39.667626,-104.9036085,12/16/2019 19:57,19:57,1,0,1,QUEBEC STREET SOUTH & YALE AVENUE EAST,1,3,0,0,1,1,,0,35,0,0,0,0,1,4,2,13
,2019-3995,39.89826091,-104.6753462,9/3/2019 5:40,5:40,12,0,0,QUEENSBURG STREET NORTH & 11110 NORTH QUEENSBURG STREET,1,4,0,0,1,4,,0,35,0,0,0,0,0,4,2,3
,2019-3996,39.776679,-104.844951,9/22/2019 20:00,20:00,15,0,0,QUENTIN STREET NORTH & 44TH AVENUE EAST,1,4,0,0,1,1,,0,25,0,0,0,0,0,4,2,13
,2019-3997,39.791592,-104.8440195,6/22/2019 20:32,20:32,6,0,0,QUENTIN STREET NORTH & 53RD AVENUE EAST,1,2,0,0,1,1,,0,25,0,0,0,0,0,4,2,5
,2019-3998,39.693087,-105.007734,7/27/2019 3:10,3:10,6,0,1,QUIETO WAY SOUTH & 501 SOUTH QUIETO WAY,1,3,1,0,1,4,,0,25,0,0,0,0,1,4,2,5
,2019-3999,39.732858,-104.902038,4/3/2019 15:45,15:45,3,0,0,QUINCE STREET NORTH & 11TH AVENUE EAST,1,1,0,0,1,1,,0,25,0,0,0,0,0,4,2,1
,2019-4000,39.66183559,-104.9018042,4/13/2019 12:02,12:02,15,0,0,QUINCY AVENUE & 6100 BLOCK WEST,1,1,1,0,1,4,,0,40,0,0,0,0,0,4,2,1
,2019-4001,39.638664,-104.89266,3/2/2019 12:57,12:57,15,0,0,QUINCY AVENUE EAST & TAMARAC STREET SOUTH,1,1,0,0,1,1,,0,35,0,0,0,0,0,4,2,13
,2019-4002,39.63855615,-105.0457629,8/15/2019 0:22,0:22,5,0,1,QUINCY AVENUE WEST & BOMAR DRIVE,1,4,0,0,4,3,,0,25,0,0,0,0,2,4,1,5
,2019-4003,39.66082466,-105.0440783,3/18/2019 15:27,15:27,6,0,0,RALEIGH STREET SOUTH & 3550 BLOCK,1,1,0,0,1,8,,0,25,0,0,0,0,0,4,2,14
,2019-4004,39.63816,-104.912532,4/16/2019 7:22,7:22,3,0,0,QUINCY AVENUE EAST & HAPPY CANYON ROAD EAST,1,1,0,0,1,1,,0,30,0,0,0,0,0,4,2,13
,2019-4005,39.638583,-105.0347025,1/21/2019 10:55,10:55,12,0,0,QUINCY AVENUE WEST 3600 BLOCK & LOWELL BOULEVARD SOUTH,1,1,0,0,1,1,,0,25,0,0,0,0,0,4,2,13
,2019-4006,39.63924,-104.8869405,3/7/2019 8:15,8:15,3,0,0,QUINCY AVENUE 8400 BLOCK EAST & OXFORD DRIVE EAST,5,1,1,0,1,1,,0,30,0,0,0,0,0,4,2,7
,2019-4007,39.638619,-104.90409,1/20/2019 20:31,20:31,1,0,1,QUINCY AVENUE EAST & QUEBEC STREET SOUTH,1,3,0,0,1,1,,0,30,0,0,0,0,2,4,2,7
,2019-4008,39.639771,-105.05331,1/13/2019 8:02,8:02,3,0,2,QUINCY AVENUE WEST & SHERIDAN BOULEVARD SOUTH,1,1,0,0,1,1,,0,35,0,0,0,0,2,4,2,13
,2019-4009,39.63861,-104.8992795,6/27/2019 17:50,17:50,3,0,0,QUINCY AVENUE EAST & SYRACUSE STREET SOUTH,1,1,0,0,1,1,,0,35,0,0,0,0,0,4,4,7
,2019-4010,39.638673,-104.89266,1/19/2019 18:46,18:46,1,0,0,QUINCY AVENUE EAST & TAMARAC DRIVE SOUTH,1,3,0,0,1,1,,0,40,0,0,0,0,0,4,2,13
,2019-4011,39.638673,-104.89266,2/11/2019 18:35,18:35,1,0,0,QUINCY AVENUE EAST & TAMARAC DRIVE SOUTH,1,3,0,0,1,1,,0,25,0,0,0,0,0,4,2,13
,2019-40115,39.780171,-105.006438,7/15/2019 18:16,18:16,1,0,1,PECOS STREET NORTH & 46TH AVENUE WEST,1,1,0,0,1,1,,0,30,0,0,0,0,1,4,2,13
,2019-4012,39.638673,-104.89266,3/9/2019 20:45,20:45,3,0,2,QUINCY AVENUE EAST & TAMARAC DRIVE SOUTH,1,3,0,0,1,1,,0,30,0,0,0,0,1,4,2,5
,2019-40128,39.78753924,-104.9025913,5/27/2019 15:22,15:22,15,0,0,I270 & QUEBEC STREET,1,1,0,0,1,4,,0,,0,0,0,0,0,1,2,1
,2019-4013,39.638673,-104.89266,10/31/2019 6:30,6:30,1,0,2,QUINCY AVENUE EAST & TAMARAC DRIVE SOUTH,6,3,0,0,1,1,,0,25,0,0,0,0,1,4,2,13
,2019-4014,39.638673,-104.89266,11/5/2019 11:23,11:23,1,0,0,QUINCY AVENUE EAST & TAMARAC DRIVE SOUTH,1,1,0,0,1,1,,0,35,0,0,0,0,0,4,2,3
,2019-40140,39.78753924,-104.9025913,2/27/2019 9:40,9:40,15,0,0,I270 & QUEBEC STREET,1,1,1,0,1,4,,0,55,0,0,0,0,0,1,2,13
,2019-4015,39.772467,-105.0404715,7/31/2019 12:46,12:46,3,0,0,QUITMAN STREET NORTH & 41ST AVENUE WEST,1,1,1,0,1,1,,0,25,0,0,0,0,0,4,2,13
,2019-4016,39.741633,-104.963472,10/10/2019 17:50,17:50,3,0,2,RACE STREET NORTH & 16TH AVENUE EAST,2,2,0,0,1,1,,0,25,0,0,0,0,1,4,2,8
,2019-4017,39.696588,-104.9640525,11/1/2019 18:04,18:04,3,0,0,RACE STREET SOUTH & MISSISSIPPI AVENUE EAST,1,3,0,0,1,1,,0,25,0,0,0,0,0,4,2,1
,2019-4018,39.65922,-105.043383,11/17/2019 15:25,15:25,3,0,0,RALEIGH STREET SOUTH & DARTMOUTH AVENUE WEST,1,1,0,0,1,1,,0,25,0,0,0,0,0,4,2,7
,2019-4019,39.672846,-105.041709,4/19/2019 10:54,10:54,12,0,0,RALEIGH STREET & HARVARD AVENUE,1,1,1,0,1,1,,0,30,0,0,0,0,0,4,2,3
,2019-4020,39.667725,-105.0417585,12/5/2019 11:35,11:35,10,0,0,RALEIGH STREET SOUTH & YALE AVENUE WEST,1,1,1,0,1,3,,0,25,0,0,0,0,0,4,2,7
,2019-4021,39.720753,-104.8989015,2/7/2019 14:50,14:50,3,0,0,RAMPART WAY NORTH & FIRST PLACE EAST,2,1,0,0,1,1,,0,25,0,0,0,0,0,4,2,14