id,drcog_id,latitude,longitude,crashtime,time,crashtype,numbkilled,numbinjurd,drcoglocat,rdconditin,lightngcon,roadcntgrd,weatherco,location,roaddescrp,schoolzone,constrzone,splimit,bikeinv,sctrinv,pedinv,motoinv,svrty,rdsystem,ttlvehcls,hcf
,2019-4022,39.718917,-104.897133,2/24/2019 14:02,14:02,3,0,0,RAMPART WAY NORTH & ACADEMY BOULEVARD EAST,6,1,0,0,1,1,,0,30,0,0,0,0,0,4,2,13
,2019-4023,39.718917,-104.897133,4/26/2019 7:49,7:49,3,0,0,RAMPART WAY NORTH & ACADEMY BOULEVARD EAST,1,1,0,0,1,1,,0,25,0,0,0,0,0,4,2,13
,2019-4024,39.797667,-104.8423095,6/14/2019 16:04,16:04,3,0,0,RANDOLPH PLACE EAST & REVERE STREET NORTH,1,1,0,0,1,1,,0,25,0,0,0,0,0,4,2,3
,2019-4025,39.678642,-105.008661,4/8/2019 15:39,15:39,15,0,0,RARITAN STREET SOUTH & EVANS AVENUE WEST,1,1,1,0,1,1,,0,25,0,0,0,0,0,4,2,13
,2019-4026,39.678642,-105.008661,9/16/2019 14:02,14:02,3,0,0,RARITAN STREET SOUTH & EVANS AVENUE WEST,1,1,0,0,1,1,,0,25,0,0,0,0,0,4,2,1
,2019-4027,39.68226,-105.008913,9/11/2019 16:19,16:19,3,0,0,RARITAN STREET SOUTH & JEWELL AVENUE WEST,1,1,0,0,1,1,,0,25,0,0,0,0,0,4,2,13
,2019-4028,39.696741,-105.0087195,8/21/2019 16:43,16:43,3,0,0,RATITAN STREET SOUTH & MISSISSIPPI AVENUE WEST,1,1,0,0,1,1,,0,35,0,0,0,0,0,4,2,3
,2019-4029,39.7693665,-104.8429395,2/7/2019 11:35,11:35,8,0,0,REVERE STREET & 5512 NORTH,4,1,0,0,1,4,,0,25,0,0,0,0,0,4,2,13
,2019-4030,39.761532,-104.9430195,12/2/2019 5:25,5:25,3,0,0,RICHARD ALLEN COURT NORTH & MLK BOULEVARD EAST,5,4,1,0,1,1,,0,25,0,0,0,0,0,4,2,7
,2019-4031,39.734199,-104.890581,9/4/2019 18:12,18:12,1,0,0,RICHTHOFEN PLACE EAST & VERBENA STREET NORTH,1,3,0,0,1,1,,0,25,0,0,0,0,0,4,2,8
,2019-4032,39.720942,-105.0055695,5/20/2019 10:44,10:44,3,0,0,RIO GRANDE BOULEVARD NORTH & THIRD AVENUE WEST,1,1,0,0,1,1,,0,25,0,0,0,0,0,4,2,13
,2019-4033,39.720942,-105.0055695,6/20/2019 14:44,14:44,3,0,2,RIO GRANDE BOULEVARD NORTH & THIRD AVENUE WEST,1,1,0,0,1,1,,0,25,0,0,0,0,1,4,2,13
,2019-4034,39.824568,-104.673411,3/14/2019 17:35,17:35,14,0,0,ROBERTSDALE STREET NORTH & 71ST AVENUE EAST,11,1,0,0,1,1,,0,25,0,0,0,0,0,4,2,14
,2019-4035,39.824568,-104.673411,10/15/2019 0:43,0:43,3,0,1,ROBERTSDALE STREET NORTH & 71ST AVENUE EAST,1,4,0,0,1,1,,0,35,0,0,0,0,1,4,2,8
,2019-4036,39.77417164,-104.8993506,1/2/2019 8:10,8:10,14,0,0,ROSEMARY STREET & 4000 BLOCK NORTH,5,1,0,0,1,4,,0,30,0,0,0,0,0,4,2,13
,2019-4037,39.757698,-104.900508,9/16/2019 15:25,15:25,12,0,0,ROSLYN STREET NORTH & 29TH AVENUE EAST,1,1,0,0,1,1,,0,30,0,0,0,0,0,4,2,2
,2019-4038,39.72877073,-104.9004911,11/1/2019 11:35,11:35,3,0,3,ROSLYN STREET NORTH & 3600 BLOCK NORTH,1,1,0,0,1,1,,0,20,0,0,0,0,1,4,2,5
,2019-4039,39.73215069,-104.9986231,3/20/2019 14:54,14:54,15,0,0,SANTA FE DRIVE NORTH 1000 BLOCK & 11TH AVENUE WEST,1,1,1,0,1,4,,0,30,0,0,0,0,0,4,2,13
,2019-4040,39.738465,-104.999382,12/12/2019 10:25,10:25,12,0,0,SANTA FE DRIVE NORTH & 14TH AVENUE WEST,1,1,0,0,1,1,,0,30,0,0,0,0,0,4,2,12
,2019-4041,39.738465,-104.999382,12/13/2019 9:19,9:19,3,0,0,SANTA FE DRIVE NORTH & 14TH AVENUE WEST,1,1,1,0,1,1,,0,30,0,0,0,0,0,4,2,13
,2019-4042,39.720915,-104.99859,9/12/2019 14:17,14:17,3,0,0,SANTA FE DRIVE NORTH & THIRD AVENUE WEST,1,1,0,0,1,1,,0,30,0,0,0,0,0,4,2,12
,2019-4043,39.72411,-104.99859,1/26/2019 13:30,13:30,3,0,0,SANTA FE DRIVE NORTH & FIFTH AVENUE WEST,1,1,0,1,1,1,,0,25,0,0,0,0,0,4,2,5
,2019-4044,39.725703,-104.99859,1/26/2019 11:25,11:25,6,0,0,SANTA FE DRIVE NORTH & SIXTH AVENUE WEST,1,1,0,0,1,1,,0,35,0,0,0,0,0,4,2,3
,2019-4045,39.727323,-104.998608,6/30/2019 17:24,17:24,15,0,0,SANTA FE DRIVE NORTH & SEVENTH AVENUE WEST,2,1,0,1,1,4,,0,25,0,0,0,0,0,4,2,13
,2019-4046,39.727323,-104.998608,9/3/2019 17:10,17:10,15,0,0,SANTA FE DRIVE NORTH & SEVENTH AVENUE WEST,1,1,0,0,1,1,,0,30,0,0,0,0,0,4,2,13
,2019-4047,39.728907,-104.9986395,8/3/2019 6:04,6:04,3,0,2,SANTA FE DRIVE NORTH & EIGHTH AVENUE WEST,1,1,1,0,1,1,,0,30,0,0,0,0,2,4,2,13
,2019-4048,39.711186,-104.997132,1/23/2019 13:24,13:24,10,0,0,SANTA FE DRIVE SOUTH & ALAMEDA AVENUE WEST,1,1,0,0,1,1,,0,30,0,0,0,0,0,4,2,7
,2019-4049,39.711186,-104.997132,2/20/2019 17:25,17:25,3,0,0,SANTA FE DRIVE SOUTH & ALAMEDA AVENUE WEST,1,1,0,0,1,3,,0,30,0,0,0,0,0,4,2,13
,2019-4050,39.711186,-104.997132,3/11/2019 6:25,6:25,12,0,0,SANTA FE DRIVE SOUTH & ALAMEDA AVENUE WEST,1,3,0,0,1,1,,0,35,0,0,0,0,0,4,2,13
,2019-4051,39.711186,-104.997132,4/3/2019 18:20,18:20,15,0,0,SANTA FE DRIVE SOUTH & ALAMEDA AVENUE WEST,1,1,0,0,1,1,,0,30,0,0,0,0,0,4,2,13
,2019-4052,39.711186,-104.997132,5/16/2019 0:08,0:08,1,0,1,SANTA FE DRIVE SOUTH  & ALAMEDA AVENUE WEST,1,3,0,0,1,1,,0,35,0,0,0,0,1,4,2,13
,2019-4053,39.711186,-104.997132,6/22/2019 10:44,10:44,15,0,0,SANTA FE DRIVE SOUTH & ALAMEDA AVENUE WEST,1,1,0,0,1,1,,0,30,0,0,0,0,0,4,2,3
,2019-4054,39.711186,-104.997132,10/19/2019 18:55,18:55,15,0,0,SANTA FE DRIVE SOUTH  & ALAMEDA AVENUE WEST,1,3,0,0,1,1,,0,35,0,0,0,1,0,4,2,13
,2019-4055,39.778947,-105.0111495,8/11/2019 22:33,22:33,3,0,0,SCOTT PLACE WEST & TEJON STREET NORTH,1,3,0,0,1,1,,0,25,0,0,0,0,0,4,2,1
,2019-4056,39.711186,-104.997132,11/23/2019 14:40,14:40,12,0,0,SANTA FE DRIVE SOUTH  & ALAMEDA AVENUE WEST,1,1,0,0,1,1,,0,45,0,0,0,0,0,4,3,13
,2019-4057,39.711186,-104.997132,11/25/2019 17:38,17:38,15,0,0,SANTA FE DRIVE 300 BLOCK SOUTH & ALAMEDA AVENUE WEST,2,3,0,2,1,4,,0,35,0,0,0,0,0,4,2,5
,2019-4058,39.714786,-104.998572,10/17/2019 15:57,15:57,3,0,0,SANTA FE DRIVE SOUTH & BAYAUD AVENUE WEST,1,1,0,0,1,1,,0,25,0,0,0,0,0,4,2,1
,2019-4059,39.716559,-104.998572,4/27/2019 16:50,16:50,10,0,0,SANTA FE DRIVE NORTH & ELLSWORTH AVENUE WEST,1,1,0,0,1,1,,0,30,0,0,0,0,0,4,2,13
,2019-4060,39.716559,-104.998572,5/10/2019 12:10,12:10,10,0,0,SANTA FE DRIVE SOUTH  & ELLSWORTH AVENUE,1,1,0,0,1,1,,0,35,0,0,0,0,0,4,2,13
,2019-4061,39.75939647,-105.0232059,4/3/2019 10:05,10:05,3,0,0,SANTA FE DRIVE NORTH & SPEER BOULEVARD NORTH,1,1,0,0,1,1,,0,30,0,0,0,0,0,4,2,13
,2019-4062,39.789297,-104.8438125,11/5/2019 16:49,16:49,3,0,0,SCRANTON STREET NORTH & 51ST AVENUE EAST,1,3,0,0,1,1,,0,25,0,0,0,0,0,4,2,13
,2019-4063,39.841182,-104.6701395,6/2/2019 18:58,18:58,5,0,0,SHADY GROVE STREET & 80TH AVENUE EAST,1,1,0,0,3,1,,0,35,0,0,0,0,0,4,1,1
,2019-4064,39.7165275,-104.975748,8/4/2019 21:20,21:20,6,0,0,OGDEN STREET NORTH & 332 NORTH OGDEN STREET,1,4,0,0,1,4,,0,20,0,0,0,0,0,4,2,8
,2019-4065,39.8356515,-104.6717595,1/21/2019 21:55,21:55,5,0,0,SHADY GROVE NORTH & PENA CIRCLE,9,3,0,2,2,3,,0,25,0,0,0,0,0,4,1,13
,2019-4066,39.645576,-105.053301,11/29/2019 12:20,12:20,3,0,0,SHERIDAN BOULEVARD SOUTH & MANSFIELD AVENUE WEST,5,1,0,2,1,3,,0,25,0,0,0,0,0,4,2,14
,2019-4067,39.79094776,-104.985189,11/29/2019 10:55,10:55,5,0,0,SHERMAN STREET & 1000 BLOCK NORTH,2,1,0,0,3,4,,0,30,0,0,0,0,0,4,1,13
,2019-4068,39.732039,-104.9848515,2/11/2019 7:30,7:30,3,0,0,SHERMAN STREET NORTH & 10TH AVENUE EAST,2,1,0,0,1,1,,0,25,0,0,0,0,0,4,2,13
,2019-4069,39.732039,-104.9848515,3/22/2019 19:14,19:14,3,0,1,SHERMAN STREET NORTH & 10TH AVENUE EAST,2,3,1,1,1,1,,0,30,0,0,0,0,1,4,5,13
,2019-4070,39.735261,-104.9848605,7/13/2019 14:36,14:36,3,0,0,SHERMAN STREET NORTH & 12TH AVENUE EAST,1,1,1,0,1,1,,0,30,0,0,0,0,0,4,2,8
,2019-4071,39.738456,-104.984838,3/12/2019 10:10,10:10,15,0,0,SHERMAN STREET NORTH & 14TH AVENUE EAST,1,1,0,0,1,1,,0,25,0,0,0,0,0,4,2,13
,2019-4072,39.74328,-104.9848425,9/19/2019 16:36,16:36,12,0,0,SHERMAN STREET NORTH & 17TH AVENUE EAST,1,1,0,0,1,1,,0,25,0,0,0,0,0,4,2,14
,2019-4073,39.727287,-104.9848785,4/23/2019 12:02,12:02,3,0,1,SHERMAN STREET NORTH & SEVENTH AVENUE EAST,1,1,0,0,1,1,,0,25,0,0,0,0,1,4,2,13
,2019-4074,39.73377576,-104.984869,4/2/2019 13:20,13:20,12,0,0,SHERMAN STREET NORTH & 900 BLOCK,1,1,0,0,1,4,,0,25,0,0,0,0,0,4,2,3
,2019-40749,39.798396,-104.7873105,3/20/2019 22:39,22:39,1,0,0,PENA BOULEVARD INBOUND & 56TH AVENUE EAST,1,3,0,0,1,1,,0,40,0,0,0,0,0,4,2,13
,2019-4075,39.69495,-105.010722,7/12/2019 14:21,14:21,15,0,0,SHOSHONE STREET SOUTH & SENECA WAY SOUTH,1,1,1,0,1,1,,0,25,0,0,0,0,0,4,2,13
,2019-4077,39.69495,-105.010722,11/10/2019 17:10,17:10,3,0,0,SHOSHONE STREET SOUTH & TAOS WAY SOUTH,1,4,0,0,1,1,,0,25,0,0,0,0,0,4,2,3
,2019-4078,39.77198549,-104.9045374,12/6/2019 9:50,9:50,5,0,0,SMITH ROAD & 6100 BLOCK EAST,5,1,0,0,3,4,,0,30,0,0,0,0,0,4,1,7
,2019-4079,39.77241138,-104.9074663,7/3/2019 16:43,16:43,5,0,0,SMITH ROAD EAST & 9900 BLOCK,1,1,0,0,1,4,,0,35,0,0,0,0,0,4,1,8
,2019-4080,39.775239,-104.9269815,7/19/2019 16:20,16:20,10,0,0,SMITH ROAD EAST & FOREST STREET NORTH,1,1,0,0,1,1,,0,35,0,0,0,0,0,4,2,1
,2019-4081,39.768489,-104.86575,9/23/2019 14:10,14:10,1,0,3,SMITH ROAD EAST & HAVANA STREET NORTH,1,1,0,0,1,1,,0,35,0,0,0,0,2,4,2,14
,2019-4082,39.768489,-104.86575,12/17/2019 5:40,5:40,12,0,1,SMITH ROAD EAST & HAVANA STREET NORTH,1,1,0,0,1,1,,0,30,0,0,0,0,1,4,2,2
,2019-4083,39.774528,-104.9223105,1/2/2019 13:50,13:50,12,0,0,SMITH ROAD EAST & HOLLY STREET NORTH,1,3,0,0,1,1,,0,,0,0,0,0,0,4,2,13
,2019-4084,39.771981,-104.904513,8/13/2019 9:00,9:00,3,0,0,SMITH ROAD EAST & POPLAR STREET NORTH,1,1,0,0,1,1,,0,35,0,0,0,0,0,4,2,13
,2019-4085,39.771711,-104.903019,4/9/2019 15:52,15:52,15,0,0,SMITH ROAD EAST & QUEBEC STREET NORTH,1,1,0,0,1,1,,0,35,0,0,0,0,0,4,2,1
,2019-4086,39.771711,-104.903019,4/19/2019 13:47,13:47,3,0,0,SMITH ROAD EAST & QUEBEC STREET NORTH,1,1,0,0,1,1,,0,30,0,0,0,0,0,4,2,13
,2019-4087,39.73860019,-104.9970264,3/3/2019 4:30,4:30,5,0,1,SPEER BOULEVARD & 1100 BLOCK NORTH,4,3,0,2,2,4,,0,30,0,0,0,0,2,4,1,3
,2019-4088,39.73860019,-104.9970264,2/18/2019 7:54,7:54,12,0,0,SPEER BOULEVARD & 1200 BLOCK NORTH,5,1,0,2,1,4,,0,35,0,0,0,0,0,4,7,13
,2019-4089,39.748446,-105.003369,3/16/2019 9:40,9:40,10,0,2,SPEER BOULEVARD & AURARIA PARKWAY,1,1,0,0,1,3,,0,,0,0,0,0,1,4,2,13
,2019-4090,39.736872,-104.9964795,2/18/2019 7:54,7:54,12,0,0,SPEER BOULEVARD & 13TH AVENUE,5,1,0,2,1,3,,0,35,0,0,0,0,0,4,4,13
,2019-4091,39.736872,-104.9964795,5/2/2019 21:35,21:35,15,0,0,SPEER BOULEVARD NORTH & 13TH AVENUE WEST,1,3,0,0,1,1,,0,35,0,0,0,0,0,4,2,13
,2019-4092,39.736872,-104.9964795,8/28/2019 6:35,6:35,3,0,0,SPEER BOULEVARD NORTH & 13TH AVENUE WEST,1,1,0,0,1,1,,0,35,0,0,0,0,0,4,2,13
,2019-4093,39.75939647,-105.0232059,10/15/2019 10:21,10:21,5,0,1,SPEER BOULEVARD NORTH & 2400 BLOCK NORTH,1,1,1,0,3,4,,0,40,0,0,0,0,1,4,1,10
,2019-4094,39.736872,-104.9964795,12/13/2019 9:36,9:36,3,0,1,SPEER BOULEVARD NORTH & 13TH AVENUE WEST,1,1,1,0,1,1,,0,30,0,0,0,0,2,4,2,13
,2019-4095,39.73860019,-104.9970264,1/29/2019 18:01,18:01,12,0,0,SPEER BOULEVARD & 1400 NORTH,2,3,0,2,1,4,,0,35,0,0,0,0,0,4,2,13
,2019-40959,39.629871,-104.904931,3/14/2019 8:59,8:59,5,0,0,I225 NORTHBOUND FLYOVER & I25 SOUTHBOUND,5,1,1,0,3,7,,0,45,0,0,0,0,0,1,1,3
,2019-4096,39.75939647,-105.0232059,5/18/2019 14:15,14:15,12,0,0,SPEER BOULEVARD NORTH & 1400 BLOCK NORTH,1,1,0,0,1,3,,0,40,0,0,0,0,0,4,2,13
,2019-40960,39.629871,-104.904931,4/9/2019 17:52,17:52,12,0,0,I25 SOUTHBOUND OFF RAMP & I225 NORTHBOUND,1,1,1,0,1,7,,0,55,0,0,0,0,0,1,2,13
,2019-40961,39.634142,-104.906739,8/23/2019 16:35,16:35,12,0,0,I225 EB/NB ON RAMP LOOP FLYOVER & I25,1,1,1,0,1,7,,0,60,0,0,0,0,0,1,2,1
,2019-40962,39.629871,-104.904931,11/12/2019 18:17,18:17,15,0,0,I225 NORTHBOUND ON RAMP FROM & I25,1,3,0,0,1,7,,0,65,0,0,0,0,0,1,2,1
,2019-40963,39.629871,-104.904931,5/6/2019 18:07,18:07,12,0,1,I225 SOUTHBOUND OFF RAMP TO & I25 SOUTHBOUND,1,1,1,0,1,7,,0,55,0,0,0,0,1,1,2,13
,2019-40964,39.632817,-104.906411,11/3/2019 9:55,9:55,12,0,0,I225 SOUTHBOUND/WESTBOUND OFF RAMP TO & I25 SOUTHBOUND,1,1,0,0,1,7,,0,55,0,0,0,0,0,1,2,7
,2019-40965,39.629967,-104.904923,7/12/2019 21:30,21:30,15,0,0,I225 & I25,1,3,0,0,1,4,,0,55,0,0,0,0,0,1,2,7
,2019-40966,39.629967,-104.904923,6/12/2019 10:27,10:27,12,0,3,I225 NORTHBOUND ON RAMP & I25 NORTHBOUND,1,1,0,0,1,7,,0,65,0,0,0,0,1,1,3,1
,2019-40967,39.638386,-104.910092,1/10/2019 14:45,14:45,12,0,0,I225 SOUTHBOUND/WESTBOUND OFF RAMP TO & I25 NORTHBOUND,1,1,1,0,1,7,,0,65,0,0,0,0,0,1,4,13
,2019-40968,39.629967,-104.904923,1/29/2019 17:58,17:58,12,0,0,I225 SOUTHBOUND/WESTBOUND OFF RAMP TO NORTHBOUND & I25,1,2,0,0,1,7,,0,65,0,0,0,0,0,1,2,3
,2019-40969,39.629967,-104.904923,2/27/2019 18:20,18:20,12,0,0,I225 SOUTHBOUND OFF RAMP TO NORTHBOUND I25 & I25,1,5,1,0,1,7,,0,55,0,0,0,0,0,1,2,14
,2019-4097,39.75939647,-105.0232059,6/18/2019 8:05,8:05,15,0,0,SPEER BOULEVARD NORTH & 1400 BLOCK NORTH,1,1,0,0,1,4,,0,35,0,0,0,0,0,4,2,13
,2019-40970,39.629967,-104.904923,7/21/2019 2:22,2:22,5,0,1,I225 SOUTHBOUND/WESTBOUND OFF RAMP GORE POINT TO & I25 NORTHBOUND,1,3,1,0,2,7,,0,65,0,0,0,0,2,1,2,5
,2019-40971,39.633244,-104.906325,7/27/2019 12:37,12:37,12,0,0,I225 SOUTHBOUND/WESTBOUND OFF RAMP TO & I25 NORTHBOUND,1,1,0,0,1,7,,0,65,0,0,0,0,0,1,2,13
,2019-40972,39.629967,-104.904923,8/24/2019 14:01,14:01,12,0,0,I225 SOUTHBOUND/WESTBOUND OFF RAMP TO & I25 NORTHBOUND,1,1,0,0,1,7,,0,60,0,0,0,0,0,1,2,1
,2019-40973,39.629967,-104.904923,9/9/2019 0:16,0:16,15,0,0,I225 EB/NB ON RAMP FROM & I25 NORTHBOUND,2,3,1,1,1,7,,0,65,0,0,0,0,0,1,2,8
,2019-40974,39.629967,-104.904923,12/13/2019 0:00,0:00,12,0,0,I225 WB OFF RAMP TO & I25 NORTHBOUND,1,3,1,0,1,7,,0,65,0,0,0,0,0,1,8,13
,2019-40975,39.633242,-104.906328,11/6/2019 17:00,17:00,12,0,0,I225 SOUTHBOUND/WESTBOUND OFF RAMP TO & I25 NORTHBOUND,2,1,0,0,1,7,,0,65,0,0,0,0,0,1,2,13
,2019-40976,39.629967,-104.904923,11/8/2019 12:14,12:14,12,0,0,I225 SOUTHBOUND/WESTBOUND OFF RAMP TO & I25 NORTHBOUND,1,1,1,0,1,7,,0,65,0,0,0,0,0,1,2,3
,2019-40977,39.629967,-104.904923,11/12/2019 9:49,9:49,12,0,0,I225 SOUTHBOUND/WESTBOUND OFF RAMP TO & I25 NORTHBOUND,1,1,1,0,1,7,,0,55,0,0,0,0,0,1,2,3
,2019-40978,39.629967,-104.904923,11/15/2019 10:12,10:12,12,0,1,I225 SOUTHBOUND/WESTBOUND OFF RAMP TO & I25 NORTHBOUND,1,1,1,0,1,7,,0,65,0,0,0,0,1,1,4,3
,2019-40979,39.630071,-104.904973,1/29/2019 7:38,7:38,12,0,0,I225 & I25,1,1,0,0,1,7,,0,65,0,0,0,0,0,1,2,3
,2019-4098,39.738456,-104.9976405,4/2/2019 5:50,5:50,3,0,0,SPEER BOULEVARD & 14TH AVENUE WEST,1,3,0,0,1,1,,0,35,0,0,0,0,0,4,2,7
,2019-40980,39.630071,-104.904973,3/11/2019 14:07,14:07,12,0,0,I225 SOUTHBOUND OFF RAMP TO NORTHBOUND I25 & I25,1,1,1,0,1,7,,0,55,0,0,0,0,0,1,3,3
,2019-40981,39.63322,-104.903993,6/28/2019 20:38,20:38,15,0,0,I225 & I25,1,1,0,0,1,4,,0,65,0,0,0,0,0,1,2,13
,2019-40982,39.630175,-104.90502,1/17/2019 18:30,18:30,12,0,0,I225 SOUTHBOUND OFF RAMP TO SOUTHBOUND & I25,1,3,0,0,1,7,,0,65,0,0,0,0,0,1,2,3
,2019-40983,39.630392,-104.905067,6/7/2019 17:40,17:40,12,0,0,I225 NB/EB DIR CONNECT ENTRANCE GORE POINT FROM & I25 NORTHBOUND,1,1,0,0,1,4,,0,55,0,0,0,0,0,1,2,1
,2019-40984,39.630502,-104.905076,2/1/2019 18:56,18:56,12,0,0,I225 SOUTHBOUND OFF RAMP TO NORTHBOUND I25 & I25,1,2,0,0,1,7,,0,55,0,0,0,0,0,1,2,13
,2019-40985,39.630502,-104.905076,2/1/2019 19:23,19:23,12,0,0,I225 SOUTHBOUND OFF RAMP TO NORTHBOUND I25 & I25,1,1,0,0,1,7,,0,55,0,0,0,0,0,1,3,1
,2019-40986,39.630943,-104.90509,5/24/2019 11:21,11:21,12,0,0,I225 & MM 0.10,1,1,0,0,1,4,,0,10,0,0,0,0,0,1,2,3
,2019-40987,39.630943,-104.90509,6/20/2019 12:15,12:15,12,0,0,I225 & I25,1,1,0,0,1,4,,0,35,0,0,0,0,0,1,2,3
,2019-40988,39.630943,-104.90509,9/26/2019 10:10,10:10,12,0,0,I225 & MM 0.10,1,1,0,0,1,4,,0,55,0,0,0,0,0,1,2,12
,2019-40989,39.630943,-104.90509,6/12/2019 12:05,12:05,12,0,0,I225 & I25,1,1,0,0,1,7,,0,65,0,0,0,0,0,1,2,3
,2019-4099,39.738456,-104.9976405,9/10/2019 15:15,15:15,10,0,0,SPEER BOULEVARD NORTH & 14TH AVENUE WEST,1,1,0,0,1,1,,0,30,0,0,0,0,0,4,2,8
,2019-40990,39.63324,-104.9063,12/16/2019 14:40,14:40,15,0,0,I225 SOUTHBOUND/WESTBOUND OFF RAMP LOOP TO & I25 SOUTHBOUND,1,1,1,0,1,7,,0,65,0,0,0,0,0,1,2,13
,2019-40991,39.630943,-104.90509,4/5/2019 11:39,11:39,12,0,0,I225 SOUTHBOUND OFF RAMP TO SOUTHBOUND I25 & I25,1,1,0,0,1,7,,0,50,0,0,0,0,0,1,2,1
,2019-40992,39.631273,-104.905063,3/15/2019 10:32,10:32,12,0,0,I225 OFF RAMPSPLIT & I25,1,1,0,0,1,7,,0,55,0,0,0,0,0,1,2,13
,2019-40993,39.631493,-104.905026,1/16/2019 13:26,13:26,12,0,0,I225 SOUTHBOUND/WESTBOUND OFF RAMP TO NORTHBOUND & I25,1,1,0,0,1,7,,0,65,0,0,0,0,0,1,3,3
,2019-40994,39.631718,-104.904972,5/11/2019 11:21,11:21,12,0,0,I225 WB OFF RAMP TO NORTHBOUND I25 & I25,1,1,0,0,1,7,,0,55,0,0,0,0,0,1,2,13
,2019-40995,39.631718,-104.904972,6/6/2019 11:22,11:22,12,0,0,I225 & I25,1,1,0,0,1,7,,0,55,0,0,0,0,0,1,3,13
,2019-40996,39.631718,-104.904972,8/2/2019 10:32,10:32,12,0,0,I225 SOUTHBOUND/WESTBOUND OFF RAMP TO & I25 NORTHBOUND,1,1,0,0,1,7,,0,55,0,0,0,0,0,1,3,13
,2019-40997,39.631718,-104.904972,4/5/2019 11:39,11:39,12,0,0,I225 SOUTHBOUND OFF RAMP TO SOUTHBOUND I25 & I25,1,1,0,0,1,7,,0,55,0,0,0,0,0,1,2,13
,2019-40998,39.632055,-104.904892,5/18/2019 15:38,15:38,12,0,0,I225 & MM 0.20,1,1,0,0,1,4,,0,55,0,0,0,0,0,1,3,14
,2019-40999,39.632055,-104.904892,7/17/2019 9:41,9:41,12,0,0,I225 & I25,1,1,0,0,1,4,,0,65,0,0,0,0,0,1,4,3
,2019-4100,39.738456,-104.9976405,10/3/2019 6:12,6:12,3,0,0,SPEER BOULEVARD NORTH & 14TH AVENUE WEST,1,3,0,1,1,1,,0,30,0,0,0,0,0,4,2,13
,2019-41000,39.634171,-104.901837,4/12/2019 16:54,16:54,12,0,0,I225 & I25 ON RAMP SPLIT,1,1,0,0,1,4,,0,65,0,0,0,0,0,1,2,13
,2019-41001,39.632055,-104.904892,7/29/2019 9:58,9:58,12,0,0,I225 & I25,1,1,0,0,1,4,,0,55,0,0,0,0,0,1,3,3
,2019-41002,39.632055,-104.904892,9/28/2019 17:16,17:16,12,0,0,I225 & MM 0.20,1,1,0,0,1,4,,0,65,0,0,0,0,0,1,2,14
,2019-41003,39.632055,-104.904892,4/26/2019 9:49,9:49,12,0,0,I225 WB OFF RAMP TO NORTHBOUND I25 & I25,1,1,0,0,1,7,,0,55,0,0,0,0,0,1,2,3
,2019-41004,39.632055,-104.904892,4/26/2019 9:49,9:49,12,0,0,I225 WB OFF RAMP TO NORTHBOUND I25 & I25,1,1,0,0,1,7,,0,55,0,0,0,0,0,1,2,3
,2019-41005,39.632055,-104.904892,6/28/2019 11:08,11:08,12,0,1,I225 NORTHBOUND OFF RAMP TO & I25 NORTHBOUND,1,1,0,0,1,7,,0,55,0,0,0,0,1,1,4,13
,2019-41006,39.632055,-104.904892,4/6/2019 17:20,17:20,12,0,0,I225 SOUTHBOUND OFF RAMP TO SOUTHBOUND I25 & I25,1,1,0,0,1,7,,0,55,0,0,0,0,0,1,3,14
,2019-41007,39.632055,-104.904892,10/11/2019 19:26,19:26,15,0,0,I225 SOUTHBOUND/WESTBOUND OFF RAMP LOOP TO & I25 SOUTHBOUND,1,3,0,0,1,7,,0,60,0,0,0,0,0,1,3,14
,2019-41008,39.632163,-104.904848,9/10/2019 18:18,18:18,12,0,0,I225 & MM 0.20,1,2,1,0,1,4,,0,65,0,0,0,0,0,1,3,13
,2019-41009,39.63281,-104.9064,12/30/2019 13:15,13:15,15,0,0,I225 & I25,1,1,0,0,1,4,,0,65,0,0,0,0,0,1,2,1
,2019-4101,39.738456,-104.9976405,10/7/2019 11:34,11:34,10,0,0,SPEER BOULEVARD NORTH & 14TH AVENUE WEST,1,1,0,0,1,1,,0,35,0,0,0,0,0,4,2,8
,2019-41010,39.63322,-104.903993,7/24/2019 14:31,14:31,15,0,0,I225 SOUTHBOUND/WESTBOUND OFF RAMP TO & I25 NORTHBOUND,1,1,1,0,1,7,,0,65,0,0,0,0,0,1,3,7
,2019-41011,39.63322,-104.903993,5/7/2019 14:12,14:12,12,0,0,I225 SOUTHBOUND OFF RAMP TO SOUTHBOUND I25 & I25,2,1,0,1,1,7,,0,55,0,0,0,0,0,1,3,13
,2019-41012,39.634296,-104.901193,8/6/2019 11:34,11:34,12,0,0,I225 & MM 0.30,1,1,0,0,1,4,,0,55,0,0,0,0,0,1,2,13
,2019-41013,39.63322,-104.903993,5/11/2019 8:42,8:42,12,0,2,I225 SOUTHBOUND OFF RAMP TO SOUTHBOUND I25 & I25,1,1,0,0,1,7,,0,55,0,0,0,0,1,1,4,1
,2019-41014,39.633513,-104.903605,10/21/2019 12:50,12:50,12,0,0,I225 SOUTHBOUND/WESTBOUND OFF RAMP TO & I25 NORTHBOUND,1,1,1,0,1,7,,0,65,0,0,0,0,0,1,2,3
,2019-41015,39.634066,-104.902282,1/8/2019 13:22,13:22,15,0,0,I225 SOUTHBOUND EXIT LNS & DTC BOULEVARD EXIT GORE APPROXIMATELY,1,1,0,0,1,4,,0,60,0,0,0,0,0,1,2,13
,2019-41016,39.634066,-104.902282,12/4/2019 9:50,9:50,12,0,0,I25 NORTHBOUND ON RAMP FROM & I225,1,1,0,0,1,7,,0,55,0,0,0,0,0,1,3,12
,2019-41017,39.634066,-104.902282,6/26/2019 13:38,13:38,12,0,0,I225 & TAMARAC STREET SOUTH,1,1,0,0,1,4,,0,55,0,0,0,0,0,1,3,14