id,drcog_id,latitude,longitude,crashtime,time,crashtype,numbkilled,numbinjurd,drcoglocat,rdconditin,lightngcon,roadcntgrd,weatherco,location,roaddescrp,schoolzone,constrzone,splimit,bikeinv,sctrinv,pedinv,motoinv,svrty,rdsystem,ttlvehcls,hcf
,2019-41018,39.634066,-104.902282,2/6/2019 5:47,5:47,15,0,0,I225 SOUTHBOUND OFF RAMP TO NORTHBOUND I25 & I25 SB/NB ON RAMP SPLIT,1,2,1,4,1,7,,0,60,0,0,0,0,0,1,2,1
,2019-41019,39.634066,-104.902282,3/9/2019 14:13,14:13,12,0,0,I225 OFF RAMP SPLIT TO & I25 NORTHBOUND,1,1,1,0,1,7,,0,45,0,0,0,0,0,1,2,13
,2019-4102,39.75939647,-105.0232059,5/23/2019 19:00,19:00,15,0,0,SPEER BOULEVARD NORTH & 1500 BLOCK NORTH,1,1,0,0,1,2,,0,35,0,0,0,0,0,4,2,8
,2019-41020,39.634066,-104.902282,4/19/2019 12:29,12:29,12,0,0,I225 OFF RAMP SLIT TO & I25 NORTHBOUND,1,1,3,0,1,7,,0,55,0,0,0,0,0,1,3,13
,2019-41021,39.634066,-104.902282,10/23/2019 6:35,6:35,12,0,0,I225 WB OFF RAMP LOOP SPLIT GORE POINT TO & I25 SOUTHBOUND,1,1,0,0,1,7,,0,65,0,0,0,0,0,1,2,13
,2019-41022,39.634066,-104.902282,7/16/2019 11:21,11:21,12,0,0,I225 SOUTHBOUND/WESTBOUND OFF RAMP TO & I25 NORTHBOUND,1,1,0,0,1,7,,0,55,0,0,0,0,0,1,3,13
,2019-41023,39.634066,-104.902282,8/26/2019 17:40,17:40,12,0,0,I225 SOUTHBOUND/WESTBOUND OFF RAMP SPLIT TO & I25 NORTHBOUND,1,1,1,0,1,7,,0,60,0,0,0,0,0,1,3,13
,2019-41024,39.634066,-104.902282,9/17/2019 5:40,5:40,12,0,0,I225 SOUTHBOUND/WESTBOUND OFF RAMP MERGE GORE POINT TO & I25 NORTHBOUND,1,3,0,0,1,7,,0,55,0,0,0,0,0,1,2,13
,2019-41026,39.634066,-104.902282,9/18/2019 7:15,7:15,12,0,0,I225 SOUTHBOUND/WESTBOUND OFF RAMP SPLIT TO & I25 NORTHBOUND,1,1,0,0,1,7,,0,55,0,0,0,0,0,1,3,13
,2019-41027,39.738294,-104.929209,10/30/2019 16:38,16:38,3,0,0,14TH AVENUE EAST & ELM STREET NORTH,1,1,0,0,1,1,,0,25,0,0,0,0,0,4,3,1
,2019-41028,39.634066,-104.902282,9/21/2019 15:20,15:20,12,0,0,I225 SOUTHBOUND/WESTBOUND OFF RAMP MERGE GORE POINT TO & I25 NORTHBOUND,1,1,0,0,1,7,,0,65,0,0,0,0,0,1,3,13
,2019-41029,39.634066,-104.902282,10/2/2019 4:40,4:40,5,0,0,I225 SOUTHBOUND/WESTBOUND OFF RAMP SPLIT TO & I25 NORTHBOUND ON RAMP,2,3,1,0,3,7,,0,65,0,0,0,0,0,1,1,13
,2019-4103,39.758445,-105.021369,1/1/2019 19:20,19:20,1,0,0,SPEER BOULEVARD & 29TH AVENUE WEST,2,3,0,0,1,1,,0,35,0,0,0,0,0,4,2,13
,2019-41030,39.634066,-104.902282,11/18/2019 1:15,1:15,12,0,0,I25 SOUTHBOUND OFF RAMP TO & I225,1,3,1,0,1,7,,1,65,0,0,0,0,0,1,2,13
,2019-41031,39.634066,-104.902282,9/13/2019 17:27,17:27,15,0,0,I225 WB/SB OFF RAMPSPLIT & I25 SOUTHBOUND,1,1,1,0,1,7,,0,45,0,0,0,0,0,1,2,13
,2019-41032,39.634066,-104.902282,7/30/2019 10:30,10:30,12,0,0,I225 SOUTHBOUND/WESTBOUND OFF RAMP LOOP TO & I25 SOUTHBOUND,1,1,1,0,1,7,,0,65,0,0,0,0,0,1,2,14
,2019-41033,39.634066,-104.902282,9/16/2019 16:31,16:31,12,0,1,I225 WB/SB OFF RAMP SPLIT & I25 SOUTHBOUND,1,1,0,0,1,7,,0,65,0,0,0,0,1,1,4,13
,2019-41034,39.634066,-104.902282,11/14/2019 13:53,13:53,12,0,0,I225 OFF RAMP SPLIT TO & I25,1,1,0,0,1,7,,0,55,0,0,0,0,0,1,2,13
,2019-41035,39.632817,-104.906411,12/29/2019 22:35,22:35,5,0,0,I225 SOUTHBOUND OFF RAMP & I25 RAMP SPLIT GORE POINT,1,3,0,0,3,7,,0,50,0,0,0,0,0,1,1,13
,2019-41036,39.634066,-104.902282,10/23/2019 6:35,6:35,12,0,0,I225 WB OFF RAMP LOOP SPLIT GORE POINT TO & I25 SOUTHBOUND,1,1,0,0,1,7,,0,55,0,0,0,0,0,1,3,13
,2019-41037,39.634128,-104.902062,4/23/2019 10:46,10:46,12,0,1,I225 OFF RAMP SLIT TO & I25 NORTHBOUND,1,1,0,0,1,7,,0,55,0,0,0,0,1,1,4,3
,2019-41038,39.634171,-104.901837,2/13/2019 10:30,10:30,12,0,0,I225 & I25 ON RAMP SPLIT,1,1,0,0,1,4,,0,55,0,0,0,0,0,1,5,13
,2019-41039,39.634171,-104.901837,4/5/2019 11:39,11:39,12,0,0,I225 & I25 OFF RAMP SPLIT,1,1,0,0,1,4,,0,65,0,0,0,0,0,1,2,13
,2019-4104,39.71466,-104.949972,11/30/2019 4:51,4:51,5,0,0,STEELE STREET 100 BLOCK SOUTH & BAYAUD AVENUE EAST,5,3,0,0,2,1,,0,,0,0,0,0,0,4,1,13
,2019-41040,39.634171,-104.901837,5/11/2019 8:43,8:43,12,0,0,I225 & I25 ON RAMP SPLIT,1,1,0,0,1,4,,0,55,0,0,0,0,0,1,2,13
,2019-41041,39.634171,-104.901837,8/29/2019 14:38,14:38,12,0,1,I225 & I25 ON RAMP SPLIT,1,1,0,0,1,4,,0,65,0,0,0,0,1,1,2,2
,2019-41042,39.634171,-104.901837,9/13/2019 16:31,16:31,12,0,0,I225 & I25 ON RAMP SPLIT,1,1,1,0,1,4,,0,45,0,0,0,0,0,1,2,3
,2019-41043,39.634171,-104.901837,12/12/2019 18:41,18:41,12,0,1,I225 & I25 ON RAMP SPLIT,1,3,0,0,1,4,,0,65,0,0,0,0,1,1,2,13
,2019-41044,39.634251,-104.901428,1/4/2019 12:36,12:36,12,0,0,I225 & I25,1,1,0,0,1,4,,0,60,0,0,0,0,0,1,4,13
,2019-41045,39.634269,-104.901334,10/5/2019 12:32,12:32,12,0,0,I225 & I25,1,1,1,0,1,4,,0,55,0,0,0,0,0,1,2,13
,2019-41046,39.634269,-104.901334,10/24/2019 13:30,13:30,12,0,0,I225 & I25,1,1,0,0,1,4,,0,55,0,0,0,0,0,1,3,13
,2019-41047,39.634636,-104.901669,8/29/2019 9:53,9:53,12,0,0,I225 & QUEBEC STREET SOUTH,1,1,0,0,1,4,,1,55,0,0,0,0,0,1,2,13
,2019-41048,39.635523,-104.89346,5/3/2019 23:19,23:19,5,0,0,I225 & TAMARAC STREET SOUTH,1,3,0,0,2,4,,0,65,0,0,0,0,0,1,1,1
,2019-41049,39.634296,-104.901193,12/3/2019 11:41,11:41,12,0,1,I225 & I25 RAMP SPLIT,1,1,0,0,1,4,,0,65,0,0,0,0,1,1,2,13
,2019-4105,39.758445,-105.021369,1/2/2019 17:23,17:23,1,0,2,SPEER BOULEVARD NORTH & 29TH AVENUE WEST,1,1,1,0,1,1,,0,30,0,0,0,0,1,4,2,13
,2019-41050,39.634296,-104.901193,12/6/2019 18:15,18:15,15,0,0,I225 & I25 RAMP SPLIT,1,3,0,0,1,4,,0,,0,0,0,0,0,1,2,13
,2019-41051,39.634305,-104.901145,2/23/2019 16:00,16:00,12,0,1,I225 & I225 OFF RAMP SPLIT TO I25,1,1,0,0,1,4,,0,45,0,0,0,0,1,1,3,14
,2019-41052,39.634305,-104.901145,3/8/2019 11:16,11:16,12,0,0,I225 & I25 ON RAMP SPLIT,1,1,0,0,1,4,,0,55,0,0,0,0,0,1,2,1
,2019-41053,39.634305,-104.901145,5/30/2019 10:05,10:05,12,0,0,I225 OFF RAMP SPLIT TO & I25 NB/SB,1,1,0,0,1,4,,0,55,0,0,0,0,0,1,2,3
,2019-41054,39.634305,-104.901145,7/12/2019 14:25,14:25,12,0,0,I225 & I25,1,1,0,0,1,4,,0,55,0,0,0,0,0,1,3,14
,2019-41055,39.634579,-104.89973,11/13/2019 15:47,15:47,12,0,1,I225 & TAMARAC STREET SOUTH,1,1,1,0,1,4,,0,45,0,0,0,0,2,1,2,1
,2019-41056,39.634369,-104.900815,3/15/2019 10:32,10:32,12,0,0,I225 SOUTHBOUND & I225 OFF RAMP SPLIT TO I25 NORTHBOUND,1,1,0,0,1,4,,0,65,0,0,0,0,0,1,3,13
,2019-41057,39.634397,-104.900674,5/23/2019 20:40,20:40,12,0,1,I225 & MM 0.50,1,3,0,0,1,4,,0,65,0,0,0,0,1,1,3,13
,2019-41058,39.634397,-104.900674,5/31/2019 13:44,13:44,12,0,1,I225 & MM 0.50,1,1,0,0,1,4,,0,65,0,0,0,0,1,1,3,13
,2019-41059,39.634397,-104.900674,6/2/2019 11:52,11:52,12,0,0,I225 & MM 0.50,1,1,0,0,1,4,,0,55,0,0,0,0,0,1,2,13
,2019-4106,39.75939647,-105.0232059,10/28/2019 11:20,11:20,12,0,0,SPEER BOULEVARD NORTH & 3100 BLOCK NORTH,9,1,1,2,1,4,,0,35,0,0,0,1,0,4,2,14
,2019-41060,39.634397,-104.900674,6/28/2019 17:50,17:50,12,0,1,I225 & MM 0.50,1,1,0,0,1,4,,0,55,0,0,0,0,2,1,3,14
,2019-41061,39.634397,-104.900674,10/13/2019 6:58,6:58,15,0,0,I225 & MM 0.50,1,1,0,0,1,4,,0,55,0,0,0,0,0,1,2,7
,2019-41062,39.634397,-104.900674,10/14/2019 13:54,13:54,12,0,4,I225 & MM 0.50,1,1,1,0,1,4,,0,55,0,0,0,0,1,1,4,13
,2019-41063,39.634442,-104.900438,3/16/2019 10:13,10:13,12,0,0,I225 SOUTHBOUND & I225 OFF RAMP SPLIT TO I25 NORTHBOUND,1,1,0,0,1,4,,0,55,0,0,0,0,0,1,2,13
,2019-41064,39.634488,-104.900202,2/25/2019 6:25,6:25,12,0,0,I225 & I25 OFF RAMP SPLIT,1,2,0,0,1,4,,0,65,0,0,0,0,0,1,2,13
,2019-41065,39.634488,-104.900202,5/13/2019 7:11,7:11,12,0,1,I225 & I25 SOUTHBOUND RAMP SPLIT,1,1,0,0,1,4,,0,55,0,0,0,0,1,1,3,3
,2019-41066,39.634524,-104.900013,8/15/2019 22:22,22:22,12,0,0,I225 EB/NB OFF RAMP & TAMARAC STREET SOUTH,1,3,1,0,1,7,,0,40,0,0,0,0,0,1,3,13
,2019-41067,39.63457,-104.899778,6/12/2019 10:10,10:10,12,0,1,I225 & TAMARAC DRIVE SOUTH,1,1,0,0,1,4,,0,55,0,0,0,0,1,1,2,3
,2019-41068,39.634579,-104.89973,11/18/2019 17:09,17:09,12,0,1,I225 & TAMARAC STREET SOUTH,1,1,1,0,1,4,,0,45,0,0,0,0,1,1,3,13
,2019-41069,39.634588,-104.899683,9/28/2019 13:53,13:53,15,0,0,I225 & DTC BOULEVARD SOUTH / TAMARAC STREET SOUTH,1,1,0,0,1,4,,0,55,0,0,0,0,0,1,2,3
,2019-4107,39.762099,-105.028929,1/20/2019 22:17,22:17,3,0,1,SPEER BOULEVARD NORTH & 32ND AVENUE WEST,1,3,0,0,1,1,,0,35,0,0,0,0,1,4,2,3
,2019-41070,39.634625,-104.899495,6/21/2019 10:15,10:15,12,0,1,I225 & I25,1,1,0,0,1,4,,0,65,0,0,0,0,1,1,2,13
,2019-41071,39.634625,-104.899495,8/16/2019 12:22,12:22,12,0,0,I225 & I25,1,1,0,0,1,4,,0,65,0,0,0,0,0,1,3,13
,2019-41072,39.634625,-104.899495,8/25/2019 21:08,21:08,12,0,0,I225 NB/EB DISTRIBUTOR RAMP TO & DTC BOULEVARD SOUTH / TAMARAC STREET SOUTH,1,3,1,0,1,7,,0,35,0,0,0,0,0,1,2,13
,2019-41073,39.635337,-104.894393,1/2/2019 17:25,17:25,15,0,0,I225 & TAMARAC STREET SOUTH,5,3,0,0,1,4,,0,60,0,0,0,0,0,1,2,14
,2019-41074,39.635337,-104.894393,2/16/2019 12:47,12:47,12,0,2,I225 & TAMARAC STREET SOUTH,2,1,0,2,1,4,,0,55,0,0,0,0,1,1,4,13
,2019-41075,39.635337,-104.894393,1/23/2019 16:47,16:47,5,0,1,I225 SOUTHBOUND ON RAMP & TAMARAC STREET SOUTH / DTC BOULEVARD,1,1,1,0,2,7,,0,35,0,0,0,0,2,1,1,14
,2019-41076,39.635337,-104.894393,11/20/2019 17:49,17:49,12,0,0,I225 SOUTHBOUND ON RAMP & TAMARAC STREET SOUTH,2,5,0,2,1,7,,0,35,0,0,0,0,0,1,2,14
,2019-41077,39.635337,-104.894393,1/6/2019 9:56,9:56,12,0,0,I225 EASTBOUND OFF RAMP & TAMARAC STREET SOUTH,1,1,0,0,1,7,,0,35,0,0,0,0,0,1,3,13
,2019-41078,39.635337,-104.894393,8/14/2019 21:48,21:48,12,0,0,I225 EASTBOUND OFF RAMP & TAMARAC STREET SOUTH,1,3,1,0,1,7,,0,45,0,0,0,0,0,1,2,14
,2019-41079,39.635337,-104.894393,8/21/2019 1:31,1:31,12,0,0,I225 EASTBOUND OFF RAMP & DTC BOULEVARD SOUTH / TAMARAC STREET SOUTH,1,3,0,0,1,7,,0,35,0,0,0,0,0,1,2,13
,2019-4108,39.725658,-104.9863095,2/20/2019 13:25,13:25,3,0,0,SPEER BOULEVARD EAST & SIXTH AVENUE EAST,1,1,0,0,1,1,,0,35,0,0,0,0,0,4,2,13
,2019-41080,39.635523,-104.89346,10/10/2019 8:23,8:23,15,0,0,I225 & TAMARAC STREET SOUTH,5,1,1,2,1,4,,0,60,0,0,0,0,0,1,2,1
,2019-41081,39.635337,-104.894393,10/2/2019 20:25,20:25,15,0,0,I225 EASTBOUND OFF RAMP & DTC BOULEVARD SOUTH / TAMARAC STREET SOUTH,1,3,1,0,1,7,,1,35,0,0,0,0,0,1,2,13
,2019-41082,39.635597,-104.89318,8/3/2019 1:48,1:48,5,0,1,I225 & TAMARAC STREET SOUTH,1,1,0,0,3,4,,0,55,0,0,0,0,1,1,1,1
,2019-41083,39.635523,-104.89346,3/1/2019 13:47,13:47,12,0,2,I225 & TAMARAC STREET SOUTH,1,1,1,0,1,4,,0,60,0,0,0,0,1,1,3,13
,2019-41084,39.635523,-104.89346,3/23/2019 3:23,3:23,12,0,0,I225 & TAMARAC STREET SOUTH,1,1,0,0,1,4,,0,55,0,0,0,0,0,1,3,13
,2019-41085,39.635523,-104.89346,4/23/2019 17:27,17:27,12,0,0,I225 & TAMARAC PARKWAY SOUTH,1,1,0,0,1,4,,0,55,0,0,0,0,0,1,3,3
,2019-41086,39.635523,-104.89346,5/17/2019 11:02,11:02,12,0,0,I225 & TAMARAC STREET SOUTH,1,1,0,0,1,4,,0,55,0,0,0,0,0,1,3,13
,2019-41087,39.635523,-104.89346,6/21/2019 18:18,18:18,12,0,0,I225 & TAMARAC PARKWAY,2,1,0,1,1,4,,0,55,0,0,0,0,0,1,2,1
,2019-41088,39.635523,-104.89346,7/13/2019 10:05,10:05,15,0,1,I225 & TAMARAC STREET SOUTH,1,1,0,0,1,4,,0,65,0,0,0,0,1,1,2,13
,2019-41089,39.635523,-104.89346,7/14/2019 10:44,10:44,12,0,0,I225 & TAMARAC STREET SOUTH,1,1,0,0,1,4,,0,65,0,0,0,0,0,1,3,13
,2019-4109,39.75939647,-105.0232059,9/19/2019 11:20,11:20,12,0,0,SPEER BOULEVARD NORTH & 700 BLOCK NORTH,1,1,0,0,1,3,,0,30,0,0,0,0,0,4,2,13
,2019-41090,39.635523,-104.89346,7/16/2019 6:51,6:51,12,0,0,I225 & TAMARAC STREET SOUTH,1,1,0,0,1,4,,0,65,0,0,0,0,0,1,2,13
,2019-41091,39.635523,-104.89346,8/24/2019 11:54,11:54,12,0,0,I225 & TAMARAC STREET SOUTH,1,1,0,0,1,4,,0,55,0,0,0,0,0,1,2,13
,2019-41092,39.635523,-104.89346,8/24/2019 11:54,11:54,12,0,0,I225 & TAMARAC STREET SOUTH,1,1,0,0,1,4,,0,55,0,0,0,0,0,1,3,13
,2019-41093,39.635597,-104.89318,1/19/2019 12:24,12:24,5,0,0,I225 & TAMARAC STREET SOUTH,1,1,0,0,3,4,,0,65,0,0,0,0,0,1,1,1
,2019-41094,39.635523,-104.89346,9/22/2019 14:29,14:29,12,0,0,I225 & DTC BOULEVARD SOUTH / TAMARAC STREET SOUTH,1,1,0,0,1,4,,0,65,0,0,0,0,0,1,2,13
,2019-41095,39.635523,-104.89346,10/16/2019 8:19,8:19,12,0,0,I225 & TAMARAC STREET SOUTH,1,1,0,0,1,4,,0,65,0,0,0,0,0,1,2,13
,2019-41096,39.635523,-104.89346,12/2/2019 18:15,18:15,12,0,0,I225 & TAMARAC STREET SOUTH,2,3,0,0,1,4,,0,55,0,0,0,0,0,1,2,13
,2019-41097,39.63575,-104.894081,12/26/2019 6:50,6:50,12,0,0,I225 & TAMARAC STREET SOUTH,1,2,0,0,1,4,,0,65,0,0,0,0,0,1,2,13
,2019-41098,39.635523,-104.89346,1/14/2019 11:09,11:09,1,0,0,TAMARAC STREET SOUTH & I225 WB RAMPS,1,1,0,0,1,1,,0,35,0,0,0,0,0,1,2,13
,2019-41099,39.635523,-104.89346,2/8/2019 21:34,21:34,3,0,1,TAMARAC STREET SOUTH & I225 WB RAMPS,1,3,0,0,1,1,,0,30,0,0,0,0,1,1,2,8
,2019-4110,39.728943,-104.9906115,2/7/2019 9:56,9:56,3,0,0,SPEER BOULEVARD NORTH & EIGHTH AVENUE WEST,5,1,0,0,1,1,,0,35,0,0,0,0,0,4,2,13
,2019-41100,39.635523,-104.89346,2/13/2019 7:58,7:58,3,0,0,TAMARAC STREET SOUTH & I225 WB RAMPS,1,1,0,0,1,1,,0,35,0,0,0,0,0,1,2,13
,2019-41101,39.635523,-104.89346,2/26/2019 21:15,21:15,1,0,0,TAMARAC STREET SOUTH & I225 WB RAMPS,1,3,0,0,1,1,,0,35,0,0,0,0,0,1,2,6
,2019-41102,39.635523,-104.89346,3/5/2019 7:35,7:35,1,0,0,TAMARAC STREET SOUTH & I225 WB RAMPS,1,1,0,0,1,1,,0,35,0,0,0,0,0,1,2,13
,2019-41104,39.635523,-104.89346,4/5/2019 11:20,11:20,1,0,2,TAMARAC STREET SOUTH & I225 WB RAMPS,1,1,0,0,1,1,,0,35,0,0,0,0,1,1,2,7
,2019-41105,39.635523,-104.89346,4/7/2019 8:42,8:42,1,0,1,TAMARAC STREET SOUTH & I225 WB RAMPS,1,1,0,0,1,1,,0,35,0,0,0,0,1,1,2,13
,2019-41106,39.635523,-104.89346,5/1/2019 16:40,16:40,1,0,0,TAMARAC DRIVE SOUTH & I225 WB RAMPS,2,1,0,0,1,1,,0,30,0,0,0,0,0,1,2,8
,2019-41107,39.636333,-104.893897,6/26/2019 20:02,20:02,3,0,0,TAMARAC STREET SOUTH & I225 WB RAMPS,1,1,0,0,1,1,,0,35,0,0,0,0,0,1,2,14
,2019-41108,39.635523,-104.89346,7/31/2019 18:00,18:00,1,0,0,TAMARAC STREET SOUTH & I225 WB RAMPS,1,1,0,0,1,1,,0,35,0,0,0,0,0,1,2,13
,2019-41109,39.635523,-104.89346,8/8/2019 11:56,11:56,3,0,1,TAMARAC STREET SOUTH & I225 WB RAMPS,1,1,1,0,1,1,,0,35,0,0,0,0,1,1,2,5
,2019-4111,39.728943,-104.9906115,2/7/2019 10:11,10:11,3,0,1,SPEER BOULEVARD NORTH & EIGHTH AVENUE WEST,5,1,0,0,1,1,,0,35,0,0,0,0,1,4,2,13
,2019-41110,39.635523,-104.89346,9/15/2019 11:39,11:39,3,0,0,TAMARAC STREET SOUTH & I225 WB RAMPS,1,1,0,0,1,1,,0,45,0,0,0,0,0,1,2,13
,2019-41111,39.635523,-104.89346,11/30/2019 12:17,12:17,3,0,1,TAMARAC STREET SOUTH & I225 WB RAMPS,5,1,0,0,1,1,,0,35,0,0,0,0,1,1,2,13
,2019-41112,39.635523,-104.89346,1/22/2019 15:51,15:51,1,0,0,I225 EB/NB RAMPS & TAMARAC STREET SOUTH / DTC BOULEVARD,1,1,0,0,1,1,,0,35,0,0,0,0,0,1,2,13
,2019-41113,39.635523,-104.89346,1/24/2019 17:35,17:35,1,0,1,I225 EB/NB RAMPS & TAMARAC STREET SOUTH,2,3,0,0,1,1,,0,30,0,0,0,0,1,1,2,14
,2019-41114,39.635523,-104.89346,2/20/2019 9:15,9:15,15,0,0,DTC BOULEVARD SOUTH & I225 EASTBOUND RAMPS,1,1,0,0,1,1,,0,30,0,0,0,0,0,1,2,1
,2019-41115,39.635523,-104.89346,6/25/2019 17:13,17:13,15,0,0,TAMARAC STREET SOUTH & I225 EASTBOUND ON RAMP,1,1,0,0,1,1,,0,35,0,0,0,0,0,1,2,13
,2019-41116,39.635523,-104.89346,7/20/2019 23:20,23:20,1,0,0,TAMARAC STREET SOUTH & I225 EB/ NORTHBOUND ON RAMP,1,3,0,0,1,1,,0,40,0,0,0,0,0,1,2,13
,2019-41117,39.63556,-104.89332,6/6/2019 17:14,17:14,12,0,0,I225 & TAMARAC STREET SOUTH,1,1,0,0,1,4,,0,30,0,0,0,0,0,1,2,14
,2019-41118,39.63556,-104.89332,12/25/2019 23:20,23:20,5,0,0,I225 NORTHBOUND ON RAMP & DTC BOULEVARD SOUTH,1,3,1,0,3,7,,0,40,0,0,0,0,0,1,1,7
,2019-41119,39.63556,-104.89332,7/3/2019 17:16,17:16,12,0,0,I225 WB OFF RAMP & TAMARAC STREET SOUTH,1,1,1,0,1,7,,0,35,0,0,0,0,0,1,2,13
,2019-4112,39.728943,-104.9906115,3/15/2019 14:34,14:34,12,0,0,SPEER BOULEVARD NORTH & EIGHTH AVENUE WEST,1,1,0,0,1,1,,0,30,0,0,0,0,0,4,3,14
,2019-41120,39.63556,-104.89332,9/15/2019 14:01,14:01,12,0,0,I225 WB OFF RAMP SLIP & TAMARAC STREET SOUTH,1,1,0,0,1,7,,0,40,0,0,0,0,0,1,2,7
,2019-41121,39.635671,-104.8929,2/8/2019 13:08,13:08,12,0,0,I225 & TAMARAC STREET SOUTH,2,1,0,0,1,4,,0,60,0,0,0,0,0,1,2,13
,2019-41122,39.635671,-104.8929,2/8/2019 13:08,13:08,12,0,0,I225 & TAMARAC STREET SOUTH,2,1,0,0,1,4,,0,60,0,0,0,0,0,1,2,13
,2019-41123,39.635671,-104.8929,11/13/2019 17:25,17:25,12,0,0,I225 & TAMARAC STREET SOUTH,1,2,0,0,1,4,,0,60,0,0,0,0,0,1,2,13
,2019-41124,39.635671,-104.8929,2/17/2019 14:11,14:11,12,0,0,I225 WB OFF RAMP & TAMARAC STREET SOUTH,1,1,1,0,1,7,,0,35,0,0,0,0,0,1,2,3
,2019-41125,39.635709,-104.89276,11/1/2019 19:34,19:34,12,0,0,I225 & TAMARAC STREET SOUTH,1,3,0,0,1,4,,0,65,0,0,0,0,0,1,2,14
,2019-41126,39.635754,-104.892624,4/4/2019 9:48,9:48,12,0,1,I225 & TAMARAC STREET SOUTH,1,1,0,0,1,4,,0,55,0,0,0,0,1,1,3,3
,2019-41128,39.635985,-104.89195,7/20/2019 12:44,12:44,12,0,0,I225 & MM 0.90,1,1,0,0,1,4,,0,45,0,0,0,0,0,1,2,13
,2019-41129,39.635985,-104.89195,9/21/2019 10:33,10:33,12,0,0,I225 & DTC BOULEVARD SOUTH / TAMARAC STREET SOUTH,1,1,0,0,1,4,,0,55,0,0,0,0,0,1,2,13
,2019-4113,39.728943,-104.9906115,4/28/2019 19:05,19:05,3,0,2,SPEER BOULEVARD NORTH & EIGHTH AVENUE WEST,1,1,0,0,1,1,,0,30,0,0,0,0,2,4,3,8
,2019-41130,39.636097,-104.891693,9/12/2019 6:20,6:20,12,0,0,I225 & TAMARAC STREET SOUTH,1,1,1,0,1,4,,0,55,0,0,0,0,0,1,3,13
,2019-41131,39.636097,-104.891693,10/28/2019 17:37,17:37,5,0,1,I225 WB OFF RAMP & TAMARAC STREET SOUTH,2,2,1,0,3,7,,0,35,0,0,0,0,2,1,1,2
,2019-41132,39.63621,-104.891437,8/21/2019 10:05,10:05,15,0,1,I225 & TAMARAC STREET SOUTH,1,1,0,0,1,4,,0,65,0,0,0,0,1,1,3,13
,2019-41133,39.636497,-104.8908,3/1/2019 17:34,17:34,12,0,1,I225 & TAMARAC STREET SOUTH,1,2,0,0,1,4,,0,55,0,0,0,0,1,1,3,14
,2019-41134,39.636497,-104.8908,12/13/2019 13:54,13:54,12,0,0,I225 & TAMARAC STREET SOUTH,1,1,0,0,1,4,,0,65,0,0,0,0,0,1,2,2
,2019-41135,39.636497,-104.8908,12/13/2019 14:00,14:00,15,0,0,I225 & TAMARAC STREET SOUTH,1,1,0,0,1,4,,0,65,0,0,0,0,0,1,2,1
,2019-41136,39.636557,-104.890674,6/1/2019 11:55,11:55,12,0,0,I225 & MM 1,1,1,0,0,1,4,,0,55,0,0,0,0,0,1,2,5
,2019-41137,39.636557,-104.890674,6/21/2019 13:47,13:47,12,0,0,I225 & MM 1,1,1,0,0,1,4,,0,65,0,0,0,0,0,1,3,13
,2019-41138,39.636557,-104.890674,6/26/2019 10:47,10:47,12,0,0,I225 & MM 1,1,1,1,0,1,4,,0,55,0,0,0,0,0,1,2,13
,2019-41139,39.636557,-104.890674,8/14/2019 11:35,11:35,12,0,3,I225 & MM 1,1,1,0,0,1,4,,0,55,0,0,0,0,1,1,3,1
,2019-4114,39.728943,-104.9906115,5/8/2019 13:29,13:29,10,0,1,SPEER BOULEVARD NORTH & EIGHTH AVENUE WEST,2,1,0,1,1,1,,0,30,0,0,0,0,2,4,2,13
,2019-41140,39.636557,-104.890674,11/12/2019 9:49,9:49,12,0,0,I225 & MM 1,1,1,1,0,1,4,,0,65,0,0,0,0,0,1,3,3
,2019-41141,39.636965,-104.889824,4/9/2019 17:36,17:36,15,0,0,YOSEMITE STREET SOUTH & I225 SOUTHBOUND ON RAMP,1,1,1,0,1,7,,0,55,0,0,0,0,0,1,2,13
,2019-41142,39.637631,-104.888478,3/22/2019 9:41,9:41,12,0,0,I225 & TAMARAC STREET SOUTH,1,1,0,0,1,4,,0,65,0,0,0,0,0,1,2,12
,2019-41143,39.637714,-104.88831,1/11/2019 15:50,15:50,12,0,0,I225 & YOSEMITE STREET SOUTH,2,1,0,2,1,4,,0,65,0,0,0,0,0,1,2,3
,2019-41144,39.63788,-104.887973,3/4/2019 13:14,13:14,5,0,0,I225 & TAMARAC STREET SOUTHBOUND EXIT GORE POINT,6,1,1,0,3,4,,0,65,0,0,0,0,0,1,1,2
,2019-41145,39.63788,-104.887973,11/4/2019 4:45,4:45,12,0,0,I225 WB EXIT GORE POINT & TAMARAC STREET SOUTH,1,3,0,0,1,4,,1,45,0,0,0,0,0,1,2,1
,2019-41146,39.637963,-104.887805,4/27/2019 14:10,14:10,12,0,0,I225 & I225 EXIT GORE POINT TO TAMARAC STREET SOUTH,1,1,0,0,1,4,,0,55,0,0,0,0,0,1,2,13
,2019-41147,39.638213,-104.8873,12/12/2019 6:00,6:00,15,0,0,I225 & I25,1,2,0,0,1,4,,0,65,0,0,0,0,0,1,2,1
,2019-41148,39.638459,-104.886792,8/28/2019 17:49,17:49,12,0,0,I225 & YOSEMITE STREET SOUTH,1,1,0,0,1,4,,0,55,0,0,0,0,0,1,2,13
,2019-41149,39.638622,-104.886453,8/30/2019 11:35,11:35,12,0,0,I225 & MM 1.25,1,1,0,0,1,4,,0,55,0,0,0,0,0,1,3,3
,2019-4115,39.728943,-104.9906115,6/18/2019 13:21,13:21,10,0,0,SPEER BOULEVARD NORTH & EIGHTH AVENUE WEST,1,1,1,0,1,1,,0,30,0,0,0,0,0,4,2,13