id,drcog_id,latitude,longitude,crashtime,time,crashtype,numbkilled,numbinjurd,drcoglocat,rdconditin,lightngcon,roadcntgrd,weatherco,location,roaddescrp,schoolzone,constrzone,splimit,bikeinv,sctrinv,pedinv,motoinv,svrty,rdsystem,ttlvehcls,hcf
,2019-41150,39.638785,-104.886114,3/28/2019 10:41,10:41,5,0,0,I225 NORTHBOUND & YOSEMITE STREET SOUTH,1,1,0,0,1,4,,0,60,0,0,0,1,0,1,2,13
,2019-41151,39.638949,-104.885774,6/23/2019 20:38,20:38,15,0,0,I225 & YOSEMITE STREET SOUTH,1,1,0,0,1,4,,0,65,0,0,0,0,0,1,2,13
,2019-41152,39.63903,-104.885605,11/21/2019 12:30,12:30,12,0,0,I225 & YOSEMITE STREET SOUTH,2,1,1,2,1,4,,0,55,0,0,0,0,0,1,2,7
,2019-41153,39.639193,-104.885266,1/15/2019 7:38,7:38,12,0,0,I225 SOUTHBOUND COLLECTOR & YOSEMITE STREET SOUTH,1,1,0,0,1,7,,0,45,0,0,0,0,0,1,2,7
,2019-41154,39.639193,-104.885266,2/20/2019 8:59,8:59,12,0,0,I225 SOUTHBOUND COLLECTOR RAMP & YOSEMITE STREET SOUTH,1,1,1,0,1,7,,0,35,0,0,0,0,0,1,2,13
,2019-41155,39.639193,-104.885266,5/17/2019 8:19,8:19,12,0,0,I225 DISTRIBUTOR WB RAMP & YOSEMITE STREET SOUTH,1,1,1,0,1,7,,0,25,0,0,0,0,0,1,2,13
,2019-41156,39.639193,-104.885266,7/15/2019 7:47,7:47,12,0,0,I225 WB/SB ON RAMP SLIP GORE POINT & YOSEMITE STREET SOUTH,1,1,1,0,1,7,,0,25,0,0,0,0,0,1,2,13
,2019-41157,39.639193,-104.885266,10/1/2019 16:00,16:00,12,0,0,I225 EB/NB RAMP SPLIT TO & YOSEMITE STREET SOUTH,1,1,0,0,1,7,,0,25,0,0,0,0,0,1,2,1
,2019-41158,39.639275,-104.885096,2/11/2019 17:49,17:49,12,0,0,I225 & YOSEMITE STREET SOUTH,1,3,0,0,1,4,,0,55,0,0,0,0,0,1,4,13
,2019-41159,39.639275,-104.885096,7/18/2019 11:16,11:16,12,0,1,I225 & YOSEMITE STREET SOUTH,1,1,0,0,1,4,,0,65,0,0,0,0,1,1,2,13
,2019-4116,39.728943,-104.9906115,9/23/2019 19:54,19:54,3,0,0,SPEER BOULEVARD NORTH & EIGHTH AVENUE WEST,1,3,0,0,1,1,,0,30,0,0,0,0,0,4,2,7
,2019-41160,39.639275,-104.885096,7/31/2019 12:29,12:29,12,0,1,I225 & YOSEMITE STREET SOUTH,1,1,0,0,1,4,,0,55,0,0,0,0,1,1,2,13
,2019-41161,39.639275,-104.885096,2/3/2019 1:05,1:05,3,0,0,YOSEMITE STREET SOUTH & I225 SOUTHBOUND OFF RAMP,1,3,0,0,1,1,,0,35,0,0,0,0,0,1,2,1
,2019-41162,39.639275,-104.885096,2/5/2019 11:46,11:46,1,0,1,TAMARAC STREET SOUTH & I225 SOUTHBOUND OFF RAMP,1,1,1,0,1,1,,0,30,0,0,0,0,2,1,2,13
,2019-41163,39.639275,-104.885096,2/5/2019 19:27,19:27,1,0,1,TAMARAC STREET SOUTH & I225 SOUTHBOUND RAMPS,1,3,0,0,1,1,,0,30,0,0,0,0,1,1,2,13
,2019-41164,39.639275,-104.885096,5/2/2019 8:24,8:24,12,0,0,YOSEMITE STREET SOUTH & I225 WB RAMPS,1,1,0,0,1,1,,0,35,0,0,0,0,0,1,2,13
,2019-41165,39.639275,-104.885096,5/21/2019 7:55,7:55,12,0,0,YOSEMITE STREET SOUTH & I225 WB OFF RAMP,2,1,0,2,1,1,,0,35,0,0,0,0,0,1,2,13
,2019-41166,39.639967,-104.8851,7/12/2019 17:20,17:20,12,0,0,YOSEMITE STREET SOUTH & I225 WB/SB OFF RAMP,1,1,0,0,1,1,,0,35,0,0,0,0,0,1,2,14
,2019-41167,39.639275,-104.885096,7/29/2019 13:45,13:45,10,0,0,YOSEMITE STREET SOUTH & I225 WB/SB OFF RAMP,1,1,0,0,1,1,,0,30,0,0,0,0,0,1,2,8
,2019-41168,39.639275,-104.885096,7/30/2019 9:47,9:47,3,0,0,YOSEMITE STREET SOUTH & I225 WB/SB OFF RAMP SLIP,1,1,0,0,1,1,,0,35,0,0,0,0,0,1,2,13
,2019-41169,39.639275,-104.885096,8/2/2019 12:37,12:37,1,0,2,YOSEMITE STREET SOUTH & I225 WB/SB OFF RAMP,1,1,0,0,1,1,,0,35,0,0,0,1,1,1,2,13
,2019-4117,39.728943,-104.9906115,10/13/2019 22:40,22:40,10,0,0,SPEER BOULEVARD NORTH & EIGHTH AVENUE WEST,1,3,0,0,1,1,,0,35,0,0,0,0,0,4,2,7
,2019-41170,39.639353,-104.884937,8/27/2019 16:39,16:39,12,0,0,I225 WB/SB OFF RAMP & YOSEMITE STREET SOUTH,1,1,1,0,1,7,,0,55,0,0,0,0,0,1,2,1
,2019-41171,39.639353,-104.884937,11/1/2019 18:58,18:58,12,0,0,I225 WB OFF RAMP & YOSEMITE STREET SOUTH,1,3,1,0,1,7,,0,35,0,0,0,0,0,1,2,13
,2019-41172,39.639353,-104.884937,12/2/2019 13:04,13:04,12,0,0,I225 SOUTHBOUND OFF RAMP TO & YOSEMITE STREET SOUTH,1,1,0,0,1,7,,0,65,0,0,0,0,0,1,2,13
,2019-41173,39.639884,-104.883855,8/16/2019 16:59,16:59,12,0,0,I225 & YOSEMITE STREET SOUTH,1,1,0,0,1,4,,0,65,0,0,0,0,0,1,2,13
,2019-41174,39.63996,-104.883701,11/29/2019 20:57,20:57,12,0,0,I225 & YOSEMITE STREET SOUTH,4,3,0,2,1,4,,0,55,0,0,0,0,0,1,4,13
,2019-41175,39.640035,-104.883546,7/24/2019 8:07,8:07,12,0,0,I225 & YOSEMITE STREET SOUTH,1,1,0,0,1,4,,0,65,0,0,0,0,0,1,3,3
,2019-41176,39.641189,-104.881241,3/20/2019 8:56,8:56,12,0,2,I225 NORTHBOUND & YOSEMITE STREET SOUTH,1,1,0,0,1,4,,0,55,0,0,0,0,1,1,3,13
,2019-41178,39.641189,-104.881241,11/4/2019 17:25,17:25,12,0,1,I225 EASTBOUND ON RAMP FROM & YOSEMITE STREET SOUTH,1,3,1,0,1,7,,0,45,0,0,0,0,1,1,2,1
,2019-41179,39.641266,-104.881087,12/2/2019 7:23,7:23,12,0,2,I225 & TAMARAC STREET SOUTH,1,1,1,0,1,4,,0,65,0,0,0,0,1,1,2,13
,2019-4118,39.728943,-104.9906115,10/26/2019 16:15,16:15,3,0,1,SPEER BOULEVARD NORTH & EIGHTH AVENUE WEST,1,1,0,0,1,1,,0,30,0,0,0,0,1,4,2,7
,2019-4119,39.728943,-104.9906115,10/28/2019 19:35,19:35,3,0,0,SPEER BOULEVARD NORTH & EIGHTH AVENUE WEST,2,3,0,0,1,1,,0,25,0,0,0,0,0,4,2,13
,2019-4120,39.728943,-104.9906115,11/26/2019 17:48,17:48,3,0,0,SPEER BOULEVARD NORTH & EIGHTH AVENUE WEST,4,3,0,2,1,1,,0,35,0,0,0,0,0,4,3,3
,2019-4121,39.756996,-105.0178005,8/9/2019 16:05,16:05,10,0,0,SPEER BOULEVARD NORTH & ALCOTT STREET NORTH,1,1,1,0,1,1,,0,30,0,0,0,0,0,4,2,8
,2019-4122,39.744027,-105.0006105,4/16/2019 13:26,13:26,3,0,0,SPEER BOULEVARD NORTH & ARAPAHOE STREET,1,1,1,0,1,1,,0,30,0,0,0,0,0,4,2,13
,2019-4123,39.744027,-105.0006105,5/19/2019 14:09,14:09,3,0,0,SPEER BOULEVARD NORTH & ARAPAHOE STREET,1,1,0,0,1,1,,0,35,0,0,0,0,0,4,2,12
,2019-4124,39.744027,-105.0006105,6/5/2019 10:00,10:00,12,0,1,SPEER BOULEVARD NORTH & ARAPAHOE STREET,1,1,0,0,1,1,,0,35,0,0,0,0,1,4,3,13
,2019-4125,39.744027,-105.0006105,7/21/2019 12:40,12:40,12,0,0,SPEER BOULEVARD NORTH & ARAPAHOE STREET,1,5,0,0,1,1,,0,30,0,0,0,0,0,4,2,13
,2019-4126,39.744027,-105.0006105,8/11/2019 14:26,14:26,3,0,0,SPEER BOULEVARD NORTH & ARAPAHOE STREET,1,1,0,0,1,1,,0,30,0,0,0,0,0,4,2,7
,2019-4127,39.744027,-105.0006105,10/31/2019 15:50,15:50,3,0,0,SPEER BOULEVARD NORTH & ARAPAHOE STREET,1,1,0,0,1,1,,0,35,0,0,0,0,0,4,2,10
,2019-41278,39.73842,-104.976459,4/30/2019 19:15,19:15,10,0,0,14TH AVENUE EAST & EMERSON STREET NORTH,1,3,0,1,1,1,,0,30,0,0,0,0,0,4,2,8
,2019-4128,39.744027,-105.0006105,12/5/2019 11:00,11:00,15,0,0,SPEER BOULEVARD NORTH & ARAPAHOE STREET,2,1,0,1,1,1,,0,35,0,0,0,0,0,4,2,2
,2019-41284,39.798396,-104.7873105,10/27/2019 15:32,15:32,12,0,0,PENA BOULEVARD & 56TH AVENUE EAST,10,1,0,2,1,4,,0,65,0,0,0,0,0,4,3,8
,2019-4129,39.748446,-105.003369,1/11/2019 16:12,16:12,1,0,0,SPEER BOULEVARD & AURARIA PARKWAY,2,3,0,2,1,1,,0,35,0,0,0,0,0,4,2,13
,2019-4130,39.748446,-105.003369,3/4/2019 10:20,10:20,3,0,1,SPEER BOULEVARD NORTH & AURARIA PARKWAY,2,1,0,0,1,1,,0,35,0,0,0,0,1,4,2,14
,2019-4131,39.748446,-105.003369,3/13/2019 12:41,12:41,3,0,1,SPEER BOULEVARD NORTH & AURARIA PARKWAY,4,1,0,2,1,1,,0,35,0,0,0,0,1,4,2,13
,2019-4132,39.748446,-105.003369,3/14/2019 7:10,7:10,3,0,0,SPEER BOULEVARD NORTH & AURARIA PARKWAY,6,1,0,0,1,1,,0,35,0,0,0,0,0,4,2,14
,2019-4133,39.748446,-105.003369,4/10/2019 7:50,7:50,3,0,0,SPEER BOULEVARD NORTH & AURARIA PARKWAY,1,1,0,0,1,1,,0,35,0,0,0,0,0,4,3,14
,2019-4134,39.748446,-105.003369,4/18/2019 8:17,8:17,15,0,0,SPEER BOULEVARD NORTH & AURARIA PARKWAY,1,1,0,0,1,4,,0,30,0,0,0,0,0,4,2,1
,2019-4135,39.748446,-105.003369,4/19/2019 8:48,8:48,3,0,0,SPEER BOULEVARD NORTH & AURARIA PARKWAY,1,1,0,0,1,1,,0,35,0,0,0,0,0,4,2,13
,2019-4136,39.748446,-105.003369,4/24/2019 10:10,10:10,3,0,2,SPEER BOULEVARD NORTH & AURARIA PARKWAY,1,1,0,0,1,1,,0,30,0,0,0,0,2,4,2,13
,2019-4137,39.748446,-105.003369,5/1/2019 14:46,14:46,12,0,0,SPEER BOULEVARD NORTH & AURARIA PARKWAY,1,1,0,0,1,1,,0,30,0,0,0,0,0,4,2,13
,2019-4138,39.748446,-105.003369,7/13/2019 20:00,20:00,3,0,2,SPEER BOULEVARD NORTH & AURARIA PARKWAY,2,3,0,1,1,1,,0,35,0,0,0,0,1,4,2,13
,2019-4139,39.748446,-105.003369,9/13/2019 18:37,18:37,3,0,0,SPEER BOULEVARD NORTH & AURARIA PARKWAY,1,1,0,0,1,1,,0,35,0,0,0,0,0,4,2,1
,2019-4140,39.748446,-105.003369,10/3/2019 14:05,14:05,10,0,1,SPEER BOULEVARD NORTH & AURARIA PARKWAY,1,1,0,0,1,1,,0,35,0,0,0,0,1,4,2,13
,2019-4141,39.748446,-105.003369,10/24/2019 11:34,11:34,10,0,0,SPEER BOULEVARD NORTH & AURARIA PARKWAY,1,1,0,0,1,1,,0,25,0,0,0,0,0,4,2,14
,2019-4142,39.748446,-105.003369,10/28/2019 8:00,8:00,3,0,0,SPEER BOULEVARD NORTH & AURARIA PARKWAY,4,1,0,2,1,1,,0,35,0,0,0,0,0,4,3,13
,2019-4143,39.748446,-105.003369,11/8/2019 19:54,19:54,3,0,0,SPEER BOULEVARD NORTH & AURARIA PARKWAY,1,3,0,0,1,1,,0,35,0,0,0,0,0,4,2,13
,2019-4144,39.748446,-105.003369,12/5/2019 19:50,19:50,3,0,1,SPEER BOULEVARD NORTH & AURARIA PARKWAY,2,3,1,0,1,1,,0,35,0,0,0,0,1,4,2,13
,2019-4145,39.729717,-104.991219,2/19/2019 21:45,21:45,12,0,0,SPEER BOULEVARD & BANNOCK STREET,2,3,0,0,1,1,,0,35,0,0,0,0,0,4,3,3
,2019-4146,39.729717,-104.991219,3/5/2019 10:50,10:50,3,0,0,SPEER BOULEVARD NORTH & BANNOCK STREET NORTH,1,1,0,0,1,1,,0,25,0,0,0,0,0,4,2,13
,2019-41468,39.63322,-104.903993,6/2/2019 12:39,12:39,12,0,0,I225 & MM 0.25,1,1,0,0,1,4,,0,55,0,0,0,0,0,1,2,13
,2019-4147,39.729717,-104.991219,3/7/2019 7:30,7:30,12,0,0,SPEER BOULEVARD NORTH & BANNOCK STREET NORTH,5,1,0,0,1,1,,0,30,0,0,0,0,0,4,3,14
,2019-4148,39.729717,-104.991219,5/18/2019 18:51,18:51,15,0,0,SPEER BOULEVARD NORTH & BANNOCK STREET NORTH,1,2,0,0,1,1,,0,30,0,0,0,0,0,4,2,7
,2019-4149,39.729717,-104.991219,5/31/2019 16:46,16:46,12,0,0,SPEER BOULEVARD NORTH & BANNOCK STREET NORTH,1,1,0,0,1,1,,0,30,0,0,0,0,0,4,2,3
,2019-4150,39.729717,-104.991219,8/2/2019 10:46,10:46,3,0,1,SPEER BOULEVARD NORTH & BANNOCK STREET NORTH,1,1,0,0,1,1,,0,30,0,0,0,0,1,4,2,14
,2019-4151,39.729717,-104.991219,9/20/2019 14:35,14:35,3,0,1,SPEER BOULEVARD NORTH & BANNOCK STREET NORTH,1,1,0,0,1,1,,0,35,0,0,0,0,1,4,2,3
,2019-4152,39.729717,-104.991219,9/27/2019 10:28,10:28,12,0,0,SPEER BOULEVARD NORTH & BANNOCK STREET NORTH,1,1,0,0,1,1,,0,35,0,0,0,0,0,4,2,13
,2019-4153,39.748518,-105.0031305,4/22/2019 14:10,14:10,12,0,0,SPEER BOULEVARD NORTH & BLAKE STREET,1,1,0,0,1,1,,0,30,0,0,0,0,0,4,2,14
,2019-4154,39.748518,-105.0031305,10/7/2019 10:50,10:50,15,0,0,SPEER BOULEVARD NORTH & BLAKE STREET,1,1,0,0,1,1,,0,30,0,0,0,0,0,4,2,13
,2019-41545,39.634171,-104.901837,5/2/2019 10:25,10:25,15,0,0,I225 & I25 SOUTHBOUND RAMP SPLIT TO,1,1,1,0,1,4,,0,,0,0,0,0,0,1,2,13
,2019-4155,39.726603,-104.987412,11/29/2019 1:32,1:32,3,0,1,SPEER BOULEVARD WEST & BRAODWAY STREET NORTH,5,3,0,0,1,1,,0,30,0,0,0,0,1,4,2,14
,2019-4156,39.726666,-104.987412,1/9/2019 15:20,15:20,12,0,0,SPEER BOULEVARD EAST & BROADWAY STREET NORTH,1,1,1,0,1,1,,0,35,0,0,0,0,0,4,2,13
,2019-4157,39.726666,-104.987412,3/25/2019 6:40,6:40,10,0,0,SPEER BOULEVARD EAST & BROADWAY STREET NORTH,1,1,0,0,1,1,,0,35,0,0,0,0,0,4,3,7
,2019-4158,39.726666,-104.987412,6/13/2019 23:03,23:03,3,0,0,SPEER BOULEVARD EAST & BROADWAY STREET NORTH,1,3,0,0,1,1,,0,30,0,0,0,0,0,4,2,13
,2019-4159,39.726666,-104.987412,8/28/2019 19:00,19:00,10,0,0,SPEER BOULEVARD EAST & BROADWAY STREET NORTH,1,1,0,0,1,1,,0,30,0,0,0,0,0,4,2,3
,2019-41600,39.756456,-105.009309,5/16/2019 13:54,13:54,5,0,0,PLATTE STREET & 15TH STREET,1,1,1,0,3,1,,0,30,0,0,0,0,0,4,1,13
,2019-4161,39.726666,-104.987412,10/6/2019 2:15,2:15,10,0,0,SPEER BOULEVARD EAST & BROADWAY STREET NORTH,1,3,1,0,1,1,,0,30,0,0,0,0,0,4,2,13
,2019-41614,39.71760563,-104.9061073,7/28/2019 23:13,23:13,6,0,0,PONTIAC STREET NORTH & 3500 BLOCK NORTH,1,2,0,0,1,4,,0,,0,0,0,0,0,4,2,13
,2019-4163,39.741939,-104.99985,2/12/2019 15:49,15:49,3,0,0,SPEER BOULEVARD NORTH & CHAMPA STREET,1,1,0,0,1,1,,0,30,0,0,0,0,0,4,2,13
,2019-4164,39.741939,-104.99985,3/1/2019 18:55,18:55,3,0,0,SPEER BOULEVARD NORTH & CHAMPA STREET,1,3,0,0,1,1,,0,35,0,0,0,0,0,4,2,13
,2019-41641,39.8332514,-104.6866252,6/7/2019 17:24,17:24,12,0,1,PENA BOULEVARD & 75TH AVENUE EAST,1,1,1,0,1,3,,0,65,0,0,0,0,2,4,2,13
,2019-4165,39.741939,-104.99985,4/11/2019 8:36,8:36,3,0,0,SPEER BOULEVARD NORTH & CHAMPA STREET,5,1,0,0,1,1,,0,35,0,0,0,0,0,4,2,7
,2019-4166,39.741939,-104.99985,6/12/2019 10:30,10:30,15,0,0,SPEER BOULEVARD NORTH & CHAMPA STREET,1,1,0,0,1,1,,0,35,0,0,0,0,0,4,2,13
,2019-41668,39.639275,-104.885096,10/23/2019 12:00,12:00,15,0,0,I225 & YOSEMITE STREET SOUTH,1,1,0,0,1,4,,0,55,0,0,0,0,0,1,2,13
,2019-4167,39.741939,-104.99985,7/1/2019 15:30,15:30,10,0,0,SPEER BOULEVARD NORTH & CHAMPA STREET,2,1,0,1,1,1,,0,30,0,0,0,0,0,4,2,8
,2019-4168,39.741939,-104.99985,8/3/2019 12:54,12:54,5,0,0,SPEER BOULEVARD NORTH & CHAMPA STREET,1,1,0,0,1,1,,0,35,0,0,0,0,0,4,1,13
,2019-4169,39.741939,-104.99985,8/15/2019 16:00,16:00,15,0,0,SPEER BOULEVARD NORTH & CHAMPA STREET,1,1,0,0,1,1,,0,35,0,0,0,0,0,4,2,2
,2019-4170,39.741939,-104.99985,9/25/2019 6:55,6:55,3,0,2,SPEER BOULEVARD NORTH & CHAMPA STREET,1,1,0,0,1,1,,0,30,0,0,0,0,1,4,2,14
,2019-41709,39.750156,-104.8962825,7/16/2019 18:02,18:02,5,0,0,PRIVATE PROPERTY & 7816 EAST 22ND PLACE,1,1,0,0,2,4,,0,30,0,0,0,0,0,4,1,5
,2019-4171,39.741939,-104.99985,10/3/2019 13:16,13:16,3,0,0,SPEER BOULEVARD NORTH & CHAMPA STREET,1,1,0,0,1,1,,0,30,0,0,0,0,0,4,2,14
,2019-4172,39.741939,-104.99985,11/19/2019 17:29,17:29,15,0,0,SPEER BOULEVARD & CHAMP STREET,1,2,0,0,1,1,,0,10,0,0,0,0,0,4,2,13
,2019-41722,39.674745,-104.87403,8/30/2019 15:37,15:37,12,0,1,EMPORIA STREET SOUTH & ILIFF AVENUE EAST,1,1,0,0,1,3,,0,25,0,0,0,0,1,4,2,13
,2019-4173,39.750039,-105.0049305,1/12/2019 21:17,21:17,3,0,0,SPEER BOULEVARD & CHOPPER CIRCLE WEST,1,3,0,0,1,1,,0,15,0,0,0,0,0,4,2,12
,2019-4174,39.750039,-105.0049305,2/6/2019 12:20,12:20,3,0,0,SPEER BOULEVARD NORTH & CHOPPER CIRCLE,5,1,1,2,1,1,,0,35,0,0,0,0,0,4,2,13
,2019-4175,39.7809585,-104.8861395,5/2/2019 5:34,5:34,6,0,0,XENIA STREET & 3156 SOUTH,1,1,0,0,1,4,,0,25,0,0,0,0,0,4,3,2
,2019-4176,39.750039,-105.0049305,3/2/2019 16:57,16:57,15,0,0,SPEER BOULEVARD NORTH & CHOPPER CIRCLE,4,3,1,2,1,1,,0,35,0,0,0,0,0,4,3,1
,2019-4177,39.750039,-105.0049305,3/2/2019 16:58,16:58,12,0,0,SPEER BOULEVARD NORTH & CHOPPER CIRCLE,4,3,1,2,1,4,,0,35,0,0,0,0,0,4,2,1
,2019-4178,39.750039,-105.0049305,3/29/2019 18:46,18:46,15,0,0,SPEER BOULEVARD NORTH & CHOPPER CIRCLE,2,3,0,1,1,1,,0,35,0,0,0,0,0,4,2,13
,2019-4179,39.720114,-104.9775525,5/15/2019 10:56,10:56,10,0,0,SPEER BOULEVARD EAST & CLARKSON STREET NORTH,1,1,0,0,1,1,,0,30,0,0,0,0,0,4,2,13
,2019-4180,39.720114,-104.9775525,8/3/2019 16:33,16:33,10,0,0,SPEER BOULEVARD EAST & CLARKSON STREET NORTH,1,1,0,0,1,1,,0,30,0,0,0,0,0,4,2,13
,2019-4181,39.758058,-105.02055,1/8/2019 10:08,10:08,3,0,0,SPEER BOULEVARD & CLAY STREET NORTH,1,1,0,0,1,1,,0,35,0,0,0,0,0,4,2,14
,2019-4182,39.758058,-105.02055,1/23/2019 17:27,17:27,3,0,1,SPEER BOULEVARD NORTH & CLAY STREET NORTH,1,2,1,0,1,1,,0,25,0,0,0,0,1,4,2,13
,2019-4183,39.758058,-105.02055,3/31/2019 15:39,15:39,3,0,0,SPEER BOULEVARD NORTH & CLAY STREET NORTH,1,1,0,0,1,1,,0,35,0,0,0,0,0,4,2,1
,2019-41830,39.78785643,-104.7906994,4/23/2019 20:20,20:20,15,0,0,PENA BOULEVARD & 7600 BLOCK,1,1,0,0,1,4,,0,45,0,0,0,0,0,4,2,1
,2019-41831,39.78785643,-104.7906994,11/6/2019 17:45,17:45,15,0,0,PENA BOULEVARD OUTBOUND & 7600 BLOCK,2,3,0,1,1,4,,0,,0,0,0,0,0,4,2,13
,2019-4184,39.758058,-105.02055,4/6/2019 22:34,22:34,10,0,0,SPEER BOULEVARD NORTH & CLAY STREET NORTH,1,3,0,0,1,1,,0,35,0,0,0,0,0,4,2,7
,2019-41846,39.731683,-104.90755,12/22/2019 1:25,1:25,6,0,1,10TH AVENUE & 6900 BLOCK EAST,1,3,0,0,1,4,,0,25,0,0,0,0,2,4,2,5
,2019-4185,39.758058,-105.02055,5/12/2019 15:46,15:46,1,0,0,SPEER BOULEVARD NORTH & CLAY STREET NORTH,1,1,0,0,1,1,,0,30,0,0,0,0,0,4,4,13
,2019-4187,39.758058,-105.02055,11/22/2019 11:47,11:47,14,0,0,SPEER BOULEVARD NORTH & CLAY STREET NORTH,1,1,0,0,1,1,,0,20,0,0,0,0,0,4,2,13
,2019-4188,39.71835,-104.9745915,1/12/2019 9:56,9:56,3,0,0,SPEER BOULEVARD & CORONA STREET NORTH,1,1,0,0,1,1,,0,25,0,0,0,0,0,4,2,13
,2019-41880,39.83374161,-104.7213431,5/9/2019 11:00,11:00,5,0,0,PENA BOULEVARD 7700 BLOCK & 7700 PENA BOULEVARD,2,1,1,1,2,4,,0,35,0,0,0,0,0,4,1,8
,2019-4189,39.71835,-104.9745915,1/16/2019 15:35,15:35,3,0,0,SPEER BOULEVARD EAST & CORONA STREET NORTH,1,1,0,0,1,1,,0,,0,0,0,0,0,4,2,13
,2019-4191,39.71835,-104.9745915,6/12/2019 17:10,17:10,12,0,0,SPEER BOULEVARD EAST & CORONA STREET NORTH,1,1,0,0,1,1,,0,30,0,0,0,0,0,4,3,3
,2019-41915,39.779661,-104.967133,3/1/2019 17:31,17:31,10,0,1,BRIGHTON BOULEVARD NORTH & I70 EASTBOUND OFF RAMP,1,3,0,0,1,1,,1,35,0,0,0,0,2,2,2,8
,2019-41916,39.779661,-104.967133,5/15/2019 7:25,7:25,3,0,0,BRIGHTON BOULEVARD NORTH & I70 EASTBOUND OFF RAMP,1,1,0,0,1,1,,0,30,0,0,0,0,0,2,2,13
,2019-41917,39.779661,-104.967133,7/2/2019 10:45,10:45,14,0,0,BRIGHTON BOULEVARD NORTH & I70 EASTBOUND ON RAMP,1,1,0,0,1,1,,0,30,0,0,0,0,0,2,2,14
,2019-41918,39.779661,-104.967133,10/18/2019 14:33,14:33,3,0,0,BRIGHTON BOULEVARD NORTH & I70 EASTBOUND OFF RAMP,1,1,0,0,1,1,,0,30,0,0,0,0,0,2,2,7
,2019-41919,39.780803,-104.96675,8/10/2019 2:27,2:27,15,0,0,BRIGHTON BOULEVARD NORTH & I70 WB OFF RAMP,1,1,0,0,1,1,,0,25,0,0,0,0,0,2,2,13
,2019-4192,39.71835,-104.9745915,7/9/2019 14:45,14:45,12,0,0,SPEER BOULEVARD EAST & CORONA STREET NORTH,1,1,0,0,1,1,,0,30,0,0,0,0,0,4,2,3
,2019-4193,39.71835,-104.9745915,7/17/2019 10:19,10:19,3,0,0,SPEER BOULEVARD EAST & CORONA STREET NORTH,1,1,0,0,1,1,,0,35,0,0,0,0,0,4,2,1
,2019-4194,39.71835,-104.9745915,11/24/2019 8:03,8:03,3,0,0,SPEER BOULEVARD EAST & CORONA STREET NORTH,1,1,0,0,1,1,,0,30,0,0,0,0,0,4,2,3
,2019-4195,39.718287,-104.9737815,12/3/2019 7:40,7:40,10,0,0,SPEER BOULEVARD EAST & DOWNING STREET NORTH,5,1,0,0,1,1,,0,30,0,0,0,0,0,4,2,8
,2019-4196,39.752343,-105.0075585,1/29/2019 8:25,8:25,12,0,0,SPEER BOULEVARD NORTH & ELITCH CIRCLE,5,1,0,0,1,1,,0,35,0,0,0,0,0,4,2,13
,2019-4197,39.752343,-105.0075585,8/20/2019 12:21,12:21,12,0,0,SPEER BOULEVARD NORTH & ELITCH CIRCLE,1,1,1,0,1,3,,0,30,0,0,0,0,0,4,3,3
,2019-4198,39.752343,-105.0075585,8/24/2019 20:09,20:09,1,0,1,SPEER BOULEVARD NORTH & ELITCH CIRCLE,1,3,1,0,1,1,,0,35,0,0,0,0,2,4,3,13
,2019-41987,39.71299,-104.9875,12/23/2019 17:45,17:45,15,0,0,BROADWAY STREET SOUTH & CEDAR AVENUE EAST,1,3,0,0,1,3,,0,30,0,0,0,0,0,4,2,13
,2019-4199,39.752343,-105.0075585,10/19/2019 21:03,21:03,1,0,2,SPEER BOULEVARD NORTH & ELITCH CIRCLE,1,3,0,0,1,1,,0,35,0,0,0,0,1,4,2,13
,2019-4200,39.737871,-104.9964615,5/5/2019 9:57,9:57,5,0,0,SPEER BOULEVARD NORTH & GALAPAGO STREET NORTH,1,1,0,0,2,1,,0,35,0,0,0,0,0,4,1,3
,2019-4201,39.723435,-104.9837895,2/4/2019 10:40,10:40,3,0,0,SPEER BOULEVARD EAST & GRANT STREET NORTH,1,1,0,0,1,1,,0,35,0,0,0,0,0,4,3,1
,2019-4202,39.723435,-104.9837895,10/10/2019 21:40,21:40,10,0,0,SPEER BOULEVARD EAST & GRANT STREET NORTH,1,4,0,0,1,1,,0,30,0,0,0,0,0,4,2,13
,2019-4203,39.667473,-104.9285792,2/22/2019 1:45,1:45,5,0,0,YALE AVENUE EAST & 10000 BLOCK EAST,5,3,0,0,3,4,,0,25,0,0,0,0,0,4,1,13
,2019-4204,39.723435,-104.9837895,12/1/2019 11:45,11:45,12,0,0,SPEER BOULEVARD EAST & GRANT STREET NORTH,5,1,0,0,1,3,,0,35,0,0,0,0,0,4,2,3
,2019-42049,39.798279,-104.89419,8/23/2019 7:45,7:45,1,0,0,56TH AVENUE EAST & UINTA STREET,1,1,0,0,1,1,,0,,0,0,0,0,0,4,2,7
,2019-4205,39.762351,-105.029091,6/22/2019 17:38,17:38,12,0,0,SPEER BOULEVARD NORTH & GROVE STREET NORTH,2,1,0,1,1,1,,0,30,0,0,0,0,0,4,3,13
,2019-42052,39.665098,-105.02514,8/15/2019 2:14,2:14,5,0,0,FEDERAL BOULEVARD SOUTH & AMHERST AVENUE ROAD,1,3,0,0,2,1,,0,40,0,0,0,0,0,2,1,13
,2019-4206,39.741939,-104.99985,1/7/2019 8:08,8:08,10,0,0,SPEER SOUTHBOUND LNS & KALAMATH / CHAMPA,1,1,0,0,1,1,,0,35,0,0,0,0,0,4,2,8