id,drcog_id,latitude,longitude,crashtime,time,crashtype,numbkilled,numbinjurd,drcoglocat,rdconditin,lightngcon,roadcntgrd,weatherco,location,roaddescrp,schoolzone,constrzone,splimit,bikeinv,sctrinv,pedinv,motoinv,svrty,rdsystem,ttlvehcls,hcf
,2019-4207,39.741939,-104.99985,4/29/2019 16:27,16:27,12,0,0,SPEER BOULEVARD NORTH & KALAMATH STREET NORTH,1,1,1,0,1,1,,0,35,0,0,0,0,0,4,2,13
,2019-4208,39.741939,-104.99985,9/19/2019 16:30,16:30,10,0,0,SPEER BOULEVARD NORTH & KALAMATH STREET NORTH,1,1,0,0,1,1,,0,35,0,0,0,0,0,4,2,8
,2019-4209,39.746412,-105.0014385,4/7/2019 2:20,2:20,3,0,1,SPEER BOULEVARD NORTH & LARIMER STREET,1,3,0,0,1,1,,0,,0,0,0,0,1,4,3,13
,2019-42099,39.785939,-104.902904,4/3/2019 6:48,6:48,12,0,1,I270 & QUEBEC STREET NORTH,1,1,0,0,1,4,,0,55,0,0,0,0,1,1,2,13
,2019-4210,39.746412,-105.0014385,7/9/2019 17:15,17:15,10,0,0,SPEER BOULEVARD NORTH & LARIMER STREET,1,1,0,0,1,1,,0,35,0,0,0,0,0,4,4,8
,2019-42100,39.785939,-104.902904,4/13/2019 17:03,17:03,12,0,0,I270 & NORTHFIELD QUEBEC STREET NORTH,1,1,0,0,1,4,,0,55,0,0,0,0,0,1,2,1
,2019-42101,39.785939,-104.902904,6/25/2019 17:41,17:41,12,0,0,SANDCREEK DRIVE SOUTH & QUEBEC STREET NORTH,1,1,0,0,1,4,,0,35,0,0,0,0,0,4,2,13
,2019-42102,39.785283,-104.902909,6/7/2019 17:46,17:46,1,0,1,SANDCREEK ROAD NORTH & 49TH AVENUE EAST,1,1,0,0,1,1,,0,45,0,0,0,0,2,4,2,13
,2019-42103,39.782996,-104.900882,8/8/2019 19:37,19:37,5,0,0,I270 & QUEBEC STREET / NORTHFIELD NORTH,1,3,0,0,2,4,,0,55,0,0,0,0,0,1,1,7
,2019-42104,39.785337,-104.902486,7/5/2019 10:00,10:00,12,0,0,49TH AVENUE EAST & SANDCREEK DRIVE SOUTH,1,1,0,0,1,3,,0,30,0,0,0,0,0,4,2,13
,2019-42105,39.785337,-104.902486,9/5/2019 5:20,5:20,1,0,2,SANDCREEK DRIVE SOUTH & 49TH AVENUE NORTH,1,3,0,0,1,1,,0,35,0,0,0,0,2,4,2,13
,2019-42106,39.78522,-104.902405,2/26/2019 15:20,15:20,5,0,0,SANDCREEK DRIVE SOUTH & 49TH AVENUE EAST,1,1,0,0,3,1,,0,40,0,0,0,0,0,4,1,14
,2019-42107,39.784169,-104.901683,7/24/2019 17:07,17:07,12,0,0,I270 & QUEBEC STREET / NORTHFIELD NORTH,1,1,0,0,1,4,,0,55,0,0,0,0,0,1,2,14
,2019-42108,39.784052,-104.901603,3/27/2019 16:20,16:20,12,0,0,SANDCREEK DRIVE SOUTH & 47TH AVENUE EAST,1,1,0,0,1,4,,0,30,0,0,0,0,0,4,2,8
,2019-42109,39.783818,-104.901443,12/16/2019 12:31,12:31,15,0,0,I270 & MM 4.52,1,1,0,0,1,4,,1,65,0,0,0,0,0,1,2,1
,2019-4211,39.745269,-105.000741,3/7/2019 18:25,18:25,5,0,0,SPEER BOULEVARD NORTH & LAWRENCE STREET,1,3,0,0,2,1,,0,35,0,0,0,0,0,4,1,10
,2019-42110,39.783818,-104.901443,1/29/2019 9:38,9:38,1,0,0,47TH AVENUE EAST & SANDCREEK DRIVE SOUTH,6,1,0,0,1,1,,0,35,0,0,0,0,0,4,2,13
,2019-42111,39.783701,-104.901363,1/17/2019 5:49,5:49,12,0,0,I270 & QUEBEC STREET NORTH,1,2,1,0,1,4,,0,55,0,0,0,0,0,1,3,13
,2019-42112,39.78335,-104.901124,10/31/2019 11:22,11:22,12,0,0,I270 WB ON RAMP MEGRE GORE POINT & QUEBEC STREET NORTH,1,1,0,0,1,7,,0,45,0,0,0,0,0,1,2,14
,2019-42113,39.78335,-104.901124,12/8/2019 9:59,9:59,12,0,0,I270 NORTHBOUND ON RAMP MERGE LIGHT & NORTHFIELD QUEBEC STREET,1,1,1,0,1,7,,0,45,0,0,0,0,0,1,2,3
,2019-42114,39.782996,-104.900882,6/6/2019 16:06,16:06,12,0,2,I270 & QUEBEC STREET NORTH,1,1,0,0,1,4,,0,65,0,0,0,0,1,1,2,3
,2019-42115,39.782996,-104.900882,7/1/2019 13:43,13:43,12,0,0,I270 & NORTHFIELD QUEBEC STREET NORTH,1,1,1,0,1,4,,0,55,0,0,0,0,0,1,2,13
,2019-42116,39.782996,-104.900882,7/9/2019 16:02,16:02,12,0,0,I270 & QUEBEC STREET / NORTHFIELD NORTH,1,1,0,0,1,4,,0,55,0,0,0,0,0,1,2,5
,2019-42117,39.782996,-104.900882,7/25/2019 15:06,15:06,12,0,0,I270 & QUEBEC STREET / NORTHFIELD NORTH,1,1,0,0,1,4,,0,65,0,0,0,0,0,1,3,3
,2019-42118,39.782996,-104.900882,9/16/2019 5:16,5:16,12,0,0,I270 & NORTHFIELD QUEBEC STREET NORTH,1,1,0,0,1,4,,0,55,0,0,0,0,0,1,2,13
,2019-42119,39.782996,-104.900882,9/19/2019 17:22,17:22,12,0,0,I270 & NORTHFIELD QUEBEC STREET NORTH,1,1,0,0,1,4,,0,45,0,0,0,0,0,1,2,13
,2019-4212,39.745269,-105.000741,9/17/2019 13:22,13:22,3,0,0,SPEER BOULEVARD NORTH & LAWRENCE STREET,1,1,0,0,1,1,,0,30,0,0,0,0,0,4,2,13
,2019-42120,39.782996,-104.900882,12/30/2019 14:15,14:15,12,0,0,I270 & NORTHFIELD QUEBEC STREET NORTH,1,1,0,0,1,4,,0,65,0,0,0,0,0,1,2,13
,2019-42121,39.781965,-104.900178,10/26/2019 19:05,19:05,12,0,0,I270 & QUEBEC STREET NORTH,1,2,0,0,1,4,,0,55,0,0,0,0,0,1,2,13
,2019-42122,39.781671,-104.899977,2/16/2019 4:41,4:41,5,0,1,I270 & NORTHFIELD QUEBEC NORTH,1,3,0,0,3,4,,0,55,0,0,0,0,1,1,1,5
,2019-42123,39.781671,-104.899977,5/18/2019 15:15,15:15,12,0,1,I270 & I70,1,1,0,0,1,4,,0,65,0,0,0,0,1,1,2,13
,2019-42124,39.781671,-104.899977,7/7/2019 4:06,4:06,14,0,0,I270 & NORTHFIELD QUEBEC STREET NORTH,1,3,0,0,5,4,,0,55,0,0,0,0,0,1,2,2
,2019-42125,39.781671,-104.899977,11/12/2019 18:31,18:31,12,0,0,I270 & CENTRAL PARK BOULEVARD NORTH,1,4,1,0,1,4,,0,45,0,0,0,0,0,1,3,13
,2019-42126,39.781524,-104.899877,4/13/2019 6:38,6:38,12,0,0,I270 & NORTHFIELD OUEBEC STREET,2,2,0,0,1,4,,0,55,0,0,0,0,0,1,2,1
,2019-42127,39.781378,-104.899775,6/8/2019 1:57,1:57,5,0,0,I270 EASTBOUND LOOP EXIT GORE POINT & NORTHFIELD QUEBEC STREET,1,3,0,0,3,4,,1,55,0,0,0,0,0,1,1,13
,2019-42128,39.781378,-104.899775,8/19/2019 12:00,12:00,12,0,0,I270 & HIGHWAY 35 / QUEBEC STREET NORTH,1,1,0,0,1,4,,0,55,0,0,0,0,0,1,3,1
,2019-4213,39.745269,-105.000741,10/12/2019 17:57,17:57,15,0,0,SPEER BOULEVARD NORTH & LAWRENCE STREET,1,1,0,0,1,1,,0,30,0,0,0,0,0,4,2,8
,2019-42130,39.781084,-104.899571,8/21/2019 4:45,4:45,12,0,0,I270 EASTBOUND OFF RAMP LOOP & HIGHWAY 35 / QUEBEC STREET NORTH,1,3,0,0,1,7,,0,55,0,0,0,0,0,1,2,13
,2019-42131,39.783108,-104.900944,10/24/2019 23:26,23:26,15,0,1,I270 EASTBOUND LOOP EXIT GORE POINT & NORTHFIELD QUEBEC STREET,1,4,0,0,1,4,,1,,0,0,0,0,1,1,2,13
,2019-42132,39.780792,-104.899368,2/26/2019 23:50,23:50,5,0,1,I270 & I270 EASTBOUND EXIT GORE POINT NORTHFIELD QUEBEC,1,3,1,0,3,4,,0,55,0,0,0,0,2,1,1,3
,2019-42133,39.780647,-104.899267,2/16/2019 1:38,1:38,5,0,1,I270 EASTBOUND LOOP EXIT GORE POINT & HIGHWAY 35 / QUEBEC STREET NORTH,1,3,0,0,2,4,,0,25,0,0,0,0,1,1,1,3
,2019-42134,39.778478,-104.89705,1/11/2019 10:16,10:16,9,0,0,I270 TO & I70 INTCH,12,1,1,2,3,4,,0,55,0,0,0,0,0,1,1,14
,2019-42135,39.778382,-104.896877,2/21/2019 14:57,14:57,15,0,0,I270 TO & I70 INTCH,1,1,0,0,1,4,,0,35,0,0,0,0,0,1,2,13
,2019-42136,39.778382,-104.896877,4/19/2019 4:47,4:47,5,0,1,I270 TO & I70 INTCH,1,3,0,0,3,4,,0,55,0,0,0,0,1,1,2,2
,2019-42137,39.778382,-104.896877,5/14/2019 16:13,16:13,15,0,0,I270 & I70,1,1,1,0,1,4,,1,55,0,0,0,0,0,1,2,7
,2019-42138,39.778382,-104.896877,7/3/2019 7:43,7:43,15,0,0,I270 & I70,1,1,1,0,1,4,,1,65,0,0,0,0,0,1,2,13
,2019-42139,39.778258,-104.896608,8/6/2019 14:51,14:51,15,0,0,I270 & I70,1,1,1,0,1,4,,0,55,0,0,0,0,0,1,2,3
,2019-4214,39.725658,-104.9863095,4/10/2019 10:52,10:52,15,0,0,SPEER BOULEVARD EAST & LINCOLN STREET NORTH,1,1,0,1,1,1,,0,35,0,0,0,0,0,4,2,7
,2019-42140,39.778382,-104.896877,11/16/2019 15:25,15:25,12,0,0,I270 & CENTRAL PARK BOULEVARD NORTH,1,1,0,0,1,4,,0,65,0,0,0,0,0,1,2,13
,2019-42141,39.778289,-104.896694,1/31/2019 1:35,1:35,5,0,1,I270 & NORTHFIELD QUEBEC STREET NORTH,1,3,0,0,2,4,,1,55,0,0,0,1,2,1,1,3
,2019-42142,39.777689,-104.8951,6/28/2019 10:07,10:07,15,0,0,I270 & MM 5,1,1,1,0,1,4,,1,55,0,0,0,0,0,1,2,13
,2019-42143,39.66319,-104.9001,12/13/2019 11:49,11:49,5,0,0,ROSEMARY STREET 3000 BLOCK SOUTH & COLUMBIA PLACE EAST,1,1,0,0,2,4,,0,25,0,0,0,0,0,4,1,13
,2019-42144,39.777689,-104.8951,7/23/2019 8:10,8:10,12,0,0,I270 & MM 5,1,1,1,0,1,4,,0,45,0,0,0,0,0,1,2,14
,2019-42145,39.777315,-104.893812,12/6/2019 16:40,16:40,12,0,0,I270 & NORTHFIELD QUEBEC STREET NORTH,1,2,0,0,1,4,,0,55,0,0,0,0,0,1,3,13
,2019-42146,39.776976,-104.892098,1/3/2019 18:36,18:36,12,0,0,I270 EASTBOUND FLYOVER & CENTRAL PARK BOULEVARD,1,3,1,0,1,4,,0,55,0,0,0,0,0,1,2,14
,2019-42147,39.776832,-104.890736,4/15/2019 14:36,14:36,12,0,0,I270 EASTBOUND DIRECT CONNECT FROM EASTBOUND I70 & VERBENA STREET NORTH,1,1,0,0,1,4,,0,55,0,0,0,0,0,1,2,7
,2019-42148,39.776836,-104.890539,8/11/2019 16:03,16:03,15,0,0,I270 EASTBOUND EXIT GORE POINT & CENTRAL PARK BOULEVARD,1,1,1,0,1,4,,0,65,0,0,0,0,0,1,2,14
,2019-42149,39.776843,-104.890343,11/9/2019 16:52,16:52,12,0,0,I270 EASTBOUND OFF RAMP EXIT GORE POINT TO & CENTRAL PARK BOULEVARD NORTH,1,2,0,0,1,7,,0,45,0,0,0,0,0,1,2,3
,2019-4215,39.725658,-104.9863095,4/26/2019 13:59,13:59,10,0,0,SPEER BOULEVARD EAST & LINCOLN STREET NORTH,1,1,0,0,1,1,,0,30,0,0,0,0,0,4,2,14
,2019-42150,39.77685,-104.890146,8/10/2019 18:05,18:05,5,0,1,I270 & CENTRAL PARK BOULEVARD NORTH,1,1,0,0,3,4,,0,55,0,0,0,0,2,1,1,13
,2019-42151,39.776884,-104.889163,11/7/2019 14:56,14:56,15,0,0,I270 WB/NB ENTRANCE GORE POINT FROM & CENTRAL PARK BOULEVARD NORTH,1,1,0,0,1,4,,0,35,0,0,0,0,0,1,2,1
,2019-42152,39.776976,-104.885426,3/13/2019 21:50,21:50,5,0,0,I270 & MM 5,5,3,1,0,3,4,,0,65,0,0,0,0,0,1,2,14
,2019-42153,39.776976,-104.885426,3/13/2019 22:00,22:00,15,0,2,I270 & MM 5,5,3,1,6,1,4,,0,65,0,0,0,0,1,1,2,14
,2019-42154,39.777019,-104.882699,8/7/2019 8:37,8:37,12,0,0,I270 & CENTRAL PARK BOULEVARD,1,1,0,0,1,4,,0,45,0,0,0,0,0,1,4,13
,2019-42155,39.777015,-104.882642,6/19/2019 18:31,18:31,15,0,0,I270 & CENTRAL PARK BOULEVARD NORTH,1,2,1,0,1,4,,1,55,0,0,0,0,0,1,2,13
,2019-42156,39.777015,-104.882642,7/22/2019 14:26,14:26,12,0,0,I270 & CENTRAL PARK BOULEVARD NORTH,1,1,1,0,1,4,,1,55,0,0,0,0,0,1,2,3
,2019-42157,39.776991,-104.8823,1/16/2019 11:54,11:54,15,0,0,I270 WB ENTRANCE GORE POINT FROM & I70 WB EXIT GORE POINT,1,1,0,0,1,4,,1,55,0,0,0,0,0,1,2,13
,2019-42158,39.776991,-104.8823,1/17/2019 6:47,6:47,12,0,0,I270 WB ENTRANCE GORE POINT FROM & I70 WB EXIT GORE POINT,1,1,0,0,1,4,,0,65,0,0,0,0,0,1,2,3
,2019-42159,39.776991,-104.8823,1/17/2019 6:47,6:47,12,0,1,I270 WB ENTRANCE GORE POINT FROM & I70 WB EXIT GORE POINT,1,1,0,0,1,4,,0,55,0,0,0,0,1,1,2,3
,2019-4216,39.725658,-104.9863095,6/12/2019 14:39,14:39,15,0,0,SPEER BOULEVARD EAST & LINCOLN STREET NORTH,1,1,0,0,1,1,,0,30,0,0,0,0,0,4,2,13
,2019-42161,39.776991,-104.8823,1/17/2019 6:47,6:47,12,0,1,I270 WB ENTRANCE GORE POINT FROM & I70 WB EXIT GORE POINT,1,1,0,0,1,4,,0,55,0,0,0,0,1,1,3,3
,2019-42162,39.776991,-104.8823,11/12/2019 8:05,8:05,12,0,1,I270 WB ENTRANCE GORE POINT FROM & I70 WB EXIT GORE POINT,1,1,0,0,1,4,,0,55,0,0,0,0,1,1,2,13
,2019-42163,39.777039,-104.880033,12/29/2019 17:44,17:44,5,0,1,I270 WB ENTRANCE GORE POINT FROM & I70 WB EXIT GORE POINT,1,4,0,0,2,4,,0,65,0,0,0,0,1,1,1,8
,2019-42164,39.776987,-104.882243,1/31/2019 10:30,10:30,15,0,0,I270 WB DIRECT CONNECT & CENTRAL PARK BOULEVARD,1,1,0,0,1,4,,0,55,0,0,0,0,0,1,2,13
,2019-42165,39.776955,-104.881788,4/21/2019 23:45,23:45,5,0,0,I270 EASTBOUND DIRECT CONNECT TO EASTBOUND I70 & I70,1,3,1,0,1,4,,1,55,0,0,0,0,0,1,1,13
,2019-42166,39.776943,-104.881617,4/18/2019 2:05,2:05,5,0,1,I270 EASTBOUND DIRECT CONNECT TO EASTBOUND I70 & I70,1,3,1,0,3,4,,0,35,0,0,0,0,1,1,1,3
,2019-42167,39.776943,-104.881617,5/7/2019 15:39,15:39,15,0,2,I270 EASTBOUND DIRECT CONNECT TO EASTBOUND I70 & I70,2,1,1,1,1,4,,0,65,0,0,0,1,1,1,3,13
,2019-42168,39.776943,-104.881617,10/2/2019 6:38,6:38,12,0,0,I270 EASTBOUND EXIT GORE POINT TO & I70 EASTBOUND,2,1,1,0,1,4,,0,55,0,0,0,0,0,1,3,3
,2019-4217,39.725658,-104.9863095,8/2/2019 10:55,10:55,10,0,0,SPEER BOULEVARD EAST & LINCOLN STREET NORTH,1,1,0,0,1,1,,0,35,0,0,0,0,0,4,2,13
,2019-4218,39.725658,-104.9863095,8/22/2019 5:45,5:45,10,0,0,SPEER BOULEVARD EAST & LINCOLN STREET NORTH,1,3,0,0,1,1,,0,35,0,0,0,0,0,4,2,13
,2019-4219,39.725658,-104.9863095,10/14/2019 15:29,15:29,3,0,0,SPEER BOULEVARD EAST & LINCOLN STREET NORTH,1,1,0,0,1,1,,0,40,0,0,0,0,0,4,2,13
,2019-4220,39.725658,-104.9863095,12/13/2019 6:08,6:08,15,0,0,SPEER BOULEVARD EAST & LINCOLN STREET NORTH,1,2,0,0,1,1,,0,30,0,0,0,0,0,4,2,13
,2019-4221,39.722616,-104.982624,4/2/2019 18:50,18:50,10,0,0,SPEER BOULEVARD EAST & LOGAN STREET NORTH,1,1,0,0,1,1,,0,30,0,0,0,0,0,4,2,13
,2019-42219,39.653295,-105.063885,1/2/2019 15:30,15:30,12,0,0,HIGHWAY 285 / HAMPDEN AVENUE WEST & IVAN COURT SOUTH,1,1,0,0,1,4,,0,65,0,0,0,0,0,2,3,13
,2019-4222,39.722616,-104.982624,6/29/2019 8:45,8:45,3,0,2,SPEER BOULEVARD EAST & LOGAN STREET NORTH,1,1,0,0,1,1,,0,25,0,0,0,0,2,4,3,1
,2019-42220,39.653153,-105.062843,12/20/2019 17:37,17:37,12,0,0,HAMPDEN AVENUE WEST & SHERIDAN BOULEVARD SOUTH,1,3,0,0,1,4,,0,45,0,0,0,0,0,2,2,1
,2019-42221,39.653152,-105.057986,2/15/2019 18:15,18:15,12,0,1,HAMPDEN AVENUE WEST & SHERIDAN BOULEVARD SOUTH,1,3,0,0,1,4,,0,55,0,0,0,0,1,2,3,3
,2019-42222,39.653151,-105.057015,5/22/2019 10:04,10:04,5,0,0,HAMPDEN AVENUE WB ENTRANCE GORE POINT FROM & SHERIDAN BOULEVARD SOUTH,1,1,0,0,1,4,,0,55,0,0,0,0,0,2,2,13
,2019-42223,39.653183,-105.053094,11/27/2019 13:41,13:41,5,0,0,HAMPDEN AVENUE WEST & SHERIDAN BOULEVARD SOUTH,4,1,1,0,3,4,,0,65,0,0,0,0,0,2,1,1
,2019-42224,39.653151,-105.055658,11/4/2019 17:21,17:21,12,0,0,HAMPDEN AVENUE WEST & SHERIDAN BOULEVARD SOUTH,1,3,0,0,1,4,,0,65,0,0,0,0,0,2,2,3
,2019-42225,39.65315,-105.053523,2/7/2019 2:14,2:14,12,0,0,HAMPDEN AVENUE WEST & SHERIDAN BOULEVARD SOUTH,4,3,0,2,1,4,,0,55,0,0,0,0,0,2,2,7
,2019-42226,39.65315,-105.053523,2/12/2019 7:23,7:23,12,0,0,HAMPDEN AVENUE WEST & SHERIDAN BOULEVARD SOUTH,1,1,0,0,1,4,,0,55,0,0,0,0,0,2,2,13
,2019-42227,39.65315,-105.053134,2/23/2019 10:05,10:05,15,0,0,HAMPDEN AVENUE WEST & SHERIDAN BOULEVARD SOUTH,6,1,0,0,1,4,,0,65,0,0,0,0,0,2,2,14
,2019-42228,39.65315,-105.053134,3/14/2019 14:15,14:15,5,0,0,HAMPDEN AVENUE WEST & SHERIDAN BOULEVARD SOUTH,1,1,1,0,3,4,,0,65,0,0,0,0,0,2,1,14
,2019-42229,39.65315,-105.053134,4/23/2019 16:35,16:35,12,0,1,HAMPDEN AVENUE WEST & SHERIDAN BOULEVARD SOUTH,1,5,0,0,1,4,,0,65,0,0,0,0,1,2,3,3
,2019-4223,39.722616,-104.982624,7/12/2019 11:40,11:40,3,0,1,SPEER BOULEVARD EAST & LOGAN STREET NORTH,1,1,0,0,1,1,,0,30,0,0,0,0,1,4,2,1
,2019-42230,39.653152,-105.052936,5/18/2019 9:20,9:20,15,0,0,HIGHWAY 285 EASTBOUND ON RAMP & SHERIDAN BOULEVARD SOUTH,1,1,0,0,1,7,,0,45,0,0,0,0,0,2,2,13
,2019-42231,39.653152,-105.052936,2/27/2019 7:55,7:55,12,0,0,HAMPDEN AVENUE WB OFF SLIP RAMP & SHERIDAN BOULEVARD SOUTH,1,1,1,0,1,7,,0,40,0,0,0,0,0,2,2,7
,2019-42232,39.653152,-105.052936,7/20/2019 11:37,11:37,12,0,0,HIGHWAY 285 EASTBOUND OFF RAMP LOOP & SHERIDAN BOULEVARD SOUTH,1,1,0,0,1,7,,0,35,0,0,0,0,0,2,2,13
,2019-42233,39.653155,-105.052739,2/20/2019 15:34,15:34,12,0,0,HAMPDEN AVENUE WEST & SHERIDAN BOULEVARD SOUTH,1,1,1,0,1,4,,0,55,0,0,0,0,0,2,3,8
,2019-42234,39.653161,-105.052349,2/6/2019 6:50,6:50,12,0,0,HAMPDEN AVENUE WEST & SHERIDAN BOULEVARD SOUTH / 5100 BLOCK WEST,2,2,1,4,1,4,,0,65,0,0,0,0,0,2,2,1
,2019-42235,39.653161,-105.052349,2/20/2019 15:03,15:03,15,0,0,HAMPDEN AVENUE WEST & SHERIDAN BOULEVARD SOUTH,1,1,1,0,1,4,,0,65,0,0,0,0,0,2,2,3
,2019-42236,39.653168,-105.051954,2/5/2019 6:20,6:20,15,0,0,HAMPDEN AVENUE WEST & SHERIDAN BOULEVARD SOUTH / 5100 BLOCK WEST,1,3,1,0,1,4,,0,65,0,0,0,0,0,2,2,7
,2019-42237,39.653168,-105.051954,5/21/2019 23:00,23:00,12,0,0,HAMPDEN AVENUE WEST & SHERIDAN BOULEVARD SOUTH,1,3,0,0,1,4,,0,65,0,0,0,0,0,2,2,5
,2019-42238,39.65318,-105.051178,12/17/2019 7:25,7:25,12,0,0,HAMPDEN AVENUE WEST & SHERIDAN BOULEVARD SOUTH / 4800 BLOCK WEST,1,1,1,0,1,4,,0,55,0,0,0,0,0,2,2,3
,2019-4224,39.722616,-104.982624,9/2/2019 20:00,20:00,3,0,0,SPEER BOULEVARD EAST & LOGAN STREET NORTH,1,4,0,0,1,1,,0,30,0,0,0,0,0,4,2,7
,2019-42240,39.653199,-105.050206,5/17/2019 13:18,13:18,12,0,0,HIGHWAY 285 WB EXIT GORE POINT & SHERIDAN BOULEVARD SOUTH,1,1,0,0,1,4,,0,65,0,0,0,0,0,2,2,3
,2019-42241,39.653203,-105.050043,2/15/2019 13:30,13:30,5,0,0,HAMPDEN AVENUE WEST & SHERIDAN BOULEVARD SOUTH / 4800 BLOCK WEST,1,1,0,0,1,4,,0,65,0,0,0,0,0,2,2,13
,2019-42242,39.653207,-105.049881,11/11/2019 5:45,5:45,5,0,0,HIGHWAY 285 EASTBOUND ENTRANCE GORE POINT FROM & SHERIDAN BOULEVARD SOUTH,5,3,0,2,2,4,,0,35,0,0,0,0,0,2,2,1
,2019-42243,39.653211,-105.04972,10/18/2019 20:20,20:20,15,0,0,HAMPDEN AVENUE WEST & SHERIDAN BOULEVARD SOUTH,1,3,0,0,1,4,,0,65,0,0,0,0,0,2,2,1
,2019-42244,39.653274,-105.048751,2/10/2019 8:24,8:24,12,0,0,HAMPDEN AVENUE WEST & SHERIDAN BOULEVARD SOUTH / 4800 BLOCK WEST,1,1,1,0,1,3,,0,55,0,0,0,0,0,2,2,1
,2019-42245,39.653274,-105.048751,10/24/2019 7:10,7:10,12,0,0,HAMPDEN AVENUE WEST & SHERIDAN AVENUE SOUTH,2,1,0,2,1,4,,0,65,0,0,0,0,0,2,2,3
,2019-42246,39.653686,-105.044974,4/6/2019 15:34,15:34,12,0,0,HAMPDEN AVENUE WEST & MM 257,1,1,0,0,1,4,,0,65,0,0,0,0,0,2,4,13
,2019-42248,39.653741,-105.044494,2/5/2019 6:47,6:47,12,0,0,HAMPDEN AVENUE WEST & SHERIDAN BOULEVARD SOUTH / 3900 BLOCK WEST,1,1,0,0,1,4,,0,55,0,0,0,0,0,2,3,13
,2019-42249,39.653741,-105.044494,3/25/2019 17:40,17:40,12,0,0,HAMPDEN AVENUE WEST & SHERIDAN BOULEVARD SOUTH,1,1,0,0,1,4,,0,65,0,0,0,0,0,2,2,3
,2019-4225,39.722616,-104.982624,10/31/2019 11:33,11:33,10,0,0,SPEER BOULEVARD EAST & LOGAN STREET NORTH,2,1,0,0,1,1,,0,35,0,0,0,0,0,4,2,13
,2019-42251,39.653741,-105.044494,4/16/2019 8:10,8:10,12,0,0,HAMPDEN AVENUE WEST & SHERIDAN BOULEVARD SOUTH / 4000 BLOCK WEST,1,1,0,0,1,4,,0,55,0,0,0,0,0,2,2,13
,2019-42252,39.653741,-105.044494,8/13/2019 7:50,7:50,12,0,0,HAMPDEN AVENUE WEST & SHERIDAN BOULEVARD SOUTH,1,1,0,0,1,4,,0,65,0,0,0,0,0,2,2,1
,2019-42254,39.654071,-105.041614,12/6/2019 8:03,8:03,12,0,1,HAMPDEN AVENUE WEST & RALEIGH STREET SOUTH / 4200 BLOCK WEST,5,2,0,0,1,4,,0,65,0,0,0,0,1,2,4,13
,2019-42255,39.65414,-105.041011,7/25/2019 7:10,7:10,12,0,0,HAMPDEN AVENUE WEST & RALEIGH STREET SOUTH,1,2,0,0,1,4,,0,55,0,0,0,0,0,2,2,12
,2019-42256,39.654307,-105.039563,10/25/2019 7:54,7:54,12,0,1,HAMPDEN AVENUE WEST & RALEIGH STREET SOUTH,1,1,0,0,1,4,,0,55,0,0,0,0,1,2,2,13
,2019-42257,39.654192,-105.036659,3/4/2019 8:47,8:47,12,0,1,HAMPDEN AVENUE WEST & LOWELL BOULEVARD SOUTH / 3800 BLOCK WEST,5,1,0,0,1,4,,0,55,0,0,0,0,1,2,2,13
,2019-42258,39.654192,-105.036659,3/4/2019 8:47,8:47,12,0,0,HAMPDEN AVENUE WEST & LOWELL BOULEVARD SOUTH / 3800 BLOCK WEST,2,1,1,0,1,4,,0,65,0,0,0,0,0,2,2,14
,2019-42259,39.654192,-105.036659,8/9/2019 8:37,8:37,12,0,0,HAMPDEN AVENUE WEST & LOWELL BOULEVARD SOUTH,1,1,0,0,1,4,,0,55,0,0,0,0,0,2,2,13
,2019-4226,39.722616,-104.982624,11/10/2019 10:03,10:03,3,0,0,SPEER BOULEVARD NORTH & LOGAN STREET NORTH,1,1,0,0,1,1,,0,35,0,0,0,0,0,4,2,13
,2019-42261,39.63457,-104.899778,11/13/2019 17:15,17:15,12,0,0,I225 & TAMARAC STREET SOUTH,1,3,0,0,1,4,,0,55,0,0,0,0,0,1,2,13
,2019-4227,39.747681,-105.0023295,6/17/2019 1:30,1:30,3,0,0,SPEER BOULEVARD NORTH & MARKET STREET,1,3,0,0,1,1,,0,35,0,0,0,0,0,4,2,13
,2019-4228,39.747681,-105.0023295,10/8/2019 1:35,1:35,3,0,0,SPEER BOULEVARD NORTH & MARKET STREET,1,3,0,0,1,1,,0,35,0,0,0,0,0,4,2,8
,2019-4229,39.747681,-105.0023295,10/28/2019 13:30,13:30,12,0,0,SPEER BOULEVARD NORTH & MARKET STREET,6,1,0,0,1,1,,0,30,0,0,0,0,0,4,2,14
,2019-4230,39.747681,-105.0023295,11/5/2019 11:04,11:04,3,0,0,SPEER BOULEVARD NORTH & MARKET STREET,1,1,0,0,1,1,,0,30,0,0,0,0,0,4,2,1
,2019-4231,39.721149,-104.980302,5/11/2019 23:55,23:55,15,0,0,SPEER BOULEVARD EAST & PEARL STREET NORTH,1,3,0,0,1,1,,0,30,0,0,0,0,0,4,2,13
,2019-4232,39.741228,-104.999508,1/14/2019 13:52,13:52,15,0,0,SPEER BOULEVARD NORTH & STOUT STREET,1,1,0,0,1,3,,0,35,0,0,0,0,0,4,2,5
,2019-42328,39.758551,-105.025134,12/7/2019 0:03,0:03,12,0,0,29TH AVENUE WEST & FEDERAL BOULEVARD NORTH,1,4,0,0,1,3,,0,,0,0,0,1,0,2,2,13
,2019-4233,39.741228,-104.999508,1/18/2019 7:16,7:16,15,0,0,SPEER BOULEVARD NORTH & STOUT STREET,1,1,0,0,1,3,,0,35,0,0,0,0,0,4,2,14
,2019-4234,39.741228,-104.999508,2/24/2019 13:59,13:59,3,0,0,SPEER BOULEVARD NORTH & STOUT STREET,1,1,0,0,1,1,,0,35,0,0,0,0,0,4,2,13