id,drcog_id,latitude,longitude,crashtime,time,crashtype,numbkilled,numbinjurd,drcoglocat,rdconditin,lightngcon,roadcntgrd,weatherco,location,roaddescrp,schoolzone,constrzone,splimit,bikeinv,sctrinv,pedinv,motoinv,svrty,rdsystem,ttlvehcls,hcf
,2019-4235,39.741228,-104.999508,3/8/2019 9:41,9:41,15,0,0,SPEER BOULEVARD NORTH & STOUT STREET,1,1,0,0,1,4,,0,35,0,0,0,0,0,4,2,14
,2019-4236,39.741228,-104.999508,4/3/2019 15:53,15:53,15,0,0,SPEER BOULEVARD NORTH & STOUT STREET,1,1,0,0,1,1,,0,35,0,0,0,0,0,4,2,3
,2019-4237,39.741228,-104.999508,4/7/2019 18:35,18:35,3,0,0,SPEER BOULEVARD NORTH & STOUT STREET,1,1,0,0,1,1,,0,35,0,0,0,0,0,4,2,13
,2019-4238,39.741228,-104.999508,5/8/2019 10:00,10:00,15,0,1,SPEER BOULEVARD NORTH & STOUT STREET,2,1,0,1,1,1,,0,35,0,0,0,0,1,4,4,9
,2019-4239,39.741228,-104.999508,5/18/2019 18:38,18:38,3,0,0,SPEER BOULEVARD NORTH & STOUT STREET,1,1,0,0,1,1,,0,35,0,0,0,0,0,4,2,13
,2019-4240,39.741228,-104.999508,5/23/2019 17:23,17:23,3,0,0,SPEER BOULEVARD NORTH & STOUT STREET,2,1,0,1,1,1,,0,35,0,0,0,0,0,4,2,13
,2019-4241,39.741228,-104.999508,6/21/2019 7:39,7:39,10,0,0,SPEER BOULEVARD NORTH & STOUT STREET,1,1,0,0,1,1,,0,35,0,0,0,0,0,4,2,13
,2019-4242,39.741228,-104.999508,6/26/2019 10:08,10:08,7,0,0,SPEER BOULEVARD NORTH & STOUT STREET,1,1,0,0,1,1,,0,30,0,0,0,0,0,4,2,13
,2019-4243,39.741228,-104.999508,8/20/2019 15:05,15:05,12,0,0,SPEER BOULEVARD NORTH & STOUT STREET,1,1,0,0,1,1,,0,35,0,0,0,0,0,4,2,14
,2019-4244,39.741228,-104.999508,9/5/2019 14:35,14:35,10,0,0,SPEER BOULEVARD NORTH & STOUT STREET,1,1,0,0,1,1,,0,35,0,0,0,0,0,4,2,8
,2019-4245,39.741228,-104.999508,9/26/2019 16:30,16:30,15,0,0,SPEER BOULEVARD SOUTH & STOUT STREET,1,1,0,0,1,1,,0,5,0,0,0,0,0,4,2,13
,2019-4246,39.741228,-104.999508,10/9/2019 14:25,14:25,15,0,0,SPEER BOULEVARD NORTH & STOUT STREET,1,1,0,0,1,1,,0,35,0,0,0,0,0,4,2,13
,2019-4247,39.741228,-104.999508,10/23/2019 22:11,22:11,7,0,1,SPEER BOULEVARD NORTH & STOUT STREET,2,3,1,2,1,1,,0,45,0,0,0,0,2,4,2,1
,2019-42478,39.624201,-105.0945435,1/10/2019 22:14,22:14,1,0,0,DUDLEY STREET SOUTH & BELLVIEW AVENUE WEST,1,3,0,0,1,1,,0,35,0,0,0,0,0,4,2,10
,2019-4248,39.741228,-104.999508,12/12/2019 16:05,16:05,15,0,0,SPEER BOULEVARD NORTH & STOUT STREET,1,1,1,0,1,1,,0,30,0,0,0,0,0,4,2,13
,2019-4249,39.720456,-104.9791185,1/13/2019 8:43,8:43,3,0,0,SPEER BOULEVARD EAST & WASHINGTON STREET NORTH,1,1,0,0,1,1,,0,30,0,0,0,0,0,4,2,13
,2019-4250,39.720456,-104.9791185,1/22/2019 21:33,21:33,3,0,0,SPEER BOULEVARD EAST & WASHINGTON STREET NORTH,1,3,0,0,1,1,,0,30,0,0,0,0,0,4,2,5
,2019-42505,39.624201,-105.0945435,7/20/2019 16:45,16:45,1,0,0,DUDLEY STREET SOUTH & BELLEVIEW AVENUE WEST,2,1,0,1,1,1,,0,40,0,0,0,0,0,4,3,1
,2019-4251,39.720456,-104.9791185,7/17/2019 21:46,21:46,3,0,0,SPEER BOULEVARD EAST & WASHINGTON STREET NORTH,1,3,0,0,1,1,,0,30,0,0,0,0,0,4,2,3
,2019-42512,39.742741,-105.025209,1/22/2019 17:17,17:17,1,0,0,FEDERAL BOULEVARD NORTH & 16TH AVENUE WEST,1,2,1,0,1,1,,0,,0,0,0,0,0,2,2,13
,2019-4252,39.720456,-104.9791185,7/28/2019 14:30,14:30,3,0,0,SPEER BOULEVARD EAST & WASHINGTON STREET NORTH,1,1,0,0,1,1,,0,40,0,0,0,0,0,4,2,13
,2019-4253,39.720456,-104.9791185,10/20/2019 21:50,21:50,3,0,3,SPEER BOULEVARD EAST & WASHINGTON STREET NORTH,1,3,0,0,1,1,,0,35,0,0,0,0,1,4,2,7
,2019-42538,39.780246,-105.025146,8/18/2019 21:31,21:31,12,0,0,46TH AVENUE WEST & FEDERAL BOULEVARD NORTH,1,3,0,0,1,1,,0,30,0,0,0,0,0,2,2,13
,2019-4255,39.720456,-104.9791185,10/26/2019 12:23,12:23,3,0,0,SPEER BOULEVARD EAST & WASHINGTON STREET NORTH,1,1,0,0,1,1,,0,30,0,0,0,0,0,4,3,14
,2019-4256,39.720456,-104.9791185,11/22/2019 19:00,19:00,3,0,0,SPEER BOULEVARD EAST & WASHINGTON STREET NORTH,1,3,0,0,1,1,,0,35,0,0,0,0,0,4,2,3
,2019-4257,39.754035,-105.0102,9/12/2019 15:43,15:43,12,0,0,SPEER BOULEVARD NORTH & WATER STREET,1,1,0,0,1,4,,0,35,0,0,0,0,0,4,3,3
,2019-4258,39.748761,-105.0033195,10/28/2019 0:07,0:07,15,0,0,SPEER BOULEVARD NORTH & WAZEE STREET,4,3,0,2,1,1,,0,35,0,0,0,0,0,4,2,13
,2019-4259,39.78214406,-104.9592915,11/22/2019 6:30,6:30,15,0,0,YORK STREET & 5000 NORTH,4,1,0,2,1,4,,0,,0,0,0,0,0,4,2,13
,2019-4260,39.750201,-105.0047415,1/22/2019 15:30,15:30,12,0,0,SPEER BOULEVARD NORTH & WEWATTA STREET,1,1,1,0,1,1,,0,35,0,0,0,0,0,4,2,13
,2019-42609,39.653058,-104.9244,12/19/2019 10:31,10:31,12,0,0,HAMPDEN AVENUE 5400 BLOCK EAST & GRAPE STREET,1,1,0,0,1,4,,0,35,0,0,0,0,0,2,2,13
,2019-4261,39.750201,-105.0047415,2/8/2019 7:45,7:45,3,0,0,SPEER BOULEVARD NORTH & WEWATTA STREET,6,1,0,0,1,1,,0,30,0,0,0,0,0,4,2,13
,2019-42613,39.653015,-104.931515,2/7/2019 18:33,18:33,8,0,1,HAMPDEN AVENUE EAST & HAPPY CANYON ROAD EAST,5,3,1,0,5,4,,0,30,0,0,0,0,2,2,4,2
,2019-42614,39.65299,-104.931306,11/9/2019 8:20,8:20,15,0,0,HAMPDEN AVENUE EAST & DAHLIA STREET SOUTH,1,1,0,0,1,4,,0,30,0,0,0,0,0,2,2,13
,2019-42616,39.652988,-104.931095,3/27/2019 19:54,19:54,12,0,3,HAMPDEN AVENUE EAST & DAHLIA STREET SOUTH / 4800 BLOCK EAST,1,3,0,0,1,4,,0,40,0,0,0,0,1,2,3,12
,2019-42617,39.652988,-104.930884,7/2/2019 13:51,13:51,12,0,1,HAMPDEN AVENUE EAST & DAHLIA STREET SOUTH,1,1,1,0,1,3,,0,40,0,0,0,0,1,2,2,5
,2019-42618,39.652988,-104.930672,8/4/2019 19:28,19:28,5,0,0,HAMPDEN AVENUE EAST & EUDORA STREET ROAD NORTH,1,1,0,0,3,3,,0,35,0,0,0,0,0,2,2,1
,2019-42619,39.652988,-104.930468,4/13/2019 17:08,17:08,3,0,0,HAMPDEN AVENUE EAST & EUDORA STREET SOUTH,1,1,0,0,1,1,,0,25,0,0,0,0,0,2,2,14
,2019-4262,39.750201,-105.0047415,5/3/2019 17:59,17:59,1,0,0,SPEER BOULEVARD NORTH & WEWATTA STREET,1,1,1,0,1,1,,0,30,0,0,0,0,0,4,2,8
,2019-42620,39.652989,-104.93028,9/21/2019 14:12,14:12,12,0,0,HAMPDEN AVENUE EAST & EUDORA STREET SOUTH,1,1,0,0,1,4,,0,40,0,0,0,0,0,2,3,13
,2019-42621,39.652989,-104.930091,6/25/2019 21:40,21:40,15,0,0,HAMPDEN AVENUE EAST & ELM STREET SOUTH,1,3,0,0,1,4,,0,40,0,0,0,0,0,2,3,1
,2019-42622,39.652989,-104.929526,6/12/2019 6:00,6:00,12,0,0,HAMPDEN AVENUE 5000 EAST & ELM STREET SOUTH,1,1,0,0,1,2,,0,40,0,0,0,0,0,2,2,13
,2019-42623,39.652989,-104.929526,7/10/2019 8:30,8:30,12,0,0,HAMPDEN AVENUE EAST & ELM STREET SOUTH,1,1,0,0,1,3,,0,40,0,0,0,0,0,2,2,13
,2019-42624,39.65299,-104.929338,6/18/2019 6:33,6:33,12,0,0,HAMPDEN AVENUE EAST & ELM STREET SOUTH,1,1,0,0,1,3,,0,35,0,0,0,0,0,2,2,3
,2019-42625,39.65299,-104.929338,9/6/2019 6:14,6:14,1,0,0,HIGHWAY 285 / HAMPDEN AVENUE EAST & ELM STREET SOUTH,1,1,0,0,1,1,,0,35,0,0,0,0,0,2,3,13
,2019-42628,39.65299,-104.929338,11/5/2019 14:58,14:58,12,0,0,HAMPDEN AVENUE EAST & ELM STREET SOUTH,1,1,1,0,1,1,,0,45,0,0,0,0,0,2,3,3
,2019-42629,39.65299,-104.929338,12/16/2019 15:45,15:45,12,0,0,HAMPDEN AVENUE EAST & ELM STREET SOUTH,1,1,0,0,1,3,,0,35,0,0,0,0,0,2,2,3
,2019-4263,39.750201,-105.0047415,5/15/2019 18:00,18:00,15,0,0,SPEER BOULEVARD NORTH & WEWATTA STREET,1,1,0,0,1,3,,0,25,0,0,0,0,0,4,2,13
,2019-42630,39.652991,-104.928241,7/31/2019 15:30,15:30,12,0,0,HAMPDEN AVENUE EAST & FAIRFAX STREET SOUTH,1,1,0,0,1,1,,0,35,0,0,0,0,0,2,2,12
,2019-42631,39.652992,-104.927363,11/7/2019 7:21,7:21,12,0,1,HAMPDEN AVENUE EAST & FOREST STREET SOUTH,1,1,0,0,1,4,,0,40,0,0,0,0,1,2,2,13
,2019-42632,39.652993,-104.926299,5/28/2019 9:07,9:07,12,0,0,HAMPDEN AVENUE EAST & GLENCOE STREET SOUTH,1,1,1,0,1,4,,0,40,0,0,0,0,0,2,2,7
,2019-42633,39.652993,-104.926299,7/18/2019 8:53,8:53,12,0,0,HAMPDEN AVENUE EAST & GLENCOE STREET SOUTH,1,1,0,0,1,4,,0,30,0,0,0,0,0,2,2,13
,2019-42634,39.652994,-104.9253,2/9/2019 12:50,12:50,15,0,0,HAMPDEN AVENUE EAST & GRAPE STREET SOUTH,1,1,0,0,1,4,,0,35,0,0,0,0,0,2,3,13
,2019-42635,39.652994,-104.9253,3/6/2019 7:13,7:13,12,0,0,HAMPDEN AVENUE EAST & GRAPE STREET SOUTH,1,1,0,0,1,1,,0,40,0,0,0,0,0,2,2,1
,2019-42636,39.652994,-104.9253,7/18/2019 15:11,15:11,12,0,1,HAMPDEN AVENUE EAST & GRAPE STREET SOUTH,1,1,0,0,1,1,,0,40,0,0,0,0,1,2,3,13
,2019-42637,39.652985,-104.920374,11/6/2019 13:30,13:30,15,0,0,HAMPDEN AVENUE EAST & IVY WAY SOUTH,1,1,0,0,1,3,,0,30,0,0,0,0,0,2,2,3
,2019-42638,39.652996,-104.924351,7/26/2019 7:46,7:46,12,0,1,HAMPDEN AVENUE EAST & HUDSON STREET ROAD SOUTH,1,1,0,0,1,3,,0,40,0,0,0,0,1,2,2,13
,2019-4264,39.756339,-105.015852,1/23/2019 16:50,16:50,12,0,0,SPEER BOULEVARD NORTH & ZUNI STREET NORTH,1,1,0,0,1,1,,0,35,0,0,0,0,0,4,3,1
,2019-42641,39.652996,-104.92416,3/16/2019 18:54,18:54,12,0,0,HAMPDEN AVENUE 5400 BLOCK EAST & HUDSON STREET SOUTH,1,2,0,0,1,4,,0,35,0,0,0,0,0,2,3,14
,2019-42642,39.652996,-104.923962,5/18/2019 9:50,9:50,12,0,0,HAMPDEN AVENUE EAST & HUDSON STREET SOUTH,1,1,0,0,1,1,,0,45,0,0,0,0,0,2,2,13
,2019-42643,39.652996,-104.923764,1/10/2019 17:26,17:26,14,0,0,HAMPDEN AVENUE 5500 BLOCK EAST & HUDSON WAY SOUTH,1,3,0,0,1,4,,0,40,0,0,0,0,0,2,2,5
,2019-42644,39.652997,-104.923172,11/8/2019 9:58,9:58,15,0,0,HAMPDEN AVENUE EAST & HOLLY STREET SOUTH,1,1,1,0,1,4,,0,40,0,0,0,0,0,2,2,13
,2019-42645,39.652997,-104.922975,10/25/2019 15:00,15:00,12,0,0,HAMPDEN AVENUE EAST & HOLLY STREET SOUTH,1,1,1,0,1,3,,0,40,0,0,0,0,0,2,2,7
,2019-42646,39.652997,-104.922779,2/20/2019 7:49,7:49,15,0,0,HAMPDEN AVENUE 5600 BLOCK EAST & HOLLY STREET SOUTH,2,1,1,0,1,4,,0,35,0,0,0,0,0,2,2,13
,2019-42647,39.652997,-104.922779,3/18/2019 11:29,11:29,12,0,1,HAMPDEN AVENUE EAST & HOLLY STREET SOUTH,1,1,0,0,1,1,,0,35,0,0,0,0,1,2,2,13
,2019-42648,39.652997,-104.922779,3/25/2019 17:05,17:05,12,0,0,HAMPDEN AVENUE EAST & HOLLY STREET SOUTH,1,1,0,0,1,1,,0,30,0,0,0,0,0,2,2,3
,2019-42649,39.652997,-104.922779,4/24/2019 12:30,12:30,12,0,0,HAMPDEN AVENUE EAST & HOLLY STREET SOUTH,1,1,0,0,1,1,,0,35,0,0,0,0,0,2,2,13
,2019-4265,39.756339,-105.015852,5/6/2019 9:38,9:38,3,0,0,SPEER BOULEVARD NORTH & ZUNI STREET NORTH,1,1,1,0,1,1,,0,30,0,0,0,0,0,4,2,13
,2019-42650,39.652997,-104.922779,7/29/2019 6:46,6:46,1,0,0,HAMPDEN AVENUE EAST & HOLLY STREET SOUTH,1,1,0,0,1,1,,0,40,0,0,0,0,0,2,2,13
,2019-42651,39.652997,-104.922779,8/16/2019 11:50,11:50,15,0,0,HOLLY STREET SOUTH & HAMPDEN AVENUE EAST,1,1,0,0,1,1,,0,25,0,0,0,0,0,2,2,13
,2019-42653,39.652997,-104.922779,8/23/2019 8:22,8:22,1,0,0,HIGHWAY 285 / HAMPDEN AVENUE EAST & HOLLY STREET SOUTH,1,1,0,0,1,1,,0,35,0,0,0,0,0,2,2,13
,2019-42654,39.652997,-104.9226,5/22/2019 12:45,12:45,12,0,1,HAMPDEN AVENUE EAST & HOLLY STREET SOUTH,1,1,1,0,1,3,,0,35,0,0,0,0,1,2,2,3
,2019-42655,39.652997,-104.9226,5/31/2019 13:54,13:54,12,0,0,HAMPDEN AVENUE EAST & HOLLY STREET SOUTH,1,1,1,0,1,4,,0,40,0,0,0,0,0,2,2,14
,2019-42656,39.652997,-104.9226,10/8/2019 16:38,16:38,12,0,0,HAMPDEN AVENUE EAST & HOLLY STREET SOUTH,1,1,1,0,1,3,,0,35,0,0,0,0,0,2,2,13
,2019-42657,39.652995,-104.922241,6/10/2019 11:34,11:34,15,0,0,HAMPDEN AVENUE EAST & HOLLY STREET SOUTH,1,1,0,0,1,3,,0,35,0,0,0,0,0,2,2,13
,2019-42658,39.652994,-104.922061,8/2/2019 8:36,8:36,12,0,0,HAMPDEN AVENUE EAST & I25 SOUTHBOUND ON RAMP,1,1,0,0,1,4,,0,35,0,0,0,0,0,2,2,13
,2019-42659,39.652994,-104.922061,8/24/2019 12:40,12:40,12,0,1,HIGHWAY 285 / HAMPDEN AVENUE EAST & HOLLY STREET SOUTH,1,1,0,0,1,4,,0,45,0,0,0,0,1,2,2,13
,2019-4266,39.756339,-105.015852,7/5/2019 17:03,17:03,1,0,0,SPEER BOULEVARD & ZUNI STREET NORTH,1,1,1,0,1,1,,0,30,0,0,0,0,0,4,2,13
,2019-42660,39.652993,-104.921699,8/27/2019 14:12,14:12,15,0,0,HAMPDEN AVENUE EAST & IVANHOE STREET SOUTH,1,1,1,0,1,1,,0,35,0,0,0,0,0,2,2,13
,2019-42661,39.652992,-104.921509,6/3/2019 7:55,7:55,12,0,0,HAMPDEN AVENUE EAST & IVANHOE STREET SOUTH,1,1,0,0,1,3,,0,35,0,0,0,0,0,2,2,3
,2019-42662,39.652992,-104.921509,7/5/2019 9:23,9:23,15,0,1,HAMPDEN AVENUE EAST & IVANHOE WAY SOUTH,1,1,1,0,1,3,,0,40,0,0,0,0,2,2,3,13
,2019-42663,39.65299,-104.920942,7/13/2019 13:51,13:51,15,0,0,HAMPDEN AVENUE EAST & IVANHOE STREET SOUTH,1,1,0,0,1,4,,0,40,0,0,0,0,0,2,2,1
,2019-42664,39.746405,-105.025219,4/19/2019 15:57,15:57,3,0,1,19TH AVENUE WEST & FEDERAL BOULEVARD NORTH,1,1,1,0,1,1,,0,25,0,0,0,0,1,2,2,13
,2019-42665,39.652982,-104.920458,1/31/2019 11:55,11:55,12,0,0,HAMPDEN AVENUE EAST & IVY WAY SOUTH,1,1,0,0,1,3,,0,40,0,0,0,0,0,2,4,13
,2019-42666,39.652988,-104.920563,8/9/2019 7:17,7:17,12,0,0,HAMPDEN AVENUE EAST & IVY WAY SOUTH,1,1,0,0,1,4,,0,35,0,0,0,0,0,2,2,13
,2019-42667,39.652985,-104.920374,10/31/2019 18:05,18:05,1,0,0,HAMPDEN AVENUE EAST & IVY WAY SOUTH,1,3,2,0,1,1,,0,40,0,0,0,0,0,2,2,13
,2019-42668,39.65298,-104.919997,3/29/2019 12:29,12:29,15,0,0,HAMPDEN AVENUE 5800 BLOCK EAST & IVY WAY SOUTH,1,1,1,0,1,4,,0,40,0,0,0,0,0,2,2,1
,2019-42669,39.65298,-104.919997,11/12/2019 11:05,11:05,15,0,0,HAMPDEN AVENUE EAST & IVANHOE STREET SOUTH,1,1,0,0,1,4,,0,35,0,0,0,0,0,2,2,14
,2019-4267,39.756339,-105.015852,9/10/2019 10:34,10:34,5,0,0,SPEER BOULEVARD NORTH & ZUNI STREET NORTH,1,1,1,0,3,1,,0,35,0,0,0,0,0,4,1,8
,2019-42670,39.652974,-104.919619,2/14/2019 13:37,13:37,12,0,0,HAMPDEN AVENUE EAST & I25 SOUTHBOUND ON SLIP RAMP,1,1,0,0,1,1,,0,25,0,0,0,0,0,2,2,13
,2019-42671,39.652974,-104.919619,3/15/2019 7:58,7:58,15,0,0,I25 SOUTHBOUND SLIP RAMPS & HAMPDEN AVENUE EAST,1,1,1,0,1,4,,0,35,0,0,0,0,0,2,2,13
,2019-42672,39.652975,-104.919431,6/8/2019 14:00,14:00,12,0,0,HAMPDEN AVENUE 6000 BLOCK & IVY WAY SOUTH,1,1,1,0,1,4,,0,40,0,0,0,0,0,2,2,12
,2019-42673,39.652978,-104.919053,4/4/2019 7:35,7:35,3,0,1,HAMPDEN AVENUE EAST & I25 SOUTHBOUND OFF RAMP,1,1,0,0,1,1,,0,35,0,0,0,0,1,2,2,13
,2019-42674,39.652978,-104.919053,5/11/2019 18:00,18:00,12,0,0,HAMPDEN AVENUE EAST & I25 SOUTHBOUND RAMPS,1,1,0,0,1,1,,0,35,0,0,0,0,0,2,2,7
,2019-42675,39.652978,-104.919053,5/14/2019 13:00,13:00,12,0,1,HAMPDEN AVENUE EAST & I25 SOUTHBOUND RAMPS,1,1,1,0,1,1,,0,40,0,0,0,0,1,2,2,13
,2019-42677,39.652978,-104.919053,6/1/2019 8:48,8:48,12,0,2,HAMPDEN AVENUE EAST & I25 SOUTHBOUND RAMPS,1,1,1,0,1,1,,0,40,0,0,0,0,1,2,2,7
,2019-42678,39.652978,-104.919053,10/7/2019 5:00,5:00,1,0,0,HAMPDEN AVENUE EAST & I25 SOUTHBOUND ON RAMP,1,4,0,0,1,1,,0,35,0,0,0,0,0,2,2,14
,2019-42679,39.65308,-104.9184,12/28/2019 17:52,17:52,3,0,0,HAMPDEN AVENUE EAST & I25 SOUTHBOUND OFF RAMP,4,3,0,2,1,1,,0,35,0,0,0,0,0,2,2,13
,2019-4268,39.756339,-105.015852,10/17/2019 21:00,21:00,1,0,0,SPEER BOULEVARD NORTH & ZUNI STREET NORTH,1,3,0,0,1,1,,0,35,0,0,0,0,0,4,3,8
,2019-42680,39.652982,-104.918617,3/30/2019 7:13,7:13,12,0,0,HAMPDEN AVENUE EAST & I25,2,1,1,2,1,4,,0,40,0,0,0,0,0,2,2,13
,2019-42681,39.652979,-104.917737,2/7/2019 18:09,18:09,1,0,0,HAMPDEN AVENUE EAST & I25 NORTHBOUND RAMPS,5,2,0,0,1,1,,0,35,0,0,0,0,0,2,2,14
,2019-42682,39.652979,-104.917737,3/14/2019 8:19,8:19,12,0,0,HAMPDEN AVENUE EAST & I25 NORTHBOUND ON /OFF RAMP,5,1,1,0,1,1,,0,35,0,0,0,0,0,2,2,7
,2019-42683,39.652979,-104.917737,3/14/2019 8:20,8:20,12,0,0,HAMPDEN AVENUE EAST & I25 NORTHBOUND ON/OFF RAMP,5,1,1,0,1,3,,0,,0,0,0,0,0,2,3,13
,2019-42684,39.652979,-104.917737,3/21/2019 20:57,20:57,1,0,1,HAMPDEN AVENUE EAST & I25 NORTHBOUND RAMPS,1,3,0,0,1,1,,0,35,0,0,0,0,1,2,2,8
,2019-42685,39.652979,-104.917737,5/22/2019 17:33,17:33,8,0,0,HAMPDEN AVENUE EAST & I25 NORTHBOUND RAMPS,1,1,0,0,1,1,,0,45,0,0,0,0,0,2,4,2
,2019-42686,39.652979,-104.917737,6/10/2019 12:13,12:13,3,0,0,HAMPDEN AVENUE EAST & I25 NORTHBOUND OFF RAMP,1,1,0,0,1,1,,0,35,0,0,0,0,0,2,2,13
,2019-42688,39.652979,-104.917737,8/30/2019 23:44,23:44,3,0,0,HAMPDEN AVENUE EAST & I25 NORTHBOUND RAMPS,1,3,0,0,1,1,,0,35,0,0,0,0,0,2,2,7
,2019-42689,39.652979,-104.917737,10/5/2019 15:15,15:15,12,0,0,HAMPDEN AVENUE EAST & I25 NORTHBOUND ON RAMP,1,1,0,0,1,1,,0,35,0,0,0,0,0,2,2,13
,2019-4269,39.756339,-105.015852,12/16/2019 21:40,21:40,3,0,0,SPEER BOULEVARD NORTH & ZUNI STREET NORTH,1,3,0,0,1,1,,0,35,0,0,0,0,0,4,3,13
,2019-42690,39.652979,-104.917737,10/26/2019 9:21,9:21,12,0,1,HAMPDEN AVENUE EAST & I25 NORTHBOUND RAMPS,1,1,0,0,1,1,,0,35,0,0,0,0,1,2,2,13
,2019-42691,39.653081,-104.918447,12/23/2019 8:04,8:04,3,0,0,HAMPDEN AVENUE EAST & I25 NORTHBOUND OFF RAMP,1,1,0,0,1,1,,0,35,0,0,0,0,0,2,2,13
,2019-42692,39.742162,-105.025214,9/29/2019 13:50,13:50,15,0,0,FEDERAL BOULEVARD NORTH & 16TH AVENUE WEST,1,1,0,0,1,4,,0,,0,0,0,0,0,2,2,13
,2019-42693,39.74293,-105.0247,12/29/2019 18:24,18:24,15,0,0,FEDERAL BOULEVARD NORTH & 17TH AVENUE WEST,2,3,1,0,1,4,,0,35,0,0,0,0,0,2,2,14
,2019-42694,39.743958,-105.025215,4/13/2019 12:31,12:31,15,0,0,FEDERAL BOULEVARD NORTH & DICK CONNOR AVENUE WEST,1,1,0,0,1,1,,0,35,0,0,0,0,0,2,2,1
,2019-42695,39.743958,-105.025215,4/13/2019 15:59,15:59,10,0,0,FEDERAL BOULEVARD NORTH & 17TH AVENUE,1,1,0,0,1,1,,0,35,0,0,0,0,0,2,2,13
,2019-42696,39.743958,-105.025215,9/13/2019 16:08,16:08,1,0,2,FEDERAL BOULEVARD NORTH & 17TH AVENUE WEST,1,1,0,0,1,1,,0,35,0,0,0,0,1,2,3,13
,2019-42697,39.743958,-105.025215,10/17/2019 7:58,7:58,10,0,0,FEDERAL BOULEVARD NORTH & 17TH AVENUE WEST,1,1,1,0,1,1,,0,35,0,0,0,0,0,2,2,13
,2019-42698,39.743958,-105.025215,10/22/2019 16:40,16:40,1,0,0,FEDERAL BOULEVARD NORTH & 17TH AVENUE WEST,1,1,0,0,1,1,,0,35,0,0,0,0,0,2,2,13
,2019-4270,39.747429,-104.8975695,9/1/2019 8:30,8:30,3,0,1,SPRUCE STREET NORTH & MONTVIEW BOULEVARD EAST,1,1,0,0,1,1,,0,25,0,0,0,0,1,4,2,13
,2019-42700,39.743958,-105.025215,10/22/2019 18:50,18:50,1,0,0,FEDERAL BOULEVARD NORTH & 17TH AVENUE WEST,1,3,0,0,1,1,,0,35,0,0,0,0,0,2,2,13
,2019-42701,39.74409,-105.025211,9/15/2019 15:05,15:05,12,0,0,FEDERAL BOULEVARD NORTH & 17TH AVENUE WEST,1,1,0,0,1,3,,0,35,0,0,0,0,0,2,2,13
,2019-42702,39.74422,-105.025209,5/10/2019 8:55,8:55,12,0,2,FEDERAL BOULEVARD 1700 NORTH & 17TH AVENUE WEST,1,1,0,0,1,2,,0,35,0,0,0,0,1,2,2,14
,2019-42703,39.744868,-105.025226,5/18/2019 22:13,22:13,15,0,0,FEDERAL BOULEVARD NORTH & 18TH AVENUE WEST,2,3,0,1,1,4,,0,35,0,0,0,0,0,2,2,13
,2019-42704,39.744997,-105.025229,7/23/2019 18:19,18:19,12,0,0,FEDERAL BOULEVARD NORTH & 18TH AVENUE WEST,1,1,0,0,1,3,,0,35,0,0,0,0,0,2,2,13
,2019-42705,39.745126,-105.025232,7/24/2019 12:40,12:40,3,0,2,FEDERAL BOULEVARD NORTH & 18TH AVENUE WEST,1,1,0,0,1,1,,0,35,0,0,0,0,2,2,2,1
,2019-42706,39.745126,-105.025232,8/18/2019 8:42,8:42,10,0,0,FEDERAL BOULEVARD NORTH & 18TH AVENUE WEST,1,1,0,0,1,1,,0,35,0,0,0,0,0,2,2,3
,2019-42707,39.746405,-105.025219,4/30/2019 14:50,14:50,3,0,0,19TH AVENUE WEST & FEDERAL BOULEVARD NORTH,1,1,0,0,1,1,,0,30,0,0,0,0,0,2,2,13
,2019-42708,39.746405,-105.025219,5/10/2019 17:15,17:15,1,0,7,FEDERAL BOULEVARD NORTH & 19TH AVENUE WEST,1,1,1,0,1,1,,0,35,0,0,0,0,1,2,3,13
,2019-42709,39.746405,-105.025219,6/25/2019 16:56,16:56,3,0,0,FEDERAL BOULEVARD NORTH & 19TH AVENUE WEST,1,1,1,0,1,1,,0,35,0,0,0,0,0,2,2,13
,2019-4271,39.67716315,-104.9508201,4/3/2019 21:05,21:05,6,0,0,STREET PAUL STREET & 1300 BLOCK NORTH,1,3,0,0,1,4,,0,30,0,0,0,0,0,4,2,13
,2019-42710,39.746548,-105.025219,8/10/2019 15:20,15:20,12,0,1,FEDERAL BOULEVARD NORTH & 19TH AVENUE WEST,1,1,0,0,1,3,,0,35,0,0,0,0,2,2,2,14
,2019-42711,39.74726,-105.025217,8/1/2019 14:45,14:45,15,0,0,FEDERAL BOULEVARD NORTH & 20TH AVENUE WEST,1,1,0,0,1,3,,0,35,0,0,0,0,0,2,2,13
,2019-42712,39.747403,-105.025216,2/12/2019 12:20,12:20,3,0,0,FEDERAL BOULEVARD NORTH & 20TH AVENUE WEST,1,1,0,0,1,2,,0,30,0,0,0,0,0,2,2,5
,2019-42713,39.747403,-105.025216,7/16/2019 17:40,17:40,12,0,0,FEDERAL BOULEVARD NORTH & 20TH AVENUE WEST,1,1,0,0,1,3,,0,35,0,0,0,0,0,2,3,13
,2019-42714,39.747403,-105.025216,11/1/2019 15:50,15:50,12,0,2,FEDERAL BOULEVARD NORTH & 20TH AVENUE WEST,1,2,0,0,1,3,,0,30,0,0,0,0,1,2,2,3
,2019-42715,39.748679,-105.025164,6/15/2019 14:50,14:50,12,0,1,FEDERAL BOULEVARD & 2100 BLOCK NORTH,1,1,0,0,1,4,,0,35,0,0,0,0,1,2,2,13
,2019-42716,39.748786,-105.025272,12/19/2019 18:05,18:05,14,0,0,FEDERAL BOULEVARD NORTH & 21ST AVENUE WEST,1,3,0,0,5,1,,0,35,0,0,0,0,0,2,3,13