id,drcog_id,latitude,longitude,crashtime,time,crashtype,numbkilled,numbinjurd,drcoglocat,rdconditin,lightngcon,roadcntgrd,weatherco,location,roaddescrp,schoolzone,constrzone,splimit,bikeinv,sctrinv,pedinv,motoinv,svrty,rdsystem,ttlvehcls,hcf
,2019-42717,39.750101,-105.025142,1/23/2019 12:20,12:20,12,0,1,FEDERAL BOULEVARD & 2200 NORTH,1,1,0,0,1,4,,0,,0,0,0,0,1,2,2,13
,2019-42718,39.750101,-105.025142,4/4/2019 16:00,16:00,12,0,1,FEDERAL BOULEVARD NORTH 2200 BLOCK & 22ND AVENUE WEST,1,1,1,0,1,4,,0,35,0,0,0,0,2,2,2,10
,2019-42719,39.750388,-105.025142,10/3/2019 15:57,15:57,12,0,1,FEDERAL BOULEVARD 2200 BLOCK NORTH & 23RD AVENUE WEST,1,1,1,0,1,4,,0,30,0,0,0,0,1,2,3,13
,2019-4272,39.680226,-104.9508,11/9/2019 12:48,12:48,3,0,0,STREET PAUL STREET SOUTH & ASBURY AVENUE EAST,1,1,0,0,1,1,,0,35,0,0,0,0,0,4,2,13
,2019-42720,39.760862,-105.025214,11/11/2019 15:20,15:20,3,0,0,FEDERAL BOULEVARD NORTH & DOUGLAS PLACE WEST,1,1,0,0,1,1,,0,25,0,0,0,1,0,2,2,7
,2019-42721,39.751105,-105.025141,6/30/2019 16:17,16:17,12,0,0,FEDERAL BOULEVARD NORTH & 23RD AVENUE WEST,1,1,0,0,1,3,,0,35,0,0,0,0,0,2,2,13
,2019-42722,39.751105,-105.025141,12/10/2019 14:59,14:59,12,0,0,FEDERAL BOULEVARD NORTH & 23RD AVENUE WEST,1,1,0,0,1,4,,0,35,0,0,0,0,0,2,2,5
,2019-42723,39.751249,-105.025139,9/29/2019 14:55,14:55,10,0,0,FEDERAL BOULEVARD NORTH & 23RD AVENUE WEST,1,1,0,0,1,1,,0,35,0,0,0,0,0,2,2,13
,2019-42724,39.751397,-105.025139,1/13/2019 11:32,11:32,12,0,0,FEDERAL BOULEVARD NORTH & 23RD AVENUE WEST,1,1,0,0,1,3,,0,35,0,0,0,0,0,2,3,13
,2019-42725,39.751397,-105.025139,10/1/2019 8:25,8:25,12,0,0,FEDERAL BOULEVARD NORTH & 23RD AVENUE WEST,2,1,1,1,1,3,,0,30,0,0,0,0,0,2,2,1
,2019-42726,39.752434,-105.025138,3/21/2019 8:30,8:30,12,0,0,FEDERAL BOULEVARD NORTH 2300 BLOCK & 24TH AVENUE WEST,1,1,1,0,1,3,,0,35,0,0,0,0,0,2,3,3
,2019-42727,39.752434,-105.025138,7/1/2019 7:48,7:48,12,0,0,FEDERAL BOULEVARD NORTH & 24TH AVENUE WEST,1,1,0,0,1,1,,0,35,0,0,0,0,0,2,2,3
,2019-42728,39.75355,-105.025127,10/18/2019 16:50,16:50,12,0,0,FEDERAL BOULEVARD NORTH & 25TH AVENUE WEST,1,1,0,0,1,1,,0,35,0,0,0,0,0,2,3,3
,2019-42729,39.754436,-105.025219,8/1/2019 15:22,15:22,12,0,0,FEDERAL BOULEVARD NORTH & 2500 BLOCK NORTH,1,1,0,0,1,4,,0,35,0,0,0,0,0,2,2,13
,2019-4273,39.77983674,-104.9333952,8/27/2019 17:40,17:40,12,0,0,STAPLETON DRIVE EAST & 6300 BLOCK EAST,1,1,0,0,1,4,,0,35,0,0,0,0,0,4,3,3
,2019-42731,39.753889,-105.024814,11/17/2019 20:03,20:03,15,0,0,FEDERAL BOULEVARD 2500 BLOCK NORTH & 26TH AVENUE WEST,1,3,0,0,1,4,,0,,0,0,0,0,0,2,2,13
,2019-42732,39.754711,-105.025129,5/3/2019 19:12,19:12,1,0,0,FEDERAL BOULEVARD NORTH & 26TH AVENUE WEST,1,1,0,0,1,2,,0,35,0,0,0,0,0,2,2,13
,2019-42733,39.754711,-105.025129,9/29/2019 0:03,0:03,12,0,0,FEDERAL BOULEVARD NORTH & 26TH AVENUE WEST,1,3,0,0,1,4,,0,45,0,0,0,0,0,2,2,13
,2019-42734,39.754855,-105.025129,2/6/2019 8:00,8:00,1,0,0,FEDERAL BOULEVARD NORTH & 26TH AVENUE WEST,2,1,0,2,1,1,,0,35,0,0,0,0,0,2,2,13
,2019-42735,39.754855,-105.025129,6/7/2019 16:55,16:55,12,0,0,FEDERAL BOULEVARD NORTH & 26TH AVENUE WEST,2,1,0,1,1,4,,0,35,0,0,0,0,0,2,4,13
,2019-42736,39.754855,-105.025129,11/23/2019 2:30,2:30,3,0,0,FEDERAL BOULEVARD NORTH & 26TH AVENUE WEST,1,3,0,0,1,1,,0,30,0,0,0,0,0,2,2,13
,2019-42737,39.754994,-105.025129,7/29/2019 14:47,14:47,12,0,0,FEDERAL BOULEVARD NORTH & 26TH AVENUE WEST,1,1,0,0,1,4,,0,35,0,0,0,0,0,2,2,13
,2019-42738,39.755133,-105.025129,9/6/2019 17:20,17:20,12,0,0,FEDERAL BOULEVARD NORTH & 26TH AVENUE WEST,1,1,0,0,1,4,,0,35,0,0,0,0,0,2,2,5
,2019-42739,39.756111,-105.025131,5/28/2019 12:45,12:45,12,0,0,FEDERAL BOULEVARD NORTH & 27TH AVENUE WEST,1,1,0,0,1,4,,0,30,0,0,0,0,0,2,2,13
,2019-4274,39.779766,-104.931729,1/14/2019 15:30,15:30,15,0,0,STAPLETON SOUTH DRIVE EAST & DAHLIA STREET NORTH,1,1,0,0,1,3,,0,30,0,0,0,0,0,4,2,13
,2019-42740,39.756549,-105.025131,1/4/2019 12:41,12:41,12,0,1,FEDERAL BOULEVARD 2700 BLOCK & 27TH AVENUE WEST,1,1,0,0,1,4,,0,35,0,0,0,0,1,2,2,14
,2019-42741,39.756988,-105.025132,6/19/2019 8:50,8:50,12,0,0,FEDERAL BOULEVARD NORTH & 28TH AVENUE EAST,1,1,1,0,1,4,,0,30,0,0,0,0,0,2,2,13
,2019-42743,39.760312,-105.025237,3/13/2019 16:23,16:23,3,0,0,FEDERAL BOULEVARD NORTH & SPEER BOULEVARD NORTH,4,1,0,2,1,1,,0,35,0,0,0,0,0,2,2,1
,2019-42744,39.757134,-105.025132,10/12/2019 10:30,10:30,12,0,0,FEDERAL BOULEVARD NORTH & 28TH AVENUE WEST,1,1,1,0,1,4,,0,35,0,0,0,0,0,2,3,13
,2019-42745,39.75742,-105.025132,6/9/2019 17:48,17:48,12,0,0,FEDERAL BOULEVARD NORTH & 28TH AVENUE WEST,1,1,0,0,1,3,,0,35,0,0,0,0,0,2,2,13
,2019-42746,39.76336,-105.025231,9/19/2019 1:57,1:57,9,0,0,FEDERAL BOULEVARD NORTH & 33RD AVENUE WEST,1,3,0,0,2,4,,0,35,0,0,0,0,0,2,1,5
,2019-42747,39.758551,-105.025134,1/10/2019 12:50,12:50,12,0,0,FEDERAL BOULEVARD NORTH & 29TH AVENUE WEST,1,1,0,0,1,1,,0,35,0,0,0,0,0,2,2,13
,2019-42748,39.758551,-105.025134,2/9/2019 14:22,14:22,12,0,0,FEDERAL BOULEVARD NORTH & 29TH AVENUE WEST,1,1,0,0,1,3,,0,35,0,0,0,0,0,2,2,3
,2019-42749,39.758551,-105.025134,3/25/2019 14:34,14:34,3,0,0,FEDERAL BOULEVARD NORTH & 29TH AVENUE WEST,1,1,1,0,1,1,,0,35,0,0,0,0,0,2,2,3
,2019-4275,39.779766,-104.931729,1/19/2019 10:50,10:50,12,0,0,STAPLETON DRIVE SOUTH & DAHLIA STREET NORTH,1,1,0,0,1,7,,0,,0,0,0,0,0,4,2,13
,2019-42750,39.758551,-105.025134,6/29/2019 14:39,14:39,3,0,0,FEDERAL BOULEVARD NORTH & 29TH AVENUE WEST,1,1,0,0,1,1,,0,35,0,0,0,0,0,2,2,13
,2019-42751,39.758704,-105.025134,5/28/2019 8:30,8:30,12,0,0,FEDERAL BOULEVARD NORTH & 29TH AVENUE WEST,1,1,0,0,1,4,,0,35,0,0,0,0,0,2,2,14
,2019-42752,39.758704,-105.025134,7/24/2019 9:25,9:25,12,0,2,FEDERAL BOULEVARD NORTH & 29TH AVENUE WEST,1,1,0,0,1,4,,0,35,0,0,0,0,2,2,2,13
,2019-42753,39.758704,-105.025134,7/29/2019 14:57,14:57,12,0,2,FEDERAL BOULEVARD NORTH & 29TH AVENUE WEST,1,1,0,0,1,3,,0,35,0,0,0,0,2,2,2,12
,2019-42754,39.758704,-105.025134,8/22/2019 1:18,1:18,12,0,0,FEDERAL BOULEVARD NORTH & 29TH AVENUE WEST,1,3,0,0,1,3,,0,35,0,0,0,0,0,2,2,5
,2019-42755,39.758857,-105.025134,8/22/2019 9:00,9:00,15,0,0,FEDERAL BOULEVARD NORTH & 29TH AVENUE WEST,1,1,0,0,1,3,,0,35,0,0,0,0,0,2,3,13
,2019-42756,39.760312,-105.025237,3/4/2019 8:17,8:17,12,0,0,FEDERAL BOULEVARD NORTH & SPEER BOULEVARD NORTH,6,1,0,0,1,1,,0,35,0,0,0,0,0,2,2,14
,2019-42757,39.780393,-105.025145,7/5/2019 16:16,16:16,15,0,0,FEDERAL BOULEVARD NORTH & 46TH AVENUE WEST,1,1,1,0,1,4,,0,35,0,0,0,0,0,2,2,13
,2019-42758,39.760258,-105.025236,12/18/2019 18:46,18:46,1,0,0,FEDERAL BOULEVARD NORTH & SPEER BOULEVARD NORTH,1,3,1,0,1,1,,0,35,0,0,0,0,0,2,2,8
,2019-42759,39.76045,-105.02524,2/15/2019 6:50,6:50,15,0,0,FEDERAL BOULEVARD 3000 BLOCK NORTH & SPEER BOULEVARD,1,1,1,0,1,4,,0,35,0,0,0,0,0,2,3,13
,2019-4276,39.779766,-104.931729,3/15/2019 11:45,11:45,10,0,0,STAPLETON DRIVE EAST & DAHLIA STREET NORTH,1,1,0,1,1,1,,0,25,0,0,0,0,0,4,2,8
,2019-42760,39.791114,-105.025101,5/28/2019 17:05,17:05,12,0,0,FEDERAL BOULEVARD NORTH & 52ND AVENUE WEST,1,5,0,0,1,1,,0,,0,0,0,0,0,2,2,13
,2019-42761,39.760862,-105.025214,9/8/2019 11:50,11:50,12,0,0,FEDERAL BOULEVARD NORTH & DOUGLAS PLACE,1,1,0,0,1,1,,0,35,0,0,0,0,0,2,2,3
,2019-42764,39.761843,-105.025214,10/16/2019 12:55,12:55,12,0,0,FEDERAL BOULEVARD NORTH & 32ND AVENUE WEST,1,1,1,0,1,4,,0,35,0,0,0,0,0,2,2,13
,2019-42765,39.761983,-105.025211,1/7/2019 12:23,12:23,12,0,0,FEDERAL BOULEVARD NORTH & 32ND AVENUE WEST,1,1,0,0,1,3,,0,35,0,0,0,0,0,2,2,3
,2019-42766,39.761983,-105.025211,1/24/2019 18:15,18:15,1,0,0,FEDERAL BOULEVARD NORTH & 32ND AVENUE WEST,4,3,0,0,1,1,,0,35,0,0,0,0,0,2,2,7
,2019-42767,39.761983,-105.025211,5/24/2019 15:39,15:39,12,0,0,FEDERAL BOULEVARD NORTH & 32ND AVENUE WEST,1,1,0,0,1,1,,0,35,0,0,0,0,0,2,2,13
,2019-42768,39.761983,-105.025211,7/22/2019 19:55,19:55,1,0,0,FEDERAL BOULEVARD NORTH & 32ND AVENUE,1,2,0,0,1,1,,0,35,0,0,0,0,0,2,2,1
,2019-42769,39.761983,-105.025211,10/29/2019 11:55,11:55,3,0,1,FEDERAL BOULEVARD NORTH & 32ND AVENUE WEST,2,1,0,0,1,1,,0,35,0,0,0,0,2,2,2,13
,2019-4277,39.779766,-104.931729,3/16/2019 8:36,8:36,3,0,0,STAPLETON SOUTH DRIVE EAST & DAHLIA STREET NORTH,1,1,0,0,1,1,,0,30,0,0,0,0,0,4,2,3
,2019-42770,39.761983,-105.025211,11/8/2019 17:20,17:20,12,0,0,FEDERAL BOULEVARD NORTH & 32ND AVENUE WEST,1,3,0,0,1,1,,0,35,0,0,0,0,0,2,2,12
,2019-42771,39.761983,-105.025211,11/21/2019 9:30,9:30,3,0,0,FEDERAL BOULEVARD NORTH & 32ND AVENUE WEST,2,1,0,0,1,1,,0,35,0,0,0,0,0,2,2,3
,2019-42772,39.761983,-105.025211,11/25/2019 16:01,16:01,1,0,0,FEDERAL BOULEVARD NORTH & 32ND AVENUE WEST,2,2,0,2,1,1,,0,35,0,0,0,0,0,2,2,1
,2019-42773,39.762119,-105.025215,10/5/2019 10:54,10:54,12,0,0,FEDERAL BOULEVARD NORTH & 32ND AVENUE WEST,1,1,0,0,1,4,,0,35,0,0,0,0,0,2,2,13
,2019-42774,39.763206,-105.025233,1/13/2019 18:49,18:49,3,0,1,HIGHLAND PARK PLACE WEST & FEDERAL BOULEVARD NORTH,1,3,0,0,1,1,,0,25,0,0,0,0,1,2,2,13
,2019-42775,39.763513,-105.02523,6/28/2019 12:32,12:32,12,0,1,FEDERAL BOULEVARD NORTH & 33RD AVENUE WEST,1,1,1,0,1,3,,0,35,0,0,0,0,1,2,2,13
,2019-42776,39.763803,-105.025167,10/24/2019 15:55,15:55,12,0,0,FEDERAL BOULEVARD NORTH & 33RD AVENUE WEST,1,1,0,0,1,4,,0,35,0,0,0,0,0,2,2,3
,2019-42777,39.764109,-105.025168,6/19/2019 17:19,17:19,12,0,0,FEDERAL BOULEVARD 3300 BLOCK NORTH & 34TH AVENUE WEST,1,1,0,0,1,3,,0,35,0,0,0,0,0,2,2,7
,2019-42778,39.764555,-105.025171,11/3/2019 12:32,12:32,12,0,0,FEDERAL BOULEVARD NORTH & 34TH AVENUE,1,1,0,0,1,4,,0,35,0,0,0,0,0,2,2,13
,2019-42779,39.764836,-105.025172,4/18/2019 13:42,13:42,12,0,2,FEDERAL BOULEVARD 3400 BLOCK NORTH & 34TH AVENUE WEST,1,1,1,0,1,4,,0,35,0,0,0,0,1,2,2,13
,2019-4278,39.778857,-104.926968,4/24/2019 13:19,13:19,12,0,0,STAPLETON SOUTH DRIVE EAST & FOREST STREET SOUTH,1,1,0,0,1,3,,0,30,0,0,0,0,0,4,2,1
,2019-42780,39.765544,-105.025174,4/25/2019 21:13,21:13,12,0,0,FEDERAL BOULEVARD NORTH & 35TH AVENUE WEST,1,3,0,0,1,1,,0,35,0,0,0,0,0,2,2,5
,2019-42781,39.765544,-105.025174,6/6/2019 13:20,13:20,3,0,0,35TH AVENUE WEST & FEDERAL BOULEVARD NORTH,1,1,0,0,1,1,,0,35,0,0,0,0,0,2,2,14
,2019-42782,39.769245,-105.025232,2/9/2019 15:06,15:06,3,0,0,38TH AVENUE WEST & FEDERAL BOULEVARD NORTH,1,1,0,0,1,1,,0,35,0,0,0,0,0,2,2,13
,2019-42783,39.765544,-105.025174,11/22/2019 11:04,11:04,12,0,0,FEDERAL BOULEVARD 3400 BLOCK NORTH & 35TH AVENUE WEST,1,1,1,0,1,4,,0,35,0,0,0,0,0,2,2,13
,2019-42784,39.765688,-105.025177,4/29/2019 6:50,6:50,12,0,0,FEDERAL BOULEVARD 3500 BLOCK NORTH & 35TH AVENUE WEST,1,1,0,0,1,4,,0,35,0,0,0,0,0,2,2,14
,2019-42785,39.765688,-105.025177,8/13/2019 6:24,6:24,12,0,0,FEDERAL BOULEVARD NORTH & 35TH AVENUE WEST,1,1,0,0,1,3,,0,35,0,0,0,0,0,2,2,13
,2019-42786,39.765834,-105.02518,8/25/2019 10:12,10:12,12,0,0,FEDERAL BOULEVARD NORTH & 35TH AVENUE WEST,1,1,0,0,1,4,,0,35,0,0,0,0,0,2,2,13
,2019-42787,39.76698,-105.025172,5/29/2019 7:55,7:55,12,0,0,FEDERAL BOULEVARD NORTH & 36TH AVENUE WEST,1,1,0,0,1,3,,0,35,0,0,0,0,0,2,3,13
,2019-42788,39.768519,-105.025231,9/25/2019 10:44,10:44,3,0,0,FEDERAL BOULEVARD NORTH & CLYDE PLACE WEST,1,1,0,0,1,2,,0,35,0,0,0,0,0,2,2,13
,2019-42789,39.768664,-105.025232,9/13/2019 17:24,17:24,15,0,0,FEDERAL BOULEVARD NORTH & 38TH AVENUE WEST,1,1,0,0,1,4,,0,35,0,0,0,0,0,2,3,3
,2019-4279,39.777993,-104.9223105,4/25/2019 12:40,12:40,12,0,0,STAPLETON SOUTH DRIVE EAST & HOLLY STREET NORTH,1,1,0,0,1,4,,0,35,0,0,0,0,0,4,2,13
,2019-42790,39.769245,-105.025232,1/28/2019 5:40,5:40,1,0,0,FEDERAL BOULEVARD NORTH & 38TH AVENUE WEST,4,3,0,2,1,1,,0,35,0,0,0,0,0,2,2,13
,2019-42791,39.769245,-105.025232,4/10/2019 18:35,18:35,12,0,0,38TH AVENUE 2900 BLOCK WEST & FEDERAL BOULEVARD NORTH,4,3,0,2,1,3,,0,35,0,0,0,0,0,2,2,13
,2019-42792,39.769245,-105.025232,8/4/2019 22:18,22:18,1,0,0,FEDERAL BOULEVARD NORTH & 38TH AVENUE WEST,1,3,0,0,1,1,,0,35,0,0,0,0,0,2,2,13
,2019-42793,39.769245,-105.025232,8/28/2019 19:55,19:55,1,0,1,FEDERAL BOULEVARD NORTH & 38TH AVENUE WEST,1,1,0,0,1,1,,0,35,0,0,0,0,1,2,2,13
,2019-42794,39.769245,-105.025232,9/13/2019 5:10,5:10,12,0,0,FEDERAL BOULEVARD NORTH & 38TH AVENUE WEST,1,3,0,0,1,1,,0,35,0,0,0,0,0,2,2,2
,2019-42795,39.769245,-105.025232,9/25/2019 6:53,6:53,1,0,0,FEDERAL BOULEVARD NORTH & 38TH AVENUE WEST,1,1,0,0,1,1,,0,35,0,0,0,0,0,2,2,13
,2019-42796,39.769289,-105.025239,12/21/2019 2:00,2:00,12,0,0,38TH AVENUE WEST & FEDERAL BOULEVARD NORTH,1,3,0,0,1,1,,0,35,0,0,0,0,0,2,2,13
,2019-42797,39.769386,-105.025233,11/8/2019 9:24,9:24,12,0,1,FEDERAL BOULEVARD NORTH & 38TH AVENUE WEST,1,1,0,0,1,4,,0,30,0,0,0,0,1,2,2,14
,2019-42798,39.769761,-105.025239,6/25/2019 16:51,16:51,3,0,0,FEDERAL BOULEVARD NORTH & 3800 BLOCK,1,1,0,0,1,2,,0,35,0,0,0,0,0,2,3,13
,2019-42799,39.769665,-105.025233,9/29/2019 11:24,11:24,12,0,0,FEDERAL BOULEVARD NORTH & 38TH AVENUE WEST,1,1,0,0,1,3,,0,35,0,0,0,0,0,2,2,12
,2019-4280,39.7779885,-104.917599,3/25/2019 6:25,6:25,3,0,0,STAPLETON SOUTH DRIVE EAST & KEARNEY STREET NORTH,1,3,0,0,1,1,,0,30,0,0,0,0,0,4,2,1
,2019-42800,39.770229,-105.025234,5/30/2019 16:03,16:03,3,0,1,FEDERAL BOULEVARD NORTH & DENVER PLACE WEST,1,1,0,0,1,1,,0,25,0,0,0,0,1,2,2,13
,2019-42801,39.770543,-105.025234,8/26/2019 12:43,12:43,15,0,0,FEDERAL BOULEVARD NORTH & DENVER PLACE WEST,1,1,0,0,1,3,,0,30,0,0,0,0,0,2,2,3
,2019-42802,39.771315,-105.025193,1/17/2019 8:07,8:07,12,0,0,FEDERAL BOULEVARD 3900 NORTH & 39TH AVENUE WEST,1,1,0,0,1,4,,0,35,0,0,0,0,0,2,2,14
,2019-42803,39.771759,-105.025188,5/1/2019 8:05,8:05,12,0,1,FEDERAL BOULEVARD 3900 BLOCK NORTH & 40TH AVENUE WEST,1,1,0,0,1,4,,0,35,0,0,0,0,1,2,3,13
,2019-42804,39.771907,-105.025189,10/21/2019 18:54,18:54,15,0,0,FEDERAL BOULEVARD 3900 BLOCK NORTH & 40TH AVENUE WEST,1,3,3,0,1,4,,0,,0,0,0,0,0,2,2,13
,2019-42806,39.772553,-105.025184,9/19/2019 18:01,18:01,3,0,0,FEDERAL BOULEVARD NORTH & 40TH AVENUE WEST,1,1,0,0,1,2,,0,35,0,0,0,0,0,2,2,13
,2019-42807,39.772942,-105.025183,2/12/2019 10:19,10:19,12,0,0,FEDERAL BOULEVARD NORTH & 41ST AVENUE WEST,1,1,0,0,1,3,,0,35,0,0,0,0,0,2,2,14
,2019-42808,39.772942,-105.025183,6/12/2019 10:50,10:50,12,0,0,FEDERAL BOULEVARD SOUTH 4100 BLOCK NORTH & 41ST AVENUE WEST,1,1,0,0,1,1,,0,35,0,0,0,0,0,2,2,14
,2019-42809,39.772942,-105.025183,9/1/2019 12:50,12:50,1,0,0,FEDERAL BOULEVARD NORTH & 41ST AVENUE WEST,1,1,0,0,1,1,,0,35,0,0,0,0,0,2,2,13
,2019-4281,39.778002,-104.912901,1/29/2019 4:16,4:16,3,0,0,STAPLETON DRIVE EAST & MONACO STREET NORTH,5,3,0,0,1,1,,0,,0,0,0,0,0,4,2,13
,2019-42810,39.773358,-105.025176,5/9/2019 10:45,10:45,12,0,0,FEDERAL BOULEVARD 4100 BLOCK NORTH & 41ST AVENUE WEST,2,1,0,1,1,4,,0,35,0,0,0,0,0,2,3,13
,2019-42811,39.773248,-105.02523,8/21/2019 8:40,8:40,12,0,0,FEDERAL BOULEVARD NORTH & 4100 BLOCK NORTH,1,1,0,0,1,4,,0,35,0,0,0,0,0,2,2,13
,2019-42812,39.773358,-105.025176,8/23/2019 7:27,7:27,12,0,0,FEDERAL BOULEVARD NORTH & 41ST AVENUE WEST,1,1,0,0,1,4,,0,35,0,0,0,0,0,2,2,13
,2019-42813,39.773358,-105.025176,9/27/2019 8:32,8:32,12,0,0,FEDERAL BOULEVARD NORTH & 41ST AVENUE WEST,1,1,0,0,1,3,,0,35,0,0,0,0,0,2,2,13
,2019-42814,39.77524,-105.025169,1/17/2019 8:00,8:00,12,0,0,FEDERAL BOULEVARD 4200 NORTH & 42ND AVENUE WEST,1,1,0,0,1,4,,0,35,0,0,0,0,0,2,2,7
,2019-42815,39.77524,-105.025169,8/11/2019 13:00,13:00,15,0,0,FEDERAL BOULEVARD NORTH & 43RD AVENUE,1,1,0,0,1,3,,0,35,0,0,0,0,0,2,2,1
,2019-42816,39.775671,-105.02517,4/22/2019 16:43,16:43,15,0,0,FEDERAL BOULEVARD 4300 BLOCK NORTH & 43RD AVENUE WEST,1,1,0,0,1,4,,0,35,0,0,0,0,0,2,2,13
,2019-42818,39.775671,-105.02517,8/1/2019 6:45,6:45,12,0,0,FEDERAL BOULEVARD NORTH & 43RD AVENUE,1,1,0,0,1,4,,0,35,0,0,0,0,0,2,2,3
,2019-42819,39.7764,-105.025163,9/4/2019 17:50,17:50,12,0,0,FEDERAL BOULEVARD NORTH & 44TH AVENUE WEST,1,1,0,0,1,3,,0,30,0,0,0,0,0,2,2,14
,2019-4282,39.778002,-104.912901,3/28/2019 8:43,8:43,3,0,0,STAPLETON SOUTH DRIVE EAST & MONACO STREET NORTH,1,1,0,0,1,1,,0,30,0,0,0,0,0,4,2,5
,2019-42820,39.7764,-105.025163,10/3/2019 21:02,21:02,12,0,3,FEDERAL BOULEVARD NORTH & 44TH AVENUE WEST,1,3,0,0,1,3,,0,35,0,0,0,0,1,2,2,5
,2019-42821,39.776692,-105.025162,2/8/2019 19:18,19:18,12,0,3,FEDERAL BOULEVARD NORTH & 44TH AVENUE WEST,4,3,0,0,1,3,,0,35,0,0,0,0,1,2,2,7
,2019-42822,39.776692,-105.025162,3/7/2019 15:36,15:36,3,0,0,44TH AVENUE WEST & FEDERAL BOULEVARD NORTH,1,1,0,0,1,1,,0,35,0,0,0,0,0,2,2,13
,2019-42823,39.776692,-105.025162,5/7/2019 7:23,7:23,12,0,0,FEDERAL BOULEVARD NORTH & 44TH AVENUE WEST,1,1,0,1,1,1,,0,30,0,0,0,0,0,2,3,3
,2019-42824,39.776692,-105.025162,11/5/2019 18:14,18:14,1,0,1,FEDERAL BOULEVARD NORTH & 44TH AVENUE WEST,1,3,0,0,1,1,,0,35,0,0,0,0,1,2,2,8
,2019-42825,39.776838,-105.025161,3/22/2019 20:41,20:41,3,0,1,FEDERAL BOULEVARD NORTH & 44TH AVENUE WEST,2,3,0,1,1,2,,0,35,0,0,0,0,1,2,2,13
,2019-42826,39.77935,-105.025061,7/5/2019 16:10,16:10,15,0,0,FEDERAL BOULEVARD NORTH & 4500 BLOCK NORTH,1,1,0,0,1,4,,0,35,0,0,0,0,0,2,3,1
,2019-42828,39.780246,-105.025146,3/17/2019 3:04,3:04,3,0,1,46TH AVENUE WEST & FEDERAL BOULEVARD NORTH,1,3,0,0,1,1,,0,30,0,0,0,0,1,2,2,5
,2019-42829,39.783838,-105.025212,4/12/2019 14:30,14:30,1,0,0,FEDERAL BOULEVARD NORTH & I70 EASTBOUND RAMPS,1,1,0,0,1,1,,0,35,0,0,0,0,0,2,2,13
,2019-4283,39.778002,-104.912901,9/7/2019 12:07,12:07,3,0,0,STAPLETON SOUTH DRIVE EAST & MONACO STREET NORTH,1,1,0,0,1,1,,0,35,0,0,0,0,0,4,2,13
,2019-42830,39.78113,-105.025142,7/27/2019 0:57,0:57,9,0,1,FEDERAL BOULEVARD NORTH & 46TH AVENUE WEST,1,3,0,0,1,4,,0,40,0,0,0,0,2,2,1,1
,2019-42831,39.782161,-105.025131,10/3/2019 12:45,12:45,12,0,0,FEDERAL BOULEVARD NORTH & 47TH AVENUE WEST,1,1,0,0,1,1,,0,35,0,0,0,0,0,2,2,13
,2019-42833,39.782301,-105.025131,5/12/2019 17:58,17:58,15,0,0,FEDERAL BOULEVARD NORTH & 47TH AVENUE WEST,1,1,0,0,1,4,,0,35,0,0,0,0,0,2,2,1
,2019-42835,39.782301,-105.025131,6/24/2019 8:48,8:48,12,0,0,FEDERAL BOULEVARD & 47TH AVENUE WEST,1,1,0,0,1,4,,0,35,0,0,0,0,0,2,2,13
,2019-42836,39.78258,-105.02513,5/24/2019 16:15,16:15,12,0,0,FEDERAL BOULEVARD NORTH & 47TH AVENUE WEST,1,1,1,0,1,4,,0,35,0,0,0,0,0,2,3,13
,2019-42837,39.783464,-105.025189,8/3/2019 12:00,12:00,12,0,0,FEDERAL BOULEVARD NORTH & 4700 BLOCK NORTH,1,1,0,0,1,4,,0,30,0,0,0,0,0,2,2,13
,2019-42838,39.783697,-105.025212,4/6/2019 21:35,21:35,12,0,0,FEDERAL BOULEVARD 4700 BLOCK NORTH & I70 EASTBOUND ON RAMP,1,3,0,0,1,3,,0,35,0,0,0,0,0,2,2,13
,2019-42839,39.783838,-105.025212,1/13/2019 15:35,15:35,1,0,1,FEDERAL BOULEVARD NORTH & I70 EASTBOUND RAMPS,1,1,0,0,1,1,,0,35,0,0,0,0,1,2,2,1
,2019-4284,39.778002,-104.912901,11/9/2019 23:03,23:03,3,0,0,STAPLETON SOUTH DRIVE EAST & MONACO STREET NORTH,1,3,0,0,1,1,,0,35,0,0,0,0,0,4,2,3
,2019-42840,39.783838,-105.025212,1/19/2019 19:00,19:00,3,0,0,FEDERAL BOULEVARD NORTH & I70 EASTBOUND RAMPS,1,3,0,0,1,4,,0,35,0,0,0,0,0,2,2,3
,2019-42841,39.783838,-105.025212,2/12/2019 13:28,13:28,3,0,2,FEDERAL BOULEVARD NORTH & I70 EASTBOUND OFF RAMP,1,1,1,0,1,1,,0,35,0,0,0,0,1,2,2,13
,2019-42842,39.783838,-105.025212,4/22/2019 21:01,21:01,1,0,1,FEDERAL BOULEVARD NORTH & I70 EASTBOUND RAMPS,1,3,0,0,1,1,,0,35,0,0,0,0,2,2,2,13
,2019-42843,39.783838,-105.025212,4/27/2019 10:26,10:26,3,0,0,FEDERAL BOULEVARD NORTH & I70 EASTBOUND OFF RAMP,1,1,1,0,1,1,,0,35,0,0,0,0,0,2,2,13
,2019-42846,39.783838,-105.025212,5/24/2019 16:52,16:52,15,0,0,FEDERAL BOULEVARD NORTH & I70 EASTBOUND OFF RAMP,1,1,0,0,1,1,,0,20,0,0,0,0,0,2,2,13
,2019-42847,39.783838,-105.025212,7/13/2019 16:12,16:12,3,0,0,FEDERAL BOULEVARD NORTH & I70 EASTBOUND OFF RAMP,1,1,0,0,1,1,,0,30,0,0,0,0,0,2,2,13
,2019-42848,39.783838,-105.025212,8/15/2019 5:18,5:18,1,0,0,FEDERAL BOULEVARD NORTH & I70 EASTBOUND ON RAMP,1,2,0,0,1,1,,0,40,0,0,0,0,0,2,2,13