id,drcog_id,latitude,longitude,crashtime,time,crashtype,numbkilled,numbinjurd,drcoglocat,rdconditin,lightngcon,roadcntgrd,weatherco,location,roaddescrp,schoolzone,constrzone,splimit,bikeinv,sctrinv,pedinv,motoinv,svrty,rdsystem,ttlvehcls,hcf
,2019-42849,39.783838,-105.025212,8/20/2019 6:31,6:31,1,0,0,FEDERAL BOULEVARD NORTH & I70 EASTBOUND ON RAMP,1,1,0,0,1,1,,0,30,0,0,0,0,0,2,2,3
,2019-4285,39.772917,-104.949819,8/5/2019 8:36,8:36,14,0,0,STEELE STREET NORTH & 140 NORTH STEELE STREET,1,1,0,0,1,5,,0,25,0,0,0,0,0,4,2,14
,2019-42850,39.783838,-105.025212,8/21/2019 18:40,18:40,1,0,1,FEDERAL BOULEVARD NORTH & I70 EASTBOUND ON RAMP,2,1,0,1,1,1,,0,35,0,0,0,0,1,2,2,13
,2019-42851,39.783838,-105.025212,9/17/2019 16:16,16:16,3,0,0,FEDERAL BOULEVARD NORTH & I70 EASTBOUND ON RAMP,1,1,0,0,1,1,,0,40,0,0,0,0,0,2,2,1
,2019-42852,39.783838,-105.025212,10/5/2019 17:30,17:30,1,0,0,FEDERAL BOULEVARD NORTH & I70 EASTBOUND ON RAMP,1,3,0,0,1,1,,0,35,0,0,0,0,0,2,2,1
,2019-42853,39.783838,-105.025212,10/9/2019 22:01,22:01,1,0,0,FEDERAL BOULEVARD NORTH & I70 EASTBOUND ON RAMP,2,3,0,1,1,1,,0,40,0,0,0,0,0,2,2,13
,2019-42854,39.783838,-105.025212,10/10/2019 6:45,6:45,15,0,1,FEDERAL BOULEVARD NORTH & I70 EASTBOUND ON RAMP SLIP ENTRANCE GORE POINT,5,2,1,2,1,3,,0,35,0,0,0,0,1,2,2,7
,2019-42856,39.783838,-105.025212,10/21/2019 14:40,14:40,3,0,0,FEDERAL BOULEVARD NORTH & I70 EASTBOUND OFF RAMP,1,1,1,0,1,1,,0,35,0,0,0,0,0,2,2,13
,2019-42857,39.783838,-105.025212,10/25/2019 23:55,23:55,1,0,3,FEDERAL BOULEVARD NORTH & I70 EASTBOUND ON RAMP,1,3,0,0,1,1,,0,35,0,0,0,0,1,2,2,13
,2019-42858,39.78422,-105.0251,11/2/2019 5:16,5:16,1,0,0,FEDERAL BOULEVARD NORTH & I70 EASTBOUND ON RAMP,1,3,0,0,1,1,,0,35,0,0,0,0,0,2,2,13
,2019-4286,39.717801,-104.950818,5/28/2019 18:00,18:00,3,0,0,STEELE STREET NORTH & FIRST AVENUE EAST,1,1,0,0,1,1,,0,25,0,0,0,0,0,4,2,14
,2019-42860,39.784193,-105.02521,5/3/2019 18:49,18:49,12,0,0,FEDERAL BOULEVARD 4700 BLOCK NORTH & I70,1,1,0,0,1,4,,0,35,0,0,0,0,0,2,2,13
,2019-42861,39.784193,-105.02521,5/27/2019 18:33,18:33,12,0,0,I70 EASTBOUND RAMPS & FEDERAL BOULEVARD NORTH,1,1,1,0,1,1,,0,,0,0,0,0,0,2,3,13
,2019-42862,39.784193,-105.02521,10/28/2019 11:11,11:11,15,0,0,FEDERAL BOULEVARD NORTH & I70,5,1,1,2,1,3,,0,35,0,0,0,0,0,2,2,13
,2019-42864,39.784352,-105.02521,8/1/2019 19:43,19:43,12,0,0,FEDERAL BOULEVARD NORTH & I70 EASTBOUND RAMPS,1,2,0,0,1,4,,0,35,0,0,0,0,0,2,3,3
,2019-42865,39.784661,-105.025209,1/19/2019 12:09,12:09,3,0,0,FEDERAL BOULEVARD NORTH & I70 WB OFF RAMP,1,1,1,0,1,3,,0,35,0,0,0,0,0,2,2,13
,2019-42866,39.784661,-105.025209,4/9/2019 14:52,14:52,3,0,0,I70 WB OFF RAMP & FEDERAL BOULEVARD NORTH,1,1,1,0,1,1,,0,35,0,0,0,0,0,2,2,13
,2019-42867,39.784661,-105.025209,6/21/2019 13:40,13:40,3,0,0,I70 WB RAMPS & FEDERAL BOULEVARD,1,1,0,0,1,1,,0,35,0,0,0,0,0,2,2,7
,2019-42868,39.784661,-105.025209,8/1/2019 19:10,19:10,1,0,0,FEDERAL BOULEVARD NORTH & I70 WB ON RAMP,1,1,0,0,1,1,,0,35,0,0,0,0,0,2,2,13
,2019-42869,39.784661,-105.025209,8/7/2019 14:05,14:05,1,0,1,FEDERAL BOULEVARD NORTH & I70 WB ON RAMP,1,1,0,0,1,1,,0,35,0,0,0,0,1,2,2,13
,2019-4287,39.717801,-104.950818,7/16/2019 21:00,21:00,15,0,0,STEELE STREET NORTH & FIRST AVENUE EAST,1,3,0,0,1,4,,0,30,0,0,0,0,0,4,2,8
,2019-42870,39.784661,-105.025209,10/9/2019 17:48,17:48,3,0,1,FEDERAL BOULEVARD NORTH & I70 WB OFF RAMP,1,2,0,0,1,1,,0,35,0,0,0,0,1,2,2,13
,2019-42872,39.784661,-105.025209,11/8/2019 15:52,15:52,12,0,0,FEDERAL BOULEVARD NORTH & I70 WB OFF RAMP,1,1,0,0,1,1,,0,35,0,0,0,0,0,2,2,13
,2019-42874,39.784807,-105.025208,5/17/2019 13:15,13:15,12,0,0,FEDERAL BOULEVARD NORTH & 4800 BLOCK NORTH,1,1,0,0,1,4,,0,35,0,0,0,0,0,2,2,14
,2019-42875,39.785539,-105.025206,12/9/2019 23:28,23:28,5,0,1,FEDERAL BOULEVARD 4800 BLOCK NORTH & 49TH AVENUE WEST,1,3,0,0,3,4,,0,35,0,0,0,0,2,2,1,2
,2019-42876,39.785685,-105.025205,3/30/2019 12:40,12:40,3,0,2,FEDERAL BOULEVARD NORTH & 49TH AVENUE WEST,1,1,0,0,1,1,,0,25,0,0,0,0,1,2,3,1
,2019-42877,39.785685,-105.025205,6/14/2019 16:18,16:18,12,0,0,FEDERAL BOULEVARD NORTH & 49TH AVENUE WEST,1,1,0,0,1,1,,0,35,0,0,0,0,0,2,2,13
,2019-42878,39.785685,-105.025205,7/23/2019 15:47,15:47,10,0,0,49TH AVENUE WEST & FEDERAL BOULEVARD NORTH,1,1,0,0,1,1,,0,30,0,0,0,0,0,2,2,7
,2019-42879,39.785685,-105.025205,8/11/2019 21:05,21:05,3,0,0,FEDERAL BOULEVARD NORTH & 49TH AVENUE WEST,1,3,0,0,1,1,,0,25,0,0,0,0,0,2,2,13
,2019-4288,39.717801,-104.950818,8/26/2019 16:00,16:00,15,0,0,STEELE STREET NORTH & FIRST AVENUE EAST,1,1,0,0,1,1,,0,30,0,0,0,0,0,4,2,13
,2019-42880,39.785685,-105.025205,8/16/2019 17:26,17:26,12,0,0,FEDERAL BOULEVARD NORTH & 49TH AVENUE WEST,1,1,0,0,1,1,,0,35,0,0,0,0,0,2,3,14
,2019-42881,39.785685,-105.025205,11/14/2019 21:55,21:55,3,0,0,FEDERAL BOULEVARD NORTH & 49TH AVENUE WEST,1,3,0,0,1,1,,0,25,0,0,0,0,0,2,2,13
,2019-42882,39.785685,-105.025205,11/16/2019 14:45,14:45,12,0,0,FEDERAL BOULEVARD NORTH & 49TH AVENUE WEST,1,1,0,0,1,1,,0,35,0,0,0,0,0,2,2,3
,2019-42883,39.785831,-105.025205,5/8/2019 7:40,7:40,12,0,0,FEDERAL BOULEVARD 4900 BLOCK NORTH & 49TH AVENUE WEST,2,1,0,1,1,3,,0,35,0,0,0,0,0,2,2,1
,2019-42884,39.785831,-105.025205,10/24/2019 20:10,20:10,12,0,0,FEDERAL BOULEVARD NORTH & 49TH AVENUE WEST,1,3,0,0,1,3,,0,35,0,0,0,0,0,2,2,1
,2019-42886,39.790172,-105.0251,7/6/2019 18:49,18:49,15,0,0,FEDERAL BOULEVARD NORTH & 5100 BLOCK NORTH,1,1,0,0,1,4,,0,35,0,0,0,0,0,2,2,13
,2019-42887,39.787289,-105.025222,5/24/2019 15:30,15:30,12,0,1,FEDERAL BOULEVARD NORTH & 50TH AVENUE WEST,1,1,1,0,1,3,,0,35,0,0,0,0,1,2,2,13
,2019-42888,39.787289,-105.025222,9/24/2019 17:27,17:27,15,0,0,FEDERAL BOULEVARD NORTH & 50TH AVENUE WEST / REGIS BOULEVARD WEST,1,1,0,0,1,4,,0,35,0,0,0,0,0,2,2,13
,2019-42889,39.787435,-105.025221,1/16/2019 12:00,12:00,12,0,1,FEDERAL BOULEVARD 5000 NORTH & 50TH AVENUE,1,1,0,0,1,3,,0,35,0,0,0,0,1,2,2,1
,2019-4289,39.76367471,-104.949891,10/9/2019 13:01,13:01,8,0,0,STEELE STREET NORTH & 2100 BLOCK NORTH,1,1,1,0,1,4,,0,20,0,0,0,0,0,4,2,1
,2019-42890,39.787435,-105.025221,3/23/2019 17:34,17:34,12,0,0,REGIS BOULEVARD WEST & FEDERAL BOULEVARD NORTH,1,1,0,0,1,1,,0,25,0,0,0,0,0,2,2,5
,2019-42891,39.787435,-105.025221,5/20/2019 6:56,6:56,12,0,0,FEDERAL BOULEVARD NORTH & 50TH AVENUE WEST,2,1,0,1,1,1,,0,30,0,0,0,0,0,2,2,3
,2019-42892,39.787435,-105.025221,7/15/2019 6:41,6:41,12,0,1,FEDERAL BOULEVARD NORTH & 50TH AVENUE WEST / RIGIS BOULEVARD,1,1,1,0,1,1,,0,35,0,0,0,0,1,2,2,2
,2019-42893,39.787435,-105.025221,8/13/2019 10:02,10:02,12,0,0,FEDERAL BOULEVARD NORTH & 50TH AVENUE WEST,1,1,0,0,1,1,,0,30,0,0,0,0,0,2,2,3
,2019-42894,39.787435,-105.025221,8/30/2019 15:40,15:40,1,0,0,FEDERAL BOULEVARD NORTH & 50TH AVENUE,1,1,0,0,1,1,,0,35,0,0,0,0,0,2,2,13
,2019-42895,39.787435,-105.025221,10/19/2019 13:30,13:30,1,0,0,FEDERAL BOULEVARD NORTH & 50TH AVENUE WEST,1,1,0,0,1,1,,0,35,0,0,0,0,0,2,2,13
,2019-42896,39.787464,-105.025225,12/8/2019 14:32,14:32,14,0,0,REGIS BOULEVARD WEST  & FEDERAL BOULEVARD NORTH,1,1,0,0,1,1,,0,,0,0,0,0,0,2,2,13
,2019-42897,39.787758,-105.02522,8/14/2019 14:45,14:45,6,0,0,FEDERAL BOULEVARD NORTH & 50TH AVENUE,1,1,0,0,1,4,,0,35,0,0,0,0,0,2,3,5
,2019-42898,39.787905,-105.025219,8/2/2019 9:20,9:20,12,0,1,FEDERAL BOULEVARD NORTH & 50TH AVENUE ROAD EAST,1,1,0,0,1,3,,0,35,0,0,0,0,1,2,2,13
,2019-42899,39.788758,-105.025323,10/9/2019 22:07,22:07,3,0,0,FEDERAL BOULEVARD NORTH & 5085 NORTH FEDERAL BOULEVARD,2,3,0,1,1,2,,0,35,0,0,0,0,0,2,2,13
,2019-4290,39.759453,-104.949909,6/3/2019 19:08,19:08,1,0,0,STEELE STREET NORTH & 30TH AVENUE EAST,1,1,0,0,1,1,,0,30,0,0,0,0,0,4,2,13
,2019-42900,39.789081,-105.025205,2/1/2019 11:30,11:30,15,0,0,FEDERAL BOULEVARD 5100 BLOCK NORTH & 51ST AVENUE WEST,1,1,0,0,1,4,,0,35,0,0,0,0,0,2,2,13
,2019-42901,39.789228,-105.025203,2/28/2019 12:08,12:08,3,0,0,51ST AVENUE WEST & FEDERAL BOULEVARD NORTH,1,1,1,0,1,1,,0,25,0,0,0,0,0,2,2,13
,2019-42902,39.791114,-105.025101,5/22/2019 7:35,7:35,12,0,0,FEDERAL BOULEVARD NORTH & 52ND AVENUE WEST,1,1,0,0,1,1,,0,35,0,0,0,0,0,2,2,13
,2019-42903,39.791114,-105.025101,8/10/2019 12:49,12:49,12,0,0,FEDERAL BOULEVARD NORTH & 52ND AVENUE,1,1,0,0,1,1,,0,35,0,0,0,0,0,2,2,13
,2019-42904,39.791114,-105.025101,12/6/2019 16:55,16:55,1,0,2,FEDERAL BOULEVARD NORTH & 52ND AVENUE WEST,1,3,0,0,1,1,,0,35,0,0,0,0,1,2,2,13
,2019-42905,39.791253,-105.025105,11/14/2019 15:28,15:28,12,0,0,FEDERAL BOULEVARD NORTH & 52ND AVENUE WEST,1,1,0,0,1,4,,0,30,0,0,0,0,0,2,2,13
,2019-4291,39.772917,-104.949819,9/24/2019 7:53,7:53,1,0,1,STEELE STREET NORTH & 40TH AVENUE EAST,1,1,0,0,1,1,,0,30,0,0,0,0,1,4,2,13
,2019-4292,39.775122,-104.949801,7/20/2019 11:30,11:30,15,0,0,STEELE STREET NORTH & 42ND AVENUE EAST,1,1,1,0,1,1,,0,25,0,0,0,0,0,4,2,13
,2019-42924,39.73842,-104.976459,9/23/2019 8:39,8:39,3,0,0,14TH AVENUE EAST & EMERSON STREET NORTH,1,1,0,0,1,1,,0,25,0,0,0,0,0,4,2,13
,2019-4293,39.7269009,-104.9494933,1/20/2019 21:44,21:44,6,0,0,STEELE STREET & 4336 NORTH,1,3,0,0,1,4,,0,35,0,0,0,0,0,4,2,5
,2019-42936,39.738285,-104.9303835,1/19/2019 11:37,11:37,10,0,0,14TH AVENUE EAST & EUDORA STREET NORTH,1,1,0,0,1,3,,0,35,0,0,0,0,0,4,2,7
,2019-4294,39.777651,-104.949801,2/18/2019 11:00,11:00,12,0,1,STEELE STREET NORTH & 44TH AVENUE EAST,4,1,0,2,1,3,,0,30,0,0,0,0,1,4,3,3
,2019-4295,39.778911,-104.9498505,4/4/2019 18:05,18:05,3,0,1,STEELE STREET NORTH & 45TH AVENUE EAST,1,1,0,0,1,3,,0,25,0,0,0,0,1,4,2,1
,2019-4296,39.711006,-104.949972,4/27/2019 14:00,14:00,3,0,1,STEELE STREET SOUTH & ALAMEDA AVENUE EAST,1,1,0,0,1,1,,0,25,0,0,0,0,1,4,2,3
,2019-4297,39.71466,-104.949972,2/25/2019 2:30,2:30,12,0,2,STEELE STREET SOUTH & BAYAUD AVENUE EAST,1,3,0,0,1,1,,0,35,0,0,0,0,1,4,2,13
,2019-4298,39.71466,-104.949972,6/12/2019 8:31,8:31,1,0,1,STEELE STREET SOUTH & BAYAUD AVENUE EAST,1,1,0,0,1,1,,0,30,0,0,0,0,1,4,2,13
,2019-4299,39.71466,-104.949972,8/8/2019 22:49,22:49,1,0,0,STEELE STREET SOUTH & BAYAUD AVENUE EAST,1,3,0,0,1,1,,0,25,0,0,0,0,0,4,2,13
,2019-4300,39.71466,-104.949972,9/21/2019 19:30,19:30,15,0,0,STEELE STREET SOUTH & BAYAUD AVENUE EAST,1,2,0,0,1,1,,0,35,0,0,0,0,0,4,2,13
,2019-43005,39.78785643,-104.7906994,10/17/2019 10:30,10:30,15,0,0,PENA BOULEVARD & 7700 BLOCK,1,1,0,0,1,4,,0,45,0,0,0,0,0,4,2,8
,2019-4301,39.71466,-104.949972,10/3/2019 12:06,12:06,15,0,0,STEELE STREET SOUTH & BAYAUD AVENUE EAST,1,1,0,0,1,1,,0,25,0,0,0,0,0,4,2,13
,2019-43016,39.78785643,-104.7906994,6/16/2019 21:25,21:25,5,0,1,PENA BOULEVARD OB & 7800 BLOCK,2,4,0,1,2,4,,0,65,0,0,0,0,2,4,1,14
,2019-43017,39.78785643,-104.7906994,6/14/2019 12:08,12:08,15,0,0,PENA BOULEVARD & 7900 BLOCK,1,1,0,0,1,4,,0,55,0,0,0,0,0,4,2,13
,2019-4302,39.716244,-104.9499585,3/3/2019 11:25,11:25,3,0,0,STEELE STREET NORTH & ELLSWORTH AVENUE EAST,6,1,0,0,1,1,,0,35,0,0,0,0,0,4,2,14
,2019-4303,39.716244,-104.9499585,3/5/2019 17:20,17:20,1,0,0,STEELE STREET NORTH & ELLSWORTH AVENUE EAST,1,1,0,0,1,1,,0,30,0,0,0,0,0,4,2,8
,2019-4304,39.716235,-104.9499585,3/9/2019 21:55,21:55,3,0,0,STEELE STREET SOUTH & ELLSWORTH AVENUE EAST,1,3,0,0,1,1,,0,30,0,0,0,0,0,4,2,1
,2019-4305,39.716244,-104.9499585,4/4/2019 17:27,17:27,1,0,0,STEELE STREET NORTH & ELLSWORTH AVENUE EAST,1,1,0,0,1,1,,0,30,0,0,0,0,0,4,2,8
,2019-4306,39.716244,-104.9499585,6/10/2019 16:47,16:47,3,0,1,STEELE STREET NORTH & ELLSWORTH AVENUE EAST,1,1,0,0,1,1,,0,35,0,0,0,0,1,4,2,13
,2019-4307,39.716244,-104.9499585,11/29/2019 17:40,17:40,6,0,0,STEELE STREET NORTH & ELLSWORTH AVENUE EAST,5,3,0,0,1,3,,0,25,0,0,0,0,0,4,2,12
,2019-4308,39.716244,-104.9499585,11/29/2019 18:45,18:45,1,0,0,STEELE STREET NORTH & ELLSWORTH AVENUE EAST,5,3,0,0,1,1,,0,25,0,0,0,0,0,4,2,1
,2019-4309,39.716235,-104.9499585,12/14/2019 13:17,13:17,1,0,0,STEELE STREET SOUTH & ELLSWORTH AVENUE EAST,1,1,0,0,1,1,,0,35,0,0,0,0,0,4,2,13
,2019-4310,39.687498,-104.9500395,3/12/2019 18:29,18:29,3,0,0,STEELE STREET SOUTH & IOWA AVENUE EAST,1,4,0,0,1,1,,0,30,0,0,0,0,0,4,2,13
,2019-4311,39.685698,-104.9500935,8/6/2019 18:15,18:15,3,0,0,STEELE STREET NORTH & MEXICO AVENUE EAST,1,1,0,0,1,1,,0,25,0,0,0,0,0,4,2,13
,2019-4312,39.685698,-104.9500935,9/4/2019 18:40,18:40,3,0,0,STEELE STREET SOUTH & MEXICO AVENUE EAST,1,1,0,0,1,1,,0,25,0,0,0,0,0,4,2,13
,2019-4313,39.685698,-104.9500935,12/4/2019 17:02,17:02,1,0,1,STEELE STREET SOUTH & MEXICO AVENUE EAST,1,3,0,0,1,1,,0,30,0,0,0,0,1,4,2,13
,2019-4314,39.75534291,-104.9807897,10/11/2019 9:15,9:15,12,0,0,STOUT STREET & 1500 BLOCK,4,1,0,0,1,2,,0,30,0,0,0,0,0,4,2,13
,2019-4315,39.753306,-104.9834205,6/14/2019 15:05,15:05,10,0,0,STOUT STREET & 24TH STREET,1,1,0,0,1,1,,0,30,0,0,0,0,0,4,2,8
,2019-4316,39.753306,-104.9834205,9/14/2019 0:14,0:14,3,0,0,STOUT STREET & 24TH STREET,1,3,0,0,1,1,,0,30,0,0,0,0,0,4,2,13
,2019-4317,39.756132,-104.979771,1/22/2019 11:30,11:30,3,0,0,STOUT STREET & 27TH STREET,1,1,0,0,1,1,,0,25,0,0,0,0,0,4,2,7
,2019-4318,39.756132,-104.979771,1/24/2019 13:04,13:04,10,0,0,STOUT STREET & 27TH STREET,4,1,0,2,1,1,,0,25,0,0,0,0,0,4,2,1
,2019-4319,39.758004,-104.977368,12/4/2019 10:25,10:25,10,0,0,STOUT STREET & 29TH STREET,1,1,0,0,1,1,,0,25,0,0,0,0,0,4,2,8
,2019-4320,39.75237,-104.984631,7/2/2019 14:15,14:15,3,0,0,STOUT STREET & PARK AVENUE WEST,1,1,0,0,1,1,,0,25,0,0,0,0,0,4,2,13
,2019-4321,39.75237,-104.984631,10/30/2019 15:14,15:14,3,0,1,STOUT STREET & PARK AVENUE WEST,5,1,1,0,1,1,,0,30,0,0,0,0,1,4,3,8
,2019-4322,39.741228,-104.999508,1/25/2019 13:54,13:54,15,0,0,STOUT STREET & SPEER BOULEVARD NORTH,1,1,0,0,1,4,,0,25,0,0,0,0,0,4,3,13
,2019-4323,39.741228,-104.999508,10/2/2019 12:27,12:27,12,0,0,STOUT STREET & SPEER BOULEVARD NORTH,1,1,0,0,1,1,,0,25,0,0,0,0,0,4,2,14
,2019-4324,39.741228,-104.999508,11/14/2019 19:55,19:55,15,0,0,STOUT STREET & SPEER BOULEVARD NORTH,1,3,0,0,1,1,,0,35,0,0,0,0,0,4,2,13
,2019-4325,39.741228,-104.999508,11/24/2019 16:05,16:05,3,0,0,STOUT STREET & SPEER BOULEVARD NORTH,1,1,0,0,1,1,,0,30,0,0,0,0,0,4,2,1
,2019-4326,39.763917,-105.0428295,7/16/2019 12:02,12:02,3,0,0,STUART STREET NORTH & 33RD AVENUE WEST,1,1,0,7,1,1,,0,25,0,0,0,0,0,4,2,3
,2019-4327,39.775284,-105.0428205,2/21/2019 18:02,18:02,3,0,0,STUART STREET NORTH & 43RD AVENUE WEST,1,2,1,0,1,1,,0,25,0,0,0,0,0,4,2,13
,2019-4328,39.78262799,-105.0427589,11/30/2019 6:40,6:40,5,0,0,STUART STREET & 675 SOUTH,4,3,1,2,2,3,,0,25,0,0,0,0,0,4,1,14
,2019-43289,39.78785643,-104.7906994,3/20/2019 9:04,9:04,12,0,0,PENA BOULEVARD & 8200 BLOCK,1,1,0,0,1,3,,0,25,0,0,0,0,0,4,3,13
,2019-4329,39.709728,-105.043212,3/14/2019 14:39,14:39,1,0,0,STUART STREET SOUTH & DAKOTA AVENUE WEST,2,1,0,0,1,1,,0,25,0,0,0,0,0,4,2,13
,2019-4330,39.78214406,-104.9592915,1/17/2019 15:00,15:00,5,0,0,YORK STREET & 706 SOUTH,1,1,0,0,2,5,,0,10,0,0,0,0,0,4,1,13
,2019-4331,39.725505,-105.042699,3/19/2019 22:23,22:23,5,0,1,STUART STREET NORTH & SIXTH AVENUE NORTH FRONTAGE ROAD,1,3,0,0,4,1,,0,25,0,0,0,0,1,4,1,5
,2019-43315,39.777015,-104.882642,8/12/2019 14:29,14:29,15,0,1,I270 & CENTRAL PARK AVENUE,1,1,0,0,1,4,,0,55,0,0,0,0,1,1,2,13
,2019-4332,39.703968,-105.0430905,8/3/2019 9:00,9:00,3,0,0,STUART STREET SOUTH & MORRISON ROAD,1,1,0,0,1,1,,0,30,0,0,0,0,0,4,2,13
,2019-4333,39.71052,-105.043221,8/2/2019 18:45,18:45,10,0,0,STUART STREET SOUTH & NEVADA PLACE WEST,1,1,0,0,1,1,,0,25,0,0,0,0,0,4,2,3
,2019-4334,39.67002,-105.04278,9/4/2019 18:08,18:08,3,0,0,STUART STREET SOUTH & VASSAR AVENUE WEST,1,1,0,0,1,1,,0,25,0,0,0,0,0,4,2,7
,2019-4335,39.736836,-104.912811,5/29/2019 21:15,21:15,3,0,0,MONACO PARKWAY NORTH & 13TH AVENUE EAST,1,3,0,0,1,1,,0,,0,0,0,0,0,4,2,13
,2019-4336,39.77027956,-104.8996467,6/8/2019 23:51,23:51,15,0,0,SYRACUSE STREET NORTH & 1100 BLOCK NORTH,2,3,0,1,1,1,,0,30,0,0,0,0,0,4,2,1
,2019-4337,39.77027956,-104.8996467,11/6/2019 9:50,9:50,12,0,0,SYRACUSE STREET NORTH & 1100 BLOCK NORTH,1,1,0,0,1,4,,0,30,0,0,0,0,0,4,2,3
,2019-4338,39.737259,-104.898753,12/11/2019 9:48,9:48,3,0,1,SYRACUSE STREET NORTH & 13TH AVENUE EAST,1,1,0,0,1,1,,0,30,0,0,0,0,2,4,2,13
,2019-43381,39.78785643,-104.7906994,1/22/2019 6:14,6:14,12,0,0,PENA BOULEVARD & 8300 BLOCK,9,3,0,2,1,4,,0,35,0,0,0,0,0,4,2,13
,2019-4339,39.743775,-104.8987485,9/5/2019 17:45,17:45,12,0,0,SYRACUSE STREET NORTH & 17TH AVENUE EAST,1,2,0,0,1,1,,0,30,0,0,0,0,0,4,2,1
,2019-4340,39.743775,-104.8987485,11/19/2019 17:02,17:02,1,0,0,SYRACUSE STREET NORTH & 17TH AVENUE EAST,1,3,0,0,1,1,,0,30,0,0,0,0,0,4,2,1
,2019-4341,39.75102,-104.8987305,3/3/2019 15:28,15:28,3,0,3,SYRACUSE STREET NORTH & 23RD AVENUE EAST,4,1,1,1,1,1,,0,25,0,0,0,0,1,4,2,13
,2019-4342,39.754737,-104.899023,10/25/2019 8:10,8:10,10,0,0,SYRACUSE STREET NORTH & 26TH AVENUE EAST,1,1,0,0,1,1,,0,25,0,0,0,0,0,4,2,13
,2019-4343,39.755961,-104.8990005,4/11/2019 12:39,12:39,3,0,0,SYRACUSE STREET NORTH & 28TH AVENUE EAST,1,1,0,0,1,1,,0,25,0,0,0,0,0,4,2,13
,2019-43436,39.78785643,-104.7906994,7/21/2019 12:10,12:10,15,0,0,PENA BOULEVARD & 8300 BLOCK,1,3,0,0,1,1,,0,20,0,0,0,0,0,4,2,13
,2019-4344,39.763089,-104.8989105,5/30/2019 16:30,16:30,3,0,0,SYRACUSE STREET NORTH & 33RD AVENUE EAST,1,1,0,0,1,2,,0,20,0,0,0,0,0,4,2,13
,2019-4345,39.769353,-104.899698,6/29/2019 12:00,12:00,3,0,0,SYRACUSE STREET NORTH & 38TH AVENUE EAST,1,1,0,0,1,1,,0,25,0,0,0,0,0,4,2,1
,2019-4346,39.725847,-104.8988385,5/31/2019 0:35,0:35,5,0,0,SYRACUSE STREET NORTH & SIXTH AVENUE EAST,1,3,0,0,3,1,,0,30,0,0,0,0,0,4,1,5
,2019-4347,39.628008,-104.899941,11/22/2019 6:56,6:56,3,0,0,SYRACUSE STREET SOUTH & UNION AVENUE EAST,4,1,0,2,1,1,,0,35,0,0,0,0,0,4,2,13
,2019-4349,39.662883,-104.88834,9/16/2019 7:38,7:38,12,0,0,SYRACUSE WAY SOUTH & XANTHIA COURT SOUTH,1,1,0,0,1,1,,0,35,0,0,0,0,0,4,2,3
,2019-4350,39.661902,-104.8871205,5/17/2019 7:20,7:20,15,0,0,SYRACUSE WAY SOUTH & XENIA STREET SOUTH,1,1,0,0,1,1,,0,30,0,0,0,0,0,4,2,13
,2019-4351,39.65318642,-104.8987305,11/23/2019 15:46,15:46,3,0,0,TAMARAC DRIVE & 3615 SOUTH,1,1,0,0,1,2,,0,30,0,0,0,0,0,4,2,13
,2019-4352,39.66012,-104.902407,9/2/2019 18:00,18:00,12,0,0,TAMARAC DRIVE SOUTH & CORNELL AVENUE EAST,1,1,0,0,1,3,,0,25,0,0,0,0,0,4,2,3
,2019-4353,39.654279,-104.8988205,1/12/2019 16:48,16:48,3,0,0,TAMARAC DRIVE SOUTH & GIRARD AVENUE EAST,1,2,0,0,1,1,,0,35,0,0,0,0,0,4,2,13
,2019-4354,39.67866,-105.011028,9/10/2019 11:25,11:25,3,0,0,TEJON STREET SOUTH & EVANS AVENUE WEST,1,1,0,0,1,1,,0,25,0,0,0,0,0,4,2,1
,2019-4355,39.654279,-104.8988205,6/2/2019 17:20,17:20,3,0,0,TAMARAC DRIVE SOUTH & GIRARD AVENUE EAST,1,1,0,0,1,1,,0,35,0,0,0,0,0,4,2,1
,2019-4356,39.654999,-104.895864,11/29/2019 19:28,19:28,3,0,1,TAMARAC DRIVE 3300 SOUTH & PRIVATE ROAD,4,3,0,2,1,1,,0,35,0,0,0,0,1,4,2,13
,2019-4357,39.638673,-104.89266,4/15/2019 15:05,15:05,1,0,0,TAMARAC DRIVE SOUTH & QUINCY AVENUE EAST,1,1,0,0,1,1,,0,30,0,0,0,0,0,4,4,8
,2019-4358,39.638673,-104.89266,5/29/2019 20:18,20:18,3,0,1,TAMARAC DRIVE SOUTH & QUINCY AVENUE EAST,1,2,0,0,1,1,,0,35,0,0,0,0,1,4,2,14
,2019-4359,39.638673,-104.89266,8/20/2019 13:13,13:13,3,0,0,TAMARAC DRIVE SOUTH & QUINCY AVENUE EAST,1,1,0,0,1,1,,0,40,0,0,0,0,0,4,2,3
,2019-4360,39.638664,-104.89266,9/11/2019 11:48,11:48,1,0,1,TAMARAC STREET SOUTH & QUINCY AVENUE EAST,1,1,0,0,1,1,,0,30,0,0,0,0,1,4,2,13
,2019-4361,39.638673,-104.89266,9/12/2019 7:35,7:35,12,0,1,TAMARAC DRIVE SOUTH & QUINCY AVENUE EAST,1,1,0,0,1,1,,0,30,0,0,0,0,1,4,2,13
,2019-4362,39.638664,-104.89266,11/4/2019 17:50,17:50,1,0,0,TAMARAC STREET SOUTH & QUINCY AVENUE EAST,1,2,1,0,1,1,,0,35,0,0,0,0,0,4,2,13