id,drcog_id,latitude,longitude,crashtime,time,crashtype,numbkilled,numbinjurd,drcoglocat,rdconditin,lightngcon,roadcntgrd,weatherco,location,roaddescrp,schoolzone,constrzone,splimit,bikeinv,sctrinv,pedinv,motoinv,svrty,rdsystem,ttlvehcls,hcf
,2019-4363,39.657483,-104.9000805,1/8/2019 19:35,19:35,1,0,0,TAMARAC DRIVE SOUTH & YOSEMITE STREET EAST,1,3,0,0,1,1,,0,30,0,0,0,0,0,4,2,1
,2019-4364,39.760803,-105.0111405,3/16/2019 16:53,16:53,10,0,0,TEJON STREET NORTH & 31ST AVENUE WEST,1,1,1,0,1,1,,0,25,0,0,0,0,0,4,2,8
,2019-4365,39.769281,-105.01119,9/24/2019 19:10,19:10,12,0,0,TEJON STREET NORTH & 38TH AVENUE WEST,1,2,0,0,1,1,,0,25,0,0,0,0,0,4,2,5
,2019-4366,39.66686714,-105.0438277,11/22/2019 7:30,7:30,6,0,0,TENNYSON WAY SOUTH & 2100 BLOCK SOUTH,5,1,1,2,1,4,,0,25,0,0,0,0,0,4,2,13
,2019-4367,39.75849,-105.0439995,5/31/2019 9:50,9:50,12,0,0,TENNYSON STREET NORTH & 29TH AVENUE WEST,1,1,0,0,1,1,,0,25,0,0,0,0,0,4,2,13
,2019-4368,39.75849,-105.0439995,10/29/2019 7:18,7:18,3,0,0,TENNYSON STREET NORTH & 29TH AVENUE WEST,5,1,1,2,1,1,,0,25,0,0,0,0,0,4,2,13
,2019-4369,39.760299,-105.0439995,5/10/2019 20:10,20:10,3,0,0,TENNYSON STREET NORTH & 30TH AVENUE WEST,1,4,1,0,1,1,,0,35,0,0,0,0,0,4,2,1
,2019-4370,39.761208,-105.0440085,8/13/2019 14:25,14:25,12,0,0,TENNYSON STREET NORTH & 31ST AVENUE WEST,1,1,0,0,1,1,,0,25,0,0,0,0,0,4,2,3
,2019-4371,39.763908,-105.0439995,10/4/2019 7:37,7:37,3,0,0,TENNYSON STREET NORTH & 33RD AVENUE WEST,1,1,0,0,1,1,,0,25,0,0,0,0,0,4,2,13
,2019-4372,39.769407,-105.04404,10/26/2019 8:20,8:20,3,0,0,TENNYSON STREET NORTH & 38TH AVENUE WEST,1,1,0,0,1,1,,0,35,0,0,0,0,0,4,2,13
,2019-4373,39.722958,-105.043941,8/24/2019 21:56,21:56,15,0,1,TENNYSON STREET NORTH & FOURTH AVENUE WEST,1,4,0,0,1,1,,0,25,0,0,0,0,1,4,2,3
,2019-4375,39.791088,-105.0439005,2/6/2019 13:55,13:55,12,0,1,TENNYSON STREET NORTH & 52ND AVENUE WEST,5,1,0,2,1,1,,0,35,0,0,0,0,1,4,2,14
,2019-4377,39.694986,-105.0437295,5/5/2019 20:00,20:00,3,0,0,TENNYSON STREET SOUTH & ARIZONA AVENUE WEST,1,3,0,0,1,1,,0,25,0,0,0,0,0,4,2,7
,2019-4378,39.689523,-105.044238,10/4/2019 21:29,21:29,1,0,1,TENNYSON STREET SOUTH & FLORIDA AVENUE WEST,1,3,1,0,1,1,,0,25,0,0,0,0,1,4,2,7
,2019-4379,39.77399742,-104.772078,4/21/2019 13:50,13:50,12,0,0,TOWER ROAD & 4600 BLOCK NORTH,2,1,0,1,1,4,,0,45,0,0,0,0,0,4,2,14
,2019-4380,39.682242,-105.0442695,9/10/2019 19:54,19:54,1,0,1,TENNYSON STREET SOUTH & JEWELL AVENUE WEST,1,3,0,0,1,1,,0,30,0,0,0,0,2,4,2,3
,2019-43804,39.667637,-105.053255,11/27/2019 11:06,11:06,15,0,0,SHERIDAN BOULEVARD SOUTH & YALE AVENUE WEST,5,1,1,0,1,4,,0,40,0,0,0,0,0,2,2,13
,2019-43806,39.667779,-105.0532605,4/25/2019 12:51,12:51,10,0,0,YALE AVENUE WEST & SHERIDAN BOULEVARD SOUTH,1,1,1,0,1,1,,0,25,0,0,0,0,0,2,2,13
,2019-43807,39.667779,-105.0532605,7/6/2019 18:01,18:01,3,0,0,SHERIDAN BOULEVARD SOUTH & YALE AVENUE WEST,1,1,1,0,1,1,,0,45,0,0,0,0,0,2,2,14
,2019-4381,39.785742,-104.838498,1/1/2019 9:19,9:19,3,0,0,TITAN COURT NORTH & ANDREWS DRIVE EAST,4,1,0,0,1,1,,0,25,0,0,0,0,0,4,2,7
,2019-4382,39.77399742,-104.772078,6/25/2019 7:55,7:55,10,0,0,TOWER ROAD NORTH & 4100 BLOCK NORTH,1,1,1,0,1,2,,0,40,0,0,0,0,0,4,2,13
,2019-4383,39.778002,-104.7722715,3/10/2019 9:21,9:21,3,0,1,TOWER ROAD NORTH & 45TH AVENUE EAST,1,1,0,0,1,1,,0,40,0,0,0,0,2,4,2,3
,2019-43838,39.738285,-104.9303835,4/12/2019 18:03,18:03,3,0,0,14TH AVENUE EAST & EUDORA STREET NORTH,1,2,0,0,1,1,,0,30,0,0,0,0,0,4,2,13
,2019-4384,39.778002,-104.7722715,4/5/2019 23:51,23:51,1,0,0,TOWER ROAD NORTH & 45TH AVENUE EAST,1,3,0,0,1,1,,0,45,0,0,0,0,0,4,2,1
,2019-4385,39.778002,-104.7722715,5/29/2019 13:00,13:00,12,0,0,TOWER ROAD NORTH & 45TH AVENUE EAST,1,1,0,0,1,1,,0,40,0,0,0,0,0,4,3,7
,2019-4386,39.778002,-104.7722715,6/6/2019 22:15,22:15,1,0,0,TOWER ROAD NORTH & 45TH AVENUE EAST,1,3,0,0,1,1,,0,40,0,0,0,0,0,4,2,13
,2019-4387,39.778002,-104.7722715,8/8/2019 20:35,20:35,3,0,0,TOWER ROAD NORTH & 45TH AVENUE EAST,1,3,0,0,1,3,,0,35,0,0,0,0,0,4,3,7
,2019-4388,39.778002,-104.7722715,9/5/2019 12:30,12:30,12,0,1,TOWER ROAD NORTH & 45TH AVENUE EAST,1,1,0,0,1,1,,0,45,0,0,0,0,1,4,2,13
,2019-4389,39.778002,-104.7722715,10/22/2019 16:22,16:22,15,0,0,TOWER ROAD NORTH & 45TH AVENUE EAST,1,1,0,0,1,1,,0,45,0,0,0,0,0,4,2,13
,2019-4390,39.781791,-104.772258,1/26/2019 23:15,23:15,3,0,0,TOWER ROAD NORTH & 47TH AVENUE EAST,1,3,0,0,1,1,,0,35,0,0,0,0,0,4,2,13
,2019-43909,39.784193,-105.02521,6/12/2019 11:37,11:37,5,0,0,I70 & FEDERAL BOULEVARD NORTH,1,1,1,0,1,4,,0,55,0,0,0,0,0,2,1,7
,2019-4391,39.781791,-104.772258,6/12/2019 12:50,12:50,3,0,0,TOWER ROAD NORTH & 47TH AVENUE EAST,1,1,0,0,1,1,,0,40,0,0,0,1,0,4,2,13
,2019-4392,39.781791,-104.772258,8/9/2019 0:58,0:58,3,0,0,TOWER ROAD NORTH & 47TH AVENUE EAST,1,4,0,0,1,1,,0,45,0,0,0,0,0,4,2,13
,2019-4393,39.785886,-104.77224,7/30/2019 17:41,17:41,1,0,1,TOWER ROAD NORTH & 49TH AVENUE EAST,2,1,0,1,1,1,,0,45,0,0,0,0,2,4,3,1
,2019-4394,39.785886,-104.77224,8/17/2019 12:00,12:00,1,0,1,TOWER ROAD NORTH & 49TH AVENUE EAST,1,1,0,0,1,1,,0,45,0,0,0,0,2,4,2,3
,2019-4395,39.785886,-104.77224,11/4/2019 18:01,18:01,10,0,0,TOWER ROAD NORTH & 49TH AVENUE EAST,1,3,0,0,1,1,,0,40,0,0,0,0,0,4,2,3
,2019-4396,39.787371,-104.772249,12/3/2019 16:48,16:48,3,0,0,TOWER ROAD NORTH & 50TH AVENUE EAST,2,2,0,0,1,3,,0,40,0,0,0,0,0,4,2,13
,2019-4398,39.78954,-104.772231,9/24/2019 13:26,13:26,3,0,0,TOWER ROAD NORTH & 51ST AVENUE EAST,1,1,0,0,1,1,,0,30,0,0,0,0,0,4,2,13
,2019-4399,39.78954,-104.772231,10/24/2019 7:30,7:30,3,0,5,TOWER ROAD NORTH & 51ST AVENUE EAST,2,1,0,0,1,1,,0,25,0,0,0,0,1,4,2,13
,2019-4400,39.798243,-104.7721815,5/31/2019 5:45,5:45,12,0,0,TOWER ROAD NORTH & 56TH AVENUE EAST,1,1,0,0,1,1,,0,45,0,0,0,0,0,4,2,13
,2019-4401,39.798243,-104.7721815,12/5/2019 17:11,17:11,1,0,1,TOWER ROAD NORTH & 56TH AVENUE EAST,2,3,0,1,1,1,,0,45,0,0,0,0,1,4,2,13
,2019-4402,39.807324,-104.7721995,10/25/2019 15:49,15:49,12,0,0,TOWER ROAD NORTH & 61ST AVENUE EAST,1,1,0,0,1,1,,0,45,0,0,0,0,0,4,2,13
,2019-44024,39.784193,-105.02521,11/10/2019 23:53,23:53,12,0,0,FEDERAL BOULEVARD NORTH & I70,2,3,0,1,1,4,,0,35,0,0,0,0,0,2,2,13
,2019-4403,39.8094237,-104.7719847,12/5/2019 13:25,13:25,1,0,0,TOWER ROAD 6200 BLOCK NORTH & 62ND AVENUE EAST,2,1,0,0,1,1,,0,40,0,0,0,0,0,4,2,13
,2019-4404,39.811059,-104.7722085,1/4/2019 20:30,20:30,3,0,0,TOWER ROAD NORTH & 63RD AVENUE EAST,1,4,0,0,1,1,,0,40,0,0,0,0,0,4,2,13
,2019-4405,39.812877,-104.7722085,4/25/2019 9:18,9:18,15,0,0,TOWER ROAD NORTH & 64TH AVENUE EAST,1,1,0,0,1,1,,0,25,0,0,0,0,0,4,2,13
,2019-4406,39.812877,-104.7722085,11/27/2019 8:50,8:50,12,0,0,TOWER ROAD NORTH & 64TH AVENUE EAST,4,1,0,0,1,1,,0,40,0,0,0,0,0,4,2,13
,2019-44068,39.7254,-105.053138,6/28/2019 18:46,18:46,3,0,0,SHERIDAN BOULEVARD NORTH & HIGHWAY 6 EASTBOUND OFF RAMP,1,1,0,0,1,1,,0,35,0,0,0,0,0,2,2,13
,2019-4407,39.814596,-104.772168,1/10/2019 6:51,6:51,12,0,0,TOWER ROAD NORTH & 65TH AVENUE EAST,1,1,0,0,1,1,,0,40,0,0,0,0,0,4,2,8
,2019-4408,39.814596,-104.772168,9/11/2019 11:46,11:46,3,0,0,TOWER ROAD NORTH & 65TH AVENUE EAST,1,1,0,0,1,1,,0,45,0,0,0,0,0,4,2,14
,2019-4409,39.81825,-104.772114,7/18/2019 15:30,15:30,15,0,0,TOWER ROAD NORTH & 67TH AVENUE EAST,1,1,0,0,1,1,,0,15,0,0,0,0,0,4,2,13
,2019-44091,39.726183,-105.053139,12/14/2019 0:05,0:05,5,0,1,SHERIDAN BOULEVARD & HIGHWAY 6 WB OFF RAMP,1,3,1,0,3,1,,0,35,0,0,0,0,2,2,1,5
,2019-4410,39.81825,-104.772114,10/10/2019 6:55,6:55,5,0,0,TOWER ROAD NORTH & 67TH AVENUE EAST,5,1,0,2,2,4,,0,45,0,0,0,0,0,4,2,7
,2019-4411,39.820077,-104.7720735,6/20/2019 14:42,14:42,1,0,2,TOWER ROAD NORTH & 68TH AVENUE EAST,2,1,0,1,1,1,,0,45,0,0,0,0,2,4,2,13
,2019-4412,39.820077,-104.7720735,9/3/2019 14:10,14:10,1,0,1,TOWER ROAD NORTH & 68TH AVENUE EAST,1,1,0,0,1,1,,0,45,0,0,0,0,1,4,2,13
,2019-4413,39.821868,-104.7720285,1/20/2019 11:30,11:30,3,0,0,TOWER ROAD NORTH & 69TH AVENUE EAST,1,1,0,0,1,1,,0,40,0,0,0,0,0,4,2,1
,2019-4414,39.821868,-104.7720285,3/24/2019 19:51,19:51,3,0,1,TOWER ROAD NORTH & 69TH AVENUE EAST,1,3,0,0,1,1,,0,30,0,0,0,0,1,4,2,13
,2019-4415,39.821868,-104.7720285,4/10/2019 19:25,19:25,1,0,0,TOWER ROAD NORTH & 69TH AVENUE EAST,4,2,0,2,1,1,,0,45,0,0,0,0,0,4,2,13
,2019-4416,39.821868,-104.7720285,4/18/2019 22:24,22:24,3,0,0,TOWER ROAD NORTH & 69TH AVENUE EAST,1,3,0,0,1,1,,0,25,0,0,0,0,0,4,2,13
,2019-4418,39.821868,-104.7720285,5/3/2019 7:15,7:15,1,0,0,TOWER ROAD NORTH & 69TH AVENUE EAST,1,1,0,0,1,1,,0,40,0,0,0,0,0,4,2,13
,2019-4419,39.821868,-104.7720285,5/13/2019 10:10,10:10,3,0,1,TOWER ROAD NORTH & 69TH AVENUE EAST,1,1,0,0,1,1,,0,25,0,0,0,0,2,4,2,14
,2019-4420,39.821868,-104.7720285,9/11/2019 7:50,7:50,15,0,0,TOWER ROAD NORTH & 69TH AVENUE EAST,1,1,0,0,1,1,,0,45,0,0,0,0,0,4,2,1
,2019-4421,39.825495,-104.771961,10/2/2019 11:46,11:46,15,0,0,TOWER ROAD NORTH & 71ST AVENUE EAST,1,1,0,0,1,1,,0,40,0,0,0,0,0,4,2,13
,2019-4422,39.792591,-104.7721995,2/28/2019 15:05,15:05,10,0,0,TOWER ROAD & ELEMENDORF DRIVE EAST,1,1,0,0,1,1,,0,45,0,0,0,0,0,4,2,7
,2019-4423,39.792591,-104.7721995,1/31/2019 5:40,5:40,3,0,0,TOWER ROAD NORTH & ELMENDORF DRIVE EAST,1,3,0,0,1,1,,0,45,0,0,0,0,0,4,2,1
,2019-4424,39.792591,-104.7721995,3/3/2019 14:00,14:00,3,0,0,TOWER ROAD NORTH & ELMENDORF DRIVE EAST,6,1,0,2,1,1,,0,45,0,0,0,0,0,4,3,7
,2019-4425,39.792591,-104.7721995,3/12/2019 7:38,7:38,15,0,0,TOWER ROAD NORTH & ELMENDORF DRIVE EAST,1,1,0,0,1,1,,0,45,0,0,0,0,0,4,2,14
,2019-44250,39.738285,-104.9303835,6/7/2019 8:57,8:57,3,0,1,14TH AVENUE EAST & EUDORA STREET NORTH,1,1,0,0,1,1,,0,30,0,0,0,0,1,4,2,13
,2019-4426,39.783609,-104.772222,5/15/2019 7:48,7:48,1,0,1,TOWER ROAD NORTH & GREEN VALLEY RANCH BOULEVARD,1,1,0,0,1,1,,0,25,0,0,0,0,1,4,2,14
,2019-4427,39.783609,-104.772222,10/17/2019 16:43,16:43,12,0,0,TOWER ROAD NORTH & GREEN VALLEY RANCH BOULEVARD EAST,1,1,0,0,1,1,,0,45,0,0,0,0,0,4,2,13
,2019-4428,39.783609,-104.772222,4/12/2019 8:40,8:40,12,0,0,TOWER ROAD NORTH & GREEN VALLEY RANCH BOULEVARD EAST,1,1,0,0,1,1,,0,35,0,0,0,0,0,4,2,1
,2019-4429,39.783609,-104.772222,9/6/2019 7:42,7:42,1,0,0,TOWER ROAD NORTH & GREEN VALLEY RANCH BOULEVARD EAST,1,1,0,0,1,1,,0,40,0,0,0,0,0,4,2,13
,2019-4430,39.783609,-104.772222,11/15/2019 15:00,15:00,3,0,0,TOWER ROAD NORTH & GREEN VALLEY RANCH BOULEVARD EAST,1,1,0,0,1,1,,0,40,0,0,0,0,0,4,2,3
,2019-4431,39.833388,-104.771979,4/8/2019 12:57,12:57,1,0,0,TOWER ROAD NORTH & PENA BOULEVARD,1,1,0,0,1,1,,0,45,0,0,0,0,0,4,3,13
,2019-4432,39.833388,-104.771979,7/1/2019 13:00,13:00,3,0,0,TOWER ROAD & PENA BOULEVARD,1,1,0,0,1,1,,0,,0,0,0,0,0,4,2,7
,2019-4433,39.833388,-104.771979,7/5/2019 18:23,18:23,3,0,0,TOWER ROAD NORTH & PENA BOULEVARD INBOUND,2,1,0,1,1,1,,0,45,0,0,0,0,0,4,2,13
,2019-4434,39.833388,-104.771979,8/10/2019 15:23,15:23,1,0,0,TOWER ROAD NORTH & PENA BOULEVARD,1,1,0,0,1,1,,0,45,0,0,0,0,0,4,2,14
,2019-4435,39.833388,-104.771979,8/19/2019 11:24,11:24,1,0,0,TOWER ROAD NORTH & PENA BOULEVARD INBOUND,1,1,0,0,1,1,,0,45,0,0,0,0,0,4,2,1
,2019-4436,39.833388,-104.771979,9/19/2019 12:56,12:56,9,0,0,TOWER ROAD NORTH & PENA BOULEVARD EASTBOUND OFF RAMP,1,1,0,0,1,1,,0,35,0,0,0,0,0,4,1,13
,2019-44364,39.7975427,-104.7690431,12/27/2019 0:10,0:10,6,0,0,ARGONNE COURT NORTH & ROBINS DRIVE EAST,1,3,0,0,1,4,,0,,0,0,0,0,0,4,2,13
,2019-4437,39.833388,-104.771979,9/22/2019 17:29,17:29,1,0,0,TOWER ROAD & PENA BOULEVARD,1,1,0,0,1,1,,0,35,0,0,0,0,0,4,2,8
,2019-4438,39.833388,-104.771979,12/6/2019 20:34,20:34,1,0,3,TOWER ROAD NORTH & PENA BOULEVARD INBOUND,1,4,0,0,1,1,,0,45,0,0,0,0,1,4,2,13
,2019-44386,39.738294,-104.9280615,4/10/2019 11:46,11:46,10,0,0,14TH AVENUE EAST & FAIRFAX AVENUE NORTH,2,1,0,1,1,1,,0,30,0,0,0,0,0,4,2,8
,2019-4439,39.75511755,-104.9740933,8/29/2019 12:40,12:40,15,0,0,TREMONT PLACE & 1400 BLOCK,1,1,0,0,1,4,,0,30,0,0,0,0,0,4,2,13
,2019-4440,39.742245,-104.99076,10/24/2019 20:59,20:59,3,0,0,TREMONT PLACE & 15TH STREET,1,3,1,0,1,1,,0,30,0,0,0,0,0,4,2,13
,2019-4441,39.743181,-104.9895405,6/27/2019 12:55,12:55,12,0,1,TREMONT PLACE & 16TH STREET,1,1,0,0,1,4,,0,25,0,0,0,0,1,4,2,14
,2019-4442,39.744081,-104.9882805,9/11/2019 19:34,19:34,10,0,0,TREMONT PLACE & 17TH STREET,2,3,0,1,1,1,,0,25,0,0,0,0,0,4,2,8
,2019-4443,39.75511755,-104.9740933,9/17/2019 14:29,14:29,15,0,0,TREMONT PLACE & 2100 BLOCK,1,1,0,0,1,4,,0,25,0,0,0,0,0,4,2,3
,2019-4444,39.751578,-104.978718,5/18/2019 15:52,15:52,3,0,0,TREMONT PLACE & 25TH STREET,1,1,0,0,1,1,,0,25,0,0,0,0,0,4,2,13
,2019-4445,39.744855,-104.9873895,2/25/2019 8:15,8:15,12,0,0,TREMONT PLACE & BROADWAY STREET,1,1,0,0,1,1,,0,25,0,0,0,0,0,4,2,13
,2019-4446,39.760056,-104.8964085,9/13/2019 7:13,7:13,6,0,0,TRENTON STREET & 1410 TRENTON STREET,1,1,0,0,1,4,,0,25,0,0,0,0,0,4,2,6
,2019-4447,39.76165785,-104.8963689,4/20/2019 7:30,7:30,6,0,0,TRENTON STREET & 1660 NORTH,1,1,0,0,1,4,,0,25,0,0,0,0,0,4,2,13
,2019-4448,39.760056,-104.8964085,4/24/2019 10:30,10:30,6,0,0,TRENTON STREET & 3241 TRENTON STREET,1,1,0,0,1,5,,0,15,0,0,0,0,0,4,2,3
,2019-4449,39.747438,-104.8963725,4/1/2019 12:30,12:30,12,0,0,TRENTON STREET NORTH & MONTVIEW BOULEVARD EAST,1,1,0,0,1,1,,0,25,0,0,0,0,0,4,2,3
,2019-44498,39.833039,-104.746844,3/8/2019 20:15,20:15,5,0,0,E470 SOUTHBOUND OFF LOOP RAMP EXIT GORE POINT & PENA BOULEVARD,2,3,0,0,2,7,,0,,0,0,0,0,0,2,1,7
,2019-4450,39.785634,-104.89626,2/1/2019 23:55,23:55,5,0,0,TRENTON STREET NORTH & NORTHFIELD BOULEVARD EAST,1,3,0,0,2,1,,0,30,0,0,0,0,0,4,1,5
,2019-44500,39.833189,-104.746847,10/10/2019 8:03,8:03,15,0,6,E470 NORTHBOUND ENTRANCE LOOP GORE POINT FROM & PENA BOULEVARD EASTBOUND,6,1,0,2,1,4,,0,35,0,0,0,0,1,2,2,14
,2019-44501,39.83394,-104.746859,5/4/2019 17:38,17:38,9,0,0,E470 NORTHBOUND OFF RAMP & PENA BOULEVARD,1,1,0,0,3,7,,0,60,0,0,0,0,0,2,1,12
,2019-44502,39.834236,-104.746855,2/14/2019 13:00,13:00,12,0,0,E470 & PENA BOULEVARD,1,1,0,0,1,4,,0,,0,0,0,0,0,2,2,14
,2019-44504,39.834236,-104.746855,1/1/2019 7:10,7:10,15,0,2,PENA BOULEVARD & E470 'K' DISTRIBUTOR RAMP APPROXIMATELY,2,1,0,2,1,4,,0,65,0,0,0,0,2,2,2,5
,2019-44505,39.834236,-104.746855,1/29/2019 0:09,0:09,5,0,0,PENA BOULEVARD 7100 BLOCK & E470,1,3,0,0,2,4,,0,65,0,0,0,0,0,2,1,2
,2019-44506,39.834236,-104.746855,6/6/2019 8:15,8:15,15,0,0,PENA BOULEVARD & E470,1,1,0,0,1,4,,0,65,0,0,0,0,0,2,2,7
,2019-44507,39.834236,-104.746855,12/8/2019 0:09,0:09,12,0,2,PENA BOULEVARD 7200 BLOCK & E470,1,3,0,0,1,4,,0,65,0,0,0,0,1,2,2,3
,2019-44508,39.834442,-104.746852,10/29/2019 17:35,17:35,5,0,0,E470 & PENA BOULEVARD,10,3,0,2,3,4,,0,75,0,0,0,0,0,2,2,1
,2019-44509,39.834442,-104.746852,3/1/2019 18:58,18:58,5,0,1,E470 SOUTHBOUND OFF RAMP TO WB PENA BOULEVARD & PENA BOULEVARD,1,3,0,0,2,7,,0,,0,0,0,0,2,2,1,10
,2019-4451,39.785067,-104.84244,2/13/2019 11:50,11:50,15,0,0,TROY STREET NORTH & ANDREWS DRIVE EAST,1,1,0,0,1,1,,0,25,0,0,0,0,0,4,2,13
,2019-44510,39.844096,-104.746747,3/6/2019 0:26,0:26,5,0,0,E470 & MM 28.5,6,4,0,0,2,4,,0,55,0,0,0,0,0,2,1,13
,2019-44511,39.844096,-104.746747,9/17/2019 9:05,9:05,15,0,0,E470 & MM 28.5 / 8100 BLOCK,1,1,1,0,1,4,,0,75,0,0,0,0,0,2,2,1
,2019-4452,39.79467481,-104.8391237,6/2/2019 4:10,4:10,6,0,0,TUCSON STREET NORTH & 5500 BLOCK NORTH,1,4,0,0,1,4,,0,25,0,0,0,0,0,4,4,5
,2019-4453,39.634542,-105.0486615,8/5/2019 13:18,13:18,8,0,0,TUFTS AVENUE WEST & 4300 WEST TUFTS AVENUE,1,1,0,0,1,2,,0,25,0,0,0,0,0,4,2,13
,2019-4454,39.633831,-104.8942395,2/21/2019 12:55,12:55,10,0,0,TUFTS AVENUE EAST & 8181 EAST TUFTS AVENUE,1,1,1,0,1,2,,0,30,0,0,0,0,0,4,2,13
,2019-4455,39.632931,-105.0900615,2/7/2019 6:04,6:04,3,0,1,TUFTS AVENUE WEST & BALSAM WAY SOUTH,5,2,0,0,1,1,,0,30,0,0,0,0,1,4,2,13
,2019-4456,39.633417,-104.893272,3/19/2019 11:07,11:07,3,0,0,TUFTS AVENUE EAST & DTC BOULEVARD SOUTH,1,1,1,0,1,1,,0,35,0,0,0,0,0,4,2,13
,2019-4457,39.76893259,-104.8924792,5/11/2019 2:15,2:15,6,0,0,UINTA STREET & 1400 BLOCK NORTH,1,3,0,0,1,4,,0,25,0,0,0,0,0,4,2,13
,2019-4458,39.765258,-104.8925385,11/9/2019 11:07,11:07,3,0,0,UINTA STREET NORTH & 35TH AVENUE EAST,1,1,0,0,1,1,,0,25,0,0,0,0,0,4,2,13
,2019-44585,39.7394,-105.0345,11/30/2019 12:30,12:30,6,0,0,LOWELL BOULEVARD NORTH & 13TH AVENUE WEST,5,1,1,6,1,4,,0,30,0,0,0,0,0,4,2,7
,2019-44589,39.736822,-104.964772,10/20/2019 2:50,2:50,6,0,0,13TH AVENUE EAST & HIGH STREET NORTH,1,3,0,0,1,4,,0,30,0,0,0,0,0,4,3,14
,2019-4459,39.787047,-104.8932225,4/19/2019 11:37,11:37,3,0,1,UINTA STREET NORTH & 49TH PLACE EAST,1,1,0,0,1,1,,0,25,0,0,0,0,1,4,2,1
,2019-4460,39.7258335,-104.8920795,10/31/2019 8:45,8:45,12,0,1,UINTA WAY NORTH & SIXTH AVENUE EAST,4,1,0,0,1,1,,0,25,0,0,0,0,1,4,2,13
,2019-4461,39.719943,-104.890932,10/9/2019 16:00,16:00,12,0,0,UINTA WAY NORTH & LOWRY BOULEVARD EAST,1,1,0,0,1,6,,0,20,0,0,0,0,0,4,2,13
,2019-4462,39.738681,-104.89401,5/15/2019 18:42,18:42,12,0,0,ULSTER STREET NORTH & 14TH AVENUE EAST,1,1,0,0,1,4,,0,25,0,0,0,0,0,4,2,13
,2019-4463,39.624201,-104.89473,3/29/2019 14:20,14:20,12,0,0,ULSTER STREET SOUTH & BELLEVIEW AVENUE EAST,1,1,0,0,1,1,,0,30,0,0,0,0,0,4,2,14
,2019-44631,39.76522075,-104.8903515,12/1/2019 2:39,2:39,5,0,0,35TH AVENUE & 7200 BLOCK EAST,5,3,0,0,3,1,,0,25,0,0,0,0,0,4,1,1
,2019-4464,39.624201,-104.89473,4/27/2019 13:53,13:53,12,0,0,ULSTER STREET SOUTH & BELLEVIEW AVENUE EAST,1,1,0,0,1,1,,0,40,0,0,0,0,0,4,2,13
,2019-44646,39.769263,-104.904522,1/16/2019 7:53,7:53,6,0,0,38TH AVENUE EAST & POPLAR STREET NORTH,1,1,0,0,1,1,,0,,0,0,0,0,0,4,2,13
,2019-4465,39.624201,-104.89473,6/1/2019 3:22,3:22,5,0,0,ULSTER STREET SOUTH & BELLEVIEW AVENUE EAST,1,3,1,0,3,4,,0,35,0,0,0,0,0,4,1,5
,2019-4466,39.631608,-104.8974615,4/3/2019 12:07,12:07,3,0,0,ULSTER STREET SOUTH & TUFTS AVENUE EAST,1,1,1,0,1,1,,0,35,0,0,0,0,0,4,2,1
,2019-4467,39.629466,-104.8953285,7/22/2019 8:22,8:22,1,0,0,ULSTER STREET SOUTH & UNION AVENUE EAST,1,1,0,0,1,1,,0,35,0,0,0,0,0,4,2,13
,2019-4468,39.629466,-104.8953285,8/8/2019 8:00,8:00,3,0,0,ULSTER STREET SOUTH & UNION AVENUE EAST,1,1,0,0,1,1,,0,35,0,0,0,0,0,4,3,13
,2019-4469,39.735216,-105.01236,8/5/2019 10:27,10:27,3,0,0,UMATILLA STREET NORTH & 12TH AVENUE WEST,1,1,1,0,1,1,,0,25,0,0,0,0,0,4,2,13
,2019-4470,39.736908,-105.012342,12/13/2019 7:30,7:30,3,0,0,UMATILLA STREET NORTH & 13TH AVENUE WEST,1,1,0,0,1,1,,0,30,0,0,0,0,0,4,2,13
,2019-4471,39.78564246,-104.8975206,9/9/2019 5:57,5:57,6,0,0,UMATIL STREET NORTH & 4100 BLOCK NORTH,2,4,0,1,1,4,,0,25,0,0,0,0,0,4,2,3
,2019-4472,39.631356,-104.8923,5/19/2019 14:50,14:50,1,0,2,UNION AVENUE EAST & DTC BOULEVARD SOUTH,1,1,0,0,1,1,,0,40,0,0,0,0,1,4,2,1
,2019-4473,39.631356,-104.8923,12/30/2019 12:55,12:55,3,0,0,UNION AVENUE EAST & DTC BOULEVARD SOUTH,4,1,0,0,1,1,,0,35,0,0,0,0,0,4,2,13
,2019-4474,39.627603,-104.9089995,8/27/2019 18:20,18:20,3,0,0,UNION AVENUE EAST & NIAGARA STREET SOUTH,1,1,0,0,1,1,,0,25,0,0,0,0,0,4,2,13
,2019-4475,39.628008,-104.899941,12/4/2019 17:52,17:52,3,0,0,UNION AVENUE EAST & SYRACUSE STREET SOUTH,1,4,0,0,1,1,,0,35,0,0,0,0,0,4,2,13
,2019-4476,39.629466,-104.8953285,1/14/2019 11:40,11:40,10,0,0,UNION AVENUE EAST & ULSTER STREET SOUTH,1,1,1,0,1,1,,0,30,0,0,0,0,0,4,2,13
,2019-4477,39.629466,-104.8953285,10/22/2019 18:00,18:00,12,0,0,UNION AVENUE EAST & ULSTER STREET SOUTH,1,1,0,0,1,3,,0,25,0,0,0,0,0,4,2,2
,2019-4478,39.631338,-104.8853115,12/18/2019 17:17,17:17,1,0,0,UNION AVENUE EAST & YOSEMITE STREET SOUTH,1,2,1,0,1,1,,0,30,0,0,0,0,0,4,2,13
,2019-4479,39.787047,-104.8932225,4/10/2019 12:50,12:50,3,0,0,UNITA STREET NORTH & 49TH PLACE EAST,2,1,0,1,1,1,,0,5,0,0,0,0,0,4,2,13
,2019-4480,39.787047,-104.8932225,8/22/2019 12:44,12:44,10,0,0,UNITA STREET NORTH & 49TH PLACE EAST,1,1,0,0,1,1,,0,25,0,0,0,0,0,4,2,13