id,drcog_id,latitude,longitude,crashtime,time,crashtype,numbkilled,numbinjurd,drcoglocat,rdconditin,lightngcon,roadcntgrd,weatherco,location,roaddescrp,schoolzone,constrzone,splimit,bikeinv,sctrinv,pedinv,motoinv,svrty,rdsystem,ttlvehcls,hcf
,2019-4481,39.747447,-104.89284,6/6/2019 7:17,7:17,3,0,0,UNITA STREET NORTH & MONTVIEW BOULEVARD EAST,1,1,0,0,1,1,,0,25,0,0,0,0,0,4,2,13
,2019-44816,39.78184,-104.9786,12/28/2019 5:00,5:00,5,0,0,WASHINGTON STREET NORTH & 47TH AVENUE EAST,4,3,0,2,3,4,,0,35,0,0,0,0,0,4,1,13
,2019-4482,39.67400199,-104.9594049,5/29/2019 15:50,15:50,12,0,0,UNIVERSITY BOULEVARD SOUTH & 1300 BLOCK SOUTH,1,1,0,0,1,3,,0,30,0,0,0,0,0,4,3,3
,2019-44826,39.73308,-105.0498,11/27/2019 15:05,15:05,3,0,0,10TH AVENUE WEST & XAVIER STREET NORTH,4,1,0,0,1,1,,0,35,0,0,0,0,0,4,2,13
,2019-44827,39.73386,-104.9929,12/26/2019 16:04,16:04,3,0,0,11TH AVENUE WEST & DELAWARE STREET NORTH,1,1,0,0,1,1,,0,30,0,0,0,0,0,4,2,1
,2019-44828,39.737133,-104.912439,12/28/2019 6:54,6:54,5,0,0,13TH AVENUE EAST & MONACO STREET NORTH,4,1,1,2,3,1,,0,30,0,0,0,0,0,4,1,13
,2019-44829,39.735258,-104.992942,12/10/2019 17:10,17:10,3,0,0,12TH AVENUE WEST & DELAWARE STREET NORTH,1,2,0,0,1,1,,0,25,0,0,0,0,0,4,2,8
,2019-44830,39.735625,-104.905817,12/19/2019 16:10,16:10,3,0,0,12TH AVENUE EAST & PONTIAC STREET NORTH,1,2,0,0,1,1,,0,25,0,0,0,0,0,4,2,1
,2019-44831,39.736775,-104.985494,11/29/2019 10:00,10:00,6,0,0,13TH AVENUE EAST & 100 BLOCK EAST,1,1,0,0,1,4,,0,25,0,0,0,0,0,4,2,13
,2019-44833,39.736472,-104.9395,11/16/2019 8:00,8:00,12,0,0,13TH AVENUE EAST & ALBION STREET NORTH,1,1,0,6,1,4,,0,30,0,0,0,0,0,4,2,3
,2019-44834,39.736814,-104.957442,12/22/2019 20:20,20:20,3,0,0,13TH AVENUE EAST & COLUMBINE STREET NORTH,1,3,0,0,1,1,,0,30,0,0,0,0,0,4,3,14
,2019-44835,39.693711,-105.026314,12/29/2019 11:32,11:32,6,0,0,ALABAMA PLACE WEST & GROVE STREET SOUTH,5,1,0,0,1,4,,0,25,0,0,0,0,0,4,2,7
,2019-44836,39.736869,-104.97645,12/30/2019 3:50,3:50,3,0,0,13TH AVENUE EAST & EMERSON STREET NORTH,10,3,1,0,1,1,,0,30,0,0,0,0,0,4,2,13
,2019-44837,39.736708,-104.940669,12/10/2019 17:59,17:59,10,0,0,13TH AVENUE EAST & HARRISON STREET NORTH ALLEY,1,3,0,0,1,5,,0,30,0,0,0,0,0,4,2,8
,2019-44838,39.73681,-104.9585,12/28/2019 20:15,20:15,3,0,1,13TH AVENUE EAST & JOSEPHINE STREET NORTH,4,3,1,2,1,1,,0,35,0,0,0,0,1,4,2,13
,2019-44839,39.73688,-104.9823,12/30/2019 10:05,10:05,12,0,0,13TH AVENUE EAST & LOGAN STREET NORTH,5,1,0,0,1,1,,0,30,0,0,0,0,0,4,2,13
,2019-4484,39.718188,-104.9593095,1/25/2019 16:10,16:10,15,0,0,UNIVERSITY BOULEVARD NORTH & FIRST AVENUE EAST,1,1,0,0,1,1,,0,35,0,0,0,0,0,4,2,13
,2019-44840,39.736886,-104.982306,12/30/2019 10:35,10:35,12,0,0,13TH AVENUE EAST & LOGAN STREET NORTH,5,1,0,0,1,1,,0,30,0,0,0,0,0,4,2,13
,2019-44841,39.736886,-104.982303,12/30/2019 10:40,10:40,12,0,0,13TH AVENUE 400 BLOCK EAST & LOGAN STREET NORTH,5,1,0,0,1,4,,0,30,0,0,0,0,0,4,2,13
,2019-44842,39.73826,-104.9178,12/29/2019 14:10,14:10,10,0,0,14TH AVENUE EAST & JASMINE STREET NORTH,12,1,0,0,1,1,,0,30,0,0,0,0,0,4,2,5
,2019-44843,39.738294,-104.930381,12/26/2019 13:39,13:39,3,0,0,14TH AVENUE EAST & EUDORA STREET NORTH,1,1,0,0,1,1,,0,25,0,0,0,0,0,4,2,6
,2019-44844,39.73843,-104.9835,12/9/2019 13:10,13:10,3,0,0,14TH AVENUE EAST & GRANT STREET NORTH,1,1,0,0,1,1,,0,30,0,0,0,0,0,4,2,13
,2019-44845,39.738422,-104.974714,12/3/2019 8:15,8:15,15,0,0,1000 BLOCK EAST 14TH AVENUE & OGDEN STREET NORTH,2,1,0,0,1,4,,0,,0,0,0,0,0,4,2,13
,2019-44846,39.7387,-104.90695,12/21/2019 23:53,23:53,3,0,1,14TH AVENUE EAST & OLIVE STREET NORTH,1,3,0,0,1,1,,0,,0,0,0,0,1,4,2,13
,2019-44847,39.738472,-105.036986,12/22/2019 12:15,12:15,14,0,0,14TH AVENUE 3800 BLOCK WEST & OSCEOLA STREET NORTH,1,1,0,0,1,4,,0,30,0,0,0,0,0,4,2,13
,2019-44848,39.738425,-104.979908,12/18/2019 13:20,13:20,15,0,0,14TH AVENUE EAST & PEARL STREET NORTH,1,1,0,0,1,1,,0,30,0,0,0,0,0,4,2,9
,2019-44849,39.738703,-104.892864,12/29/2019 11:28,11:28,10,0,0,14TH AVENUE EAST & UINTA STREET NORTH,4,1,0,0,1,1,,0,30,0,0,0,0,0,4,2,8
,2019-4485,39.718188,-104.9593095,5/10/2019 19:45,19:45,15,0,0,UNIVERSITY BOULEVARD NORTH & FIRST AVENUE EAST,1,1,0,0,1,1,,0,5,0,0,0,0,0,4,2,13
,2019-44851,39.738389,-104.959778,12/22/2019 18:48,18:48,10,0,0,14TH AVENUE EAST & YORK STREET NORTH,1,3,0,0,1,1,,0,30,0,0,0,0,0,4,2,1
,2019-44852,39.747572,-104.993011,10/20/2019 14:48,14:48,15,0,0,17TH STREET 900 BLOCK & CHAMPA STREET,1,1,0,0,1,1,,0,30,0,0,0,0,0,4,2,13
,2019-44853,39.748136,-104.993622,12/28/2019 11:10,11:10,10,0,0,17TH STREET & CURTIS STREET,4,1,0,2,1,1,,0,30,0,0,0,0,0,4,2,13
,2019-44854,39.743947,-105.028386,12/29/2019 17:51,17:51,3,0,0,17TH AVENUE WEST & HOOKER STREET NORTH,6,3,0,0,1,1,,0,30,0,0,0,0,0,4,3,13
,2019-44855,39.743275,-104.985489,11/30/2019 2:52,2:52,3,0,0,17TH AVENUE EAST & LINCOLN SHERMAN ALLEY NORTH,2,3,0,2,1,1,,0,30,0,0,0,0,0,4,2,14
,2019-44856,39.74325,-104.974069,12/29/2019 19:35,19:35,15,0,0,17TH AVENUE EAST & OGDEN STREET NORTH,5,3,0,0,1,4,,0,30,0,0,0,0,0,4,2,13
,2019-44857,39.74323,-104.9659,11/29/2019 21:21,21:21,10,0,0,17TH AVENUE EAST & WILLIAMS STREET NORTH,4,3,0,2,1,1,,0,30,0,0,0,0,0,4,2,13
,2019-44858,39.752856,-104.999733,12/30/2019 16:20,16:20,12,0,1,17TH STREET 1600 BLOCK & WYNKOOP STREET,5,2,0,0,1,3,,0,30,0,0,0,0,1,4,2,13
,2019-44859,39.743944,-105.030728,10/4/2019 13:40,13:40,6,0,0,17TH AVENUE WEST & JULIAN STREET NORTH,1,1,0,0,1,4,,0,25,0,0,0,0,0,4,2,13
,2019-4486,39.718188,-104.9593095,9/26/2019 17:43,17:43,1,0,0,UNIVERSITY BOULEVARD SOUTH & FIRST AVENUE EAST,1,1,0,0,1,1,,0,35,0,0,0,0,0,4,2,1
,2019-44860,39.747067,-104.989783,12/27/2019 12:42,12:42,15,0,0,18TH STREET & CALIFORNIA STREET,1,1,0,0,1,1,,0,25,0,0,0,0,0,4,2,14
,2019-44861,39.747067,-104.989783,12/29/2019 20:22,20:22,12,0,0,18TH STREET & CALIFORNIA STREET,5,3,0,0,1,1,,0,30,0,0,0,0,0,4,2,13
,2019-44862,39.744831,-104.968447,12/10/2019 18:27,18:27,3,0,0,18TH AVENUE EAST & FRANKLIN STREET NORTH,1,3,0,0,1,1,,0,35,0,0,0,0,0,4,2,3
,2019-44863,39.744889,-104.986117,12/26/2019 10:14,10:14,3,0,0,18TH AVENUE EAST & LINCOLN STREET NORTH,1,1,0,0,1,1,,0,25,0,0,0,0,0,4,2,14
,2019-44864,39.718111,-104.962956,12/10/2019 11:00,11:00,15,0,0,FIRST AVENUE & 2100 BLOCK EAST,1,1,0,0,1,4,,0,,0,0,0,0,0,4,2,13
,2019-44865,39.718122,-104.955853,12/23/2019 15:30,15:30,12,0,1,FIRST AVENUE EAST & CLAYTON LANE NORTH,1,1,0,0,1,3,,0,25,0,0,0,0,1,4,2,3
,2019-44866,39.718131,-104.954619,12/20/2019 19:52,19:52,3,0,0,FIRST AVENUE EAST & DETROIT STREET NORTH,1,3,0,0,1,1,,0,35,0,0,0,0,0,4,2,7
,2019-44867,39.71835,-104.960725,12/26/2019 14:35,14:35,15,0,0,FIRST AVENUE EAST & GAYLORD STREET NORTH,1,1,0,0,1,3,,0,30,0,0,0,0,0,4,2,13
,2019-44868,39.718111,-104.968611,11/14/2019 17:10,17:10,12,0,0,FIRST AVENUE 1600 BLOCK EAST & GILPIN STREET NORTH,1,2,0,0,1,4,,0,30,0,0,0,0,0,4,2,13
,2019-44869,39.717819,-104.944964,12/26/2019 11:21,11:21,15,0,0,FIRST AVENUE EAST & MONROE STREET NORTH,1,1,0,0,1,4,,0,30,0,0,0,0,0,4,2,13
,2019-4487,39.719421,-104.95944,5/6/2019 17:00,17:00,12,0,0,UNIVERSITY BOULEVARD NORTH & SECOND AVENUE EAST,2,1,0,0,1,1,,0,30,0,0,0,0,0,4,3,3
,2019-44870,39.718111,-104.962956,11/14/2019 7:15,7:15,15,0,0,FIRST AVENUE 2000 BLOCK EAST & RACE STREET NORTH,1,1,0,0,1,4,,0,30,0,0,0,0,0,4,2,3
,2019-44871,39.718,-104.951178,11/6/2019 9:27,9:27,15,0,1,FIRST AVENUE EAST & STREET PAUL STREET NORTH,1,1,0,0,1,3,,0,30,0,0,0,0,1,4,3,13
,2019-44872,39.717525,-104.952689,12/29/2019 11:52,11:52,12,0,0,FIRST AVENUE 3000 BLOCK EAST & STREET PAUL STREET,5,1,0,2,1,1,,0,35,0,0,0,0,0,4,2,13
,2019-44873,39.757792,-104.998764,10/12/2019 6:40,6:40,15,0,1,20TH STREET & CHESTNUT PLACE,1,1,0,0,1,4,,0,30,0,0,0,0,1,4,2,13
,2019-44874,39.75775,-104.998603,12/18/2019 18:23,18:23,12,0,0,20TH STREET & CHESTNUT PLACE,1,3,1,0,1,4,,0,30,0,0,0,0,0,4,2,8
,2019-44875,39.75775,-104.998575,12/19/2019 16:35,16:35,12,0,1,20TH STREET & CHESTNUT PLACE,1,1,1,0,1,4,,0,30,0,0,0,0,1,4,2,8
,2019-44876,39.756164,-104.991911,11/28/2019 0:48,0:48,6,0,0,22ND STREET & BLAKE STREET,5,3,0,0,1,4,,0,30,0,0,0,0,0,4,2,13
,2019-44877,39.756164,-104.991911,12/27/2019 17:52,17:52,3,0,0,22ND STREET & BLAKE STREET,1,3,0,0,1,1,,0,30,0,0,0,0,0,4,2,1
,2019-44878,39.750786,-104.984919,10/10/2019 9:20,9:20,8,0,1,22ND STREET & CALIFORNIA STREET,4,1,0,2,1,1,,0,,0,0,0,0,1,4,2,13
,2019-44879,39.750786,-104.984919,12/19/2019 7:56,7:56,3,0,1,22ND STREET & CALIFORNIA STREET,1,1,0,0,1,1,,0,25,0,0,0,0,1,4,2,14
,2019-4488,39.67400199,-104.9594049,9/12/2019 15:43,15:43,12,0,0,UNIVERSITY BOULEVARD SOUTH & 800 BLOCK SOUTH,1,1,0,0,1,4,,0,30,0,0,0,0,0,4,2,13
,2019-44880,39.7548,-104.9901,12/27/2019 11:08,11:08,3,0,1,22ND STREET & LARIMER STREET,1,1,0,0,1,1,,0,30,0,0,0,0,2,4,3,13
,2019-44881,39.751036,-104.940622,12/21/2019 21:31,21:31,15,0,0,23RD AVENUE EAST & COLORADO BOULEVARD NORTH,1,3,0,0,1,4,,0,35,0,0,0,0,0,4,2,5
,2019-44882,39.756011,-104.986889,12/21/2019 14:30,14:30,1,0,0,24TH STREET & LAWRENCE STREET,1,1,0,0,1,1,,0,25,0,0,0,0,0,4,2,3
,2019-44883,39.75277,-104.9828,12/27/2019 19:30,19:30,6,0,0,24TH STREET & STOUT STREET,1,3,0,0,1,4,,0,30,0,0,0,0,0,4,2,14
,2019-44884,39.754467,-104.959758,12/28/2019 11:00,11:00,3,0,2,26TH AVENUE EAST & YORK STREET NORTH,4,1,0,2,1,1,,0,30,0,0,0,0,1,4,2,7
,2019-44885,39.756958,-104.946478,12/28/2019 12:54,12:54,3,0,0,28TH AVENUE EAST & MADISON STREET NORTH,4,1,0,2,1,1,,0,25,0,0,0,0,0,4,2,13
,2019-44886,39.760947,-104.978767,12/21/2019 23:26,23:26,6,0,0,30TH STREET & ARAPAHOE STREET,1,3,0,0,1,4,,0,25,0,0,0,0,0,4,3,1
,2019-44887,39.757603,-104.974433,12/19/2019 12:10,12:10,3,0,1,30TH STREET & WELTON STREET,1,1,0,0,1,1,,0,25,0,0,0,0,1,4,2,13
,2019-44888,39.760758,-104.973342,12/28/2019 10:30,10:30,12,0,0,31ST AVENUE EAST & DOWNING STREET NORTH,5,1,0,2,1,4,,0,30,0,0,0,0,0,4,3,7
,2019-44889,39.76073,-104.9585,12/29/2019 18:00,18:00,3,0,0,31ST AVENUE EAST & JOSEPHINE STREET NORTH,4,2,0,0,1,1,,0,30,0,0,0,0,0,4,2,14
,2019-4489,39.711123,-104.9593005,7/2/2019 8:55,8:55,1,0,1,UNIVERSITY BOULEVARD SOUTH & ALAMEDA AVENUE EAST,1,1,0,0,1,1,,0,35,0,0,0,0,1,4,2,7
,2019-44890,39.762733,-105.027656,12/19/2019 16:04,16:04,3,0,0,32ND AVENUE WEST & GREEN COURT NORTH,1,1,0,0,1,1,,0,25,0,0,0,1,0,4,2,7
,2019-44891,39.762125,-105.03115,12/20/2019 19:54,19:54,6,0,1,32ND AVENUE 3300 BLOCK WEST & IRVING STREET NORTH,1,3,0,0,1,4,,0,30,0,0,0,0,1,4,3,5
,2019-44892,39.762136,-105.035778,12/23/2019 22:08,22:08,6,0,0,32ND AVENUE WEST & MEADE STREET NORTH,1,3,1,0,1,4,,0,30,0,0,0,0,0,4,2,12
,2019-44894,39.763208,-105.022286,12/19/2019 7:30,7:30,12,0,0,33RD AVENUE 2800 BLOCK WEST & ELIOT STREET NORTH,1,1,0,0,1,4,,0,25,0,0,0,0,0,4,2,3
,2019-44895,39.765878,-104.978058,11/24/2019 16:46,16:46,6,0,0,1400 BLOCK 33RD STREET & WALNUT STREET NORTH,1,1,0,0,1,4,,0,,0,0,0,0,0,4,2,5
,2019-44896,39.769158,-104.926933,12/14/2019 13:20,13:20,3,0,0,38TH AVENUE 5200 EAST & GLENCOE STREET NORTH,1,1,0,0,1,3,,0,,0,0,0,0,0,4,2,13
,2019-44897,39.769364,-105.044014,12/20/2019 12:12,12:12,3,0,0,38TH AVENUE WEST & TENNYSON STREET NORTH,1,1,0,0,1,1,,0,35,0,0,0,0,0,4,2,13
,2019-44898,39.7703,-104.9719,12/22/2019 1:28,1:28,5,0,0,38TH STREET & WALNUT STREET,1,3,0,0,4,1,,0,35,0,0,0,0,0,4,1,5
,2019-44899,39.76917,-105.051,12/26/2019 12:10,12:10,6,0,0,38TH AVENUE WEST & YATES STREET NORTH,1,1,0,0,1,4,,0,35,0,0,0,0,0,4,2,13
,2019-4490,39.682764,-104.959332,10/3/2019 10:57,10:57,1,0,0,UNIVERSITY BOULEVARD SOUTH & BUCHTEL BOULEVARD EAST,1,1,0,0,1,1,,0,30,0,0,0,0,0,4,2,13
,2019-44900,39.772831,-104.795994,12/20/2019 19:20,19:20,12,0,0,40TH AVENUE EAST & AIRPORT WAY NORTH,1,3,0,0,1,1,,0,,0,0,0,0,0,4,2,13
,2019-44902,39.773419,-104.874311,12/20/2019 14:07,14:07,12,0,0,40TH AVENUE 9300 BLOCK EAST & CENTRAL PARK BOULEVARD NORTH,1,1,0,0,1,4,,0,40,0,0,0,0,0,4,2,3
,2019-44903,39.774119,-104.882792,12/22/2019 18:59,18:59,12,0,0,40TH AVENUE EAST & CENTRAL PARK BOULEVARD NORTH,1,3,0,0,1,1,,0,30,0,0,0,0,0,4,2,13
,2019-44904,39.774119,-104.882789,12/30/2019 14:17,14:17,10,0,0,40TH AVENUE EAST & CENTRAL PARK BOULEVARD NORTH,6,1,0,0,1,1,,0,35,0,0,0,0,0,4,2,8
,2019-44905,39.78095,-104.882822,6/25/2019 19:07,19:07,1,0,1,46TH PLACE EAST & CENTRAL PARK BOULEVARD NORTH,1,1,0,0,1,1,,0,35,0,0,0,0,1,4,3,7
,2019-44906,39.765203,-104.973847,10/24/2019 7:42,7:42,3,0,0,46TH AVENUE EAST & TULSA COURT NORTH,9,1,0,0,1,1,,0,25,0,0,0,0,0,4,2,1
,2019-44907,39.781114,-104.809836,12/28/2019 12:15,12:15,15,0,0,CHAMBERS ROAD 4700 BLOCK NORTH & GREEN VALLEY RANCH BOULEVARD EAST,5,1,0,6,1,3,,0,40,0,0,0,0,0,4,2,13
,2019-44908,39.79026,-104.8525,12/30/2019 16:39,16:39,6,0,0,NOME STREET NORTH & 51ST AVENUE EAST,5,2,0,0,1,4,,0,25,0,0,0,0,0,4,4,13
,2019-44909,39.782531,-104.872067,8/28/2019 8:15,8:15,15,0,1,47TH AVENUE EAST & FLORENCE STREET NORTH,1,1,0,0,1,1,,0,35,0,0,0,0,1,4,2,14
,2019-4491,39.711123,-104.9593005,9/22/2019 18:22,18:22,12,0,0,UNIVERSITY BOULEVARD SOUTH & ALAMEDA AVENUE EAST,1,1,0,0,1,4,,0,35,0,0,0,0,0,4,3,12
,2019-44910,39.782364,-104.865819,12/31/2019 13:00,13:00,5,0,0,47TH AVENUE EAST & HAVANA STREET NORTH,1,1,0,0,2,4,,0,35,0,0,0,0,0,4,1,10
,2019-44911,39.78195,-104.957,12/20/2019 14:38,14:38,6,0,0,47TH AVENUE EAST & JOSEPHINE STREET NORTH,1,1,0,0,1,4,,0,25,0,0,0,0,0,4,2,13
,2019-44912,39.782381,-104.852633,9/26/2019 9:52,9:52,3,0,0,47TH AVENUE EAST & NOME STREET NORTH,1,1,0,0,1,1,,0,35,0,0,0,0,0,4,3,7
,2019-44913,39.784542,-104.835303,12/29/2019 11:16,11:16,10,0,0,48TH AVENUE & 12900 BLOCK EAST,5,1,0,0,1,2,,0,25,0,0,0,0,0,4,2,3
,2019-44914,39.78555,-104.982539,3/23/2019 3:00,3:00,5,0,0,49TH AVENUE EAST & 400 BLOCK EAST,2,4,1,0,3,4,,0,25,0,0,0,0,0,4,1,9
,2019-44915,39.78375,-104.9199,6/14/2019 16:47,16:47,3,0,0,48TH AVENUE EAST & IVY STREET,1,1,0,0,1,1,,0,,0,0,0,0,0,4,2,3
,2019-44916,39.725622,-104.929414,11/13/2019 21:10,21:10,5,0,0,4900 BLOCK EAST SIXTH AVENUE & ELM STREET NORTH,1,3,0,0,2,3,,0,,0,0,0,0,0,4,1,13
,2019-44917,39.722219,-104.9742,12/1/2019 4:51,4:51,5,0,0,FOURTH AVENUE & 1038 EAST,5,3,0,0,3,4,,0,25,0,0,0,0,0,4,1,13
,2019-44918,39.790239,-104.865908,12/22/2019 5:34,5:34,8,0,0,51ST AVENUE EAST & HAVANA STREET NORTH,1,3,0,0,1,4,,0,30,0,0,0,0,0,4,2,5
,2019-44919,39.794503,-104.865942,12/20/2019 16:15,16:15,1,0,0,54TH AVENUE EAST & HAVANA STREET NORTH,1,1,0,0,1,1,,0,40,0,0,0,0,0,4,2,13
,2019-4492,39.691134,-104.959332,1/9/2019 17:33,17:33,1,0,0,UNIVERSITY BOULEVARD SOUTH & ARKANSAS AVENUE EAST,1,4,0,0,1,1,,0,30,0,0,0,0,0,4,2,3
,2019-44920,39.79825,-104.7909,12/20/2019 9:00,9:00,15,0,0,56TH AVENUE EAST & BUCKLEY ROAD NORTH,1,1,0,0,1,4,,0,40,0,0,0,0,0,4,2,14
,2019-44921,39.798372,-104.861333,12/21/2019 4:31,4:31,5,0,0,56TH AVENUE EAST & JOLIET STREET NORTH,1,3,0,0,2,4,,0,40,0,0,0,0,0,4,1,13
,2019-44922,39.798283,-104.799964,12/22/2019 19:05,19:05,12,0,0,56TH AVENUE EAST & LAREDO STREET NORTH,1,4,0,0,1,4,,0,40,0,0,0,0,0,4,2,5
,2019-44923,39.798303,-104.772122,12/21/2019 14:17,14:17,1,0,2,56TH AVENUE EAST & TOWER ROAD NORTH,1,1,0,0,1,1,,0,40,0,0,0,0,1,4,3,14
,2019-44924,39.725606,-104.947892,12/24/2019 8:00,8:00,15,0,0,SIXTH AVENUE 3300 BLOCK EAST & COOK STREET NORTH,1,1,0,0,1,3,,0,30,0,0,0,0,0,4,2,14
,2019-44925,39.725336,-104.912761,12/16/2019 18:20,18:20,15,0,0,SIXTH AVENUE EAST & MONACO STREET NORTH,1,4,0,0,1,4,,0,40,0,0,0,0,0,4,2,1
,2019-44926,39.725339,-104.912569,12/26/2019 22:16,22:16,1,0,0,SIXTH AVENUE EAST & MONACO STREET NORTH,1,3,0,0,1,1,,0,35,0,0,0,0,0,4,2,13
,2019-44927,39.725672,-104.998599,7/9/2019 8:21,8:21,15,0,0,SIXTH AVENUE WEST  & SANTA FE DRIVE NORTH,1,1,0,0,1,3,,0,35,0,0,0,0,0,4,2,13
,2019-4493,39.691134,-104.959332,1/23/2019 17:00,17:00,1,0,0,UNIVERSITY BOULEVARD SOUTH & ARKANSAS AVENUE EAST,1,2,0,0,1,1,,0,35,0,0,0,0,0,4,3,3
,2019-44930,39.725706,-104.998575,11/19/2019 15:56,15:56,15,0,0,SIXTH AVENUE WEST  & SANTA FE DRIVE SOUTH,1,1,0,0,1,1,,0,35,0,0,0,0,0,4,2,13
,2019-44931,39.7257,-104.9985,12/26/2019 19:10,19:10,15,0,0,SIXTH AVENUE WEST & SANTA FE DRIVE NORTH,1,3,0,0,1,3,,0,35,0,0,0,0,0,4,2,8
,2019-44932,39.725708,-104.998572,12/27/2019 10:48,10:48,3,0,0,SIXTH AVENUE WEST & SANTA FE DRIVE NORTH,1,1,1,0,1,1,,0,30,0,0,0,0,0,4,2,13
,2019-44933,39.725864,-104.898794,8/20/2019 8:37,8:37,3,0,1,SIXTH AVENUE EAST & SYRACUSE STREET NORTH,1,1,0,0,1,1,,0,25,0,0,0,0,1,4,2,1
,2019-44934,39.7256,-104.9601,12/24/2019 10:37,10:37,12,0,0,SIXTH AVENUE EAST & YORK STREET NORTH,1,1,0,0,1,1,,0,30,0,0,0,0,0,4,2,13
,2019-44935,39.831853,-104.692958,12/28/2019 14:42,14:42,3,0,0,75TH AVENUE EAST & JACKSON GAP STREET NORTH,4,1,0,2,1,1,,0,45,0,0,0,1,0,4,2,13
,2019-44936,39.836467,-104.715489,12/26/2019 20:00,20:00,12,0,1,77TH AVENUE EAST & GUN CLUB ROAD NORTH,1,3,0,0,1,1,,0,45,0,0,0,0,1,4,2,14
,2019-44937,39.837922,-104.685578,12/28/2019 5:28,5:28,12,0,0,78TH AVENUE 26000 BLOCK EAST & JACKSON GAP ROAD,4,3,0,2,1,1,,0,45,0,0,0,0,0,4,3,7
,2019-44938,39.727417,-104.938314,12/30/2019 11:28,11:28,3,0,0,SEVENTH AVENUE EAST & ASH STREET NORTH,5,1,1,0,1,6,,0,25,0,0,0,0,0,4,2,14
,2019-44939,39.841167,-104.670117,12/19/2019 18:50,18:50,12,0,1,80TH AVENUE EAST & SHADY GROVE STREET NORTH,1,3,0,0,1,1,,0,35,0,0,0,0,2,4,2,7
,2019-44940,39.729225,-104.939458,12/28/2019 16:23,16:23,1,0,3,EIGHTH AVENUE EAST & ALBION STREET NORTH,5,3,0,2,1,1,,0,30,0,0,0,0,2,4,2,13
,2019-44941,39.729094,-104.987403,12/20/2019 13:04,13:04,15,0,0,EIGHTH AVENUE EAST & BROADWAY STREET NORTH,1,1,0,0,1,1,,0,30,0,0,0,0,0,4,2,13
,2019-44943,39.729094,-104.987403,12/27/2019 9:28,9:28,10,0,0,EIGHTH AVENUE EAST & BROADWAY STREET NORTH,1,1,0,0,1,1,,0,25,0,0,0,0,0,4,2,1
,2019-44944,39.7289,-104.9975,11/15/2019 11:38,11:38,12,0,0,EIGHTH AVENUE WEST & INCA STREET NORTH,1,1,0,0,1,1,,0,35,0,0,0,0,0,4,2,3
,2019-44945,39.728903,-104.998611,12/4/2019 17:49,17:49,3,0,0,EIGHTH AVENUE WEST & SANTA FE DRIVE NORTH,1,3,0,0,1,1,,0,35,0,0,0,0,0,4,3,13
,2019-44946,39.73043,-104.9823,12/12/2019 16:20,16:20,3,0,0,NINTH AVENUE EAST & LOGAN STREET NORTH,1,2,0,0,1,1,,0,25,0,0,0,0,0,4,2,1
,2019-44947,39.731039,-104.936028,12/27/2019 12:00,12:00,6,0,0,NINTH AVENUE 4400 BLOCK EAST & CHERRY STREET NORTH,1,1,0,0,1,4,,0,25,0,0,0,0,0,4,2,7
,2019-44948,39.730467,-104.969467,12/30/2019 13:00,13:00,3,0,0,NINTH AVENUE EAST & HUMBOLDT STREET NORTH,5,1,0,0,1,3,,0,25,0,0,0,0,0,4,2,13
,2019-44949,39.730436,-104.982389,12/28/2019 12:53,12:53,3,0,0,NINTH AVENUE EAST & LOGAN STREET NORTH,4,1,0,2,1,1,,0,30,0,0,0,0,0,4,2,13
,2019-4495,39.691134,-104.959332,2/19/2019 17:45,17:45,15,0,0,UNIVERSITY BOULEVARD SOUTH & ARKANSAS AVENUE EAST,4,3,0,2,1,3,,0,30,0,0,0,0,0,4,2,13
,2019-44950,39.730444,-104.984872,11/19/2019 20:30,20:30,10,0,0,NINTH AVENUE EAST & SHERMAN STREET NORTH,1,3,0,0,1,1,,0,25,0,0,0,0,0,4,2,5
,2019-44951,39.779256,-104.794703,12/22/2019 12:02,12:02,5,0,1,AIRPORT WAY NORTH & BOLLING EAST,1,1,0,0,3,4,,0,30,0,0,0,0,1,4,1,2
,2019-44952,39.711403,-104.938578,8/27/2019 19:30,19:30,3,0,0,ALAMEDA AVENUE EAST  & 4200 BLOCK EAST,1,1,0,0,1,2,,0,30,0,0,0,0,0,4,2,13
,2019-44953,39.711308,-104.892889,11/11/2019 12:30,12:30,12,0,0,ALAMEDA AVENUE EAST  & 8500 BLOCK EAST,1,1,0,0,1,2,,0,35,0,0,0,0,0,4,2,3
,2019-44955,39.711117,-104.993247,12/9/2019 17:10,17:10,12,0,0,ALAMEDA AVENUE 300 BLOCK WEST & CHEROKEE STREET SOUTH,1,2,1,0,1,3,,0,,0,0,0,0,0,4,2,13
,2019-44956,39.711386,-104.909414,12/24/2019 15:42,15:42,5,0,1,ALAMEDA AVENUE 6700 BLOCK EAST & MONACO STREET SOUTH,1,1,0,0,3,4,,0,35,0,0,0,0,2,4,1,1