id,drcog_id,latitude,longitude,crashtime,time,crashtype,numbkilled,numbinjurd,drcoglocat,rdconditin,lightngcon,roadcntgrd,weatherco,location,roaddescrp,schoolzone,constrzone,splimit,bikeinv,sctrinv,pedinv,motoinv,svrty,rdsystem,ttlvehcls,hcf
,2019-44957,39.71129,-104.9128,12/29/2019 1:50,1:50,12,0,1,ALAMEDA AVENUE EAST & MONACO STREET SOUTH,4,3,0,0,1,1,,0,35,0,0,0,0,1,4,2,1
,2019-44958,39.678656,-105.057158,9/23/2019 20:52,20:52,6,0,0,DEPEW STREET SOUTH & WARREN AVENUE WEST,1,3,0,0,1,4,,0,25,0,0,0,0,0,4,5,5
,2019-44959,39.71114,-104.9026,12/29/2019 14:30,14:30,12,0,0,ALAMEDA AVENUE 7300 BLOCK EAST & QUEBEC STREET SOUTH,1,1,0,0,1,3,,0,35,0,0,0,0,0,4,2,13
,2019-4496,39.691134,-104.959332,4/4/2019 18:20,18:20,1,0,0,UNIVERSITY BOULEVARD SOUTH & ARKANSAS AVENUE EAST,1,1,0,0,1,1,,0,35,0,0,0,0,0,4,2,13
,2019-44960,39.708558,-105.032442,12/18/2019 8:55,8:55,3,0,0,ALASKA PLACE WEST & KNOX COURT SOUTH,1,1,0,0,1,1,,0,25,0,0,0,0,0,4,2,13
,2019-44961,39.776883,-104.832464,12/20/2019 15:27,15:27,12,0,0,ALBROOK D 14200 BLOCK EAST & CRYSTAL STREET NORTH,1,1,0,0,1,3,,0,20,0,0,0,0,0,4,2,13
,2019-44962,39.77315,-105.0173,11/8/2019 19:50,19:50,6,0,0,ALCOTT STREET NORTH & 41ST AVENUE WEST,1,4,1,0,1,4,,0,25,0,0,0,0,0,4,4,5
,2019-44963,39.71497,-105.0281,12/31/2019 20:12,20:12,6,0,1,BAYAUD AVENUE WEST & HAZEL COURT SOUTH,5,4,0,0,1,4,,0,25,0,0,0,0,1,4,2,9
,2019-44964,39.714733,-104.982092,12/6/2019 7:55,7:55,6,0,0,BAYAUD AVENUE 400 BLOCK EAST & LOGAN STREET SOUTH,5,1,0,0,1,4,,0,25,0,0,0,0,0,4,2,13
,2019-44965,39.624175,-104.896794,8/28/2019 16:16,16:16,1,0,0,BELLEVIEW AVENUE EAST  & 7800 BLOCK EAST,1,1,0,0,1,2,,0,35,0,0,0,0,0,4,2,3
,2019-44966,39.790867,-104.766933,7/17/2019 8:41,8:41,3,0,1,BISCAY STREET NORTH & 51ST PLACE EAST,1,1,0,0,1,1,,0,25,0,0,0,0,1,4,2,13
,2019-44968,39.790867,-104.766933,9/17/2019 8:41,8:41,3,0,1,BISCAY STREET NORTH & 51ST PLACE EAST,1,1,0,0,1,1,,0,25,0,0,0,0,1,4,2,13
,2019-44969,39.751944,-104.997361,12/30/2019 8:10,8:10,12,0,0,BLAKE STREET 1700 BLOCK & 17TH STREET,5,1,0,0,1,3,,0,25,0,0,0,0,0,4,2,7
,2019-4497,39.691134,-104.959332,7/18/2019 9:15,9:15,12,0,0,UNIVERSITY BOULEVARD SOUTH & ARKANSAS AVENUE EAST,1,1,0,0,1,1,,0,35,0,0,0,0,0,4,2,13
,2019-44970,39.75378,-104.9948,12/14/2019 1:55,1:55,12,0,0,BLAKE STREET & 1900 BLOCK,1,3,0,0,1,4,,0,30,0,0,0,0,0,4,2,13
,2019-44971,39.755233,-104.993136,12/28/2019 1:19,1:19,12,0,0,BLAKE STREET & 21ST STREET,1,3,0,0,1,1,,0,35,0,0,0,0,0,4,2,13
,2019-44972,39.776514,-104.970831,12/20/2019 19:00,19:00,15,0,0,BRIGHTON BOULEVARD 4200 BLOCK NORTH & 43RD AVENUE EAST,1,3,0,0,1,4,,0,35,0,0,0,0,0,4,2,8
,2019-44973,39.791714,-104.959161,7/1/2019 12:45,12:45,5,0,0,BRIGHTON BOULEVARD  & YORK STREET 5160 NORTH,1,1,0,0,3,4,,0,35,0,0,0,0,0,4,1,13
,2019-44974,39.733914,-104.987261,12/13/2019 1:35,1:35,15,0,0,BROADWAY STREET NORTH & 12TH AVENUE EAST,1,3,0,0,1,4,,0,30,0,0,0,0,0,4,2,13
,2019-44975,39.74358,-104.9869,12/29/2019 2:36,2:36,12,0,0,BROADWAY STREET NORTH & 18TH AVENUE EAST,4,3,0,2,1,3,,0,30,0,0,0,0,0,4,3,14
,2019-44976,39.746853,-104.987397,12/30/2019 6:54,6:54,15,0,0,BROADWAY 1900 BLOCK NORTH & 19TH AVENUE EAST,2,1,0,0,1,4,,0,30,0,0,0,0,0,4,3,13
,2019-44977,39.720944,-104.98745,12/3/2019 16:29,16:29,12,0,0,BROADWAY STREET 200 BLOCK NORTH & THIRD AVENUE EAST,1,2,0,0,1,4,,0,30,0,0,0,0,0,4,2,13
,2019-44978,39.711158,-104.987575,12/22/2019 1:51,1:51,15,0,0,BROADWAY STREET SOUTH & ALAMEDA AVENUE EAST,1,3,0,0,1,3,,0,35,0,0,0,0,0,4,2,5
,2019-44979,39.74006,-104.9873,12/3/2019 10:41,10:41,6,0,0,BROADWAY STREET NORTH & COLFAX AVENUE EAST,2,1,0,0,1,4,,0,30,0,0,0,0,0,4,2,13
,2019-4498,39.691134,-104.959332,10/10/2019 17:44,17:44,1,0,1,UNIVERSITY BOULEVARD SOUTH & ARKANSAS AVENUE EAST,1,2,0,0,1,1,,0,30,0,0,0,0,1,4,2,1
,2019-44980,39.687461,-104.987353,9/24/2019 13:54,13:54,12,0,0,BROADWAY STREET 1600 BLOCK SOUTH & IOWA AVENUE EAST,1,1,0,0,1,4,,0,35,0,0,0,0,0,4,4,13
,2019-44981,39.698606,-104.987456,12/18/2019 18:00,18:00,12,0,0,BROADWAY STREET SOUTH & TENNESSEE AVENUE EAST,1,3,0,0,1,3,,0,30,0,0,0,0,0,4,2,3
,2019-44982,39.68896,-104.9734,12/29/2019 7:55,7:55,12,0,0,BUCHTEL BOULEVARD EAST & DOWNING STREET SOUTH,5,1,1,0,1,4,,0,30,0,0,0,0,0,4,2,2
,2019-44983,39.6939,-104.979644,7/31/2019 22:20,22:20,12,0,2,BUCHTEL BOULEVARD EAST  & I25 SOUTHBOUND OFF RAMP,2,3,0,1,1,3,,0,35,0,0,0,0,2,4,2,5
,2019-44984,39.681297,-104.950706,12/21/2019 14:46,14:46,15,0,0,BUCHTELL BOULEVARD EAST & STREET PAUL STREET SOUTH,1,1,0,0,1,1,,0,35,0,0,0,0,0,4,2,7
,2019-44985,39.705836,-105.032439,12/29/2019 12:37,12:37,3,0,1,CENTER AVENUE WEST & KNOX COURT SOUTH,5,1,1,0,1,1,,0,25,0,0,0,0,1,4,2,13
,2019-44986,39.749633,-104.886664,12/29/2019 8:20,8:20,3,0,0,CENTRAL PARK BOULEVARD NORTH & 23RD AVENUE EAST,5,1,0,0,1,1,,0,35,0,0,0,0,0,4,2,13
,2019-44987,39.753819,-104.890722,12/31/2019 13:43,13:43,12,0,2,CENTRAL PARK BOULEVARD NORTH & 25TH DRIVE EAST,1,1,0,0,1,1,,0,30,0,0,0,0,2,4,2,7
,2019-44988,39.774119,-104.882789,12/23/2019 10:51,10:51,5,0,1,CENTRAL PARK BOULEVARD NORTH & 40TH AVENUE EAST,1,1,1,0,3,4,,0,35,0,0,0,0,1,4,1,3
,2019-44989,39.688481,-104.976944,12/22/2019 4:20,4:20,6,0,0,EMERSON STREET & 1500 BLOCK SOUTH,1,4,0,0,1,4,,0,25,0,0,0,0,0,4,2,5
,2019-44990,39.748394,-104.991519,12/19/2019 16:52,16:52,10,0,0,CHAMPA STREET & 18TH STREET,1,2,0,0,1,1,,0,30,0,0,0,0,0,4,2,13
,2019-44991,39.754006,-104.984264,12/22/2019 13:01,13:01,3,0,0,CHAMPA STREET & 24TH STREET,1,1,0,0,1,1,,0,30,0,0,0,0,0,4,2,13
,2019-44992,39.696653,-104.991275,12/19/2019 11:49,11:49,3,0,0,CHEROKEE STREET SOUTH & MISSISSIPPI AVENUE WEST,1,1,0,0,1,1,,0,15,0,0,0,0,0,4,2,13
,2019-44993,39.6968,-104.9237,12/6/2019 8:16,8:16,15,0,0,CHERRY CREEK DRIVE SOUTHEAST & MISSISSIPPI AVENUE EAST,2,1,0,0,1,4,,0,35,0,0,0,0,0,4,3,14
,2019-44994,39.688483,-104.978022,12/9/2019 16:09,16:09,6,0,0,CLARKSON 1500 BLOCK SOUTH & FLORIDA AVENUE EAST,1,1,0,0,1,4,,0,25,0,0,0,0,0,4,2,13
,2019-44995,39.751047,-104.935039,12/20/2019 13:15,13:15,3,0,0,CLERMONT STREET NORTH & 23RD AVENUE EAST,1,1,0,0,1,1,,0,25,0,0,0,0,0,4,2,7
,2019-44996,39.7892,-104.9569,12/27/2019 2:06,2:06,5,0,0,COLUMBINE STREET NORTH & 51ST AVENUE EAST,1,3,0,0,2,3,,0,20,0,0,0,0,0,4,1,5
,2019-44997,39.68094,-104.9368,12/30/2019 8:35,8:35,12,0,0,COLORADO CENTER DRIVE EAST & BIRCH STREET,10,1,0,0,1,4,,0,30,0,0,0,0,0,4,2,13
,2019-44998,39.661914,-104.959911,8/9/2019 15:53,15:53,10,0,0,COLUMBIA PLACE EAST & UNIVERSITY BOULEVARD SOUTH,1,1,0,0,1,2,,0,25,0,0,0,0,0,4,2,1
,2019-44999,39.74906,-104.9924,12/30/2019 13:16,13:16,6,0,0,CURTIS STREET & 18TH STREET,5,1,0,0,1,3,,0,30,0,0,0,0,0,4,2,1
,2019-4500,39.680244,-104.9593995,5/1/2019 14:45,14:45,1,0,0,UNIVERSITY BOULEVARD SOUTH & ASBURY AVENUE EAST,1,1,0,0,1,1,,0,30,0,0,0,0,0,4,2,13
,2019-45000,39.680222,-104.931397,11/17/2019 15:00,15:00,3,0,2,DAHLIA STREET 2000 BLOCK SOUTH & EVANS AVENUE EAST,1,1,0,0,1,2,,0,25,0,0,0,0,1,4,2,8
,2019-45001,39.65304,-104.9316,12/31/2019 22:45,22:45,8,0,0,DAHLIA STREET SOUTH & HAMPDEN AVENUE EAST,5,3,1,0,1,4,,0,30,0,0,0,0,0,4,2,1
,2019-45002,39.658403,-104.861964,12/28/2019 22:30,22:30,5,0,0,DARTMOUTH AVENUE & 10700 EAST,4,3,0,1,3,2,,0,30,0,0,0,0,0,4,1,1
,2019-45003,39.660344,-104.959442,12/28/2019 10:45,10:45,12,0,0,DARTMOUTH AVENUE EAST & UNIVERSITY BOULEVARD SOUTH,4,1,0,2,1,1,,0,25,0,0,0,0,0,4,2,13
,2019-45004,39.658497,-105.045244,12/20/2019 16:03,16:03,12,0,0,DARTMOUTH AVENUE WEST & UTICA STREET SOUTH,1,1,0,0,1,1,,0,30,0,0,0,0,0,4,2,13
,2019-45005,39.714728,-104.973392,12/29/2019 10:15,10:15,3,0,0,DOWNING STREET SOUTH & BAYAUD AVENUE EAST,12,1,0,0,1,1,,0,,0,0,0,0,0,4,2,13
,2019-45006,39.67475,-104.875303,12/9/2019 3:14,3:14,6,0,0,DAYTON WAY SOUTH & ILIFF AVENUE EAST,1,3,0,0,1,4,,0,25,0,0,0,0,0,4,3,13
,2019-45008,39.66926,-104.8735,12/28/2019 11:45,11:45,12,0,0,DAYTON WAY 2000 BLOCK SOUTH & VASSAR DRIVE EAST,6,1,0,2,1,4,,0,25,0,0,0,0,0,4,2,14
,2019-45009,39.748794,-105.022081,12/14/2019 18:20,18:20,6,0,0,DECATUR STREET NORTH & 21ST AVENUE WEST,1,3,1,0,1,4,,0,,0,0,0,0,0,4,4,13
,2019-4501,39.680244,-104.9593995,5/1/2019 15:00,15:00,12,0,0,UNIVERSITY BOULEVARD SOUTH & ASBURY AVENUE EAST,1,1,0,0,1,1,,0,30,0,0,0,0,0,4,2,3
,2019-45010,39.707514,-105.022708,11/30/2019 9:30,9:30,3,0,0,DECATUR STREET SOUTH & VIRGINIA AVENUE WEST,5,1,0,0,1,1,,0,25,0,0,0,0,0,4,2,13
,2019-45011,39.739264,-104.992925,12/17/2019 11:35,11:35,6,0,0,DELAWARE 1400 BLOCK NORTH  & COLFAX AVENUE WEST,1,1,0,0,1,4,,0,25,0,0,0,0,0,4,2,13
,2019-45012,39.743956,-105.025219,12/20/2019 1:15,1:15,5,0,1,DICK CONNER AVENUE WEST & FEDERAL BOULEVARD NORTH,1,3,1,0,2,4,,0,25,0,0,0,0,2,4,1,5
,2019-45013,39.741967,-104.97305,12/6/2019 17:00,17:00,6,0,0,1600 BLOCK NORTH DOWNING STREET & 17TH AVENUE EAST,1,3,0,0,1,4,,0,25,0,0,0,0,0,4,2,5
,2019-45014,39.71736,-104.973,12/23/2019 12:22,12:22,12,0,0,DOWNING STREET NORTH & FIRST AVENUE EAST,1,1,0,0,1,4,,0,30,0,0,0,0,0,4,2,13
,2019-45015,39.758242,-104.97335,12/23/2019 16:20,16:20,3,0,0,DOWNING STREET NORTH & 29TH AVENUE EAST,1,2,0,0,1,1,,0,25,0,0,0,0,0,4,2,1
,2019-45016,39.691131,-104.973428,11/21/2019 11:42,11:42,8,0,0,DOWNING STREET SOUTH & ARKANSAS AVENUE EAST,2,1,1,0,1,1,,0,30,0,0,0,0,0,4,2,3
,2019-45017,39.713822,-104.973394,12/19/2019 14:25,14:25,12,0,0,DOWNING STREET 100 BLOCK SOUTH & CEDAR AVENUE EAST,1,1,0,0,1,4,,0,25,0,0,0,0,0,4,2,13
,2019-45018,39.713822,-104.973394,12/19/2019 14:58,14:58,12,0,0,DOWNING STREET 100 BLOCK SOUTH & CEDAR AVENUE EAST,1,1,0,0,1,4,,0,25,0,0,0,0,0,4,2,13
,2019-45019,39.740033,-104.973097,11/19/2019 20:48,20:48,6,0,1,DOWNING STREET NORTH & COLFAX AVENUE EAST,1,3,0,0,1,4,,0,25,0,0,0,0,2,4,4,5
,2019-45020,39.71862,-104.9728,12/31/2019 14:03,14:03,3,0,1,DOWNING STREET NORTH & SPEER BOULEVARD EAST,1,1,0,0,1,1,,0,30,0,0,0,0,1,4,2,12
,2019-45021,39.768042,-105.023617,12/19/2019 17:30,17:30,3,0,0,ELLIOTT STREET NORTH & 37TH AVENUE WEST,1,3,0,0,1,1,,0,25,0,0,0,0,0,4,2,7
,2019-45022,39.716881,-105.019414,10/6/2019 5:47,5:47,6,0,1,ELLSWORTH AVENUE & 2655 WEST,1,3,0,0,1,4,,0,25,0,0,0,0,2,4,2,5
,2019-45023,39.716325,-105.043425,12/31/2019 10:40,10:40,5,0,1,ELLSWORTH AVENUE & 4300 WEST,5,1,0,0,4,4,,0,25,0,0,0,0,2,4,1,5
,2019-45024,39.678461,-104.917378,12/8/2019 10:56,10:56,15,0,0,EVANS AVENUE EAST & 6000 BLOCK,1,1,0,0,1,4,,0,,0,0,0,0,0,4,2,13
,2019-45025,39.67843,-104.9395,12/6/2019 8:17,8:17,12,0,0,EVANS AVENUE EAST & ALBION STREET SOUTH,5,1,0,0,1,2,,0,30,0,0,0,0,0,4,3,13
,2019-45026,39.67845,-104.936694,10/17/2019 8:07,8:07,12,0,0,EVANS AVENUE EAST & BIRCH STREET SOUTH,1,1,0,0,1,4,,0,35,0,0,0,0,0,4,2,13
,2019-45027,39.67845,-104.9878,7/3/2019 12:08,12:08,12,0,0,EVANS AVENUE 0 BLOCK WEST & BROADWAY STREET SOUTH,1,1,0,0,1,3,,0,30,0,0,0,0,0,4,2,14
,2019-45028,39.678658,-105.020369,11/12/2019 18:20,18:20,1,0,0,EVANS AVENUE WEST & CLAY STREET SOUTH,1,2,0,0,1,3,,0,30,0,0,0,0,0,4,2,13
,2019-45029,39.678431,-104.956517,9/24/2019 15:37,15:37,12,0,0,EVANS AVENUE EAST & COLUMBINE STREET SOUTH,1,1,0,0,1,3,,0,35,0,0,0,0,0,4,2,1
,2019-4503,39.682764,-104.959332,3/20/2019 15:35,15:35,1,0,1,UNIVERSITY BOULEVARD SOUTH & BUCHTEL BOULEVARD EAST,1,1,0,0,1,1,,0,30,0,0,0,0,1,4,2,13
,2019-45030,39.678647,-105.022714,12/26/2019 19:15,19:15,12,0,0,EVANS AVENUE 2700 BLOCK WEST & FEDERAL BOULEVARD SOUTH,1,3,0,0,1,4,,0,15,0,0,0,0,0,4,2,7
,2019-45031,39.678464,-104.925197,12/21/2019 13:41,13:41,1,0,0,EVANS AVENUE EAST & GRAPE STREET SOUTH,1,1,0,0,1,1,,0,30,0,0,0,0,0,4,2,1
,2019-45032,39.678472,-104.922267,12/18/2019 14:00,14:00,15,0,0,EVANS AVENUE EAST & HOLLY STREET SOUTH,1,1,0,0,1,1,,0,,0,0,0,0,0,4,2,13
,2019-45033,39.67795,-105.030681,12/29/2019 2:32,2:32,6,0,0,EVANS AVENUE 3320 WEST & IRVING STREET SOUTH,4,4,0,2,3,2,,0,30,0,0,0,0,0,4,2,5
,2019-45035,39.677883,-104.917625,8/16/2019 13:53,13:53,12,0,1,EVANS AVENUE 6000 BLOCK EAST & JASMINE STREET SOUTH,1,1,0,0,1,4,,0,30,0,0,0,0,2,4,5,13
,2019-45036,39.67846,-104.9159,12/2/2019 16:50,16:50,14,0,0,EVANS AVENUE EAST & LEYDEN STREET SOUTH,2,1,0,0,1,1,,0,35,0,0,0,0,0,4,2,14
,2019-45037,39.678678,-105.016858,8/27/2019 0:00,0:00,12,0,0,EVANS AVENUE 2400 BLOCK WEST & ZUNI STREET SOUTH,1,1,0,0,1,4,,0,30,0,0,0,0,0,4,3,13
,2019-45038,39.70395,-104.9821,12/30/2019 18:00,18:00,6,0,0,EXPOSITION AVENUE EAST & PENNSYLVANIA AVENUE SOUTH,5,4,0,0,1,4,,0,25,0,0,0,0,0,4,2,13
,2019-45039,39.713308,-104.892011,12/31/2019 10:48,10:48,5,0,0,FAIRMOUNT DRIVE & 8155 EAST,5,1,0,0,3,3,,0,30,0,0,0,1,0,4,1,3
,2019-4504,39.682764,-104.959332,10/1/2019 8:20,8:20,3,0,0,UNIVERSITY BOULEVARD SOUTH & BUCHTEL BOULEVARD EAST,1,1,0,0,1,1,,0,30,0,0,0,0,0,4,2,13
,2019-45040,39.679548,-105.053282,10/16/2019 9:35,9:35,5,0,0,JEWELL AVENUE & 5200 BLOCK WEST,1,1,0,0,3,4,,0,30,0,0,0,0,0,4,1,14
,2019-45041,39.711308,-104.892914,12/28/2019 11:45,11:45,1,0,0,FAIRMOUNT DRIVE EAST & ALAMEDA AVENUE EAST,4,1,0,2,1,2,,0,35,0,0,0,0,0,4,2,7
,2019-45042,39.717022,-104.895572,12/30/2019 9:41,9:41,12,0,0,FAIRMOUNT DRIVE EAST & LOWRY BOULEVARD EAST,5,1,0,0,1,6,,0,25,0,0,0,0,0,4,2,13
,2019-45043,39.717022,-104.895572,12/31/2019 6:00,6:00,15,0,0,FAIRMONT DRIVE EAST & LOWRY BOULEVARD EAST,5,4,0,0,1,6,,0,,0,0,0,1,0,4,2,13
,2019-45044,39.68945,-105.035533,11/29/2019 8:56,8:56,8,0,1,FLORIDA AVENUE WEST & MEADE STREET SOUTH,5,1,0,0,1,1,,0,30,0,0,0,0,2,4,2,13
,2019-45045,39.689333,-104.896739,11/15/2019 17:30,17:30,10,0,0,FLORIDA AVENUE EAST & QUEBEC WAY SOUTH,1,3,0,0,1,1,,0,25,0,0,0,0,0,4,2,1
,2019-45047,39.712228,-104.926978,12/30/2019 7:10,7:10,6,0,0,FOREST STREET 200 BLOCK SOUTH & CEDAR AVENUE EAST,11,1,0,0,1,4,,0,25,0,0,0,0,0,4,2,13
,2019-45048,39.738453,-104.9953,12/30/2019 13:44,13:44,3,0,0,FOX STREET NORTH & 14TH AVENUE WEST,5,1,0,0,1,1,,0,,0,0,0,0,0,4,2,13
,2019-45049,39.7321,-104.996428,12/28/2019 11:10,11:10,3,0,0,GALAPAGO STREET NORTH & 10TH AVENUE WEST,4,1,0,2,1,1,,0,25,0,0,0,0,0,4,2,14
,2019-4505,39.682764,-104.959332,12/13/2019 16:02,16:02,12,0,0,UNIVERSITY BOULEVARD SOUTH & BUCHTEL BOULEVARD EAST,1,2,0,0,1,1,,0,35,0,0,0,0,0,4,2,13
,2019-45050,39.784636,-104.813417,12/15/2019 20:51,20:51,3,0,1,GATEWAY AVENUE EAST & FONTANA COURT NORTH,1,3,0,0,1,1,,0,35,0,0,0,0,1,4,2,14
,2019-45051,39.739189,-104.961014,12/22/2019 20:29,20:29,6,0,1,GAYLORD STREET & 1400 BLOCK NORTH,1,3,0,0,1,4,,0,30,0,0,0,0,1,4,5,5
,2019-45052,39.704931,-105.032442,1/26/2019 18:15,18:15,6,0,0,GILL PLACE WEST & KNOX COURT SOUTH,1,3,0,0,1,4,,0,25,0,0,0,0,0,4,2,1
,2019-45053,39.655092,-104.870286,11/7/2019 23:05,23:05,4,0,0,GIRARD AVENUE EAST & GALENA STREET SOUTH,1,1,0,0,1,4,,0,25,0,0,0,0,0,4,4,14
,2019-45054,39.735272,-104.983592,11/19/2019 18:30,18:30,3,0,0,GRANT STREET NORTH & 12TH AVENUE EAST,1,1,0,0,1,1,,0,,0,0,0,0,0,4,2,13
,2019-45055,39.714803,-105.025964,8/24/2019 20:11,20:11,5,0,0,GROVE STREET & BAYAUD AVENUE WEST,1,4,0,0,3,4,,0,25,0,0,0,0,0,4,2,13
,2019-45056,39.783675,-104.759331,12/29/2019 18:23,18:23,12,0,0,GREEN VALLEY RANCH BOULEVARD 20000 BLOCK EAST & HIMALAYA ROAD NORTH,1,3,0,0,1,3,,0,35,0,0,0,0,0,4,2,7
,2019-45057,39.783733,-104.802969,12/29/2019 13:19,13:19,12,0,0,GREEN VALLEY RANCH BOULEVARD 15900 EAST & KITTREDGE STREET NORTH,4,1,0,0,1,3,,0,35,0,0,0,0,0,4,2,7
,2019-45058,39.783786,-104.797967,12/30/2019 16:00,16:00,3,0,0,GREEN VALLEY RANCH BOULEVARD EAST & MEMPHIS STREET NORTH,1,1,0,0,1,2,,0,,0,0,0,0,0,4,2,13
,2019-45059,39.783636,-104.790478,9/18/2019 17:14,17:14,12,0,0,GREEN VALLEY RANCH BOULEVARD EAST & PENA BOULEVARD,1,1,1,0,1,1,,0,25,0,0,0,0,0,4,3,3
,2019-4506,39.70566,-104.959323,6/18/2019 17:00,17:00,12,0,0,UNIVERSITY BOULEVARD SOUTH & CENTER AVENUE EAST,1,1,0,0,1,1,,0,30,0,0,0,0,0,4,2,12
,2019-45060,39.783639,-104.790478,12/28/2019 22:27,22:27,12,0,0,GREEN VALLEY RANCH BOULEVARD EAST & PENA BOULEVARD,5,3,0,0,1,3,,0,35,0,0,0,0,0,4,2,7
,2019-45061,39.638125,-104.912453,12/20/2019 16:52,16:52,3,0,1,HAPPY CANYON ROAD EAST & QUINCY AVENUE EAST,1,2,0,0,1,1,,0,25,0,0,0,0,1,4,2,13
,2019-45062,39.638122,-104.912453,12/29/2019 16:56,16:56,5,0,0,HAPPY CANYON ROAD EAST & QUINCY AVENUE EAST,4,5,0,0,2,4,,0,30,0,0,0,0,0,4,1,13
,2019-45063,39.617525,-105.062314,12/2/2019 10:53,10:53,6,0,0,HARLAN WAY SOUTH & BERRY AVENUE WEST,5,4,0,0,1,4,,0,25,0,0,0,0,0,4,2,13
,2019-45064,39.757258,-104.865642,12/18/2019 12:15,12:15,6,0,0,HAVANA STREET & 2842 NORTH,1,4,0,0,1,4,,0,,0,0,0,0,0,4,2,13
,2019-45065,39.75275,-104.9911,12/30/2019 14:45,14:45,15,0,0,LAWRENCE STREET 2000 BLOCK & 20TH STREET,6,1,0,0,1,4,,0,25,0,0,0,0,0,4,2,13
,2019-45066,39.772922,-104.865817,10/7/2019 14:27,14:27,1,0,0,HAVANA STREET NORTH & 40TH AVENUE EAST,1,1,0,0,1,3,,0,45,0,0,0,0,0,4,3,13
,2019-45067,39.778781,-104.865819,12/27/2019 16:25,16:25,12,0,0,HAVANA STREET 4600 BLOCK NORTH & 47TH AVENUE EAST,1,2,0,0,1,4,,0,40,0,0,0,0,0,4,2,13
,2019-45068,39.768503,-104.865792,5/20/2019 13:40,13:40,12,0,1,HAVANA STREET NORTH  & SMITH ROAD EAST,2,1,0,1,1,4,,0,35,0,0,0,0,1,4,2,13
,2019-45069,39.768503,-104.865792,12/27/2019 9:45,9:45,12,0,0,HAVANA STREET NORTH & SMITH ROAD EAST,1,1,0,0,1,3,,0,35,0,0,0,0,0,4,2,13
,2019-4507,39.715272,-104.9593185,1/23/2019 19:00,19:00,15,0,0,UNIVERSITY BOULEVARD SOUTH & CHERRY CREEK SOUTH EAST,1,3,0,0,1,3,,0,25,0,0,0,0,0,4,2,13
,2019-45070,39.77611,-104.7532,12/19/2019 16:11,16:11,12,0,0,HIMALAYA ROAD 4200 BLOCK NORTH & 42ND AVENUE EAST,1,1,0,0,1,1,,0,30,0,0,0,0,0,4,2,7
,2019-45071,39.73126,-104.9693,11/26/2019 10:42,10:42,6,0,0,HUMBOLDT STREET NORTH & 900 BLOCK NORTH,5,1,1,2,1,4,,0,25,0,0,0,0,0,4,2,14
,2019-45072,39.689928,-105.018978,12/30/2019 11:16,11:16,6,0,0,IDAHO PLACE 2600 BLOCK WEST & CANOSA COURT SOUTH,5,1,1,0,1,4,,0,25,0,0,0,0,0,4,2,14
,2019-45073,39.70665,-104.9966,12/28/2019 23:37,23:37,3,0,1,KALAMATH STREET NORTH & SIXTH AVENUE EAST,2,3,0,0,1,1,,0,35,0,0,0,0,2,4,2,9
,2019-45074,39.700369,-105.0391,12/27/2019 15:06,15:06,3,0,1,KENTUCKY AVENUE WEST & PATTON COURT SOUTH,1,1,0,0,1,1,,0,25,0,0,0,0,2,4,2,14
,2019-45075,39.736717,-105.031906,11/22/2019 7:10,7:10,6,0,0,KNOX COURT NORTH & 13TH AVENUE WEST,5,1,1,2,1,4,,0,30,0,0,0,0,0,4,2,13
,2019-45076,39.716567,-105.032475,11/10/2019 18:58,18:58,3,0,3,KNOX COURT NORTH & ELLSWORTH AVENUE WEST,1,3,0,0,1,1,,0,25,0,0,0,0,2,4,2,13
,2019-45077,39.748747,-104.998036,12/20/2019 21:51,21:51,12,0,0,LARIMER STREET 1500 BLOCK & 15TH STREET,1,3,0,0,1,4,,0,,0,0,0,0,0,4,2,13
,2019-45078,39.702958,-104.915267,12/30/2019 11:40,11:40,15,0,0,LEYDEN STREET 700 BLOCK SOUTH & EXPOSITION AVENUE EAST,5,1,0,0,1,4,,0,25,0,0,0,0,0,4,3,13
,2019-45079,39.735275,-104.986122,12/29/2019 13:00,13:00,12,0,1,LINCOLN STREET 1200 BLOCK NORTH & 12TH AVENUE EAST,2,1,0,0,1,4,,0,,0,0,0,0,1,4,2,13
,2019-4508,39.715272,-104.9593185,2/23/2019 19:34,19:34,1,0,0,UNIVERSITY BOULEVARD SOUTH & CHERRY CREEK SOUTH EAST,1,3,0,0,1,1,,0,30,0,0,0,0,0,4,2,13
,2019-45080,39.738444,-104.986122,12/30/2019 12:45,12:45,15,0,0,LINCOLN STREET NORTH & 14TH AVENUE EAST,1,1,0,0,1,1,,0,30,0,0,0,0,0,4,2,12
,2019-45081,39.74183,-104.9859,11/27/2019 8:31,8:31,6,0,0,LINCOLN STREET NORTH & 17TH AVENUE EAST,5,1,0,0,1,4,,0,30,0,0,0,0,0,4,2,14
,2019-45082,39.74619,-104.9861,12/13/2019 21:00,21:00,10,0,0,LINCOLN STREET NORTH & 19TH AVENUE EAST,1,3,0,0,1,1,,0,35,0,0,0,0,0,4,2,13
,2019-45083,39.728172,-104.98615,12/20/2019 14:07,14:07,12,0,0,LINCOLN STREET 700 BLOCK NORTH & SEVENTH AVENUE EAST,1,1,0,0,1,4,,0,30,0,0,0,0,0,4,2,13
,2019-45084,39.714761,-104.986269,12/26/2019 14:15,14:15,15,0,0,LINCOLN STREET SOUTH & BAYAUD AVENUE EAST,1,1,0,0,1,4,,0,30,0,0,0,0,0,4,2,3