id,drcog_id,latitude,longitude,crashtime,time,crashtype,numbkilled,numbinjurd,drcoglocat,rdconditin,lightngcon,roadcntgrd,weatherco,location,roaddescrp,schoolzone,constrzone,splimit,bikeinv,sctrinv,pedinv,motoinv,svrty,rdsystem,ttlvehcls,hcf
,2019-45085,39.725647,-104.986264,11/14/2019 14:06,14:06,15,0,1,LINCOLN STREET NORTH & SPEER BOULEVARD EAST,1,1,0,0,1,1,,0,35,0,0,0,0,2,4,2,7
,2019-45086,39.705706,-104.982792,11/9/2019 16:24,16:24,3,0,0,LOGAN STREET SOUTH & CENTER AVENUE EAST,1,2,0,0,1,1,,0,25,0,0,0,0,0,4,2,13
,2019-45087,39.740858,-104.981969,4/19/2019 23:08,23:08,6,0,0,LOGAN STREET NORTH & COLFAX AVENUE EAST,1,3,0,0,1,4,,0,30,0,0,0,0,0,4,13,14
,2019-45088,39.6957,-104.9827,12/26/2019 19:33,19:33,12,0,0,LOGAN STREET 1100 BLOCK SOUTH & MISSISSIPPI AVENUE EAST,1,3,0,0,1,3,,0,30,0,0,0,0,0,4,2,13
,2019-45089,39.693142,-105.046058,12/20/2019 16:26,16:26,12,0,0,LOUISIANA 4600 BLOCK WEST & WINONA COURT SOUTH,1,2,0,0,1,4,,0,,0,0,0,0,0,4,2,13
,2019-4509,39.715272,-104.959323,4/2/2019 16:39,16:39,1,0,0,UNIVERSITY BOULEVARD NORTH & CHERRY CREEK EAST,1,1,0,0,1,1,,0,30,0,0,0,0,0,4,2,13
,2019-45090,39.756678,-105.034633,12/28/2019 8:59,8:59,8,0,1,LOWELL BOULEVARD NORTH & 27TH AVENUE WEST,4,1,0,2,1,1,,0,,0,0,0,0,2,4,2,13
,2019-45091,39.785811,-105.034322,8/12/2019 16:36,16:36,12,0,0,LOWELL BOULEVARD 4900 BLOCK NORTH & 49TH AVENUE WEST,1,1,0,0,1,4,,0,30,0,0,0,0,0,4,3,13
,2019-45092,39.717022,-104.895572,12/16/2019 12:30,12:30,10,0,0,LOWRY BOULEVARD EAST & FAIRMOUNT DRIVE EAST,1,1,0,0,1,6,,0,,0,0,0,0,0,4,2,13
,2019-45093,39.723506,-104.883908,12/13/2019 8:10,8:10,15,0,0,LOWRY BOULEVARD EAST & YOSEMITE WAY NORTH,1,1,0,0,1,6,,0,30,0,0,0,0,0,4,2,13
,2019-45094,39.718611,-104.946081,12/12/2019 10:46,10:46,6,0,0,MADISON & FIRST AVENUE EAST,1,1,0,0,1,4,,0,30,0,0,0,0,0,4,2,3
,2019-45095,39.713908,-104.989436,11/24/2019 9:15,9:15,6,0,0,MAPLE AVENUE & BROADWAY STREET SOUTH,1,1,0,0,1,4,,0,,0,0,0,0,0,4,2,13
,2019-45096,39.796922,-104.817381,12/28/2019 2:04,2:04,6,0,0,MARCH DRIVE EAST & EAGLE STREET NORTH,1,3,0,0,1,3,,0,15,0,0,0,0,0,4,2,5
,2019-45097,39.766972,-104.9721,12/21/2019 3:56,3:56,6,0,0,MARION STREET NORTH & 36TH AVENUE EAST,1,3,0,0,1,4,,0,,0,0,0,0,0,4,2,13
,2019-45098,39.793508,-104.826436,11/29/2019 21:01,21:01,5,0,0,MAXWELL PLACE EAST & ATCHISON STREET NORTH,4,3,0,1,2,4,,0,25,0,0,0,0,0,4,1,5
,2019-45099,39.697661,-105.038964,10/9/2019 9:07,9:07,6,0,0,PATTON COURT & 1000 BLOCK SOUTH,4,1,0,2,1,4,,0,,0,0,0,0,0,4,2,13
,2019-4510,39.715992,-104.9593095,5/23/2019 17:30,17:30,1,0,0,UNIVERSITY BOULEVARD NORTH & CHERRY CREEK NORTH DRIVE EAST,1,1,0,0,1,1,,0,30,0,0,0,0,0,4,2,8
,2019-45100,39.749992,-105.035797,12/23/2019 12:01,12:01,10,0,0,MEADE STREET NORTH & 22ND AVENUE WEST,1,1,1,0,1,1,,0,25,0,0,0,0,0,4,2,13
,2019-45101,39.72941,-105.0358,12/1/2019 14:54,14:54,6,0,0,MEADE STREET NORTH & NINTH AVENUE WEST,5,1,0,0,1,4,,0,25,0,0,0,0,0,4,2,7
,2019-45102,39.685686,-104.939461,12/19/2019 16:14,16:14,8,0,0,MEXICO AVENUE EAST & ALBION STREET SOUTH,1,4,0,0,1,4,,0,25,0,0,0,0,0,4,2,3
,2019-45103,39.685686,-104.939461,12/31/2019 15:44,15:44,3,0,0,MEXICO AVENUE EAST & ALBION STREET SOUTH,1,1,0,0,1,1,,0,20,0,0,0,0,0,4,2,13
,2019-45104,39.74395,-105.0236,12/29/2019 11:12,11:12,3,0,0,MILE HIGH STADIUM WEST CIRCLE & DICK CONNOR DRIVE WEST,4,1,1,0,1,1,,0,25,0,0,0,0,0,4,2,7
,2019-45105,39.760044,-104.874247,12/28/2019 11:50,11:50,3,0,0,MLK BOULEVARD EAST & EMPORIA STREET NORTH,4,1,0,2,1,1,,0,30,0,0,0,0,0,4,2,13
,2019-45106,39.760167,-104.898975,12/11/2019 20:20,20:20,3,0,0,MLK BOULEVARD EAST & SYRACUSE STREET NORTH,1,3,0,0,1,1,,0,35,0,0,0,0,0,4,2,14
,2019-45107,39.76565,-104.912467,12/24/2019 15:37,15:37,12,0,1,MONACO STREET NORTH & 35TH AVENUE EAST,1,1,0,0,1,3,,0,30,0,0,0,0,1,4,2,1
,2019-45108,39.725339,-104.912569,12/31/2019 10:45,10:45,3,0,0,MONACO STREET NORTH & SIXTH AVENUE EAST,1,1,0,0,1,1,,0,30,0,0,0,0,0,4,2,13
,2019-45109,39.706869,-105.038936,11/9/2019 22:18,22:18,6,0,0,MORRISON ROAD 3900 BLOCK & PERRY STREET SOUTH,1,4,0,0,1,4,,0,35,0,0,0,0,0,4,4,5
,2019-4511,39.715983,-104.9593095,9/13/2019 10:09,10:09,12,0,1,UNIVERSITY BOULEVARD SOUTH & CHERRY CREEK NORTH DRIVE EAST,1,1,0,0,1,3,,0,25,0,0,0,0,1,4,2,13
,2019-45110,39.729492,-104.979433,12/15/2019 8:49,8:49,6,0,0,PEARL STREET 800 BLOCK NORTH & NINTH AVENUE EAST,1,1,0,0,1,4,,0,25,0,0,0,0,0,4,2,5
,2019-45111,39.69806,-105.0514,12/20/2019 22:23,22:23,1,0,0,MORRISON ROAD & TENNESSEE AVENUE WEST,1,4,0,0,1,2,,0,30,0,0,0,0,0,4,2,5
,2019-45112,39.710317,-105.031914,12/26/2019 7:35,7:35,6,0,0,NEVADA PLACE 3400 BLOCK WEST & KNOX COURT SOUTH,1,1,0,0,1,4,,0,25,0,0,0,0,0,4,2,13
,2019-45113,39.737644,-104.975294,12/14/2019 16:20,16:20,6,0,0,OGDEN STREET 1300 BLOCK NORTH & 13TH AVENUE EAST,1,2,0,0,1,5,,0,20,0,0,0,0,0,4,2,13
,2019-45114,39.754622,-104.974561,12/31/2019 12:01,12:01,3,0,0,OGDEN STREET NORTH & 26TH AVENUE EAST,2,1,0,0,1,1,,0,25,0,0,0,0,0,4,2,1
,2019-45115,39.728172,-104.975161,12/2/2019 15:52,15:52,6,0,0,OGDEN STREET 700 BLOCK NORTH & SEVENTH AVENUE EAST,5,1,1,0,1,4,,0,,0,0,0,0,0,4,2,13
,2019-45117,39.849292,-104.673811,12/22/2019 19:36,19:36,15,0,0,PENA BOULEVARD & 8400 BLOCK,1,3,0,0,1,4,,0,10,0,0,0,0,0,4,2,13
,2019-45118,39.848417,-104.673072,12/23/2019 5:00,5:00,15,0,0,PENA BOULEVARD & 8400 BLOCK,1,2,0,0,1,4,,0,,0,0,0,0,0,4,2,13
,2019-45119,39.851808,-104.673494,12/26/2019 18:38,18:38,15,0,0,PENA BOULEVARD & 8500 BLOCK,1,3,1,0,1,4,,0,35,0,0,0,0,0,4,2,8
,2019-4512,39.715272,-104.9593185,11/6/2019 19:00,19:00,1,0,0,UNIVERSITY BOULEVARD SOUTH & CHERRY CREEK SOUTH DRIVE EAST,2,3,0,1,1,1,,0,25,0,0,0,0,0,4,2,8
,2019-45120,39.844158,-104.676992,12/28/2019 15:16,15:16,10,0,0,PENA BOULEVARD 8148 BLOCK & WEST PARKING GARAGE,5,1,1,2,1,1,,0,20,0,0,0,0,0,4,2,8
,2019-45121,39.746864,-104.980989,11/11/2019 14:00,14:00,12,0,0,PENNSYLVANIA 1900 BLOCK NORTH & 20TH AVENUE EAST,1,1,0,0,1,2,,0,30,0,0,0,0,0,4,2,13
,2019-45122,39.779597,-104.847022,12/30/2019 17:22,17:22,3,0,2,PEORIA STREET NORTH & 46TH AVENUE EAST,5,3,0,0,1,1,,0,35,0,0,0,0,1,4,2,8
,2019-45123,39.782389,-104.847011,9/28/2019 15:07,15:07,15,0,0,PEORIA STREET NORTH & ALBROOK DRIVE EAST,1,1,0,0,1,4,,0,35,0,0,0,0,0,4,2,13
,2019-45124,39.776247,-104.847025,10/1/2019 14:25,14:25,12,0,0,PEORIA STREET NORTH & I70 WB RAMPS,1,1,0,0,1,3,,0,35,0,0,0,0,0,4,2,13
,2019-45125,39.795275,-104.846342,12/24/2019 18:46,18:46,6,0,0,QUARI STREET 5400 BLOCK NORTH & 53RD AVENUE EAST,1,3,0,0,1,4,,0,25,0,0,0,0,0,4,5,14
,2019-45126,39.738703,-104.903464,12/23/2019 7:39,7:39,3,0,0,QUEBEC STREET NORTH & 14TH AVENUE EAST,1,2,1,0,1,1,,0,30,0,0,0,0,0,4,2,5
,2019-45127,39.745617,-104.903464,12/10/2019 17:31,17:31,12,0,0,QUEBEC STREET NORTH & 19TH AVENUE EAST,1,3,0,0,1,3,,0,30,0,0,0,0,0,4,2,1
,2019-45128,39.74561,-104.9034,12/16/2019 17:30,17:30,15,0,0,QUEBEC STREET NORTH & 19TH AVENUE EAST,1,3,0,0,1,1,,0,30,0,0,0,0,0,4,2,1
,2019-45129,39.718364,-104.903689,12/28/2019 5:47,5:47,3,0,0,QUEBEC STREET NORTH & FIRST AVENUE EAST,4,2,0,2,1,1,,0,35,0,0,0,0,0,4,2,7
,2019-4513,39.715272,-104.959323,12/9/2019 18:30,18:30,12,0,0,UNIVERSITY BOULEVARD SOUTH & CHERRY EAST,1,3,0,0,1,3,,0,25,0,0,0,0,0,4,2,13
,2019-45130,39.75535,-104.9033,12/14/2019 2:24,2:24,12,0,0,QUEBEC STREET 2600 BLOCK NORTH & 26TH AVENUE EAST,1,3,0,0,1,4,,0,35,0,0,0,0,0,4,2,2
,2019-45131,39.684664,-104.892358,12/27/2019 10:30,10:30,6,0,0,QUEBEC WAY SOUTH & COLORADO AVENUE EAST,1,1,0,0,1,2,,0,35,0,0,0,0,0,4,2,13
,2019-45132,39.76746,-104.9034,12/31/2019 22:37,22:37,12,0,0,QUEBEC STREET NORTH & 36TH AVENUE EAST,1,3,0,0,1,1,,0,40,0,0,0,0,0,4,2,13
,2019-45133,39.775083,-104.903367,10/10/2019 7:50,7:50,12,0,0,QUEBEC STREET NORTH & 4100 BLOCK NORTH,4,1,0,2,1,4,,0,40,0,0,0,0,0,4,2,1
,2019-45134,39.774864,-104.903206,9/12/2019 14:00,14:00,12,0,0,QUEBEC STREET NORTH & 4200 BLOCK NORTH,1,1,0,0,1,4,,0,30,0,0,0,0,0,4,2,1
,2019-45135,39.730717,-104.903464,6/28/2019 18:00,18:00,12,0,2,QUEBEC STREET NORTH & NINTH AVENUE EAST,1,1,0,0,1,3,,0,35,0,0,0,0,1,4,3,5
,2019-45136,39.695661,-104.903508,12/26/2019 12:40,12:40,3,0,1,QUEBEC STREET SOUTH & MISSISSIPPI AVENUE EAST,1,1,0,0,1,1,,0,35,0,0,0,0,1,4,2,13
,2019-45137,39.761422,-104.903458,11/11/2019 13:33,13:33,3,0,1,QUEBEC STREET NORTH & MLK BOULEVARD EAST,1,1,0,0,1,1,,0,35,0,0,0,0,1,4,2,13
,2019-45138,39.747442,-104.903447,12/30/2019 11:31,11:31,1,0,0,QUEBEC STREET NORTH & MONTVIEW BOULEVARD EAST,1,1,0,0,1,1,,0,30,0,0,0,0,0,4,2,13
,2019-45139,39.772733,-104.903497,12/20/2019 7:30,7:30,10,0,0,QUEBEC STREET NORTH & SANDOWN ROAD EAST,1,1,0,0,1,4,,0,,0,0,0,0,0,4,2,13
,2019-4514,39.661893,-104.959431,10/11/2019 19:00,19:00,12,0,0,UNIVERSITY BOULEVARD SOUTH & COLUMBIA PLACE EAST,1,2,0,0,1,3,,0,35,0,0,0,0,0,4,2,3
,2019-45141,39.701967,-105.040858,12/31/2019 7:42,7:42,6,0,0,QUITMAN STREET 800 BLOCK SOUTH & KENTUCKY AVENUE WEST,5,1,1,0,1,4,,0,,0,0,0,0,0,4,2,13
,2019-45142,39.741628,-104.963472,12/29/2019 14:34,14:34,10,0,1,RACE STREET NORTH & 16TH AVENUE EAST,10,1,0,0,1,1,,0,30,0,0,0,0,1,4,2,13
,2019-45143,39.72118,-104.9982,12/12/2019 12:44,12:44,12,0,0,SANTA FE DRIVE NORTH  & FOURTH AVENUE WEST,1,1,0,0,1,4,,0,30,0,0,0,0,0,4,2,14
,2019-45144,39.737444,-104.998628,11/15/2019 17:16,17:16,10,0,2,SANTA FE DRIVE & 130 BLOCK NORTH,1,3,0,0,1,2,,0,30,0,0,0,0,2,4,2,1
,2019-45145,39.722564,-104.998604,5/21/2019 15:40,15:40,3,0,0,SANTA FE DRIVE NORTH  & FOURTH AVENUE WEST,1,1,0,0,1,1,,0,35,0,0,0,0,0,4,2,13
,2019-45146,39.728906,-104.981944,12/27/2019 6:55,6:55,3,0,0,SANTA FE DRIVE NORTH & EIGHTH AVENUE WEST,1,1,1,0,1,1,,0,30,0,0,0,0,0,4,2,13
,2019-45147,39.71119,-104.9971,12/31/2019 17:30,17:30,12,0,0,SANTA FE DRIVE SOUTH & ALAMEDA AVENUE WEST,1,3,0,0,1,3,,0,30,0,0,0,0,0,4,2,13
,2019-45148,39.732633,-104.9924,11/29/2019 21:56,21:56,5,0,0,SPEER BOULEVARD & 1024 NORTH,5,4,0,2,3,4,,0,30,0,0,0,0,0,4,1,13
,2019-45149,39.740108,-104.998847,12/19/2019 11:10,11:10,15,0,0,SPEER BOULEVARD 1400 BLOCK NORTH & 14TH AVENUE WEST,1,1,0,0,1,4,,0,30,0,0,0,0,0,4,2,14
,2019-4515,39.678372,-104.9593995,1/22/2019 17:15,17:15,12,0,0,UNIVERSITY BOULEVARD SOUTH & EVANS AVENUE EAST,1,1,0,0,1,1,,0,30,0,0,0,0,0,4,4,12
,2019-45150,39.718703,-104.973272,12/8/2019 14:19,14:19,3,0,0,SPEER BOULEVARD EAST & DOWNING STREET NORTH,1,1,0,0,1,1,,0,,0,0,0,0,0,4,2,13
,2019-45152,39.722608,-104.9826,12/17/2019 19:44,19:44,3,0,1,SPEER BOULEVARD EAST & LOGAN STREET NORTH,1,3,1,0,1,3,,0,35,0,0,0,0,2,4,3,13
,2019-45153,39.7414,-104.998842,9/21/2019 21:09,21:09,3,0,1,SPEER BOULEVARD NORTH & STOUT STREET,1,3,0,0,1,1,,0,35,0,0,0,0,2,4,2,13
,2019-45154,39.746533,-104.897475,8/30/2019 15:30,15:30,6,0,0,SPRUCE STREET NORTH & 1900 BLOCK NORTH,1,1,0,0,1,4,,0,25,0,0,0,0,0,4,2,14
,2019-45155,39.781922,-104.950383,12/26/2019 14:57,14:57,6,0,0,STREET PAUL COURT NORTH & 47TH AVENUE EAST,1,1,0,0,1,3,,0,25,0,0,0,0,0,4,2,13
,2019-45156,39.724303,-104.950664,12/14/2019 9:30,9:30,6,0,0,STREET PAUL 500 BLOCK NORTH & SIXTH AVENUE EAST,1,1,0,0,1,4,,0,25,0,0,0,0,0,4,2,3
,2019-45157,39.747442,-104.898753,8/27/2019 6:29,6:29,3,0,1,SYRACUE STREET NORTH & EAST MONTVIEW BOULEVARD,1,1,0,0,1,1,,0,35,0,0,0,0,1,4,2,13
,2019-45158,39.628097,-104.899833,10/11/2019 9:30,9:30,3,0,0,SYRACUSE STREET SOUTH & TECHNOLOGY WAY EAST,1,1,0,0,1,6,,0,35,0,0,0,0,0,4,2,13
,2019-45159,39.662414,-104.887764,11/27/2019 16:59,16:59,12,0,1,SYRACUSE WAY SOUTH & XERIC COURT SOUTH,5,3,0,0,1,3,,0,30,0,0,0,0,1,4,2,13
,2019-4516,39.678372,-104.9593995,2/18/2019 18:25,18:25,12,0,0,UNIVERSITY BOULEVARD SOUTH & EVANS AVENUE EAST,1,3,0,0,1,1,,0,30,0,0,0,0,0,4,2,14
,2019-45160,39.638672,-104.892683,12/17/2019 15:00,15:00,12,0,0,TAMARAC DRIVE SOUTH & QUINCY AVENUE EAST,1,1,0,0,1,3,,0,25,0,0,0,0,0,4,2,3
,2019-45161,39.765739,-105.044014,12/6/2019 19:38,19:38,6,0,0,TENNYSON STREET NORTH & 35TH AVENUE WEST,1,3,0,0,1,4,,0,25,0,0,0,0,0,4,3,5
,2019-45162,39.739414,-105.044008,12/28/2019 10:32,10:32,12,0,0,TENNYSON 1400 BLOCK NORTH & COLFAX AVENUE WEST,4,1,0,2,1,4,,0,35,0,0,0,0,0,4,2,13
,2019-45163,39.751072,-104.979253,12/15/2019 15:46,15:46,6,0,0,TREMONT PLACE & 2400 BLOCK,1,1,0,0,1,4,,0,20,0,0,0,0,0,4,2,13
,2019-45164,39.780589,-104.841714,11/16/2019 15:47,15:47,3,0,0,TULSA COURT NORTH & ALBROOK DRIVE EAST,1,1,0,0,1,1,,0,25,0,0,0,0,0,4,2,13
,2019-45165,39.784806,-104.840742,12/26/2019 2:17,2:17,5,0,2,TULSA COURT NORTH & ANDREWS DRIVE EAST,1,3,0,0,3,1,,0,25,0,0,0,0,1,4,1,5
,2019-45166,39.750994,-104.893986,12/27/2019 15:10,15:10,3,0,0,ULSTER STREET NORTH & 23RD AVENUE EAST,1,1,0,0,1,1,,0,30,0,0,0,0,0,4,2,7
,2019-45167,39.627069,-104.893317,12/17/2019 15:45,15:45,6,0,0,ULSTER STREET & 4982 SOUTH,1,1,0,0,6,8,,0,,0,0,0,0,0,3,2,13
,2019-45168,39.711117,-104.959261,12/24/2019 13:10,13:10,3,0,0,UNIVERSITY BOULEVARD SOUTH & ALAMEDA AVENUE EAST,1,1,0,0,1,1,,0,35,0,0,0,0,0,4,3,3
,2019-45169,39.716083,-104.959222,12/17/2019 16:45,16:45,12,0,0,UNIVERSITY BOULEVARD NORTH & CHERRY CREEK NORTH DRIVE EAST,1,1,0,0,1,3,,0,30,0,0,0,0,0,4,2,12
,2019-4517,39.678372,-104.9593995,6/13/2019 14:00,14:00,15,0,0,UNIVERSITY BOULEVARD SOUTH & EVANS AVENUE EAST,1,1,0,0,1,1,,0,35,0,0,0,0,0,4,2,15
,2019-45170,39.678425,-104.959394,12/28/2019 0:12,0:12,12,0,0,UNIVERSITY BOULEVARD SOUTH & EVANS AVENUE EAST,1,3,0,0,1,1,,0,35,0,0,0,0,0,4,2,3
,2019-45171,39.755914,-105.046631,12/28/2019 21:30,21:30,5,0,1,VRAIN STREET & 2658 NORTH,4,3,0,0,3,4,,0,25,0,0,0,0,2,4,1,5
,2019-45173,39.693136,-105.044894,12/23/2019 14:46,14:46,3,0,0,UTICA STREET SOUTH & LOUISIANA AVENUE WEST,1,1,0,0,1,1,,0,25,0,0,0,0,0,4,2,13
,2019-45174,39.670156,-105.017556,12/28/2019 22:38,22:38,6,0,0,VASSAR AVENUE 2500 BLOCK WEST & CLAY STREET SOUTH,4,4,0,2,1,4,,0,,0,0,0,0,0,4,2,13
,2019-45175,39.708044,-105.042033,12/10/2019 14:10,14:10,3,0,0,VIRGINIA AVENUE WEST & RALEIGH STREET SOUTH,1,1,0,0,1,1,,0,25,0,0,0,0,0,4,2,13
,2019-45176,39.7983,-104.889378,12/14/2019 8:35,8:35,12,0,0,WABASH STREET NORTH & 56TH AVENUE EAST,1,1,0,0,1,3,,0,40,0,0,0,0,0,4,2,13
,2019-45177,39.765297,-104.978375,12/20/2019 12:20,12:20,15,0,0,WALNUT STREET 3200 BLOCK & 32ND AVENUE,1,1,0,0,1,4,,1,30,0,0,0,0,0,4,2,3
,2019-45178,39.757389,-104.988375,11/17/2019 1:11,1:11,12,0,0,WALNUT STREET 2400 BLOCK & BROADWAY NORTH,1,3,0,0,1,3,,0,25,0,0,0,0,0,4,2,3
,2019-45179,39.76918,-104.9733,12/9/2019 20:50,20:50,12,0,0,WALNUT STREET & DOWNING STREET NORTH,1,3,0,0,1,1,,0,25,0,0,0,0,0,4,2,13
,2019-4518,39.678372,-104.9593995,6/14/2019 7:20,7:20,15,0,0,UNIVERSITY BOULEVARD SOUTH & EVANS AVENUE EAST,1,1,0,0,1,1,,0,30,0,0,0,0,0,4,2,13
,2019-45180,39.667481,-104.927269,11/19/2019 18:00,18:00,12,0,0,YALE AVENUE EAST & GLENCOE STREET SOUTH,14,1,0,1,1,1,,0,,0,0,0,0,0,4,2,13
,2019-45181,39.75165,-104.9993,12/21/2019 2:11,2:11,12,0,0,WAZEE STREET 1600 BLOCK & 17TH STREET,1,3,1,0,1,4,,0,30,0,0,0,0,0,4,2,13
,2019-45182,39.744506,-104.991322,12/24/2019 19:31,19:31,12,0,0,WELTON STREET & 16TH STREET,1,3,0,0,1,3,,0,25,0,0,0,0,0,4,2,13
,2019-45185,39.667653,-105.027217,12/11/2019 7:30,7:30,12,0,1,YALE AVENUE 3100 BLOCK WEST & HAZEL COURT SOUTH,1,1,0,0,1,3,,0,30,0,0,0,0,2,4,3,3
,2019-45186,39.667594,-104.959381,12/18/2019 9:01,9:01,12,0,0,YALE AVENUE EAST & UNIVERSITY BOULEVARD SOUTH,1,1,0,0,1,1,,0,30,0,0,0,0,0,4,3,13
,2019-45188,39.754467,-104.959758,10/7/2019 16:45,16:45,3,0,0,YORK STREET NORTH & 26TH AVENUE EAST,1,1,0,0,1,1,,0,30,0,0,0,0,0,4,2,13
,2019-45189,39.761369,-104.959756,11/14/2019 7:45,7:45,15,0,0,YORK STREET 3100 BLOCK NORTH & MLK BOULEVARD EAST,1,1,0,0,1,3,,0,30,0,0,0,0,0,4,2,1
,2019-4519,39.678372,-104.9593995,11/18/2019 16:00,16:00,12,0,0,UNIVERSITY BOULEVARD SOUTH & EVANS AVENUE EAST,1,1,0,0,1,1,,0,30,0,0,0,0,0,4,2,13
,2019-45190,39.723628,-104.883703,12/17/2019 17:28,17:28,10,0,0,YOSEMITE WAY NORTH & LOWRY BOULEVARD EAST,1,2,1,0,1,1,,0,35,0,0,0,0,0,4,2,13
,2019-45191,39.778536,-105.051711,12/27/2019 11:00,11:00,6,0,0,ZENOBIA STREET NORTH & 4500 BLOCK NORTH,1,1,0,0,1,4,,0,25,0,0,0,0,0,4,2,3
,2019-4520,39.70386,-104.95935,6/18/2019 17:40,17:40,12,0,0,UNIVERSITY BOULEVARD SOUTH & EXPOSITION AVENUE EAST,1,1,0,0,1,1,,0,30,0,0,0,0,0,4,2,7
,2019-4521,39.70386,-104.95935,7/31/2019 22:00,22:00,10,0,0,UNIVERSITY BOULEVARD SOUTH  & EXPOSITION AVENUE EAST,1,3,0,0,1,1,,0,35,0,0,0,0,0,4,2,8
,2019-4522,39.73377576,-104.984869,11/17/2019 21:40,21:40,6,0,0,SHERMAN STREET NORTH & 4500 BLOCK NORTH,1,3,0,0,1,4,,0,25,0,0,0,0,0,4,2,7
,2019-4523,39.70386,-104.95935,11/16/2019 12:00,12:00,15,0,0,UNIVERSITY BOULEVARD SOUTH & EXPOSITION AVENUE EAST,1,1,0,0,1,1,,0,30,0,0,0,0,0,4,2,13
,2019-4524,39.689298,-104.959341,5/7/2019 19:00,19:00,12,0,0,UNIVERSITY BOULEVARD SOUTH & FLORIDA AVENUE EAST,2,1,0,1,1,1,,0,30,0,0,0,0,0,4,4,13
,2019-4525,39.689298,-104.959341,7/10/2019 19:15,19:15,12,0,0,UNIVERSITY BOULEVARD SOUTH & FLORIDA AVENUE EAST,1,1,0,0,1,1,,0,35,0,0,0,0,0,4,3,3
,2019-45258,39.78785643,-104.7906994,11/26/2019 16:48,16:48,12,0,0,PENA BOULEVARD & 8300 BLOCK,4,3,1,2,1,4,,0,15,0,0,0,0,0,4,2,13
,2019-4526,39.671208,-104.9593905,12/4/2019 10:10,10:10,3,0,1,UNIVERSITY BOULEVARD SOUTH & HARVARD AVENUE EAST,2,1,0,0,1,1,,0,35,0,0,0,0,1,4,2,13
,2019-4527,39.700224,-104.959323,10/21/2019 7:32,7:32,1,0,0,UNIVERSITY BOULEVARD SOUTH & KENTUCKY AVENUE EAST,1,1,0,0,1,1,,0,30,0,0,0,0,0,4,2,13
,2019-4528,39.700224,-104.959323,11/7/2019 9:59,9:59,12,0,0,UNIVERSITY BOULEVARD SOUTH & KENTUCKY AVENUE EAST,1,1,0,0,1,3,,0,25,0,0,0,0,0,4,2,13
,2019-4529,39.700224,-104.959323,11/21/2019 14:58,14:58,12,0,0,UNIVERSITY BOULEVARD SOUTH & KENTUCKY AVENUE EAST,2,1,0,2,1,1,,0,35,0,0,0,0,0,4,2,12
,2019-4530,39.692961,-104.959341,10/30/2019 11:38,11:38,3,0,0,UNIVERSITY BOULEVARD SOUTH & LOUISIANA AVENUE EAST,6,1,1,0,1,1,,0,30,0,0,0,0,0,4,2,3
,2019-4531,39.702024,-104.959341,12/31/2019 12:30,12:30,12,0,0,UNIVERSITY BOULEVARD SOUTH & OHIO AVENUE EAST,2,1,0,0,1,1,,0,35,0,0,0,0,0,4,2,13
,2019-4532,39.698388,-104.959332,4/16/2019 15:40,15:40,15,0,0,UNIVERSITY BOULEVARD SOUTH & TENNESSEE AVENUE EAST,1,1,0,0,1,1,,0,35,0,0,0,0,0,4,2,13
,2019-4533,39.698388,-104.959332,4/19/2019 14:35,14:35,12,0,1,UNIVERSITY BOULEVARD SOUTH & TENNESSEE AVENUE EAST,1,1,0,0,1,1,,0,30,0,0,0,0,1,4,3,13
,2019-4535,39.698388,-104.959332,6/18/2019 8:45,8:45,12,0,1,UNIVERSITY BOULEVARD SOUTH & TENNESSEE AVENUE EAST,1,1,0,0,1,1,,0,30,0,0,0,0,1,4,2,2
,2019-4536,39.698388,-104.959332,12/6/2019 8:44,8:44,3,0,0,UNIVERSITY BOULEVARD SOUTH & TENNESSEE AVENUE EAST,2,1,0,0,1,1,,0,30,0,0,0,0,0,4,2,13
,2019-4537,39.707487,-104.9593185,7/1/2019 16:45,16:45,12,0,0,UNIVERSITY BOULEVARD SOUTH & VIRGINIA AVENUE EAST,1,1,0,0,1,1,,0,30,0,0,0,0,0,4,2,3
,2019-4538,39.673017,-104.9593905,2/25/2019 17:55,17:55,3,0,0,UNIVERSITY BOULEVARD SOUTH & WESLEY AVENUE EAST,1,1,0,0,1,1,,0,25,0,0,0,0,0,4,2,13
,2019-4539,39.673017,-104.9593905,3/5/2019 16:10,16:10,3,0,0,UNIVERSITY BOULEVARD SOUTH & WESLEY AVENUE EAST,1,1,0,0,1,1,,0,30,0,0,0,0,0,4,2,13
,2019-4540,39.673017,-104.9593905,3/6/2019 19:40,19:40,1,0,0,UNIVERSITY BOULEVARD SOUTH & WESLEY AVENUE EAST,1,3,0,0,1,1,,0,30,0,0,0,0,0,4,2,14
,2019-4541,39.673017,-104.9593905,3/17/2019 12:58,12:58,1,0,0,UNIVERSITY BOULEVARD SOUTH & WESLEY AVENUE EAST,1,1,0,0,1,1,,0,35,0,0,0,0,0,4,2,13
,2019-4542,39.673017,-104.9593905,5/23/2019 11:31,11:31,12,0,0,UNIVERSITY BOULEVARD SOUTH & WESLEY AVENUE EAST,1,1,0,0,1,3,,0,35,0,0,0,0,0,4,2,13
,2019-4543,39.673017,-104.9593905,10/25/2019 18:34,18:34,1,0,0,UNIVERSITY BOULEVARD SOUTH & WESLEY AVENUE EAST,1,3,1,0,1,1,,0,35,0,0,0,0,0,4,2,7