id,drcog_id,latitude,longitude,crashtime,time,crashtype,numbkilled,numbinjurd,drcoglocat,rdconditin,lightngcon,roadcntgrd,weatherco,location,roaddescrp,schoolzone,constrzone,splimit,bikeinv,sctrinv,pedinv,motoinv,svrty,rdsystem,ttlvehcls,hcf
,2019-4672,39.667932,-104.9249295,1/7/2019 8:14,8:14,1,0,0,YALE AVENUE EAST & VALLEY ROAD SOUTH,1,1,0,0,1,1,,0,30,0,0,0,0,0,4,2,13
,2019-4673,39.6681525,-104.9376015,4/25/2019 16:42,16:42,5,0,0,YALE AVENUE EAST & VASSAR AVENUE EAST,1,1,0,0,3,1,,0,25,0,0,0,0,0,4,1,13
,2019-4674,39.781791,-104.774472,7/9/2019 21:47,21:47,3,0,0,YAMPA STREET NORTH & 47TH AVENUE EAST,1,3,0,0,1,1,,0,30,0,0,0,0,0,4,2,3
,2019-4675,39.783618,-104.7744585,12/15/2019 1:04,1:04,15,0,1,YAMPA STREET NORTH & GREEN VALLEY RANCH BOULEVARD EAST,1,3,0,0,1,1,,0,40,0,0,0,0,1,4,2,5
,2019-4676,39.766426,-105.0506982,10/25/2019 19:51,19:51,6,0,0,YATES STREET NORTH & 100 BLOCK NORTH,1,4,1,0,1,4,,0,25,0,0,0,0,0,4,2,7
,2019-4677,39.758481,-105.0509115,7/3/2019 12:40,12:40,3,0,0,YATES STREET NORTH & 29TH AVENUE WEST,1,1,0,0,1,1,,0,30,0,0,0,0,0,4,2,1
,2019-4678,39.776571,-105.0509205,9/17/2019 15:47,15:47,3,0,2,YATES STREET NORTH & 44TH AVENUE WEST,1,1,0,0,1,1,,0,25,0,0,0,0,1,4,2,13
,2019-4679,39.711366,-105.05106,6/21/2019 13:02,13:02,3,0,0,YATES STREET SOUTH & ALAMEDA AVENUE WEST,1,1,1,0,1,1,,0,25,0,0,0,0,0,4,2,13
,2019-4680,39.679164,-105.0510735,10/27/2019 8:52,8:52,3,0,1,YATES STREET SOUTH & EVANS AVENUE WEST,2,1,0,2,1,1,,0,25,0,0,0,0,1,4,2,13
,2019-4681,39.733452,-104.9598405,7/17/2019 18:23,18:23,15,0,0,YORK STREET NORTH & 11TH AVENUE EAST,1,1,0,0,1,1,,0,30,0,0,0,0,0,4,2,14
,2019-46814,39.78785643,-104.7906994,11/19/2019 19:58,19:58,6,0,0,PENA BOULEVARD & 8400 BLOCK,1,3,1,0,1,4,,0,10,0,0,0,0,0,4,2,13
,2019-4682,39.733452,-104.9598405,8/10/2019 18:01,18:01,10,0,1,YORK STREET NORTH & 11TH AVENUE EAST,1,1,0,0,1,1,,0,30,0,0,0,0,1,4,2,14
,2019-4683,39.738366,-104.959818,2/14/2019 12:01,12:01,15,0,0,YORK STREET NORTH & 14TH AVENUE EAST,1,1,0,0,1,1,,0,30,0,0,0,0,0,4,2,13
,2019-4684,39.743253,-104.9598315,2/28/2019 20:45,20:45,3,0,0,YORK STREET NORTH & 17TH AVENUE EAST,1,3,0,0,1,1,,0,30,0,0,0,0,0,4,2,1
,2019-4685,39.743253,-104.9598315,7/28/2019 14:05,14:05,10,0,0,YORK STREET NORTH & 17TH AVENUE EAST,1,1,0,0,1,1,,0,30,0,0,0,0,0,4,2,13
,2019-4687,39.746934,-104.959809,2/28/2019 8:09,8:09,12,0,0,YORK STREET NORTH & 20TH AVENUE EAST,1,1,0,0,1,1,,0,30,0,0,0,0,0,4,3,14
,2019-4688,39.746934,-104.959809,3/28/2019 16:15,16:15,12,0,0,YORK STREET NORTH & 20TH AVENUE EAST,1,1,0,0,1,1,,0,30,0,0,0,0,0,4,2,3
,2019-4689,39.748194,-104.9598,8/21/2019 4:40,4:40,12,0,0,YORK STREET NORTH & 21ST AVENUE EAST,1,3,0,0,1,3,,0,30,0,0,0,0,0,4,2,14
,2019-4690,39.749463,-104.959791,12/20/2019 8:12,8:12,1,0,0,YORK STREET NORTH & 22ND AVENUE EAST,1,1,0,0,1,1,,0,35,0,0,0,0,0,4,2,13
,2019-46906,39.78785643,-104.7906994,11/27/2019 12:55,12:55,15,0,0,PENA BOULEVARD & 8400 BLOCK,2,1,0,0,1,4,,0,,0,0,0,0,0,4,2,13
,2019-4691,39.750696,-104.9597685,1/24/2019 10:50,10:50,3,0,0,YORK STREET NORTH & 23RD AVENUE EAST,4,1,0,2,1,1,,0,30,0,0,0,0,0,4,2,13
,2019-4692,39.753216,-104.9598,3/16/2019 1:34,1:34,5,0,2,YORK STREET NORTH & 25TH AVENUE EAST,1,3,0,0,2,4,,0,35,0,0,0,0,2,4,1,5
,2019-4693,39.741228,-104.999508,11/5/2019 6:50,6:50,15,0,0,SPEER BOULEVARD NORTH & STOUT STREET,1,1,0,0,1,1,,0,30,0,0,0,0,0,4,2,13
,2019-4694,39.754449,-104.9598,7/3/2019 9:26,9:26,3,0,0,YORK STREET NORTH & 26TH AVENUE EAST,1,1,0,0,1,1,,0,30,0,0,0,0,0,4,2,1
,2019-4695,39.754449,-104.9598,11/28/2019 13:27,13:27,3,0,0,YORK STREET NORTH & 26TH AVENUE EAST,6,1,0,0,1,1,,0,30,0,0,0,0,0,4,2,13
,2019-4696,39.755709,-104.9598,6/19/2019 10:45,10:45,3,0,1,YORK STREET NORTH & 27TH AVENUE EAST,1,1,0,0,1,1,,0,25,0,0,0,0,1,4,2,13
,2019-4697,39.755709,-104.9598,7/22/2019 6:00,6:00,3,0,1,YORK STREET NORTH & 27TH AVENUE EAST,1,2,0,0,1,1,,0,30,0,0,0,0,2,4,2,13
,2019-4699,39.75948,-104.959782,6/8/2019 11:49,11:49,1,0,1,YORK STREET NORTH & 30TH AVENUE EAST,1,1,0,0,1,1,,0,30,0,0,0,0,1,4,2,1
,2019-4700,39.75948,-104.959782,6/17/2019 7:43,7:43,3,0,0,YORK STREET NORTH & 30TH AVENUE EAST,1,1,0,0,1,1,,0,25,0,0,0,0,0,4,2,13
,2019-4701,39.787407,-105.0158295,11/12/2019 7:06,7:06,12,0,0,ZUNI STREET NORTH & 50TH AVENUE WEST,1,1,1,0,1,1,,0,25,0,0,0,1,0,4,2,13
,2019-47015,39.78785643,-104.7906994,6/19/2019 9:07,9:07,3,0,0,PENA BOULEVARD & 8500 BLOCK,1,1,0,0,1,2,,0,10,0,0,0,0,0,4,2,13
,2019-4702,39.75948,-104.959782,6/27/2019 16:39,16:39,1,0,2,YORK STREET NORTH & 30TH AVENUE EAST,1,1,0,0,1,1,,0,30,0,0,0,0,2,4,2,1
,2019-47029,39.78785643,-104.7906994,9/15/2019 16:16,16:16,5,0,0,PENA BOULEVARD & 8500 BLOCK,1,1,0,0,1,4,,0,10,0,0,0,0,0,4,1,8
,2019-4703,39.760749,-104.959782,5/2/2019 1:40,1:40,3,0,1,YORK STREET NORTH & 31ST AVENUE EAST,1,3,1,0,1,1,,0,35,0,0,0,0,2,4,2,13
,2019-4704,39.760749,-104.959782,6/26/2019 12:11,12:11,12,0,0,YORK STREET NORTH & 31ST AVENUE EAST,1,1,0,0,1,1,,0,30,0,0,0,0,0,4,2,13
,2019-47042,39.773187,-104.809932,1/20/2019 19:47,19:47,12,0,0,CHAMBERS ROAD NORTH & 40TH AVENUE EAST,1,3,0,0,1,3,,0,45,0,0,0,0,0,4,2,13
,2019-4705,39.760749,-104.959782,12/6/2019 16:49,16:49,1,0,1,YORK STREET NORTH & 31ST AVENUE EAST,1,3,0,0,1,1,,0,30,0,0,0,0,1,4,2,1
,2019-47056,39.78785643,-104.7906994,10/27/2019 17:22,17:22,15,0,0,PENA BOULEVARD & 8500 BLOCK,4,1,0,2,1,4,,0,55,0,0,0,0,0,4,2,14
,2019-4707,39.765726,-104.9597685,5/31/2019 12:04,12:04,1,0,0,YORK STREET NORTH & 35TH AVENUE EAST,1,1,0,0,1,1,,0,30,0,0,0,0,0,4,2,13
,2019-4708,39.765726,-104.9597685,5/31/2019 14:38,14:38,3,0,1,YORK STREET NORTH & 35TH AVENUE EAST,1,1,0,0,1,1,,0,25,0,0,0,0,1,4,2,13
,2019-4709,39.765726,-104.9597685,5/31/2019 20:26,20:26,1,0,0,YORK STREET NORTH & 35TH AVENUE EAST,1,2,0,0,1,1,,0,30,0,0,0,0,0,4,2,1
,2019-4710,39.765726,-104.9597685,7/17/2019 17:05,17:05,3,0,0,YORK STREET NORTH & 35TH AVENUE EAST,1,1,0,0,1,1,,0,25,0,0,0,0,0,4,2,1
,2019-4711,39.765726,-104.9597685,9/20/2019 16:58,16:58,1,0,0,YORK STREET NORTH & 35TH AVENUE EAST,1,1,0,0,1,1,,0,30,0,0,0,0,0,4,2,1
,2019-4712,39.768138,-104.9597505,1/20/2019 23:01,23:01,3,0,2,YORK STREET NORTH & 37TH AVENUE EAST,1,3,0,0,1,1,,0,30,0,0,0,0,1,4,2,7
,2019-4713,39.78214406,-104.9592915,3/6/2019 22:33,22:33,14,0,1,YORK STREET & 3900 BLOCK NORTH,6,3,0,2,1,4,,0,30,0,0,0,0,2,4,3,1
,2019-4714,39.773943,-104.959431,5/3/2019 16:30,16:30,3,0,0,YORK STREET NORTH & 41ST AVENUE EAST,1,1,0,0,1,1,,0,30,0,0,0,0,0,4,2,13
,2019-4715,39.75985264,-104.959782,7/5/2019 15:25,15:25,12,0,0,YORK STREET NORTH & 4700 BLOCK,1,1,0,0,1,4,,0,30,0,0,0,0,0,4,2,7
,2019-4716,39.727098,-104.9602185,1/8/2019 14:44,14:44,10,0,2,YORK STREET NORTH & SEVENTH AVENUE EAST,1,1,0,0,1,1,,0,30,0,0,0,0,1,4,2,8
,2019-4717,39.691125,-104.9605785,5/15/2019 19:34,19:34,3,0,1,YORK STREET SOUTH & ARKANSAS AVENUE EAST,1,3,0,0,1,1,,0,25,0,0,0,0,1,4,2,13
,2019-4718,39.791646,-104.9592195,10/18/2019 7:45,7:45,12,0,2,YORK STREET NORTH  & BRIGHTON BOULEVARD NORTH,1,1,0,0,1,1,,0,25,0,0,0,0,1,4,2,14
,2019-4719,39.764484,-104.9597685,4/28/2019 14:55,14:55,3,0,4,YORK STREET NORTH & BRUCE RANDOLPH AVENUE EAST,1,1,0,0,1,1,,0,30,0,0,0,0,2,4,4,9
,2019-4720,39.707478,-104.9605695,8/16/2019 16:24,16:24,3,0,1,YORK STREET SOUTH & VIRGINIA AVENUE EAST,1,1,0,0,1,1,,0,25,0,0,0,0,1,4,2,13
,2019-4721,39.732802,-104.8847392,11/18/2019 13:38,13:38,8,0,3,YOSEMITE STREET NORTH & 1200 BLOCK NORTH,1,1,0,0,1,4,,0,30,0,0,0,0,2,4,3,13
,2019-47216,39.785445,-104.8860405,10/17/2019 22:07,22:07,5,0,1,NORTHFIELD BOULEVARD EAST & XENIA STREET NORTH,1,3,0,0,4,1,,0,,0,0,0,0,2,4,1,13
,2019-4722,39.72915,-104.88672,10/14/2019 17:30,17:30,3,0,0,YOSEMITE STREET NORTH & 1255 NORTH YOSEMITE STREET,1,1,0,0,1,2,,0,30,0,0,0,0,0,4,2,13
,2019-4723,39.735612,-104.8846905,6/4/2019 0:31,0:31,1,0,1,YOSEMITE STREET NORTH & 12TH AVENUE EAST,1,3,0,0,1,1,,0,30,0,0,0,0,1,4,2,6
,2019-4724,39.737268,-104.8846815,3/6/2019 15:40,15:40,3,0,0,YOSEMITE STREET NORTH & 13TH AVENUE EAST,1,1,0,0,1,1,,0,30,0,0,0,0,0,4,2,1
,2019-4725,39.741948,-104.884668,9/8/2019 16:42,16:42,3,0,1,YOSEMITE STREET NORTH & 16TH AVENUE EAST,1,1,0,0,1,1,,0,25,0,0,0,0,2,4,2,5
,2019-4726,39.745584,-104.884668,12/14/2019 13:25,13:25,3,0,0,YOSEMITE STREET NORTH & 19TH AVENUE EAST,1,1,0,0,1,1,,0,25,0,0,0,0,0,4,2,13
,2019-4727,39.72915,-104.88672,1/25/2019 11:55,11:55,12,0,0,YOSEMITE STREET NORTH & AKRON WAY NORTH,1,1,0,0,1,1,,0,30,0,0,0,0,0,4,2,13
,2019-4728,39.624201,-104.8853295,1/4/2019 9:33,9:33,12,0,0,YOSEMITE STREET SOUTH & BELLEVIEW AVENUE EAST,1,1,1,0,1,3,,0,40,0,0,0,0,0,4,2,13
,2019-4729,39.696759,-105.0156585,1/20/2019 11:40,11:40,3,0,0,ZUNI STREET SOUTH & MISSISSIPPI AVENUE WEST,1,1,0,0,1,1,,0,,0,0,0,0,0,4,2,13
,2019-4730,39.657051,-104.884821,10/23/2019 15:11,15:11,3,0,0,YOSEMITE STREET SOUTH & EASTMAN PLACE EAST,2,1,0,2,1,1,,0,25,0,0,0,0,0,4,2,3
,2019-4731,39.651111,-104.884839,10/28/2019 11:05,11:05,3,0,0,YOSEMITE STREET SOUTH & JEFFERSON AVENUE EAST,5,1,1,2,1,1,,0,30,0,0,0,0,0,4,2,13
,2019-4732,39.649122,-104.884911,1/18/2019 14:40,14:40,3,0,0,YOSEMITE STREET SOUTH & KENYON AVENUE EAST,6,1,0,0,1,1,,0,25,0,0,0,0,0,4,2,14
,2019-4733,39.649122,-104.884911,4/9/2019 9:30,9:30,3,0,0,YOSEMITE STREET SOUTH & KENYON AVENUE EAST,1,1,1,0,1,1,,0,35,0,0,0,0,0,4,2,13
,2019-4734,39.649122,-104.884911,9/10/2019 8:22,8:22,12,0,0,YOSEMITE STREET SOUTH & KENYON AVENUE EAST,1,1,0,0,1,1,,0,35,0,0,0,0,0,4,3,13
,2019-4735,39.647511,-104.884983,2/16/2019 12:40,12:40,1,0,2,YOSEMITE STREET SOUTH & LEHIGH AVENUE EAST,1,1,0,0,1,1,,0,35,0,0,0,0,2,4,2,13
,2019-4736,39.647511,-104.884983,3/14/2019 19:21,19:21,3,0,0,YOSEMITE STREET SOUTH & LEHIGH AVENUE EAST,5,4,0,0,1,1,,0,35,0,0,0,0,0,4,2,14
,2019-4737,39.647511,-104.884983,3/14/2019 20:45,20:45,12,0,0,YOSEMITE STREET SOUTH & LEHIGH AVENUE EAST,9,3,0,0,1,1,,0,40,0,0,0,0,0,4,3,14
,2019-4738,39.647511,-104.884983,9/19/2019 8:00,8:00,15,0,0,YOSEMITE STREET SOUTH & LEHIGH AVENUE EAST,1,1,0,0,1,1,,0,35,0,0,0,0,0,4,2,13
,2019-4739,39.7239345,-104.883939,6/24/2019 18:11,18:11,3,0,0,YOSEMITE STREET NORTH & LOWRY BOULEVARD EAST,1,1,0,0,1,6,,0,15,0,0,0,0,0,4,2,5
,2019-4740,39.73419,-104.884713,8/27/2019 6:05,6:05,1,0,0,YOSEMITE STREET NORTH & RICHTHOFEN PLACE EAST,1,2,0,0,1,1,,0,30,0,0,0,0,0,4,2,7
,2019-4741,39.7239345,-104.883939,10/3/2019 7:00,7:00,3,0,0,YOSEMITE STREET NORTH & LOWRY BOULEVARD EAST,1,1,0,0,1,6,,0,35,0,0,0,0,0,4,2,13
,2019-4742,39.7239345,-104.883939,10/28/2019 19:09,19:09,3,0,0,YOSEMITE STREET NORTH & LOWRY BOULEVARD EAST,1,2,1,0,1,6,,0,35,0,0,0,0,0,4,2,1
,2019-4743,39.7237095,-104.8837095,12/13/2019 7:38,7:38,3,0,0,YOSEMITE WAY NORTH & LOWRY BOULEVARD EAST,1,1,0,0,1,6,,0,30,0,0,0,0,0,4,2,13
,2019-47436,39.78236116,-104.9613411,2/23/2019 22:00,22:00,6,0,0,GAYLORD STREET & 3300 BLOCK NORTH,5,3,0,0,1,4,,0,25,0,0,0,0,0,4,3,3
,2019-4744,39.644748,-104.885118,5/31/2019 20:24,20:24,12,0,3,YOSEMITE STREET SOUTH & MANSFIELD AVENUE EAST,1,3,0,0,1,1,,0,35,0,0,0,0,1,4,2,14
,2019-4745,39.660498,-105.0229215,12/29/2019 18:59,18:59,6,0,0,DARTMOUTH AVENUE & 2500 BLOCK WEST,4,4,1,0,1,4,,0,,0,0,0,0,0,4,2,13
,2019-4746,39.6432,-104.8851495,4/16/2019 12:30,12:30,12,0,0,YOSEMITE STREET SOUTH & NASSAU AVENUE EAST,1,1,0,0,1,1,,0,35,0,0,0,0,0,4,2,3
,2019-4747,39.785436,-104.8849785,7/14/2019 9:24,9:24,12,0,0,YOSEMITE STREET NORTH 4900 BLOCK & NORTHFIELD BOULEVARD EAST,1,1,0,0,1,4,,0,30,0,0,0,0,0,4,2,13
,2019-4748,39.640392,-104.88519,8/16/2019 13:13,13:13,1,0,2,YOSEMITE STREET SOUTH & OXFORD AVENUE EAST,1,1,0,0,1,1,,0,35,0,0,0,0,2,4,2,1
,2019-4749,39.631338,-104.8853115,1/10/2019 15:43,15:43,1,0,0,YOSEMITE STREET SOUTH & UNION AVENUE EAST,1,1,0,0,1,1,,0,40,0,0,0,0,0,4,2,7
,2019-4750,39.636252,-104.8852485,10/8/2019 8:22,8:22,1,0,0,YOSEMITE STREET SOUTH & XERIC WAY SOUTH,1,1,0,0,1,1,,0,35,0,0,0,0,0,4,2,13
,2019-4751,39.77385318,-105.0520859,1/27/2019 11:04,11:04,6,0,0,ZENOBIA STREET & 1250 NORTH,1,1,1,0,1,4,,0,25,0,0,0,0,0,4,2,1
,2019-4752,39.743982,-105.0520905,7/12/2019 17:40,17:40,3,0,0,ZENOBIA STREET NORTH & 17TH AVENUE WEST,1,1,1,0,1,1,,0,25,0,0,0,0,0,4,2,13
,2019-47523,39.849363,-104.6738295,1/21/2019 18:35,18:35,15,0,0,PENA BOULEVARD 8400 BLOCK & DOOR 610,1,3,0,0,1,4,,0,15,0,0,0,0,0,4,2,7
,2019-4753,39.77385318,-105.0520859,2/25/2019 13:38,13:38,6,0,0,ZENOBIA STREET & 4300 BLOCK NORTH,1,1,0,0,1,4,,0,25,0,0,0,0,0,4,2,5
,2019-47536,39.849363,-104.6738295,7/21/2019 15:10,15:10,12,0,0,PENA BOULEVARD 8400 BLOCK & DOOR 405 CURBSIDE ARE,1,1,0,0,1,2,,0,10,0,0,0,0,0,4,2,13
,2019-4754,39.758409,-105.015879,6/3/2019 3:05,3:05,3,0,0,ZUNI STREET NORTH & 29TH AVENUE WEST,1,3,1,0,1,1,,0,35,0,0,0,0,0,4,2,13
,2019-4755,39.758409,-105.015879,12/14/2019 7:27,7:27,3,0,0,ZUNI STREET NORTH & 29TH AVENUE WEST,1,1,0,0,1,1,,0,30,0,0,0,0,0,4,2,7
,2019-4756,39.762018,-105.015843,7/16/2019 10:59,10:59,3,0,0,ZUNI STREET NORTH & 32ND AVENUE WEST,1,1,0,0,1,1,,0,30,0,0,0,0,0,4,2,3
,2019-4757,39.772917,-105.01587,10/2/2019 1:01,1:01,8,0,0,ZUNI STREET NORTH & 41ST AVENUE WEST,2,3,0,1,1,1,,0,35,0,0,0,0,0,4,2,14
,2019-4758,39.777759,-105.015861,9/26/2019 10:39,10:39,10,0,0,ZUNI STREET NORTH & 45TH AVENUE WEST,1,1,0,0,1,1,,0,30,0,0,0,0,0,4,2,13
,2019-4759,39.696759,-105.0156585,4/13/2019 14:23,14:23,10,0,0,ZUNI STREET SOUTH & MISSISSIPPI AVENUE WEST,1,1,0,0,1,1,,0,25,0,0,0,0,0,4,2,13
,2019-4760,39.756339,-105.015852,2/10/2019 18:39,18:39,12,0,0,ZUNI STREET NORTH & SPEER BOULEVARD NORTH,1,3,0,0,1,1,,0,30,0,0,0,0,0,4,2,6
,2019-4761,39.756339,-105.015852,7/31/2019 15:10,15:10,12,0,0,ZUNI STREET NORTH & SPEER BOULEVARD NORTH,1,1,0,0,1,1,,0,25,0,0,0,0,0,4,2,13
,2019-47832,39.783609,-104.791392,3/22/2019 19:10,19:10,12,0,1,PENA BOULEVARD OFF RAMP & GREEN VALLEY RANCH BOULEVARD EAST,2,3,0,1,1,1,,0,55,0,0,0,0,1,4,2,13
,2019-47942,39.834414,-104.7154995,12/13/2019 14:34,14:34,15,0,0,PENA BOULEVARD 7550 & GUN CLUB ROAD NORTH,1,1,0,0,1,4,,0,65,0,0,0,0,0,4,2,1
,2019-48008,39.73844877,-104.9903135,8/21/2019 17:25,17:25,6,0,0,14TH AVENUE WEST & BANNOCK STREET NORTH,1,1,0,0,1,4,,0,35,0,0,0,0,0,4,2,14
,2019-48173,39.738456,-104.9953095,3/20/2019 10:31,10:31,12,0,0,14TH AVENUE WEST & FOX STREET NORTH,1,1,1,0,1,1,,0,30,0,0,0,0,0,4,2,13
,2019-48183,39.783609,-104.791392,1/3/2019 13:15,13:15,12,0,0,PENA BOULEVARD INBOUND & GREEN VALLEY RANCH BOULEVARD EAST,1,1,1,0,1,1,,0,25,0,0,0,0,0,4,2,13
,2019-48208,39.783609,-104.791392,1/9/2019 11:28,11:28,12,0,0,PENA BOULEVARD OUTBOUND & GREEN VALLEY RANCH BOULEVARD EAST,1,1,1,0,1,1,,0,35,0,0,0,0,0,4,2,3
,2019-48275,39.75982686,-104.9057422,5/2/2019 10:31,10:31,3,0,0,PONTIAC STREET & 3800 BLOCK NORTH,1,5,0,0,1,2,,0,25,0,0,0,0,0,4,2,13
,2019-48287,39.624183,-105.093171,5/27/2019 19:50,19:50,3,0,0,BELLEVIEW AVENUE WEST & CODY STREET SOUTH,1,3,0,0,1,1,,0,35,0,0,0,0,0,4,2,14
,2019-48303,39.730482,-104.905791,4/2/2019 11:40,11:40,5,0,0,PONTIAC STREET NORTH & NINTH AVENUE EAST,1,1,0,0,2,1,,0,5,0,0,0,0,0,4,1,7
,2019-48384,39.75519604,-104.9046158,12/2/2019 13:40,13:40,6,0,0,POPLAR STREET & 3400 BLOCK SOUTH,5,1,1,0,1,4,,0,25,0,0,0,0,0,4,2,1
,2019-48608,39.771981,-104.904513,2/19/2019 17:45,17:45,12,0,0,POPLAR STREET NORTH & SMITH ROAD EAST,1,2,0,0,1,1,,0,25,0,0,0,0,0,4,2,1
,2019-48620,39.783609,-104.791392,4/20/2019 20:37,20:37,12,0,0,PENA BOULEVARD & GREEN VALLEY RANCH BOULEVARD EAST,1,3,0,0,1,1,,0,40,0,0,0,0,0,4,2,3
,2019-48739,39.711339,-105.0532605,7/24/2019 15:21,15:21,5,0,0,SHERIDAN BOULEVARD SOUTH & ALAMEDA AVENUE WEST,1,1,1,0,3,1,,0,40,0,0,0,0,0,2,1,14
,2019-48887,39.783609,-104.791392,9/15/2019 22:03,22:03,15,0,1,PENA BOULEVARD & GREEN VALLEY RANCH BOULEVARD EAST,1,3,0,0,1,1,,0,40,0,0,0,0,1,4,2,6
,2019-48889,39.738456,-104.9953095,8/19/2019 18:23,18:23,3,0,1,14TH AVENUE WEST & FOX STREET NORTH,1,1,0,0,1,1,,0,30,0,0,0,0,1,4,2,8
,2019-49003,39.783609,-104.791392,11/23/2019 16:48,16:48,12,0,0,PENA BOULEVARD & GREEN VALLEY RANCH BOULEVARD EAST,1,3,0,0,1,1,,0,10,0,0,0,0,0,4,2,3
,2019-49014,39.624183,-105.093171,7/24/2019 12:35,12:35,3,0,1,BELLEVIEW AVENUE WEST & CODY STREET SOUTH,1,1,0,0,1,1,,0,40,0,0,0,0,1,4,2,13
,2019-49016,39.624183,-105.093171,10/23/2019 12:36,12:36,12,0,0,BELLEVIEW AVENUE WEST & CODY STREET SOUTH,1,1,0,0,1,3,,0,30,0,0,0,0,0,4,2,13
,2019-49069,39.748401,-104.9915115,9/8/2019 23:38,23:38,3,0,0,18TH STREET & CHAMPA STREET,2,3,0,1,1,1,,0,30,0,0,0,0,0,4,2,8
,2019-49072,39.783609,-104.791392,11/27/2019 20:43,20:43,3,0,0,PENA BOULEVARD INBOUND & GREEN VALLEY RANCH BOULEVARD EAST,5,3,0,0,1,1,,0,35,0,0,0,0,0,4,2,8
,2019-49110,39.833469,-104.692932,2/6/2019 10:12,10:12,5,0,0,PENA BOULEVARD & JACKSON GAP STREET NORTH,8,1,0,2,3,4,,0,65,0,0,0,0,0,4,1,13
,2019-49292,39.7510155,-104.89824,12/1/2019 8:43,8:43,6,0,0,23RD AVENUE & 2900 BLOCK WEST,5,3,0,0,1,4,,0,,0,0,0,0,0,4,3,13
,2019-49442,39.76101,-104.8726395,4/27/2019 22:55,22:55,5,0,1,31ST AVENUE EAST & ELMIRA STREET NORTH,1,3,0,0,3,1,,0,25,0,0,0,0,2,4,1,2
,2019-49455,39.833469,-104.692932,6/3/2019 14:25,14:25,15,0,0,PENA BOULEVARD OUTBOUND 8000 BLOCK & JACKSON GAP STREET,1,1,1,0,1,4,,0,,0,0,0,0,0,4,2,13
,2019-49512,39.833469,-104.692932,6/17/2019 3:40,3:40,5,0,0,PENA BOULEVARD & JACKSON GAP ROAD NORTH,1,3,0,0,2,4,,0,65,0,0,0,0,0,4,1,7
,2019-49525,39.627198,-105.109839,8/19/2019 16:55,16:55,5,0,1,KIPLING PARKWAY SOUTH & KIPLING WAY WEST,1,1,0,0,3,4,,0,45,0,0,0,0,1,4,1,10
,2019-49599,39.735126,-104.9523957,5/8/2019 22:55,22:55,6,0,0,12TH AVENUE EAST & 1200 BLOCK EAST,1,4,0,0,1,4,,0,30,0,0,0,0,0,4,2,13
,2019-49658,39.732093,-104.9477154,8/17/2019 19:07,19:07,6,0,0,10TH AVENUE EAST & 200 BLOCK EAST,1,2,0,0,1,4,,0,,0,0,0,0,0,4,3,13
,2019-49659,39.732039,-104.9873985,5/16/2019 16:11,16:11,5,0,0,10TH AVENUE EAST & 4109 EAST 10TH AVENUE,1,1,0,0,2,4,,1,25,0,0,0,0,0,4,1,10
,2019-49660,39.732048,-104.9888205,5/5/2019 18:38,18:38,6,0,1,10TH AVENUE WEST & ACOMA STREET NORTH,1,1,0,0,1,1,,0,30,0,0,0,0,1,4,2,5
,2019-49661,39.732039,-104.990238,8/12/2019 8:05,8:05,3,0,0,10TH AVENUE WEST & BANNOCK STREET NORTH,1,1,0,0,1,1,,0,25,0,0,0,0,0,4,2,13
,2019-49662,39.732039,-104.990238,8/20/2019 18:45,18:45,3,0,0,10TH AVENUE WEST & BANNOCK STREET NORTH,1,2,0,1,1,1,,0,25,0,0,0,0,0,4,2,13
,2019-49663,39.732039,-104.9873985,4/17/2019 9:45,9:45,10,0,0,10TH AVENUE EAST & BROADWAY STREET NORTH,1,1,0,0,1,1,,0,30,0,0,0,0,0,4,2,14
,2019-49664,39.732948,-105.0332895,5/12/2019 21:49,21:49,3,0,0,10TH AVENUE WEST & KING STREET NORTH,1,3,0,0,1,1,,0,30,0,0,0,0,0,4,2,5
,2019-49665,39.732039,-104.974101,7/17/2019 14:11,14:11,3,0,0,10TH AVENUE EAST & CORONA STREET NORTH,1,1,0,0,1,1,,0,30,0,0,0,0,0,4,2,8
,2019-49666,39.732039,-104.974101,10/24/2019 18:19,18:19,3,0,0,10TH AVENUE EAST & CORONA STREET NORTH,1,3,0,0,1,1,,0,35,0,0,0,0,0,4,3,14
,2019-49667,39.732039,-104.974101,10/26/2019 23:51,23:51,3,0,0,10TH AVENUE EAST & CORONA STREET NORTH,1,3,0,0,1,1,,0,25,0,0,0,0,0,4,2,5
,2019-49668,39.732039,-104.9729895,1/24/2019 5:15,5:15,3,0,0,10TH AVENUE EAST & DOWNING STREET NORTH,1,3,1,0,1,1,,0,25,0,0,0,0,0,4,2,7
,2019-49669,39.732102,-104.9964615,9/1/2019 8:06,8:06,3,0,0,10TH AVENUE WEST & GALAPAGO STREET NORTH,1,1,0,0,1,1,,0,25,0,0,0,0,0,4,2,3
,2019-49670,39.732948,-105.0275115,12/5/2019 16:25,16:25,3,0,0,10TH AVENUE WEST & HAZEL COURT NORTH,1,3,0,2,1,1,,0,30,0,0,0,0,0,4,2,13
,2019-49671,39.73293,-105.032151,1/12/2019 9:04,9:04,3,0,0,10TH AVENUE WEST & KNOX COURT NORTH,2,1,0,0,1,1,,0,30,0,0,0,0,0,4,2,3
,2019-49672,39.73293,-105.032151,3/5/2019 16:25,16:25,12,0,0,10TH AVENUE WEST & KNOX COURT NORTH,1,1,1,0,1,1,,0,30,0,0,0,0,0,4,2,13