id,drcog_id,latitude,longitude,crashtime,time,crashtype,numbkilled,numbinjurd,drcoglocat,rdconditin,lightngcon,roadcntgrd,weatherco,location,roaddescrp,schoolzone,constrzone,splimit,bikeinv,sctrinv,pedinv,motoinv,svrty,rdsystem,ttlvehcls,hcf
,2019-49673,39.73293,-105.032151,3/31/2019 12:23,12:23,1,0,0,10TH AVENUE WEST & KNOX COURT NORTH,2,1,0,0,1,1,,0,35,0,0,0,0,0,4,2,13
,2019-49675,39.73293,-105.032151,6/1/2019 19:29,19:29,3,0,0,10TH AVENUE WEST & KNOX COURT NORTH,1,1,0,0,1,1,,0,30,0,0,0,0,0,4,2,13
,2019-49676,39.73203,-104.98617,3/4/2019 23:08,23:08,3,0,0,10TH AVENUE EAST & LINCOLN STREET NORTH,2,3,1,0,1,1,,0,30,0,0,0,0,0,4,2,1
,2019-49677,39.732102,-105.0016095,10/1/2019 8:17,8:17,3,0,3,10TH AVENUE WEST & LIPAN STREET NORTH,2,1,0,1,1,1,,0,25,0,0,0,0,1,4,2,1
,2019-49678,39.73203,-104.9822685,7/26/2019 12:51,12:51,10,0,0,10TH AVENUE EAST & LOGAN STREET NORTH,1,1,0,0,1,1,,0,30,0,0,0,0,0,4,2,13
,2019-49679,39.732966,-105.0373305,9/5/2019 7:30,7:30,1,0,0,10TH AVENUE WEST & NEWTON STREET NORTH,1,1,1,0,1,1,,0,30,0,0,0,0,0,4,2,3
,2019-49680,39.732138,-105.0052815,9/1/2019 18:20,18:20,6,0,0,10TH AVENUE WEST & OSAGE STREET NORTH,1,1,3,0,1,4,,0,25,0,0,0,0,0,4,2,13
,2019-49681,39.732021,-104.979852,2/12/2019 12:40,12:40,3,0,0,10TH AVENUE EAST & PEARL STREET NORTH,1,1,0,0,1,1,,0,30,0,0,0,0,0,4,2,13
,2019-49682,39.73203,-104.981031,4/30/2019 9:40,9:40,3,0,0,10TH AVENUE EAST & PENNSYLVANIA STREET NORTH,2,1,0,0,1,1,,0,30,0,0,0,0,0,4,2,13
,2019-49683,39.73203,-104.981031,5/21/2019 7:30,7:30,3,0,0,10TH AVENUE EAST & PENNSYLVANIA STREET NORTH,2,1,0,1,1,1,,0,30,0,0,0,0,0,4,2,13
,2019-49684,39.732984,-105.0394815,4/3/2019 7:30,7:30,1,0,0,10TH AVENUE WEST & PERRY STREET NORTH,1,1,1,0,1,1,,0,30,0,0,0,0,0,4,2,3
,2019-49685,39.732039,-104.9848515,2/17/2019 20:05,20:05,3,0,0,10TH AVENUE EAST & SHERMAN STREET NORTH,4,3,0,2,1,1,,0,25,0,0,0,0,0,4,2,13
,2019-49686,39.732012,-104.978682,1/5/2019 0:48,0:48,3,0,0,10TH AVENUE EAST & WASHINGTON STREET NORTH,1,3,0,0,1,1,,0,25,0,0,0,0,0,4,2,13
,2019-49687,39.73311,-105.052194,9/26/2019 20:09,20:09,3,0,0,10TH AVENUE WEST & ZENOBIA STREET NORTH,1,3,0,0,1,1,,0,30,0,0,0,0,0,4,2,3
,2019-49688,39.733866,-105.0213035,10/30/2019 13:43,13:43,10,0,1,11TH AVENUE WEST & 100 BLOCK WEST,4,1,0,2,1,4,,0,25,0,0,0,0,1,4,2,13
,2019-49689,39.79241993,-104.8342935,12/26/2019 7:00,7:00,6,0,0,ELMENDORF PLACE EAST & UVALDA STREET NORTH,1,4,0,0,1,4,,0,,0,0,0,0,0,4,2,13
,2019-49690,39.733578,-104.95239,11/11/2019 8:05,8:05,14,0,1,11TH AVENUE EAST & 1700 BLOCK EAST,5,1,0,2,1,4,,0,25,0,0,0,0,1,4,2,7
,2019-49691,39.73383,-104.9902515,1/9/2019 9:31,9:31,3,0,1,11TH AVENUE WEST & BANNOCK STREET NORTH,1,1,0,0,1,1,,0,25,0,0,0,0,1,4,2,1
,2019-49692,39.733839,-104.9873895,5/25/2019 1:53,1:53,12,0,0,11TH AVENUE EAST & BROADWAY STREET NORTH,1,3,0,0,1,1,,0,35,0,0,0,0,0,4,2,1
,2019-49693,39.733839,-104.9873895,8/22/2019 11:56,11:56,1,0,0,11TH AVENUE EAST & BROADWAY STREET NORTH,1,1,0,0,1,1,,0,30,0,0,0,0,0,4,2,13
,2019-49694,39.733839,-104.9873895,10/23/2019 11:11,11:11,1,0,0,11TH AVENUE EAST & BROADWAY STREET NORTH,1,1,0,0,1,1,,0,30,0,0,0,0,0,4,2,13
,2019-49695,39.73383,-104.99166,3/4/2019 14:15,14:15,3,0,1,11TH AVENUE WEST & CHEROKEE STREET NORTH,4,1,0,0,1,1,,0,30,0,0,0,0,1,4,2,13
,2019-49696,39.733686,-104.9741325,10/26/2019 9:57,9:57,3,0,1,11TH AVENUE EAST & CORONA STREET NORTH,1,1,0,0,1,1,,0,30,0,0,0,0,2,4,2,13
,2019-49697,39.732867,-104.9304105,7/22/2019 20:21,20:21,3,0,0,11TH AVENUE EAST & EUDORA STREET NORTH,1,2,0,0,1,1,,0,25,0,0,0,0,0,4,2,13
,2019-49698,39.733848,-104.9836005,4/8/2019 6:40,6:40,12,0,0,11TH AVENUE EAST & GRANT STREET NORTH / 200 BLOCK EAST,1,2,0,0,1,3,,0,30,0,0,0,0,0,4,2,6
,2019-49699,39.733677,-105.0001605,4/5/2019 20:33,20:33,12,0,0,11TH AVENUE WEST & KALAMATH STREET NORTH,1,3,0,0,1,1,,0,35,0,0,0,0,0,4,2,5
,2019-49700,39.733677,-105.0001605,8/22/2019 11:02,11:02,1,0,0,11TH AVENUE WEST & KALAMATH STREET NORTH,1,1,0,0,1,1,,0,25,0,0,0,0,0,4,2,13
,2019-49701,39.73383,-104.986161,2/1/2019 11:51,11:51,12,0,0,11TH AVENUE EAST & LINCOLN STREET NORTH,1,1,0,0,1,1,,0,30,0,0,0,0,0,4,2,14
,2019-49702,39.73383,-104.986161,7/13/2019 2:34,2:34,3,0,0,11TH AVENUE EAST & LINCOLN STREET NORTH,1,3,0,0,1,1,,0,30,0,0,0,0,0,4,2,1
,2019-49703,39.73383,-104.986161,11/17/2019 3:46,3:46,3,0,0,11TH AVENUE EAST & LINCOLN STREET NORTH,1,3,0,0,1,1,,0,15,0,0,0,0,0,4,2,13
,2019-49704,39.733686,-105.0016095,12/18/2019 17:28,17:28,3,0,0,11TH AVENUE WEST & LIPAN STREET NORTH,1,3,0,0,1,1,,0,25,0,0,0,0,0,4,2,13
,2019-49705,39.738393,-104.9672115,1/28/2019 11:12,11:12,3,0,0,14TH AVENUE EAST & GILPIN STREET NORTH,6,1,0,2,1,1,,0,,0,0,0,0,0,4,2,13
,2019-49706,39.732894,-104.903469,1/17/2019 17:35,17:35,1,0,0,11TH AVENUE EAST & QUEBEC STREET NORTH,1,3,0,0,1,1,,0,35,0,0,0,0,0,4,2,7
,2019-49707,39.732894,-104.903469,5/20/2019 10:04,10:04,1,0,1,11TH AVENUE EAST & QUEBEC STREET NORTH,2,1,0,1,1,1,,0,25,0,0,0,0,1,4,2,7
,2019-49708,39.732894,-104.903469,6/30/2019 17:53,17:53,3,0,1,11TH AVENUE EAST & QUEBEC STREET NORTH,1,1,0,0,1,1,,0,30,0,0,0,0,1,4,2,5
,2019-49709,39.732894,-104.903469,8/18/2019 2:25,2:25,12,0,1,11TH AVENUE EAST & QUEBEC STREET NORTH,1,3,0,0,1,1,,0,35,0,0,0,0,1,4,2,5
,2019-49710,39.73383,-104.9848695,12/5/2019 16:01,16:01,3,0,0,11TH AVENUE EAST & SHERMAN STREET NORTH,2,3,1,1,1,1,,0,25,0,0,0,0,0,4,2,3
,2019-49711,39.733632,-104.9941215,9/10/2019 17:05,17:05,3,0,1,11TH AVENUE WEST & SPEER BOULEVARD NORTH,1,1,0,0,1,1,,0,30,0,0,0,0,1,4,2,7
,2019-49712,39.732867,-104.89689,10/1/2019 7:17,7:17,12,0,0,11TH AVENUE EAST & SPRUCE STREET NORTH,1,1,0,0,1,3,,0,30,0,0,0,0,0,4,2,13
,2019-49713,39.736845,-104.992929,7/9/2019 13:00,13:00,6,0,0,13TH AVENUE EAST & DELAWARE STREET NORTH,1,1,0,0,1,4,,0,,0,0,0,0,0,4,2,13
,2019-49714,39.732876,-104.898771,8/16/2019 9:56,9:56,12,0,1,11TH AVENUE EAST & SYRACUSE STREET NORTH,1,1,0,0,1,1,,0,30,0,0,0,0,1,4,2,1
,2019-49715,39.732831,-104.8847265,3/2/2019 12:40,12:40,1,0,0,11TH AVENUE EAST & YOSEMITE STREET NORTH,1,1,0,0,1,1,,0,25,0,0,0,0,0,4,2,13
,2019-49716,39.732831,-104.8847265,5/28/2019 7:58,7:58,3,0,0,11TH AVENUE EAST & YOSEMITE STREET NORTH,1,1,0,0,1,1,,0,30,0,0,0,0,0,4,2,7
,2019-49717,39.735126,-104.9523957,10/25/2019 16:57,16:57,3,0,1,12TH AVENUE EAST & 1100 BLOCK NORTH,1,1,0,0,1,5,,0,30,0,0,0,0,2,4,3,13
,2019-49719,39.73610468,-105.0125534,11/9/2019 10:50,10:50,6,0,0,12TH AVENUE WEST & 200 BLOCK WEST,1,1,0,0,1,4,,0,,0,0,0,0,0,4,2,13
,2019-49720,39.7346337,-105.020529,2/6/2019 14:58,14:58,3,0,0,12TH AVENUE & 950 WEST,4,1,0,2,1,5,,0,25,0,0,0,0,0,4,2,1
,2019-49721,39.744234,-104.993379,7/12/2019 18:45,18:45,12,0,0,15TH STREET & CALIFORNIA STREET,1,1,0,0,1,1,,0,25,0,0,0,0,0,4,2,13
,2019-49722,39.735261,-104.9902425,12/15/2019 14:45,14:45,10,0,0,12TH AVENUE WEST & BANNOCK STREET NORTH,1,1,0,0,1,1,,0,30,0,0,0,0,0,4,2,13
,2019-49723,39.73517658,-104.9702985,4/16/2019 6:40,6:40,5,0,0,12TH AVENUE EAST & CHEESEMAN PARK ROAD 2,1,2,1,0,1,1,,0,15,0,0,0,0,0,4,1,13
,2019-49724,39.735153,-104.957442,3/15/2019 21:43,21:43,6,0,0,12TH AVENUE EAST 2400 BLOCK & COLUMBINE STREET NORTH,1,3,0,0,1,3,,0,,0,0,0,0,0,4,2,13
,2019-49725,39.735153,-104.957442,7/18/2019 16:51,16:51,3,0,0,12TH AVENUE EAST & COLUMBINE STREET NORTH,1,1,0,0,1,1,,0,25,0,0,0,0,0,4,2,1
,2019-49726,39.735261,-104.992929,3/18/2019 7:38,7:38,3,0,0,12TH AVENUE WEST & DELAWARE STREET NORTH,1,1,0,0,1,1,,0,,0,0,0,0,0,4,2,13
,2019-49727,39.735108,-104.9428935,10/4/2019 21:03,21:03,10,0,0,12TH AVENUE EAST & JACKSON STREET NORTH,1,4,0,0,1,1,,0,35,0,0,0,0,0,4,2,8
,2019-49728,39.735279,-105.0001605,9/5/2019 16:45,16:45,3,0,0,12TH AVENUE WEST & KALAMATH STREET NORTH,1,1,0,0,1,5,,0,25,0,0,0,0,0,4,2,7
,2019-49729,39.735252,-104.98617,5/29/2019 12:10,12:10,6,0,0,12TH AVENUE EAST & LINCOLN STREET NORTH,1,1,1,0,1,4,,0,30,0,0,0,0,0,4,2,13
,2019-49730,39.735252,-104.98617,9/30/2019 15:01,15:01,3,0,1,12TH AVENUE EAST & LINCOLN STREET NORTH,1,1,0,0,1,1,,0,30,0,0,0,0,2,4,2,13
,2019-49731,39.735252,-104.98617,10/31/2019 22:52,22:52,3,0,4,12TH AVENUE EAST & LINCOLN STREET NORTH,1,3,0,0,1,1,,0,30,0,0,0,0,1,4,2,14
,2019-49732,39.735153,-104.982318,11/26/2019 15:35,15:35,3,0,0,12TH AVENUE EAST & LOGAN STREET NORTH,4,1,0,0,1,1,,0,20,0,0,0,0,0,4,2,13
,2019-49733,39.735279,-105.00282,4/10/2019 9:10,9:10,15,0,0,12TH AVENUE WEST & MARIPOSA STREET NORTH,2,1,0,1,1,1,,0,25,0,0,0,0,0,4,2,13
,2019-49734,39.735108,-104.912811,3/15/2019 7:58,7:58,3,0,0,12TH AVENUE EAST & MONACO STREET NORTH,1,1,0,0,1,1,,0,30,0,0,0,0,0,4,2,5
,2019-49735,39.735153,-104.975271,4/17/2019 11:53,11:53,3,0,1,12TH AVENUE EAST & OGDEN STREET NORTH,1,1,0,0,1,1,,0,25,0,0,0,0,1,4,2,14
,2019-49736,39.735153,-104.975271,12/13/2019 8:15,8:15,3,0,0,12TH AVENUE EAST & OGDEN STREET NORTH,1,1,0,0,1,1,,0,25,0,0,0,0,0,4,2,14
,2019-49737,39.735153,-104.979888,6/1/2019 16:16,16:16,3,0,0,12TH AVENUE EAST & PEARL STREET NORTH,2,1,0,0,1,1,,0,30,0,0,0,0,0,4,2,13
,2019-49738,39.735153,-104.979888,7/18/2019 18:52,18:52,3,0,1,12TH AVENUE EAST & PEARL STREET NORTH,1,1,0,0,1,1,,0,25,0,0,0,0,2,4,2,8
,2019-49739,39.735153,-104.979888,12/11/2019 12:17,12:17,3,0,0,12TH AVENUE EAST & PEARL STREET NORTH,1,1,0,0,1,1,,0,,0,0,0,0,0,4,2,13
,2019-49740,39.734928,-105.0393015,1/29/2019 8:00,8:00,3,0,2,12TH AVENUE WEST & PERRY STREET NORTH,2,1,0,0,1,3,,0,35,0,0,0,0,1,4,2,13
,2019-49741,39.735261,-104.9848605,1/25/2019 11:26,11:26,6,0,0,12TH AVENUE EAST & SHERMAN STREET NORTH,4,1,1,0,1,4,,0,25,0,0,0,0,0,4,2,14
,2019-49742,39.735621,-104.898762,4/10/2019 8:42,8:42,3,0,0,12TH AVENUE EAST & SYRACUSE STREET NORTH,2,1,1,1,1,1,,0,25,0,0,0,0,0,4,2,5
,2019-49743,39.735621,-104.898762,7/6/2019 17:25,17:25,3,0,0,12TH AVENUE EAST & SYRACUSE STREET NORTH,1,1,0,0,1,1,,0,30,0,0,0,0,0,4,2,13
,2019-49744,39.735036,-104.9598315,9/1/2019 17:30,17:30,1,0,1,12TH AVENUE EAST & YORK STREET NORTH,1,1,0,0,1,1,,0,30,0,0,0,0,1,4,2,13
,2019-49745,39.73687681,-105.0046391,2/4/2019 18:33,18:33,6,0,0,13TH AVENUE & 1201 EAST,1,3,0,0,1,4,,0,35,0,0,0,0,0,4,2,13
,2019-49746,39.736791,-104.9526156,6/4/2019 7:00,7:00,6,0,0,13TH AVENUE EAST & 3500 BLOCK EAST,1,1,0,0,1,4,,0,30,0,0,0,0,0,4,3,3
,2019-49747,39.73687681,-105.0046391,1/29/2019 9:00,9:00,12,0,0,13TH AVENUE & 500 WEST,5,1,0,0,1,3,,0,30,0,0,0,0,0,4,2,13
,2019-49748,39.79804833,-104.8920815,12/5/2019 10:30,10:30,1,0,0,56TH AVENUE EAST & VALENTIA STREET,2,1,0,0,1,1,,0,,0,0,0,0,0,4,2,13
,2019-49749,39.73687681,-105.0046391,3/12/2019 10:26,10:26,12,0,1,13TH AVENUE & 6300 BLOCK EAST,1,1,0,0,1,4,,0,30,0,0,0,0,1,4,2,7
,2019-49750,39.736791,-104.9526156,6/3/2019 22:25,22:25,6,0,0,13TH AVENUE EAST & 6300 BLOCK EAST,1,3,0,0,1,4,,0,30,0,0,0,0,0,4,2,1
,2019-49751,39.73687681,-105.0046391,6/12/2019 12:27,12:27,5,0,0,13TH AVENUE & 6900 BLOCK EAST,1,1,0,0,2,4,,0,30,0,0,0,0,0,4,1,13
,2019-49752,39.736836,-104.990229,2/5/2019 9:25,9:25,12,0,0,13TH AVENUE & BANNOCK STREET,1,1,0,0,1,3,,0,30,0,0,0,0,0,4,2,13
,2019-49754,39.736854,-104.9873715,10/7/2019 8:45,8:45,12,0,2,13TH AVENUE EAST & BROADWAY STREET NORTH,1,1,0,0,1,1,,0,30,0,0,0,0,2,4,2,3
,2019-49755,39.743712,-104.997609,8/14/2019 11:38,11:38,6,0,0,13TH STREET & CHAMPA STREET,1,1,0,0,1,1,,0,25,0,0,0,0,0,4,2,14
,2019-49756,39.736827,-104.99166,3/14/2019 13:42,13:42,10,0,0,13TH AVENUE WEST & CHEROKEE STREET NORTH,1,1,0,0,1,1,,0,25,0,0,0,0,0,4,2,14
,2019-49757,39.736863,-104.97762,1/30/2019 12:21,12:21,12,0,0,13TH AVENUE EAST & CLARKSON COURT NORTH,6,1,0,0,1,1,,0,25,0,0,0,0,0,4,2,13
,2019-49758,39.736863,-104.97762,4/23/2019 5:29,5:29,3,0,0,13TH AVENUE EAST & CLARKSON COURT NORTH,1,2,0,0,1,1,,0,30,0,0,0,0,0,4,3,13
,2019-49759,39.736863,-104.97762,8/7/2019 19:45,19:45,3,0,0,13TH AVENUE EAST & CLARKSON STREET NORTH,1,1,0,0,1,1,,0,,0,0,0,0,0,4,2,1
,2019-49760,39.736809,-104.957433,4/22/2019 20:13,20:13,3,0,0,13TH AVENUE EAST & COLUMBINE STREET NORTH,1,3,0,0,1,1,,0,30,0,0,0,0,0,4,2,13
,2019-49761,39.736854,-104.9741505,1/18/2019 12:31,12:31,12,0,0,13TH AVENUE EAST & CORONA STREET NORTH,4,1,0,2,1,1,,0,30,0,0,0,0,0,4,2,14
,2019-49762,39.736854,-104.9741505,2/2/2019 18:43,18:43,3,0,1,13TH AVENUE EAST & CORONA STREET NORTH,1,3,0,0,1,1,,0,30,0,0,0,0,2,4,2,12
,2019-49763,39.736854,-104.9741505,11/12/2019 9:49,9:49,3,0,2,13TH AVENUE EAST & CORONA STREET NORTH,1,1,0,0,1,1,,0,25,0,0,0,0,1,4,2,3
,2019-49764,39.736476,-104.931531,4/1/2019 9:55,9:55,3,0,0,13TH AVENUE EAST & DAHLIA STREET NORTH,1,1,0,0,1,1,,0,25,0,0,0,0,0,4,2,13
,2019-49765,39.736476,-104.931531,6/10/2019 16:52,16:52,3,0,0,13TH AVENUE EAST & DAHLIA STREET NORTH,1,1,0,0,1,1,,0,25,0,0,0,0,0,4,2,13
,2019-49766,39.736845,-104.992929,4/22/2019 11:10,11:10,10,0,0,13TH AVENUE WEST & DELAWARE STREET NORTH,1,1,0,0,1,1,,0,30,0,0,0,0,0,4,2,7
,2019-49767,39.736845,-104.992929,7/2/2019 12:50,12:50,10,0,0,13TH AVENUE WEST & DELAWARE STREET NORTH,1,1,0,0,1,1,,0,30,0,0,0,0,0,4,2,13
,2019-49768,39.736845,-104.992929,8/15/2019 15:56,15:56,10,0,1,13TH AVENUE WEST & DELAWARE STREET NORTH,1,1,0,0,1,1,,0,30,0,0,0,0,1,4,2,8
,2019-49769,39.7402155,-104.9930415,9/19/2019 20:45,20:45,3,0,0,13TH STREET & DELAWARE STREET NORTH,1,3,0,0,1,1,,0,30,0,0,0,0,0,4,2,13
,2019-49770,39.736854,-104.973039,6/29/2019 16:22,16:22,3,0,1,13TH AVENUE EAST & DOWNING STREET NORTH,1,1,0,0,1,1,,0,30,0,0,0,0,1,4,2,8
,2019-49771,39.736854,-104.973039,8/12/2019 9:33,9:33,3,0,0,13TH AVENUE EAST & DOWNING STREET NORTH,1,1,0,0,1,1,,0,30,0,0,0,0,0,4,2,14
,2019-49772,39.736476,-104.926878,10/20/2019 10:00,10:00,10,0,0,13TH AVENUE EAST & FOREST STREET NORTH,1,1,0,0,1,1,,0,30,0,0,0,0,0,4,2,8
,2019-49773,39.736746,-104.943969,12/3/2019 10:29,10:29,15,0,0,13TH AVENUE EAST & GARFIELD STREET NORTH,5,1,0,0,1,1,,0,30,0,0,0,0,0,4,2,13
,2019-49774,39.736827,-104.9672115,7/31/2019 10:45,10:45,15,0,0,13TH AVENUE EAST & GILPIN STREET NORTH,1,1,0,0,1,1,,0,30,0,0,0,0,0,4,2,13
,2019-49775,39.736827,-104.9672115,10/16/2019 10:14,10:14,15,0,0,13TH AVENUE 1500 BLOCK EAST & GILPIN STREET NORTH,1,1,0,0,1,4,,0,25,0,0,0,0,0,4,2,14
,2019-49776,39.736827,-104.9672115,11/2/2019 18:21,18:21,3,0,0,13TH AVENUE EAST & GILPIN STREET NORTH,5,3,0,0,1,1,,0,30,0,0,0,0,0,4,3,13
,2019-49777,39.741057,-104.9940225,5/12/2019 0:46,0:46,3,0,1,13TH STREET & GLENARM PLACE,1,3,0,0,1,1,,0,30,0,0,0,0,1,4,2,1
,2019-49778,39.736863,-104.983578,2/21/2019 10:48,10:48,15,0,0,13TH AVENUE EAST & GRANT STREET NORTH,1,1,0,0,1,1,,0,25,0,0,0,0,0,4,2,14
,2019-49779,39.736863,-104.983578,8/31/2019 21:09,21:09,3,0,1,13TH AVENUE EAST & GRANT STREET NORTH,1,2,0,0,1,1,,0,30,0,0,0,0,1,4,2,13
,2019-49780,39.736746,-104.941818,1/15/2019 14:29,14:29,10,0,0,13TH AVENUE EAST & HARRISON STREET NORTH,1,1,0,0,1,1,,0,30,0,0,0,0,0,4,2,8
,2019-49781,39.736746,-104.941818,3/18/2019 8:30,8:30,10,0,0,13TH AVENUE EAST & HARRISON STREET NORTH,1,1,0,0,1,1,,0,30,0,0,0,0,0,4,2,7
,2019-49782,39.736746,-104.941818,5/23/2019 14:45,14:45,10,0,3,13TH AVENUE EAST & HARRISON STREET NORTH,1,1,0,0,1,1,,0,30,0,0,0,0,2,4,2,8
,2019-49783,39.736494,-104.923422,1/5/2019 14:15,14:15,10,0,0,13TH AVENUE EAST & HUDSON STREET NORTH,1,1,0,0,1,1,,0,35,0,0,0,0,0,4,2,13
,2019-49784,39.736872,-104.969529,8/26/2019 9:54,9:54,10,0,0,13TH AVENUE EAST & HUMBOLDT STREET NORTH,1,1,0,0,1,1,,0,30,0,0,0,0,0,4,2,8
,2019-49785,39.736746,-104.9216625,7/16/2019 18:03,18:03,3,0,1,13TH AVENUE EAST & IVANHOE STREET NORTH,1,1,0,0,1,1,,0,25,0,0,0,0,1,4,2,1
,2019-49786,39.736746,-104.942889,5/12/2019 14:36,14:36,15,0,1,13TH AVENUE EAST & JACKSON STREET NORTH,1,1,0,0,1,1,,0,30,0,0,0,0,1,4,2,13
,2019-49787,39.736746,-104.942889,6/12/2019 16:37,16:37,3,0,0,13TH AVENUE EAST & JACKSON STREET NORTH,1,1,0,0,1,1,,0,25,0,0,0,0,0,4,2,8
,2019-49788,39.736746,-104.942889,10/14/2019 9:32,9:32,12,0,0,13TH AVENUE EAST & JACKSON STREET NORTH,1,1,0,0,1,1,,0,30,0,0,0,0,0,4,2,3
,2019-49789,39.736881,-105.0001785,3/19/2019 15:01,15:01,3,0,0,13TH AVENUE WEST & KALAMATH STREET NORTH,1,1,0,0,1,1,,0,30,0,0,0,0,0,4,3,3
,2019-49790,39.736881,-105.0001785,10/13/2019 9:45,9:45,3,0,0,13TH AVENUE WEST & KALAMATH STREET NORTH,1,1,0,0,1,1,,0,30,0,0,0,0,0,4,2,2
,2019-49791,39.736764,-104.91615,4/26/2019 13:33,13:33,10,0,0,13TH AVENUE EAST & KRAMERIA STREET NORTH,1,1,0,0,1,1,,0,30,0,0,0,0,0,4,2,13
,2019-49792,39.736764,-104.91615,6/29/2019 14:45,14:45,10,0,0,13TH AVENUE EAST & KRAMERIA STREET NORTH,1,1,0,0,1,1,,0,30,0,0,0,0,0,4,2,13
,2019-49793,39.736863,-104.98617,3/2/2019 16:56,16:56,3,0,0,13TH AVENUE EAST & LINCOLN STREET NORTH,4,2,1,2,1,1,,0,30,0,0,0,0,0,4,2,14
,2019-49794,39.736863,-104.98617,4/14/2019 18:15,18:15,15,0,0,13TH AVENUE EAST & LINCOLN STREET NORTH,1,1,0,0,1,1,,0,30,0,0,0,0,0,4,2,13
,2019-49795,39.736863,-104.98617,10/22/2019 10:00,10:00,15,0,0,13TH AVENUE EAST & LINCOLN STREET NORTH,1,1,1,0,1,1,,0,30,0,0,0,0,0,4,2,13
,2019-49796,39.736863,-104.98617,12/6/2019 13:21,13:21,12,0,0,13TH AVENUE EAST & LINCOLN STREET NORTH,2,1,1,0,1,1,,0,25,0,0,0,0,0,4,2,14
,2019-49797,39.736863,-104.98617,12/15/2019 9:15,9:15,3,0,0,13TH AVENUE EAST & LINCOLN STREET NORTH,1,1,1,0,1,1,,0,35,0,0,0,0,0,4,2,3
,2019-49798,39.736881,-105.0015825,1/6/2019 11:44,11:44,3,0,0,13TH AVENUE WEST & LIPAN STREET NORTH,1,1,1,0,1,1,,0,30,0,0,0,1,0,4,2,13
,2019-49799,39.736881,-105.0015825,6/12/2019 16:56,16:56,3,0,0,13TH AVENUE WEST & LIPAN STREET NORTH,1,1,0,0,1,1,,0,25,0,0,0,0,0,4,2,1
,2019-49800,39.736872,-104.9823315,3/14/2019 11:09,11:09,3,0,1,13TH AVENUE EAST & LOGAN STREET NORTH,2,1,0,0,1,1,,0,30,0,0,0,0,1,4,3,13
,2019-49801,39.736872,-104.9823315,4/10/2019 17:31,17:31,3,0,0,13TH AVENUE EAST & LOGAN STREET NORTH,2,1,0,1,1,1,,0,30,0,0,0,0,0,4,4,13
,2019-49802,39.736872,-104.9823315,10/6/2019 8:01,8:01,3,0,0,13TH AVENUE EAST & LOGAN STREET NORTH,1,1,0,0,1,1,,0,30,0,0,0,0,0,4,2,13
,2019-49803,39.736782,-104.946174,2/2/2019 22:52,22:52,3,0,3,13TH AVENUE EAST & MADISON STREET NORTH,1,3,0,1,1,1,,0,25,0,0,0,0,2,4,2,5
,2019-49804,39.736872,-104.971851,6/30/2019 2:00,2:00,10,0,0,13TH AVENUE EAST & MARION STREET NORTH,1,3,0,0,1,1,,0,30,0,0,0,0,0,4,2,13
,2019-49805,39.736872,-104.971851,12/15/2019 2:00,2:00,3,0,0,13TH AVENUE EAST & MARION STREET NORTH,1,3,0,0,1,1,,0,30,0,0,0,0,0,4,2,13
,2019-49806,39.736881,-105.002802,10/3/2019 17:34,17:34,14,0,0,13TH AVENUE WEST & MARIPOSA STREET NORTH,1,1,0,0,1,1,,0,30,0,0,0,0,0,4,2,1
,2019-49807,39.736881,-105.002802,10/7/2019 13:55,13:55,15,0,0,13TH AVENUE 1100 BLOCK WEST & MARIPOSA STREET NORTH,1,1,1,0,1,4,,0,30,0,0,0,0,0,4,2,13
,2019-49808,39.736791,-104.951682,8/5/2019 17:10,17:10,15,0,0,13TH AVENUE EAST & MILWAUKEE STREET NORTH,1,1,0,0,1,1,,0,35,0,0,0,0,0,4,2,13
,2019-49809,39.736836,-104.912811,1/19/2019 8:25,8:25,3,0,1,13TH AVENUE EAST & MONACO STREET NORTH,1,1,0,0,1,1,,0,35,0,0,0,0,1,4,2,13
,2019-49810,39.736836,-104.912811,5/1/2019 9:16,9:16,12,0,0,13TH AVENUE EAST & MONACO STREET NORTH,1,1,0,0,1,1,,0,30,0,0,0,0,0,4,2,13
,2019-49811,39.736836,-104.912811,6/24/2019 17:24,17:24,12,0,0,13TH AVENUE EAST & MONACO STREET NORTH,1,1,0,0,1,1,,0,35,0,0,0,0,0,4,2,14
,2019-49812,39.736836,-104.912811,8/23/2019 18:54,18:54,15,0,0,13TH AVENUE EAST & MONACO PARKWAY NORTH,1,1,0,0,1,1,,0,30,0,0,0,0,0,4,2,13
,2019-49813,39.736836,-104.912811,12/12/2019 10:47,10:47,15,0,0,13TH AVENUE EAST & MONACO STREET NORTH,1,1,0,0,1,1,,0,30,0,0,0,0,0,4,2,14
,2019-49814,39.736764,-104.945058,1/10/2019 9:10,9:10,15,0,0,13TH AVENUE EAST & MONROE STREET NORTH,1,1,0,0,1,1,,0,25,0,0,0,0,0,4,2,1