id,drcog_id,latitude,longitude,crashtime,time,crashtype,numbkilled,numbinjurd,drcoglocat,rdconditin,lightngcon,roadcntgrd,weatherco,location,roaddescrp,schoolzone,constrzone,splimit,bikeinv,sctrinv,pedinv,motoinv,svrty,rdsystem,ttlvehcls,hcf
,2019-49815,39.736764,-104.945058,7/12/2019 17:33,17:33,3,0,0,13TH AVENUE EAST & MONROE STREET NORTH,1,1,0,0,1,1,,0,25,0,0,0,0,0,4,2,1
,2019-49816,39.736764,-104.945058,12/6/2019 11:00,11:00,6,0,0,13TH AVENUE EAST & MONROE STREET NORTH,2,1,0,0,1,4,,0,30,0,0,0,0,0,4,2,7
,2019-49817,39.737268,-104.9093595,11/21/2019 18:05,18:05,15,0,0,13TH AVENUE EAST & NEWPORT STREET NORTH,2,4,0,1,1,1,,0,35,0,0,0,0,0,4,2,13
,2019-49818,39.737259,-104.91048,10/8/2019 11:37,11:37,10,0,0,13TH AVENUE EAST & NIAGRA STREET NORTH,1,1,0,0,1,1,,0,30,0,0,0,0,0,4,2,7
,2019-49819,39.736872,-104.97528,4/10/2019 22:45,22:45,3,0,0,13TH AVENUE EAST & OGDEN STREET NORTH,4,3,0,2,1,1,,0,30,0,0,0,0,0,4,3,14
,2019-49820,39.736872,-104.97528,5/14/2019 10:35,10:35,3,0,3,13TH AVENUE EAST & OGDEN STREET NORTH,1,1,0,0,1,1,,0,30,0,0,0,0,2,4,2,13
,2019-49821,39.736872,-105.005322,2/14/2019 7:21,7:21,3,0,1,13TH AVENUE WEST & OSAGE STREET NORTH,1,1,0,0,1,1,,0,35,0,0,0,0,1,4,2,14
,2019-49822,39.736872,-105.005322,5/31/2019 17:05,17:05,3,0,0,13TH AVENUE WEST & OSAGE STREET NORTH,1,1,0,0,1,1,,0,30,0,0,0,0,0,4,2,7
,2019-49823,39.736872,-105.005322,10/8/2019 15:46,15:46,3,0,0,13TH AVENUE WEST & OSAGE STREET NORTH,1,1,0,0,1,1,,0,25,0,0,0,0,0,4,2,13
,2019-49824,39.736872,-105.005322,11/5/2019 12:45,12:45,3,0,1,13TH AVENUE WEST & OSAGE STREET NORTH,1,1,0,0,1,1,,0,30,0,0,0,0,2,4,2,13
,2019-49825,39.736872,-105.005322,12/7/2019 18:07,18:07,3,0,3,13TH AVENUE WEST & OSAGE STREET NORTH,1,3,0,0,1,1,,0,30,0,0,0,0,2,4,2,7
,2019-49826,39.736872,-104.9799015,5/5/2019 12:49,12:49,3,0,0,13TH AVENUE EAST & PEARL STREET NORTH,1,1,0,1,1,1,,0,30,0,0,0,1,0,4,2,13
,2019-49827,39.736872,-104.9810805,4/30/2019 15:02,15:02,10,0,0,13TH AVENUE EAST & PENNSYLVANIA STREET NORTH,1,1,0,0,1,1,,0,30,0,0,0,0,0,4,2,8
,2019-49828,39.737268,-104.904621,8/14/2019 16:35,16:35,10,0,0,13TH AVENUE EAST & POPLAR STREET NORTH,1,1,0,0,1,1,,0,30,0,0,0,0,0,4,2,8
,2019-49829,39.737268,-104.90346,9/3/2019 6:09,6:09,10,0,0,13TH AVENUE EAST & QUEBEC STREET NORTH,1,1,0,0,1,1,,0,30,0,0,0,0,0,4,2,14
,2019-49830,39.736881,-105.0077835,1/22/2019 13:58,13:58,5,0,0,13TH AVENUE WEST & QUIVAS STREET NORTH,1,1,0,0,1,1,,0,,0,0,0,0,0,4,1,13
,2019-49831,39.736827,-104.9634495,6/14/2019 12:26,12:26,3,0,1,13TH AVENUE EAST & RACE STREET NORTH,1,1,0,0,1,1,,0,25,0,0,0,0,1,4,2,13
,2019-49832,39.736854,-104.9987115,1/10/2019 9:28,9:28,3,0,2,13TH AVENUE WEST & SANTA FE DRIVE NORTH,1,1,0,0,1,1,,0,35,0,0,0,0,1,4,2,14
,2019-49833,39.736854,-104.9987115,10/12/2019 0:43,0:43,12,0,0,13TH AVENUE WEST & SANTA FE DRIVE NORTH,1,3,0,0,1,1,,0,30,0,0,0,0,0,4,2,5
,2019-49834,39.736863,-104.9848515,6/4/2019 8:23,8:23,12,0,0,13TH AVENUE EAST & SHERMAN STREET NORTH,1,1,0,0,1,1,,0,30,0,0,0,0,0,4,3,5
,2019-49835,39.736863,-104.9848515,6/14/2019 9:03,9:03,15,0,0,13TH AVENUE EAST & SHERMAN STREET NORTH,1,1,0,0,1,1,,0,25,0,0,0,0,0,4,2,1
,2019-49836,39.736872,-104.9964795,2/18/2019 7:20,7:20,3,0,0,13TH AVENUE WEST & SPEER BOULEVARD NORTH,5,1,0,2,1,1,,0,35,0,0,0,0,0,4,2,14
,2019-49837,39.736872,-104.9964795,3/23/2019 12:30,12:30,3,0,0,13TH AVENUE WEST & SPEER BOULEVARD,1,1,0,0,1,1,,0,,0,0,0,0,0,4,2,13
,2019-49838,39.736872,-104.9964795,4/21/2019 1:52,1:52,3,0,0,13TH AVENUE WEST & SPEER BOULEVARD NORTH,1,3,0,0,1,1,,0,35,0,0,0,0,0,4,2,5
,2019-49839,39.736872,-104.9964795,4/27/2019 10:49,10:49,3,0,0,13TH AVENUE WEST & SPEER BOULEVARD NORTH,1,1,0,0,1,1,,0,30,0,0,0,0,0,4,2,14
,2019-49840,39.736872,-104.9964795,5/30/2019 9:05,9:05,3,0,1,13TH AVENUE WEST & SPEER BOULEVARD NORTH,1,1,0,0,1,1,,0,30,0,0,0,0,2,4,2,13
,2019-49841,39.736872,-104.9964795,7/12/2019 6:22,6:22,3,0,0,13TH AVENUE WEST & SPEER BOULEVARD NORTH,1,1,0,0,1,1,,0,35,0,0,0,0,0,4,2,13
,2019-49842,39.722544,-104.987502,10/23/2019 15:00,15:00,6,0,0,FOURTH AVENUE WEST & 417 WEST FOURTH AVENUE,1,1,0,0,1,4,,0,25,0,0,0,0,0,4,2,1
,2019-49843,39.736872,-104.9964795,9/12/2019 21:44,21:44,3,0,0,13TH AVENUE WEST & SPEER BOULEVARD NORTH,1,1,0,0,1,1,,0,35,0,0,0,0,0,4,2,13
,2019-49844,39.736872,-104.9964795,10/25/2019 10:05,10:05,10,0,0,13TH AVENUE WEST & SPEER BOULEVARD NORTH,1,1,0,0,1,1,,0,30,0,0,0,0,0,4,2,13
,2019-49845,39.736872,-104.9964795,12/9/2019 6:25,6:25,12,0,0,13TH AVENUE WEST & SPEER BOULEVARD NORTH,1,4,0,0,1,1,,0,25,0,0,0,0,0,4,2,13
,2019-49846,39.737268,-104.897538,7/8/2019 10:59,10:59,3,0,0,13TH AVENUE EAST & SPRUCE STREET NORTH,1,1,0,0,1,1,,0,25,0,0,0,0,0,4,2,7
,2019-49847,39.737259,-104.898753,5/10/2019 14:18,14:18,3,0,1,13TH AVENUE EAST & SYRACUSE STREET NORTH,1,1,0,0,1,1,,0,30,0,0,0,0,2,4,2,12
,2019-49848,39.73833,-104.916141,4/5/2019 9:25,9:25,3,0,2,14TH AVENUE EAST & KRAMERIA STREET NORTH,1,1,0,0,1,1,,0,30,0,0,0,0,2,4,2,3
,2019-49849,39.73833,-104.916141,4/24/2019 9:06,9:06,3,0,0,14TH AVENUE EAST & KRAMERIA STREET NORTH,1,1,0,0,1,1,,0,25,0,0,0,0,0,4,2,13
,2019-49850,39.73833,-104.916141,8/22/2019 12:55,12:55,3,0,0,14TH AVENUE EAST & KRAMERIA STREET NORTH,1,1,0,0,1,1,,0,30,0,0,0,0,0,4,2,14
,2019-49851,39.738456,-104.9861385,12/7/2019 2:37,2:37,15,0,0,14TH AVENUE EAST & LINCOLN STREET NORTH,1,3,0,0,1,1,,0,30,0,0,0,0,0,4,2,13
,2019-49852,39.73833,-104.9139405,5/2/2019 18:12,18:12,3,0,0,14TH AVENUE EAST & LOCUST STREET NORTH,1,1,0,0,1,1,,0,25,0,0,0,0,0,4,3,13
,2019-49853,39.738438,-104.9823405,5/21/2019 9:58,9:58,15,0,0,14TH AVENUE EAST & LOGAN STREET NORTH,1,1,0,2,1,1,,0,25,0,0,0,0,0,4,2,14
,2019-49854,39.738438,-104.9823405,5/25/2019 11:02,11:02,10,0,0,14TH AVENUE EAST & LOGAN STREET NORTH,1,1,0,0,1,1,,0,30,0,0,0,0,0,4,2,13
,2019-49855,39.738438,-104.9823405,9/25/2019 11:40,11:40,3,0,2,14TH AVENUE EAST & LOGAN STREET NORTH,1,1,0,0,1,1,,0,25,0,0,0,0,2,4,2,14
,2019-49856,39.738438,-104.9823405,12/26/2019 18:17,18:17,12,0,0,14TH AVENUE EAST & LOGAN STREET NORTH,1,3,0,0,1,1,,0,30,0,0,0,0,0,4,2,2
,2019-49857,39.738456,-105.034608,7/18/2019 17:40,17:40,3,0,0,14TH AVENUE WEST & LOWELL BOULEVARD NORTH,1,1,0,0,1,1,,0,25,0,0,0,0,0,4,2,7
,2019-49858,39.738339,-104.9461605,3/16/2019 12:03,12:03,15,0,1,14TH AVENUE EAST & MADISON STREET NORTH,1,1,0,0,1,1,,0,30,0,0,0,0,1,4,2,3
,2019-49859,39.738339,-104.9461605,5/21/2019 11:11,11:11,12,0,0,14TH AVENUE EAST & MADISON STREET NORTH,1,1,0,0,1,1,,0,25,0,0,0,0,0,4,2,13
,2019-49860,39.738339,-104.9461605,6/29/2019 16:06,16:06,10,0,0,14TH AVENUE EAST & MADISON STREET NORTH,1,1,0,0,1,1,,0,30,0,0,0,0,0,4,2,8
,2019-49861,39.738339,-104.9461605,8/9/2019 17:00,17:00,1,0,0,14TH AVENUE EAST & MADISON STREET NORTH,1,1,0,0,1,1,,0,25,0,0,0,0,0,4,2,1
,2019-49862,39.738339,-104.9461605,10/26/2019 10:45,10:45,15,0,0,14TH AVENUE EAST & MADISON STREET NORTH,1,1,0,0,1,1,,0,30,0,0,0,0,0,4,2,7
,2019-49863,39.73869,-104.911632,1/20/2019 13:00,13:00,5,0,0,14TH AVENUE EAST & MAGNOLIA STREET NORTH,1,1,0,0,2,4,,0,35,0,0,0,0,0,4,1,2
,2019-49864,39.738402,-104.97186,1/9/2019 15:38,15:38,1,0,0,14TH AVENUE EAST & MARION STREET NORTH,1,1,0,0,1,1,,0,30,0,0,0,0,0,4,2,13
,2019-49865,39.738402,-104.97186,9/8/2019 23:31,23:31,3,0,0,14TH AVENUE EAST & MARION STREET NORTH,2,3,0,0,1,1,,0,30,0,0,0,0,0,4,3,13
,2019-49866,39.738402,-104.97186,9/29/2019 10:43,10:43,3,0,0,14TH AVENUE EAST & MARION STREET NORTH,1,1,0,0,1,1,,0,30,0,0,0,0,0,4,2,13
,2019-49867,39.738402,-104.97186,10/19/2019 2:29,2:29,3,0,0,14TH AVENUE EAST & MARION STREET NORTH,1,5,0,0,1,1,,0,30,0,0,0,0,0,4,2,5
,2019-49868,39.748032,-105.0006915,1/25/2019 14:39,14:39,14,0,0,14TH STREET & MARKET STREET,1,1,0,0,1,1,,0,25,0,0,0,0,0,4,2,8
,2019-49869,39.738465,-105.0358095,2/28/2019 14:05,14:05,14,0,0,14TH AVENUE WEST & MEADE STREET NORTH,1,1,0,0,1,1,,0,25,0,0,0,0,0,4,2,13
,2019-49870,39.738411,-104.912802,1/3/2019 13:52,13:52,15,0,0,14TH AVENUE EAST & MONACO STREET NORTH,1,1,0,0,1,1,,0,35,0,0,0,0,0,4,2,7
,2019-49871,39.738411,-104.912802,5/24/2019 11:44,11:44,3,0,0,14TH AVENUE EAST & MONACO STREET NORTH,1,1,0,0,1,1,,0,30,0,0,0,0,0,4,2,13
,2019-49872,39.738411,-104.912802,7/3/2019 12:00,12:00,3,0,0,14TH AVENUE EAST & MONACO STREET NORTH,1,1,0,0,1,1,,0,35,0,0,0,0,0,4,2,1
,2019-49873,39.738411,-104.912802,10/8/2019 12:06,12:06,10,0,0,14TH AVENUE EAST & MONACO STREET NORTH,1,1,0,0,1,1,,0,30,0,0,0,0,0,4,2,3
,2019-49874,39.738456,-105.0369885,5/10/2019 8:40,8:40,3,0,0,14TH AVENUE WEST & NEWTON STREET NORTH,1,1,0,0,1,1,,0,30,0,0,0,0,0,4,2,13
,2019-49875,39.73842,-104.97528,5/14/2019 17:25,17:25,3,0,0,14TH AVENUE EAST & OGDEN STREET NORTH,1,1,0,0,1,1,,0,25,0,0,0,0,0,4,2,8
,2019-49877,39.73842,-104.97528,6/11/2019 10:20,10:20,14,0,0,14TH AVENUE & OGDEN STREET NORTH,1,1,0,0,1,1,,0,25,0,0,0,0,0,4,2,10
,2019-49878,39.738672,-104.908131,5/30/2019 11:49,11:49,12,0,0,14TH AVENUE EAST & ONEIDA STREET NORTH,1,1,0,0,1,4,,0,25,0,0,0,0,0,4,2,13
,2019-49879,39.738438,-104.9799105,9/3/2019 15:24,15:24,3,0,1,14TH AVENUE EAST & PEARL STREET NORTH,1,1,0,0,1,1,,0,30,0,0,0,0,1,4,2,1
,2019-49880,39.738429,-104.981112,2/13/2019 10:30,10:30,3,0,0,14TH AVENUE EAST & PENNSYLVANIA STREET NORTH,1,1,0,0,1,1,,0,30,0,0,0,0,0,4,2,14
,2019-49881,39.738681,-104.905782,7/2/2019 10:43,10:43,3,0,1,14TH AVENUE EAST & PONTIAC STREET NORTH,1,1,0,0,1,1,,0,30,0,0,0,0,1,4,2,13
,2019-49882,39.73869,-104.90346,5/7/2019 23:20,23:20,3,0,0,14TH AVENUE EAST & QUEBEC STREET NORTH,2,3,0,1,1,1,,0,35,0,0,0,0,0,4,2,1
,2019-49883,39.73869,-104.90346,6/16/2019 21:03,21:03,3,0,2,14TH AVENUE EAST & QUEBEC STREET NORTH,2,3,0,1,1,1,,0,35,0,0,0,0,1,4,2,5
,2019-49884,39.73869,-104.90346,6/28/2019 19:36,19:36,3,0,0,14TH AVENUE EAST & QUEBEC STREET NORTH,1,1,0,0,1,1,,0,30,0,0,0,0,0,4,2,13
,2019-49885,39.73869,-104.90346,8/3/2019 10:15,10:15,10,0,0,14TH AVENUE EAST & QUEBEC STREET NORTH,1,1,0,0,1,1,,0,,0,0,0,0,0,4,2,13
,2019-49886,39.73869,-104.9023215,8/22/2019 7:40,7:40,3,0,0,14TH AVENUE EAST & QUINCE STREET NORTH,1,1,0,0,1,1,,0,25,0,0,0,0,0,4,2,7
,2019-49887,39.738474,-105.0404895,4/22/2019 18:15,18:15,10,0,0,14TH AVENUE WEST & QUITMAN STREET NORTH,1,1,0,0,1,1,,0,,0,0,0,0,0,4,2,13
,2019-49888,39.738366,-104.963472,2/15/2019 9:11,9:11,12,0,1,14TH AVENUE EAST & RACE STREET NORTH,1,1,0,0,1,1,,0,30,0,0,0,0,1,4,2,14
,2019-49889,39.738366,-104.963472,3/27/2019 7:46,7:46,10,0,1,14TH AVENUE EAST & RACE STREET NORTH,1,1,0,0,1,1,,0,25,0,0,0,0,1,4,2,13
,2019-49890,39.738483,-105.0416685,1/4/2019 17:27,17:27,3,0,0,14TH AVENUE WEST & RALEIGH STREET NORTH,1,2,1,0,1,1,,0,30,0,0,0,0,0,4,2,13
,2019-49892,39.738483,-105.0416685,9/1/2019 0:15,0:15,12,0,3,14TH AVENUE WEST & RALEIGH STREET NORTH,1,3,0,0,1,1,,0,25,0,0,0,0,1,4,2,3
,2019-49893,39.738456,-104.9976405,1/31/2019 12:54,12:54,3,0,0,14TH AVENUE WEST & SPEER BOULEVARD NORTH,1,1,1,0,1,1,,0,30,0,0,0,0,0,4,3,13
,2019-49894,39.738456,-104.9976405,4/2/2019 14:20,14:20,3,0,1,14TH AVENUE WEST & SPEER BOULEVARD,1,1,0,0,1,1,,0,25,0,0,0,0,2,4,2,13
,2019-49895,39.738456,-104.9976405,5/5/2019 8:35,8:35,3,0,0,14TH AVENUE WEST & SPEER BOULEVARD NORTH,1,1,0,0,1,1,,0,30,0,0,0,0,0,4,2,14
,2019-49896,39.738456,-104.9976405,7/5/2019 23:09,23:09,3,0,1,14TH AVENUE WEST & SPEER BOULEVARD SOUTH,1,3,1,0,1,1,,0,35,0,0,0,0,1,4,2,13
,2019-49897,39.738456,-104.9976405,7/14/2019 16:00,16:00,3,0,0,14TH AVENUE WEST & SPEER BOULEVARD NORTH,1,1,0,0,1,1,,0,30,0,0,0,0,0,4,2,13
,2019-49898,39.738456,-104.9976405,7/30/2019 20:43,20:43,15,0,0,14TH AVENUE WEST & SPEER BOULEVARD NORTH,1,3,0,0,1,3,,0,30,0,0,0,0,0,4,2,13
,2019-49899,39.738456,-104.9976405,9/25/2019 23:25,23:25,15,0,0,14TH AVENUE WEST & SPEER BOULEVARD NORTH,1,3,0,0,1,1,,0,30,0,0,0,0,0,4,2,12
,2019-49900,39.738456,-104.9976405,10/21/2019 12:00,12:00,15,0,0,14TH AVENUE WEST & SPEER BOULEVARD NORTH,1,1,0,0,1,1,,0,30,0,0,0,0,0,4,2,13
,2019-49901,39.738456,-104.9976405,12/11/2019 8:40,8:40,15,0,0,14TH AVENUE WEST & SPEER BOULEVARD NORTH,1,1,0,0,1,1,,0,30,0,0,0,0,0,4,2,13
,2019-49902,39.73834753,-104.9527109,3/22/2019 10:30,10:30,6,0,0,14TH AVENUE EAST & STREET PAUL STREET NORTH,1,1,0,0,1,4,,0,30,0,0,0,0,0,4,2,7
,2019-49903,39.73834753,-104.9527109,8/31/2019 13:20,13:20,10,0,0,14TH AVENUE EAST & STREET PAUL STREET NORTH,1,1,0,0,1,1,,0,30,0,0,0,0,0,4,2,13
,2019-49904,39.738357,-104.94945,3/5/2019 14:40,14:40,3,0,0,14TH AVENUE EAST & STEELE STREET NORTH,1,1,0,0,1,1,,0,25,0,0,0,0,0,4,2,1
,2019-49905,39.738357,-104.94945,6/22/2019 10:00,10:00,3,0,0,14TH AVENUE EAST & STEELE STREET NORTH,1,1,0,0,1,1,,0,30,0,0,0,0,0,4,2,13
,2019-49906,39.738357,-104.94945,10/16/2019 13:23,13:23,3,0,1,14TH AVENUE EAST & STEELE STREET NORTH,1,1,0,0,1,1,,0,30,0,0,0,0,2,4,2,13
,2019-49907,39.73869,-104.898762,7/13/2019 22:59,22:59,10,0,0,14TH AVENUE EAST & SYRACUSE STREET NORTH,1,3,0,0,1,1,,0,30,0,0,0,0,0,4,2,13
,2019-49908,39.741327,-104.9919615,1/19/2019 3:28,3:28,3,0,0,14TH STREET & TREMONT STREET,1,3,0,0,1,1,,0,25,0,0,0,0,0,4,2,13
,2019-49909,39.741327,-104.9919615,5/15/2019 10:10,10:10,10,0,0,14TH STREET & TREMONT PLACE,1,1,0,0,1,1,,0,25,0,0,0,0,0,4,2,8
,2019-49910,39.73869,-104.892858,3/7/2019 8:00,8:00,10,0,0,14TH AVENUE EAST & UINTA STREET NORTH,2,1,0,0,1,1,,0,30,0,0,0,0,0,4,2,7
,2019-49911,39.73869,-104.892858,8/27/2019 16:15,16:15,10,0,0,14TH AVENUE EAST & UINTA STREET NORTH,1,1,0,0,1,1,,0,30,0,0,0,0,0,4,2,8
,2019-49912,39.738681,-104.89401,7/27/2019 19:41,19:41,10,0,0,14TH AVENUE EAST & ULSTER STREET NORTH,1,1,0,0,1,1,,0,30,0,0,0,0,0,4,3,13
,2019-49913,39.73869,-104.892858,11/2/2019 23:40,23:40,3,0,0,14TH AVENUE EAST & UNITA STREET NORTH,1,3,0,0,1,1,,0,25,0,0,0,0,0,4,2,7
,2019-49914,39.73869,-104.8905495,4/27/2019 18:49,18:49,3,0,0,14TH AVENUE EAST & VERBENA STREET NORTH,1,1,0,0,1,1,,0,30,0,0,0,0,0,4,2,7
,2019-49915,39.73869,-104.8893795,3/19/2019 15:17,15:17,10,0,2,14TH AVENUE EAST & WABASH STREET NORTH,1,1,0,0,1,1,,0,30,0,0,0,0,1,4,2,8
,2019-49916,39.73869,-104.8893795,6/19/2019 15:50,15:50,15,0,0,14TH AVENUE EAST & WABASH STREET NORTH,1,1,0,0,1,3,,0,30,0,0,0,0,0,4,2,1
,2019-49917,39.73842,-104.9787315,1/2/2019 8:10,8:10,3,0,0,14TH AVENUE EAST & WASHINGTON STREET NORTH,5,1,0,0,1,1,,0,30,0,0,0,0,0,4,2,13
,2019-49918,39.73842,-104.9787315,1/28/2019 14:00,14:00,10,0,0,14TH AVENUE EAST & WASHINGTON STREET NORTH,4,1,0,2,1,1,,0,30,0,0,0,0,0,4,2,13
,2019-49919,39.73842,-104.9787315,1/28/2019 14:50,14:50,3,0,0,14TH AVENUE EAST & WASHINGTON STREET NORTH,4,1,0,0,1,1,,0,30,0,0,0,0,0,4,3,2
,2019-49920,39.73842,-104.9787315,3/12/2019 15:30,15:30,3,0,2,14TH AVENUE EAST & WASHINGTON STREET NORTH,1,1,0,0,1,1,,0,30,0,0,0,0,1,4,2,13
,2019-49921,39.742686,-104.993721,1/20/2019 1:50,1:50,10,0,0,14TH STREET & WELTON STREET,1,3,0,0,1,1,,0,25,0,0,0,0,0,4,2,5
,2019-49922,39.742686,-104.993721,5/10/2019 12:50,12:50,12,0,0,14TH STREET & WELTON STREET,1,1,0,0,1,1,,0,25,0,0,0,0,0,4,2,14
,2019-49923,39.742686,-104.993721,7/27/2019 22:35,22:35,10,0,0,14TH STREET & WELTON STREET,1,3,0,0,1,1,,0,25,0,0,0,0,0,4,2,3
,2019-49924,39.742686,-104.993721,10/4/2019 15:39,15:39,3,0,0,14TH STREET & WELTON STREET,1,1,0,0,1,1,,0,30,0,0,0,0,0,4,2,13
,2019-49925,39.738699,-104.888169,9/23/2019 16:15,16:15,3,0,0,14TH AVENUE EAST & WILLOW STREET NORTH,1,1,0,0,1,1,,0,25,0,0,0,0,0,4,2,1
,2019-49926,39.73869,-104.88699,3/30/2019 16:38,16:38,3,0,0,14TH AVENUE EAST & XANTHIA STREET NORTH,1,1,0,0,1,1,,0,25,0,0,0,0,0,4,2,13
,2019-49927,39.73851,-105.0159195,4/12/2019 7:50,7:50,3,0,2,14TH AVENUE WEST & ZUNI STREET NORTH,1,1,0,0,1,1,,0,35,0,0,0,0,1,4,2,14
,2019-49928,39.74891237,-104.9994827,2/1/2019 12:52,12:52,15,0,0,15TH STREET & 1400 BLOCK,1,1,0,0,1,4,,0,30,0,0,0,0,0,4,2,13
,2019-49929,39.74891237,-104.9994827,2/27/2019 13:10,13:10,10,0,0,15TH STREET & 1600 BLOCK,1,1,0,0,1,4,,0,30,0,0,0,0,0,4,2,13
,2019-49930,39.749634,-105.0003405,5/25/2019 17:07,17:07,12,0,0,15TH STREET & BLAKE STREET,1,1,0,0,1,1,,0,25,0,0,0,0,0,4,2,13
,2019-49931,39.744234,-104.993379,2/19/2019 11:35,11:35,10,0,0,15TH STREET & CALIFORNIA STREET,1,1,0,0,1,1,,0,30,0,0,0,0,0,4,2,13
,2019-49932,39.752298,-105.0038685,5/26/2019 12:25,12:25,1,0,2,15TH STREET & DELGANY STREET,1,1,0,0,1,1,,0,30,0,0,0,0,1,4,2,13
,2019-49933,39.752298,-105.0038685,8/2/2019 7:01,7:01,1,0,0,15TH STREET & DELGANY STREET,1,1,0,0,1,1,,0,25,0,0,0,0,0,4,2,13
,2019-49934,39.74394766,-105.0384483,3/12/2019 12:46,12:46,5,0,0,17TH AVENUE WEST & 2900 BLOCK,1,1,0,0,2,4,,0,35,0,0,0,0,0,4,1,14
,2019-49935,39.742929,-104.991642,9/13/2019 9:15,9:15,15,0,0,15TH STREET & GLENARM PLACE,1,1,0,0,1,1,,0,30,0,0,0,0,0,4,2,13
,2019-49936,39.742929,-104.991642,10/20/2019 12:05,12:05,10,0,0,15TH STREET & GLENARM PLACE,1,1,0,0,1,1,,0,30,0,0,0,0,0,4,2,13
,2019-49937,39.742929,-104.991642,11/28/2019 20:31,20:31,10,0,0,15TH STREET & GLENARM PLACE,4,3,0,2,1,1,,0,35,0,0,0,0,0,4,2,13
,2019-49938,39.748257,-104.998662,11/2/2019 21:26,21:26,10,0,0,15TH STREET & LARIMER STREET,1,3,0,0,1,1,,0,30,0,0,0,0,0,4,2,9
,2019-49939,39.754323,-105.0065595,2/8/2019 7:51,7:51,12,0,0,15TH STREET & LITTLE RAVEN STREET,2,1,0,0,1,1,,0,30,0,0,0,0,0,4,2,13
,2019-49940,39.74895,-104.9995305,2/8/2019 10:24,10:24,12,0,0,15TH STREET & MARKET STREET,5,1,0,0,1,1,,0,30,0,0,0,0,0,4,2,7
,2019-49941,39.756456,-105.009309,4/18/2019 21:34,21:34,3,0,1,15TH STREET & PLATTE STREET,1,3,1,0,1,1,,0,25,0,0,0,0,2,4,2,3
,2019-49942,39.756456,-105.009309,6/16/2019 21:22,21:22,3,0,0,15TH STREET & PLATTE STREET,2,3,0,1,1,1,,0,30,0,0,0,0,0,4,2,8
,2019-49943,39.756456,-105.009309,9/5/2019 20:14,20:14,3,0,0,15TH STREET & PLATTE STREET,1,3,1,0,1,1,,0,30,0,0,0,0,0,4,2,12
,2019-49944,39.756456,-105.009309,10/2/2019 17:11,17:11,3,0,0,15TH STREET & PLATTE STREET,1,1,0,0,1,1,,0,35,0,0,0,0,0,4,2,13
,2019-49945,39.744882,-104.99427,6/5/2019 20:56,20:56,12,0,0,15TH STREET & STOUT STREET,1,3,0,0,1,1,,0,25,0,0,0,0,0,4,3,13
,2019-49946,39.742245,-104.99076,5/17/2019 16:44,16:44,10,0,0,15TH STREET & TREMONT PLACE,1,1,0,0,1,1,,0,25,0,0,0,0,0,4,2,8
,2019-49947,39.742245,-104.99076,8/3/2019 8:44,8:44,15,0,0,15TH STREET & TREMONT PLACE,1,1,0,0,1,4,,0,35,0,0,0,0,0,4,2,13
,2019-49948,39.750255,-105.001182,4/12/2019 18:05,18:05,3,0,0,15TH STREET & WAZEE STREET,1,1,0,0,1,1,,0,30,0,0,0,0,0,4,2,1
,2019-49950,39.743604,-104.9925195,9/22/2019 11:08,11:08,3,0,0,15TH STREET & WELTON STREET,1,1,0,0,1,1,,0,25,0,0,0,0,0,4,2,13
,2019-49951,39.743604,-104.9925195,10/29/2019 3:53,3:53,3,0,0,15TH STREET & WELTON STREET,2,3,0,0,1,1,,0,30,0,0,0,0,0,4,2,13
,2019-49952,39.81104471,-104.7706762,1/25/2019 9:00,9:00,6,0,0,63RD AVENUE & 18600 EAST,1,1,0,0,6,8,,0,,0,0,0,0,0,3,2,13
,2019-49953,39.751623,-105.002991,2/9/2019 15:45,15:45,3,0,0,15TH STREET & WEWATTA STREET,6,1,0,0,1,1,,0,25,0,0,0,0,0,4,2,5
,2019-49954,39.751623,-105.002991,2/19/2019 8:27,8:27,1,0,0,15TH STREET & WEWATTA STREET,2,5,0,2,1,1,,0,25,0,0,0,0,0,4,2,13
,2019-49955,39.751623,-105.002991,3/7/2019 21:46,21:46,1,0,0,15TH STREET & WEWATTA STREET,1,3,0,0,1,1,,0,30,0,0,0,1,0,4,2,13
,2019-49956,39.751623,-105.002991,9/12/2019 20:55,20:55,1,0,1,15TH STREET & WEWATTA STREET,1,3,0,0,1,1,,0,30,0,0,0,0,1,4,2,13
,2019-49957,39.751623,-105.002991,10/29/2019 6:46,6:46,5,0,0,15TH STREET & WEWATTA STREET,4,3,0,2,3,1,,0,30,0,0,0,0,0,4,1,14
,2019-49958,39.750939,-105.0021,1/31/2019 9:46,9:46,12,0,0,15TH STREET & WYNKOOP STREET,5,1,0,0,1,1,,0,30,0,0,0,0,0,4,2,14
,2019-49959,39.750939,-105.0021,2/7/2019 17:13,17:13,1,0,0,15TH STREET & WYNKOOP STREET,4,1,0,0,1,1,,0,25,0,0,0,0,0,4,2,7