id,drcog_id,latitude,longitude,crashtime,time,crashtype,numbkilled,numbinjurd,drcoglocat,rdconditin,lightngcon,roadcntgrd,weatherco,location,roaddescrp,schoolzone,constrzone,splimit,bikeinv,sctrinv,pedinv,motoinv,svrty,rdsystem,ttlvehcls,hcf
,2019-49960,39.750939,-105.0021,7/23/2019 8:18,8:18,1,0,0,15TH STREET & WYNKOOP STREET,1,1,0,0,1,1,,0,25,0,0,0,0,0,4,2,13
,2019-49961,39.750939,-105.0021,9/14/2019 22:00,22:00,1,0,1,15TH STREET & WYNKOOP STREET,1,3,0,0,1,1,,0,30,0,0,0,0,1,4,2,7
,2019-49962,39.758337,-105.009291,11/16/2019 19:04,19:04,12,0,0,16TH STREET & CENTRAL STREET,1,3,1,0,1,4,,0,25,0,0,0,0,0,4,2,7
,2019-49963,39.753945,-105.0034635,9/5/2019 17:45,17:45,15,0,0,16TH STREET & CHESTNUT PLACE,1,1,0,0,1,1,,0,25,0,0,0,0,0,4,2,13
,2019-49964,39.753945,-105.0034635,12/14/2019 11:25,11:25,15,0,0,16TH STREET & CHESTNUT PLACE,1,1,0,0,1,3,,0,15,0,0,0,0,0,4,2,13
,2019-49965,39.741678,-104.9775795,1/4/2019 8:31,8:31,3,0,1,16TH AVENUE EAST & CLARKSON STREET NORTH,1,1,0,0,1,1,,0,35,0,0,0,0,2,4,2,13
,2019-49966,39.741678,-104.9775795,7/1/2019 14:13,14:13,1,0,0,16TH AVENUE EAST & CLARKSON STREET NORTH,1,1,0,0,1,1,,0,30,0,0,0,0,0,4,2,13
,2019-49967,39.747204,-104.994819,3/3/2019 20:17,20:17,3,0,0,16TH STREET & CURTIS STREET,4,3,0,0,1,1,,0,25,0,0,0,0,0,4,2,3
,2019-49968,39.74166,-104.9734305,3/7/2019 11:58,11:58,3,0,0,16TH AVENUE EAST & DOWNING STREET NORTH,1,1,0,0,1,1,,0,30,0,0,0,0,0,4,2,13
,2019-49969,39.74166,-104.9734305,4/20/2019 12:52,12:52,15,0,0,16TH AVENUE EAST & DOWNING STREET NORTH,1,1,0,0,1,1,,0,30,0,0,0,0,0,4,2,8
,2019-49970,39.741588,-104.9610105,10/27/2019 11:35,11:35,3,0,0,16TH AVENUE EAST & GAYLORD STREET NORTH,2,1,0,2,1,1,,0,30,0,0,0,0,0,4,2,13
,2019-49971,39.741687,-104.983569,11/1/2019 10:35,10:35,3,0,1,16TH AVENUE EAST & GRANT STREET NORTH,2,1,0,0,1,1,,0,30,0,0,0,0,1,4,2,13
,2019-49972,39.741642,-104.969691,6/20/2019 9:35,9:35,3,0,0,16TH AVENUE EAST & HUMBOLDT STREET NORTH,1,1,0,0,1,1,,0,30,0,0,0,0,0,4,2,13
,2019-49973,39.741642,-104.969691,10/3/2019 8:50,8:50,3,0,0,16TH AVENUE EAST & HUMBOLDT STREET NORTH,1,1,0,0,1,1,,0,25,0,0,0,0,0,4,2,14
,2019-49974,39.74193,-104.943051,10/12/2019 10:10,10:10,3,0,0,16TH AVENUE EAST & JACKSON STREET NORTH,1,1,0,0,1,1,,0,25,0,0,0,0,0,4,2,7
,2019-49975,39.741606,-104.9591925,5/18/2019 9:49,9:49,3,0,1,16TH AVENUE EAST & JOSEPHINE STREET NORTH,1,1,0,0,1,1,,0,30,0,0,0,0,1,4,2,13
,2019-49976,39.741606,-104.9591925,7/28/2019 12:07,12:07,3,0,1,16TH AVENUE EAST & JOSEPHINE COURT NORTH,1,1,0,0,1,1,,0,30,0,0,0,0,1,4,2,8
,2019-49977,39.74166,-104.9810895,2/6/2019 12:58,12:58,3,0,1,16TH AVENUE EAST & PENNSYLVANIA STREET NORTH,4,1,0,2,1,1,,0,25,0,0,0,0,1,4,2,14
,2019-49978,39.75459159,-105.0022073,5/16/2019 12:50,12:50,6,0,0,17TH STREET EAST & 1500 BLOCK EAST,1,1,1,0,1,4,,0,35,0,0,0,0,0,4,2,13
,2019-49979,39.741669,-104.98482,2/3/2019 22:32,22:32,12,0,0,16TH AVENUE EAST & SHERMAN STREET NORTH,1,3,0,0,1,3,,0,30,0,0,0,0,0,4,2,14
,2019-49980,39.745845,-104.993028,4/8/2019 13:52,13:52,12,0,0,16TH STREET & STOUT STREET,1,1,0,0,1,1,,0,25,0,0,0,0,0,4,2,14
,2019-49981,39.741957,-104.8987395,6/2/2019 12:05,12:05,3,0,0,16TH AVENUE EAST & SYRACUSE STREET NORTH,1,1,0,0,1,1,,0,,0,0,0,0,0,4,2,8
,2019-49982,39.741642,-104.9622435,4/29/2019 16:46,16:46,3,0,0,16TH AVENUE EAST & VINE STREET NORTH,1,1,0,0,1,1,,0,35,0,0,0,0,0,4,2,13
,2019-49983,39.741642,-104.9622435,9/15/2019 2:00,2:00,3,0,2,16TH AVENUE EAST & VINE STREET NORTH,1,3,0,0,1,1,,0,30,0,0,0,0,1,4,2,13
,2019-49984,39.741642,-104.9622435,11/6/2019 11:10,11:10,1,0,0,16TH AVENUE EAST & VINE STREET NORTH,1,1,0,0,1,1,,0,30,0,0,0,0,0,4,2,13
,2019-49985,39.753207,-105.0025905,2/22/2019 17:37,17:37,1,0,0,16TH STREET & WEWATTA STREET,4,2,0,2,1,1,,0,25,0,0,0,0,0,4,2,1
,2019-49986,39.753207,-105.0025905,5/24/2019 10:06,10:06,9,0,1,16TH STREET & WEWATTA STREET,1,1,0,0,1,1,,0,25,0,0,0,0,1,4,2,13
,2019-49987,39.741615,-104.9659785,2/8/2019 22:29,22:29,12,0,0,16TH AVENUE EAST & WILLIAMS STREET NORTH,5,3,0,0,1,1,,0,25,0,0,0,0,0,4,2,14
,2019-49988,39.741948,-104.884668,1/25/2019 17:02,17:02,3,0,1,16TH AVENUE EAST & YOSEMITE STREET,1,1,0,0,1,1,,0,25,0,0,0,0,1,4,3,13
,2019-49989,39.741948,-104.884668,4/10/2019 15:55,15:55,12,0,0,16TH AVENUE EAST & YOSEMITE STREET NORTH,4,1,0,2,1,1,,0,35,0,0,0,0,0,4,2,14
,2019-49990,39.74394766,-105.0384483,5/4/2019 14:23,14:23,6,0,0,17TH AVENUE & 1300 BLOCK EAST,1,1,0,0,1,4,,0,30,0,0,0,0,0,4,2,13
,2019-49991,39.74368149,-104.912521,3/19/2019 16:52,16:52,12,0,0,17TH AVENUE EAST & 1600 BLOCK,1,1,0,0,1,4,,0,30,0,0,0,0,0,4,3,13
,2019-49992,39.75459159,-105.0022073,5/30/2019 12:15,12:15,3,0,0,17TH STREET EAST & 1700 BLOCK EAST,1,1,0,0,1,2,,0,30,0,0,0,0,0,4,2,13
,2019-49993,39.74368149,-104.912521,7/27/2019 2:26,2:26,6,0,0,17TH AVENUE EAST & 2900 BLOCK EAST,1,3,0,0,1,4,,0,30,0,0,0,0,0,4,4,14
,2019-49994,39.74368149,-104.912521,8/16/2019 1:57,1:57,6,0,0,17TH AVENUE EAST & 3000 BLOCK EAST,1,3,0,0,1,4,,0,30,0,0,0,0,0,4,2,5
,2019-49995,39.747456,-104.992722,4/14/2019 13:00,13:00,12,0,0,17TH STREET & CHAMPA STREET,1,1,0,0,1,1,,0,30,0,0,0,0,0,4,2,13
,2019-49996,39.74368149,-104.912521,10/18/2019 8:00,8:00,15,0,0,17TH AVENUE EAST & 3200 BLOCK EAST,1,1,0,0,1,4,,0,35,0,0,0,0,0,4,3,7
,2019-49997,39.74368149,-104.912521,9/18/2019 16:40,16:40,3,0,0,17TH AVENUE EAST & 3300 BLOCK EAST,1,1,0,0,1,5,,0,25,0,0,0,0,0,4,2,1
,2019-49998,39.74368149,-104.912521,8/28/2019 7:20,7:20,12,0,0,17TH AVENUE EAST & 3800 BLOCK EAST,1,1,0,0,1,4,,0,30,0,0,0,0,0,4,3,7
,2019-49999,39.75459159,-105.0022073,5/28/2019 9:12,9:12,6,0,0,17TH STREET WEST & 4400 BLOCK WEST,1,1,0,0,1,4,,0,30,0,0,0,0,0,4,2,13
,2019-50000,39.75459159,-105.0022073,6/25/2019 14:30,14:30,15,0,0,17TH STREET & 700 BLOCK,1,1,0,0,1,4,,0,25,0,0,0,0,0,4,2,13
,2019-50001,39.74394766,-105.0384483,1/29/2019 9:03,9:03,12,0,0,17TH AVENUE & 8800 EAST,5,1,0,0,1,4,,0,,0,0,0,0,0,4,2,13
,2019-50002,39.748797,-104.994459,7/25/2019 16:35,16:35,12,0,2,17TH STREET & ARAPAHOE STREET,2,1,0,1,1,4,,0,25,0,0,0,0,1,4,2,14
,2019-50003,39.743397,-104.9873895,3/25/2019 14:05,14:05,15,0,0,17TH STREET & BROADWAY STREET NORTH,1,1,0,0,1,1,,0,30,0,0,0,0,0,4,2,13
,2019-50004,39.743271,-104.9775525,6/17/2019 20:55,20:55,3,0,0,17TH AVENUE EAST & CLARKSON STREET NORTH,1,3,0,0,1,1,,0,30,0,0,0,0,0,4,2,14
,2019-50005,39.743271,-104.9775525,7/18/2019 22:02,22:02,3,0,0,17TH AVENUE EAST & CLARKSON STREET NORTH,1,3,0,0,1,1,,0,30,0,0,0,0,0,4,3,14
,2019-50006,39.743271,-104.9775525,11/14/2019 8:58,8:58,3,0,1,17TH AVENUE EAST & CLARKSON STREET NORTH,1,1,0,0,1,1,,0,30,0,0,0,0,1,4,3,13
,2019-50008,39.743271,-104.9775525,12/29/2019 17:30,17:30,3,0,0,17TH AVENUE EAST & CLARKSON STREET NORTH,6,3,0,0,1,1,,0,30,0,0,0,0,0,4,2,3
,2019-50009,39.748131,-104.9935905,11/28/2019 14:40,14:40,10,0,0,17TH STREET & CURTIS STREET,6,1,0,0,1,1,,0,,0,0,0,0,0,4,2,13
,2019-50010,39.743226,-104.973408,1/20/2019 17:29,17:29,3,0,0,17TH AVENUE EAST & DOWNING STREET NORTH,1,3,0,0,1,1,,0,30,0,0,0,0,0,4,2,1
,2019-50011,39.743226,-104.973408,3/22/2019 20:36,20:36,10,0,0,17TH AVENUE EAST & DOWNING STREET NORTH,2,3,0,1,1,1,,0,30,0,0,0,0,0,4,2,13
,2019-50012,39.743253,-104.976171,6/25/2019 12:01,12:01,3,0,2,17TH AVENUE EAST & EMERSON STREET NORTH,1,1,1,0,1,1,,0,25,0,0,0,0,1,4,2,8
,2019-50013,39.743253,-104.976171,6/26/2019 18:28,18:28,3,0,1,17TH AVENUE EAST & EMERSON STREET NORTH,1,1,0,0,1,1,,0,15,0,0,0,0,2,4,3,13
,2019-50014,39.743253,-104.976171,8/5/2019 8:23,8:23,3,0,0,17TH AVENUE EAST & EMERSON STREET NORTH,1,1,0,0,1,1,,0,25,0,0,0,0,0,4,2,7
,2019-50015,39.743811,-104.9566815,10/28/2019 9:37,9:37,1,0,0,17TH AVENUE EAST & ESPLANADE NORTH,4,1,0,2,1,1,,0,30,0,0,0,0,0,4,2,13
,2019-50016,39.725577,-104.968278,8/3/2019 7:07,7:07,15,0,0,SIXTH AVENUE EAST  & FRANKLIN STREET NORTH,1,1,0,0,1,1,,0,35,0,0,0,0,0,4,2,13
,2019-50017,39.743217,-104.968422,5/2/2019 13:15,13:15,3,0,0,17TH AVENUE EAST & FRANKLIN STREET NORTH,1,1,0,0,1,1,,0,25,0,0,0,1,0,4,2,14
,2019-50018,39.743226,-104.9610015,11/7/2019 18:15,18:15,3,0,0,17TH AVENUE EAST & GAYLORD STREET NORTH,1,3,0,0,1,1,,0,30,0,0,0,0,0,4,2,13
,2019-50020,39.743235,-104.9672205,2/6/2019 16:30,16:30,3,0,1,17TH AVENUE EAST & GILPIN STREET NORTH,6,3,0,2,1,1,,0,30,0,0,0,0,1,4,2,13
,2019-50021,39.743235,-104.9672205,3/11/2019 12:05,12:05,1,0,1,17TH AVENUE EAST & GILPIN STREET NORTH,1,1,0,0,1,1,,0,30,0,0,0,0,1,4,2,13
,2019-50023,39.744792,-104.989203,1/2/2019 15:00,15:00,3,0,1,17TH STREET & GLENARM PLACE,1,1,0,0,1,1,,0,30,0,0,0,0,1,4,2,1
,2019-50024,39.744792,-104.989203,7/11/2019 12:18,12:18,15,0,0,17TH STREET & GLENARM PLACE,1,1,0,0,1,1,,0,25,0,0,0,1,0,4,2,14
,2019-50025,39.74328,-104.983578,1/8/2019 17:40,17:40,15,0,0,17TH AVENUE EAST & GRANT STREET NORTH,1,3,0,0,1,1,,0,25,0,0,0,0,0,4,2,13
,2019-50026,39.74328,-104.983578,4/26/2019 2:26,2:26,3,0,0,17TH AVENUE EAST & GRANT STREET NORTH,1,3,0,0,1,1,,0,35,0,0,0,0,0,4,2,5
,2019-50027,39.74328,-104.983578,5/7/2019 18:00,18:00,12,0,0,17TH AVENUE EAST & GRANT STREET NORTH,1,2,0,0,1,1,,0,30,0,0,0,0,0,4,2,13
,2019-50028,39.74328,-104.983578,9/7/2019 12:19,12:19,3,0,0,17TH AVENUE EAST & GRANT STREET,1,1,0,0,1,1,,0,30,0,0,0,0,0,4,4,13
,2019-50029,39.74328,-104.983578,9/12/2019 10:07,10:07,3,0,1,17TH AVENUE EAST & GRANT STREET NORTH,1,1,0,0,1,1,,0,30,0,0,0,0,1,4,2,12
,2019-50030,39.743955,-105.026841,9/19/2019 18:00,18:00,3,0,1,17TH AVENUE WEST & GROVE STREET NORTH,1,1,0,0,1,1,,0,35,0,0,0,0,1,4,2,13
,2019-50032,39.743748,-104.941881,4/6/2019 3:28,3:28,6,0,0,17TH AVENUE EAST 3800 BLOCK & HARRISON STREET NORTH,1,3,0,0,1,1,,0,30,0,0,0,0,0,4,2,5
,2019-50033,39.743748,-104.941881,9/6/2019 15:46,15:46,3,0,0,17TH AVENUE EAST & HARRISON STREET NORTH,1,1,0,0,1,1,,0,5,0,0,0,0,0,4,2,7
,2019-50034,39.743217,-104.96475,1/8/2019 9:30,9:30,3,0,1,17TH AVENUE EAST & HIGH STREET NORTH,1,1,0,0,1,1,,0,25,0,0,0,0,1,4,2,13
,2019-50035,39.743217,-104.96475,11/25/2019 21:47,21:47,10,0,0,17TH AVENUE EAST & HIGH STREET NORTH,4,3,0,2,1,1,,0,,0,0,0,0,0,4,2,13
,2019-50036,39.743379,-104.922261,1/12/2019 0:40,0:40,5,0,1,17TH AVENUE EAST & HOLLY STREET NORTH,6,3,0,2,2,1,,0,25,0,0,0,0,2,4,1,5
,2019-50037,39.743478,-104.912811,1/18/2019 11:55,11:55,5,0,0,17TH AVENUE EAST & MONACO PARKWAY NORTH,6,1,0,2,2,1,,0,25,0,0,0,0,0,4,1,13
,2019-50038,39.743379,-104.922261,10/29/2019 9:10,9:10,3,0,0,17TH AVENUE EAST & HOLLY STREET NORTH,5,1,0,2,1,1,,0,25,0,0,0,0,0,4,2,14
,2019-50039,39.743928,-105.028362,6/8/2019 23:06,23:06,3,0,0,17TH AVENUE WEST & HOOKER STREET NORTH,2,3,0,1,1,1,,0,30,0,0,0,0,0,4,2,13
,2019-50040,39.743388,-104.923431,6/9/2019 2:17,2:17,5,0,0,17TH AVENUE EAST & HUDSON STREET NORTH,2,3,0,0,2,1,,0,35,0,0,0,1,0,4,1,13
,2019-50041,39.743388,-104.923431,7/24/2019 11:54,11:54,3,0,0,17TH AVENUE EAST & HUDSON STREET NORTH,1,1,0,0,1,1,,0,30,0,0,0,0,0,4,2,3
,2019-50042,39.743388,-104.923431,11/22/2019 16:00,16:00,12,0,1,17TH AVENUE EAST & HUDSON STREET NORTH,4,2,0,2,1,1,,0,,0,0,0,0,1,4,2,13
,2019-50043,39.743928,-105.029928,1/25/2019 18:10,18:10,6,0,0,17TH AVENUE WEST & IRVING STREET NORTH,1,3,0,0,1,1,,0,25,0,0,0,0,0,4,2,13
,2019-50044,39.743928,-105.029928,3/1/2019 17:40,17:40,3,0,1,17TH AVENUE WEST & IRVING STREET NORTH,1,2,0,0,1,1,,0,25,0,0,0,0,1,4,2,13
,2019-50045,39.743928,-105.029928,5/10/2019 5:23,5:23,3,0,2,17TH AVENUE WEST & IRVING STREET NORTH,1,1,0,0,1,1,,0,25,0,0,0,0,1,4,2,13
,2019-50046,39.743928,-105.029928,10/11/2019 16:23,16:23,3,0,0,17TH AVENUE WEST & IRVING STREET NORTH,1,1,0,0,1,1,,0,25,0,0,0,0,0,4,2,1
,2019-50047,39.743721,-104.9211315,8/27/2019 6:47,6:47,3,0,0,17TH AVENUE EAST & IVANHOE STREET NORTH,1,1,0,0,1,1,,0,30,0,0,0,0,0,4,2,13
,2019-50048,39.743721,-104.9211315,10/24/2019 8:35,8:35,3,0,0,17TH AVENUE EAST & IVANHOE STREET NORTH,2,1,0,0,1,1,,0,25,0,0,0,0,0,4,2,7
,2019-50049,39.743415,-104.95926,1/28/2019 6:30,6:30,3,0,0,17TH AVENUE EAST & JOSEPHINE STREET NORTH,4,4,0,2,1,1,,0,30,0,0,0,0,0,4,2,7
,2019-50050,39.743415,-104.95926,10/1/2019 8:00,8:00,10,0,0,17TH AVENUE EAST & JOSEPHINE STREET NORTH,1,1,0,0,1,1,,0,30,0,0,0,0,0,4,2,13
,2019-50051,39.743415,-104.95926,12/2/2019 10:20,10:20,10,0,0,17TH AVENUE EAST & JOSEPHINE STREET NORTH,1,1,0,0,1,1,,0,30,0,0,0,1,0,4,2,13
,2019-50052,39.743181,-104.9892738,8/7/2019 5:30,5:30,5,0,0,TREMONT PLACE & 16TH STREET,1,1,0,0,1,4,,0,25,0,0,0,0,0,4,1,13
,2019-50053,39.743397,-104.9175315,6/6/2019 12:30,12:30,3,0,0,17TH AVENUE EAST & KEARNEY STREET NORTH,1,1,0,0,1,1,,0,25,0,0,0,0,0,4,2,1
,2019-50054,39.743937,-105.03306,2/14/2019 16:57,16:57,3,0,1,17TH AVENUE WEST & KING STREET NORTH,1,1,0,0,1,1,,0,25,0,0,0,0,1,4,2,5
,2019-50055,39.743937,-105.03306,3/20/2019 9:40,9:40,3,0,0,17TH AVENUE WEST & KING STREET NORTH,1,1,0,0,1,1,,0,25,0,0,0,0,0,4,2,13
,2019-50056,39.743937,-105.03306,8/23/2019 15:38,15:38,3,0,0,17TH AVENUE WEST & KING STREET NORTH,1,1,0,0,1,1,,0,25,0,0,0,0,0,4,2,13
,2019-50057,39.743388,-104.916321,11/29/2019 14:49,14:49,15,0,0,17TH AVENUE EAST & KRAMERIA STREET NORTH,5,1,0,0,1,1,,0,25,0,0,0,0,0,4,2,13
,2019-50058,39.743226,-104.970897,1/13/2019 15:50,15:50,10,0,0,17TH AVENUE EAST & LAFAYETTE STREET NORTH,1,1,0,0,1,1,,0,30,0,0,0,0,0,4,2,8
,2019-50059,39.743226,-104.970897,5/2/2019 17:49,17:49,3,0,0,17TH AVENUE EAST & LAFAYETTE STREET NORTH,1,1,0,0,1,1,,0,30,0,0,0,0,0,4,2,13
,2019-50060,39.743226,-104.970897,10/1/2019 18:19,18:19,3,0,0,17TH AVENUE EAST & LAFAYETTE STREET NORTH,2,1,0,1,1,1,,0,30,0,0,0,0,0,4,3,8
,2019-50061,39.743226,-104.970897,10/27/2019 9:17,9:17,5,0,1,17TH AVENUE EAST & LAFAYETTE STREET NORTH,4,1,0,2,2,1,,0,35,0,0,0,0,1,4,1,13
,2019-50062,39.743811,-104.9566815,4/1/2019 15:20,15:20,10,0,0,17TH AVENUE EAST & ESPLANADE PARKWAY NORTH,1,1,0,0,1,1,,0,15,0,0,0,0,0,4,2,13
,2019-50063,39.750129,-104.9962005,2/6/2019 8:37,8:37,15,0,0,17TH STREET & LARIMER STREET,5,1,0,2,1,1,,0,25,0,0,0,1,0,4,2,13
,2019-50064,39.74328,-104.9823495,2/18/2019 14:55,14:55,3,0,0,17TH AVENUE EAST & LOGAN STREET NORTH,2,1,0,0,1,1,,0,35,0,0,0,0,0,4,2,13
,2019-50065,39.74328,-104.9823495,3/27/2019 15:30,15:30,3,0,0,17TH AVENUE EAST & LOGAN STREET NORTH,1,1,0,0,1,1,,0,30,0,0,0,0,0,4,2,13
,2019-50066,39.74328,-104.9823495,7/17/2019 18:45,18:45,3,0,2,17TH AVENUE EAST & LOGAN STREET NORTH,1,1,1,0,1,1,,0,30,0,0,0,0,1,4,2,8
,2019-50067,39.74328,-104.9823495,10/22/2019 11:55,11:55,3,0,0,17TH AVENUE EAST & LOGAN STREET NORTH,1,1,0,0,1,1,,0,30,0,0,0,0,0,4,2,13
,2019-50068,39.743766,-104.91165,4/5/2019 16:50,16:50,3,0,0,17TH AVENUE EAST & MAGNOLIA STREET NORTH,1,1,0,0,1,1,,0,25,0,0,0,0,0,4,2,7
,2019-50069,39.743226,-104.972148,4/23/2019 8:00,8:00,10,0,0,17TH AVENUE EAST & MARION STREET NORTH,1,1,0,0,1,1,,0,30,0,0,0,0,0,4,2,13
,2019-50070,39.743226,-104.972148,6/27/2019 13:59,13:59,12,0,0,17TH AVENUE EAST & MARION STREET NORTH,1,1,0,0,1,1,,0,30,0,0,0,0,0,4,2,13
,2019-50071,39.743226,-104.972148,9/3/2019 14:30,14:30,10,0,0,17TH AVENUE EAST & MARION STREET NORTH,1,1,0,0,1,1,,0,30,0,0,0,0,0,4,2,13
,2019-50072,39.750804,-104.997069,1/30/2019 17:23,17:23,3,0,0,17TH STREET & MARKET STREET,5,3,1,0,1,1,,0,30,0,0,0,0,0,4,2,8
,2019-50073,39.750804,-104.997069,2/27/2019 10:51,10:51,3,0,1,17TH STREET & MARKET STREET,1,1,0,0,1,1,,0,25,0,0,0,0,1,4,2,14
,2019-50074,39.750804,-104.997069,5/15/2019 20:09,20:09,3,0,2,17TH STREET & MARKET STREET,1,3,1,1,1,1,,0,30,0,0,0,0,2,4,2,1
,2019-50075,39.750804,-104.997069,9/12/2019 5:58,5:58,3,0,1,17TH STREET & MARKET STREET,1,3,0,0,1,1,,0,25,0,0,0,0,1,4,2,3
,2019-50076,39.750804,-104.997069,9/15/2019 0:00,0:00,3,0,0,17TH STREET & MARKET STREET,1,1,0,0,1,1,,0,25,0,0,0,0,0,4,2,13
,2019-50077,39.750804,-104.997069,9/22/2019 15:05,15:05,3,0,1,17TH STREET & MARKET STREET,1,1,0,0,1,1,,0,30,0,0,0,1,1,4,2,8
,2019-50078,39.750804,-104.997069,9/30/2019 15:48,15:48,15,0,0,17TH STREET & MARKET STREET,1,1,1,0,1,1,,0,30,0,0,0,0,0,4,2,13
,2019-50079,39.750804,-104.997069,11/17/2019 7:46,7:46,3,0,0,17TH STREET & MARKET STREET,1,1,0,0,1,1,,0,25,0,0,0,0,0,4,2,13
,2019-50080,39.743946,-105.0357825,12/17/2019 8:37,8:37,10,0,0,17TH AVENUE WEST & MEADE STREET NORTH,1,1,1,0,1,1,,0,30,0,0,0,0,0,4,2,13
,2019-50081,39.730518,-105.0001695,11/9/2019 2:30,2:30,12,0,0,NINTH AVENUE WEST & KALAMATH STREET NORTH,1,3,0,0,1,1,,0,35,0,0,0,0,0,4,2,1
,2019-50082,39.74481,-104.983569,5/29/2019 17:46,17:46,12,0,0,18TH AVENUE EAST & GRANT STREET NORTH,1,1,0,0,1,1,,0,,0,0,0,0,0,4,2,13
,2019-50083,39.743478,-104.912811,2/28/2019 12:29,12:29,3,0,0,17TH AVENUE EAST & MONACO STREET NORTH,1,1,0,0,1,1,,0,35,0,0,0,0,0,4,2,13
,2019-50084,39.743775,-104.9453505,9/16/2019 17:22,17:22,1,0,1,17TH AVENUE EAST & MONROE STREET NORTH,1,1,0,0,1,1,,0,30,0,0,0,0,1,4,2,1
,2019-50085,39.743946,-105.037011,8/27/2019 14:49,14:49,3,0,0,17TH AVENUE WEST & NEWTON STREET NORTH,1,1,0,0,1,1,,0,30,0,0,0,0,0,4,2,8
,2019-50086,39.743244,-104.974821,4/21/2019 3:30,3:30,3,0,0,17TH AVENUE EAST & OGDEN STREET NORTH,1,3,0,0,1,1,,0,30,0,0,0,0,0,4,2,13
,2019-50087,39.743244,-104.974821,6/4/2019 8:15,8:15,6,0,0,17TH AVENUE EAST & OGDEN STREET NORTH,1,1,0,0,1,5,,0,25,0,0,0,0,0,4,2,13
,2019-50088,39.743244,-104.974821,7/13/2019 19:23,19:23,3,0,0,17TH AVENUE EAST & OGDEN STREET NORTH,2,1,0,1,1,1,,0,30,0,0,0,0,0,4,2,13
,2019-50089,39.7258335,-104.8920795,7/4/2019 23:27,23:27,5,0,1,SIXTH AVENUE EAST  & UINTA WAY NORTH,1,3,0,0,3,6,,0,30,0,0,0,0,1,4,1,6
,2019-50090,39.743757,-104.90814,4/18/2019 17:33,17:33,3,0,1,17TH AVENUE EAST & ONEIDA STREET NORTH,1,1,0,0,1,1,,0,25,0,0,0,0,1,4,2,5
,2019-50091,39.743757,-104.90814,8/26/2019 17:48,17:48,3,0,3,17TH AVENUE EAST & ONEIDA STREET NORTH,1,1,0,0,1,1,,0,25,0,0,0,0,1,4,2,1
,2019-50092,39.743235,-104.9726475,4/26/2019 9:56,9:56,10,0,0,17TH AVENUE EAST & PARK AVENUE,1,1,0,0,1,1,,0,30,0,0,0,0,0,4,2,14
,2019-50093,39.743235,-104.9726475,11/28/2019 10:55,10:55,3,0,0,17TH AVENUE EAST & PARK AVENUE WEST,2,1,0,0,1,1,,0,30,0,0,0,0,0,4,2,13
,2019-50094,39.743271,-104.979888,9/13/2019 20:03,20:03,3,0,0,17TH AVENUE EAST & PEARL STREET NORTH,1,2,0,0,1,1,,0,35,0,0,0,0,0,4,2,13
,2019-50095,39.743271,-104.979888,9/19/2019 7:30,7:30,3,0,3,17TH AVENUE EAST & PEARL STREET NORTH,1,1,0,0,1,1,,0,20,0,0,0,0,2,4,2,8
,2019-50096,39.769281,-105.015861,12/7/2019 8:45,8:45,12,0,0,38TH AVENUE WEST & ZUNI STREET NORTH,1,1,0,0,1,1,,0,,0,0,0,0,0,4,2,13
,2019-50097,39.743964,-105.0393195,2/25/2019 19:45,19:45,12,0,0,17TH AVENUE WEST & PERRY STREET NORTH,1,4,0,0,1,1,,0,30,0,0,0,0,0,4,2,13
,2019-50098,39.743964,-105.0393195,10/23/2019 7:31,7:31,1,0,2,17TH AVENUE WEST & PERRY STREET NORTH,1,1,1,0,1,1,,0,30,0,0,0,0,1,4,2,13
,2019-50099,39.743775,-104.9058,7/9/2019 15:40,15:40,10,0,0,17TH AVENUE EAST & PONTIAC STREET NORTH,1,1,0,0,1,1,,0,30,0,0,0,0,0,4,2,1
,2019-50100,39.743775,-104.9058,12/6/2019 21:38,21:38,10,0,0,17TH AVENUE EAST & PONTIAC STREET NORTH,1,3,0,0,5,1,,0,,0,0,0,0,0,4,2,13
,2019-50101,39.743784,-104.904621,10/31/2019 18:10,18:10,3,0,1,17TH AVENUE EAST & POPLAR STREET NORTH,8,2,0,0,1,1,,0,25,0,0,0,0,1,4,2,1
,2019-50102,39.743784,-104.903478,4/2/2019 16:59,16:59,1,0,0,17TH AVENUE EAST & QUEBEC STREET NORTH,1,1,0,0,1,1,,0,35,0,0,0,0,0,4,2,7
,2019-50103,39.743784,-104.903478,7/1/2019 20:39,20:39,1,0,0,17TH AVENUE EAST & QUEBEC STREET NORTH,1,3,0,0,1,1,,0,30,0,0,0,0,0,4,2,1
,2019-50104,39.743784,-104.903478,10/19/2019 21:45,21:45,1,0,0,17TH AVENUE EAST & QUEBEC STREET NORTH,1,3,0,0,1,1,,0,30,0,0,0,0,0,4,2,13