id,drcog_id,latitude,longitude,crashtime,time,crashtype,numbkilled,numbinjurd,drcoglocat,rdconditin,lightngcon,roadcntgrd,weatherco,location,roaddescrp,schoolzone,constrzone,splimit,bikeinv,sctrinv,pedinv,motoinv,svrty,rdsystem,ttlvehcls,hcf
,2019-50105,39.743784,-104.902263,2/12/2019 8:23,8:23,3,0,0,17TH AVENUE EAST & QUINCE STREET NORTH,1,1,0,0,1,1,,0,25,0,0,0,0,0,4,2,13
,2019-50106,39.743784,-104.902263,8/22/2019 7:30,7:30,12,0,0,17TH AVENUE EAST & QUINCE STREET NORTH,1,1,0,0,1,3,,0,25,0,0,0,0,0,4,2,13
,2019-50107,39.743199,-104.9634495,6/7/2019 18:11,18:11,3,0,0,17TH AVENUE EAST & RACE STREET NORTH,1,1,0,0,1,1,,0,30,0,0,0,0,0,4,3,5
,2019-50108,39.743793,-104.8999095,1/29/2019 8:40,8:40,3,0,0,17TH AVENUE EAST & ROSEMARY STREET NORTH,5,1,0,0,1,1,,0,25,0,0,0,0,0,4,2,13
,2019-50109,39.743793,-104.8999095,3/12/2019 15:34,15:34,12,0,0,17TH AVENUE EAST & ROSEMARY STREET NORTH,1,1,0,0,1,1,,0,,0,0,0,0,0,4,2,13
,2019-50110,39.74328,-104.9848425,11/18/2019 10:05,10:05,3,0,0,17TH AVENUE EAST & SHERMAN STREET NORTH,1,1,1,0,1,1,,0,30,0,0,0,0,0,4,2,3
,2019-50111,39.743793,-104.8975605,11/21/2019 7:38,7:38,3,0,0,17TH AVENUE EAST & SPRUCE STREET NORTH,2,2,0,1,1,1,,0,25,0,0,0,0,0,4,2,13
,2019-50112,39.746772,-104.9918085,10/31/2019 6:00,6:00,10,0,0,17TH STREET & STOUT STREET,4,3,0,0,1,1,,0,30,0,0,0,0,0,4,3,13
,2019-50113,39.743775,-104.8987485,9/28/2019 15:30,15:30,3,0,0,17TH AVENUE EAST & SYRACUSE STREET NORTH,1,1,0,0,1,1,,0,30,0,0,0,0,0,4,2,13
,2019-50114,39.743775,-104.8987485,10/12/2019 14:35,14:35,3,0,0,17TH AVENUE EAST & SYRACUSE STREET NORTH,1,1,0,0,1,1,,0,30,0,0,0,0,0,4,2,14
,2019-50115,39.743775,-104.8987485,10/15/2019 10:58,10:58,3,0,1,17TH AVENUE EAST & SYRACUSE STREET NORTH,1,1,0,0,1,1,,0,30,0,0,0,0,1,4,3,7
,2019-50116,39.73687681,-105.0046391,12/2/2019 9:15,9:15,10,0,0,7700 EAST & 13TH AVENUE,5,1,0,0,1,3,,0,30,0,0,0,0,0,4,2,8
,2019-50117,39.743775,-104.8987485,11/16/2019 8:00,8:00,3,0,0,17TH AVENUE EAST & SYRACUSE STREET NORTH,1,1,0,0,1,1,,0,35,0,0,0,0,0,4,2,7
,2019-50118,39.743775,-104.8987485,11/18/2019 17:40,17:40,1,0,0,17TH AVENUE EAST & SYRACUSE STREET NORTH,1,3,0,0,1,1,,0,30,0,0,0,0,0,4,2,1
,2019-50119,39.743784,-104.89518,9/6/2019 17:43,17:43,3,0,1,17TH AVENUE EAST & TAMARAC STREET NORTH,1,1,0,0,1,1,,0,25,0,0,0,0,1,4,2,1
,2019-50120,39.744081,-104.9882805,1/6/2019 2:05,2:05,3,0,1,17TH STREET & TREMONT PLACE,1,3,0,0,1,1,,0,30,0,0,0,0,1,4,2,5
,2019-50121,39.744081,-104.9882805,1/17/2019 13:50,13:50,3,0,1,17TH STREET & TREMONT PLACE,1,1,0,0,1,1,,0,30,0,0,0,0,1,4,2,8
,2019-50122,39.744081,-104.9882805,2/24/2019 2:30,2:30,3,0,0,17TH STREET & TREMONT PLACE,1,3,0,0,1,1,,0,25,0,0,0,0,0,4,2,1
,2019-50123,39.744081,-104.9882805,4/11/2019 15:55,15:55,15,0,0,17TH STREET & TREMONT PLACE,1,1,0,0,1,1,,0,30,0,0,0,0,0,4,2,13
,2019-50124,39.744081,-104.9882805,11/6/2019 14:02,14:02,15,0,0,17TH STREET & TREMONT PLACE,1,1,0,0,1,1,,0,25,0,0,0,0,0,4,2,14
,2019-50125,39.744081,-104.9882805,11/15/2019 9:14,9:14,15,0,0,17TH STREET & TREMONT PLACE,1,1,0,0,1,1,,0,25,0,0,0,0,0,4,2,13
,2019-50126,39.743784,-104.8963815,7/7/2019 17:59,17:59,3,0,0,17TH AVENUE EAST & TRENTON STREET NORTH,1,1,0,0,1,1,,0,30,0,0,0,0,0,4,2,7
,2019-50127,39.743784,-104.892849,11/28/2019 15:19,15:19,5,0,0,17TH AVENUE EAST & UINTA STREET NORTH / VALENTINE NORTH,5,2,0,0,3,5,,0,30,0,0,0,0,0,4,1,13
,2019-50128,39.743784,-104.89401,1/13/2019 5:12,5:12,3,0,0,17TH AVENUE EAST & ULSTER STREET NORTH,1,4,0,0,1,1,,0,25,0,0,0,0,0,4,2,14
,2019-50129,39.743784,-104.892849,10/10/2019 9:00,9:00,3,0,0,17TH AVENUE EAST & UNITA STREET NORTH,5,1,1,2,1,1,,0,25,0,0,0,0,0,4,3,7
,2019-50130,39.743199,-104.962239,4/2/2019 17:35,17:35,3,0,0,17TH AVENUE EAST & VINE STREET NORTH,1,1,0,0,1,1,,0,25,0,0,0,0,0,4,2,13
,2019-50131,39.743199,-104.962239,9/18/2019 16:41,16:41,3,0,0,17TH AVENUE EAST & VINE STREET NORTH,1,1,0,0,1,1,,0,30,0,0,0,0,0,4,2,13
,2019-50132,39.743271,-104.9787315,6/4/2019 7:40,7:40,3,0,0,17TH AVENUE EAST & WASHINGTON STREET NORTH,1,1,1,0,1,1,,0,30,0,0,0,0,0,4,2,14
,2019-50133,39.772152,-104.753502,7/5/2019 15:00,15:00,5,0,0,41ST AVENUE EAST & HIMALAYA ROAD NORTH,1,3,0,0,4,1,,0,25,0,0,0,0,0,4,1,14
,2019-50134,39.752163,-104.998842,5/8/2019 8:00,8:00,1,0,0,17TH STREET & WAZEE STREET,2,1,0,1,1,1,,0,25,0,0,0,0,0,4,2,13
,2019-50135,39.752163,-104.998842,8/18/2019 13:30,13:30,12,0,0,17TH STREET & WAZEE STREET,1,1,0,0,1,1,,0,30,0,0,0,0,0,4,2,3
,2019-50136,39.74544,-104.9900985,2/22/2019 5:42,5:42,10,0,0,17TH STREET & WELTON STREET,1,3,0,0,1,1,,0,25,0,0,0,1,0,4,2,13
,2019-50137,39.74544,-104.9900985,5/9/2019 8:01,8:01,3,0,0,17TH STREET & WELTON STREET,2,1,0,2,1,1,,0,25,0,0,0,0,0,4,2,14
,2019-50138,39.74544,-104.9900985,6/3/2019 8:00,8:00,3,0,0,17TH STREET & WELTON STREET,1,1,0,0,1,1,,0,25,0,0,0,0,0,4,2,13
,2019-50139,39.74544,-104.9900985,6/4/2019 15:15,15:15,10,0,0,17TH STREET & WELTON STREET,1,1,0,0,1,1,,0,30,0,0,0,0,0,4,2,8
,2019-50140,39.74544,-104.9900985,9/20/2019 23:04,23:04,3,0,0,17TH STREET & WELTON STREET,1,3,0,0,1,1,,0,30,0,0,0,0,0,4,2,1
,2019-50141,39.743235,-104.965992,10/25/2019 8:16,8:16,15,0,0,17TH AVENUE EAST & WILLIAMS STREET NORTH,1,1,0,0,1,1,,0,30,0,0,0,0,0,4,2,13
,2019-50142,39.743784,-104.88816,7/3/2019 14:05,14:05,3,0,0,17TH AVENUE EAST & WILLOW STREET NORTH,1,1,0,0,1,1,,0,25,0,0,0,0,0,4,2,1
,2019-50143,39.744828,-104.9708925,11/5/2019 13:45,13:45,10,0,0,18TH AVENUE EAST & LAFAYETTE STREET NORTH,1,1,0,0,1,3,,0,,0,0,0,0,0,4,2,13
,2019-50144,39.743802,-104.885802,10/18/2019 15:38,15:38,3,0,0,17TH AVENUE EAST & XENIA STREET NORTH,1,1,0,0,1,1,,0,25,0,0,0,0,0,4,2,1
,2019-50145,39.743253,-104.9598315,2/24/2019 22:05,22:05,12,0,1,17TH AVENUE EAST & YORK STREET NORTH,1,3,0,0,1,1,,0,30,0,0,0,0,1,4,2,5
,2019-50146,39.743253,-104.9598315,3/6/2019 22:30,22:30,12,0,0,17TH AVENUE EAST & YORK STREET NORTH,4,3,0,2,1,1,,0,30,0,0,0,0,0,4,2,13
,2019-50147,39.743253,-104.9598315,6/2/2019 11:16,11:16,12,0,0,17TH AVENUE EAST & YORK STREET NORTH,1,1,0,0,1,1,,0,30,0,0,0,0,0,4,2,3
,2019-50148,39.743253,-104.9598315,8/28/2019 19:53,19:53,3,0,0,17TH AVENUE EAST & YORK STREET NORTH,1,2,1,0,1,1,,0,30,0,0,0,0,0,4,2,13
,2019-50149,39.743253,-104.9598315,12/5/2019 11:55,11:55,12,0,0,17TH AVENUE EAST & YORK STREET NORTH,2,1,0,1,1,1,,0,30,0,0,0,0,0,4,2,13
,2019-50150,39.75716673,-105.0029026,10/9/2019 10:05,10:05,5,0,0,18TH STREET & 1700 BLOCK,1,1,0,0,3,3,,0,30,0,0,0,0,0,4,1,2
,2019-50151,39.75716673,-105.0029026,10/24/2019 10:00,10:00,12,0,0,18TH STREET & 1900 BLOCK,1,1,0,0,1,4,,0,30,0,0,0,0,0,4,2,12
,2019-50152,39.745026,-104.9091496,8/1/2019 8:19,8:19,15,0,0,18TH AVENUE EAST & 800 BLOCK EAST,1,1,0,0,1,4,,0,30,0,0,0,0,0,4,2,13
,2019-50153,39.75716673,-105.0029026,10/10/2019 8:50,8:50,12,0,0,18TH STREET & 900 BLOCK,4,1,0,2,1,3,,0,30,0,0,0,0,0,4,2,13
,2019-50155,39.749733,-104.993262,7/2/2019 17:46,17:46,10,0,0,18TH STREET & ARAPAHOE STREET,1,1,0,0,1,1,,0,30,0,0,0,0,0,4,2,13
,2019-50156,39.761118,-105.0080895,5/15/2019 9:20,9:20,3,0,0,18TH STREET & BOULDER STREET,1,1,0,0,1,1,,0,25,0,0,0,0,0,4,2,3
,2019-50157,39.745053,-104.9873895,1/9/2019 11:29,11:29,15,0,0,18TH STREET & BROADWAY NORTH,1,1,0,0,1,1,,0,30,0,0,0,0,0,4,2,14
,2019-50158,39.744855,-104.9873895,2/15/2019 11:26,11:26,15,0,0,18TH AVENUE EAST & BROADWAY STREET NORTH,1,1,0,0,1,1,,0,25,0,0,0,0,0,4,2,14
,2019-50159,39.745053,-104.9873895,4/3/2019 21:36,21:36,10,0,0,18TH STREET & BROADWAY STREET NORTH,1,3,0,0,1,1,,0,30,0,0,0,0,0,4,2,8
,2019-50160,39.744855,-104.9873895,4/25/2019 11:16,11:16,10,0,0,18TH AVENUE EAST & BROADWAY STREET NORTH,1,1,0,0,1,1,,0,30,0,0,0,0,0,4,2,13
,2019-50161,39.744855,-104.9873895,6/26/2019 12:46,12:46,15,0,0,18TH AVENUE EAST & BROADWAY STREET NORTH,1,1,0,0,1,4,,0,25,0,0,0,0,0,4,2,13
,2019-50162,39.744855,-104.9873895,9/4/2019 10:53,10:53,15,0,0,18TH AVENUE EAST & BROADWAY STREET NORTH,1,1,0,0,1,1,,0,35,0,0,0,0,0,4,2,13
,2019-50163,39.745053,-104.9873895,9/10/2019 15:20,15:20,15,0,0,18TH STREET & BROADWAY STREET NORTH,1,1,0,0,1,1,,0,25,0,0,0,0,0,4,2,13
,2019-50164,39.747015,-104.989761,10/3/2019 13:13,13:13,15,0,0,18TH STREET & CALFORNIA STREET,1,1,0,0,1,1,,0,30,0,0,0,0,0,4,2,13
,2019-50165,39.747024,-104.989761,2/2/2019 19:52,19:52,7,0,0,18TH STREET & CALIFORNIA STREET,1,3,0,0,1,1,,0,25,0,0,0,0,0,4,2,13
,2019-50166,39.748401,-104.9915115,6/11/2019 12:20,12:20,10,0,0,18TH STREET & CHAMPA STREET,1,1,0,0,1,1,,0,30,0,0,0,0,0,4,2,7
,2019-50167,39.748401,-104.9915115,6/15/2019 20:25,20:25,10,0,1,18TH STREET & CHAMPA STREET,1,2,0,0,1,1,,0,25,0,0,0,0,1,4,2,8
,2019-50168,39.744828,-104.9775615,1/30/2019 8:03,8:03,15,0,0,18TH AVENUE EAST & CLARKSON STREET NORTH,5,1,0,0,1,1,,0,30,0,0,0,0,0,4,2,14
,2019-50169,39.775212,-104.745942,8/9/2019 0:56,0:56,5,0,0,42ND AVENUE EAST & LISBON STREET,1,3,0,0,3,8,,0,25,0,0,0,0,0,4,1,3
,2019-50170,39.744828,-104.9775615,2/16/2019 5:51,5:51,3,0,0,18TH AVENUE EAST & CLARKSON COURT NORTH,1,3,0,0,1,1,,0,30,0,0,0,0,0,4,2,13
,2019-50171,39.744828,-104.9775615,11/27/2019 14:32,14:32,12,0,0,18TH AVENUE EAST & CLARKSON STREET NORTH,5,1,0,0,1,1,,0,,0,0,0,0,0,4,2,13
,2019-50172,39.749058,-104.992389,5/7/2019 12:25,12:25,12,0,0,18TH STREET & CURTIS STREET,2,1,0,1,1,1,,0,25,0,0,0,0,0,4,2,13
,2019-50173,39.72906,-104.9775795,8/7/2019 12:29,12:29,3,0,0,EIGHTH AVENUE EAST & CLARKSON STREET NORTH,1,1,0,0,1,1,,0,25,0,0,0,0,0,4,2,14
,2019-50174,39.744846,-104.973399,4/22/2019 17:45,17:45,3,0,0,18TH AVENUE EAST & DOWNING STREET NORTH,1,1,0,0,1,1,,0,25,0,0,0,0,0,4,2,8
,2019-50175,39.744846,-104.973399,5/18/2019 13:39,13:39,3,0,0,18TH AVENUE EAST & DOWNING STREET NORTH,1,1,0,0,1,1,,0,30,0,0,0,0,0,4,2,13
,2019-50176,39.744837,-104.976171,1/1/2019 10:00,10:00,10,0,0,18TH AVENUE EAST & EMERSON STREET NORTH,4,1,0,0,1,1,,0,30,0,0,0,0,0,4,2,7
,2019-50177,39.744837,-104.976171,9/24/2019 16:15,16:15,15,0,0,18TH AVENUE EAST & EMERSON STREET NORTH,1,1,0,0,1,4,,0,30,0,0,0,0,0,4,2,13
,2019-50178,39.744837,-104.976171,9/25/2019 15:50,15:50,10,0,0,18TH AVENUE EAST & EMERSON STREET NORTH,1,1,0,0,1,1,,0,35,0,0,0,0,0,4,2,8
,2019-50179,39.744837,-104.976171,11/11/2019 7:53,7:53,3,0,0,18TH AVENUE EAST & EMERSON STREET NORTH,4,2,0,2,1,1,,0,25,0,0,0,0,0,4,2,13
,2019-50180,39.744828,-104.968422,6/7/2019 9:58,9:58,10,0,0,18TH AVENUE EAST & FRANKLIN STREET NORTH,1,1,0,0,1,4,,0,30,0,0,0,0,0,4,2,14
,2019-50181,39.744828,-104.968422,9/28/2019 12:35,12:35,12,0,0,18TH AVENUE EAST & FRANKLIN STREET NORTH,1,1,0,0,1,1,,0,35,0,0,0,0,0,4,2,13
,2019-50182,39.744828,-104.9672205,1/29/2019 12:04,12:04,1,0,2,18TH AVENUE EAST & GILPIN STREET NORTH,2,1,0,0,1,1,,0,25,0,0,0,0,2,4,2,13
,2019-50183,39.744828,-104.9672205,4/2/2019 7:40,7:40,3,0,0,18TH AVENUE EAST & GILPIN STREET NORTH,1,1,0,0,1,1,,0,30,0,0,0,0,0,4,2,13
,2019-50184,39.744828,-104.9672205,6/20/2019 9:49,9:49,3,0,0,18TH AVENUE EAST & GILPIN STREET NORTH,1,1,0,0,1,1,,0,25,0,0,0,0,0,4,2,14
,2019-50185,39.74571,-104.9880105,4/27/2019 14:13,14:13,3,0,0,18TH STREET & GLENARM PLACE,1,1,0,0,1,1,,0,30,0,0,0,0,0,4,2,1
,2019-50186,39.74571,-104.9880105,12/12/2019 13:16,13:16,5,0,0,18TH STREET & GLENARM PLACE,1,1,0,0,3,1,,0,30,0,0,0,0,0,4,1,2
,2019-50187,39.74481,-104.983569,2/5/2019 12:45,12:45,3,0,1,18TH AVENUE EAST & GRANT STREET NORTH,1,1,0,0,1,1,,0,30,0,0,0,0,1,4,2,13
,2019-50188,39.744837,-104.964759,10/3/2019 10:00,10:00,10,0,0,18TH AVENUE EAST & HIGH STREET NORTH,1,1,0,0,1,1,,0,30,0,0,0,0,0,4,2,13
,2019-50189,39.744828,-104.9696505,11/6/2019 9:35,9:35,3,0,0,18TH AVENUE EAST & HUMBOLDT STREET NORTH,1,1,0,0,1,1,,0,25,0,0,0,0,0,4,2,14
,2019-50190,39.744828,-104.9708925,3/4/2019 14:43,14:43,15,0,0,18TH AVENUE EAST & LAFAYETTE STREET NORTH,2,1,0,0,1,1,,0,35,0,0,0,0,0,4,2,3
,2019-50191,39.744828,-104.9708925,7/22/2019 11:22,11:22,10,0,0,18TH AVENUE EAST & LAFAYETTE STREET NORTH,1,1,0,0,1,1,,0,25,0,0,0,0,0,4,2,13
,2019-50192,39.744828,-104.9708925,10/16/2019 11:30,11:30,10,0,0,18TH AVENUE EAST & LAFAYETTE STREET NORTH,1,1,0,0,1,1,,0,30,0,0,0,0,0,4,2,13
,2019-50193,39.751074,-104.9950215,6/17/2019 12:30,12:30,10,0,0,18TH STREET & LARIMER STREET,1,1,0,0,1,1,,0,30,0,0,0,0,0,4,2,8
,2019-50194,39.751074,-104.9950215,6/30/2019 22:40,22:40,15,0,0,18TH STREET & LARIMER STREET,1,3,0,0,1,1,,0,30,0,0,0,0,0,4,2,13
,2019-50195,39.751074,-104.9950215,8/16/2019 23:01,23:01,10,0,0,18TH STREET & LARIMER STREET,1,3,1,0,1,1,,0,30,0,0,0,0,0,4,2,13
,2019-50196,39.74481,-104.9861205,5/24/2019 22:56,22:56,3,0,0,18TH AVENUE EAST & LINCOLN STREET NORTH,1,3,0,0,1,1,,0,30,0,0,0,0,0,4,2,13
,2019-50197,39.74481,-104.9861205,5/25/2019 21:06,21:06,3,0,1,18TH AVENUE EAST & LINCOLN STREET NORTH,1,3,0,0,1,1,,0,30,0,0,0,0,1,4,3,13
,2019-50198,39.74481,-104.9861205,6/25/2019 11:55,11:55,3,0,0,18TH AVENUE EAST & LINCOLN STREET NORTH,1,1,1,0,1,1,,0,30,0,0,0,0,0,4,3,3
,2019-50199,39.74481,-104.9861205,8/12/2019 10:30,10:30,10,0,0,18TH AVENUE EAST & LINCOLN STREET NORTH,1,1,0,0,1,1,,0,30,0,0,0,0,0,4,2,8
,2019-50200,39.74481,-104.9861205,10/23/2019 19:56,19:56,3,0,0,18TH AVENUE EAST & LINCOLN STREET NORTH,4,3,1,2,1,1,,0,30,0,0,0,0,0,4,2,8
,2019-50201,39.833388,-104.771979,4/10/2019 22:10,22:10,12,0,0,PENA BOULEVARD & TOWER ROAD NORTH,4,3,0,2,1,4,,0,65,0,0,0,0,0,4,4,13
,2019-50202,39.744819,-104.972139,5/2/2019 11:16,11:16,10,0,0,18TH AVENUE EAST & MARION STREET NORTH,1,1,0,0,1,1,,0,30,0,0,0,0,0,4,2,8
,2019-50203,39.744819,-104.972139,5/30/2019 16:23,16:23,3,0,0,18TH AVENUE EAST & MARION STREET NORTH,1,1,0,0,1,1,,0,25,0,0,0,0,0,4,2,14
,2019-50204,39.744819,-104.972139,9/24/2019 7:05,7:05,15,0,0,18TH AVENUE EAST & MARION STREET NORTH,1,1,0,0,1,3,,0,30,0,0,0,0,0,4,2,5
,2019-50205,39.75174,-104.995872,2/7/2019 13:29,13:29,3,0,1,18TH STREET & MARKET STREET,4,1,0,0,1,1,,0,30,0,0,0,0,1,4,2,14
,2019-50206,39.745026,-104.9105025,11/4/2019 7:50,7:50,3,0,0,18TH AVENUE EAST & NIAGARA STREET NORTH,1,1,0,0,1,1,,0,25,0,0,0,0,0,4,2,7
,2019-50207,39.744846,-104.974803,3/20/2019 8:33,8:33,15,0,0,18TH AVENUE EAST & OGDEN STREET NORTH,1,1,0,0,1,1,,0,25,0,0,0,0,0,4,2,14
,2019-50208,39.744846,-104.974803,8/5/2019 21:34,21:34,10,0,0,18TH AVENUE EAST & OGDEN STREET NORTH,1,3,0,0,1,1,,0,30,0,0,0,0,0,4,2,13
,2019-50209,39.744846,-104.974803,3/2/2019 11:00,11:00,10,0,0,18TH AVENUE EAST & PARK AVENUE WEST,1,1,0,0,1,1,,0,25,0,0,0,0,0,4,2,13
,2019-50210,39.744846,-104.9747985,9/6/2019 13:03,13:03,15,0,0,18TH AVENUE EAST & PARK AVENUE,1,1,0,0,1,1,,0,25,0,0,0,0,0,4,2,14
,2019-50211,39.744846,-104.9747985,9/9/2019 15:40,15:40,10,0,0,18TH AVENUE EAST & PARK AVENUE,1,1,0,0,1,1,,0,30,0,0,0,0,0,4,2,13
,2019-50213,39.744846,-104.9747985,10/26/2019 2:30,2:30,1,0,0,18TH AVENUE EAST & PARK AVENUE,1,3,0,0,1,1,,0,35,0,0,0,0,0,4,2,13
,2019-50214,39.74481,-104.9799015,6/10/2019 9:35,9:35,10,0,0,18TH AVENUE EAST & PEARL STREET NORTH,1,1,0,0,1,1,,0,30,0,0,0,0,0,4,2,14
,2019-50215,39.74481,-104.9810715,6/4/2019 19:30,19:30,10,0,0,18TH AVENUE EAST & PENNSYLVANIA STREET NORTH,1,2,0,0,1,1,,0,35,0,0,0,0,0,4,2,8
,2019-50216,39.74481,-104.9810715,8/15/2019 11:53,11:53,3,0,1,18TH AVENUE EAST & PENNSYLVANIA STREET NORTH,1,1,0,0,1,1,,0,30,0,0,0,0,2,4,2,13
,2019-50217,39.744819,-104.9634585,11/22/2019 18:00,18:00,15,0,0,18TH AVENUE EAST & RACE STREET NORTH,1,3,0,0,1,1,,0,35,0,0,0,0,0,4,2,13
,2019-50218,39.74481,-104.9848695,6/27/2019 7:56,7:56,15,0,0,18TH AVENUE EAST & SHERMAN STREET NORTH,1,1,0,0,1,1,,0,30,0,0,0,0,0,4,2,13
,2019-50219,39.74481,-104.9848695,10/9/2019 11:51,11:51,3,0,0,18TH AVENUE EAST & SHERMAN STREET NORTH,1,1,0,0,1,1,,0,25,0,0,0,0,0,4,2,14
,2019-50220,39.747708,-104.9906115,1/3/2019 14:54,14:54,3,0,0,18TH STREET & STOUT STREET,1,1,0,0,1,1,,0,30,0,0,0,0,0,4,2,13
,2019-50221,39.744828,-104.9622435,6/22/2019 17:15,17:15,10,0,0,18TH AVENUE WEST & VINE STREET NORTH,2,1,0,1,1,1,,0,25,0,0,0,0,0,4,2,13
,2019-50222,39.746367,-104.988861,8/29/2019 14:10,14:10,10,0,0,18TH STREET & WELTON STREET,1,1,0,0,1,1,,0,25,0,0,0,0,0,4,2,13
,2019-50223,39.744783,-104.9598225,3/8/2019 19:00,19:00,12,0,1,18TH AVENUE EAST & YORK STREET NORTH,1,3,0,0,1,1,,0,30,0,0,0,0,1,4,2,13
,2019-50224,39.746106,-104.93892,6/2/2019 3:10,3:10,15,0,0,19TH AVENUE EAST & ALBION BELLAIRE NORTH,1,3,0,0,1,1,,0,35,0,0,0,0,0,4,2,2
,2019-50225,39.75066,-104.991984,8/4/2019 20:45,20:45,15,0,0,19TH STREET & ARAPHOE STREET,1,3,0,0,1,1,,0,30,0,0,0,0,0,4,2,3
,2019-50227,39.753333,-104.995521,5/30/2019 8:33,8:33,12,0,0,19TH STREET & BLAKE STREET,1,1,0,0,1,1,,0,25,0,0,0,0,0,4,2,14
,2019-50228,39.753333,-104.995521,9/16/2019 7:18,7:18,3,0,0,19TH STREET & BLAKE STREET,1,1,0,0,1,1,,0,25,0,0,0,0,0,4,2,13
,2019-50229,39.74697,-104.987412,8/23/2019 7:46,7:46,15,0,0,19TH STREET & BROADWAY STREET NORTH,1,1,0,0,1,1,,0,30,0,0,0,0,0,4,2,13
,2019-50230,39.747969,-104.9885415,9/6/2019 10:07,10:07,10,0,0,19TH STREET & CALIFORNIA STREET,1,1,0,0,1,1,,0,30,0,0,0,0,0,4,2,8
,2019-50231,39.746178,-104.9775795,3/2/2019 15:44,15:44,3,0,1,19TH AVENUE EAST & CLARKSON STREET NORTH,4,1,0,2,1,1,,0,30,0,0,0,0,1,4,2,7
,2019-50232,39.746178,-104.9775795,12/1/2019 13:05,13:05,1,0,1,19TH AVENUE EAST & CLARKSON STREET NORTH,11,1,0,0,1,1,,0,,0,0,0,0,2,4,2,13
,2019-50233,39.746106,-104.935473,2/20/2019 7:45,7:45,3,0,1,19TH AVENUE EAST & CLERMONT STREET NORTH,5,1,0,0,1,1,,0,25,0,0,0,0,1,4,2,7
,2019-50234,39.745944,-104.973381,4/24/2019 15:10,15:10,15,0,1,19TH AVENUE EAST & DOWNING STREET NORTH,1,1,0,0,1,1,,0,35,0,0,0,0,1,4,2,13
,2019-50235,39.746196,-104.9835825,4/9/2019 14:40,14:40,3,0,2,19TH AVENUE EAST & GRANT STREET NORTH,1,1,0,0,1,1,,0,30,0,0,0,0,1,4,2,13
,2019-50236,39.746196,-104.9835825,8/28/2019 11:15,11:15,3,0,0,19TH AVENUE EAST & GRANT STREET NORTH,1,1,0,0,1,1,,0,25,0,0,0,0,0,4,3,14
,2019-50237,39.746367,-105.029919,11/21/2019 16:01,16:01,3,0,0,19TH AVENUE WEST & IRVING STREET NORTH,2,1,0,2,1,1,,0,25,0,0,0,0,0,4,3,13
,2019-50238,39.75201,-104.993811,6/5/2019 8:00,8:00,15,0,0,19TH STREET & LARIMER STREET,1,1,0,0,1,1,,0,30,0,0,0,0,0,4,2,1
,2019-50239,39.75201,-104.993811,8/27/2019 8:17,8:17,3,0,0,19TH STREET & LARIMER STREET,1,1,0,0,1,1,,0,30,0,0,0,0,0,4,2,3
,2019-50240,39.746187,-104.9861025,5/15/2019 9:10,9:10,3,0,0,19TH AVENUE EAST & LINCOLN STREET NORTH,1,1,0,0,1,1,,0,30,0,0,0,0,0,4,2,13
,2019-50241,39.746187,-104.9861025,7/28/2019 22:45,22:45,12,0,0,19TH AVENUE EAST & LINCOLN STREET NORTH,1,3,0,0,1,1,,0,30,0,0,0,0,0,4,2,13
,2019-50242,39.746187,-104.9861025,11/6/2019 22:36,22:36,3,0,0,19TH AVENUE EAST & LINCOLN STREET NORTH,2,3,0,1,1,1,,0,25,0,0,0,0,0,4,2,13
,2019-50243,39.746187,-104.982318,4/11/2019 16:42,16:42,3,0,0,19TH AVENUE EAST & LOGAN STREET NORTH,1,1,0,0,1,1,,0,25,0,0,0,0,0,4,2,14
,2019-50244,39.746187,-104.982318,7/8/2019 13:49,13:49,3,0,0,19TH AVENUE EAST & LOGAN STREET NORTH,1,1,0,0,1,1,,0,25,0,0,0,0,0,4,2,14
,2019-50245,39.752676,-104.9946705,8/2/2019 23:30,23:30,15,0,0,19TH STREET & MARKET STREET,1,3,0,0,1,1,,0,25,0,0,0,0,0,4,2,7
,2019-50246,39.752676,-104.9946705,12/1/2019 2:03,2:03,3,0,0,19TH STREET & MARKET STREET,2,3,0,0,1,1,,0,30,0,0,0,0,0,4,2,13
,2019-50247,39.746187,-104.9799015,2/26/2019 8:09,8:09,3,0,0,19TH AVENUE EAST & PEARL STREET NORTH,2,1,0,0,1,1,,0,25,0,0,0,0,0,4,2,13
,2019-50248,39.746187,-104.9799015,8/27/2019 19:16,19:16,6,0,0,19TH AVENUE EAST & PEARL STREET NORTH,1,1,0,0,1,1,,0,30,0,0,0,0,0,4,3,2
,2019-50249,39.746196,-104.98482,10/25/2019 14:00,14:00,3,0,0,19TH AVENUE EAST & SHERMAN STREET NORTH,1,3,0,0,1,1,,0,,0,0,0,0,0,4,2,13