id,drcog_id,latitude,longitude,crashtime,time,crashtype,numbkilled,numbinjurd,drcoglocat,rdconditin,lightngcon,roadcntgrd,weatherco,location,roaddescrp,schoolzone,constrzone,splimit,bikeinv,sctrinv,pedinv,motoinv,svrty,rdsystem,ttlvehcls,hcf
,2019-50250,39.746187,-104.978718,5/6/2019 13:10,13:10,12,0,0,19TH AVENUE EAST & WASHINGTON STREET NORTH,1,1,0,0,1,1,,0,30,0,0,0,0,0,4,2,13
,2019-50251,39.754008,-104.996412,1/9/2019 8:17,8:17,15,0,0,19TH STREET & WAZEE STREET,1,1,0,0,1,1,,0,25,0,0,0,0,0,4,2,14
,2019-50252,39.754008,-104.996412,3/13/2019 7:00,7:00,15,0,0,19TH STREET & WAZEE STREET,2,1,0,1,1,1,,0,25,0,0,0,0,0,4,2,13
,2019-50253,39.75579,-104.998761,11/9/2019 19:27,19:27,6,0,0,19TH STREET & WEWATTA STREET,1,3,0,0,1,8,,0,10,0,0,0,0,0,4,2,13
,2019-50254,39.74562,-104.885811,5/21/2019 17:39,17:39,3,0,0,19TH AVENUE EAST & XENIA STREET NORTH,1,1,0,0,1,1,,0,25,0,0,0,0,0,4,2,7
,2019-50255,39.717819,-104.9485815,5/14/2019 6:31,6:31,3,0,1,FIRST AVENUE EAST & ADAMS STREET NORTH,1,1,0,0,1,1,,0,30,0,0,0,0,1,4,2,13
,2019-50256,39.717819,-104.9485815,11/14/2019 13:55,13:55,3,0,0,FIRST AVENUE EAST & ADAMS STREET NORTH,1,1,0,0,1,1,,0,10,0,0,0,0,0,4,2,13
,2019-50257,39.718341,-104.987502,3/30/2019 1:28,1:28,3,0,0,FIRST AVENUE EAST & BROADWAY STREET NORTH,2,3,0,2,1,1,,0,30,0,0,0,0,0,4,2,13
,2019-50258,39.718341,-104.987502,8/22/2019 6:30,6:30,3,0,2,FIRST AVENUE EAST & BROADWAY STREET NORTH,1,1,0,0,1,1,,0,25,0,0,0,0,1,4,2,14
,2019-50259,39.718728,-104.9732775,1/12/2019 12:24,12:24,3,0,0,FIRST AVENUE EAST & DOWNING STREET NORTH,2,1,0,0,1,1,,0,35,0,0,0,0,0,4,2,14
,2019-50260,39.718197,-104.955831,3/4/2019 7:48,7:48,1,0,0,FIRST AVENUE EAST & CLAYTON LANE NORTH,6,1,0,0,1,1,,0,30,0,0,0,0,0,4,2,13
,2019-50261,39.718197,-104.955831,5/14/2019 11:50,11:50,1,0,0,FIRST AVENUE EAST & CLAYTON LANE NORTH,1,1,0,0,1,1,,0,35,0,0,0,0,0,4,2,13
,2019-50262,39.718197,-104.955831,5/20/2019 15:15,15:15,12,0,0,FIRST AVENUE EAST & CLAYTON STREET NORTH,2,1,0,1,1,1,,0,25,0,0,0,0,0,4,2,3
,2019-50263,39.718197,-104.955831,6/10/2019 15:15,15:15,15,0,0,FIRST AVENUE EAST & CLAYTON LANE NORTH,1,1,0,0,1,1,,0,30,0,0,0,0,0,4,2,3
,2019-50264,39.718197,-104.955831,12/26/2019 15:30,15:30,3,0,1,FIRST AVENUE EAST & CLAYTON STREET NORTH,1,1,0,0,1,1,,0,30,0,0,0,0,1,4,3,3
,2019-50265,39.718449,-105.0227595,2/10/2019 13:43,13:43,3,0,2,FIRST AVENUE WEST & DECATUR STREET NORTH,6,1,0,0,1,1,,0,25,0,0,0,0,1,4,2,1
,2019-50266,39.718206,-104.9546205,5/14/2019 10:34,10:34,12,0,2,FIRST AVENUE EAST & DETROIT STREET NORTH,1,1,0,0,1,1,,0,30,0,0,0,0,1,4,3,12
,2019-50267,39.730509,-104.998671,4/28/2019 4:23,4:23,5,0,2,NINTH AVENUE WEST & SANTA FE DRIVE NORTH,1,3,0,0,2,1,,0,35,0,0,0,0,2,4,1,2
,2019-50268,39.718206,-104.9546205,6/17/2019 20:10,20:10,1,0,0,FIRST AVENUE EAST & DETROIT STREET NORTH,1,1,0,0,1,1,,0,30,0,0,0,0,0,4,2,13
,2019-50269,39.718206,-104.9546205,9/5/2019 17:46,17:46,1,0,1,FIRST AVENUE EAST & DETROIT STREET NORTH,1,1,0,0,1,1,,0,35,0,0,0,0,1,4,2,13
,2019-50270,39.718728,-104.9732775,2/28/2019 13:53,13:53,15,0,0,FIRST AVENUE EAST & DOWNING STREET NORTH,1,1,0,0,1,1,,0,30,0,0,0,0,0,4,2,14
,2019-50271,39.718332,-104.9769405,1/22/2019 7:15,7:15,3,0,0,FIRST AVENUE EAST & EMERSON STREET NORTH,5,1,0,0,1,1,,0,25,0,0,0,0,0,4,2,13
,2019-50272,39.718206,-104.9535495,7/18/2019 9:35,9:35,12,0,0,FIRST AVENUE EAST & FILLMORE STREET NORTH,1,1,0,0,1,1,,0,30,0,0,0,0,0,4,2,5
,2019-50273,39.718341,-104.9667795,3/18/2019 17:00,17:00,12,0,0,FIRST AVENUE EAST & GILPIN STREET NORTH,1,1,0,0,1,1,,0,30,0,0,0,0,0,4,2,12
,2019-50274,39.718341,-104.9667795,4/18/2019 17:40,17:40,12,0,0,FIRST AVENUE EAST & GILPIN STREET NORTH,1,1,0,0,1,1,,0,30,0,0,0,0,0,4,2,12
,2019-50275,39.718161,-105.026328,1/29/2019 8:14,8:14,3,0,2,FIRST AVENUE WEST & GROVE STREET NORTH,9,1,0,0,1,1,,0,35,0,0,0,0,1,4,2,1
,2019-50276,39.718161,-105.026328,7/14/2019 19:09,19:09,3,0,1,FIRST AVENUE WEST & GROVE STREET NORTH,1,1,0,0,1,1,,0,25,0,0,0,0,2,4,2,3
,2019-50277,39.71781,-104.941341,4/16/2019 7:55,7:55,1,0,1,FIRST AVENUE EAST & HARRISON STREET NORTH,1,1,0,0,1,1,,0,25,0,0,0,0,1,4,3,13
,2019-50278,39.71781,-104.941341,6/10/2019 16:40,16:40,15,0,0,FIRST AVENUE EAST & HARRISON STREET NORTH,1,1,0,0,1,1,,0,30,0,0,0,0,0,4,2,3
,2019-50279,39.71781,-104.941341,12/11/2019 17:01,17:01,3,0,0,FIRST AVENUE EAST & HARRISON STREET NORTH,1,3,1,0,1,1,,0,25,0,0,0,0,0,4,2,8
,2019-5028,39.707541,-105.00156,7/10/2019 12:50,12:50,3,0,0,VIRGINIA AVENUE WEST & LIPAN STREET SOUTH,1,1,0,0,1,1,,0,25,0,0,0,0,0,4,2,13
,2019-50280,39.718341,-104.969421,5/31/2019 9:00,9:00,12,0,1,FIRST AVENUE EAST & HUMBOLDT STREET NORTH,1,1,0,0,1,4,,0,30,0,0,0,1,1,4,2,12
,2019-50281,39.718341,-104.969421,9/10/2019 16:00,16:00,12,0,0,FIRST AVENUE EAST & HUMBOLDT STREET NORTH,1,1,0,0,1,1,,0,30,0,0,0,0,0,4,2,3
,2019-50282,39.71781,-104.9425605,10/24/2019 14:58,14:58,3,0,0,FIRST AVENUE EAST & JACKSON STREET NORTH,1,1,1,0,1,1,,0,25,0,0,0,0,0,4,2,1
,2019-50283,39.718341,-104.959098,9/13/2019 10:26,10:26,12,0,0,FIRST AVENUE EAST & JOSEPHINE STREET NORTH,1,1,0,0,1,3,,0,30,0,0,0,0,0,4,2,13
,2019-50284,39.718359,-104.986269,4/17/2019 14:00,14:00,1,0,0,FIRST AVENUE EAST & LINCOLN STREET NORTH,1,1,0,0,1,1,,0,25,0,0,0,0,0,4,2,13
,2019-50285,39.718359,-104.986269,7/20/2019 12:20,12:20,15,0,0,FIRST AVENUE EAST & LINCOLN STREET NORTH,1,1,0,0,1,1,,0,30,0,0,0,0,0,4,2,13
,2019-50286,39.718332,-104.9826015,2/12/2019 13:35,13:35,5,0,0,FIRST AVENUE EAST & LOGAN STREET NORTH,1,1,0,0,3,1,,0,25,0,0,0,0,0,4,1,13
,2019-50287,39.718368,-104.9717385,8/13/2019 14:00,14:00,15,0,1,FIRST AVENUE & MARION STREET NORTH,1,1,0,0,1,1,,0,30,0,0,0,0,1,4,2,13
,2019-50288,39.718026,-104.952222,2/9/2019 19:37,19:37,12,0,0,FIRST AVENUE EAST & MILWAUKEE STREET NORTH,1,3,0,0,1,3,,0,35,0,0,0,0,0,4,2,13
,2019-50289,39.718026,-104.952222,2/19/2019 18:45,18:45,15,0,0,FIRST AVENUE EAST & MILWAUKEE STREET NORTH,4,3,0,2,1,3,,0,30,0,0,0,0,0,4,2,13
,2019-50290,39.718026,-104.952222,6/19/2019 7:44,7:44,1,0,0,FIRST AVENUE EAST & MILWAUKEE STREET NORTH,1,1,0,0,1,1,,0,30,0,0,0,0,0,4,2,13
,2019-50291,39.718026,-104.952222,8/17/2019 18:18,18:18,15,0,0,FIRST AVENUE EAST & MILWAUKEE STREET NORTH,1,1,0,0,1,1,,0,30,0,0,0,0,0,4,2,1
,2019-50292,39.718026,-104.952222,10/11/2019 16:30,16:30,12,0,0,FIRST AVENUE EAST & MILWAUKEE STREET NORTH,1,1,0,0,1,3,,0,30,0,0,0,0,0,4,2,13
,2019-50293,39.718026,-104.952222,11/17/2019 15:36,15:36,15,0,0,FIRST AVENUE EAST & MILWAUKEE STREET NORTH,1,3,0,0,1,1,,0,30,0,0,0,0,0,4,2,13
,2019-50294,39.75760393,-104.9985579,11/5/2019 17:53,17:53,6,0,0,20TH STREET & 1200 BLOCK,1,3,0,0,1,4,,0,35,0,0,0,0,0,4,2,13
,2019-50295,39.718359,-104.909733,11/22/2019 11:51,11:51,12,0,1,FIRST AVENUE EAST & NEWPORT STREET NORTH,1,1,0,0,1,1,,0,30,0,0,0,0,1,4,2,13
,2019-50296,39.718134,-105.0373035,1/24/2019 7:50,7:50,3,0,0,FIRST AVENUE WEST & NEWTON STREET NORTH,4,1,0,2,1,1,,0,,0,0,0,0,0,4,3,13
,2019-50297,39.718134,-105.0384915,1/3/2019 18:05,18:05,12,0,0,FIRST AVENUE WEST & OSCEOLA STREET NORTH,1,3,0,0,1,1,,0,30,0,0,0,0,0,4,2,3
,2019-50298,39.775176,-104.7424725,5/11/2019 3:50,3:50,3,0,0,42ND AVENUE EAST & MALAYA STREET NORTH,1,2,0,0,1,1,,0,25,0,0,0,0,0,4,2,5
,2019-50299,39.718143,-105.0396885,9/23/2019 13:58,13:58,3,0,0,FIRST AVENUE WEST & PERRY STREET NORTH,1,1,0,0,1,1,,0,25,0,0,0,0,0,4,2,13
,2019-50300,39.718143,-105.040899,11/26/2019 0:50,0:50,3,0,1,FIRST AVENUE WEST & QUITMAN STREET NORTH,4,3,0,2,1,1,,0,30,0,0,0,0,1,4,2,13
,2019-50301,39.718413,-104.998581,9/13/2019 17:07,17:07,10,0,0,FIRST AVENUE WEST & SANTA FE DRIVE NORTH,1,1,0,0,1,1,,0,25,0,0,0,0,0,4,2,13
,2019-50302,39.718413,-104.998581,10/4/2019 15:41,15:41,3,0,0,FIRST AVENUE WEST & SANTA FE DRIVE NORTH,1,1,0,0,1,1,,0,25,0,0,0,0,0,4,2,13
,2019-50303,39.718413,-104.998581,10/24/2019 12:47,12:47,10,0,0,FIRST AVENUE WEST & SANTA FE DRIVE NORTH,1,1,0,0,1,1,,0,25,0,0,0,0,0,4,2,13
,2019-50304,39.717801,-104.950818,5/7/2019 8:15,8:15,15,0,0,FIRST AVENUE EAST & STEELE STREET NORTH,1,1,0,0,1,1,,0,30,0,0,0,0,0,4,2,13
,2019-50305,39.717801,-104.950818,7/15/2019 11:23,11:23,10,0,0,FIRST AVENUE EAST & STEELE STREET NORTH,1,1,0,0,1,1,,0,30,0,0,0,0,0,4,2,13
,2019-50306,39.717801,-104.950818,11/19/2019 15:00,15:00,15,0,0,FIRST AVENUE EAST & STEELE STREET NORTH,1,1,0,0,1,3,,0,25,0,0,0,0,0,4,2,8
,2019-50307,39.717801,-104.950818,12/5/2019 15:20,15:20,10,0,0,FIRST AVENUE EAST & STEELE STREET NORTH,2,1,0,1,1,3,,0,30,0,0,0,0,0,4,2,13
,2019-50308,39.717801,-104.950818,6/5/2019 6:10,6:10,12,0,0,FIRST AVENUE EAST & STELLE STREET NORTH,1,1,0,0,1,1,,0,30,0,0,0,0,0,4,2,1
,2019-50309,39.718188,-104.9593095,1/1/2019 2:50,2:50,12,0,0,FIRST AVENUE EAST & UNIVERSITY BOULEVARD NORTH,5,3,0,2,1,1,,0,35,0,0,0,0,0,4,2,13
,2019-50310,39.718188,-104.9593095,1/8/2019 8:12,8:12,12,0,0,FIRST AVENUE EAST & UNIVERSITY BOULEVARD NORTH,1,1,0,0,1,1,,0,30,0,0,0,0,0,4,2,14
,2019-50311,39.718188,-104.9593095,1/8/2019 20:45,20:45,12,0,0,FIRST AVENUE EAST & UNIVERSITY BOULEVARD NORTH,1,3,0,0,1,1,,0,25,0,0,0,0,0,4,3,5
,2019-50312,39.718188,-104.9593095,2/18/2019 13:55,13:55,12,0,0,FIRST AVENUE EAST & UNIVERSITY BOULEVARD NORTH,1,1,0,0,1,1,,0,30,0,0,0,0,0,4,2,3
,2019-50313,39.718188,-104.9593095,5/8/2019 8:19,8:19,12,0,0,FIRST AVENUE EAST & UNIVERSITY BOULEVARD NORTH,2,1,0,1,1,3,,0,30,0,0,0,0,0,4,2,1
,2019-50314,39.718188,-104.9593095,7/20/2019 18:34,18:34,3,0,0,FIRST AVENUE EAST & UNIVERSITY BOULEVARD NORTH,2,1,0,1,1,1,,0,35,0,0,0,0,0,4,2,13
,2019-50315,39.71835,-104.962041,6/17/2019 16:55,16:55,12,0,0,FIRST AVENUE EAST & VINE STREET NORTH,2,1,0,1,1,1,,0,30,0,0,0,0,0,4,2,3
,2019-50316,39.718188,-105.048162,5/28/2019 10:40,10:40,12,0,0,FIRST AVENUE WEST & WOLFF STREET NORTH,1,1,0,0,1,1,,0,30,0,0,0,0,0,4,2,7
,2019-50317,39.75760393,-104.9985579,5/4/2019 12:50,12:50,15,0,2,20TH STREET & 2000 BLOCK,1,1,1,0,1,4,,0,30,0,0,0,0,2,4,3,1
,2019-50318,39.754323,-104.99427,5/18/2019 23:28,23:28,15,0,0,20TH STREET & BLAKE STREET,1,3,0,0,1,1,,0,25,0,0,0,0,0,4,2,13
,2019-50319,39.754323,-104.99427,9/6/2019 14:58,14:58,3,0,0,20TH STREET & BLAKE STREET,1,1,0,0,1,1,,0,30,0,0,0,0,0,4,2,13
,2019-50320,39.748896,-104.9874525,1/25/2019 16:04,16:04,3,0,1,20TH STREET & BROADWAY STREET NORTH,5,1,0,0,1,1,,0,30,0,0,0,0,1,4,2,8
,2019-50321,39.748896,-104.9874525,2/12/2019 15:00,15:00,10,0,0,20TH STREET & BROADWAY STREET NORTH,1,1,0,0,1,1,,0,30,0,0,0,0,0,4,2,13
,2019-50322,39.748896,-104.9874525,2/26/2019 11:30,11:30,10,0,0,20TH STREET & BROADWAY STREET NORTH,1,1,0,0,1,1,,0,30,0,0,0,0,0,4,2,3
,2019-50323,39.748896,-104.9874525,5/11/2019 20:43,20:43,3,0,0,20TH STREET & BROADWAY STREET NORTH,1,3,0,0,1,1,,0,30,0,0,0,0,0,4,2,13
,2019-50324,39.748887,-104.987448,5/22/2019 14:35,14:35,10,0,0,20TH STREET & BROADWAY NORTH,1,1,0,0,1,1,,0,30,0,0,0,0,0,4,2,8
,2019-50325,39.748896,-104.9874525,6/1/2019 1:30,1:30,15,0,0,20TH STREET & BROADWAY STREET NORTH,1,3,0,0,1,1,,0,30,0,0,0,0,0,4,2,5
,2019-50326,39.748896,-104.9874525,6/18/2019 12:51,12:51,15,0,0,20TH STREET & BROADWAY STREET NORTH,1,1,0,0,1,1,,0,25,0,0,0,0,0,4,2,14
,2019-50327,39.748896,-104.9874525,9/24/2019 11:21,11:21,12,0,0,20TH STREET & BROADWAY STREET NORTH,1,1,0,0,1,1,,0,35,0,0,0,0,0,4,2,13
,2019-50328,39.748896,-104.9874525,9/28/2019 21:26,21:26,15,0,0,20TH STREET & BROADWAY STREET NORTH,1,3,0,0,1,1,,0,30,0,0,0,0,0,4,2,13
,2019-50329,39.748896,-104.9874525,10/4/2019 6:34,6:34,10,0,0,20TH STREET & BROADWAY STREET NORTH,1,1,0,0,1,1,,0,30,0,0,0,0,0,4,2,8
,2019-50330,39.748896,-104.9874525,10/7/2019 17:23,17:23,10,0,0,20TH STREET & BROADWAY STREET NORTH,1,1,0,0,1,1,,0,30,0,0,0,0,0,4,2,8
,2019-50331,39.748887,-104.9874525,4/4/2019 18:13,18:13,12,0,0,20TH STREET & CALIFORNIA STREET,1,1,0,0,1,1,,0,,0,0,0,0,0,4,2,13
,2019-50332,39.784698,-105.0239385,5/17/2019 22:35,22:35,5,0,1,48TH AVENUE WEST & ELIOT STREET NORTH,2,3,0,0,1,1,,0,30,0,0,0,0,1,4,1,7
,2019-50333,39.757662,-104.9986305,3/31/2019 1:50,1:50,12,0,1,20TH STREET & CHESTNUT STREET,1,3,1,0,1,1,,0,30,0,0,0,0,1,4,2,5
,2019-50334,39.757662,-104.9986305,5/7/2019 16:03,16:03,12,0,0,20TH STREET & CHESTNUT PLACE,2,1,1,1,1,1,,0,30,0,0,0,0,0,4,2,13
,2019-50335,39.757662,-104.9986305,5/10/2019 18:18,18:18,1,0,1,20TH STREET & CHESTNUT PLACE,1,1,1,0,1,1,,0,30,0,0,0,0,1,4,2,1
,2019-50336,39.757662,-104.9986305,5/13/2019 12:40,12:40,12,0,0,20TH STREET & CHESTNUT PLACE,1,1,0,0,1,1,,0,30,0,0,0,0,0,4,2,13
,2019-50337,39.757662,-104.9986305,5/15/2019 17:56,17:56,12,0,0,20TH STREET & CHESTNUT PLACE,1,1,0,0,1,1,,0,30,0,0,0,0,0,4,2,8
,2019-50338,39.757662,-104.9986305,12/26/2019 13:01,13:01,12,0,1,20TH STREET & CHESTNUT PLACE,1,1,0,0,1,4,,0,25,0,0,0,0,1,4,2,14
,2019-50339,39.74751,-104.977557,2/15/2019 12:40,12:40,3,0,0,20TH AVENUE EAST & CLARKSON COURT NORTH,1,1,0,0,1,1,,0,30,0,0,0,0,0,4,2,13
,2019-50340,39.752946,-104.9926095,3/7/2019 7:35,7:35,3,0,1,20TH STREET & LARIMER STREET,2,1,0,0,1,1,,0,25,0,0,0,0,2,4,2,13
,2019-50341,39.752946,-104.9926095,4/21/2019 17:46,17:46,10,0,1,20TH STREET & LARIMER STREET,1,1,0,0,1,1,,0,30,0,0,0,0,1,4,2,13
,2019-50342,39.752271,-104.991804,1/22/2019 8:40,8:40,15,0,0,20TH STREET & LAWRENCE STREET,5,1,0,0,1,1,,0,,0,0,0,0,0,4,3,13
,2019-50343,39.752271,-104.991804,1/22/2019 9:20,9:20,12,0,0,20TH STREET & LAWRENCE STREET,5,1,0,0,1,1,,0,30,0,0,0,0,0,4,2,13
,2019-50344,39.752271,-104.991804,11/22/2019 7:13,7:13,3,0,0,20TH STREET & LAWRENCE STREET,4,1,0,2,1,1,,0,30,0,0,0,0,0,4,2,13
,2019-50345,39.747942,-104.9861295,9/30/2019 15:40,15:40,15,0,0,20TH STREET & LINCOLN STREET NORTH,1,1,1,0,1,1,,0,30,0,0,0,0,0,4,2,13
,2019-50346,39.747942,-104.9861295,10/7/2019 15:40,15:40,3,0,0,20TH STREET & LINCOLN STREET NORTH,1,1,1,0,1,1,,0,30,0,0,0,0,0,4,2,13
,2019-50347,39.759588,-105.0017805,1/2/2019 9:00,9:00,3,0,0,20TH STREET & LITTLE RAVEN STREET,2,1,0,0,1,1,,0,30,0,0,0,0,0,4,2,14
,2019-50348,39.759588,-105.0017805,6/10/2019 15:35,15:35,12,0,0,20TH STREET & LITTLE RAVEN STREET,1,1,1,0,1,1,,0,30,0,0,0,0,0,4,2,3
,2019-50349,39.759588,-105.0017805,6/15/2019 13:04,13:04,12,0,0,20TH STREET & LITTLE RAVEN STREET,1,1,1,0,1,1,,0,30,0,0,0,1,0,4,2,3
,2019-50350,39.759588,-105.0017805,10/30/2019 9:40,9:40,3,0,0,20TH STREET & LITTLE RAVEN STREET,4,1,1,0,1,1,,0,35,0,0,0,0,0,4,2,7
,2019-50351,39.753612,-104.993451,3/8/2019 18:10,18:10,3,0,0,20TH STREET & MARKET STREET,2,2,0,1,1,1,,0,35,0,0,0,0,0,4,2,13
,2019-50352,39.753612,-104.993451,5/22/2019 17:19,17:19,1,0,1,20TH STREET & MARKET STREET,1,1,1,0,1,1,,0,30,0,0,0,0,1,4,2,8
,2019-50353,39.753612,-104.993451,11/15/2019 15:00,15:00,15,0,0,20TH STREET & MARKET STREET,1,1,0,0,1,1,,1,30,0,0,0,0,0,4,2,13
,2019-50354,39.749499,-104.8868505,12/15/2019 17:38,17:38,12,0,0,21ST AVENUE EAST & CENTRAL PARK BOULEVARD NORTH,1,3,0,0,1,1,,0,30,0,0,0,0,0,4,2,13
,2019-50355,39.751866,-104.988762,1/14/2019 7:49,7:49,3,0,0,21ST STREET & CURTIS STREET,1,1,0,0,1,1,,0,25,0,0,0,0,0,4,2,1
,2019-50356,39.751866,-104.988762,4/19/2019 15:31,15:31,3,0,0,21ST STREET & CURTIS STREET,1,1,0,0,1,1,,0,30,0,0,0,0,0,4,2,13
,2019-50357,39.753891,-104.99139,7/26/2019 23:55,23:55,3,0,0,21ST STREET & LARIMER STREET,1,3,1,0,1,1,,0,30,0,0,0,0,0,4,2,13
,2019-50358,39.754557,-104.992218,6/2/2019 14:47,14:47,12,0,0,21ST STREET & MARKET STREET,1,1,0,0,1,1,,0,35,0,0,0,0,0,4,2,14
,2019-50359,39.748617,-104.903451,3/4/2019 15:05,15:05,3,0,0,21ST AVENUE EAST & QUEBEC STREET NORTH,1,1,0,0,1,1,,0,25,0,0,0,0,0,4,2,7
,2019-50360,39.748617,-104.903451,10/17/2019 17:03,17:03,3,0,0,21ST AVENUE EAST & QUEBEC STREET NORTH,1,1,0,0,1,1,,0,30,0,0,0,0,0,4,2,1
,2019-50361,39.748203,-104.96223,10/15/2019 14:00,14:00,12,0,0,21ST AVENUE EAST & VINE STREET NORTH,1,1,0,0,1,1,,0,25,0,0,0,0,0,4,2,13
,2019-50362,39.749184,-104.9853105,5/29/2019 16:18,16:18,15,0,0,21ST STREET & WELTON STREET,1,1,1,0,1,4,,0,30,0,0,0,0,0,4,2,13
,2019-50363,39.757104,-104.996502,2/19/2019 17:55,17:55,3,0,0,21ST STREET & WEWATTA STREET,1,2,1,0,1,1,,0,30,0,0,0,0,0,4,2,14
,2019-50364,39.753423,-104.988402,7/11/2019 21:11,21:11,3,0,0,22ND STREET & ARAPAHOE STREET,1,2,0,0,1,1,,0,30,0,0,0,0,0,4,2,8
,2019-50365,39.752667,-104.98743,9/19/2019 8:00,8:00,15,0,0,22ND STREET & BROADWAY STREET NORTH,1,1,0,0,1,1,,0,30,0,0,0,0,0,4,2,13
,2019-50366,39.752667,-104.98743,10/3/2019 9:21,9:21,15,0,0,22ND STREET & BROADWAY STREET NORTH,1,1,0,0,1,1,,0,25,0,0,0,0,0,4,2,14
,2019-50367,39.752667,-104.98743,10/28/2019 12:17,12:17,12,0,0,22ND STREET & BROADWAY STREET NORTH,6,1,0,0,1,1,,0,30,0,0,0,0,0,4,2,7
,2019-50368,39.752667,-104.98743,11/6/2019 19:29,19:29,3,0,0,22ND STREET & BROADWAY STREET NORTH,2,3,1,1,1,1,,0,30,0,0,0,0,0,4,2,8
,2019-50369,39.752667,-104.98743,12/4/2019 9:59,9:59,1,0,0,22ND STREET & BROADWAY STREET NORTH,2,1,0,0,1,1,,0,25,0,0,0,0,0,4,2,14
,2019-50370,39.750759,-104.9849415,2/19/2019 17:05,17:05,3,0,0,22ND STREET & CALIFORNIA STREET,1,1,0,0,1,1,,0,30,0,0,0,0,0,4,2,8
,2019-50371,39.750759,-104.9849415,6/26/2019 16:38,16:38,3,0,0,22ND STREET & CALIFORNIA STREET,1,1,0,0,1,1,,0,25,0,0,0,0,0,4,2,13
,2019-50372,39.750759,-104.9849415,7/11/2019 18:16,18:16,3,0,1,22ND STREET & CALIFORNIA STREET,1,1,0,0,1,1,,0,30,0,0,0,0,1,4,2,14
,2019-50373,39.750759,-104.9849415,9/23/2019 0:50,0:50,3,0,1,22ND STREET & CALIFORNIA STREET,1,3,0,0,1,1,,0,30,0,0,0,0,1,4,2,13
,2019-50374,39.749463,-104.959791,12/6/2019 7:43,7:43,15,0,0,22ND AVENUE EAST & YORK STREET NORTH,5,1,0,0,1,4,,0,25,0,0,0,0,0,4,2,14
,2019-50376,39.750759,-104.9849415,9/28/2019 9:35,9:35,3,0,1,22ND STREET & CALIFORNIA STREET,1,1,0,0,1,1,,0,30,0,0,0,0,1,4,2,13
,2019-50377,39.752127,-104.9866605,8/3/2019 8:43,8:43,3,0,1,22ND STREET & CHAMPA STREET,1,1,0,0,1,1,,0,35,0,0,0,0,1,4,2,13
,2019-50378,39.752127,-104.9866605,9/19/2019 0:28,0:28,10,0,0,22ND STREET & CHAMPA STREET,1,3,0,0,1,1,,0,25,0,0,0,0,0,4,2,14
,2019-50379,39.74949,-104.9769495,4/9/2019 17:45,17:45,3,0,1,22ND AVENUE EAST & CLARKSON COURT NORTH,1,1,1,0,1,1,,0,25,0,0,0,0,2,4,2,13
,2019-50380,39.749472,-104.973381,9/19/2019 0:17,0:17,15,0,0,22ND AVENUE EAST & DOWNING STREET NORTH,1,3,1,0,1,1,,0,30,0,0,0,0,0,4,2,13
,2019-50381,39.749463,-104.968431,11/4/2019 18:33,18:33,3,0,0,22ND AVENUE EAST & FRANKLIN STREET NORTH,2,3,0,0,1,1,,0,30,0,0,0,0,0,4,2,13
,2019-50382,39.749463,-104.9696325,6/24/2019 12:45,12:45,3,0,2,22ND AVENUE EAST & HUMBOLDT STREET NORTH,1,1,0,0,1,1,,0,25,0,0,0,0,1,4,2,14
,2019-50383,39.749994,-105.031521,6/7/2019 12:40,12:40,3,0,0,22ND AVENUE WEST & JULIAN STREET NORTH,2,1,0,1,1,1,,0,30,0,0,0,0,0,4,2,14
,2019-50384,39.754809,-104.9901885,6/2/2019 8:52,8:52,3,0,2,22ND STREET & LARIMER STREET,1,1,0,0,1,1,,0,30,0,0,0,0,1,4,2,3
,2019-50385,39.754809,-104.9901885,7/6/2019 13:16,13:16,3,0,0,22ND STREET & LARIMER STREET,1,1,0,0,1,1,,0,30,0,0,0,0,0,4,2,13
,2019-50386,39.75417,-104.9893335,2/7/2019 7:10,7:10,3,0,0,22ND STREET & LAWRENCE STREET,5,1,0,0,1,1,,0,30,0,0,0,0,0,4,2,13
,2019-50387,39.75417,-104.9893335,2/9/2019 20:36,20:36,3,0,0,22ND STREET & LAWRENCE STREET,1,3,0,0,1,1,,0,30,0,0,0,0,0,4,2,13
,2019-50388,39.75417,-104.9893335,4/13/2019 0:38,0:38,3,0,0,22ND STREET & LAWRENCE STREET,2,3,1,2,1,1,,0,35,0,0,0,0,0,4,2,1
,2019-50389,39.75417,-104.9893335,4/14/2019 10:50,10:50,3,0,0,22ND STREET & LAWRENCE STREET,1,1,0,0,1,1,,0,25,0,0,0,0,0,4,2,13
,2019-50390,39.75417,-104.9893335,5/8/2019 11:00,11:00,3,0,1,22ND STREET & LAWRENCE STREET,2,1,0,1,1,1,,0,30,0,0,0,0,1,4,2,13
,2019-50391,39.75417,-104.9893335,5/13/2019 13:06,13:06,3,0,0,22ND STREET & LAWRENCE STREET,1,1,0,0,1,1,,0,30,0,0,0,0,0,4,2,13