id,drcog_id,latitude,longitude,crashtime,time,crashtype,numbkilled,numbinjurd,drcoglocat,rdconditin,lightngcon,roadcntgrd,weatherco,location,roaddescrp,schoolzone,constrzone,splimit,bikeinv,sctrinv,pedinv,motoinv,svrty,rdsystem,ttlvehcls,hcf
,2019-50392,39.75417,-104.9893335,6/20/2019 13:14,13:14,3,0,0,22ND STREET & LAWRENCE STREET,1,1,0,0,1,1,,0,25,0,0,0,0,0,4,2,14
,2019-50393,39.755457,-104.991048,2/22/2019 22:25,22:25,12,0,0,22ND STREET & MARKET STREET,4,3,0,2,1,1,,0,35,0,0,0,0,0,4,2,13
,2019-50394,39.755457,-104.991048,6/3/2019 10:35,10:35,3,0,1,22ND STREET & MARKET STREET,1,1,0,0,1,1,,0,30,0,0,0,0,1,4,2,3
,2019-50395,39.755457,-104.991048,9/5/2019 9:02,9:02,12,0,0,22ND STREET & MARKET STREET,1,1,0,0,1,1,,0,25,0,0,0,0,0,4,2,14
,2019-50396,39.755457,-104.991048,10/6/2019 19:40,19:40,15,0,0,22ND STREET & MARKET STREET,1,3,0,0,1,1,,0,30,0,0,0,0,0,4,2,1
,2019-50397,39.749463,-104.974551,1/25/2019 15:05,15:05,3,0,6,22ND AVENUE EAST & OGDEN STREET NORTH,1,1,0,0,1,1,,0,30,0,0,0,0,1,4,2,1
,2019-50398,39.749814,-104.9034285,10/17/2019 8:21,8:21,12,0,0,22ND AVENUE EAST & QUEBEC STREET NORTH,1,1,0,0,1,1,,0,30,0,0,0,0,0,4,2,14
,2019-50399,39.75705,-104.9928885,3/6/2019 9:07,9:07,12,0,0,22ND STREET & WAZEE STREET,1,1,0,0,1,1,,0,35,0,0,0,0,0,4,2,13
,2019-50400,39.750138,-104.9841,3/21/2019 12:41,12:41,12,0,0,22ND STREET & WELTON STREET,1,1,0,7,1,4,,0,25,0,0,0,0,0,4,2,14
,2019-50401,39.7510155,-104.89824,4/23/2019 17:27,17:27,1,0,0,23RD AVENUE & 1700 EAST,1,1,0,0,1,5,,0,25,0,0,0,0,0,4,2,13
,2019-50402,39.751074,-104.9197228,12/27/2019 12:20,12:20,12,0,0,23RD AVENUE EAST & 2900 BLOCK,1,1,1,0,1,4,,0,30,0,0,0,0,0,4,2,1
,2019-50403,39.75127704,-105.0175945,5/13/2019 16:25,16:25,12,0,0,23RD AVENUE WEST & ALCOTT STREET NORTH,1,1,0,0,1,1,,0,35,0,0,0,0,0,4,2,1
,2019-50404,39.751038,-104.936121,3/18/2019 17:30,17:30,3,0,0,23RD AVENUE EAST & BIRCH STREET NORTH,1,1,0,0,1,1,,0,25,0,0,0,0,0,4,2,1
,2019-50405,39.749616,-104.8866795,6/30/2019 17:03,17:03,1,0,0,23RD AVENUE EAST & CENTRAL PARK BOULEVARD NORTH,2,1,0,1,1,3,,0,30,0,0,0,0,0,4,2,13
,2019-50406,39.749616,-104.8866795,10/17/2019 16:55,16:55,3,0,0,23RD AVENUE EAST & CENTRAL PARK BOULEVARD NORTH,1,1,0,0,1,1,,0,30,0,0,0,0,0,4,2,13
,2019-50407,39.749616,-104.8866795,10/21/2019 18:54,18:54,1,0,0,23RD AVENUE EAST & CENTRAL PARK BOULEVARD NORTH,1,3,0,0,1,1,,0,25,0,0,0,0,0,4,2,13
,2019-50408,39.749616,-104.8866795,12/6/2019 7:40,7:40,1,0,0,23RD AVENUE EAST & CENTRAL PARK BOULEVARD NORTH,5,1,0,0,1,1,,0,25,0,0,0,0,0,4,2,13
,2019-50409,39.751038,-104.933943,2/17/2019 16:20,16:20,3,0,1,23RD AVENUE EAST & CHERRY STREET NORTH,1,1,0,0,1,1,,0,35,0,0,0,0,2,4,2,7
,2019-50410,39.751038,-104.933943,2/28/2019 8:25,8:25,12,0,1,23RD AVENUE EAST & CHERRY STREET NORTH,1,1,0,0,1,1,,0,25,0,0,0,0,1,4,2,14
,2019-50411,39.751038,-104.933943,5/4/2019 17:04,17:04,3,0,0,23RD AVENUE EAST & CHERRY STREET NORTH,1,1,0,0,1,1,,0,25,0,0,0,0,0,4,2,3
,2019-50412,39.7512,-105.0205185,9/2/2019 16:48,16:48,3,0,0,23RD AVENUE WEST & CLAY STREET NORTH,1,1,1,0,1,1,,0,25,0,0,0,0,0,4,2,13
,2019-50413,39.751029,-104.935041,8/21/2019 17:15,17:15,12,0,0,23RD AVENUE EAST & CLERMONT STREET NORTH,2,1,0,0,1,1,,0,30,0,0,0,0,0,4,2,12
,2019-50414,39.750705,-104.968413,5/4/2019 8:46,8:46,1,0,0,23RD AVENUE EAST & FRANKLIN STREET NORTH,1,1,0,0,1,1,,0,30,0,0,0,0,0,4,2,13
,2019-50415,39.750705,-104.968413,10/14/2019 6:58,6:58,3,0,0,23RD AVENUE EAST & FRANKLIN STREET NORTH,1,2,0,0,1,1,,0,25,0,0,0,0,0,4,2,13
,2019-50416,39.7512,-105.0268095,8/11/2019 0:09,0:09,3,0,1,23RD AVENUE WEST & GROVE STREET NORTH,1,3,0,0,1,1,,0,30,0,0,0,0,1,4,2,14
,2019-50417,39.751218,-105.0299325,4/1/2019 11:11,11:11,15,0,0,23RD AVENUE WEST & IRVING STREET NORTH,1,1,1,0,1,1,,0,30,0,0,0,0,0,4,2,13
,2019-50418,39.751218,-105.0299325,9/25/2019 20:03,20:03,3,0,0,23RD AVENUE WEST & IRVING STREET NORTH,1,3,0,0,1,1,,0,25,0,0,0,0,0,4,2,13
,2019-50419,39.751074,-104.9175405,4/12/2019 7:40,7:40,3,0,0,23RD AVENUE EAST & KEARNEY STREET NORTH,1,1,0,0,1,1,,0,25,0,0,0,0,0,4,3,3
,2019-50420,39.750723,-104.9708925,6/28/2019 7:56,7:56,1,0,0,23RD AVENUE EAST & LAFAYETTE STREET NORTH,1,1,0,0,1,1,,0,30,0,0,0,0,0,4,2,13
,2019-50421,39.750723,-104.9708925,9/10/2019 16:43,16:43,3,0,0,23RD AVENUE EAST & LAFAYETTE STREET NORTH,1,1,0,0,1,1,,0,25,0,0,0,0,0,4,2,5
,2019-50422,39.750705,-104.9659425,7/12/2019 16:38,16:38,3,0,0,23RD AVENUE EAST & WILLIAMS STREET NORTH,1,1,0,0,1,1,,0,25,0,0,0,0,0,4,2,8
,2019-50423,39.750696,-104.9597685,9/8/2019 13:03,13:03,3,0,1,23RD AVENUE EAST & YORK STREET NORTH,1,1,0,0,1,1,,0,30,0,0,0,0,2,4,2,14
,2019-50424,39.757995,-104.9895405,2/20/2019 14:05,14:05,3,0,0,24TH STREET & BLAKE STREET,1,1,0,0,1,1,,0,30,0,0,0,0,0,4,2,13
,2019-50425,39.75642,-104.987421,3/11/2019 15:43,15:43,3,0,0,24TH STREET & BROADWAY STREET NORTH,1,1,0,0,1,1,,0,25,0,0,0,0,0,4,2,13
,2019-50426,39.75642,-104.987421,12/7/2019 16:10,16:10,3,0,0,24TH STREET & BROADWAY STREET NORTH,1,1,0,0,1,1,,0,30,0,0,0,0,0,4,2,13
,2019-50427,39.753999,-104.984289,10/13/2019 11:20,11:20,3,0,0,24TH STREET & CHAMPA STREET,1,1,0,0,1,1,,0,30,0,0,0,0,0,4,2,13
,2019-50428,39.753999,-104.984289,11/14/2019 10:34,10:34,3,0,1,24TH STREET & CHAMPA STREET,1,1,0,0,1,1,,0,30,0,0,0,0,1,4,2,13
,2019-50429,39.752424,-105.0268005,1/30/2019 7:47,7:47,1,0,0,24TH AVENUE WEST & GROVE STREET NORTH,5,1,0,0,1,1,,0,25,0,0,0,0,0,4,2,14
,2019-50430,39.752406,-105.0299415,8/11/2019 10:14,10:14,3,0,0,24TH AVENUE WEST & IRVING STREET NORTH,1,1,0,0,1,1,,0,25,0,0,0,0,0,4,2,1
,2019-50431,39.756681,-104.98779,5/7/2019 13:51,13:51,3,0,0,24TH WEST & LARIMER STREET,2,1,0,1,1,1,,0,25,0,0,0,0,0,4,2,14
,2019-50432,39.756681,-104.98779,7/29/2019 16:25,16:25,3,0,0,24TH STREET & LARIMER STREET,1,1,0,0,1,1,,0,25,0,0,0,0,0,4,2,13
,2019-50433,39.747852,-104.9956695,12/14/2019 17:53,17:53,12,0,0,ARAPAHOE STREET & 16TH STREET,1,3,0,0,1,1,,0,30,0,0,0,0,0,4,2,13
,2019-50434,39.756681,-104.98779,11/20/2019 17:17,17:17,3,0,0,24TH STREET & LARIMER STREET,2,2,0,1,1,1,,0,10,0,0,0,0,0,4,2,13
,2019-50435,39.751992,-104.974542,1/29/2019 9:15,9:15,3,0,0,24TH AVENUE EAST & OGDEN STREET NORTH,5,1,0,0,1,1,,0,25,0,0,0,0,0,4,2,7
,2019-50436,39.753306,-104.9834205,4/24/2019 7:59,7:59,15,0,0,24TH STREET & STOUT STREET,1,1,0,0,1,1,,0,25,0,0,0,0,0,4,2,14
,2019-50437,39.753306,-104.9834205,6/25/2019 17:12,17:12,3,0,2,24TH STREET & STOUT STREET,1,1,0,0,1,1,,0,25,0,0,0,0,1,4,2,14
,2019-50438,39.753306,-104.9834205,8/6/2019 20:10,20:10,3,0,0,24TH STREET & STOUT STREET,1,3,0,0,1,1,,0,30,0,0,0,0,0,4,2,7
,2019-50439,39.753306,-104.9834205,9/21/2019 21:09,21:09,3,0,2,24TH STREET & STOUT STREET,1,3,0,0,1,1,,0,25,0,0,0,0,1,4,2,8
,2019-50440,39.833388,-104.771979,12/15/2019 16:20,16:20,5,0,0,PENA BOULEVARD & TOWER ROAD NORTH,1,3,1,0,3,7,,0,55,0,0,0,0,0,4,1,12
,2019-50441,39.75400302,-104.8964864,7/31/2019 19:14,19:14,10,0,0,25TH AVENUE EAST & 1000 BLOCK EAST,1,2,0,0,1,5,,0,30,0,0,0,0,0,4,2,13
,2019-50442,39.754631,-104.9826586,10/3/2019 5:40,5:40,9,0,0,25TH AVENUE WEST & 3100 BLOCK WEST,1,4,0,0,1,4,,0,25,0,0,0,0,0,4,2,13
,2019-50443,39.753234,-104.9769405,1/6/2019 10:42,10:42,3,0,0,25TH AVENUE EAST & CLARKSON STREET,1,1,0,0,1,1,,0,25,0,0,0,0,0,4,2,13
,2019-50444,39.753594,-105.0204915,5/31/2019 10:35,10:35,3,0,0,25TH AVENUE WEST & CLAY STREET NORTH,1,1,0,0,1,1,,0,25,0,0,0,0,0,4,2,13
,2019-50445,39.753243,-104.975739,4/30/2019 11:12,11:12,3,0,1,25TH AVENUE EAST & EMERSON STREET NORTH,1,1,0,0,1,1,,0,25,0,0,0,0,1,4,2,1
,2019-50446,39.753243,-104.975739,6/1/2019 17:34,17:34,3,0,1,25TH AVENUE EAST & EMERSON STREET,1,1,0,0,1,1,,0,25,0,0,0,0,2,4,2,13
,2019-50447,39.753243,-104.975739,8/5/2019 14:50,14:50,3,0,0,25TH AVENUE EAST & EMERSON STREET NORTH,1,1,0,0,1,1,,0,30,0,0,0,0,0,4,2,13
,2019-50448,39.753243,-104.975739,12/19/2019 9:27,9:27,3,0,4,25TH AVENUE EAST & EMERSON STREET NORTH,1,1,0,0,1,1,,0,25,0,0,0,0,2,4,2,14
,2019-50449,39.753189,-104.9647095,9/6/2019 18:07,18:07,3,0,0,25TH AVENUE EAST & HIGH STREET NORTH,1,2,0,0,1,1,,0,25,0,0,0,0,0,4,2,8
,2019-50450,39.752874,-104.9175315,8/15/2019 7:53,7:53,13,0,1,25TH AVENUE EAST & KEARNEY STREET NORTH,1,1,0,0,1,1,,0,25,0,0,0,0,1,4,2,13
,2019-50451,39.753234,-104.97087,7/5/2019 8:20,8:20,3,0,0,25TH AVENUE EAST & LAFAYETTE STREET NORTH,1,1,0,0,1,1,,0,25,0,0,0,0,0,4,2,7
,2019-50452,39.754269,-104.9821785,6/1/2019 15:09,15:09,1,0,0,25TH STREET & STOUT STREET,1,1,0,0,1,1,,0,30,0,0,0,0,0,4,2,13
,2019-50454,39.752928,-104.9804685,10/10/2019 9:56,9:56,3,0,1,25TH STREET & WELTON STREET,4,1,0,2,1,1,,0,,0,0,0,0,1,4,2,1
,2019-50456,39.753216,-104.9598,12/4/2019 15:10,15:10,10,0,0,25TH AVENUE EAST & YORK STREET NORTH,9,1,0,0,1,1,,0,30,0,0,0,0,0,4,2,13
,2019-50457,39.75467489,-104.8948115,4/6/2019 3:50,3:50,6,0,0,26TH AVENUE & 1000 BLOCK,1,3,0,0,1,4,,0,30,0,0,0,0,0,4,4,14
,2019-50458,39.75652594,-104.9826852,8/15/2019 20:00,20:00,6,0,0,26TH STREET & 1000 BLOCK,1,3,0,0,1,4,,0,25,0,0,0,0,0,4,2,1
,2019-50459,39.757203,-104.9836005,5/1/2019 17:19,17:19,3,0,0,26TH STREET & ARAPAHOE STREET,1,1,0,0,1,1,,0,25,0,0,0,0,0,4,2,1
,2019-50460,39.757203,-104.9836005,5/22/2019 13:45,13:45,3,0,0,26TH STREET & ARAPAHOE STREET,1,1,0,0,1,1,,0,30,0,0,0,0,0,4,2,13
,2019-50461,39.757203,-104.9836005,10/1/2019 12:55,12:55,3,0,0,26TH STREET & ARAPAHOE STREET,1,1,0,0,1,1,,0,25,0,0,0,0,0,4,2,3
,2019-50462,39.754827,-105.0191685,8/7/2019 11:12,11:12,3,0,0,26TH AVENUE WEST & BRYANT STREET NORTH,1,1,0,0,1,1,,0,25,0,0,0,0,0,4,2,13
,2019-50463,39.754827,-105.0191685,10/13/2019 18:10,18:10,3,0,0,26TH AVENUE WEST & BRYANT STREET NORTH,1,1,0,0,1,1,,0,25,0,0,0,0,0,4,2,13
,2019-50464,39.754521,-104.980113,2/19/2019 15:56,15:56,3,0,0,26TH STREET & CALIFORNIA STREET,1,1,0,0,1,1,,0,30,0,0,0,0,0,4,2,13
,2019-50465,39.754521,-104.980113,5/9/2019 14:03,14:03,3,0,0,26TH STREET & CALIFORNIA STREET,1,1,0,0,1,1,,0,25,0,0,0,0,0,4,2,1
,2019-50466,39.754521,-104.980113,5/30/2019 14:01,14:01,3,0,0,26TH STREET & CALIFORNIA STREET,1,1,0,0,1,1,,0,30,0,0,0,0,0,4,2,8
,2019-50467,39.754818,-105.0205095,9/15/2019 10:06,10:06,1,0,0,26TH AVENUE WEST & CLAY STREET NORTH,1,1,1,0,1,1,,0,25,0,0,0,0,0,4,2,13
,2019-50468,39.77087,-104.9727042,1/1/2019 6:18,6:18,5,0,0,38TH STREET & 1700 BLOCK,5,4,1,0,2,4,,0,25,0,0,0,0,0,4,1,13
,2019-50469,39.754827,-105.022062,1/22/2019 7:50,7:50,6,0,0,26TH AVENUE WEST & DECATUR STREET NORTH,1,1,0,0,1,3,,0,25,0,0,0,0,0,4,2,14
,2019-50470,39.754836,-105.023601,1/29/2019 11:23,11:23,12,0,1,26TH AVENUE WEST & ELIOT STREET NORTH,2,1,0,0,1,1,,0,,0,0,0,0,1,4,2,13
,2019-50471,39.754458,-104.9610105,10/23/2019 17:13,17:13,3,0,0,26TH AVENUE EAST & GAYLORD STREET NORTH,2,2,0,2,1,1,,0,25,0,0,0,0,0,4,2,1
,2019-50472,39.754458,-104.9610105,11/11/2019 8:38,8:38,3,0,0,26TH AVENUE EAST & GAYLORD STREET NORTH,5,1,0,0,1,1,,0,25,0,0,0,0,0,4,2,3
,2019-50473,39.754764,-104.864562,5/21/2019 17:10,17:10,3,0,0,26TH AVENUE EAST & IOLA STREET NORTH,1,1,0,0,1,1,,0,30,0,0,0,0,0,4,2,7
,2019-50474,39.754827,-105.0299415,6/5/2019 14:41,14:41,3,0,0,26TH AVENUE WEST & IRVING STREET NORTH,1,1,0,0,1,1,,0,30,0,0,0,0,0,4,2,13
,2019-50475,39.757887,-104.984469,4/19/2019 18:12,18:12,3,0,0,26TH STREET & LAWRENCE STREET,1,1,0,0,1,1,,0,25,0,0,0,0,0,4,2,1
,2019-50476,39.757887,-104.984469,5/9/2019 15:55,15:55,3,0,0,26TH STREET & LAWRENCE STREET,1,1,0,0,1,1,,0,25,0,0,0,0,0,4,2,1
,2019-50477,39.75471,-104.9151735,3/20/2019 12:24,12:24,3,0,0,26TH AVENUE EAST & LEYDEN STREET NORTH,1,1,0,0,1,1,,0,35,0,0,0,0,0,4,2,13
,2019-50478,39.75471,-104.912829,7/20/2019 22:22,22:22,12,0,0,26TH AVENUE EAST & MONACO STREET NORTH,1,2,0,0,1,1,,0,35,0,0,0,0,0,4,2,5
,2019-50479,39.7867618,-104.8469792,10/25/2019 22:50,22:50,5,0,1,26TH AVENUE EAST & PEORIA STREET NORTH,1,3,0,0,4,1,,0,35,0,0,0,0,2,4,1,5
,2019-50480,39.754719,-104.9005395,3/8/2019 11:00,11:00,10,0,0,26TH AVENUE EAST & ROSLYN STREET NORTH,1,1,0,0,1,1,,0,30,0,0,0,0,0,4,2,8
,2019-50481,39.75444,-104.949909,2/12/2019 6:31,6:31,12,0,0,26TH AVENUE EAST & STEELE STREET NORTH,5,1,0,0,1,1,,0,25,0,0,0,0,0,4,2,13
,2019-50482,39.754458,-104.962221,10/3/2019 15:35,15:35,3,0,1,26TH AVENUE EAST & VINE STREET NORTH,1,1,0,0,1,1,,0,25,0,0,0,0,1,4,2,1
,2019-50483,39.759201,-104.9862105,1/3/2019 0:49,0:49,3,0,0,26TH STREET & WALNUT STREET,2,3,0,0,1,1,,0,30,0,0,0,0,0,4,2,13
,2019-50484,39.759201,-104.9862105,6/15/2019 16:01,16:01,3,0,0,26TH STREET & WALNUT STREET,1,1,0,0,1,1,,0,20,0,0,0,0,0,4,2,1
,2019-50485,39.754476,-104.9659515,10/17/2019 16:15,16:15,3,0,0,26TH AVENUE EAST & WILLIAMS STREET NORTH,1,1,0,0,1,1,,0,25,0,0,0,0,0,4,2,14
,2019-50486,39.754863,-105.0510105,7/16/2019 17:15,17:15,3,0,2,26TH AVENUE WEST & YATES STREET NORTH,1,1,0,0,1,1,,0,30,0,0,0,0,1,4,2,13
,2019-50487,39.754449,-104.9598,2/24/2019 14:25,14:25,3,0,0,26TH AVENUE EAST & YORK STREET NORTH,1,1,0,0,1,1,,0,30,0,0,0,0,0,4,3,13
,2019-50489,39.754449,-104.9598,7/7/2019 12:47,12:47,3,0,0,26TH AVENUE EAST & YORK STREET NORTH,1,1,0,0,1,1,,0,30,0,0,0,0,0,4,2,13
,2019-50490,39.754449,-104.9598,12/13/2019 12:44,12:44,3,0,1,26TH AVENUE EAST & YORK STREET NORTH,1,1,0,0,1,1,,0,30,0,0,0,0,2,4,2,13
,2019-50491,39.756033,-105.0229605,11/1/2019 9:53,9:53,6,0,0,27TH AVENUE WEST & 2300 BLOCK WEST,1,1,0,0,1,4,,0,25,0,0,0,0,0,4,2,7
,2019-50492,39.756807,-104.9806395,5/14/2019 22:50,22:50,12,0,1,27TH STREET & CHAMPA STREET,1,3,0,0,1,1,,0,25,0,0,0,0,1,4,4,13
,2019-50493,39.756024,-105.0205095,4/8/2019 13:10,13:10,3,0,0,27TH AVENUE WEST & CLAY STREET NORTH,1,1,0,0,1,1,,0,25,0,0,0,0,0,4,2,3
,2019-50494,39.756024,-105.0205095,8/20/2019 16:59,16:59,3,0,0,27TH AVENUE WEST & CLAY AVENUE NORTH,1,1,0,0,1,1,,0,25,0,0,0,0,0,4,2,13
,2019-50495,39.755718,-104.9610105,7/23/2019 11:25,11:25,3,0,0,27TH AVENUE EAST & GAYLORD STREET NORTH,1,1,0,0,1,1,,0,35,0,0,0,0,0,4,2,13
,2019-50496,39.758823,-104.983272,3/1/2019 18:41,18:41,3,0,0,27TH STREET & LAWRENCE STREET,1,3,0,0,1,1,,0,30,0,0,0,0,0,4,2,13
,2019-50497,39.756132,-104.979771,2/4/2019 12:02,12:02,3,0,1,27TH STREET & STOUT STREET,1,1,0,0,1,1,,0,30,0,0,0,0,2,4,2,13
,2019-50498,39.756132,-104.979771,6/21/2019 19:23,19:23,3,0,3,27TH STREET & STOUT STREET,2,3,0,1,1,1,,0,25,0,0,0,0,2,4,2,8
,2019-50499,39.756132,-104.979771,7/16/2019 11:28,11:28,3,0,2,27TH STREET & STOUT STREET,1,1,0,0,1,1,,0,25,0,0,0,0,1,4,2,1
,2019-50500,39.754782,-104.9780115,9/21/2019 20:30,20:30,10,0,0,27TH STREET & WELTON STREET,1,3,0,0,1,1,,0,25,0,0,0,0,0,4,2,8
,2019-50501,39.755709,-104.9598,7/29/2019 15:45,15:45,3,0,0,27TH AVENUE EAST & YORK STREET NORTH,1,1,1,0,1,1,,0,35,0,0,0,0,0,4,2,13
,2019-50502,39.75821851,-104.980067,4/5/2019 13:10,13:10,6,0,0,28TH STREET & 1131 BLOCK,1,1,0,0,1,4,,0,25,0,0,0,0,0,4,2,13
,2019-50503,39.75654116,-104.8697883,6/8/2019 21:25,21:25,6,0,0,28TH AVENUE & 5701 EAST,1,3,0,0,1,4,,0,,0,0,0,0,0,4,3,13
,2019-50504,39.759084,-104.9811795,9/4/2019 8:55,8:55,3,0,0,28TH STREET & ARAPAHOE STREET,1,1,0,0,1,1,,0,25,0,0,0,0,0,4,2,3
,2019-50505,39.756384,-104.977692,1/2/2019 10:45,10:45,3,0,1,28TH STREET & CALIFORNIA STREET,5,1,0,0,1,1,,0,25,0,0,0,0,1,4,2,7
,2019-50506,39.756384,-104.977692,10/1/2019 6:30,6:30,13,0,1,28TH STREET & CALIFORNIA STREET,1,3,0,0,1,1,,0,25,0,0,0,0,1,4,2,1
,2019-50507,39.755349,-104.976351,1/2/2019 12:09,12:09,3,0,1,28TH STREET & CLARKSON COURT NORTH,4,1,0,0,1,1,,0,15,0,0,0,1,1,4,2,13
,2019-50508,39.756519,-104.8645395,6/9/2019 14:14,14:14,3,0,0,28TH AVENUE EAST & IOLA STREET NORTH,1,1,0,0,1,1,,0,25,0,0,0,0,0,4,2,14
,2019-50509,39.75696,-104.958558,1/29/2019 16:50,16:50,10,0,0,28TH AVENUE EAST & JOSEPHINE STREET NORTH,5,1,0,0,1,1,,0,,0,0,0,0,0,4,2,13
,2019-50510,39.760425,-104.982948,6/7/2019 13:00,13:00,3,0,0,28TH STREET & LARIMER STREET,1,1,0,0,1,1,,0,30,0,0,0,0,0,4,2,13
,2019-50511,39.759759,-104.982048,1/29/2019 9:15,9:15,3,0,0,28TH STREET & LAWRENCE STREET,5,1,0,0,1,1,,0,25,0,0,0,0,0,4,2,13
,2019-50512,39.759759,-104.982048,8/19/2019 10:10,10:10,3,0,2,28TH STREET & LAWRENCE STREET,1,1,0,0,1,1,,0,30,0,0,0,0,1,4,3,13
,2019-50513,39.759759,-104.982048,9/14/2019 15:31,15:31,3,0,0,28TH STREET & LAWRENCE STREET,1,1,0,0,1,1,,0,25,0,0,0,0,0,4,2,13
,2019-50514,39.75696,-104.9499,4/6/2019 2:10,2:10,3,0,0,28TH AVENUE EAST & STEELE STREET NORTH,1,3,0,0,1,1,,0,30,0,0,0,0,0,4,2,5
,2019-50515,39.75696,-104.9659515,11/29/2019 0:19,0:19,5,0,0,28TH AVENUE EAST & WILLIAMS STREET NORTH,4,4,0,0,4,1,,0,35,0,0,0,0,0,4,1,5
,2019-50516,39.758247,-104.8726193,1/2/2019 12:54,12:54,6,0,0,29TH AVENUE & 1700 BLOCK EAST,5,1,0,0,1,4,,0,30,0,0,0,0,0,4,2,7
,2019-50517,39.758256,-104.960961,11/15/2019 8:19,8:19,3,0,2,29TH AVENUE EAST & GAYLORD STREET NORTH,1,1,0,0,1,1,,0,25,0,0,0,0,1,4,3,13
,2019-50518,39.758814,-104.86305,10/14/2019 7:40,7:40,3,0,1,29TH DRIVE EAST & HAVANA STREET NORTH,1,1,0,0,1,1,,0,35,0,0,0,0,2,4,2,13
,2019-50519,39.758814,-104.86305,11/28/2019 13:49,13:49,12,0,1,29TH DRIVE EAST & HAVANA STREET NORTH,4,1,0,0,1,3,,0,25,0,0,0,0,1,4,2,7
,2019-50520,39.761343,-104.9817285,1/5/2019 19:35,19:35,1,0,0,29TH STREET & LARIMER STREET,1,3,0,0,1,1,,0,30,0,0,0,0,0,4,2,13
,2019-50521,39.758517,-105.0346125,2/15/2019 13:59,13:59,3,0,0,29TH AVENUE WEST & LOWELL BOULEVARD NORTH,1,1,0,0,1,1,,0,30,0,0,0,0,0,4,2,3
,2019-50522,39.758517,-105.0346125,11/5/2019 16:35,16:35,1,0,0,29TH AVENUE WEST & LOWELL BOULEVARD NORTH,1,1,0,0,1,1,,0,30,0,0,0,0,0,4,2,14
,2019-50523,39.757986,-104.903451,4/13/2019 21:12,21:12,6,0,0,29TH AVENUE EAST & QUEBEC STREET NORTH,1,3,0,0,1,4,,0,15,0,0,0,0,0,4,2,13
,2019-50524,39.758247,-104.8726193,3/3/2019 13:04,13:04,3,0,0,29TH AVENUE EAST & STREET PAUL STREET NORTH,10,1,0,2,1,1,,0,25,0,0,0,0,0,4,2,13
,2019-50525,39.758391,-104.898978,10/27/2019 11:00,11:00,3,0,0,29TH PLACE EAST & SYRACUSE STREET NORTH,2,1,0,2,1,1,,0,30,0,0,0,0,0,4,2,13
,2019-50526,39.758364,-105.011802,2/11/2019 18:57,18:57,15,0,0,29TH AVENUE WEST & UMATILLA STREET NORTH,1,3,1,0,1,1,,0,25,0,0,0,0,0,4,2,1
,2019-50527,39.758247,-104.966001,1/22/2019 7:59,7:59,12,0,0,29TH AVENUE EAST & WILLIAMS STREET NORTH,5,1,0,0,1,1,,0,25,0,0,0,0,0,4,2,14
,2019-50528,39.75822,-104.959791,8/11/2019 14:52,14:52,1,0,0,29TH AVENUE EAST & YORK STREET NORTH,1,1,0,0,1,1,,0,25,0,0,0,0,0,4,2,14
,2019-50529,39.758409,-105.015879,3/31/2019 19:41,19:41,1,0,0,29TH AVENUE WEST & ZUNI STREET NORTH,1,3,0,0,1,1,,0,25,0,0,0,0,0,4,2,2
,2019-50530,39.758409,-105.015879,4/5/2019 11:10,11:10,3,0,0,29TH AVENUE WEST & ZUNI STREET NORTH,1,1,0,0,1,1,,0,35,0,0,0,0,0,4,2,14
,2019-50531,39.758409,-105.015879,9/13/2019 20:58,20:58,3,0,0,29TH AVENUE WEST & ZUNI STREET NORTH,1,3,0,0,1,1,,0,35,0,0,0,0,0,4,3,13
,2019-50532,39.754323,-104.99427,8/6/2019 11:10,11:10,1,0,2,BLAKE STREET & 20TH STREET,1,1,0,0,1,1,,0,30,0,0,0,0,2,4,2,13
,2019-50533,39.719349,-104.987502,5/6/2019 8:38,8:38,10,0,0,SECOND AVENUE EAST & BROADWAY STREET NORTH,1,1,0,0,1,1,,0,35,0,0,0,0,0,4,2,13
,2019-50534,39.72024,-105.018651,11/16/2019 23:40,23:40,5,0,0,SECOND AVENUE WEST & BRYANT STREET NORTH,1,3,0,0,3,3,,0,,0,0,0,0,0,4,1,13
,2019-50535,39.720249,-105.020424,6/20/2019 17:17,17:17,3,0,0,SECOND AVENUE WEST & CLAY STREET NORTH,1,1,1,0,1,1,,0,25,0,0,0,0,0,4,2,13
,2019-50536,39.719403,-104.955921,8/15/2019 15:11,15:11,3,0,0,SECOND AVENUE EAST & CLAYTON STREET NORTH,1,1,0,0,1,1,,0,20,0,0,0,0,0,4,2,13
,2019-50537,39.7193985,-104.955921,10/16/2019 17:45,17:45,12,0,0,SECOND AVENUE EAST & CLAYTON LANE SOUTH,1,1,0,0,1,3,,0,25,0,0,0,0,0,4,2,3
,2019-50538,39.720249,-105.022782,3/18/2019 2:18,2:18,3,0,0,SECOND AVENUE WEST & DECATUR STREET NORTH,1,4,0,0,1,1,,0,25,0,0,0,0,0,4,2,3