id,drcog_id,latitude,longitude,crashtime,time,crashtype,numbkilled,numbinjurd,drcoglocat,rdconditin,lightngcon,roadcntgrd,weatherco,location,roaddescrp,schoolzone,constrzone,splimit,bikeinv,sctrinv,pedinv,motoinv,svrty,rdsystem,ttlvehcls,hcf
,2019-50539,39.719403,-104.93046,9/24/2019 15:08,15:08,5,0,0,SECOND AVENUE EAST & EUDORA STREET NORTH,1,1,0,0,1,1,,0,30,0,0,0,0,0,4,1,13
,2019-50540,39.719403,-104.926932,10/10/2019 14:22,14:22,5,0,1,SECOND AVENUE EAST & FOREST STREET NORTH,6,1,1,0,3,1,,0,25,0,0,0,0,2,4,1,13
,2019-50541,39.719754,-105.0263505,11/14/2019 9:18,9:18,3,0,0,SECOND AVENUE WEST & GROVE STREET NORTH,1,1,0,0,1,1,,0,25,0,0,0,0,0,4,2,13
,2019-50542,39.719412,-104.9585715,1/29/2019 15:12,15:12,3,0,0,SECOND AVENUE 2300 EAST & JOSEPHINE STREET NORTH,1,1,0,0,1,2,,0,30,0,0,0,0,0,4,2,13
,2019-50543,39.719745,-105.0324705,4/15/2019 9:15,9:15,12,0,0,SECOND AVENUE WEST & KNOX COURT NORTH,1,1,0,0,1,3,,0,,0,0,0,0,0,4,2,13
,2019-50544,39.719745,-105.0324705,6/8/2019 11:57,11:57,3,0,0,SECOND AVENUE WEST & KNOX COURT NORTH,1,1,0,0,1,1,,0,30,0,0,0,0,0,4,2,13
,2019-50545,39.719745,-105.0324705,7/13/2019 18:37,18:37,3,0,2,SECOND AVENUE WEST & KNOX COURT NORTH,2,1,0,1,1,1,,0,35,0,0,0,0,1,4,2,13
,2019-50546,39.719394,-104.9461605,5/21/2019 9:15,9:15,3,0,0,SECOND AVENUE EAST & MADISON STREET NORTH,2,1,0,2,1,1,,0,25,0,0,0,0,0,4,2,13
,2019-50547,39.75894,-104.976162,8/18/2019 13:17,13:17,3,0,0,30TH STREET & STOUT STREET,1,1,0,0,1,1,,0,25,0,0,0,0,0,4,2,13
,2019-50548,39.719403,-104.94495,4/16/2019 13:30,13:30,3,0,0,SECOND AVENUE EAST & MONROE STREET SOUTH,1,1,0,0,1,1,,0,25,0,0,0,0,0,4,2,13
,2019-50549,39.720213,-104.903622,2/26/2019 11:04,11:04,1,0,0,SECOND AVENUE EAST & QUEBEC STREET NORTH,1,1,0,0,1,1,,0,35,0,0,0,0,0,4,2,13
,2019-50550,39.720213,-104.903622,6/28/2019 6:59,6:59,1,0,1,SECOND AVENUE EAST & QUEBEC STREET NORTH,1,1,0,0,1,1,,0,35,0,0,0,0,1,4,3,13
,2019-50551,39.72024,-105.012108,4/2/2019 9:50,9:50,5,0,0,SECOND AVENUE WEST & UMATILLA STREET NORTH,1,1,0,0,3,1,,0,30,0,0,0,0,0,4,1,1
,2019-50552,39.720393,-105.0497595,5/9/2019 10:10,10:10,1,0,0,SECOND AVENUE WEST & XAVIER STREET NORTH,2,1,1,2,1,1,,0,20,0,0,0,0,0,4,2,13
,2019-50553,39.76018246,-104.9223298,10/2/2019 1:32,1:32,6,0,0,30TH AVENUE EAST & 1300 BLOCK EAST,2,3,0,1,1,4,,0,25,0,0,0,0,0,4,3,13
,2019-50554,39.760056,-105.051735,11/10/2019 7:30,7:30,6,0,0,30TH AVENUE WEST & 5020 WEST 30TH AVENUE,1,1,0,0,1,4,,0,25,0,0,0,0,0,4,2,13
,2019-50555,39.760929,-104.9787585,6/11/2019 14:47,14:47,3,0,0,30TH STREET & ARAPAHOE STREET,1,1,0,0,1,1,,0,25,0,0,0,0,0,4,2,1
,2019-50556,39.758274,-104.975262,10/25/2019 20:06,20:06,12,0,0,30TH STREET & CALIFORNIA STREET,1,3,0,0,1,1,,0,30,0,0,0,0,0,4,2,13
,2019-50557,39.759615,-104.9770125,6/7/2019 9:16,9:16,3,0,0,30TH STREET & CHAMPA STREET,1,1,0,0,1,1,,0,30,0,0,0,0,0,4,2,13
,2019-50558,39.759498,-104.973372,10/6/2019 11:15,11:15,1,0,1,30TH AVENUE EAST & DOWNING STREET NORTH,1,1,0,0,1,1,,0,30,0,0,0,0,1,4,2,13
,2019-50559,39.760173,-104.93055,2/8/2019 8:25,8:25,3,0,2,30TH AVENUE EAST & EUDORA STREET NORTH,5,1,0,7,1,1,,0,25,0,0,0,1,2,4,2,13
,2019-50560,39.760299,-105.0416685,5/27/2019 9:00,9:00,3,0,0,30TH AVENUE WEST & RALEIGH STREET NORTH,1,1,0,0,1,1,,0,30,0,0,0,0,0,4,2,14
,2019-50561,39.75894,-104.976162,3/16/2019 11:00,11:00,3,0,0,30TH STREET & STOUT STREET,1,1,0,0,1,1,,0,25,0,0,0,0,0,4,2,3
,2019-50562,39.75894,-104.976162,6/2/2019 14:42,14:42,3,0,0,30TH STREET & STOUT STREET,1,1,0,0,1,1,,0,30,0,0,0,0,0,4,2,13
,2019-50563,39.75894,-104.976162,11/23/2019 16:12,16:12,3,0,0,30TH STREET & STOUT STREET,1,1,0,0,1,1,,0,30,0,0,0,1,0,4,2,1
,2019-50564,39.757599,-104.9744205,8/6/2019 17:37,17:37,7,0,0,30TH STREET & WELTON STREET,1,1,0,0,1,1,,0,30,0,0,0,0,0,4,2,1
,2019-50565,39.759633,-105.0144615,9/7/2019 10:28,10:28,3,0,0,30TH AVENUE WEST & WYANDOT STREET NORTH,1,1,0,0,1,1,,0,25,0,0,0,0,0,4,2,13
,2019-50566,39.766581,-104.9837085,4/16/2019 15:01,15:01,12,0,0,31ST STREET & BRIGHTON BOULEVARD,1,1,0,0,1,1,,0,25,0,0,0,0,0,4,2,14
,2019-50567,39.76074,-104.9683905,2/8/2019 13:38,13:38,12,0,0,31ST AVENUE EAST & FRANKLIN STREET NORTH,6,1,0,0,1,1,,0,30,0,0,0,0,0,4,2,1
,2019-50568,39.76074,-104.9683905,6/19/2019 16:25,16:25,10,0,1,31ST AVENUE EAST & FRANKLIN STREET NORTH,1,1,0,0,1,1,,0,30,0,0,0,0,1,4,2,8
,2019-50569,39.76074,-104.9683905,8/25/2019 11:43,11:43,10,0,0,31ST AVENUE EAST & FRANKLIN STREET NORTH,1,1,0,0,1,1,,0,30,0,0,0,0,0,4,2,8
,2019-50570,39.760938,-104.868612,4/22/2019 14:51,14:51,3,0,2,31ST AVENUE EAST & GENEVA STREET NORTH,1,1,1,0,1,1,,0,25,0,0,0,0,1,4,2,8
,2019-50571,39.76074,-104.9585715,5/23/2019 16:00,16:00,15,0,0,31ST AVENUE EAST & JOSEPHINE STREET NORTH,1,1,0,0,1,1,,0,30,0,0,0,0,0,4,2,7
,2019-50572,39.76074,-104.9585715,6/14/2019 16:43,16:43,15,0,0,31ST AVENUE EAST & JOSEPHINE STREET NORTH,1,1,0,0,1,1,,0,30,0,0,0,0,0,4,2,14
,2019-50573,39.760749,-104.970888,2/24/2019 10:01,10:01,10,0,1,31ST AVENUE EAST & LAFAYETTE STREET NORTH,2,1,0,0,1,1,,0,30,0,0,0,0,1,4,2,3
,2019-50574,39.763242,-104.979312,8/20/2019 14:20,14:20,3,0,0,31ST STREET & LARIMER STREET,1,1,0,0,1,1,,0,25,0,0,0,0,0,4,2,1
,2019-50575,39.759894,-104.97492,4/25/2019 14:15,14:15,3,0,0,31ST STREET & STOUT STREET,1,1,0,0,1,1,,0,20,0,0,0,0,0,4,2,13
,2019-50576,39.759894,-104.97492,4/25/2019 15:14,15:14,3,0,0,31ST STREET & STOUT STREET,1,1,0,0,1,1,,0,20,0,0,0,0,0,4,2,13
,2019-50577,39.76074,-104.96223,7/2/2019 12:31,12:31,15,0,0,31ST AVENUE EAST & VINE STREET NORTH,1,1,0,0,1,1,,0,30,0,0,0,0,0,4,2,1
,2019-50578,39.76074,-104.96223,8/30/2019 10:40,10:40,10,0,0,31ST AVENUE EAST & VINE STREET NORTH,1,1,0,0,1,1,,0,30,0,0,0,0,0,4,2,8
,2019-50579,39.763881,-104.9801895,7/25/2019 14:58,14:58,3,0,1,31ST STREET & WALNUT STREET,1,1,0,0,1,1,,0,35,0,0,0,0,1,4,2,8
,2019-50580,39.763881,-104.9801895,10/19/2019 13:30,13:30,10,0,0,31ST STREET & WALNUT STREET,1,1,0,0,1,1,,0,30,0,0,0,1,0,4,2,8
,2019-50581,39.76074,-104.9659515,1/24/2019 11:15,11:15,10,0,0,31ST AVENUE EAST & WILLIAMS STREET NORTH,4,1,0,0,1,1,,0,35,0,0,0,0,0,4,3,13
,2019-50582,39.76074,-104.9659515,9/25/2019 18:56,18:56,10,0,3,31ST AVENUE EAST & WILLIAMS STREET NORTH,1,1,0,0,1,1,,0,30,0,0,0,0,1,4,2,13
,2019-50583,39.760794,-105.0144705,7/9/2019 16:28,16:28,6,0,0,31ST AVENUE WEST & WYANDOT STREET NORTH,1,1,0,0,1,4,,0,25,0,0,0,0,0,4,2,2
,2019-50584,39.760749,-104.959782,11/12/2019 23:38,23:38,3,0,3,31ST AVENUE EAST & YORK STREET NORTH,1,3,0,0,1,1,,0,,0,0,0,0,1,4,3,13
,2019-50585,39.760749,-104.959782,11/30/2019 10:20,10:20,10,0,2,31ST AVENUE EAST & YORK STREET NORTH,10,1,0,0,1,1,,0,30,0,0,0,0,1,4,2,7
,2019-50586,39.760749,-104.959782,12/9/2019 18:05,18:05,10,0,0,31ST AVENUE EAST & YORK STREET NORTH,1,3,0,0,1,1,,0,30,0,0,0,0,0,4,2,12
,2019-50587,39.762819,-104.97636,3/25/2019 0:07,0:07,3,0,0,32ND STREET & ARAPAHOE STREET,1,3,0,0,1,1,,0,30,0,0,0,0,0,4,2,13
,2019-50588,39.762,-105.0205095,4/6/2019 22:30,22:30,3,0,0,32ND AVENUE WEST & CLAY STREET NORTH,1,3,0,0,1,1,,0,25,0,0,0,0,0,4,2,13
,2019-50589,39.762144,-104.975469,6/14/2019 9:41,9:41,3,0,0,32ND STREET & CURTIS STREET,1,1,0,0,1,1,,0,30,0,0,0,0,0,4,2,13
,2019-50590,39.762,-105.023601,3/6/2019 14:31,14:31,3,0,0,32ND AVENUE WEST & ELIOT STREET NORTH,1,1,0,0,1,1,,0,30,0,0,0,0,0,4,2,13
,2019-50592,39.76416,-104.9781015,12/2/2019 9:56,9:56,12,0,0,32ND STREET & LARIMER STREET,6,1,0,0,1,1,,0,25,0,0,0,0,0,4,2,14
,2019-50593,39.763485,-104.977242,2/26/2019 9:15,9:15,3,0,0,32ND STREET & LAWRENCE STREET,1,1,0,0,1,1,,0,25,0,0,0,0,0,4,2,7
,2019-50594,39.763485,-104.977242,6/27/2019 14:30,14:30,3,0,0,32ND STREET & LAWRENCE STREET,1,1,0,0,1,1,,0,25,0,0,0,0,0,4,2,7
,2019-50595,39.762009,-105.012504,8/14/2019 9:31,9:31,10,0,0,32ND AVENUE WEST & LYLE COURT NORTH,1,1,1,0,1,1,,0,25,0,0,0,0,0,4,2,12
,2019-50596,39.762126,-105.035769,11/29/2019 14:47,14:47,10,0,0,32ND AVENUE WEST & MEADE STREET NORTH,5,1,0,0,1,1,,0,25,0,0,0,0,0,4,2,13
,2019-50597,39.762126,-105.036948,1/18/2019 11:26,11:26,6,0,0,32ND AVENUE 3800 WEST & NEWTON STREET NORTH,4,1,1,2,1,4,,0,25,0,0,0,0,0,4,2,13
,2019-50598,39.762126,-105.036948,11/9/2019 12:30,12:30,3,0,0,32ND AVENUE WEST & NEWTON STREET NORTH,1,1,0,0,1,1,,0,30,0,0,0,0,0,4,2,13
,2019-50599,39.76209,-105.0064785,5/5/2019 2:02,2:02,5,0,0,32ND AVENUE WEST & PECOS STREET NORTH,1,3,0,0,4,1,,0,35,0,0,0,0,0,4,1,5
,2019-50600,39.760767,-104.9737815,11/14/2019 17:30,17:30,15,0,0,32ND STREET & STOUT STREET,1,2,0,0,1,1,,0,25,0,0,0,0,0,4,2,14
,2019-50601,39.762108,-105.0428295,4/13/2019 13:22,13:22,3,0,0,32ND AVENUE WEST & STUART STREET NORTH,1,1,0,0,1,1,,0,25,0,0,0,0,0,4,2,7
,2019-50602,39.762036,-105.011181,7/18/2019 19:25,19:25,1,0,0,32ND AVENUE WEST & TEJON STREET NORTH,1,1,0,0,1,1,,0,25,0,0,0,0,0,4,2,13
,2019-50603,39.62421,-105.1026795,11/30/2019 9:05,9:05,12,0,1,BELLEVIEW AVENUE WEST & HOLLAND STREET,5,1,1,6,1,4,,0,40,0,0,0,0,1,4,2,13
,2019-50604,39.78193562,-104.981211,3/28/2019 11:38,11:38,6,0,0,PENNSYLVANIA STREET & 1600 BLOCK NORTH,1,1,0,0,4,4,,0,30,0,0,0,0,0,4,2,13
,2019-50605,39.76351145,-104.8723993,6/18/2019 21:40,21:40,6,0,0,32ND AVENUE & 3917 WEST,1,3,0,0,1,4,,0,30,0,0,0,0,0,4,2,3
,2019-50606,39.764826,-104.9789835,1/10/2019 13:10,13:10,3,0,0,32ND STREET & WALNUT STREET,1,1,0,0,1,1,,0,25,0,0,0,0,0,4,2,13
,2019-50607,39.764826,-104.9789835,9/24/2019 8:43,8:43,3,0,0,32ND STREET & WALNUT STREET,1,1,0,0,1,1,,0,25,0,0,0,0,0,4,2,8
,2019-50608,39.76209,-105.0526215,11/11/2019 16:01,16:01,3,0,0,32ND AVENUE WEST & ZENOBIA STREET NORTH,1,1,0,0,1,1,,0,25,0,0,0,0,0,4,2,1
,2019-50609,39.762018,-105.015843,6/7/2019 21:04,21:04,1,0,0,32ND AVENUE WEST & ZUNI STREET NORTH,2,3,0,0,1,1,,0,30,0,0,0,0,0,4,2,1
,2019-50610,39.763755,-104.975154,12/13/2019 16:37,16:37,3,0,0,33RD STREET & ARAPAHOE STREET,1,2,0,0,1,1,,0,25,0,0,0,0,0,4,3,1
,2019-50611,39.766419,-104.9786415,7/17/2019 16:00,16:00,3,0,0,33RD STREET & BLAKE STREET,1,1,0,0,1,1,,0,25,0,0,0,0,0,4,2,8
,2019-50612,39.763206,-105.02361,11/5/2019 14:04,14:04,3,0,0,33RD AVENUE WEST & ELIOT STREET NORTH,1,1,0,0,1,1,,0,25,0,0,0,0,0,4,4,7
,2019-50613,39.763773,-104.92758,4/9/2019 8:10,8:10,1,0,1,33RD AVENUE EAST & FOREST STREET SOUTH,1,1,0,0,1,1,,0,25,0,0,0,0,1,4,2,7
,2019-50614,39.763233,-104.96097,5/28/2019 19:47,19:47,5,0,1,33RD AVENUE EAST & GAYLORD STREET NORTH,1,1,0,0,3,1,,0,,0,0,0,0,2,4,1,13
,2019-50615,39.765096,-104.976909,11/11/2019 15:10,15:10,3,0,0,33RD STREET & LARIMER STREET,1,1,0,0,1,1,,0,25,0,0,0,0,0,4,2,5
,2019-50616,39.62421,-105.1026795,12/20/2019 17:06,17:06,3,0,0,BELLEVIEW AVENUE WEST & HOLLAND STREET SOUTH,1,3,0,0,1,1,,0,40,0,0,0,0,0,4,2,7
,2019-50618,39.764403,-104.9760495,1/2/2019 8:47,8:47,12,0,0,33RD STREET & LAWRENCE STREET,5,1,0,0,1,1,,0,25,0,0,0,0,0,4,2,7
,2019-50619,39.764403,-104.9760495,4/18/2019 12:14,12:14,3,0,0,33RD STREET & LAWRENCE STREET,1,1,1,0,1,1,,0,25,0,0,0,0,0,4,2,14
,2019-50620,39.765609,-104.9215186,6/30/2019 18:00,18:00,6,0,0,35TH AVENUE EAST & 5700 BLOCK EAST,1,1,0,0,1,4,,0,,0,0,0,1,0,4,2,13
,2019-50621,39.764403,-104.9760495,9/13/2019 15:19,15:19,3,0,0,33RD STREET & LAWRENCE STREET,1,1,0,0,1,1,,0,30,0,0,0,0,0,4,2,1
,2019-50622,39.763242,-105.0080085,5/24/2019 16:25,16:25,10,0,0,33RD AVENUE WEST & QUIVAS STREET NORTH,1,1,0,0,1,1,,0,25,0,0,0,0,0,4,2,13
,2019-50623,39.763908,-105.0439995,7/26/2019 13:30,13:30,3,0,0,33RD AVENUE WEST & TENNYSON STREET NORTH,1,1,0,0,1,1,,0,25,0,0,0,0,0,4,2,13
,2019-50624,39.763242,-105.0127785,4/28/2019 12:30,12:30,3,0,1,33RD AVENUE WEST & VALLEJO STREET NORTH,1,1,0,0,1,1,,0,25,0,0,0,0,1,4,3,7
,2019-50625,39.765744,-104.9777505,6/10/2019 11:18,11:18,10,0,0,33RD STREET & WALNUT STREET,1,1,0,0,1,1,,0,30,0,0,0,0,0,4,2,13
,2019-50626,39.76442976,-105.0189284,9/1/2019 7:05,7:05,6,0,0,34TH AVENUE WEST & 2100 BLOCK WEST,1,3,0,2,1,4,,0,25,0,0,0,0,0,4,2,3
,2019-50627,39.764682,-104.973948,4/4/2019 17:50,17:50,1,0,0,34TH STREET & ARAPAHOE STREET,1,1,0,0,1,1,,0,25,0,0,0,0,0,4,2,1
,2019-50628,39.764682,-104.973948,4/9/2019 15:25,15:25,3,0,0,34TH STREET & ARAPAHOE STREET,1,1,0,0,1,1,,0,25,0,0,0,0,0,4,2,13
,2019-50629,39.764682,-104.973948,4/13/2019 11:10,11:10,3,0,0,34TH STREET & ARAPAHOE STREET,2,1,0,0,1,1,,0,30,0,0,0,0,0,4,2,13
,2019-50630,39.764682,-104.973948,6/22/2019 15:30,15:30,3,0,2,34TH STREET & ARAPAHOE STREET,1,1,0,0,1,1,,0,25,0,0,0,0,1,4,2,13
,2019-50631,39.766014,-104.975712,8/13/2019 12:52,12:52,3,0,0,34TH STREET & LARIMER STREET,1,1,0,0,1,1,,0,25,0,0,0,0,0,4,2,1
,2019-50632,39.766014,-104.975712,10/5/2019 17:39,17:39,3,0,1,34TH STREET & LARIMER STREET,1,1,0,0,1,1,,0,30,0,0,0,0,2,4,2,5
,2019-50633,39.766662,-104.9765805,4/4/2019 17:49,17:49,10,0,0,34TH STREET & WALNUT STREET,1,1,0,0,1,1,,0,30,0,0,0,0,0,4,2,13
,2019-50634,39.766662,-104.9765805,5/17/2019 12:16,12:16,3,0,0,34TH STREET & WALNUT STREET,1,1,0,0,1,1,,0,20,0,0,0,0,0,4,2,7
,2019-50635,39.76524,-104.890347,10/18/2019 6:57,6:57,6,0,0,35TH AVENUE EAST & 5034 EAST 35TH AVENUE,1,3,0,0,1,4,,0,25,0,0,0,0,0,4,2,14
,2019-50636,39.765708,-104.948712,9/19/2019 12:40,12:40,3,0,0,35TH AVENUE EAST & ADAMS STREET NORTH,1,1,0,0,1,1,,0,25,0,0,0,0,0,4,2,14
,2019-50637,39.765618,-104.9380605,12/3/2019 8:25,8:25,12,0,0,35TH AVENUE EAST & ASH STREET NORTH,5,1,0,0,1,1,,0,,0,0,0,0,0,4,2,13
,2019-50638,39.770298,-104.9789115,7/20/2019 8:30,8:30,1,0,0,35TH STREET & BRIGHTON BOULEVARD NORTH,1,1,0,0,1,1,,0,25,0,0,0,0,0,4,2,7
,2019-50639,39.770298,-104.9789115,12/7/2019 0:25,0:25,12,0,0,35TH STREET & BRIGHTON BOULEVARD NORTH,1,3,0,0,1,1,,0,,0,0,0,0,0,4,2,5
,2019-50640,39.765069,-104.8905405,3/24/2019 6:30,6:30,1,0,1,35TH AVENUE EAST & CENTRAL PARK BOULEVARD NORTH,1,1,0,0,1,1,,0,35,0,0,0,0,2,4,2,2
,2019-50641,39.765069,-104.8905405,7/8/2019 20:00,20:00,3,0,0,35TH AVENUE EAST & CENTRAL PARK BOULEVARD NORTH,1,1,0,0,1,1,,0,35,0,0,0,0,0,4,2,13
,2019-50642,39.765069,-104.8905405,8/23/2019 15:45,15:45,12,0,2,35TH AVENUE EAST & CENTRAL PARK BOULEVARD NORTH,1,1,1,0,1,1,,0,30,0,0,0,0,2,4,2,7
,2019-50643,39.765627,-105.0220395,5/14/2019 18:50,18:50,3,0,0,35TH AVENUE WEST & DECATUR STREET NORTH,1,1,0,0,1,1,,0,30,0,0,0,0,0,4,2,13
,2019-50644,39.764448,-104.9406705,8/19/2019 1:15,1:15,5,0,0,BRUCE RANDOLPH AVENUE EAST & 1416 EAST BRUCE RANDOLPH AVENUE,1,3,0,0,3,5,,0,,0,0,0,0,0,4,1,13
,2019-50645,39.765762,-104.9733495,9/3/2019 11:11,11:11,3,0,0,35TH AVENUE EAST & DOWNING STREET NORTH,1,1,0,0,1,1,,0,25,0,0,0,0,0,4,2,14
,2019-50646,39.765681,-104.9440005,7/20/2019 4:00,4:00,6,0,0,35TH AVENUE EAST & GARFIELD STREET NORTH,1,3,0,0,1,1,,0,35,0,0,0,0,0,4,3,14
,2019-50647,39.765582,-105.027561,5/29/2019 16:35,16:35,3,0,0,35TH AVENUE WEST & GROVE STREET NORTH,1,1,0,0,1,3,,0,25,0,0,0,0,0,4,2,12
,2019-50648,39.765699,-104.941701,5/7/2019 17:30,17:30,3,0,0,35TH AVENUE EAST & HARRISON STREET NORTH,2,1,0,1,1,1,,0,25,0,0,0,0,0,4,2,7
,2019-50649,39.765699,-104.941701,7/12/2019 14:44,14:44,3,0,0,35TH AVENUE EAST & HARRISON STREET NORTH,1,1,0,0,1,1,,0,25,0,0,0,0,0,4,2,1
,2019-50650,39.787416,-105.0209277,11/2/2019 10:15,10:15,3,0,0,50TH AVENUE WEST & 2900 BLOCK WEST,1,1,0,0,1,5,,0,15,0,0,0,0,0,4,2,13
,2019-50651,39.765771,-104.97087,11/15/2019 15:53,15:53,3,0,0,35TH AVENUE EAST & LAFAYETTE STREET NORTH,1,1,0,0,1,1,,0,25,0,0,0,0,0,4,2,13
,2019-50652,39.76695,-104.9745015,2/11/2019 8:02,8:02,3,0,0,35TH STREET & LARIMER STREET,5,1,0,0,1,1,,0,30,0,0,0,0,0,4,2,8
,2019-50653,39.766284,-104.9736285,1/29/2019 17:07,17:07,3,0,1,35TH STREET & LAWRENCE STREET,1,3,0,0,1,1,,0,25,0,0,0,0,1,4,3,1
,2019-50654,39.766284,-104.9736285,4/14/2019 10:37,10:37,3,0,0,35TH STREET & LAWRENCE STREET,1,1,0,0,1,1,,0,30,0,0,0,0,0,4,2,13
,2019-50655,39.766284,-104.9736285,8/14/2019 17:30,17:30,3,0,0,35TH STREET & LAWRENCE STREET,1,1,0,0,1,1,,0,25,0,0,0,0,0,4,2,13
,2019-50656,39.765627,-104.906961,10/8/2019 14:33,14:33,3,0,0,35TH AVENUE EAST & OLIVE STREET NORTH,1,1,0,0,1,1,,0,25,0,0,0,0,0,4,2,1
,2019-50657,39.765456,-104.9026095,3/9/2019 5:20,5:20,3,0,1,35TH AVENUE EAST & QUEBEC STREET NORTH,1,3,0,0,1,1,,0,30,0,0,0,0,1,4,2,2
,2019-50658,39.765456,-104.9026095,3/25/2019 11:11,11:11,15,0,0,35TH AVENUE EAST & QUEBEC STREET NORTH,1,1,1,0,1,1,,0,35,0,0,0,0,0,4,2,13
,2019-50659,39.765456,-104.9026095,7/18/2019 15:35,15:35,15,0,0,35TH AVENUE EAST & QUEBEC STREET NORTH,1,1,0,0,1,1,,0,30,0,0,0,0,0,4,2,1
,2019-50660,39.765456,-104.9026095,9/2/2019 12:09,12:09,1,0,0,35TH AVENUE EAST & QUEBEC STREET NORTH,1,1,0,0,1,1,,0,30,0,0,0,0,0,4,2,15
,2019-50661,39.765456,-104.9026095,9/16/2019 15:25,15:25,10,0,0,35TH AVENUE EAST & QUEBEC STREET NORTH,1,1,0,0,1,1,,0,25,0,0,0,0,0,4,2,1
,2019-50662,39.76569,-104.949891,1/28/2019 12:01,12:01,6,0,0,35TH AVENUE EAST & STEELE STREET NORTH,4,1,1,2,1,4,,0,25,0,0,0,0,0,4,2,13
,2019-50663,39.76569,-104.949891,1/28/2019 12:05,12:05,6,0,0,35TH AVENUE EAST & STEELE STREET NORTH,4,1,1,2,1,4,,0,25,0,0,0,0,0,4,2,14
,2019-50664,39.76569,-104.949891,1/28/2019 12:06,12:06,6,0,0,35TH AVENUE EAST & STEELE STREET NORTH,4,1,1,2,1,4,,0,25,0,0,0,0,0,4,2,3
,2019-50665,39.765258,-104.8925385,4/19/2019 19:20,19:20,3,0,1,35TH AVENUE EAST & UINTA STREET NORTH,1,2,0,0,1,1,,0,30,0,0,0,0,1,4,2,13
,2019-50666,39.765258,-104.8925385,8/24/2019 15:20,15:20,3,0,0,35TH AVENUE EAST & UINTA STREET NORTH,1,1,0,0,1,1,,0,30,0,0,0,0,0,4,2,13
,2019-50667,39.765258,-104.8925385,9/14/2019 17:46,17:46,3,0,1,35TH AVENUE EAST & UINTA STREET NORTH,1,1,0,0,1,3,,0,30,0,0,0,0,1,4,2,13
,2019-50668,39.765258,-104.8925385,8/8/2019 10:30,10:30,1,0,0,35TH AVENUE EAST & UNITA STREET NORTH,1,1,0,0,1,1,,0,35,0,0,0,0,0,4,2,13
,2019-50669,39.767607,-104.975361,5/30/2019 16:45,16:45,10,0,0,35TH STREET & WALNUT STREET,1,1,0,0,1,1,,0,25,0,0,0,0,0,4,2,14
,2019-50670,39.765726,-104.965938,3/27/2019 7:12,7:12,3,0,0,35TH AVENUE EAST & WILLIAMS STREET NORTH,1,1,0,0,1,1,,0,25,0,0,0,0,0,4,2,7
,2019-50671,39.765726,-104.965938,4/28/2019 14:55,14:55,3,0,0,35TH AVENUE EAST & WILLIAMS STREET NORTH,1,1,0,0,1,1,,0,30,0,0,0,0,0,4,2,1
,2019-50672,39.68577,-104.987538,10/25/2019 15:15,15:15,5,0,1,BROADWAY STREET SOUTH & MEXICO AVENUE WEST,1,1,0,0,2,1,,0,35,0,0,0,0,1,4,1,7
,2019-50673,39.765726,-104.9597685,2/11/2019 8:21,8:21,3,0,3,35TH AVENUE EAST & YORK STREET NORTH,1,1,0,0,1,1,,0,30,0,0,0,0,1,4,2,13
,2019-50674,39.765726,-104.9597685,5/2/2019 17:45,17:45,3,0,1,35TH AVENUE EAST & YORK STREET NORTH,1,1,0,0,1,1,,0,25,0,0,0,0,2,4,2,1
,2019-50675,39.765726,-104.9597685,6/2/2019 23:03,23:03,3,0,1,35TH AVENUE EAST & YORK STREET NORTH,1,3,0,0,1,1,,0,35,0,0,0,0,2,4,3,8
,2019-50676,39.767436,-104.9181072,3/14/2019 9:35,9:35,3,0,0,36TH AVENUE EAST & 7400 BLOCK,5,1,0,0,1,2,,0,,0,0,0,0,0,4,2,13
,2019-50677,39.766518,-104.879781,10/8/2019 11:45,11:45,3,0,0,36TH AVENUE EAST & 7557 EAST 36TH AVENUE,1,1,0,0,1,2,,0,15,0,0,0,0,0,4,2,13
,2019-50678,39.7674,-104.926968,3/4/2019 10:10,10:10,3,0,1,36TH AVENUE EAST & FOREST STREET SOUTH,4,1,0,0,1,1,,0,25,0,0,0,0,1,4,2,7
,2019-50679,39.766968,-104.972103,2/7/2019 0:00,0:00,3,0,0,36TH AVENUE EAST & MARION STREET NORTH,4,1,0,0,1,1,,0,30,0,0,0,0,0,4,2,13
,2019-50680,39.766968,-104.972103,4/10/2019 20:17,20:17,3,0,0,36TH AVENUE EAST & MARION STREET NORTH,4,3,0,2,1,1,,0,25,0,0,0,0,0,4,2,1
,2019-50681,39.767391,-104.902533,2/26/2019 15:28,15:28,1,0,0,36TH AVENUE EAST & QUEBEC STREET NORTH,1,1,0,0,1,1,,0,35,0,0,0,0,0,4,2,14
,2019-50682,39.767391,-104.902533,4/7/2019 14:09,14:09,10,0,0,36TH AVENUE EAST & QUEBEC STREET NORTH,1,1,0,0,1,1,,0,35,0,0,0,0,0,4,2,8