id,drcog_id,latitude,longitude,crashtime,time,crashtype,numbkilled,numbinjurd,drcoglocat,rdconditin,lightngcon,roadcntgrd,weatherco,location,roaddescrp,schoolzone,constrzone,splimit,bikeinv,sctrinv,pedinv,motoinv,svrty,rdsystem,ttlvehcls,hcf
,2019-50683,39.767391,-104.902533,5/2/2019 17:26,17:26,12,0,0,36TH AVENUE EAST & QUEBEC STREET NORTH,1,1,0,0,1,1,,0,35,0,0,0,0,0,4,2,13
,2019-50684,39.767391,-104.902533,5/4/2019 6:44,6:44,3,0,2,36TH AVENUE EAST & QUEBEC STREET NORTH,1,1,0,0,1,1,,0,35,0,0,0,0,1,4,2,1
,2019-50685,39.767391,-104.902533,6/28/2019 15:00,15:00,3,0,2,36TH AVENUE EAST & QUEBEC STREET NORTH,1,1,0,0,1,1,,0,45,0,0,0,0,2,4,3,3
,2019-50686,39.767391,-104.902533,9/1/2019 8:45,8:45,3,0,3,36TH AVENUE WEST & QUEBEC STREET NORTH,1,1,0,0,1,1,,0,35,0,0,0,0,1,4,2,14
,2019-50687,39.74328,-104.9810985,4/28/2019 14:40,14:40,1,0,0,PENNSYLVANIA STREET NORTH & 17TH AVENUE EAST,1,1,0,0,1,1,,0,30,0,0,0,0,0,4,2,13
,2019-50688,39.767391,-104.902533,10/4/2019 9:25,9:25,15,0,0,36TH AVENUE EAST & QUEBEC STREET NORTH,1,1,0,0,1,1,,0,30,0,0,0,0,0,4,2,13
,2019-50689,39.767391,-104.902533,11/15/2019 15:30,15:30,12,0,0,36TH AVENUE EAST & QUEBEC STREET NORTH,1,1,0,0,1,3,,0,45,0,0,0,0,0,4,2,7
,2019-50690,39.767391,-104.902533,12/6/2019 20:50,20:50,3,0,0,36TH AVENUE EAST & QUEBEC STREET NORTH,1,3,0,0,1,1,,0,35,0,0,0,0,0,4,3,7
,2019-50691,39.767436,-104.9008005,1/18/2019 15:57,15:57,3,0,0,36TH AVENUE EAST & ROSLYN STREET NORTH,2,1,0,0,1,1,,0,30,0,0,0,0,0,4,2,13
,2019-50692,39.767436,-104.9008005,4/1/2019 11:20,11:20,3,0,0,36TH AVENUE 7407 EAST & ROSLYN STREET NORTH,1,1,0,0,1,1,,0,30,0,0,0,0,0,4,2,1
,2019-50693,39.767436,-104.9008005,4/27/2019 16:44,16:44,3,0,0,36TH AVENUE 7500 BLOCK EAST & ROSLYN STREET NORTH,1,1,0,0,1,1,,0,25,0,0,0,0,0,4,2,13
,2019-50694,39.767436,-104.9008005,10/22/2019 11:23,11:23,12,0,0,36TH AVENUE EAST & ROSLYN STREET NORTH,1,1,0,0,1,1,,0,30,0,0,0,0,0,4,3,13
,2019-50695,39.766941,-104.9498685,11/15/2019 22:54,22:54,3,0,1,36TH AVENUE EAST & STEELE STREET NORTH,1,3,0,0,1,1,,0,35,0,0,0,0,1,4,2,14
,2019-50696,39.766941,-104.9498685,8/14/2019 16:27,16:27,3,0,0,36TH AVENUE EAST & STELLE STREET NORTH,1,1,0,0,1,1,,0,25,0,0,0,0,0,4,2,1
,2019-50697,39.74921652,-104.8987377,9/19/2019 11:52,11:52,1,0,0,36TH AVENUE EAST & SYRACUSE STREET,1,1,0,0,1,1,,0,35,0,0,0,0,0,4,2,8
,2019-50698,39.758031,-104.8964085,1/24/2019 10:02,10:02,3,0,0,36TH AVENUE EAST & TRENTON STREET NORTH,4,1,0,2,1,2,,0,35,0,0,0,0,0,4,3,14
,2019-50701,39.767328,-104.892471,4/29/2019 6:05,6:05,3,0,0,36TH AVENUE EAST & UINTA STREET NORTH,1,1,0,0,1,1,,0,25,0,0,0,0,0,4,2,13
,2019-50702,39.767328,-104.892471,10/2/2019 6:46,6:46,3,0,0,36TH AVENUE EAST & UINTA STREET NORTH,2,2,0,1,1,1,,0,35,0,0,0,0,0,4,2,13
,2019-50703,39.767328,-104.892471,10/3/2019 16:55,16:55,1,0,0,36TH AVENUE EAST & UINTA STREET NORTH,1,1,0,0,1,1,,0,35,0,0,0,0,0,4,2,13
,2019-50704,39.767319,-104.894361,1/24/2019 5:07,5:07,1,0,1,36TH AVENUE EAST & ULSTER STREET NORTH,1,3,0,0,1,1,,0,35,0,0,0,0,1,4,2,13
,2019-50705,39.767319,-104.894361,7/8/2019 10:05,10:05,3,0,1,36TH AVENUE EAST & ULSTER STREET NORTH,1,1,0,0,1,1,,0,35,0,0,0,0,1,4,2,13
,2019-50706,39.768552,-104.9741685,3/16/2019 19:22,19:22,3,0,1,36TH STREET & WALNUT STREET,1,1,0,0,1,1,,0,30,0,0,0,0,1,4,2,13
,2019-50707,39.768552,-104.9741685,8/9/2019 23:33,23:33,3,0,0,36TH STREET & WALNUT STREET,1,3,0,0,1,1,,0,,0,0,0,0,0,4,3,13
,2019-50708,39.768048,-105.017409,9/23/2019 8:10,8:10,13,0,1,37TH AVENUE WEST & ALCOTT STREET NORTH,1,1,0,0,1,1,,0,25,0,0,0,0,2,4,2,13
,2019-50709,39.768048,-105.0205005,9/17/2019 8:44,8:44,3,0,0,37TH AVENUE WEST & CLAY STREET NORTH,1,1,0,0,1,1,,0,25,0,0,0,0,0,4,2,13
,2019-50710,39.768129,-104.95593,11/18/2019 14:03,14:03,12,0,0,37TH AVENUE EAST & ELIZABETH STREET NORTH,1,1,0,0,1,1,,0,25,0,0,0,0,0,4,2,1
,2019-50711,39.769353,-104.865822,4/18/2019 15:05,15:05,3,0,1,37TH AVENUE 10400 BLOCK EAST & HAVANA STREET NORTH,1,1,0,0,1,1,,0,25,0,0,0,0,1,4,2,3
,2019-50712,39.769353,-104.865822,11/7/2019 13:40,13:40,10,0,0,37TH AVENUE EAST & HAVANA STREET NORTH,1,1,0,0,1,1,,0,25,0,0,0,0,0,4,2,13
,2019-50714,39.768147,-104.963418,6/17/2019 16:47,16:47,10,0,0,37TH AVENUE 1900 BLOCK EAST & HIGH RACE ALLEY NORTH,1,1,0,0,1,5,,0,25,0,0,0,0,0,4,2,7
,2019-50715,39.768147,-104.972121,1/25/2019 16:49,16:49,3,0,2,37TH AVENUE EAST & MARION STREET NORTH,1,2,0,0,1,1,,0,30,0,0,0,0,1,4,2,1
,2019-50716,39.768147,-104.972121,1/30/2019 8:10,8:10,3,0,0,37TH AVENUE EAST & MARION STREET NORTH,5,1,0,0,1,1,,0,25,0,0,0,0,0,4,2,13
,2019-50717,39.768147,-104.972121,4/24/2019 17:15,17:15,3,0,0,37TH AVENUE EAST & MARION STREET NORTH,1,1,0,0,1,1,,0,25,0,0,0,0,0,4,2,1
,2019-50718,39.768147,-104.972121,8/20/2019 17:50,17:50,3,0,0,37TH AVENUE EAST & MARION STREET NORTH,1,1,0,0,1,1,,0,,0,0,0,0,0,4,2,13
,2019-50719,39.768147,-104.972121,11/4/2019 17:35,17:35,3,0,0,37TH AVENUE EAST & MARION STREET NORTH,1,2,0,0,1,1,,0,25,0,0,0,0,0,4,2,1
,2019-50720,39.768057,-105.0041205,5/1/2019 8:45,8:45,3,0,0,37TH AVENUE WEST & NAVAJO STREET NORTH,1,1,0,0,1,1,,0,30,0,0,0,0,0,4,2,14
,2019-50721,39.768048,-105.0052725,1/2/2019 9:35,9:35,3,0,0,37TH AVENUE WEST & OSAGE STREET NORTH,5,1,0,0,1,1,,0,25,0,0,0,0,0,4,2,13
,2019-50722,39.768039,-105.0064605,4/22/2019 16:58,16:58,3,0,0,37TH AVENUE WEST & PECOS STREET NORTH,1,1,0,0,1,1,,0,30,0,0,0,0,0,4,2,7
,2019-50723,39.76927851,-105.0191541,2/22/2019 17:56,17:56,3,0,0,38TH AVENUE & 1300 BLOCK WEST,4,2,1,2,1,2,,0,30,0,0,0,0,0,4,2,13
,2019-50724,39.76927851,-105.0191541,10/25/2019 14:10,14:10,12,0,0,38TH AVENUE WEST & 3000 BLOCK WEST,1,1,0,0,1,4,,0,35,0,0,0,0,0,4,2,7
,2019-50725,39.76927851,-105.0191541,2/13/2019 17:50,17:50,3,0,1,38TH AVENUE & 3100 BLOCK WEST,1,1,0,0,1,2,,0,35,0,0,0,0,1,4,3,13
,2019-50726,39.76927851,-105.0191541,5/11/2019 11:40,11:40,6,0,0,38TH AVENUE WEST & 3500 BLOCK WEST,1,1,0,0,1,4,,0,30,0,0,0,0,0,4,2,3
,2019-50727,39.769362,-104.9010883,11/12/2019 11:40,11:40,3,0,0,38TH AVENUE EAST & 7500 BLOCK EAST,1,1,0,0,1,2,,0,15,0,0,0,0,0,4,2,13
,2019-50728,39.769281,-105.0174225,2/11/2019 8:45,8:45,12,0,0,38TH AVENUE WEST & ALCOTT STREET NORTH,1,1,0,0,1,3,,0,35,0,0,0,0,0,4,2,13
,2019-50729,39.774942,-104.9780205,1/18/2019 21:50,21:50,15,0,0,38TH STREET & ARKINS COURT,5,3,0,0,1,3,,0,25,0,0,0,0,0,4,2,1
,2019-50730,39.774942,-104.9780205,3/22/2019 0:23,0:23,3,0,1,38TH STREET & ARKINS COURT,1,3,0,0,1,1,,0,35,0,0,0,0,1,4,2,13
,2019-50731,39.772971,-104.975442,3/14/2019 13:55,13:55,3,0,1,38TH STREET & BRIGHTON BOULEVARD NORTH,2,1,0,0,1,1,,0,30,0,0,0,0,1,4,2,1
,2019-50732,39.772971,-104.975442,5/7/2019 8:04,8:04,12,0,0,38TH STREET & BRIGHTON BOULEVARD NORTH,1,1,0,0,1,1,,0,30,0,0,0,0,0,4,2,14
,2019-50733,39.772971,-104.975442,5/8/2019 15:00,15:00,12,0,0,38TH STREET & BRIGHTON BOULEVARD NORTH,2,1,0,1,1,1,,0,30,0,0,0,0,0,4,2,1
,2019-50734,39.772971,-104.975442,11/2/2019 19:49,19:49,3,0,2,38TH STREET & BRIGHTON BOULEVARD NORTH,1,3,0,0,1,1,,0,30,0,0,0,0,1,4,2,5
,2019-50735,39.772971,-104.975442,11/18/2019 4:54,4:54,3,0,0,38TH STREET & BRIGHTON BOULEVARD,1,3,0,0,1,1,,0,35,0,0,0,0,0,4,2,13
,2019-50736,39.774312,-104.9772015,2/2/2019 18:38,18:38,12,0,0,38TH STREET & CHESTNUT PLACE,1,3,1,0,1,3,,0,30,0,0,0,0,0,4,2,13
,2019-50737,39.774312,-104.9772015,9/4/2019 17:10,17:10,12,0,1,38TH STREET & CHESTNUT PLACE,1,1,1,0,1,1,,0,25,0,0,0,0,1,4,2,1
,2019-50738,39.769272,-105.0205185,10/12/2019 14:30,14:30,6,0,0,38TH AVENUE WEST & CLAY STREET NORTH,1,1,0,0,1,1,,0,35,0,0,0,0,0,4,2,2
,2019-50739,39.773619,-104.976288,3/5/2019 10:28,10:28,12,0,0,38TH STREET & DELGANY STREET,1,1,0,0,1,1,,0,35,0,0,0,0,0,4,2,12
,2019-50740,39.770046,-104.9647005,9/13/2019 14:00,14:00,5,0,0,38TH AVENUE EAST & HIGH STREET NORTH,1,1,0,0,2,1,,0,25,0,0,0,0,0,4,1,3
,2019-50741,39.769407,-105.0299505,2/22/2019 20:24,20:24,5,0,0,38TH AVENUE WEST & IRVING STREET NORTH,4,3,0,2,3,1,,0,35,0,0,0,0,0,4,1,13
,2019-50742,39.769407,-105.0299505,5/1/2019 17:45,17:45,12,0,0,38TH AVENUE 3300 BLOCK WEST & IRVING STREET NORTH,1,1,0,0,1,1,,0,35,0,0,0,0,0,4,2,13
,2019-50743,39.769407,-105.0299505,7/30/2019 8:46,8:46,15,0,0,38TH AVENUE WEST & IRVING STREET NORTH,1,1,1,0,1,1,,0,30,0,0,0,0,0,4,2,13
,2019-50744,39.771072,-104.847039,5/1/2019 10:58,10:58,10,0,0,39TH AVENUE EAST & PEORIA STREET NORTH,1,1,0,0,1,1,,0,25,0,0,0,0,0,4,2,14
,2019-50745,39.769245,-104.917599,1/27/2019 19:19,19:19,1,0,0,38TH AVENUE EAST & KEARNEY STREET NORTH,1,2,0,0,1,1,,0,,0,0,0,0,0,4,2,13
,2019-50746,39.76929,-105.0017625,1/12/2019 18:19,18:19,1,0,0,38TH AVENUE WEST & LIPAN STREET NORTH,1,3,0,0,1,1,,0,35,0,0,0,0,0,4,2,3
,2019-50747,39.76929,-105.0017625,6/29/2019 21:00,21:00,1,0,0,38TH AVENUE WEST & LIPAN STREET NORTH,1,3,0,0,1,1,,0,35,0,0,0,0,0,4,2,7
,2019-50748,39.76956,-105.0346125,1/2/2019 18:47,18:47,1,0,0,38TH AVENUE WEST & LOWELL BOULEVARD NORTH,1,3,0,0,1,1,,0,35,0,0,0,0,0,4,2,13
,2019-50749,39.76956,-105.0346125,3/5/2019 10:40,10:40,3,0,0,38TH AVENUE WEST & LOWELL BOULEVARD NORTH,2,1,1,0,1,1,,0,35,0,0,0,0,0,4,3,13
,2019-50750,39.76956,-105.0346125,4/24/2019 21:13,21:13,3,0,0,38TH AVENUE WEST & LOWELL BOULEVARD NORTH,1,4,0,0,1,1,,0,5,0,0,0,0,0,4,2,13
,2019-50751,39.76956,-105.0346125,11/13/2019 10:55,10:55,1,0,0,38TH AVENUE WEST & LOWELL BOULEVARD NORTH,1,1,1,0,1,1,,0,35,0,0,0,0,0,4,2,13
,2019-50752,39.76956,-105.0346125,12/3/2019 6:45,6:45,1,0,0,38TH AVENUE WEST & LOWELL BOULEVARD NORTH,1,2,0,0,1,1,,0,30,0,0,0,0,0,4,2,1
,2019-50753,39.76929,-105.0029595,6/25/2019 8:54,8:54,12,0,1,38TH AVENUE WEST & MARIPOSA STREET NORTH,1,1,0,0,1,4,,0,30,0,0,0,0,1,4,2,3
,2019-50754,39.769551,-105.035832,6/21/2019 22:55,22:55,3,0,0,38TH AVENUE WEST & MEADE STREET NORTH,1,3,0,0,1,1,,0,25,0,0,0,0,0,4,2,5
,2019-50755,39.769281,-104.912712,11/25/2019 16:35,16:35,3,0,0,38TH AVENUE EAST & MONACO STREET NORTH,2,2,0,2,1,1,,0,25,0,0,0,0,0,4,2,1
,2019-50756,39.769641,-104.8486095,12/11/2019 6:25,6:25,12,0,0,38TH AVENUE EAST & PARIS STREET NORTH,1,4,0,0,1,1,,0,25,0,0,0,0,0,4,2,3
,2019-50757,39.769641,-104.8486095,12/11/2019 14:33,14:33,3,0,0,38TH AVENUE 12000 BLOCK EAST & PARIS STREET,1,1,0,0,1,1,,0,20,0,0,0,0,0,4,2,13
,2019-50758,39.769281,-105.0064515,3/8/2019 7:10,7:10,3,0,0,38TH AVENUE WEST & PECOS STREET NORTH,1,1,0,0,1,1,,0,35,0,0,0,0,0,4,2,13
,2019-50759,39.769281,-105.0064515,3/19/2019 18:41,18:41,3,0,1,38TH AVENUE WEST & PECOS STREET NORTH,1,1,0,0,1,1,,0,35,0,0,0,0,1,4,3,13
,2019-50760,39.769281,-105.0064515,3/23/2019 13:33,13:33,3,0,0,38TH AVENUE WEST & PECOS STREET NORTH,1,1,0,0,1,1,,0,30,0,0,0,0,0,4,2,3
,2019-50761,39.769281,-105.0064515,4/17/2019 16:11,16:11,3,0,0,38TH AVENUE WEST & PECOS STREET NORTH,1,1,0,0,1,1,,0,35,0,0,0,0,0,4,2,13
,2019-50762,39.769281,-105.0064515,6/5/2019 13:13,13:13,3,0,0,38TH AVENUE WEST & PECOS STREET NORTH,1,1,0,0,1,1,,0,35,0,0,0,0,0,4,2,13
,2019-50763,39.769281,-105.0064515,7/5/2019 12:38,12:38,15,0,0,38TH AVENUE WEST & PECOS STREET NORTH,1,1,1,0,1,1,,0,30,0,0,0,0,0,4,2,13
,2019-50764,39.769281,-105.008031,5/24/2019 18:55,18:55,3,0,1,38TH AVENUE WEST & QUIVAS STREET NORTH,1,1,0,0,1,1,,0,35,0,0,0,0,1,4,2,13
,2019-50765,39.769281,-105.0096015,3/19/2019 8:44,8:44,12,0,0,38TH AVENUE WEST & SHOSHONE STREET NORTH,1,1,0,0,1,1,,0,30,0,0,0,0,0,4,2,3
,2019-50766,39.769281,-105.0096015,5/6/2019 10:10,10:10,1,0,2,38TH AVENUE WEST & SHOSHONE STREET NORTH,1,1,0,0,1,1,,0,35,0,0,0,0,1,4,2,1
,2019-50767,39.769281,-105.01119,2/8/2019 7:04,7:04,1,0,1,38TH AVENUE WEST & TEJON STREET NORTH,5,1,0,0,1,1,,0,30,0,0,0,0,1,4,2,3
,2019-50768,39.769281,-105.01119,3/17/2019 8:07,8:07,3,0,0,38TH AVENUE WEST & TEJON STREET NORTH,1,1,0,0,1,1,,0,35,0,0,0,0,0,4,2,13
,2019-50769,39.769281,-105.01119,9/5/2019 15:30,15:30,1,0,1,38TH AVENUE WEST & TEJON STREET NORTH,1,1,0,0,1,1,,0,35,0,0,0,0,1,4,3,13
,2019-50770,39.769398,-105.0451695,1/12/2019 14:14,14:14,3,0,0,38TH AVENUE WEST & UTICA STREET NORTH,1,1,0,0,1,1,,0,35,0,0,0,0,0,4,2,13
,2019-50771,39.769407,-105.04629,2/17/2019 1:28,1:28,12,0,5,38TH AVENUE WEST & VRAIN STREET NORTH,1,3,0,0,1,1,,0,30,0,0,0,0,2,4,4,14
,2019-50772,39.770262,-104.9719725,12/14/2019 23:27,23:27,5,0,1,38TH STREET & WALNUT STREET,1,3,0,0,3,1,,0,30,0,0,0,0,1,4,1,5
,2019-50773,39.769407,-105.04746,5/31/2019 16:06,16:06,1,0,0,38TH AVENUE WEST & WINONA COURT NORTH,1,1,0,0,1,1,,0,35,0,0,0,0,0,4,2,13
,2019-50774,39.76938,-105.0486795,1/10/2019 8:25,8:25,1,0,0,38TH AVENUE WEST & WOLFF STREET NORTH,1,1,0,0,1,1,,0,30,0,0,0,0,0,4,2,13
,2019-50775,39.76938,-105.0486795,6/11/2019 9:55,9:55,3,0,0,38TH AVENUE WEST & WOLFF STREET NORTH,1,1,0,0,1,1,,0,35,0,0,0,0,0,4,2,14
,2019-50776,39.769398,-105.049782,2/11/2019 8:05,8:05,3,0,2,38TH AVENUE WEST & XAVIER STREET NORTH,1,1,0,0,1,1,,0,25,0,0,0,0,1,4,2,13
,2019-50777,39.769335,-105.052059,6/27/2019 18:11,18:11,1,0,0,38TH AVENUE WEST & ZENOBIA STREET NORTH,1,1,0,0,1,1,,0,35,0,0,0,0,0,4,2,8
,2019-50778,39.770514,-104.9948325,3/8/2019 5:46,5:46,15,0,0,39TH AVENUE WEST & FOX STREET NORTH,1,2,0,0,1,1,,0,35,0,0,0,0,0,4,2,13
,2019-50779,39.77145,-104.847417,4/4/2019 13:02,13:02,5,0,0,39TH AVENUE EAST & PEORIA WAY NORTH,1,1,0,0,3,1,,0,30,0,0,0,0,0,4,1,10
,2019-50780,39.771072,-104.847039,4/26/2019 6:00,6:00,3,0,0,39TH AVENUE EAST & PEORIA STREET NORTH,1,1,0,0,1,1,,1,40,0,0,0,0,0,4,2,14
,2019-50781,39.785733,-104.8830885,1/22/2019 6:19,6:19,5,0,0,CENTRAL PARK & 3600 NORTH,5,2,1,2,3,4,,0,35,0,0,0,0,0,4,1,13
,2019-50782,39.771072,-104.847039,4/30/2019 12:25,12:25,3,0,0,39TH AVENUE 12100 BLOCK EAST & PEORIA STREET NORTH FRONTAGE ROAD,1,1,1,0,1,1,,0,30,0,0,0,0,0,4,2,13
,2019-50783,39.771072,-104.847039,5/26/2019 21:42,21:42,1,0,0,39TH AVENUE EAST & PEORIA STREET NORTH,2,3,0,1,1,1,,0,35,0,0,0,0,0,4,2,14
,2019-50784,39.771072,-104.847039,7/26/2019 10:54,10:54,1,0,2,39TH AVENUE EAST & PEORIA STREET NORTH,1,1,0,0,1,1,,0,30,0,0,0,0,2,4,2,8
,2019-50785,39.771072,-104.847039,9/7/2019 20:35,20:35,12,0,4,39TH AVENUE EAST & PEORIA STREET NORTH,1,3,0,0,1,1,,0,40,0,0,0,0,1,4,2,3
,2019-50786,39.771135,-105.0440265,7/27/2019 19:28,19:28,15,0,0,39TH AVENUE WEST & TENNYSON STREET NORTH,1,1,0,0,1,1,,0,25,0,0,0,0,0,4,2,13
,2019-50787,39.770514,-105.015861,9/14/2019 10:30,10:30,3,0,1,39TH AVENUE WEST & ZUNI STREET NORTH,1,1,0,0,1,1,,0,30,0,0,0,0,1,4,2,1
,2019-50788,39.720924,-104.990841,5/28/2019 12:44,12:44,3,0,0,THIRD AVENUE WEST & BANNOCK STREET NORTH,1,1,0,0,1,1,,0,25,0,0,0,0,0,4,2,13
,2019-50789,39.720933,-104.9874975,3/16/2019 13:40,13:40,3,0,0,THIRD AVENUE WEST & BROADWAY STREET SOUTH,1,1,0,0,1,1,,0,35,0,0,0,0,0,4,2,3
,2019-50790,39.720933,-104.9874975,11/29/2019 8:53,8:53,12,0,0,THIRD AVENUE WEST & BROADWAY STREET NORTH,5,1,0,0,1,3,,0,35,0,0,0,0,0,4,2,13
,2019-50791,39.720906,-104.992128,7/1/2019 19:49,19:49,3,0,0,THIRD AVENUE WEST & CHEROKEE STREET NORTH,1,1,0,0,1,1,,0,30,0,0,0,0,0,4,2,13
,2019-50793,39.720978,-104.9570415,1/11/2019 9:41,9:41,12,0,0,THIRD AVENUE EAST & COLUMBINE STREET NORTH,4,1,0,2,1,1,,0,25,0,0,0,0,0,4,2,13
,2019-50794,39.720906,-104.9927985,2/7/2019 12:04,12:04,3,0,0,THIRD AVENUE WEST & DELAWARE STREET NORTH,2,5,0,0,1,1,,0,30,0,0,0,0,0,4,2,14
,2019-50795,39.720906,-104.9927985,2/15/2019 9:15,9:15,3,0,0,THIRD AVENUE WEST & DELAWARE STREET NORTH,1,1,0,0,1,1,,0,25,0,0,0,0,0,4,2,3
,2019-50796,39.720987,-104.9546385,1/16/2019 19:00,19:00,3,0,0,THIRD AVENUE EAST & DETROIT STREET,1,3,0,0,1,1,,0,25,0,0,0,0,0,4,2,13
,2019-50797,39.720969,-104.953419,10/8/2019 14:00,14:00,15,0,0,THIRD AVENUE EAST & FILLMORE STREET NORTH,1,1,0,0,1,3,,0,25,0,0,0,0,0,4,2,13
,2019-50798,39.720933,-104.9837985,5/17/2019 17:55,17:55,3,0,0,THIRD AVENUE EAST & GRANT STREET NORTH,1,1,0,0,1,1,,0,25,0,0,0,0,0,4,2,13
,2019-50799,39.720897,-104.997519,2/17/2019 14:42,14:42,3,0,1,THIRD AVENUE WEST & INCA STREET NORTH,1,1,0,0,1,1,,0,25,0,0,0,0,2,4,2,8
,2019-50800,39.720978,-104.95827,5/14/2019 1:07,1:07,15,0,0,THIRD AVENUE EAST & JOSEPHINE STREET NORTH,1,3,0,0,1,1,,0,30,0,0,0,0,0,4,2,13
,2019-50801,39.720978,-104.95827,12/16/2019 15:15,15:15,15,0,0,THIRD AVENUE EAST & JOSEPHINE STREET NORTH,1,1,0,0,1,3,,0,25,0,0,0,0,0,4,3,12
,2019-50802,39.720942,-105.000192,8/26/2019 13:59,13:59,5,0,0,THIRD AVENUE WEST & KALAMATH STREET NORTH,1,1,0,0,1,1,,0,,0,0,0,0,0,4,2,14
,2019-50803,39.720942,-105.000192,11/20/2019 8:30,8:30,3,0,0,THIRD AVENUE WEST & KALAMATH STREET NORTH,1,1,0,0,1,1,,0,30,0,0,0,0,0,4,2,13
,2019-50804,39.720924,-104.98626,10/8/2019 8:45,8:45,12,0,0,THIRD AVENUE EAST & LINCOLN STREET NORTH,1,1,0,0,1,1,,0,30,0,0,0,0,0,4,2,7
,2019-50805,39.720942,-105.0055695,5/6/2019 10:52,10:52,3,0,0,THIRD AVENUE WEST & OSAGE STREET NORTH,1,1,0,0,1,1,,0,25,0,0,0,0,0,4,2,13
,2019-50806,39.720978,-104.94981,8/9/2019 15:25,15:25,3,0,0,THIRD AVENUE EAST & STEELE STREET NORTH,1,1,0,0,1,1,,0,25,0,0,0,0,0,4,2,1
,2019-50807,39.720969,-104.962068,10/14/2019 15:00,15:00,6,0,0,THIRD AVENUE EAST & VINE STREET NORTH,1,1,0,0,1,5,,0,,0,0,0,0,0,4,2,7
,2019-50808,39.7728218,-104.8958625,8/28/2019 10:20,10:20,5,0,0,40TH AVENUE EAST & 15500 BLOCK EAST,1,1,0,0,3,4,,0,40,0,0,0,0,0,4,1,10
,2019-50809,39.77172,-105.0171668,5/6/2019 12:54,12:54,6,0,0,40TH AVENUE & 1600 BLOCK WEST,1,1,0,0,1,4,,0,25,0,0,0,0,0,4,2,3
,2019-50810,39.772242,-104.767002,10/26/2019 3:35,3:35,6,0,0,40TH AVENUE EAST & 19611 EAST 40TH AVENUE,1,4,0,0,1,4,,0,25,0,0,0,0,0,4,2,2
,2019-50811,39.772881,-104.796009,3/18/2019 11:21,11:21,3,0,2,40TH AVENUE EAST & AIRPORT BOULEVARD,1,1,0,0,1,1,,0,35,0,0,0,0,1,4,2,1
,2019-50812,39.772881,-104.796009,7/12/2019 8:12,8:12,3,0,2,40TH AVENUE EAST & AIRPORT WAY NORTH,1,1,0,0,1,1,,0,45,0,0,0,0,1,4,2,13
,2019-50813,39.772881,-104.796009,7/14/2019 0:11,0:11,3,0,0,40TH AVENUE EAST & AIRPORT BOULEVARD,1,3,0,0,1,1,,0,40,0,0,0,0,0,4,2,7
,2019-50814,39.772881,-104.796009,9/25/2019 9:22,9:22,1,0,0,40TH AVENUE EAST & AIRPORT WAY NORTH,1,1,0,0,1,1,,0,35,0,0,0,0,0,4,2,13
,2019-50815,39.77172,-105.0174225,3/12/2019 12:10,12:10,3,0,0,40TH AVENUE WEST & ALCOTT STREET NORTH,1,1,0,0,1,1,,0,30,0,0,0,0,0,4,2,1
,2019-50816,39.773079,-104.8079115,3/1/2019 7:50,7:50,3,0,0,40TH AVENUE EAST & ANDREWS WAY EAST,1,1,0,0,1,1,,0,35,0,0,0,0,0,4,2,13
,2019-50817,39.774105,-104.882868,2/21/2019 7:00,7:00,12,0,0,40TH AVENUE EAST & CENTRAL PARK BOULEVARD NORTH,1,1,0,0,1,1,,0,35,0,0,0,0,0,4,2,13
,2019-50818,39.773187,-104.809932,1/15/2019 17:24,17:24,1,0,0,40TH AVENUE EAST & CHAMBERS ROAD NORTH,1,3,0,0,1,1,,0,40,0,0,0,0,0,4,2,13
,2019-50819,39.773187,-104.809932,1/18/2019 11:00,11:00,1,0,1,40TH AVENUE EAST & CHAMBERS ROAD NORTH,6,1,0,2,1,1,,0,40,0,0,0,0,1,4,2,13
,2019-50820,39.773187,-104.809932,2/7/2019 11:24,11:24,3,0,0,40TH AVENUE EAST & CHAMBERS ROAD NORTH,4,1,0,0,1,1,,0,40,0,0,0,0,0,4,2,1
,2019-50821,39.783816,-104.94495,2/6/2019 21:35,21:35,5,0,0,48TH AVENUE EAST & MONROE STREET NORTH,4,3,0,2,2,1,,0,30,0,0,0,0,0,4,1,13
,2019-50822,39.773187,-104.809932,6/25/2019 17:15,17:15,12,0,0,40TH AVENUE EAST & CHAMBERS ROAD NORTH,1,1,0,0,1,1,,0,40,0,0,0,0,0,4,2,13
,2019-50823,39.773187,-104.809932,7/13/2019 4:50,4:50,3,0,0,40TH AVENUE EAST & CHAMBERS ROAD NORTH,1,2,0,0,1,1,,0,35,0,0,0,0,0,4,2,2
,2019-50824,39.773187,-104.809932,7/19/2019 5:50,5:50,12,0,0,40TH AVENUE EAST & CHAMBER ROAD NORTH,1,1,0,1,1,1,,0,40,0,0,0,0,0,4,2,13
,2019-50825,39.773187,-104.809932,7/19/2019 16:52,16:52,3,0,1,40TH AVENUE EAST & CHAMBERS ROAD NORTH,1,1,0,0,1,1,,0,35,0,0,0,0,2,4,2,1