id,drcog_id,latitude,longitude,crashtime,time,crashtype,numbkilled,numbinjurd,drcoglocat,rdconditin,lightngcon,roadcntgrd,weatherco,location,roaddescrp,schoolzone,constrzone,splimit,bikeinv,sctrinv,pedinv,motoinv,svrty,rdsystem,ttlvehcls,hcf
,2019-50826,39.773187,-104.809932,9/8/2019 23:51,23:51,15,0,0,40TH AVENUE EAST & CHAMBERS ROAD NORTH,2,3,0,0,1,1,,0,40,0,0,0,0,0,4,2,13
,2019-50827,39.773187,-104.809932,9/16/2019 22:00,22:00,10,0,0,40TH AVENUE EAST & CHAMBERS ROAD NORTH,1,3,0,0,1,1,,0,45,0,0,0,0,0,4,2,7
,2019-50828,39.773187,-104.809932,9/26/2019 8:15,8:15,15,0,0,40TH AVENUE EAST & CHAMBERS ROAD NORTH,1,1,0,0,1,1,,0,35,0,0,0,0,0,4,2,13
,2019-50829,39.772917,-104.9541525,2/21/2019 17:15,17:15,12,0,0,40TH AVENUE EAST & CLAYTON STREET NORTH,1,1,0,0,1,1,,0,35,0,0,0,0,0,4,2,13
,2019-5083,39.7748035,-105.0497507,3/9/2019 2:30,2:30,5,0,0,XAVIER STREET & 1200 BLOCK NORTH,1,3,0,0,4,4,,0,25,0,0,0,0,0,4,1,14
,2019-50830,39.772917,-104.9541525,4/30/2019 15:30,15:30,15,0,0,40TH AVENUE EAST & CLAYTON STREET NORTH,2,1,0,1,1,1,,0,30,0,0,0,0,0,4,2,7
,2019-50831,39.772863,-104.8658895,3/27/2019 8:16,8:16,12,0,0,40TH AVENUE EAST & HAVANA STREET NORTH,1,1,0,0,1,3,,0,40,0,0,0,0,0,4,2,3
,2019-50832,39.772863,-104.8658895,4/26/2019 7:35,7:35,12,0,0,40TH AVENUE EAST & HAVANA STREET NORTH,1,1,0,0,1,1,,0,40,0,0,0,0,0,4,2,13
,2019-50833,39.772863,-104.8658895,10/9/2019 11:26,11:26,10,0,0,40TH AVENUE EAST & HAVANA STREET NORTH,1,1,0,0,1,1,,0,35,0,0,0,0,0,4,2,3
,2019-50835,39.77073,-104.753493,6/12/2019 6:00,6:00,1,0,0,40TH AVENUE EAST & HIMALAYA ROAD NORTH,1,1,0,0,1,1,,0,,0,0,0,0,0,4,2,13
,2019-50836,39.77073,-104.753493,9/24/2019 9:24,9:24,3,0,1,40TH AVENUE EAST & HIMALAYA ROAD NORTH,1,1,0,0,1,1,,0,30,0,0,0,0,2,4,2,13
,2019-50837,39.772881,-104.8016205,7/16/2019 22:46,22:46,1,0,1,40TH AVENUE EAST & KITTREDGE STREET NORTH,1,3,0,0,1,1,,0,40,0,0,0,0,1,4,2,13
,2019-50838,39.772881,-104.8016205,12/2/2019 9:33,9:33,3,0,2,40TH AVENUE EAST & KITTREDGE STREET NORTH,2,1,0,0,1,1,,0,35,0,0,0,0,2,4,2,7
,2019-50839,39.770847,-104.74272,9/13/2019 9:30,9:30,1,0,2,40TH AVENUE EAST & MALAYA STREET NORTH,1,1,1,0,1,1,,0,25,0,0,0,0,1,4,2,13
,2019-50840,39.771738,-105.006429,11/14/2019 12:35,12:35,3,0,1,40TH AVENUE WEST & PECOS STREET NORTH,1,1,1,0,1,1,,0,30,0,0,0,0,1,4,2,13
,2019-50841,39.772008,-104.969691,11/27/2019 14:11,14:11,1,0,0,40TH STREET & WALNUT STREET,6,1,0,0,1,1,,0,30,0,0,0,0,0,4,2,13
,2019-50842,39.77291042,-105.0209184,6/19/2019 13:00,13:00,6,0,0,41ST AVENUE & 4800 BLOCK,1,1,0,0,1,2,,0,25,0,0,0,0,0,4,2,13
,2019-50843,39.772152,-104.752179,8/26/2019 4:07,4:07,6,0,0,41ST AVENUE EAST & IRELAND STREET NORTH,1,4,0,0,1,1,,0,25,0,0,0,0,0,4,2,14
,2019-50844,39.77512838,-104.9015384,2/22/2019 15:22,15:22,3,0,0,41ST AVENUE EAST & STREET PAUL STREET NORTH,1,1,0,0,1,1,,0,25,0,0,0,0,0,4,2,1
,2019-50845,39.772953,-105.0451605,8/28/2019 14:48,14:48,3,0,0,41ST AVENUE WEST & UTICA STREET NORTH,1,1,0,0,1,1,,0,25,0,0,0,0,0,4,2,13
,2019-50846,39.772944,-105.04629,5/21/2019 11:47,11:47,3,0,0,41ST AVENUE WEST & VRAIN STREET NORTH,1,1,0,0,1,1,,0,25,0,0,0,0,0,4,2,3
,2019-50847,39.77484216,-105.0298964,2/6/2019 8:11,8:11,6,0,0,42ND AVENUE & 21200 BLOCK EAST,4,1,0,2,1,4,,0,25,0,0,0,0,0,4,3,7
,2019-50848,39.77484216,-105.0298964,11/22/2019 18:44,18:44,6,0,0,42ND AVENUE & 2400 BLOCK WEST,5,2,0,0,1,4,,0,30,0,0,0,0,0,4,2,1
,2019-50849,39.773898,-104.8349205,4/11/2019 8:10,8:10,3,0,0,42ND AVENUE EAST & CARSON STREET NORTH,5,1,0,2,1,1,,0,25,0,0,0,0,0,4,2,7
,2019-50850,39.774123,-105.02361,11/25/2019 7:59,7:59,3,0,1,42ND AVENUE WEST & ELIOT STREET NORTH,1,1,1,0,1,1,,0,25,0,0,0,0,1,4,2,13
,2019-50851,39.774204,-105.0006015,2/22/2019 12:30,12:30,3,0,0,42ND AVENUE WEST & KALAMATH STREET NORTH,1,1,0,0,1,1,,0,30,0,0,0,0,0,4,2,14
,2019-50852,39.774024,-104.912829,9/12/2019 16:29,16:29,3,0,0,42ND AVENUE EAST & MONACO STREET NORTH,1,1,0,0,1,1,,0,25,0,0,0,0,0,4,2,1
,2019-50853,39.776382,-104.949801,2/14/2019 13:45,13:45,3,0,1,43RD AVENUE EAST & STEELE STREET NORTH,1,1,0,0,1,1,,0,25,0,0,0,0,1,4,2,1
,2019-50854,39.774636,-104.772078,10/31/2019 17:05,17:05,12,0,0,43RD AVENUE EAST & TOWER ROAD NORTH,1,1,0,0,1,1,,0,40,0,0,0,0,0,4,2,13
,2019-50855,39.774762,-105.0451515,2/19/2019 7:25,7:25,15,0,0,43RD AVENUE WEST & UTICA STREET NORTH,2,1,0,0,1,1,,0,25,0,0,0,0,0,4,2,14
,2019-50856,39.7766385,-104.9878372,10/26/2019 17:30,17:30,5,0,0,44TH AVENUE WEST & 2526 WEST 44TH AVENUE,1,2,0,0,2,5,,0,30,0,0,0,0,0,4,1,7
,2019-50857,39.77661769,-105.0247095,8/28/2019 9:12,9:12,15,0,0,44TH AVENUE & 3000 BLOCK WEST,1,1,0,0,1,4,,0,35,0,0,0,0,0,4,2,8
,2019-50858,39.776571,-105.0174585,7/19/2019 13:34,13:34,6,0,0,44TH AVENUE WEST & ALCOTT STREET NORTH,1,1,0,0,1,4,,0,25,0,0,0,0,0,4,2,13
,2019-50859,39.777426,-104.823909,1/28/2019 7:10,7:10,3,0,0,44TH AVENUE EAST & ANDREWS DRIVE EAST,4,1,0,2,1,1,,0,25,0,0,0,0,0,4,3,14
,2019-50860,39.777426,-104.823909,8/24/2019 10:35,10:35,1,0,0,44TH AVENUE EAST & ANDREWS DRIVE EAST,1,1,0,0,1,1,,0,25,0,0,0,0,0,4,3,1
,2019-50861,39.778434,-104.9683995,4/24/2019 10:25,10:25,15,0,0,44TH STREET & BRIGHTON BOULEVARD NORTH,1,1,0,0,1,1,,0,35,0,0,0,0,0,4,2,3
,2019-50862,39.776589,-104.8263885,9/7/2019 17:56,17:56,3,0,0,44TH AVENUE EAST & DEL RIO COURT NORTH,1,1,0,1,1,1,,0,30,0,0,0,0,0,4,2,1
,2019-50863,39.62542584,-104.9064611,6/24/2019 8:34,8:34,5,0,1,CHENANGO AVENUE & 6750 EAST,1,1,0,0,2,4,,0,35,0,0,0,0,1,4,1,10
,2019-50864,39.77791393,-105.0316261,2/17/2019 9:04,9:04,6,0,1,45TH AVENUE & 18900 BLOCK,5,1,0,0,1,4,,0,25,0,0,0,0,1,4,2,7
,2019-50865,39.776706,-105.031449,5/17/2019 16:05,16:05,15,0,1,44TH AVENUE WEST & JULIAN STREET NORTH,1,1,1,0,1,1,,0,30,0,0,0,0,1,4,2,13
,2019-50866,39.776724,-105.0346395,5/27/2019 14:29,14:29,12,0,0,44TH AVENUE WEST & LOWELL BOULEVARD NORTH,1,1,1,0,1,1,,0,30,0,0,0,0,0,4,2,13
,2019-50867,39.776535,-105.0064515,11/20/2019 15:16,15:16,15,0,0,44TH AVENUE WEST & PECOS STREET NORTH,1,2,0,1,1,1,,0,30,0,0,0,0,0,4,3,1
,2019-50868,39.776859,-104.8469535,11/14/2019 13:29,13:29,1,0,0,44TH AVENUE EAST & PEORIA STREET NORTH,1,1,0,0,1,1,,0,35,0,0,0,0,0,4,2,13
,2019-50869,39.776661,-105.03927,1/14/2019 7:18,7:18,1,0,0,44TH AVENUE WEST & PERRY STREET NORTH,1,1,0,0,1,1,,0,30,0,0,0,0,0,4,2,14
,2019-50870,39.776571,-105.0439815,7/5/2019 13:07,13:07,12,0,0,44TH AVENUE WEST & TENNYSON STREET NORTH,1,1,0,0,1,4,,0,25,0,0,0,0,0,4,2,13
,2019-50871,39.776562,-105.052068,5/26/2019 13:18,13:18,12,0,0,44TH AVENUE WEST & ZENOBIA STREET NORTH,1,1,0,0,1,1,,0,30,0,0,0,0,0,4,2,3
,2019-50872,39.776562,-105.052068,10/1/2019 9:31,9:31,5,0,0,44TH AVENUE WEST & ZENOBIA STREET NORTH,2,1,0,1,3,4,,0,30,0,0,0,0,0,4,1,7
,2019-50873,39.776562,-105.015861,10/14/2019 19:00,19:00,1,0,3,44TH AVENUE WEST & ZUNI STREET NORTH,1,3,0,0,1,1,,0,30,0,0,0,0,1,4,2,7
,2019-50874,39.77876341,-104.8704672,5/3/2019 9:30,9:30,9,0,0,45TH AVENUE EAST & 11200 BLOCK EAST,1,1,0,0,3,8,,0,,0,0,0,0,0,4,1,7
,2019-50875,39.77791393,-105.0316261,12/22/2019 8:00,8:00,6,0,0,45TH AVENUE & 11551 EAST,1,1,0,0,6,8,,0,10,0,0,0,0,0,3,2,13
,2019-50876,39.77791393,-105.0316261,12/22/2019 12:49,12:49,12,0,0,45TH AVENUE & 19400 BLOCK EAST,1,1,0,0,1,1,,0,25,0,0,0,0,0,4,2,14
,2019-50877,39.77791393,-105.0316261,6/11/2019 8:15,8:15,6,0,0,45TH AVENUE & 3200 BLOCK EAST,1,1,0,0,1,4,,0,25,0,0,0,0,0,4,3,7
,2019-50878,39.77791393,-105.0316261,9/30/2019 11:53,11:53,6,0,0,45TH AVENUE WEST & 4500 BLOCK WEST,1,1,0,0,1,4,,0,25,0,0,0,0,0,4,2,3
,2019-50879,39.777966,-104.769009,4/11/2019 7:45,7:45,3,0,0,45TH AVENUE EAST & ARGONNE STREET NORTH,5,1,0,2,1,1,,0,25,0,0,0,0,0,4,2,14
,2019-50880,39.777957,-104.7673305,7/18/2019 18:15,18:15,12,0,0,45TH AVENUE EAST & BISCAY STREET NORTH,1,1,0,0,1,1,,0,25,0,0,0,0,0,4,2,13
,2019-50881,39.77892,-104.954121,10/3/2019 17:45,17:45,3,0,0,45TH AVENUE EAST & CLAYTON STREET NORTH,1,1,0,0,1,1,,0,25,0,0,0,0,0,4,2,1
,2019-50882,39.77865,-104.865912,6/2/2019 16:30,16:30,3,0,0,45TH AVENUE EAST & HAVANA STREET NORTH,1,1,0,0,1,1,,0,40,0,0,0,0,0,4,2,13
,2019-50883,39.77865,-104.865912,6/27/2019 18:30,18:30,3,0,0,45TH AVENUE EAST & HAVANA STREET NORTH,1,1,0,0,1,1,,0,35,0,0,0,0,0,4,2,13
,2019-50884,39.778668,-104.8632615,2/26/2019 16:47,16:47,3,0,1,45TH AVENUE EAST & IRONTON STREET NORTH,1,1,0,0,1,1,,0,40,0,0,0,0,1,4,2,13
,2019-50885,39.778668,-104.8632615,11/25/2019 10:17,10:17,8,0,0,45TH AVENUE EAST & IRONTON STREET NORTH,1,1,0,0,1,1,,0,25,0,0,0,0,0,4,2,13
,2019-50886,39.778848,-104.861304,3/1/2019 13:01,13:01,5,0,0,45TH AVENUE EAST & JOLIET STREET NORTH,1,1,0,0,2,1,,0,30,0,0,0,0,0,4,1,13
,2019-50887,39.778848,-104.861304,12/4/2019 17:23,17:23,3,0,0,45TH AVENUE EAST & JOLIET STREET NORTH,1,3,0,0,1,1,,0,40,0,0,0,0,0,4,2,13
,2019-50888,39.778929,-104.958261,7/8/2019 18:20,18:20,3,0,0,45TH AVENUE EAST & JOSEPHINE STREET NORTH,1,1,0,0,1,1,,0,25,0,0,0,0,0,4,2,1
,2019-50889,39.778929,-104.958261,9/21/2019 21:49,21:49,3,0,0,45TH AVENUE EAST & JOSEPHINE STREET NORTH,2,3,0,1,1,1,,0,30,0,0,0,0,0,4,2,7
,2019-50890,39.778929,-104.958261,11/4/2019 17:40,17:40,3,0,1,45TH AVENUE EAST & JOSEPHINE STREET NORTH,1,2,0,0,1,1,,0,25,0,0,0,0,1,4,2,1
,2019-50891,39.778929,-104.958261,12/5/2019 18:10,18:10,3,0,0,45TH AVENUE EAST & JOSEPHINE STREET NORTH,2,3,0,2,1,1,,0,30,0,0,0,0,0,4,2,1
,2019-50892,39.778686,-104.858991,2/28/2019 5:44,5:44,3,0,1,45TH AVENUE EAST & KINGSTON STREET NORTH,1,2,0,0,1,1,,0,20,0,0,0,0,1,4,2,13
,2019-50893,39.778686,-104.858991,7/10/2019 17:50,17:50,3,0,0,45TH AVENUE EAST & KINGSTON STREET NORTH,1,1,0,0,1,1,,0,35,0,0,0,0,0,4,2,14
,2019-50894,39.778326,-104.9801715,4/23/2019 8:00,8:00,1,0,0,45TH AVENUE EAST & PEARL STREET NORTH,1,1,0,0,1,1,,0,35,0,0,0,0,0,4,2,14
,2019-50895,39.778047,-104.84712,1/22/2019 17:08,17:08,12,0,0,45TH AVENUE EAST & PEORIA STREET NORTH,9,3,0,0,1,1,,0,40,0,0,0,0,0,4,2,7
,2019-50896,39.778002,-104.7722715,1/11/2019 19:27,19:27,1,0,2,45TH AVENUE EAST & TOWER ROAD NORTH,4,3,0,2,1,1,,0,40,0,0,0,0,2,4,2,13
,2019-50897,39.778002,-104.7722715,4/5/2019 20:09,20:09,1,0,4,45TH AVENUE EAST & TOWER ROAD NORTH,1,2,0,0,1,1,,0,45,0,0,0,0,1,4,2,10
,2019-50898,39.77838,-105.047451,10/30/2019 13:00,13:00,3,0,0,45TH AVENUE WEST & WINONA COURT NORTH,6,1,1,0,1,1,,0,25,0,0,0,0,0,4,2,13
,2019-50899,39.777993,-104.774481,11/14/2019 7:20,7:20,3,0,0,45TH AVENUE EAST & YAMPA STREET NORTH,1,1,0,0,1,1,,0,30,0,0,0,0,0,4,2,13
,2019-50900,39.780882,-104.88294,1/25/2019 11:20,11:20,1,0,1,46TH PLACE EAST & CENTRAL PARK BOULEVARD NORTH,1,1,0,0,1,1,,0,35,0,0,0,0,1,4,2,3
,2019-50901,39.776571,-104.8099095,8/25/2019 16:53,16:53,15,0,0,46TH AVENUE EAST & CHAMBERS ROAD NORTH,1,1,1,0,1,1,,0,40,0,0,0,0,0,4,2,13
,2019-50902,39.779118,-104.8215915,8/9/2019 18:02,18:02,3,0,0,46TH AVENUE EAST & DURHAM COURT NORTH,1,1,0,0,1,3,,0,25,0,0,0,0,0,4,2,13
,2019-50903,39.783681,-105.020469,11/13/2019 11:20,11:20,6,0,0,CLAY STREET NORTH & 4221 NORTH CLAY STREET,1,1,0,0,1,4,,0,30,0,0,0,0,0,4,2,12
,2019-50904,39.778308,-104.8173795,9/16/2019 13:19,13:19,12,0,0,46TH AVENUE EAST & EUGENE WAY NORTH,1,1,0,0,1,1,,0,25,0,0,0,0,0,4,2,14
,2019-50905,39.780036,-104.759019,3/19/2019 0:00,0:00,3,0,0,46TH AVENUE EAST & FLANDERS NORTH,1,1,0,0,1,1,,0,25,0,0,0,0,0,4,2,14
,2019-50906,39.77712,-104.8132215,11/9/2019 11:25,11:25,3,0,1,46TH AVENUE & FRASER WAY,1,1,0,0,1,1,,0,25,0,0,0,0,1,4,2,13
,2019-50907,39.77658,-104.8107015,12/9/2019 7:50,7:50,3,0,2,46TH AVENUE EAST & GRANBY WAY NORTH,1,1,0,0,1,1,,0,30,0,0,0,0,1,4,2,13
,2019-50908,39.780135,-104.9246415,3/4/2019 21:15,21:15,5,0,0,46TH AVENUE EAST & GRAPE STREET NORTH,2,3,0,0,3,1,,0,30,0,0,0,0,0,4,1,13
,2019-50909,39.780171,-105.004161,1/26/2019 12:00,12:00,3,0,0,46TH AVENUE WEST & NAVAJO STREET NORTH,1,1,0,0,1,1,,0,25,0,0,0,0,0,4,2,3
,2019-50910,39.780207,-105.038091,8/5/2019 20:38,20:38,14,0,0,46TH AVENUE WEST & OSCEOLA STREET NORTH,1,3,0,0,1,1,,0,30,0,0,0,0,0,4,2,13
,2019-50911,39.780063,-104.975748,12/6/2019 8:47,8:47,12,0,0,46TH AVENUE EAST & PACKING HOUSE ROAD,5,1,1,0,1,1,,0,35,0,0,0,0,0,4,2,13
,2019-50912,39.780171,-105.006438,2/22/2019 15:23,15:23,15,0,0,46TH AVENUE WEST & PECOS STREET NORTH,1,1,1,0,1,1,,0,25,0,0,0,0,0,4,2,13
,2019-50913,39.780171,-105.006438,5/8/2019 17:42,17:42,15,0,0,46TH AVENUE WEST & PECOS STREET NORTH,2,1,0,1,1,1,,0,35,0,0,0,0,0,4,2,13
,2019-50914,39.780981,-104.887989,11/10/2019 21:45,21:45,3,0,1,46TH AVENUE EAST & WILLOW STREET NORTH,1,3,0,1,1,1,,0,25,0,0,0,0,2,4,2,1
,2019-50915,39.780171,-105.006438,6/13/2019 13:38,13:38,3,0,0,46TH AVENUE WEST & PECOS STREET NORTH,1,1,0,0,1,1,,0,30,0,0,0,0,0,4,3,13
,2019-50916,39.780171,-105.006438,7/10/2019 14:05,14:05,3,0,0,46TH AVENUE WEST & PECOS STREET NORTH,1,1,0,0,1,1,,0,30,0,0,0,0,0,4,2,13
,2019-50917,39.780171,-105.006438,9/15/2019 18:48,18:48,1,0,2,46TH AVENUE WEST & PECOS AVENUE NORTH,1,1,0,0,1,1,,0,30,0,0,0,0,1,4,3,13
,2019-50918,39.780144,-104.98122,7/4/2019 18:32,18:32,6,0,0,46TH AVENUE WEST & PENNSYLVANIA STREET NORTH,2,1,0,1,1,1,,0,25,0,0,0,0,0,4,2,13
,2019-50919,39.779577,-104.847129,1/10/2019 7:59,7:59,1,0,0,46TH AVENUE EAST & PEORIA STREET NORTH,1,1,0,0,1,1,,0,35,0,0,0,0,0,4,2,14
,2019-50920,39.779577,-104.847129,3/1/2019 16:53,16:53,1,0,1,46TH AVENUE EAST & PEORIA STREET NORTH,1,1,0,0,1,1,,0,40,0,0,0,0,1,4,2,13
,2019-50921,39.779577,-104.847129,8/27/2019 16:15,16:15,3,0,0,46TH AVENUE EAST & PEORIA STREET NORTH,1,1,0,0,1,1,,0,40,0,0,0,0,0,4,2,13
,2019-50922,39.779577,-104.847129,9/12/2019 16:28,16:28,1,0,0,46TH AVENUE EAST & PEORIA STREET NORTH,1,1,0,0,1,1,,0,45,0,0,0,0,0,4,3,7
,2019-50923,39.779577,-104.847129,9/24/2019 16:00,16:00,1,0,0,46TH AVENUE EAST & PEORIA STREET NORTH,2,1,0,0,1,1,,0,40,0,0,0,0,0,4,2,13
,2019-50924,39.780198,-105.041592,1/17/2019 16:11,16:11,12,0,1,46TH AVENUE WEST & RALEIGH STREET NORTH / 4100 BLOCK WEST,1,1,1,0,1,4,,0,30,0,0,0,0,1,4,2,2
,2019-50925,39.780198,-105.041592,6/10/2019 7:47,7:47,1,0,0,46TH AVENUE WEST & RALEIGH STREET NORTH,1,1,0,0,1,1,,0,25,0,0,0,0,0,4,2,5
,2019-50926,39.780207,-105.043959,3/9/2019 17:58,17:58,3,0,1,46TH AVENUE WEST & TENNYSON STREET NORTH,1,1,0,0,1,1,,0,25,0,0,0,0,2,4,2,5
,2019-50927,39.78063,-104.8417695,3/2/2019 17:08,17:08,3,0,0,46TH AVENUE EAST & TULSA COURT NORTH,4,2,1,2,1,1,,0,25,0,0,0,0,0,4,2,13
,2019-50928,39.787389,-104.9875425,5/25/2019 16:51,16:51,6,0,0,50TH AVENUE EAST & 1860 EAST 50TH AVENUE,1,1,0,0,1,2,,0,25,0,0,0,0,0,4,2,13
,2019-50929,39.7809,-104.8861395,8/23/2019 12:18,12:18,3,0,0,46TH PLACE EAST & XENIA STREET NORTH,1,1,0,0,1,1,,0,25,0,0,0,0,0,4,2,13
,2019-50930,39.782511,-104.876289,9/22/2019 0:13,0:13,5,0,0,47TH AVENUE EAST & 10848 EAST 47TH AVENUE,1,3,0,0,3,3,,0,45,0,0,0,0,0,4,1,14
,2019-50931,39.78209257,-105.036354,1/15/2019 10:08,10:08,6,0,0,47TH AVENUE & 1900 BLOCK WEST,1,1,1,0,1,4,,0,,0,0,0,0,0,4,2,13
,2019-50932,39.781773,-104.978241,5/22/2019 16:40,16:40,10,0,0,47TH AVENUE EAST & 46TH AVENUE EAST,1,1,0,0,1,1,,0,30,0,0,0,0,0,4,2,1
,2019-50933,39.78209257,-105.036354,5/3/2019 6:40,6:40,10,0,0,47TH AVENUE & 7000 EAST,1,1,0,0,1,2,,0,,0,0,0,0,0,4,2,13
,2019-50934,39.781935,-104.9677515,9/17/2019 15:49,15:49,10,0,0,47TH AVENUE EAST & BALDWIN COURT NORTH,1,1,0,0,1,1,,0,25,0,0,0,0,0,4,2,1
,2019-50935,39.77946,-104.8299795,12/1/2019 10:30,10:30,3,0,0,47TH DRIVE EAST & CRYSTAL STREET NORTH,5,1,0,0,1,1,,0,,0,0,0,0,0,4,2,13
,2019-50936,39.78252,-104.8720905,5/2/2019 14:59,14:59,3,0,0,47TH AVENUE EAST & FLORENCE STREET NORTH,1,1,0,0,1,1,,0,35,0,0,0,0,0,4,2,1
,2019-50937,39.782187,-104.8688415,2/14/2019 15:32,15:32,3,0,1,47TH AVENUE EAST & GENEVA STREET NORTH,1,1,0,0,1,1,,0,35,0,0,0,0,2,4,2,2
,2019-50938,39.748896,-104.9874525,10/8/2019 16:37,16:37,15,0,0,20TH STREET & BROADWAY STREET NORTH,1,1,0,0,1,1,,0,25,0,0,0,0,0,4,2,8
,2019-50939,39.782277,-104.865921,7/11/2019 20:33,20:33,3,0,0,47TH AVENUE EAST & HAVANA STREET NORTH,2,3,0,1,1,1,,0,40,0,0,0,0,0,4,2,13
,2019-50940,39.782277,-104.865921,8/22/2019 17:37,17:37,12,0,2,47TH AVENUE EAST & HAVANA STREET NORTH,1,1,0,0,1,1,,0,35,0,0,0,0,1,4,2,3
,2019-50941,39.782277,-104.865921,9/3/2019 19:15,19:15,12,0,0,47TH AVENUE EAST & HAVANA STREET NORTH,1,1,0,0,1,1,,0,30,0,0,0,0,0,4,2,13
,2019-50942,39.781143,-104.922261,5/13/2019 17:16,17:16,3,0,0,47TH AVENUE EAST & HOLLY STREET NORTH,1,1,0,0,1,1,,0,25,0,0,0,0,0,4,2,1
,2019-50943,39.782277,-104.863284,6/14/2019 15:17,15:17,3,0,0,47TH AVENUE EAST & IRONTON STREET NORTH,1,1,0,0,1,1,,0,35,0,0,0,0,0,4,2,1
,2019-50944,39.782277,-104.863284,12/6/2019 8:19,8:19,15,0,0,47TH AVENUE EAST & IRONTON STREET NORTH,5,1,0,0,1,1,,0,35,0,0,0,0,0,4,2,13
,2019-50945,39.782367,-104.858991,11/11/2019 16:18,16:18,5,0,0,47TH AVENUE EAST & KINGSTON STREET NORTH,1,1,0,0,2,1,,0,35,0,0,0,0,0,4,1,13
,2019-50946,39.781944,-104.98581,6/10/2019 8:10,8:10,3,0,0,47TH AVENUE EAST & LINCOLN STREET NORTH,1,1,0,0,1,1,,0,30,0,0,0,0,0,4,2,7
,2019-50947,39.782385,-104.8526325,5/7/2019 12:20,12:20,3,0,0,47TH AVENUE EAST & NOME STREET NORTH,1,1,0,0,1,1,,0,40,0,0,0,0,0,4,2,13
,2019-50948,39.782403,-104.8489515,11/6/2019 12:38,12:38,1,0,2,47TH AVENUE EAST & PARIS STREET NORTH,1,3,0,0,1,3,,0,30,0,0,0,0,1,4,2,13
,2019-50949,39.782403,-104.8489515,11/8/2019 12:05,12:05,1,0,0,47TH AVENUE EAST & PARIS STREET NORTH,1,1,0,0,1,1,,0,25,0,0,0,0,0,4,2,13
,2019-50950,39.782394,-104.8470885,1/18/2019 1:18,1:18,12,0,0,47TH AVENUE EAST & PEORIA STREET NORTH,1,1,0,0,1,1,,0,,0,0,0,0,0,4,2,13
,2019-50951,39.782394,-104.8470885,1/30/2019 20:40,20:40,1,0,0,47TH AVENUE EAST & PEORIA STREET NORTH,1,3,0,0,1,1,,0,40,0,0,0,0,0,4,2,13
,2019-50952,39.782394,-104.8470885,8/22/2019 8:04,8:04,12,0,0,47TH AVENUE & PEORIA STREET,1,1,0,0,1,1,,0,35,0,0,0,0,0,4,2,13
,2019-50953,39.782394,-104.8470885,10/9/2019 16:41,16:41,15,0,0,47TH AVENUE EAST & PEORIA STREET NORTH,1,1,0,0,1,3,,0,40,0,0,0,0,0,4,2,13
,2019-50954,39.781791,-104.772258,8/10/2019 7:37,7:37,5,0,0,47TH AVENUE EAST & TOWER ROAD NORTH,1,1,0,0,2,1,,0,45,0,0,0,0,0,4,1,1
,2019-50955,39.781791,-104.772258,10/23/2019 17:15,17:15,3,0,0,47TH AVENUE EAST & TOWER ROAD NORTH,4,2,0,2,1,1,,0,40,0,0,0,0,0,4,2,13
,2019-50956,39.756339,-105.015852,5/26/2019 12:00,12:00,5,0,0,SPEER BOULEVARD NORTH & 3165 NORTH SPEER BOULEVARD,1,1,0,0,3,4,,0,35,0,0,0,0,0,4,1,1
,2019-50957,39.781854,-104.978628,1/21/2019 9:52,9:52,15,0,0,47TH AVENUE EAST & WASHINGTON STREET NORTH,1,1,0,0,1,1,,0,25,0,0,0,0,0,4,2,13
,2019-50958,39.781962,-104.9592915,10/11/2019 0:12,0:12,5,0,0,47TH AVENUE EAST & YORK STREET NORTH,5,4,0,0,1,4,,0,35,0,0,0,0,0,4,1,5
,2019-50959,39.784329,-104.8839885,7/17/2019 13:20,13:20,3,0,0,48TH AVENUE EAST & 4000 BLOCK EAST,1,1,0,0,1,2,,0,15,0,0,0,0,0,4,2,1
,2019-50960,39.78006028,-104.7736805,4/15/2019 15:39,15:39,15,0,0,48TH AVENUE EAST & 46TH AVENUE EAST,1,1,0,0,1,1,,0,30,0,0,0,0,0,4,2,1
,2019-50961,39.78006028,-104.7736805,6/4/2019 10:26,10:26,15,0,0,48TH AVENUE EAST & 46TH AVENUE EAST,1,1,0,0,1,1,,0,25,0,0,0,0,0,4,2,14
,2019-50962,39.783798,-104.912118,8/20/2019 17:25,17:25,3,0,0,48TH AVENUE EAST & 47TH AVENUE DRIVE EAST,1,1,0,0,1,1,,0,25,0,0,0,0,0,4,2,1
,2019-50963,39.78390812,-105.01459,7/15/2019 15:18,15:18,9,0,1,48TH AVENUE WEST & 900 BLOCK WEST,1,1,0,0,1,4,,0,35,0,0,0,0,2,4,1,3
,2019-50964,39.783798,-104.9487705,9/12/2019 16:43,16:43,3,0,0,48TH AVENUE EAST & ADAMS STREET NORTH,1,1,0,0,1,1,,0,25,0,0,0,0,0,4,2,1
,2019-50965,39.78342,-104.9315985,7/29/2019 11:15,11:15,10,0,0,48TH AVENUE EAST & DAHLIA STREET NORTH,1,1,0,0,1,1,,0,30,0,0,0,0,0,4,2,14