id,drcog_id,latitude,longitude,crashtime,time,crashtype,numbkilled,numbinjurd,drcoglocat,rdconditin,lightngcon,roadcntgrd,weatherco,location,roaddescrp,schoolzone,constrzone,splimit,bikeinv,sctrinv,pedinv,motoinv,svrty,rdsystem,ttlvehcls,hcf
,2019-50966,39.783771,-104.927022,7/4/2019 12:06,12:06,10,0,0,48TH AVENUE EAST & FOREST STREET NORTH,1,1,0,0,1,1,,0,30,0,0,0,0,0,4,2,3
,2019-50967,39.783771,-104.927022,8/28/2019 19:40,19:40,3,0,0,48TH AVENUE EAST & FOREST STREET NORTH,1,1,0,0,1,1,,0,25,0,0,0,0,0,4,2,1
,2019-50968,39.783771,-104.927022,12/13/2019 12:12,12:12,3,0,0,48TH AVENUE EAST & FOREST STREET NORTH,1,1,0,0,1,1,,0,25,0,0,0,0,0,4,2,14
,2019-50969,39.783798,-104.919939,4/7/2019 20:41,20:41,3,0,0,48TH AVENUE EAST & IVY STREET,1,3,0,0,1,1,,0,35,0,0,0,0,0,4,2,13
,2019-50970,39.783843,-105.0082515,10/14/2019 18:22,18:22,12,0,2,48TH AVENUE WEST & QUIVAS STREET NORTH,1,3,0,0,1,1,,0,30,0,0,0,0,1,4,2,13
,2019-50971,39.783861,-105.04395,1/18/2019 12:25,12:25,3,0,0,48TH AVENUE WEST & TENNYSON STREET NORTH,5,1,1,2,1,1,,0,25,0,0,0,0,0,4,2,13
,2019-50972,39.783906,-105.0147,3/12/2019 0:07,0:07,5,0,0,48TH AVENUE WEST & WYANDOT STREET NORTH,1,3,1,0,2,1,,0,30,0,0,0,0,0,4,2,13
,2019-50973,39.783978,-105.0158385,11/19/2019 15:40,15:40,1,0,0,48TH AVENUE WEST & ZUNI STREET NORTH,1,1,0,0,1,1,,0,30,0,0,0,0,0,4,2,13
,2019-50974,39.783978,-105.0158385,12/3/2019 13:55,13:55,3,0,0,48TH AVENUE WEST & ZUNI STREET NORTH,2,1,1,0,1,1,,0,30,0,0,0,0,0,4,2,13
,2019-50975,39.79062536,-104.8287659,3/7/2019 7:07,7:07,10,0,0,49TH STREET NORTH & BILLLINGS STREET EAST,5,1,0,0,1,1,,0,30,0,0,0,0,0,4,2,7
,2019-50976,39.757104,-104.996502,10/5/2019 23:52,23:52,5,0,0,21ST STREET & WEWATTA STREET,1,3,0,0,2,1,,0,30,0,0,0,0,0,4,1,13
,2019-50977,39.78675,-104.8659615,12/3/2019 19:14,19:14,3,0,0,49TH AVENUE EAST & HAVANNA STREET NORTH,1,3,0,0,1,1,,0,30,0,0,0,0,0,4,2,13
,2019-50978,39.785607,-105.031062,10/24/2019 14:15,14:15,3,0,0,49TH AVENUE WEST & JULIAN STREET NORTH,1,1,0,0,1,1,,0,25,0,0,0,0,0,4,2,13
,2019-50979,39.786228,-104.8506795,6/24/2019 11:15,11:15,3,0,0,49TH AVENUE EAST & OAKLAND STREET NORTH,1,1,0,0,1,1,,0,30,0,0,0,0,0,4,2,13
,2019-50980,39.786228,-104.848893,7/11/2019 6:21,6:21,10,0,0,49TH AVENUE EAST & PARIS STREET NORTH,1,1,0,0,1,1,,0,35,0,0,0,0,0,4,2,13
,2019-50981,39.786408,-104.847147,6/4/2019 11:36,11:36,3,0,0,49TH AVENUE EAST & PEORIA STREET NORTH,1,1,0,0,1,1,,0,40,0,0,0,0,0,4,2,13
,2019-50982,39.785886,-104.77224,10/13/2019 12:35,12:35,1,0,0,49TH AVENUE EAST & TOWER ROAD NORTH,1,1,0,0,1,1,,0,45,0,0,0,0,0,4,2,13
,2019-50983,39.785886,-104.77224,11/20/2019 17:30,17:30,1,0,1,49TH AVENUE EAST & TOWER ROAD NORTH,2,3,1,2,1,1,,0,40,0,0,0,0,1,4,2,13
,2019-50984,39.788541,-104.8282695,4/11/2019 15:46,15:46,3,0,0,51ST AVENUE EAST & CROWN BOULEVARD NORTH,1,1,0,0,1,1,,0,25,0,0,0,0,0,4,2,1
,2019-50985,39.787038,-104.8852305,4/18/2019 13:57,13:57,3,0,0,49TH PLACE EAST & YOSEMITE STREET NORTH,1,1,0,0,1,1,,0,25,0,0,0,0,0,4,2,13
,2019-50986,39.722517,-104.990832,2/8/2019 17:55,17:55,3,0,0,FOURTH AVENUE WEST & BANNOCK STREET NORTH,1,3,0,0,1,1,,0,25,0,0,0,0,0,4,2,8
,2019-50987,39.722544,-104.987502,2/28/2019 12:21,12:21,3,0,0,FOURTH AVENUE EAST & BROADWAY STREET NORTH,1,1,0,0,1,1,,0,25,0,0,0,0,0,4,2,13
,2019-50988,39.722544,-104.987502,5/8/2019 13:01,13:01,10,0,0,FOURTH AVENUE EAST & BROADWAY STREET NORTH,2,1,0,1,1,1,,0,30,0,0,0,0,0,4,2,8
,2019-50989,39.722544,-104.987502,6/13/2019 15:40,15:40,10,0,1,FOURTH AVENUE EAST & BROADWAY NORTH,1,1,0,0,1,1,,0,35,0,0,0,0,2,4,2,13
,2019-50990,39.680343,-104.981661,11/21/2019 15:00,15:00,3,0,0,PENNSYLVANIA STREET SOUTH & ASBURY STREET SOUTH,2,1,0,2,1,1,,0,35,0,0,0,0,0,4,2,13
,2019-50991,39.722508,-104.9775795,5/7/2019 16:40,16:40,3,0,1,FOURTH AVENUE EAST & CLARKSON STREET NORTH,2,1,0,1,1,1,,0,25,0,0,0,0,1,4,2,8
,2019-50992,39.722922,-105.0324705,5/24/2019 18:56,18:56,3,0,0,FOURTH AVENUE WEST & KNOX COURT NORTH,1,1,1,0,1,1,,0,35,0,0,0,0,0,4,2,5
,2019-50993,39.722922,-105.0324705,9/19/2019 10:25,10:25,3,0,1,FOURTH AVENUE WEST & KNOX COURT NORTH,1,1,1,0,1,1,,0,30,0,0,0,0,2,4,2,13
,2019-50994,39.787371,-104.769639,8/24/2019 6:00,6:00,5,0,0,50TH AVENUE EAST & ARGONNE STREET NORTH,1,4,0,0,4,1,,0,25,0,0,0,0,0,4,1,14
,2019-50995,39.722544,-104.9862825,8/13/2019 7:52,7:52,1,0,0,FOURTH AVENUE EAST & LINCOLN STREET NORTH,1,1,0,0,1,1,,0,25,0,0,0,0,0,4,2,13
,2019-50996,39.72195,-104.971752,6/12/2019 11:10,11:10,3,0,1,FOURTH AVENUE EAST & MARION STREET NORTH,1,1,0,0,1,1,,0,25,0,0,0,0,1,4,2,13
,2019-50997,39.722544,-104.9522085,2/27/2019 19:10,19:10,10,0,0,FOURTH AVENUE EAST & MILWAUKEE STREET NORTH,1,3,0,0,1,1,,0,25,0,0,0,0,0,4,2,13
,2019-50998,39.722544,-104.9522085,8/6/2019 11:32,11:32,3,0,0,FOURTH AVENUE EAST & MILWAUKEE STREET NORTH,1,1,0,0,1,1,,0,25,0,0,0,0,0,4,2,13
,2019-50999,39.722544,-104.9522085,10/5/2019 15:38,15:38,3,0,0,FOURTH AVENUE EAST & MILWAUKEE STREET NORTH,1,1,0,0,1,1,,0,25,0,0,0,0,0,4,2,13
,2019-51000,39.72294,-105.0373125,1/24/2019 14:15,14:15,3,0,0,FOURTH AVENUE WEST & NEWTON STREET NORTH,5,1,0,0,1,1,,0,25,0,0,0,0,0,4,2,13
,2019-51001,39.722949,-105.03972,6/12/2019 22:08,22:08,3,0,1,FOURTH AVENUE WEST & PERRY STREET NORTH,1,3,0,0,1,1,,0,25,0,0,0,0,1,4,2,5
,2019-51002,39.721959,-104.9633595,10/29/2019 14:40,14:40,8,0,0,FOURTH AVENUE EAST & RACE STREET NORTH,4,1,0,2,1,3,,0,25,0,0,0,0,0,4,2,8
,2019-51004,39.712914,-104.9815485,4/2/2019 10:52,10:52,3,0,0,PENNSYLVANIA STREET SOUTH & CEDAR AVENUE,1,1,0,0,1,1,,0,30,0,0,0,0,0,4,2,13
,2019-51005,39.722517,-104.99859,3/14/2019 19:50,19:50,3,0,0,FOURTH AVENUE WEST & SANTA FE DRIVE NORTH,1,4,0,0,1,1,,0,25,0,0,0,0,0,4,2,13
,2019-51006,39.722517,-104.99859,10/28/2019 13:15,13:15,3,0,0,FOURTH AVENUE WEST & SANTA FE DRIVE NORTH,2,1,0,0,1,1,,0,30,0,0,0,0,0,4,2,13
,2019-51007,39.786237,-105.00642,7/31/2019 3:25,3:25,5,0,0,50TH AVENUE WEST & PECOS STREET NORTH,1,3,0,0,3,1,,0,25,0,0,0,0,0,4,1,5
,2019-51008,39.787371,-104.949909,2/20/2019 7:50,7:50,3,0,0,50TH AVENUE EAST & STEELE STREET NORTH,1,1,0,0,1,1,,0,25,0,0,0,0,0,4,2,13
,2019-51009,39.787371,-104.772249,3/16/2019 22:34,22:34,3,0,1,50TH AVENUE EAST & TOWER ROAD NORTH,1,3,0,0,1,1,,0,45,0,0,0,0,1,4,2,13
,2019-51010,39.789234,-104.830011,8/2/2019 17:49,17:49,5,0,0,51ST AVENUE EAST & BILLINGS STREET NORTH,1,1,0,0,4,1,,0,25,0,0,0,0,0,4,1,5
,2019-51011,39.787821,-104.8265415,2/3/2019 8:30,8:30,12,0,1,51ST AVENUE EAST & CHANDLER WAY NORTH,1,1,0,0,1,3,,0,35,0,0,0,0,1,4,2,14
,2019-51012,39.788973,-104.9771115,12/6/2019 18:20,18:20,6,0,0,51ST AVENUE EAST & CLARKSON STREET NORTH,1,3,0,0,1,1,,0,25,0,0,0,0,0,4,2,13
,2019-51013,39.78239667,-104.8205072,1/28/2019 10:38,10:38,5,0,0,DURHAM COURT & 5050 NORTH,4,1,0,2,2,4,,0,25,0,0,0,0,0,4,1,1
,2019-51014,39.788541,-104.8282695,8/3/2019 16:11,16:11,3,0,0,51ST AVENUE EAST & CROWN BOULEVARD NORTH,1,1,0,0,1,1,,0,25,0,0,0,0,0,4,2,14
,2019-51015,39.78648,-104.8203405,6/8/2019 8:15,8:15,3,0,2,51ST AVENUE EAST & DEEPHAVEN COURT NORTH,1,1,0,0,1,1,,0,25,0,0,0,0,2,4,2,13
,2019-51016,39.789774,-104.763888,9/24/2019 7:45,7:45,3,0,0,51ST PLACE EAST & DUNKIRK WAY NORTH,1,1,0,0,1,1,,0,25,0,0,0,0,0,4,2,13
,2019-51018,39.790017,-104.7621915,1/15/2019 8:25,8:25,5,0,0,51ST AVENUE EAST & ESPANA WAY 5094 BLOCK NORTH,1,1,0,0,3,4,,0,25,0,0,0,0,0,4,1,14
,2019-51019,39.790107,-104.866029,9/13/2019 9:39,9:39,10,0,0,51ST AVENUE EAST & HAVANA STREET NORTH,1,1,0,0,1,1,,0,35,0,0,0,1,0,4,2,13
,2019-51020,39.790107,-104.866029,9/19/2019 12:30,12:30,12,0,1,51ST AVENUE EAST & HAVANA STREET NORTH,1,1,0,0,1,1,,0,40,0,0,0,0,2,4,2,13
,2019-51021,39.790107,-104.866029,11/24/2019 23:03,23:03,3,0,1,51ST AVENUE EAST & HAVANA STREET NORTH,4,3,0,2,1,1,,0,35,0,0,0,0,2,4,2,14
,2019-51022,39.790161,-104.8566285,10/15/2019 8:50,8:50,10,0,0,51ST AVENUE EAST & LIMA STREET NORTH,1,1,0,0,1,1,,0,30,0,0,0,0,0,4,2,13
,2019-51023,39.790179,-104.8548915,8/22/2019 19:43,19:43,3,0,0,51ST AVENUE EAST & MOLINE STREET,1,2,0,6,1,1,,0,30,0,0,0,0,0,4,2,13
,2019-51024,39.790179,-104.8548915,9/24/2019 8:58,8:58,10,0,0,51ST AVENUE EAST & MOLINE STREET NORTH,1,1,0,0,1,1,,0,35,0,0,0,0,0,4,2,13
,2019-51025,39.790161,-104.852691,6/26/2019 13:40,13:40,5,0,0,51ST AVENUE EAST & NOME STREET NORTH,1,1,0,0,3,1,,0,10,0,0,0,0,0,4,1,13
,2019-51026,39.789126,-104.737878,6/20/2019 17:09,17:09,12,0,1,51ST PLACE EAST & ORLEANS STREET NORTH,1,1,0,0,1,1,,0,25,0,0,0,0,1,4,2,13
,2019-51027,39.789279,-104.847183,1/15/2019 6:27,6:27,12,0,1,51ST AVENUE EAST & PEORIA STREET NORTH,1,2,1,0,1,3,,0,25,0,0,0,0,1,4,2,13
,2019-51028,39.725658,-104.990868,3/15/2019 17:23,17:23,12,0,0,SIXTH AVENUE WEST & BANNOCK STREET NORTH,1,1,0,0,1,1,,0,35,0,0,0,0,0,4,2,13
,2019-51029,39.789324,-104.8429035,4/5/2019 13:55,13:55,3,0,0,51ST AVENUE EAST & SCRANTON COURT NORTH,1,1,0,0,1,1,,0,25,0,0,0,0,0,4,2,13
,2019-51030,39.78954,-104.772231,1/14/2019 7:56,7:56,3,0,2,51ST AVENUE EAST & TOWER ROAD NORTH,1,1,0,0,1,1,,0,30,0,0,0,0,1,4,2,14
,2019-51031,39.791061,-104.835582,12/8/2019 8:50,8:50,3,0,0,51ST AVENUE EAST & UVALDA STREET NORTH,1,1,0,0,1,1,,0,25,0,0,0,0,0,4,2,13
,2019-51032,39.788982,-104.9782815,6/30/2019 15:11,15:11,12,0,0,51ST AVENUE EAST & WASHINGTON STREET NORTH,1,1,0,0,1,1,,0,30,0,0,0,0,0,4,2,3
,2019-51033,39.788982,-104.9782815,8/14/2019 12:11,12:11,3,0,1,51ST AVENUE EAST & WASHINGTON STREET NORTH,1,1,0,0,1,1,,0,35,0,0,0,0,1,4,3,3
,2019-51034,39.791052,-105.0126032,3/16/2019 7:30,7:30,6,0,0,52ND AVENUE WEST & 1800 BLOCK,1,1,0,0,1,4,,0,30,0,0,0,0,0,4,2,3
,2019-51035,39.791052,-105.0126032,2/8/2019 7:15,7:15,12,0,0,52ND AVENUE & 18224 EAST,4,1,0,0,1,2,,0,25,0,0,0,0,0,4,2,13
,2019-51036,39.791052,-105.0126032,9/21/2019 18:23,18:23,14,0,0,52ND AVENUE & 4600 BLOCK WEST,1,2,0,0,1,4,,0,35,0,0,0,0,0,4,2,1
,2019-51037,39.787902,-104.8098015,2/23/2019 14:06,14:06,12,0,0,52ND AVENUE EAST & CHAMBERS ROAD NORTH,6,1,0,0,1,1,,0,40,0,0,0,0,0,4,2,13
,2019-51038,39.791088,-105.023943,12/12/2019 8:51,8:51,3,0,0,52ND AVENUE WEST & ELIOT STREET NORTH,1,1,1,0,1,1,,0,,0,0,0,0,0,4,2,13
,2019-51039,39.791034,-105.00642,6/5/2019 8:52,8:52,12,0,0,52ND AVENUE WEST & PECOS STREET NORTH,1,1,0,0,1,1,,0,30,0,0,0,0,0,4,2,13
,2019-51040,39.79236227,-104.9703943,11/19/2019 12:50,12:50,6,0,0,53RD AVENUE & 16000 BLOCK EAST,1,1,0,0,1,4,,0,25,0,0,0,0,0,4,2,7
,2019-51041,39.79236227,-104.9703943,2/25/2019 9:14,9:14,1,0,0,53RD AVENUE & 16100 BLOCK EAST,1,1,0,0,1,4,,0,25,0,0,0,0,0,4,2,7
,2019-51042,39.79026,-104.8105485,9/29/2019 4:04,4:04,5,0,0,53RD AVENUE EAST & GRANBY STREET NORTH,1,4,0,0,3,1,,0,,0,0,0,0,0,4,1,13
,2019-51043,39.79426341,-104.7484329,7/13/2019 3:24,3:24,6,0,0,55TH AVENUE EAST & 20579 EAST 55TH AVENUE,1,3,0,0,1,4,,0,25,0,0,0,0,0,4,2,7
,2019-51044,39.79827,-104.7909015,4/12/2019 17:00,17:00,15,0,0,56TH AVENUE 17000 BLOCK EAST & BUCKLEY ROAD NORTH,1,1,0,0,1,1,,0,45,0,0,0,0,0,4,2,3
,2019-51045,39.798297,-104.88447,9/18/2019 17:41,17:41,1,0,1,56TH AVENUE EAST & CENTRAL PARK BOULEVARD NORTH,1,1,0,0,1,1,,0,40,0,0,0,0,1,4,2,13
,2019-51046,39.798297,-104.88447,9/19/2019 16:30,16:30,12,0,0,56TH AVENUE EAST & CENTRAL PARK BOULEVARD NORTH,1,1,0,0,1,1,,0,45,0,0,0,0,0,4,2,13
,2019-51047,39.798297,-104.88447,10/24/2019 15:34,15:34,1,0,1,56TH AVENUE EAST & CENTRAL PARK BOULEVARD NORTH,1,1,0,0,1,1,,0,45,0,0,0,0,1,4,2,13
,2019-51048,39.798486,-104.875461,3/14/2019 14:21,14:21,3,0,0,56TH AVENUE EAST & DALLAS STREET NORTH,11,1,0,0,1,1,,0,40,0,0,0,0,0,4,2,7
,2019-51049,39.798486,-104.875461,4/16/2019 9:15,9:15,12,0,1,56TH AVENUE EAST & DALLAS STREET NORTH,1,1,0,0,1,1,,0,40,0,0,0,0,1,4,2,3
,2019-51050,39.798486,-104.875461,9/22/2019 6:58,6:58,3,0,1,56TH AVENUE EAST & DALLAS STREET NORTH,1,1,0,0,1,1,,0,45,0,0,0,0,1,4,3,3
,2019-51051,39.798486,-104.875461,12/5/2019 16:57,16:57,12,0,0,56TH AVENUE EAST & DALLAS STREET NORTH,5,3,0,2,1,1,,0,40,0,0,0,0,0,4,2,13
,2019-51052,39.79845,-104.762772,1/16/2019 7:43,7:43,3,0,1,56TH AVENUE EAST & DUNKIRK STREET NORTH,1,1,0,0,1,1,,0,40,0,0,0,0,1,4,2,1
,2019-51053,39.79845,-104.762772,1/18/2019 11:15,11:15,1,0,1,56TH AVENUE EAST & DUNKIRK STREET NORTH,6,1,0,2,1,3,,0,45,0,0,0,0,1,4,2,3
,2019-51054,39.79845,-104.762772,8/20/2019 11:35,11:35,1,0,0,56TH AVENUE EAST & DUNKIRK STREET NORTH,1,1,0,0,1,1,,0,30,0,0,0,0,0,4,2,13
,2019-51056,39.79845,-104.762772,12/10/2019 7:40,7:40,8,0,0,56TH AVENUE EAST & DUNKIRK STREET NORTH,1,1,0,0,1,1,,0,40,0,0,0,0,0,4,2,13
,2019-51057,39.798522,-104.868531,1/18/2019 7:45,7:45,15,0,0,56TH AVENUE EAST & GALENA STREET NORTH,1,1,0,0,1,1,,0,45,0,0,0,0,0,4,2,13
,2019-51058,39.798522,-104.868531,6/1/2019 9:50,9:50,15,0,0,56TH AVENUE EAST & GALENA STREET NORTH,1,1,0,0,1,1,,0,40,0,0,0,0,0,4,2,13
,2019-51059,39.798387,-104.8660695,5/8/2019 5:40,5:40,12,0,1,56TH AVENUE EAST & HAVANA STREET NORTH,2,3,0,0,1,1,,0,40,0,0,0,0,1,4,2,13
,2019-51060,39.798387,-104.8660695,9/11/2019 8:09,8:09,12,0,0,56TH AVENUE EAST & HAVANA STREET NORTH,1,1,0,0,1,1,,0,45,0,0,0,0,0,4,2,13
,2019-51061,39.798333,-104.753322,2/6/2019 12:39,12:39,3,0,1,56TH AVENUE EAST & IRELAND STREET NORTH,4,1,0,2,1,1,,0,40,0,0,0,0,1,4,2,1
,2019-51062,39.798297,-104.799969,9/19/2019 16:18,16:18,12,0,0,56TH AVENUE EAST & LAREDO STREET NORTH,1,1,0,0,1,1,,0,45,0,0,0,0,0,4,2,12
,2019-51063,39.798396,-104.7873105,2/13/2019 17:20,17:20,12,0,0,56TH AVENUE EAST & PENA BOULEVARD OUTBOU,1,2,0,0,1,3,,0,40,0,0,0,0,0,4,3,7
,2019-51064,39.798396,-104.7873105,2/18/2019 8:30,8:30,1,0,0,56TH AVENUE EAST & PENA BOULEVARD,9,1,0,2,1,1,,0,45,0,0,0,0,0,4,2,14
,2019-51065,39.798396,-104.7873105,2/21/2019 7:28,7:28,12,0,0,56TH AVENUE EAST & PENA BOULEVARD,1,1,0,0,1,1,,0,5,0,0,0,0,0,4,2,7
,2019-51066,39.798396,-104.7873105,3/6/2019 7:15,7:15,12,0,0,56TH AVENUE EAST & PENA BOULEVARD,1,1,0,0,1,1,,0,35,0,0,0,0,0,4,2,13
,2019-51067,39.798396,-104.7873105,3/15/2019 23:00,23:00,1,0,1,56TH AVENUE EAST & PENA BOULEVARD SOUTHBOUND ON RAMP,2,3,0,0,1,1,,0,45,0,0,0,0,2,4,2,5
,2019-51068,39.798396,-104.7873105,3/20/2019 9:59,9:59,12,0,0,56TH AVENUE EAST & PENA BOULEVARD / 16900 BLOCK EAST,1,1,0,0,1,1,,0,35,0,0,0,0,0,4,2,12
,2019-51069,39.798396,-104.7873105,3/21/2019 6:26,6:26,15,0,0,56TH AVENUE EAST 17400 BLOCK & PENA BOULEVARD,1,2,0,0,1,4,,0,35,0,0,0,0,0,4,2,13
,2019-51070,39.798396,-104.7873105,4/22/2019 15:52,15:52,1,0,0,56TH AVENUE EAST & PENA BOULEVARD,1,1,0,0,1,1,,0,40,0,0,0,0,0,4,2,13
,2019-51071,39.798396,-104.7873105,5/8/2019 8:24,8:24,12,0,0,56TH AVENUE EAST & PENA BOULEVARD INBOUND,2,1,0,1,1,1,,0,45,0,0,0,0,0,4,2,3
,2019-51072,39.798396,-104.7873105,5/14/2019 15:58,15:58,12,0,0,56TH AVENUE EAST & PENA BOULEVARD NORTH,1,1,0,0,1,1,,0,35,0,0,0,0,0,4,2,3
,2019-51073,39.798396,-104.7873105,5/20/2019 8:21,8:21,12,0,0,56TH AVENUE EAST & PENA BOULEVARD,2,1,0,1,1,4,,0,35,0,0,0,0,0,4,2,14
,2019-51074,39.798396,-104.7873105,6/12/2019 16:57,16:57,3,0,0,56TH AVENUE EAST & PENA BOULEVARD OUTBOUND,1,1,0,0,1,1,,0,40,0,0,0,0,0,4,2,13
,2019-51075,39.798396,-104.7873105,7/2/2019 9:00,9:00,1,0,0,56TH AVENUE EAST & PENA BOULEVARD OUTBOUND,1,1,0,0,1,1,,0,45,0,0,0,0,0,4,2,13
,2019-51076,39.798396,-104.7873105,7/6/2019 17:38,17:38,1,0,0,56TH AVENUE EAST & PENA BOULEVARD INBOUND,1,1,0,0,1,1,,0,35,0,0,0,0,0,4,2,5
,2019-51077,39.798396,-104.7873105,7/16/2019 13:47,13:47,3,0,0,56TH AVENUE EAST & PENA BOULEVARD,1,1,0,0,1,1,,0,45,0,0,0,0,0,4,2,1
,2019-51078,39.798396,-104.7873105,8/14/2019 11:30,11:30,3,0,0,56TH AVENUE EAST & PENA BOULEVARD,1,1,0,0,1,3,,0,45,0,0,0,0,0,4,2,1
,2019-51079,39.798396,-104.7873105,9/24/2019 18:25,18:25,12,0,0,56TH AVENUE EAST & PENA BOULEVARD,1,1,0,0,1,4,,0,45,0,0,0,0,0,4,2,13
,2019-51080,39.798396,-104.7873105,9/30/2019 7:15,7:15,1,0,0,56TH AVENUE EAST & PENA BOULEVARD INBOUND,1,1,0,0,1,1,,0,35,0,0,0,0,0,4,2,13
,2019-51081,39.798396,-104.7873105,11/12/2019 9:13,9:13,15,0,0,56TH AVENUE EAST & PENA BOULEVARD NORTH,1,1,0,0,1,1,,0,40,0,0,0,0,0,4,2,3
,2019-51082,39.798396,-104.7873105,12/8/2019 17:41,17:41,12,0,0,56TH AVENUE EAST & PENA BOULEVARD NORTH,1,3,0,0,1,3,,0,,0,0,0,0,0,4,2,13
,2019-51083,39.798396,-104.7873105,12/21/2019 2:47,2:47,5,0,1,56TH AVENUE EAST & PENA BOULEVARD,1,3,0,0,3,1,,0,40,0,0,0,0,1,4,1,5
,2019-51084,39.79827,-104.847282,2/19/2019 6:45,6:45,12,0,1,56TH AVENUE & PEORIA STREET NORTH,1,1,0,0,1,3,,0,40,0,0,0,0,1,4,2,13
,2019-51085,39.79827,-104.847282,3/20/2019 7:26,7:26,12,0,0,56TH AVENUE EAST & PEORIA STREET NORTH,1,1,0,0,1,1,,0,35,0,0,0,0,0,4,2,3
,2019-51087,39.79827,-104.847282,6/7/2019 10:23,10:23,15,0,0,56TH AVENUE EAST & PEORIA STREET NORTH,1,1,0,0,1,1,,0,45,0,0,0,0,0,4,2,8
,2019-51088,39.79827,-104.847282,7/3/2019 6:50,6:50,15,0,0,56TH AVENUE EAST & PEORIA STREET NORTH,1,1,0,0,1,1,,0,45,0,0,0,0,0,4,2,13
,2019-51089,39.79827,-104.847282,8/20/2019 11:08,11:08,5,0,0,56TH AVENUE EAST & PEORIA STREET NORTH,1,1,0,0,2,1,,0,45,0,0,0,0,0,4,2,1
,2019-51090,39.79827,-104.847282,11/10/2019 13:50,13:50,12,0,0,56TH AVENUE EAST & PEORIA STREET NORTH,1,1,0,0,1,1,,0,40,0,0,0,0,0,4,2,3
,2019-51091,39.79827,-104.8972815,9/6/2019 15:50,15:50,12,0,0,56TH AVENUE EAST & SPRUCE STREET NORTH,2,1,0,1,1,1,,0,45,0,0,0,0,0,4,2,1
,2019-51092,39.798243,-104.7721815,2/7/2019 6:45,6:45,1,0,0,56TH AVENUE EAST & TOWER ROAD NORTH,4,1,0,0,1,1,,0,45,0,0,0,0,0,4,2,1
,2019-51093,39.798243,-104.7721815,2/22/2019 19:42,19:42,1,0,0,56TH AVENUE EAST & TOWER ROAD NORTH,4,3,0,2,1,1,,0,40,0,0,0,0,0,4,2,13
,2019-51094,39.798243,-104.7721815,3/7/2019 14:59,14:59,1,0,1,56TH AVENUE EAST & TOWER ROAD NORTH,1,1,0,0,1,1,,0,45,0,0,0,0,1,4,2,13
,2019-51095,39.798243,-104.7721815,7/24/2019 7:00,7:00,12,0,1,56TH AVENUE EAST & TOWER ROAD NORTH,1,1,0,0,1,1,,0,40,0,0,0,0,1,4,3,13
,2019-51096,39.66759,-104.9175315,5/24/2019 8:06,8:06,12,0,0,YALE AVENUE EAST & KEARNEY STREET SOUTH,1,1,0,0,1,4,,0,35,0,0,0,0,0,4,2,1
,2019-51097,39.79615618,-104.8069071,3/13/2019 21:00,21:00,6,0,0,PENSACOLA PLACE EAST & 15400 EAST,5,3,0,2,1,4,,0,25,0,0,0,0,0,4,2,1
,2019-51098,39.798243,-104.7721815,10/2/2019 8:28,8:28,3,0,0,56TH AVENUE EAST & TOWER ROAD NORTH,2,1,0,1,1,1,,0,45,0,0,0,0,0,4,2,5
,2019-51099,39.798243,-104.7721815,11/24/2019 21:00,21:00,12,0,0,56TH AVENUE EAST & TOWER ROAD NORTH,1,3,0,0,1,1,,0,40,0,0,0,0,0,4,2,13
,2019-51100,39.798243,-104.7721815,12/29/2019 9:56,9:56,12,0,0,56TH AVENUE EAST & TOWER ROAD NORTH,4,1,0,0,1,1,,0,40,0,0,0,0,0,4,2,13
,2019-51101,39.798108,-104.835609,6/14/2019 16:15,16:15,12,0,0,56TH AVENUE EAST & UVALDA STREET NORTH,1,1,0,0,1,1,,0,45,0,0,0,0,0,4,2,13
,2019-51102,39.798108,-104.835609,11/13/2019 5:47,5:47,3,0,1,56TH AVENUE EAST & UVALDA STREET NORTH,1,1,0,0,1,1,,0,40,0,0,0,0,1,4,2,13
,2019-51103,39.79998,-104.8796505,1/2/2019 11:17,11:17,3,0,0,57TH AVENUE EAST & BOSTON COURT NORTH,5,1,0,0,1,1,,0,25,0,0,0,0,0,4,2,13
,2019-51104,39.800844,-104.868558,7/12/2019 14:35,14:35,3,0,0,57TH PLACE EAST & GALENA STREET NORTH,1,1,0,0,1,1,,0,25,0,0,0,0,0,4,2,13
,2019-51105,39.802923,-104.8796415,9/20/2019 9:27,9:27,3,0,0,58TH DRIVE EAST & BOSTON COURT NORTH,1,1,0,0,1,1,,0,25,0,0,0,0,0,4,2,8
,2019-51106,39.72410672,-104.9909595,2/26/2019 13:40,13:40,6,0,0,FIFTH AVENUE & 200 BLOCK,1,1,0,0,1,4,,0,25,0,0,0,0,0,4,2,3
,2019-51107,39.723912,-105.018669,8/5/2019 14:24,14:24,3,0,0,FIFTH AVENUE WEST & BRYANT STREET NORTH,1,1,0,0,1,1,,0,30,0,0,0,0,0,4,2,13
,2019-51108,39.724083,-104.97753,6/6/2019 15:50,15:50,3,0,1,FIFTH AVENUE EAST & CLARKSON COURT NORTH,1,1,0,0,1,1,,0,25,0,0,0,0,1,4,2,8
,2019-51110,39.724119,-104.9558535,3/10/2019 16:44,16:44,3,0,0,FIFTH AVENUE EAST & CLAYTON STREET NORTH,1,1,0,7,1,1,,0,30,0,0,0,0,0,4,2,13