id,drcog_id,latitude,longitude,crashtime,time,crashtype,numbkilled,numbinjurd,drcoglocat,rdconditin,lightngcon,roadcntgrd,weatherco,location,roaddescrp,schoolzone,constrzone,splimit,bikeinv,sctrinv,pedinv,motoinv,svrty,rdsystem,ttlvehcls,hcf
,2019-51111,39.724083,-104.9763915,10/5/2019 14:06,14:06,3,0,0,FIFTH AVENUE EAST & EMERSON STREET NORTH,1,1,0,0,1,1,,0,25,0,0,0,0,0,4,2,13
,2019-51112,39.72411,-104.9534235,7/5/2019 11:08,11:08,10,0,0,FIFTH AVENUE EAST & FILLMORE STREET NORTH,1,1,0,0,1,1,,0,25,0,0,0,0,0,4,2,13
,2019-51113,39.724128,-104.9582565,3/12/2019 8:33,8:33,3,0,0,FIFTH AVENUE EAST & JOSEPHINE STREET NORTH,1,1,0,0,1,1,,0,25,0,0,0,0,0,4,2,13
,2019-51114,39.724128,-104.9582565,7/14/2019 8:12,8:12,3,0,0,FIFTH AVENUE EAST & JOSEPHINE STREET NORTH,1,1,0,1,1,1,,0,30,0,0,0,0,0,4,2,13
,2019-51115,39.724506,-105.032502,5/22/2019 7:32,7:32,3,0,0,FIFTH AVENUE WEST & KNOX COURT NORTH,1,1,1,0,1,1,,0,30,0,0,0,0,0,4,2,7
,2019-51116,39.724137,-104.9863095,1/7/2019 8:32,8:32,3,0,0,FIFTH AVENUE EAST & LINCOLN STREET NORTH,1,1,0,0,1,1,,0,25,0,0,0,0,0,4,2,8
,2019-51117,39.724137,-104.9863095,6/6/2019 12:20,12:20,10,0,0,FIFTH AVENUE EAST & LINCOLN STREET NORTH,1,1,0,0,1,1,,0,30,0,0,0,0,0,4,2,13
,2019-51118,39.724137,-104.9863095,8/11/2019 12:45,12:45,3,0,0,FIFTH AVENUE EAST & LINCOLN STREET NORTH,1,1,0,0,1,1,,0,25,0,0,0,0,0,4,2,1
,2019-51119,39.724137,-104.9863095,11/11/2019 19:00,19:00,1,0,0,FIFTH AVENUE EAST & LINCOLN STREET NORTH,1,3,0,0,1,1,,0,25,0,0,0,0,0,4,2,3
,2019-51120,39.72411,-104.94495,2/14/2019 11:47,11:47,3,0,0,FIFTH AVENUE EAST & MONROE STREET NORTH,1,1,1,0,1,1,,0,25,0,0,0,0,0,4,2,13
,2019-51121,39.72411,-104.99859,8/18/2019 17:00,17:00,3,0,1,FIFTH AVENUE WEST & SANTA FE DRIVE NORTH,1,2,0,0,1,1,,0,30,0,0,0,0,1,4,2,7
,2019-51122,39.724128,-104.98455,8/14/2019 20:20,20:20,3,0,2,FIFTH AVENUE EAST & SPEER BOULEVARD,1,3,0,0,1,1,,0,30,0,0,0,0,1,4,2,13
,2019-51123,39.72411,-104.9787585,1/1/2019 9:53,9:53,3,0,0,FIFTH AVENUE EAST & WASHINGTON STREET NORTH,4,1,0,0,1,1,,0,25,0,0,0,0,0,4,3,13
,2019-51124,39.72411,-104.9522085,10/4/2019 8:00,8:00,3,0,0,FIFTH AVENUE EAST & WILWAUKEE STREET NORTH,1,1,0,0,1,1,,0,30,0,0,0,0,0,4,2,13
,2019-51125,39.725658,-104.989158,1/7/2019 16:55,16:55,15,0,0,SIXTH AVENUE WEST & ACOMA STREET NORTH,1,3,0,0,1,1,,0,30,0,0,0,0,0,4,2,13
,2019-51126,39.678435,-104.9352615,6/29/2019 16:20,16:20,12,0,0,EVANS AVENUE EAST & CLERMONT STREET SOUTH,1,1,0,0,1,1,,0,35,0,0,0,0,0,4,2,13
,2019-51127,39.725658,-104.989158,1/11/2019 18:19,18:19,15,0,0,SIXTH AVENUE WEST & ACOMA STREET NORTH,10,3,0,2,1,1,,0,30,0,0,0,0,0,4,2,8
,2019-51128,39.725658,-104.989158,8/18/2019 9:40,9:40,15,0,0,SIXTH AVENUE WEST & ACOMA STREET NORTH,1,1,0,0,1,3,,0,30,0,0,0,0,0,4,2,13
,2019-51129,39.725658,-104.990868,8/26/2019 14:36,14:36,15,0,0,SIXTH AVENUE WEST  & BANNOCK STREET NORTH,1,1,0,0,1,1,,0,35,0,0,0,0,0,4,2,13
,2019-51130,39.725658,-104.990868,8/30/2019 21:00,21:00,10,0,0,SIXTH AVENUE WEST  & BANNOCK STREET NORTH,1,2,0,0,1,1,,0,30,0,0,0,0,0,4,2,8
,2019-51131,39.725658,-104.990868,10/1/2019 15:00,15:00,12,0,0,SIXTH AVENUE WEST & BANNOCK STREET NORTH,1,1,0,0,1,3,,0,30,0,0,0,0,0,4,2,3
,2019-51132,39.725658,-104.990868,11/15/2019 10:02,10:02,12,0,0,SIXTH AVENUE WEST & BANNOCK STREET NORTH,1,1,0,0,1,1,,0,35,0,0,0,0,0,4,2,13
,2019-51133,39.72564,-104.987439,2/15/2019 18:25,18:25,12,0,0,SIXTH AVENUE EAST & BROADWAY NORTH,1,3,0,0,1,1,,0,30,0,0,0,0,0,4,2,14
,2019-51134,39.72564,-104.9874435,2/16/2019 13:21,13:21,15,0,0,SIXTH AVENUE EAST & BROADWAY STREET NORTH,2,1,0,2,1,1,,0,30,0,0,0,0,0,4,2,13
,2019-51135,39.72564,-104.9874435,4/13/2019 12:02,12:02,10,0,0,SIXTH AVENUE WEST & BROADWAY STREET NORTH,2,1,0,1,1,1,,0,30,0,0,0,0,0,4,2,8
,2019-51136,39.72564,-104.987439,6/3/2019 9:09,9:09,12,0,0,SIXTH AVENUE EAST & BROADWAY NORTH,1,1,0,0,1,3,,0,30,0,0,0,0,0,4,2,13
,2019-51137,39.72564,-104.9874435,6/11/2019 8:57,8:57,15,0,0,SIXTH AVENUE EAST & BROADWAY STREET NORTH,1,1,0,0,1,1,,0,35,0,0,0,0,0,4,2,13
,2019-51138,39.72564,-104.9874435,10/15/2019 8:30,8:30,3,0,0,SIXTH AVENUE WEST & BROADWAY STREET NORTH,1,1,0,0,1,1,,0,35,0,0,0,0,0,4,2,7
,2019-51139,39.725631,-104.9775615,6/14/2019 9:11,9:11,15,0,0,SIXTH AVENUE EAST & CLARKSON STREET NORTH,1,1,0,0,1,1,,0,30,0,0,0,0,0,4,2,13
,2019-51140,39.725631,-104.9775615,8/24/2019 14:59,14:59,3,0,1,SIXTH AVENUE EAST & CLARKSON STREET NORTH,1,1,0,0,1,1,,0,25,0,0,0,0,1,4,2,14
,2019-51141,39.725631,-104.9775615,9/27/2019 11:07,11:07,10,0,0,SIXTH AVENUE EAST  & CLARKSON STREET NORTH,1,1,0,0,1,1,,0,30,0,0,0,0,0,4,2,8
,2019-51142,39.725631,-104.9775615,10/26/2019 10:00,10:00,3,0,0,SIXTH AVENUE EAST & CLARKSON STREET NORTH,1,1,0,0,1,1,,0,30,0,0,0,0,0,4,2,13
,2019-51143,39.725604,-104.955831,9/21/2019 9:05,9:05,15,0,0,SIXTH AVENUE EAST & CLAYTON STREET NORTH,1,1,0,0,1,3,,0,30,0,0,0,0,0,4,2,7
,2019-51144,39.725613,-104.9349195,2/26/2019 12:56,12:56,3,0,0,SIXTH AVENUE EAST & CLERMONT STREET NORTH,1,1,0,0,1,1,,0,25,0,0,0,0,0,4,2,1
,2019-51145,39.725613,-104.9349195,9/6/2019 15:59,15:59,3,0,0,SIXTH AVENUE EAST & CLERMONT STREET NORTH,1,1,1,0,1,1,,0,25,0,0,0,0,0,4,2,1
,2019-51146,39.725604,-104.974101,7/8/2019 16:30,16:30,3,0,0,SIXTH AVENUE EAST & CORONA STREET NORTH,1,1,0,0,1,1,,0,35,0,0,0,0,0,4,2,14
,2019-51147,39.725604,-104.974101,7/16/2019 3:01,3:01,3,0,2,SIXTH AVENUE EAST & CORONA STREET NORTH,1,3,0,0,1,1,,0,30,0,0,0,0,1,4,2,13
,2019-51148,39.725604,-104.974101,11/27/2019 12:10,12:10,3,0,1,SIXTH AVENUE EAST & CORONA STREET NORTH,6,1,0,0,1,1,,0,35,0,0,0,0,1,4,2,7
,2019-51149,39.725604,-104.974101,12/6/2019 15:36,15:36,3,0,0,SIXTH AVENUE EAST & CORONA STREET NORTH,1,2,0,0,1,1,,0,35,0,0,0,0,0,4,2,8
,2019-51150,39.72555,-104.8753485,5/20/2019 17:40,17:40,12,0,0,SIXTH AVENUE EAST & DAYTON STREET NORTH,2,1,0,1,1,1,,0,25,0,0,0,0,0,4,2,14
,2019-51151,39.725667,-104.99283,2/16/2019 13:57,13:57,3,0,2,SIXTH AVENUE WEST & DELAWARE STREET NORTH,2,1,0,2,1,1,,0,30,0,0,0,0,1,4,2,13
,2019-51152,39.725667,-104.99283,3/1/2019 20:01,20:01,12,0,0,SIXTH AVENUE WEST & DELAWARE STREET NORTH,1,3,0,0,1,1,,0,30,0,0,0,0,0,4,2,12
,2019-51153,39.725667,-104.99283,11/18/2019 4:06,4:06,3,0,2,SIXTH AVENUE WEST & DELAWARE STREET NORTH,1,3,0,0,1,3,,0,35,0,0,0,0,1,4,3,5
,2019-51154,39.725604,-104.954634,6/15/2019 14:04,14:04,15,0,0,SIXTH AVENUE EAST & DETROIT STREET NORTH,1,1,0,0,1,1,,0,30,0,0,0,0,0,4,2,13
,2019-51155,39.725604,-104.953419,5/16/2019 10:22,10:22,10,0,0,SIXTH AVENUE EAST  & FILLMORE STREET NORTH,1,1,0,0,1,1,,0,30,0,0,0,0,0,4,2,8
,2019-51156,39.725703,-104.996412,3/17/2019 0:58,0:58,5,0,0,SIXTH AVENUE WEST & GALAPAGO STREET NORTH,1,3,0,0,3,3,,0,25,0,0,0,0,0,4,1,8
,2019-51157,39.725703,-104.996412,5/9/2019 13:49,13:49,10,0,0,SIXTH AVENUE WEST & GALAPAGO STREET NORTH,1,1,1,0,1,1,,0,30,0,0,0,0,0,4,2,13
,2019-51158,39.725703,-104.996412,10/15/2019 7:30,7:30,12,0,0,SIXTH AVENUE WEST & GALAPAGO STREET NORTH,1,1,0,0,1,3,,0,35,0,0,0,0,0,4,2,7
,2019-51159,39.725703,-104.996412,12/16/2019 10:57,10:57,10,0,0,SIXTH AVENUE WEST & GALAPAGO STREET NORTH,1,1,0,0,1,1,,0,30,0,0,0,0,0,4,2,8
,2019-51160,39.725631,-104.9836005,9/11/2019 5:32,5:32,3,0,0,SIXTH AVENUE EAST & GRANT STREET NORTH,1,3,0,0,1,1,,0,30,0,0,0,0,0,4,2,13
,2019-51161,39.725631,-104.9836005,9/12/2019 23:20,23:20,3,0,1,SIXTH AVENUE EAST & GRANT STREET NORTH,1,3,0,0,1,1,,0,30,0,0,0,0,1,4,2,13
,2019-51162,39.725604,-104.9418315,11/15/2019 10:34,10:34,12,0,0,SIXTH AVENUE EAST & HARRISON STREET NORTH,1,1,0,0,1,1,,0,30,0,0,0,0,0,4,2,13
,2019-51163,39.725703,-104.9975415,6/5/2019 23:29,23:29,3,0,0,SIXTH AVENUE WEST & INCA STREET NORTH,1,3,0,0,1,1,,0,35,0,0,0,0,0,4,2,13
,2019-51164,39.725703,-104.9975415,6/29/2019 16:04,16:04,15,0,0,SIXTH AVENUE WEST & INCA STREET NORTH,1,1,0,0,1,1,,0,35,0,0,0,0,0,4,2,13
,2019-51165,39.725703,-104.9975415,10/23/2019 18:37,18:37,10,0,0,SIXTH AVENUE WEST  & INCA STREET NORTH,2,3,0,1,1,1,,0,35,0,0,0,0,0,4,2,13
,2019-51166,39.72564,-104.9183325,2/4/2019 17:35,17:35,15,0,0,SIXTH AVENUE EAST & JASMINE STREET NORTH,1,3,0,0,1,1,,0,35,0,0,0,0,0,4,2,13
,2019-51167,39.725604,-104.9588595,9/9/2019 18:15,18:15,12,0,0,SIXTH AVENUE EAST & JOSEPHINE STREET NORTH,1,2,0,0,1,1,,0,30,0,0,0,0,0,4,2,1
,2019-51168,39.725604,-104.9588595,9/17/2019 23:05,23:05,3,0,1,SIXTH AVENUE EAST & JOSEPHINE STREET NORTH,1,3,0,0,1,1,,0,30,0,0,0,0,1,4,2,13
,2019-51169,39.725604,-104.9588595,10/18/2019 12:10,12:10,3,0,1,SIXTH AVENUE EAST & JOSEPHINE STREET NORTH,1,1,0,0,1,1,,0,30,0,0,0,0,2,4,2,3
,2019-51170,39.725685,-105.0001695,1/12/2019 14:42,14:42,3,0,2,SIXTH AVENUE WEST  & KALAMATH STREET NORTH,1,1,1,0,1,1,,0,35,0,0,0,0,1,4,3,13
,2019-51171,39.725685,-105.0001695,2/27/2019 15:03,15:03,10,0,0,SIXTH AVENUE WEST & KALAMATH STREET NORTH,1,1,0,0,1,1,,0,35,0,0,0,0,0,4,2,8
,2019-51172,39.725685,-105.0001695,3/18/2019 18:55,18:55,12,0,0,SIXTH AVENUE WEST & KALAMATH STREET NORTH,1,3,0,0,1,1,,0,35,0,0,0,0,0,4,2,1
,2019-51173,39.725685,-105.0001695,4/15/2019 17:43,17:43,15,0,0,SIXTH AVENUE WEST & KALAMATH STREET NORTH,1,1,0,0,1,1,,0,30,0,0,0,0,0,4,2,5
,2019-51174,39.725685,-105.0001695,4/24/2019 10:35,10:35,15,0,0,SIXTH AVENUE WEST  & KALAMATH STREET NORTH,1,1,0,0,1,1,,0,35,0,0,0,0,0,4,2,8
,2019-51175,39.725685,-105.0001695,6/7/2019 23:33,23:33,3,0,1,SIXTH AVENUE WEST & KALAMATH STREET NORTH,1,3,0,0,1,1,,0,35,0,0,0,0,1,4,2,5
,2019-51176,39.725685,-105.0001695,6/25/2019 15:28,15:28,15,0,0,SIXTH AVENUE WEST  & KALAMATH STREET NORTH,1,1,0,0,1,1,,0,35,0,0,0,0,0,4,2,1
,2019-51177,39.725685,-105.0001695,7/1/2019 6:57,6:57,12,0,0,SIXTH AVENUE WEST  & KALAMATH STREET NORTH,1,1,0,0,1,1,,0,30,0,0,0,0,0,4,2,3
,2019-51178,39.725685,-105.0001695,9/4/2019 15:40,15:40,3,0,0,SIXTH AVENUE WEST & KALAMATH STREET NORTH,1,1,0,0,1,1,,0,35,0,0,0,0,0,4,2,13
,2019-51179,39.725685,-105.0001695,10/10/2019 7:01,7:01,3,0,0,SIXTH AVENUE WEST & KALAMATH STREET NORTH,5,1,0,2,1,1,,0,35,0,0,0,0,0,4,2,13
,2019-51180,39.725685,-105.0001695,11/20/2019 14:30,14:30,3,0,0,SIXTH AVENUE EAST  & KALAMATH STREET NORTH,1,1,0,1,1,1,,0,35,0,0,0,0,0,4,2,13
,2019-51181,39.725685,-105.0001695,11/21/2019 12:00,12:00,3,0,2,SIXTH AVENUE WEST  & KALAMATH STREET NORTH,2,1,0,0,1,1,,0,30,0,0,0,0,2,4,3,3
,2019-51182,39.725685,-105.0001695,11/28/2019 12:47,12:47,12,0,1,SIXTH AVENUE & KALAMATH STREET NORTH,4,1,0,0,1,1,,0,30,0,0,0,0,1,4,3,3
,2019-51183,39.725685,-105.0001695,12/10/2019 13:45,13:45,3,0,0,SIXTH AVENUE WEST & KALAMATH STREET NORTH,1,1,0,0,1,1,,0,35,0,0,0,0,0,4,2,3
,2019-51184,39.689532,-105.01569,3/22/2019 23:10,23:10,3,0,2,FLORIDA AVENUE WEST & ZUNI STREET SOUTH,2,4,1,0,1,1,,0,,0,0,0,0,2,4,2,13
,2019-51185,39.725073,-105.032502,4/5/2019 17:19,17:19,3,0,1,SIXTH AVENUE WEST FRONTAGE ROAD  & KNOX COURT NORTH,1,1,0,0,1,1,,0,25,0,0,0,0,2,4,2,13
,2019-51186,39.725073,-105.032502,10/24/2019 18:22,18:22,3,0,2,SIXTH AVENUE WEST NORTH FRONTAGE ROAD  & KNOX COURT NORTH,1,2,0,0,1,1,,0,30,0,0,0,0,1,4,2,9
,2019-51187,39.725658,-104.9863095,1/24/2019 10:44,10:44,15,0,0,SIXTH AVENUE EAST & LINCOLN STREET NORTH,4,1,0,2,1,1,,0,35,0,0,0,0,0,4,2,13
,2019-51188,39.725658,-104.9863095,8/5/2019 10:08,10:08,12,0,0,SIXTH AVENUE EAST & LINCOLN STREET NORTH,1,1,1,0,1,1,,0,30,0,0,0,0,0,4,2,3
,2019-51189,39.725658,-104.9863095,9/21/2019 23:43,23:43,15,0,0,SIXTH AVENUE EAST  & LINCOLN STREET NORTH,1,3,0,0,1,1,,0,30,0,0,0,0,0,4,2,7
,2019-51190,39.725658,-104.9863095,9/25/2019 21:57,21:57,3,0,0,SIXTH AVENUE EAST & LINCOLN STREET NORTH,1,3,0,0,1,1,,0,35,0,0,0,0,0,4,2,13
,2019-51191,39.725658,-104.9863095,9/27/2019 16:00,16:00,3,0,0,SIXTH AVENUE EAST  & LINCOLN STREET NORTH,1,1,0,0,1,1,,0,35,0,0,0,0,0,4,2,14
,2019-51192,39.725658,-104.9863095,9/28/2019 7:30,7:30,10,0,0,SIXTH AVENUE EAST  & LINCOLN STREET NORTH,1,1,0,0,1,1,,0,30,0,0,0,0,0,4,2,5
,2019-51193,39.72564,-104.982381,2/24/2019 15:50,15:50,15,0,0,SIXTH AVENUE EAST & LOGAN STREET NORTH,1,1,0,0,1,1,,0,30,0,0,0,0,0,4,4,3
,2019-51194,39.72564,-104.982381,6/18/2019 18:15,18:15,12,0,0,SIXTH AVENUE EAST  & LOGAN STREET NORTH,1,1,0,0,1,1,,0,30,0,0,0,0,0,4,2,13
,2019-51195,39.72564,-104.982381,10/30/2019 18:00,18:00,3,0,0,SIXTH AVENUE EAST  & LOGAN STREET NORTH,5,3,0,0,1,1,,0,30,0,0,0,0,0,4,2,3
,2019-51196,39.725658,-104.9116185,3/14/2019 12:01,12:01,5,0,0,SIXTH AVENUE EAST & MAGNOLIA STREET NORTH,5,1,0,0,2,1,,0,30,0,0,0,0,0,4,1,1
,2019-51197,39.725568,-104.971752,7/21/2019 20:02,20:02,10,0,0,SIXTH AVENUE EAST  & MARION STREET NORTH,1,2,0,0,1,1,,0,30,0,0,0,0,0,4,2,13
,2019-51198,39.725568,-104.971752,11/20/2019 23:34,23:34,3,0,1,SIXTH AVENUE EAST & MARION STREET NORTH,2,3,0,1,1,1,,0,35,0,0,0,0,1,4,2,13
,2019-51199,39.725649,-104.912811,3/4/2019 14:55,14:55,12,0,0,SIXTH AVENUE EAST & MONACO STREET NORTH,6,1,0,2,1,1,,0,30,0,0,0,0,0,4,2,13
,2019-51200,39.725649,-104.912811,5/28/2019 21:54,21:54,3,0,0,SIXTH AVENUE EAST & MONACO STREET NORTH,2,3,0,1,1,1,,0,30,0,0,0,0,0,4,2,13
,2019-51201,39.725649,-104.912811,6/1/2019 21:54,21:54,1,0,1,SIXTH AVENUE EAST  & MONACO STREET NORTH,1,3,0,0,1,1,,0,35,0,0,0,0,1,4,2,7
,2019-51202,39.725649,-104.912811,6/29/2019 12:40,12:40,3,0,0,SIXTH AVENUE EAST & MONACO STREET NORTH,1,1,0,0,1,1,,0,35,0,0,0,0,0,4,2,13
,2019-51203,39.725649,-104.912811,7/17/2019 7:04,7:04,3,0,0,SIXTH AVENUE EAST & MONACO STREET NORTH,1,1,0,0,1,1,,0,35,0,0,0,0,0,4,2,3
,2019-51204,39.725649,-104.912811,9/17/2019 0:00,0:00,5,0,0,SIXTH AVENUE EAST  & MONACO STREET NORTH,1,3,0,0,2,1,,0,35,0,0,0,0,0,4,1,13
,2019-51205,39.725649,-104.912811,9/24/2019 17:30,17:30,1,0,0,SIXTH AVENUE EAST & MONACO STREET NORTH,1,1,0,0,1,1,,0,30,0,0,0,0,0,4,2,8
,2019-51206,39.725649,-104.912811,11/12/2019 16:00,16:00,12,0,0,SIXTH AVENUE EAST & MONACO STREET NORTH,1,1,0,0,1,3,,0,25,0,0,0,0,0,4,2,12
,2019-51207,39.725604,-104.9450805,4/16/2019 17:34,17:34,3,0,0,SIXTH AVENUE EAST & MONROE STREET NORTH,1,1,0,0,1,1,,0,30,0,0,0,0,0,4,2,1
,2019-51208,39.725613,-104.9752305,1/11/2019 10:48,10:48,3,0,1,SIXTH AVENUE EAST & OGDEN STREET NORTH,4,1,0,2,1,1,,0,25,0,0,0,0,1,4,2,13
,2019-51209,39.725613,-104.9752305,6/5/2019 15:00,15:00,12,0,0,SIXTH AVENUE EAST & OGDEN STREET NORTH,1,1,0,0,1,1,,0,30,0,0,0,0,0,4,3,3
,2019-51210,39.72564,-104.979942,8/31/2019 15:32,15:32,15,0,0,SIXTH AVENUE EAST & PEARL STREET NORTH,1,1,0,0,1,1,,0,35,0,0,0,0,0,4,2,13
,2019-51211,39.725487,-105.0394095,4/11/2019 10:45,10:45,3,0,0,SIXTH AVENUE WEST   & PERRY STREET NORTH,1,1,0,0,1,1,,0,30,0,0,0,0,0,4,2,14
,2019-51212,39.725487,-105.0394095,9/27/2019 7:20,7:20,3,0,0,SIXTH AVENUE WEST   & PERRY STREET NORTH,1,1,0,0,1,1,,0,25,0,0,0,0,0,4,2,13
,2019-51213,39.725487,-105.0394095,11/7/2019 7:30,7:30,3,0,0,SIXTH AVENUE WEST & PERRY STREET NORTH,1,1,0,0,1,1,,0,25,0,0,0,0,0,4,2,3
,2019-51215,39.725487,-105.0394095,12/14/2019 1:40,1:40,3,0,1,SIXTH AVENUE WEST & PERRY STREET NORTH,1,3,0,0,1,3,,0,25,0,0,0,0,1,4,2,5
,2019-51216,39.725487,-104.9035005,1/6/2019 19:09,19:09,12,0,0,SIXTH AVENUE EAST  & QUEBEC STREET NORTH,1,3,0,0,1,1,,0,35,0,0,0,0,0,4,2,3
,2019-51217,39.725487,-104.9035005,1/16/2019 17:00,17:00,12,0,0,SIXTH AVENUE EAST & QUEBEC STREET NORTH,1,3,0,0,1,1,,0,25,0,0,0,0,0,4,2,13
,2019-51218,39.725487,-104.9035005,3/13/2019 10:47,10:47,3,0,0,SIXTH AVENUE EAST & QUEBEC STREET NORTH,4,1,0,2,1,1,,0,30,0,0,0,0,0,4,2,13
,2019-51219,39.725487,-104.9035005,6/15/2019 15:42,15:42,3,0,0,SIXTH AVENUE EAST & QUEBEC STREET NORTH,1,1,0,0,1,1,,0,30,0,0,0,0,0,4,2,5
,2019-51220,39.725487,-104.9035005,9/22/2019 11:45,11:45,3,0,1,SIXTH AVENUE EAST  & QUEBEC STREET NORTH,1,1,0,0,1,1,,0,30,0,0,0,0,1,4,2,3
,2019-51221,39.725343,-105.0092415,10/10/2019 19:25,19:25,15,0,0,SIXTH AVENUE WEST & RARITAN STREET NORTH,5,3,0,2,1,4,,0,55,0,0,0,0,0,4,2,1
,2019-51222,39.725703,-104.99859,10/19/2019 17:00,17:00,12,0,0,SIXTH AVENUE WEST & SANTA FE DRIVE NORTH,1,1,0,0,1,3,,0,35,0,0,0,0,0,4,2,3
,2019-51223,39.725703,-104.99859,11/25/2019 18:20,18:20,3,0,0,SIXTH AVENUE WEST  & SANTA FE DRIVE NORTH,2,3,0,2,1,1,,0,30,0,0,0,0,0,4,2,13
,2019-51224,39.725658,-104.9848605,9/13/2019 7:34,7:34,10,0,0,SIXTH AVENUE EAST  & SHERMAN STREET NORTH,1,1,0,0,1,1,,0,35,0,0,0,0,0,4,2,13
,2019-51225,39.725613,-104.9497785,4/28/2019 12:18,12:18,10,0,0,SIXTH AVENUE EAST & STEELE STREET NORTH,1,1,0,0,1,1,,0,30,0,0,0,0,0,4,2,3
,2019-51226,39.725613,-104.9497785,7/16/2019 14:53,14:53,10,0,1,SIXTH AVENUE EAST & STEELE STREET NORTH,1,1,0,0,1,1,,0,30,0,0,0,0,1,4,2,13
,2019-51227,39.725631,-104.9787495,6/14/2019 12:26,12:26,12,0,1,SIXTH AVENUE EAST & WASHINGTON STREET NORTH,1,1,0,0,1,3,,0,30,0,0,0,0,1,4,2,13
,2019-51228,39.725604,-104.9602005,1/15/2019 9:08,9:08,3,0,0,SIXTH AVENUE EAST & YORK STREET NORTH,1,1,0,0,1,1,,0,30,0,0,0,0,0,4,2,13
,2019-51229,39.761784,-104.984622,3/14/2019 11:12,11:12,5,0,0,BLAKE STREET & 28TH STREET,5,1,0,0,3,1,,0,25,0,0,0,0,0,4,1,13
,2019-51230,39.725604,-104.9602005,4/17/2019 18:20,18:20,12,0,0,SIXTH AVENUE EAST & YORK STREET NORTH,1,1,0,0,1,1,,0,30,0,0,0,0,0,4,2,13
,2019-51231,39.725604,-104.9602005,5/28/2019 18:45,18:45,3,0,1,SIXTH AVENUE EAST & YORK STREET NORTH,1,2,0,0,1,1,,0,30,0,0,0,0,1,4,2,12
,2019-51232,39.726648,-104.89887,6/10/2019 15:16,15:16,3,0,0,SIXTH PLACE EAST & SYRACUSE STREET NORTH,1,1,0,0,1,1,,0,25,0,0,0,0,0,4,2,7
,2019-51233,39.82459334,-104.675089,8/12/2019 22:10,22:10,12,0,0,71ST AVENUE EAST & 25000 BLOCK EAST,1,3,0,0,1,4,,0,35,0,0,0,0,0,4,3,13
,2019-51234,39.82459334,-104.675089,7/24/2019 22:25,22:25,15,0,0,71ST AVENUE EAST & 25500 BLOCK EAST,1,4,0,0,1,4,,0,45,0,0,0,0,0,4,2,13
,2019-51235,39.82459334,-104.675089,10/21/2019 20:08,20:08,12,0,0,71ST AVENUE EAST & 26500 BLOCK EAST,1,3,0,0,1,4,,0,45,0,0,0,0,0,4,3,1
,2019-51236,39.825495,-104.771961,1/24/2019 6:05,6:05,1,0,0,71ST AVENUE EAST & TOWER ROAD NORTH,1,3,0,0,1,1,,0,45,0,0,0,0,0,4,2,13
,2019-51237,39.83186175,-104.6935968,11/24/2019 19:45,19:45,3,0,1,75TH AVENUE & 7600 BLOCK,1,3,0,0,1,1,,0,40,0,0,0,0,1,4,2,7
,2019-51238,39.83202,-104.71554,1/22/2019 7:09,7:09,15,0,0,75TH AVENUE EAST & GUN CLUB ROAD,4,1,0,2,1,3,,0,45,0,0,0,0,0,4,2,13
,2019-51239,39.83202,-104.71554,4/19/2019 7:35,7:35,15,0,0,75TH AVENUE EAST & GUN CLUB ROAD NORTH,1,1,0,0,1,1,,0,45,0,0,0,0,0,4,2,8
,2019-51240,39.831858,-104.69295,5/7/2019 22:10,22:10,12,0,0,75TH AVENUE EAST & JACKSON GAP STREET,1,3,0,0,1,1,,0,45,0,0,0,0,0,4,2,8
,2019-51241,39.831858,-104.69295,7/3/2019 21:06,21:06,3,0,0,75TH AVENUE EAST & JACKSON GAP STREET NORTH,1,3,0,0,1,1,,0,45,0,0,0,0,0,4,2,13
,2019-51242,39.831858,-104.69295,9/5/2019 5:55,5:55,3,0,0,75TH AVENUE EAST & JACKSON GAP STREET NORTH,1,2,0,0,1,1,,0,45,0,0,0,0,0,4,2,13
,2019-51243,39.831858,-104.69295,12/5/2019 19:55,19:55,3,0,0,75TH AVENUE EAST & JACKSON GAP STREET NORTH,2,3,0,1,1,1,,0,35,0,0,0,0,0,4,2,13
,2019-51244,39.83374161,-104.7213431,1/22/2019 5:48,5:48,15,0,0,7700 PENA BOULEVARD & DIA TERMINAL,4,3,1,2,1,4,,0,,0,0,0,0,0,4,2,13
,2019-51245,39.836493,-104.7155175,3/20/2019 7:49,7:49,12,0,0,77TH AVENUE EAST & GUN CLUB ROAD NORTH,1,1,0,0,1,1,,0,45,0,0,0,0,0,4,2,13
,2019-51246,39.836493,-104.7155175,6/13/2019 11:47,11:47,1,0,1,77TH AVENUE EAST & GUN CLUB ROAD,1,1,0,0,1,1,,0,40,0,0,0,0,2,4,2,13
,2019-51248,39.771072,-104.847039,6/14/2019 15:15,15:15,15,0,0,PEORIA STREET NORTH & 39TH AVENUE EAST,1,1,0,0,1,1,,0,40,0,0,0,0,0,4,2,13
,2019-51249,39.83797303,-104.7013979,5/19/2019 23:00,23:00,15,0,0,78TH AVENUE EAST & 24500 BLOCK EAST,1,3,0,0,1,4,,0,55,0,0,0,0,0,4,2,7