id,drcog_id,latitude,longitude,crashtime,time,crashtype,numbkilled,numbinjurd,drcoglocat,rdconditin,lightngcon,roadcntgrd,weatherco,location,roaddescrp,schoolzone,constrzone,splimit,bikeinv,sctrinv,pedinv,motoinv,svrty,rdsystem,ttlvehcls,hcf
,2019-51250,39.83797303,-104.7013979,3/7/2019 16:52,16:52,15,0,0,78TH AVENUE & 24890 EAST,1,1,0,0,1,4,,0,,0,0,0,0,0,4,2,7
,2019-51251,39.83797303,-104.7013979,8/17/2019 20:55,20:55,10,0,0,78TH AVENUE EAST & 25000 BLOCK EAST,1,3,0,0,1,1,,0,40,0,0,0,0,0,4,2,13
,2019-51252,39.83797303,-104.7013979,1/21/2019 20:50,20:50,12,0,0,78TH AVENUE & 25340 EAST,2,3,0,0,1,4,,0,,0,0,0,0,0,4,4,7
,2019-51253,39.83797303,-104.7013979,3/10/2019 14:42,14:42,10,0,1,78TH AVENUE & 25730 EAST,1,1,0,0,1,1,,0,45,0,0,0,0,2,4,2,8
,2019-51254,39.83797303,-104.7013979,10/31/2019 14:00,14:00,15,0,0,78TH AVENUE EAST & 26200 BLOCK EAST,1,1,0,0,1,4,,0,,0,0,0,0,0,4,2,7
,2019-51255,39.780765,-104.9668335,7/6/2019 23:41,23:41,9,0,0,BRIGHTON BOULEVARD NORTH  & 4910 NORTH BRIGHTON BOULEVARD,1,4,0,0,3,4,,0,45,0,0,0,0,0,4,1,5
,2019-51256,39.837978,-104.692878,6/6/2019 10:40,10:40,3,0,0,78TH AVENUE EAST & JACKSON GAP STREET NORTH / 24800 BLOCK EAST,1,1,0,0,1,2,,0,15,0,0,0,0,0,4,2,8
,2019-51257,39.837978,-104.692878,9/16/2019 0:00,0:00,15,0,0,78TH AVENUE EAST & JACKSON GAP STREET,1,3,0,0,1,1,,0,45,0,0,0,0,0,4,2,7
,2019-51258,39.837978,-104.692878,9/23/2019 17:00,17:00,1,0,0,78TH AVENUE EAST & JACKSON GAP STREET NORTH,1,1,0,0,1,1,,0,45,0,0,0,0,0,4,2,13
,2019-51259,39.83877346,-104.7078324,10/8/2019 21:24,21:24,3,0,0,79TH AVENUE & 25500 EAST,1,3,0,0,1,2,,0,35,0,0,0,0,0,4,2,8
,2019-5126,39.75985264,-104.959782,6/20/2019 6:04,6:04,5,0,0,YORK STREET NORTH & 1700 BLOCK NORTH,1,3,0,0,4,1,,0,15,0,0,0,0,0,4,1,14
,2019-51261,39.727413,-104.939451,6/29/2019 10:10,10:10,12,0,0,SEVENTH AVENUE EAST & ALBION STREET NORTH,1,1,0,0,1,1,,0,25,0,0,0,0,0,4,2,13
,2019-51262,39.727269,-104.9873985,1/26/2019 9:25,9:25,3,0,0,SEVENTH AVENUE EAST & BROADWAY STREET NORTH,1,1,0,0,1,1,,0,30,0,0,0,0,0,4,2,8
,2019-51263,39.727278,-104.977548,6/22/2019 13:33,13:33,3,0,1,SEVENTH AVENUE EAST & CLARKSON STREET NORTH,2,1,0,1,1,1,,0,30,0,0,0,0,1,4,2,1
,2019-51264,39.727278,-104.977548,11/29/2019 13:50,13:50,12,0,0,SEVENTH AVENUE EAST & CLARKSON STREET NORTH,5,1,0,0,1,3,,0,25,0,0,0,0,0,4,2,5
,2019-51265,39.727413,-104.9349285,4/5/2019 7:55,7:55,3,0,0,SEVENTH AVENUE EAST & CLERMONT STREET NORTH,1,1,0,0,1,1,,0,25,0,0,0,0,0,4,2,7
,2019-51266,39.727341,-104.9940585,11/22/2019 7:51,7:51,3,0,0,SEVENTH AVENUE WEST & ELATI STREET NORTH,5,1,1,2,1,1,,0,25,0,0,0,0,0,4,2,13
,2019-51267,39.727323,-105.0002235,8/30/2019 18:15,18:15,15,0,0,SEVENTH AVENUE WEST & KALAMATH STREET NORTH,1,1,0,0,1,1,,0,35,0,0,0,0,0,4,2,13
,2019-51268,39.726873,-104.903469,6/4/2019 6:49,6:49,3,0,0,SEVENTH AVENUE EAST & QUEBEC STREET NORTH,1,1,0,0,1,1,,0,25,0,0,0,0,0,4,2,14
,2019-51269,39.727323,-104.998608,6/30/2019 14:20,14:20,1,0,0,SEVENTH AVENUE WEST & SANTA FE DRIVE NORTH,1,1,0,0,1,1,,0,25,0,0,0,0,0,4,2,7
,2019-51270,39.727287,-104.9848785,6/18/2019 7:58,7:58,1,0,0,SEVENTH AVENUE EAST & SHERMAN STREET NORTH,1,1,0,0,1,1,,0,25,0,0,0,0,0,4,2,13
,2019-51271,39.727287,-104.9848785,9/28/2019 13:20,13:20,3,0,0,SEVENTH AVENUE EAST & SHERMAN STREET NORTH,1,1,0,0,1,1,,0,30,0,0,0,0,0,4,2,13
,2019-51272,39.727287,-104.9848785,12/17/2019 10:50,10:50,3,0,0,SEVENTH AVENUE EAST & SHERMAN STREET NORTH,1,1,0,0,1,1,,0,30,0,0,0,0,0,4,2,13
,2019-51273,39.72726,-104.978799,2/26/2019 11:00,11:00,3,0,0,SEVENTH AVENUE EAST & WASHINGTON STREET NORTH,1,1,0,0,1,1,,0,30,0,0,0,0,0,4,2,3
,2019-51274,39.727098,-104.9602185,3/11/2019 8:34,8:34,3,0,1,SEVENTH AVENUE EAST & YORK STREET NORTH,1,1,0,0,1,1,,0,25,0,0,0,0,1,4,2,14
,2019-51275,39.728943,-104.9906115,2/1/2019 13:06,13:06,3,0,0,EIGHTH AVENUE WEST & SPEER BOULEVARD NORTH,1,1,0,0,1,1,,0,35,0,0,0,0,0,4,2,13
,2019-51276,39.745206,-105.009579,4/11/2019 14:05,14:05,3,0,0,SEVENTH STREET & AURARIA PARKWAY,1,1,0,0,1,1,,0,40,0,0,0,0,0,4,2,7
,2019-51277,39.745206,-105.009579,5/7/2019 23:30,23:30,12,0,0,SEVENTH STREET & AURARIA PARKWAY,2,3,0,0,1,1,,0,25,0,0,0,0,0,4,2,13
,2019-51278,39.745206,-105.009579,6/8/2019 16:45,16:45,15,0,0,SEVENTH STREET & AURARIA PARKWAY,1,1,0,0,1,1,,0,45,0,0,0,0,0,4,2,13
,2019-51279,39.741264,-105.006159,8/16/2019 13:34,13:34,15,0,0,SEVENTH STREET & CURTIS STREET,1,1,0,0,1,4,,0,30,0,0,0,0,0,4,2,5
,2019-51280,39.741264,-105.006159,8/29/2019 9:04,9:04,1,0,0,SEVENTH STREET & CURTIS STREET,1,1,0,0,1,1,,0,30,0,0,0,0,0,4,2,13
,2019-51284,39.72973944,-104.9964374,12/4/2019 14:00,14:00,5,0,0,GALAPAGO STREET & 2071 SOUTH,1,1,0,0,6,8,,0,,0,0,0,0,0,3,1,13
,2019-51286,39.78774878,-105.0004772,6/6/2019 18:19,18:19,12,0,0,87TH AVENUE WEST & KALAMATH STREET NORTH,1,1,0,0,1,4,,0,30,0,0,0,0,0,4,2,5
,2019-51287,39.729312,-105.0226819,2/14/2019 9:08,9:08,3,0,0,EIGHTH AVENUE WEST & 2500 BLOCK,1,1,0,0,1,2,,0,30,0,0,0,0,0,4,2,3
,2019-51288,39.729222,-104.937129,4/25/2019 8:35,8:35,3,0,0,EIGHTH AVENUE EAST & BELLAIRE STREET NORTH,1,1,0,0,1,1,,0,25,0,0,0,1,0,4,2,13
,2019-51289,39.729222,-104.937129,5/10/2019 16:49,16:49,3,0,1,EIGHTH AVENUE EAST & BELLAIRE STREET NORTH,1,1,0,0,1,1,,0,25,0,0,0,0,1,4,2,1
,2019-51290,39.729087,-104.987412,1/1/2019 0:24,0:24,3,0,0,EIGHTH AVENUE EAST & BROADWAY STREET NORTH,5,3,0,2,1,1,,0,30,0,0,0,0,0,4,2,13
,2019-51291,39.729087,-104.987412,1/15/2019 10:10,10:10,10,0,0,EIGHTH AVENUE WEST & BROADWAY NORTH,1,1,0,0,1,1,,0,25,0,0,0,0,0,4,2,13
,2019-51292,39.729087,-104.987412,1/18/2019 19:15,19:15,12,0,0,EIGHTH AVENUE WEST & BROADWAY STREET NORTH,2,3,0,0,1,1,,0,30,0,0,0,0,0,4,2,8
,2019-51293,39.729087,-104.987412,2/25/2019 13:40,13:40,10,0,0,EIGHTH AVENUE EAST & BROADWAY STREET NORTH,1,1,1,0,1,1,,0,30,0,0,0,0,0,4,2,13
,2019-51294,39.729087,-104.987412,3/6/2019 7:54,7:54,15,0,0,EIGHTH AVENUE EAST & BROADWAY STREET NORTH,1,1,0,0,1,1,,0,30,0,0,0,0,0,4,2,14
,2019-51295,39.729087,-104.987412,5/8/2019 9:22,9:22,15,0,0,EIGHTH AVENUE EAST & BROADWAY STREET NORTH,2,1,0,1,1,1,,0,30,0,0,0,0,0,4,2,13
,2019-51296,39.729087,-104.987412,7/6/2019 14:16,14:16,3,0,0,EIGHTH AVENUE WEST & BROADWAY STREET NORTH,1,1,0,0,1,1,,0,30,0,0,0,0,0,4,3,12
,2019-51297,39.729087,-104.987412,7/29/2019 14:11,14:11,15,0,0,EIGHTH AVENUE EAST & BROADWAY STREET NORTH,1,1,0,0,1,1,,0,30,0,0,0,0,0,4,2,13
,2019-51298,39.729087,-104.987412,10/2/2019 4:38,4:38,3,0,0,EIGHTH AVENUE EAST & BROADWAY STREET NORTH,1,1,0,1,1,1,,0,35,0,0,0,0,0,4,2,8
,2019-51299,39.729087,-104.987412,12/13/2019 12:58,12:58,15,0,0,EIGHTH AVENUE WEST & BROADWAY STREET NORTH,1,1,0,0,1,1,,0,25,0,0,0,0,0,4,2,14
,2019-51300,39.72933,-105.0192315,5/13/2019 15:58,15:58,3,0,0,EIGHTH AVENUE WEST & BRYANT STREET NORTH,1,1,0,0,1,1,,0,25,0,0,0,0,0,4,2,7
,2019-51301,39.72933,-105.0197985,11/6/2019 18:10,18:10,3,0,1,EIGHTH AVENUE WEST & CANOSA COURT NORTH,2,3,0,1,1,1,,0,30,0,0,0,0,1,4,2,13
,2019-51302,39.72906,-104.9775795,5/3/2019 10:58,10:58,3,0,0,EIGHTH AVENUE EAST & CLARKSON COURT NORTH,1,1,0,0,1,3,,0,30,0,0,0,0,0,4,2,14
,2019-51303,39.72906,-104.9775795,9/24/2019 6:20,6:20,3,0,0,EIGHTH AVENUE EAST & CLARKSON STREET NORTH,1,1,0,0,1,1,,0,30,0,0,0,0,0,4,2,3
,2019-51305,39.72906,-104.9775795,10/28/2019 5:15,5:15,3,0,0,EIGHTH AVENUE EAST & CLARKSON STREET NORTH,10,1,0,2,1,1,,0,30,0,0,0,0,0,4,2,14
,2019-51306,39.729069,-104.97411,6/22/2019 20:40,20:40,10,0,0,EIGHTH AVENUE EAST & CORONA STREET NORTH,1,3,1,0,1,1,,0,30,0,0,0,0,0,4,2,13
,2019-51307,39.729231,-104.931612,1/10/2019 8:20,8:20,3,0,0,EIGHTH AVENUE EAST & DAHLIA STREET NORTH,1,1,0,0,1,1,,0,25,0,0,0,0,0,4,2,7
,2019-51308,39.729312,-105.02172,3/6/2019 15:12,15:12,12,0,0,EIGHTH AVENUE WEST & DECATUR STREET NORTH,1,1,1,0,1,1,,0,30,0,0,0,0,0,4,2,13
,2019-51309,39.729312,-105.02172,9/9/2019 8:31,8:31,3,0,0,EIGHTH AVENUE WEST & DECATUR STREET NORTH,1,1,0,0,1,1,,0,30,0,0,0,0,0,4,2,1
,2019-51310,39.729312,-105.02172,10/2/2019 16:20,16:20,3,0,1,EIGHTH AVENUE WEST & DECATUR STREET NORTH,1,1,1,0,1,1,,0,35,0,0,0,0,2,4,2,13
,2019-51311,39.728943,-104.9928615,6/13/2019 12:45,12:45,10,0,0,EIGHTH AVENUE WEST & DELAWARE STREET NORTH,1,1,0,0,1,1,,0,25,0,0,0,0,0,4,2,13
,2019-51312,39.728943,-104.9928615,7/30/2019 15:35,15:35,3,0,0,EIGHTH AVENUE WEST & DELAWARE STREET NORTH,1,1,0,0,1,1,,0,35,0,0,0,0,0,4,2,13
,2019-51313,39.728943,-104.9928615,10/6/2019 23:43,23:43,5,0,0,EIGHTH AVENUE WEST & DELAWARE STREET NORTH,1,3,0,0,3,4,,0,35,0,0,0,0,0,4,1,5
,2019-51315,39.729231,-104.932782,6/27/2019 8:57,8:57,3,0,0,EIGHTH AVENUE EAST & DEXTER STREET NORTH,1,1,0,0,1,1,,0,25,0,0,0,0,0,4,2,13
,2019-51316,39.729231,-104.932782,10/3/2019 13:10,13:10,3,0,1,EIGHTH AVENUE EAST & DEXTER STREET NORTH,1,1,0,0,1,1,,0,25,0,0,0,0,1,4,2,7
,2019-51317,39.729069,-104.972949,5/6/2019 16:00,16:00,10,0,0,EIGHTH AVENUE EAST & DOWNING STREET NORTH,2,1,0,1,1,1,,0,30,0,0,0,0,0,4,2,8
,2019-51318,39.729069,-104.972949,7/23/2019 11:45,11:45,12,0,0,EIGHTH AVENUE EAST & DOWNING STREET NORTH,1,1,0,0,1,1,,0,30,0,0,0,0,0,4,2,3
,2019-51319,39.729069,-104.972949,7/23/2019 11:45,11:45,12,0,0,EIGHTH AVENUE EAST & DOWNING STREET NORTH,1,1,0,0,1,1,,0,30,0,0,0,0,0,4,3,13
,2019-51320,39.729078,-104.9763915,9/19/2019 10:15,10:15,3,0,2,EIGHTH AVENUE EAST & EMERSON STREET NORTH,1,1,0,0,1,1,,0,25,0,0,0,0,1,4,2,14
,2019-51321,39.729231,-104.9304825,8/13/2019 13:47,13:47,3,0,1,EIGHTH AVENUE EAST & EUDORA STREET NORTH,1,1,0,0,1,1,,0,25,0,0,0,0,1,4,2,1
,2019-51322,39.729231,-104.9304825,10/18/2019 15:08,15:08,3,0,0,EIGHTH AVENUE EAST & EUDORA STREET NORTH,1,1,0,0,1,1,,0,25,0,0,0,0,0,4,2,1
,2019-51323,39.728907,-104.996439,8/9/2019 16:18,16:18,1,0,0,EIGHTH AVENUE WEST & GALAPAGO STREET NORTH,1,1,0,0,1,1,,0,30,0,0,0,0,0,4,2,13
,2019-51324,39.728907,-104.996439,12/9/2019 14:56,14:56,12,0,0,EIGHTH AVENUE WEST & GALAPAGO STREET NORTH,1,1,0,0,1,1,,0,30,0,0,0,0,0,4,2,13
,2019-51325,39.729123,-104.9418495,4/24/2019 12:24,12:24,3,0,0,EIGHTH AVENUE EAST & HARRISON STREET NORTH,1,1,0,0,1,1,,0,30,0,0,0,0,0,4,2,13
,2019-51326,39.728898,-104.997582,5/23/2019 17:18,17:18,3,0,0,EIGHTH AVENUE WEST & INCA STREET NORTH,1,1,0,0,1,1,,0,35,0,0,0,0,0,4,2,7
,2019-51327,39.729123,-104.9429115,9/19/2019 9:33,9:33,10,0,0,EIGHTH AVENUE EAST & JACKSON STREET NORTH,1,1,0,0,1,1,,0,30,0,0,0,0,0,4,2,13
,2019-51328,39.729123,-104.959071,2/2/2019 13:47,13:47,10,0,0,EIGHTH AVENUE EAST & JOSEPHINE STREET NORTH,1,1,0,0,1,1,,0,35,0,0,0,0,0,4,2,8
,2019-51329,39.729123,-104.959071,4/2/2019 12:37,12:37,3,0,2,EIGHTH AVENUE EAST & JOSEPHINE STREET NORTH,1,1,0,0,1,1,,0,35,0,0,0,0,1,4,2,13
,2019-51330,39.729123,-104.959071,9/28/2019 6:58,6:58,3,0,1,EIGHTH AVENUE EAST & JOSEPHINE STREET NORTH,1,1,0,0,1,1,,0,30,0,0,0,0,2,4,2,3
,2019-51331,39.728952,-105.000183,3/25/2019 17:37,17:37,12,0,0,EIGHTH AVENUE WEST & KALAMATH STREET NORTH,1,1,1,0,1,1,,0,30,0,0,0,0,0,4,2,13
,2019-51332,39.728952,-105.000183,4/30/2019 9:35,9:35,5,0,1,EIGHTH AVENUE WEST & KALAMATH STREET NORTH,1,1,0,0,3,1,,0,30,0,0,0,0,1,4,1,3
,2019-51333,39.728952,-105.000183,5/6/2019 20:09,20:09,15,0,1,EIGHTH AVENUE WEST & KALAMATH STREET NORTH,2,3,0,1,1,1,,0,35,0,0,0,0,1,4,2,13
,2019-51334,39.728952,-105.000183,7/10/2019 6:40,6:40,12,0,0,EIGHTH AVENUE WEST & KALAMATH STREET NORTH,1,1,0,0,1,1,,0,25,0,0,0,0,0,4,2,13
,2019-51335,39.728952,-105.000183,8/28/2019 9:15,9:15,3,0,0,EIGHTH AVENUE WEST & KALAMATH STREET NORTH,1,1,0,0,1,1,,0,40,0,0,0,0,0,4,2,13
,2019-51336,39.728952,-105.000183,9/10/2019 13:46,13:46,15,0,0,EIGHTH AVENUE WEST & KALAMATH STREET NORTH,1,1,0,0,1,1,,0,30,0,0,0,0,0,4,2,13
,2019-51337,39.728952,-105.000183,9/25/2019 20:40,20:40,15,0,0,EIGHTH AVENUE WEST & KALAMATH STREET NORTH,1,1,0,0,1,1,,0,30,0,0,0,0,0,4,2,13
,2019-51338,39.728952,-105.000183,12/11/2019 14:40,14:40,3,0,0,EIGHTH AVENUE WEST & KALAMATH STREET NORTH,1,1,0,0,1,1,,0,35,0,0,0,0,0,4,2,8
,2019-51339,39.728952,-105.000183,12/15/2019 19:23,19:23,5,0,0,EIGHTH AVENUE WEST & KALAMATH STREET NORTH,1,3,0,0,3,3,,0,30,0,0,0,0,0,4,1,6
,2019-51340,39.729294,-105.032511,4/22/2019 18:32,18:32,10,0,1,EIGHTH AVENUE WEST & KNOX COURT NORTH,1,1,0,0,1,1,,0,25,0,0,0,0,2,4,2,5
,2019-51341,39.729267,-104.91615,3/25/2019 18:45,18:45,12,0,2,EIGHTH AVENUE EAST & KRAMERIA STREET NORTH,1,2,0,0,1,1,,0,30,0,0,0,0,1,4,2,7
,2019-51342,39.729087,-104.9706,4/18/2019 17:41,17:41,3,0,0,EIGHTH AVENUE EAST & LAFAYETTE STREET NORTH,1,1,0,0,1,1,,0,35,0,0,0,0,0,4,4,3
,2019-51343,39.729087,-104.9706,7/11/2019 14:30,14:30,3,0,1,EIGHTH AVENUE EAST & LAFAYETTE STREET NORTH,1,1,0,0,1,1,,0,25,0,0,0,0,1,4,3,13
,2019-51344,39.729087,-104.9706,7/12/2019 12:35,12:35,3,0,0,EIGHTH AVENUE EAST & LAFAYETTE STREET NORTH,1,1,0,0,1,1,,0,25,0,0,0,0,0,4,2,14
,2019-51345,39.729087,-104.9706,8/17/2019 13:48,13:48,3,0,0,EIGHTH AVENUE EAST & LAFAYETTE STREET NORTH,1,1,0,0,1,1,,0,30,0,0,0,0,0,4,2,8
,2019-51346,39.729087,-104.986152,9/23/2019 16:10,16:10,10,0,0,EIGHTH AVENUE EAST & LINCOLN STREET NORTH,1,1,1,0,1,1,,0,30,0,0,0,0,0,4,2,13
,2019-51347,39.728961,-105.001623,6/12/2019 16:34,16:34,3,0,0,EIGHTH AVENUE WEST & LIPAN STREET NORTH,1,1,0,0,1,1,,0,30,0,0,0,0,0,4,2,1
,2019-51348,39.729267,-104.9139315,1/9/2019 16:50,16:50,3,0,0,EIGHTH AVENUE EAST & LOCUST STREET NORTH,1,2,0,0,1,1,,0,25,0,0,0,0,0,4,2,1
,2019-51349,39.729267,-104.9139315,11/12/2019 15:55,15:55,3,0,0,EIGHTH AVENUE EAST & LOCUST STREET NORTH,1,1,0,0,1,1,,0,25,0,0,0,0,0,4,2,1
,2019-51350,39.729276,-104.9116185,9/26/2019 8:53,8:53,12,0,0,EIGHTH AVENUE EAST & MAGNOLIA STREET NORTH,1,1,0,7,1,4,,0,25,0,0,0,0,0,4,2,14
,2019-51351,39.729069,-104.971761,2/5/2019 8:26,8:26,3,0,0,EIGHTH AVENUE EAST & MARION STREET NORTH,1,1,0,0,1,1,,0,25,0,0,0,0,0,4,2,13
,2019-51352,39.728943,-105.0028425,6/3/2019 17:21,17:21,3,0,0,EIGHTH AVENUE WEST & MARIPOSA STREET NORTH,1,1,0,0,1,1,,0,35,0,0,0,0,0,4,2,13
,2019-51353,39.729276,-104.912811,4/29/2019 17:28,17:28,15,0,0,EIGHTH AVENUE EAST & MONACO STREET NORTH,2,1,0,2,1,3,,0,30,0,0,0,0,0,4,2,7
,2019-51354,39.729276,-104.912811,6/3/2019 15:36,15:36,12,0,0,EIGHTH AVENUE WB & MONACO STREET,1,1,0,0,1,1,,0,30,0,0,0,0,0,4,2,13
,2019-51355,39.729276,-104.912811,8/9/2019 9:54,9:54,15,0,0,EIGHTH AVENUE EAST & MONACO STREET NORTH,1,1,0,0,1,1,,0,30,0,0,0,0,0,4,3,13
,2019-51356,39.729276,-104.912811,8/28/2019 16:36,16:36,15,0,0,EIGHTH AVENUE EAST & MONACO STREET NORTH,1,1,0,0,1,1,,0,30,0,0,0,0,0,4,2,13
,2019-51357,39.729276,-104.912811,10/31/2019 6:10,6:10,10,0,0,EIGHTH AVENUE EAST & MONACO STREET NORTH,1,3,0,0,1,1,,0,30,0,0,0,0,0,4,2,7
,2019-51358,39.729276,-104.912811,11/20/2019 8:25,8:25,15,0,0,EIGHTH AVENUE EAST & MONACO STREET NORTH,1,1,0,0,1,1,,0,,0,0,0,0,0,4,2,13
,2019-51359,39.729267,-104.905791,2/16/2019 11:00,11:00,3,0,0,EIGHTH AVENUE EAST & PONTIAC STREET NORTH,1,1,0,0,1,1,,0,25,0,0,0,0,0,4,2,3
,2019-51360,39.728907,-104.9986395,2/13/2019 9:00,9:00,3,0,2,EIGHTH AVENUE WEST & SANTA FE DRIVE NORTH,1,1,0,0,1,1,,0,35,0,0,0,0,1,4,2,14
,2019-51361,39.728907,-104.9986395,5/8/2019 18:47,18:47,3,0,0,EIGHTH AVENUE WEST & SANTA FE DRIVE NORTH,2,1,0,1,1,1,,0,30,0,0,0,0,0,4,2,13
,2019-51362,39.728907,-104.9986395,8/7/2019 19:05,19:05,3,0,0,EIGHTH AVENUE WEST & SANTA FE DRIVE NORTH,1,1,0,0,1,1,,0,30,0,0,0,0,0,4,2,13
,2019-51363,39.728907,-104.9986395,8/27/2019 12:09,12:09,12,0,1,EIGHTH AVENUE WEST & SANTA FE DRIVE NORTH,1,1,0,0,1,3,,0,30,0,0,0,0,1,4,2,3
,2019-51364,39.728907,-104.9986395,10/23/2019 18:30,18:30,3,0,1,EIGHTH AVENUE WEST & SANTA FE DRIVE NORTH,2,3,0,2,1,1,,0,35,0,0,0,0,1,4,2,13
,2019-51365,39.728943,-104.9906115,4/1/2019 21:38,21:38,3,0,0,EIGHTH AVENUE WEST & SPEER BOULEVARD NORTH,1,3,0,0,1,1,,0,35,0,0,0,0,0,4,2,13
,2019-51366,39.728943,-104.9906115,7/16/2019 22:41,22:41,3,0,5,EIGHTH AVENUE WEST & SPEER BOULEVARD,1,3,1,0,1,1,,0,35,0,0,0,0,1,4,2,12
,2019-51367,39.728943,-104.9906115,10/12/2019 22:30,22:30,15,0,0,EIGHTH AVENUE WEST & SPEER BOULEVARD NORTH,1,3,0,0,1,1,,0,30,0,0,0,0,0,4,2,13
,2019-51368,39.728241,-104.8943115,8/23/2019 14:40,14:40,3,0,0,EIGHTH AVENUE EAST & ULSTER WAY NORTH,1,1,0,0,1,1,,0,25,0,0,0,0,0,4,2,2
,2019-51369,39.729069,-104.9787495,1/29/2019 11:12,11:12,3,0,0,EIGHTH AVENUE EAST & WASHINGTON STREET NORTH,5,1,1,0,1,1,,0,25,0,0,0,0,0,4,2,13
,2019-51370,39.729069,-104.9787495,5/2/2019 8:46,8:46,3,0,0,EIGHTH AVENUE EAST & WASHINGTON STREET NORTH,1,1,0,0,1,1,,0,30,0,0,0,0,0,4,2,13
,2019-51371,39.729069,-104.9787495,7/10/2019 11:14,11:14,10,0,0,EIGHTH AVENUE EAST & WASHINGTON STREET NORTH,1,1,0,0,1,1,,0,30,0,0,0,0,0,4,2,8
,2019-51372,39.729087,-104.9658795,8/19/2019 16:45,16:45,3,0,2,EIGHTH AVENUE EAST & WILLIAMS STREET NORTH,1,1,0,0,1,1,,0,30,0,0,0,0,1,4,3,13
,2019-51373,39.729087,-104.9658795,9/25/2019 10:10,10:10,10,0,0,EIGHTH AVENUE EAST & WILLIAMS STREET NORTH,1,1,0,0,1,1,,0,30,0,0,0,0,0,4,2,13
,2019-51374,39.729123,-104.960232,1/8/2019 22:32,22:32,3,0,0,EIGHTH AVENUE EAST & YORK STREET NORTH,1,3,1,0,1,1,,0,30,0,0,0,0,0,4,2,13
,2019-51375,39.729321,-105.0159285,6/26/2019 14:08,14:08,1,0,2,EIGHTH AVENUE WEST & ZUNI STREET NORTH,1,1,0,0,1,1,,0,30,0,0,0,0,2,4,2,12
,2019-51376,39.729321,-105.0159285,8/19/2019 15:10,15:10,1,0,1,EIGHTH AVENUE WEST & ZUNI STREET NORTH,1,1,0,0,1,1,,0,40,0,0,0,0,2,4,2,14
,2019-51377,39.76938,-105.0486795,1/24/2019 11:25,11:25,5,0,0,38TH AVENUE EAST & WOLFF STREET NORTH,5,1,0,2,3,1,,0,35,0,0,0,0,0,4,1,14
,2019-51378,39.783609,-104.8017105,3/18/2019 21:50,21:50,12,0,0,GREEN VALLEY RANCH BOULEVARD EAST & KITTREDGE STREET NORTH,1,3,0,0,1,1,,0,,0,0,0,0,0,4,2,13
,2019-51379,39.729321,-105.0159285,10/3/2019 18:25,18:25,1,0,0,EIGHTH AVENUE WEST & ZUNI STREET NORTH,1,3,0,0,1,1,,0,30,0,0,0,0,0,4,2,3
,2019-51380,39.729321,-105.0159285,10/11/2019 9:50,9:50,1,0,0,EIGHTH AVENUE WEST & ZUNI STREET NORTH,1,1,0,0,1,1,,0,35,0,0,0,0,0,4,2,13
,2019-51381,39.73113706,-105.0252696,3/7/2019 15:27,15:27,6,0,0,NINTH AVENUE & 200 EAST,1,1,0,0,1,4,,0,30,0,0,0,0,0,4,2,7
,2019-51382,39.73113706,-105.0252696,10/1/2019 11:59,11:59,3,0,0,NINTH AVENUE WEST & 2700 BLOCK WEST,1,1,0,0,1,2,,0,25,0,0,0,0,0,4,2,3
,2019-51383,39.730428,-104.9873895,10/4/2019 11:23,11:23,12,0,0,NINTH AVENUE EAST & BROADWAY STREET NORTH,1,1,0,0,1,1,,0,30,0,0,0,0,0,4,2,14
,2019-51384,39.731175,-105.021711,4/4/2019 12:40,12:40,3,0,0,NINTH AVENUE WEST & DECATUR STREET NORTH,1,1,1,0,1,1,,0,25,0,0,0,0,0,4,2,13
,2019-51385,39.730437,-104.9836095,11/1/2019 15:26,15:26,3,0,0,NINTH AVENUE EAST & GRANT STREET NORTH,2,1,0,0,1,1,,0,30,0,0,0,0,0,4,2,3
,2019-51386,39.730482,-104.941818,1/23/2019 16:17,16:17,3,0,0,NINTH AVENUE EAST & HARRISON STREET NORTH,1,1,0,0,1,1,,0,30,0,0,0,0,0,4,2,8
,2019-51387,39.730518,-104.997609,11/13/2019 17:50,17:50,3,0,0,NINTH AVENUE WEST & INCA STREET NORTH,1,3,0,0,1,1,,0,25,0,0,0,0,0,4,2,13
,2019-51388,39.730509,-104.9592105,2/28/2019 14:50,14:50,1,0,0,NINTH AVENUE EAST & JOSEPHINE STREET NORTH,1,1,0,0,1,1,,0,25,0,0,0,0,0,4,2,1
,2019-51389,39.730509,-104.9592105,11/18/2019 8:00,8:00,3,0,0,NINTH AVENUE EAST & JOSEPHINE STREET NORTH,1,1,1,0,1,1,,0,30,0,0,0,0,0,4,2,13
,2019-51390,39.730518,-105.0001695,2/1/2019 3:20,3:20,3,0,0,NINTH AVENUE WEST & KALAMATH STREET NORTH,1,3,0,0,1,1,,0,35,0,0,0,0,0,4,2,13
,2019-51391,39.730518,-105.0001695,3/4/2019 10:08,10:08,3,0,0,NINTH AVENUE WEST & KALAMATH STREET NORTH,2,1,0,0,1,1,,0,25,0,0,0,0,0,4,3,13
,2019-51392,39.730482,-104.91615,8/25/2019 18:13,18:13,3,0,0,NINTH AVENUE EAST & KRAMERIA STREET NORTH,1,1,0,0,1,1,,0,30,0,0,0,0,0,4,2,13