id,drcog_id,latitude,longitude,crashtime,time,crashtype,numbkilled,numbinjurd,drcoglocat,rdconditin,lightngcon,roadcntgrd,weatherco,location,roaddescrp,schoolzone,constrzone,splimit,bikeinv,sctrinv,pedinv,motoinv,svrty,rdsystem,ttlvehcls,hcf
,2019-51393,39.730509,-104.951718,5/25/2019 8:53,8:53,3,0,0,NINTH AVENUE EAST & MILWAUKEE STREET NORTH,1,1,0,0,1,1,,0,30,0,0,0,0,0,4,2,13
,2019-51394,39.730437,-104.9752485,2/7/2019 7:00,7:00,3,0,0,NINTH AVENUE EAST & OGDEN STREET NORTH,5,1,0,0,1,1,,0,25,0,0,0,0,0,4,2,13
,2019-51395,39.730608,-105.0394815,12/14/2019 14:40,14:40,3,0,2,NINTH AVENUE WEST & PERRY STREET NORTH,1,1,1,0,1,1,,0,30,0,0,0,0,1,4,2,7
,2019-51396,39.731238,-105.0486705,8/29/2019 10:00,10:00,3,0,0,NINTH AVENUE WEST & WOLF STREET NORTH,1,1,1,0,1,1,,0,30,0,0,0,0,0,4,2,6
,2019-51397,39.78618293,-105.0146714,1/14/2019 9:30,9:30,3,0,0,NINTH AVENUE WEST & WYANDOT STREET NORTH,1,1,0,0,1,3,,0,25,0,0,0,0,0,4,2,14
,2019-51398,39.731256,-105.0510285,5/2/2019 17:03,17:03,3,0,0,NINTH AVENUE WEST & YATES STREET NORTH,1,1,0,0,1,1,,0,30,0,0,0,0,0,4,2,13
,2019-51399,39.746556,-105.0076035,7/11/2019 23:49,23:49,1,0,2,NINTH STREET & AURARIA PARKWAY,1,3,0,0,1,1,,0,30,0,0,0,0,1,4,2,7
,2019-51400,39.725685,-105.0001695,6/16/2019 18:47,18:47,3,0,0,SIXTH AVENUE WEST & KALAMATH STREET NORTH,1,1,1,0,1,1,,0,35,0,0,0,0,0,4,2,2
,2019-51401,39.725379,-105.005619,5/23/2019 10:50,10:50,15,0,0,SIXTH AVENUE WEST & OSAGE STREET NORTH,1,1,0,0,1,4,,0,65,0,0,0,0,0,4,2,13
,2019-51402,39.725379,-105.005619,5/31/2019 12:46,12:46,5,0,1,SIXTH AVENUE WEST & OSAGE STREET NORTH,1,1,1,0,2,4,,0,55,0,0,0,0,1,4,1,12
,2019-51403,39.725379,-105.005619,10/10/2019 20:30,20:30,5,0,0,SIXTH AVENUE WEST & OSAGE STREET NORTH,5,3,1,2,2,4,,0,50,0,0,0,0,0,4,1,14
,2019-51404,39.7257165,-105.0057585,11/7/2019 11:18,11:18,3,0,0,HIGHWAY 6 EASTBOUND OFF RAMP TO & OSAGE STREET NORTH,1,1,0,0,1,1,,0,25,0,0,0,0,0,4,2,8
,2019-51405,39.720933,-104.9891895,11/7/2019 12:10,12:10,3,0,1,ACOMA STREET NORTH & THIRD AVENUE WEST,1,1,0,0,1,1,,0,25,0,0,0,0,1,4,2,8
,2019-51406,39.724146,-104.989203,1/4/2019 15:49,15:49,3,0,0,ACOMA STREET NORTH & FIFTH AVENUE WEST,1,2,0,0,1,1,,0,25,0,0,0,0,0,4,2,3
,2019-51407,39.674871,-104.988789,10/30/2019 17:33,17:33,3,0,2,ACOMA STREET SOUTH & ILIFF AVENUE WEST,10,1,0,0,1,1,,0,25,0,0,0,0,1,4,2,1
,2019-51408,39.687588,-104.98878,6/14/2019 11:41,11:41,3,0,0,ACOMA STREET SOUTH & IOWA AVENUE WEST,1,1,1,0,1,1,,0,25,0,0,0,0,0,4,2,13
,2019-51409,39.73068,-104.9480775,1/14/2019 21:51,21:51,6,0,0,ADAMS STREET 900 BLOCK NORTH & 3924 BLOCK NORTH,1,4,0,0,1,4,,0,25,0,0,0,0,0,4,2,5
,2019-51410,39.772881,-104.796009,2/9/2019 13:44,13:44,3,0,1,AIRPORT WAY NORTH & 40TH AVENUE EAST,8,1,0,0,1,1,,0,30,0,0,0,0,1,4,2,13
,2019-51411,39.77588198,-104.7947454,1/19/2019 18:15,18:15,5,0,0,AIRPORT WAY & 4347 NORTH,1,3,0,0,4,8,,0,35,0,0,0,0,0,4,1,13
,2019-51412,39.711123,-104.9678999,6/19/2019 12:45,12:45,12,0,0,ALAMEDA AVENUE & 300 EAST,1,1,0,0,6,8,,0,,0,0,0,0,0,3,2,13
,2019-51413,39.742722,-104.9530027,1/17/2019 19:56,19:56,3,0,1,ALAMEDA AVENUE & 4200 EAST PRIVATE DRIVE,1,3,1,0,1,1,,0,35,0,0,0,0,1,4,2,3
,2019-51414,39.711123,-104.9678999,6/20/2019 17:40,17:40,1,0,1,ALAMEDA AVENUE EAST  & 4200 BLOCK EAST,1,1,0,0,1,2,,0,30,0,0,0,0,1,4,2,13
,2019-51415,39.711123,-104.9678999,7/15/2019 20:55,20:55,12,0,0,ALAMEDA AVENUE EAST & 4200 BLOCK EAST,1,3,0,0,1,2,,0,25,0,0,0,0,0,4,2,13
,2019-51416,39.711123,-104.9678999,4/8/2019 10:52,10:52,12,0,0,ALAMEDA AVENUE & 8900 BLOCK EAST,1,1,0,0,1,4,,0,35,0,0,0,0,0,4,2,13
,2019-51417,39.783996,-104.8466205,9/13/2019 18:10,18:10,15,0,0,ALBROOK DRIVE EAST & PEORIA STREET NORTH,1,1,0,0,1,1,,0,35,0,0,0,0,0,4,2,13
,2019-51418,39.711159,-104.9900085,1/15/2019 15:25,15:25,1,0,3,ALAMEDA AVENUE WEST & BANNOCK STREET SOUTH,1,1,0,0,1,1,,0,35,0,0,0,0,1,4,2,1
,2019-51419,39.711159,-104.9900085,1/21/2019 11:36,11:36,1,0,0,ALAMEDA AVENUE WEST & BANNOCK STREET SOUTH,1,1,0,0,1,1,,0,30,0,0,0,0,0,4,2,1
,2019-51420,39.711159,-104.9900085,3/7/2019 18:15,18:15,1,0,0,ALAMEDA AVENUE WEST & BANNOCK STREET SOUTH,1,3,0,0,1,1,,0,35,0,0,0,0,0,4,3,13
,2019-51421,39.711159,-104.9900085,3/20/2019 23:10,23:10,1,0,0,ALAMEDA AVENUE WEST & BANNOCK STREET SOUTH,1,3,0,0,1,1,,0,,0,0,0,0,0,4,2,13
,2019-51422,39.711159,-104.9900085,3/30/2019 13:29,13:29,3,0,1,ALAMEDA AVENUE WEST & BANNOCK STREET SOUTH,1,1,0,0,1,1,,0,35,0,0,0,0,1,4,3,3
,2019-51423,39.711159,-104.9900085,7/10/2019 18:20,18:20,10,0,0,ALAMEDA AVENUE WEST & BANNOCK STREET SOUTH,1,1,0,0,1,1,,0,30,0,0,0,0,0,4,2,3
,2019-51424,39.711159,-104.9900085,8/6/2019 17:00,17:00,1,0,0,ALAMEDA AVENUE WEST & BANNOCK STREET SOUTH,1,1,0,0,1,1,,0,30,0,0,0,0,0,4,2,13
,2019-51425,39.711159,-104.9900085,8/8/2019 19:00,19:00,12,0,0,ALAMEDA AVENUE WEST & BANNOCK STREET SOUTH,1,1,0,0,1,1,,0,35,0,0,0,0,0,4,2,3
,2019-51426,39.711159,-104.9900085,10/1/2019 14:20,14:20,1,0,0,ALAMEDA AVENUE WEST & BANNOCK STREET SOUTH,1,1,0,0,1,1,,0,30,0,0,0,0,0,4,2,5
,2019-51427,39.71115,-104.987592,6/13/2019 12:02,12:02,15,0,0,ALAMEDA AVENUE EAST & BROADWAY STREET SOUTH,1,1,0,0,1,1,,0,30,0,0,0,0,0,4,2,13
,2019-51428,39.71115,-104.987592,10/1/2019 17:30,17:30,12,0,0,ALAMEDA AVENUE EAST & BROADWAY STREET SOUTH,1,1,0,0,1,3,,0,30,0,0,0,0,0,4,2,3
,2019-51429,39.711168,-104.99238,3/8/2019 15:31,15:31,1,0,0,ALAMEDA AVENUE WEST & CHEROKEE STREET SOUTH,1,1,0,0,1,1,,0,30,0,0,0,0,0,4,2,13
,2019-51430,39.711168,-104.99238,6/6/2019 12:08,12:08,1,0,0,ALAMEDA AVENUE WEST & CHEROKEE STREET SOUTH,1,1,0,0,1,1,,0,30,0,0,0,0,0,4,2,1
,2019-51431,39.711186,-104.9482305,3/17/2019 21:55,21:55,5,0,1,ALAMEDA AVENUE EAST & CHERRY CREEK DRIVE EAST,1,3,1,0,1,1,,0,30,0,0,0,0,1,4,1,13
,2019-51432,39.711186,-104.9482305,8/17/2019 20:44,20:44,10,0,0,ALAMEDA AVENUE EAST & CHERRY CREEK DRIVE SOUTH EAST,1,3,0,0,1,1,,0,25,0,0,0,0,0,4,2,6
,2019-51433,39.711186,-104.9482305,10/14/2019 9:07,9:07,12,0,0,ALAMEDA AVENUE EAST & CHERRY CREEK SOUTH DRIVE EAST,1,1,0,0,1,1,,0,25,0,0,0,1,0,4,2,1
,2019-51434,39.711186,-104.9482305,10/31/2019 20:25,20:25,5,0,1,ALAMEDA AVENUE EAST & CHERRY CREEK SOUTH DRIVE EAST,5,3,0,0,3,1,,0,30,0,0,0,0,2,4,1,13
,2019-51435,39.711114,-104.97807,7/19/2019 18:01,18:01,1,0,0,ALAMEDA AVENUE EAST & CLARKSON STREET SOUTH,1,1,0,0,1,1,,0,30,0,0,0,0,0,4,2,13
,2019-51436,39.711114,-104.97807,10/26/2019 17:02,17:02,3,0,0,ALAMEDA AVENUE EAST & CLARKSON STREET SOUTH,1,1,1,0,1,1,,0,30,0,0,0,0,0,4,2,14
,2019-51437,39.711321,-104.931612,6/10/2019 7:39,7:39,3,0,0,ALAMEDA AVENUE EAST & DAHLIA STREET SOUTH,1,1,0,0,1,1,,0,35,0,0,0,0,0,4,2,13
,2019-51438,39.709026,-104.8754385,1/7/2019 10:20,10:20,1,0,0,ALAMEDA AVENUE EAST & DAYTON STREET SOUTH,1,1,0,0,1,1,,0,40,0,0,0,0,0,4,2,13
,2019-51439,39.709026,-104.8754385,1/13/2019 14:26,14:26,1,0,1,ALAMEDA AVENUE EAST & DAYTON STREET SOUTH,1,1,0,0,1,1,,0,40,0,0,0,0,2,4,2,13
,2019-51440,39.709026,-104.8754385,2/11/2019 10:59,10:59,12,0,0,ALAMEDA AVENUE EAST & DAYTON STREET SOUTH,1,1,0,0,1,1,,0,30,0,0,0,0,0,4,2,13
,2019-51441,39.709026,-104.8754385,4/18/2019 13:09,13:09,3,0,1,ALAMEDA AVENUE EAST & DAYTON STREET SOUTH,1,1,0,0,1,1,,0,25,0,0,0,0,2,4,2,13
,2019-51442,39.7828145,-104.9645476,4/18/2019 11:45,11:45,5,0,0,HIGH STREET & 2000 BLOCK NORTH,1,1,0,0,2,2,,0,30,0,0,0,0,0,4,1,13
,2019-51443,39.709026,-104.8754385,5/24/2019 23:12,23:12,1,0,2,ALAMEDA AVENUE EAST & DAYTON STREET SOUTH,1,3,0,0,1,1,,0,35,0,0,0,0,2,4,2,1
,2019-51444,39.709026,-104.8754385,8/7/2019 7:25,7:25,5,0,0,ALAMEDA AVENUE EAST & DAYTON STREET SOUTH,1,1,0,0,3,1,,0,35,0,0,0,0,0,4,1,14
,2019-51445,39.709026,-104.8754385,8/20/2019 9:25,9:25,12,0,2,ALAMEDA AVENUE EAST & DAYTON STREET SOUTH,1,1,0,0,1,1,,0,40,0,0,0,0,1,4,3,1
,2019-51446,39.709026,-104.8754385,8/20/2019 9:25,9:25,1,0,1,ALAMEDA AVENUE EAST & DAYTON STREET SOUTH,1,1,0,0,1,1,,0,40,0,0,0,0,1,4,2,13
,2019-51447,39.709026,-104.8754385,9/17/2019 16:20,16:20,12,0,0,ALAMEDA AVENUE EAST & DAYTON STREET SOUTH,1,1,0,0,1,3,,0,30,0,0,0,0,0,4,2,7
,2019-51448,39.709026,-104.8754385,11/28/2019 6:41,6:41,5,0,0,ALAMEDA AVENUE EAST & DAYTON STREET SOUTH,5,1,0,0,3,1,,0,35,0,0,0,0,0,4,1,13
,2019-51449,39.711105,-104.97339,6/3/2019 13:43,13:43,3,0,0,ALAMEDA AVENUE EAST & DOWING STREET SOUTH,2,1,0,1,1,1,,0,30,0,0,0,0,0,4,2,3
,2019-51450,39.711105,-104.97339,1/14/2019 11:58,11:58,3,0,1,ALAMEDA AVENUE EAST & DOWNING STREET SOUTH,1,1,0,0,1,3,,0,30,0,0,0,0,1,4,2,13
,2019-51451,39.711105,-104.97339,1/24/2019 10:38,10:38,3,0,1,ALAMEDA AVENUE EAST & DOWNING STREET SOUTH,4,1,0,2,1,1,,0,30,0,0,0,0,1,4,2,1
,2019-51452,39.711105,-104.97339,2/13/2019 18:00,18:00,15,0,0,ALAMEDA AVENUE EAST & DOWNING STREET SOUTH,1,3,0,0,1,1,,0,30,0,0,0,0,0,4,2,13
,2019-51453,39.711348,-104.9293125,3/4/2019 16:45,16:45,10,0,0,ALAMEDA AVENUE EAST & ELM STREET NORTH,6,1,0,0,1,1,,0,30,0,0,0,0,0,4,2,1
,2019-51454,39.711114,-104.976909,6/11/2019 16:40,16:40,1,0,0,ALAMEDA AVENUE EAST & EMERSON STREET SOUTH,1,1,0,0,1,1,,0,30,0,0,0,0,0,4,2,13
,2019-51455,39.711114,-104.976909,9/27/2019 9:25,9:25,3,0,0,ALAMEDA AVENUE EAST & EMERSON STREET SOUTH,1,1,0,0,1,1,,0,30,0,0,0,0,0,4,2,13
,2019-51456,39.71133,-104.8929075,2/12/2019 10:15,10:15,3,0,0,ALAMEDA AVENUE EAST & FAIRMOUNT DRIVE SOUTH,1,1,0,0,1,1,,0,35,0,0,0,0,0,4,2,13
,2019-51457,39.71133,-104.8929075,2/15/2019 17:10,17:10,3,0,0,ALAMEDA AVENUE EAST & FAIRMOUNT DRIVE NORTH,1,1,0,0,1,1,,0,30,0,0,0,0,0,4,2,13
,2019-51458,39.71133,-104.8929075,7/18/2019 11:14,11:14,15,0,0,ALAMEDA AVENUE EAST  & FAIRMOUNT DRIVE EAST,1,1,0,0,1,1,,0,40,0,0,0,0,0,4,2,13
,2019-51459,39.71133,-104.8929075,10/22/2019 6:43,6:43,12,0,0,ALAMEDA AVENUE EAST & FAIRMOUNT DRIVE EAST,1,4,0,0,1,3,,0,35,0,0,0,0,0,4,3,13
,2019-51460,39.71133,-104.8929075,12/1/2019 14:10,14:10,3,0,1,ALAMEDA AVENUE EAST & FAIRMOUNT DRIVE EAST,6,1,0,0,1,1,,0,40,0,0,0,0,2,4,2,7
,2019-51461,39.711177,-104.926959,10/2/2019 17:45,17:45,10,0,0,ALAMEDA AVENUE EAST  & FOREST STREET SOUTH,1,1,0,1,1,1,,0,35,0,0,0,0,0,4,2,12
,2019-51462,39.711123,-104.968692,1/29/2019 8:32,8:32,12,0,1,ALAMEDA AVENUE EAST & FRANKLIN STREET SOUTH,5,1,0,0,1,4,,0,,0,0,0,0,1,4,3,13
,2019-51463,39.711123,-104.968692,5/4/2019 13:57,13:57,3,0,0,ALAMEDA AVENUE EAST & FRANKLIN STREET SOUTH,1,1,1,0,1,1,,0,20,0,0,0,0,0,4,2,13
,2019-51464,39.711123,-104.968692,9/26/2019 18:53,18:53,3,0,0,ALAMEDA AVENUE EAST & FRANKLIN STREET SOUTH,1,3,1,0,1,1,,0,25,0,0,0,0,0,4,2,8
,2019-51465,39.711123,-104.968692,11/12/2019 16:15,16:15,3,0,0,ALAMEDA AVENUE EAST & FRANKLIN STREET SOUTH,1,1,1,0,1,1,,0,30,0,0,0,0,0,4,2,13
,2019-51466,39.711123,-104.9617215,10/1/2019 7:30,7:30,1,0,0,ALAMEDA AVENUE EAST  & GAYLORD STREET SOUTH,2,1,1,1,1,1,,0,30,0,0,0,0,0,4,2,13
,2019-51467,39.7116,-104.941359,4/9/2019 6:45,6:45,3,0,0,ALAMEDA AVENUE EAST & HARRISON STREET SOUTH,1,1,0,0,1,1,,0,35,0,0,0,0,0,4,2,13
,2019-51468,39.711123,-104.9651685,4/16/2019 16:30,16:30,12,0,0,ALAMEDA AVENUE EAST & HIGH STREET SOUTH,1,1,0,0,1,1,,0,25,0,0,0,0,0,4,2,3
,2019-51469,39.773079,-104.8079115,10/25/2019 17:44,17:44,12,0,0,ANDREWS WAY SOUTH & 40TH AVENUE EAST,1,2,0,0,1,1,,0,40,0,0,0,0,0,4,2,13
,2019-51470,39.711213,-104.922279,1/24/2019 19:00,19:00,1,0,0,ALAMEDA AVENUE EAST & HOLLY STREET SOUTH,5,3,0,0,1,1,,0,30,0,0,0,0,0,4,2,1
,2019-51471,39.711213,-104.922279,4/4/2019 9:58,9:58,3,0,1,ALAMEDA AVENUE EAST & HOLLY STREET SOUTH,1,1,0,0,1,1,,0,35,0,0,0,0,1,4,2,13
,2019-51472,39.711213,-104.922279,6/3/2019 23:46,23:46,3,0,0,ALAMEDA AVENUE EAST & HOLLY STREET SOUTH,1,3,0,0,1,1,,0,35,0,0,0,0,0,4,2,1
,2019-51473,39.711213,-104.922279,7/2/2019 17:00,17:00,3,0,0,ALAMEDA AVENUE EAST  & HOLLY STREET SOUTH,1,1,0,0,1,1,,0,30,0,0,0,0,0,4,3,3
,2019-51474,39.711195,-104.998401,8/28/2019 13:40,13:40,12,0,0,ALAMEDA AVENUE EAST & KALAMATH STREET SOUTH,1,1,0,0,1,3,,0,30,0,0,0,0,0,4,2,3
,2019-51475,39.711123,-104.971041,1/4/2019 16:40,16:40,12,0,0,ALAMEDA AVENUE EAST & LAFAYETTE STREET SOUTH,1,1,0,0,1,1,,0,30,0,0,0,0,0,4,3,3
,2019-51476,39.711366,-104.91534,10/23/2019 16:31,16:31,12,0,0,ALAMEDA AVENUE EAST & LEYDEN STREET SOUTH,2,1,0,2,1,3,,0,35,0,0,0,0,0,4,2,3
,2019-51477,39.71115,-104.9863905,3/13/2019 7:38,7:38,3,0,0,ALAMEDA AVENUE EAST & LINCOLN STREET SOUTH,2,1,0,1,1,1,,0,30,0,0,0,0,0,4,2,13
,2019-51478,39.71115,-104.9863905,7/19/2019 12:28,12:28,15,0,0,ALAMEDA AVENUE EAST  & LINCOLN STREET SOUTH,1,1,0,0,1,1,,0,30,0,0,0,0,0,4,2,13
,2019-51479,39.71115,-104.9827905,3/25/2019 14:15,14:15,12,0,0,ALAMEDA AVENUE EAST & LOGAN STREET SOUTH,1,1,0,0,1,1,,0,35,0,0,0,0,0,4,2,12
,2019-51480,39.711402,-104.9111505,2/4/2019 17:59,17:59,1,0,1,ALAMEDA AVENUE EAST & MAGNOLIA STREET SOUTH,1,3,0,0,1,1,,0,35,0,0,0,0,1,4,2,13
,2019-51481,39.711402,-104.9111505,4/19/2019 17:30,17:30,3,0,0,ALAMEDA AVENUE EAST & MAGNOLIA STREET SOUTH,1,1,0,0,1,1,,0,25,0,0,0,0,0,4,2,13
,2019-51482,39.711114,-104.972418,2/26/2019 14:30,14:30,3,0,0,ALAMEDA AVENUE EAST & MARION STREET SOUTH,1,1,0,0,1,1,,0,35,0,0,0,0,0,4,2,12
,2019-51483,39.76343143,-104.9824998,4/30/2019 16:20,16:20,6,0,0,BLAKE STREET & 2500 BLOCK,2,1,0,1,1,4,,0,25,0,0,0,0,0,4,2,5
,2019-51484,39.711114,-104.972418,12/6/2019 18:33,18:33,3,0,1,ALAMEDA AVENUE EAST & MARION STREET SOUTH,1,3,0,0,1,1,,0,30,0,0,0,0,1,4,2,14
,2019-51485,39.711195,-104.911812,12/12/2019 8:01,8:01,12,0,0,ALAMEDA AVENUE EAST & MIAMI COURT SOUTH,1,1,0,0,1,1,,0,35,0,0,0,0,0,4,2,13
,2019-51486,39.711366,-104.9129595,2/2/2019 7:59,7:59,3,0,0,ALAMEDA AVENUE EAST & MONACO STREET SOUTH,1,1,0,0,1,1,,0,30,0,0,0,0,0,4,2,5
,2019-51487,39.711366,-104.9129595,5/13/2019 18:00,18:00,15,0,0,ALAMEDA AVENUE EAST & MONACO STREET SOUTH,1,1,0,0,1,1,,0,35,0,0,0,0,0,4,2,3
,2019-51488,39.711366,-104.9129595,8/14/2019 8:22,8:22,1,0,0,ALAMEDA AVENUE EAST  & MONACO STREET SOUTH,1,1,0,0,1,1,,0,,0,0,0,0,0,4,2,7
,2019-51489,39.711366,-104.9129595,8/28/2019 16:40,16:40,10,0,0,ALAMEDA AVENUE EAST  & MONACO STREET SOUTH,1,1,0,0,1,1,,0,30,0,0,0,0,0,4,2,3
,2019-51490,39.711366,-104.9129595,9/26/2019 15:11,15:11,1,0,0,ALAMEDA AVENUE EAST  & MONACO STREET SOUTH,1,1,0,0,1,1,,0,35,0,0,0,0,0,4,2,1
,2019-51491,39.711366,-104.9129595,10/8/2019 11:23,11:23,3,0,0,ALAMEDA AVENUE EAST  & MONACO STREET SOUTH,1,1,0,0,1,1,,0,30,0,0,0,0,0,4,3,13
,2019-51492,39.711366,-104.9129595,12/18/2019 18:21,18:21,1,0,1,ALAMEDA AVENUE EAST & MONACO STREET SOUTH,1,3,0,0,1,1,,0,35,0,0,0,0,1,4,2,13
,2019-51493,39.711366,-104.9129595,10/13/2019 10:35,10:35,3,0,0,ALAMEDA AVENUE EAST & MONACO PARKWAY SOUTH,1,1,0,0,1,1,,0,30,0,0,0,0,0,4,2,3
,2019-51494,39.711204,-104.9087025,11/14/2019 17:50,17:50,3,0,1,ALAMEDA AVENUE EAST & NEWPORT WAY SOUTH,1,3,0,0,1,1,,0,25,0,0,0,0,1,4,2,13
,2019-51495,39.711114,-104.9756895,4/3/2019 18:25,18:25,1,0,0,ALAMEDA AVENUE EAST & OGDEN STREET SOUTH,1,1,0,0,1,1,,0,30,0,0,0,0,0,4,2,3
,2019-51496,39.711195,-104.9064885,5/3/2019 17:50,17:50,3,0,0,ALAMEDA AVENUE EAST & OLIVE WAY SOUTH,1,1,0,0,1,1,,0,25,0,0,0,0,0,4,2,7
,2019-51497,39.711195,-104.9064885,9/23/2019 16:02,16:02,3,0,1,ALAMEDA AVENUE EAST & OLIVE WAY SOUTH,1,1,0,0,1,1,,0,25,0,0,0,0,2,4,2,13
,2019-51498,39.711402,-104.9073615,5/20/2019 16:30,16:30,12,0,0,ALAMEDA AVENUE EAST & ONEIDA STREET SOUTH,2,1,0,1,1,1,,0,30,0,0,0,0,0,4,2,3
,2019-51499,39.711348,-104.9035005,3/7/2019 17:43,17:43,15,0,2,ALAMEDA AVENUE EAST & QUEBEC STREET SOUTH,1,2,0,0,1,1,,0,35,0,0,0,0,1,4,3,3
,2019-51500,39.711348,-104.9035005,3/15/2019 10:49,10:49,1,0,0,ALAMEDA AVENUE EAST & QUEBEC STREET SOUTH,1,1,0,0,1,1,,0,35,0,0,0,0,0,4,2,13
,2019-51501,39.711348,-104.9035005,3/26/2019 8:40,8:40,12,0,0,ALAMEDA AVENUE EAST & QUEBEC STREET SOUTH,1,1,0,0,1,1,,0,35,0,0,0,0,0,4,2,13
,2019-51502,39.711348,-104.9035005,4/18/2019 13:10,13:10,12,0,0,ALAMEDA AVENUE EAST & QUEBEC STREET SOUTH,1,1,0,0,1,1,,0,30,0,0,0,0,0,4,2,3
,2019-51503,39.711348,-104.9035005,6/22/2019 20:52,20:52,1,0,0,ALAMEDA AVENUE EAST  & QUEBEC STREET SOUTH,2,3,0,1,1,1,,0,35,0,0,0,0,0,4,2,3
,2019-51504,39.711348,-104.9035005,9/30/2019 17:50,17:50,1,0,0,ALAMEDA AVENUE EAST  & QUEBEC STREET SOUTH,1,3,0,0,1,1,,0,35,0,0,0,0,0,4,2,13
,2019-51505,39.711348,-104.9035005,11/5/2019 7:21,7:21,12,0,1,ALAMEDA AVENUE EAST & QUEBEC STREET SOUTH,1,1,0,0,1,1,,0,40,0,0,0,0,1,4,2,13
,2019-51506,39.711186,-104.997132,1/17/2019 11:59,11:59,1,0,0,ALAMEDA AVENUE WEST & SANTA FE DRIVE SOUTH,1,1,0,0,1,1,,0,30,0,0,0,0,0,4,2,13
,2019-51507,39.711186,-104.997132,1/31/2019 13:28,13:28,3,0,0,ALAMEDA AVENUE WEST & SANTA FE DRIVE SOUTH,1,1,0,0,1,3,,0,35,0,0,0,0,0,4,2,13
,2019-51508,39.711186,-104.997132,3/7/2019 13:11,13:11,1,0,0,ALAMEDA AVENUE WEST & SANTA FE DRIVE SOUTH,1,1,0,0,1,1,,0,35,0,0,0,0,0,4,2,2
,2019-51509,39.711186,-104.997132,3/17/2019 16:05,16:05,1,0,0,ALAMEDA AVENUE WEST & SANTA FE DRIVE SOUTH,1,1,0,0,1,1,,0,30,0,0,0,0,0,4,2,13
,2019-51510,39.711186,-104.997132,4/4/2019 18:05,18:05,12,0,0,ALAMEDA AVENUE WEST & SANTA FE DRIVE SOUTH,1,1,0,0,1,1,,0,,0,0,0,0,0,4,2,7
,2019-51511,39.77712,-104.8132215,2/20/2019 9:36,9:36,3,0,0,46TH AVENUE EAST & FRASIER WAY NORTH,1,1,0,0,1,1,,0,25,0,0,0,0,0,4,2,1
,2019-51512,39.711186,-104.997132,4/8/2019 15:33,15:33,15,0,0,ALAMEDA AVENUE WEST & SANTA FE DRIVE SOUTH,1,1,0,0,1,1,,0,40,0,0,0,0,0,4,2,1
,2019-51513,39.711186,-104.997132,5/15/2019 12:11,12:11,12,0,0,ALAMEDA AVENUE WEST & SANTA FE DRIVE SOUTH,1,1,0,0,1,1,,0,35,0,0,0,0,0,4,2,13
,2019-51514,39.711186,-104.997132,5/17/2019 9:56,9:56,1,0,0,ALAMEDA AVENUE WEST  & SANTA FE DRIVE SOUTH,1,1,0,0,1,1,,0,35,0,0,0,0,0,4,2,13
,2019-51515,39.711186,-104.997132,5/27/2019 13:10,13:10,1,0,0,ALAMEDA AVENUE WEST  & SANTA FE DRIVE SOUTH,1,1,0,0,1,1,,0,35,0,0,0,0,0,4,2,7
,2019-51516,39.711186,-104.997132,6/17/2019 8:24,8:24,12,0,0,ALAMEDA AVENUE WEST & SANTA FE DRIVE SOUTH,1,1,0,0,1,3,,0,35,0,0,0,0,0,4,2,13
,2019-51517,39.711186,-104.997132,7/20/2019 19:49,19:49,1,0,0,ALAMEDA AVENUE WEST & SANTA FE DRIVE SOUTH,1,2,0,0,1,1,,0,35,0,0,0,0,0,4,2,13
,2019-51518,39.711186,-104.997132,8/15/2019 19:41,19:41,1,0,1,ALAMEDA AVENUE WEST  & SANTA FE DRIVE SOUTH,1,2,0,0,1,1,,0,30,0,0,0,0,1,4,2,1
,2019-51519,39.711186,-104.997132,9/18/2019 15:15,15:15,12,0,0,ALAMEDA AVENUE WEST & SANTA FE DRIVE SOUTH,1,1,0,0,1,1,,0,35,0,0,0,0,0,4,2,13
,2019-51520,39.711186,-104.997132,10/1/2019 10:16,10:16,15,0,0,ALAMEDA AVENUE WEST  & SANTA FE DRIVE SOUTH,1,1,0,0,1,1,,0,35,0,0,0,0,0,4,2,13
,2019-51521,39.711186,-104.997132,11/6/2019 15:40,15:40,15,0,0,ALAMEDA AVENUE WEST & SANTA FE DRIVE SOUTH,2,1,0,1,1,3,,0,30,0,0,0,0,0,4,2,13
,2019-51522,39.711186,-104.997132,12/2/2019 17:56,17:56,3,0,0,ALAMEDA AVENUE WEST & SANTA FE DRIVE SOUTH,2,3,0,0,1,1,,0,35,0,0,0,0,0,4,2,5
,2019-51523,39.711123,-104.9593005,6/16/2019 11:26,11:26,3,0,0,ALAMEDA AVENUE EAST  & UNIVERSITY BOULEVARD SOUTH,1,1,1,0,1,1,,0,30,0,0,0,0,0,4,2,13
,2019-51524,39.711123,-104.9593005,10/25/2019 8:48,8:48,1,0,0,ALAMEDA AVENUE EAST  & UNIVERSITY BOULEVARD SOUTH,1,1,0,0,1,1,,0,35,0,0,0,0,0,4,2,13
,2019-51525,39.711123,-104.9593005,12/11/2019 9:25,9:25,12,0,0,ALAMEDA AVENUE EAST & UNIVERSITY BOULEVARD SOUTH,1,1,0,0,1,1,,0,30,0,0,0,0,0,4,2,1
,2019-51526,39.711105,-104.97924,6/28/2019 12:57,12:57,3,0,1,ALAMEDA AVENUE EAST & WASHINGTON STREET SOUTH,1,1,0,0,1,1,,0,25,0,0,0,0,1,4,2,10
,2019-51527,39.711105,-104.97924,12/13/2019 19:59,19:59,12,0,0,ALAMEDA AVENUE EAST & WASHINGTON STREET SOUTH,1,3,0,0,1,1,,0,30,0,0,0,0,0,4,2,13
,2019-51528,39.707064,-104.8854105,2/23/2019 7:34,7:34,5,0,0,ALAMEDA AVENUE EAST & XENIA STREET SOUTH,4,1,0,0,3,1,,0,35,0,0,0,0,0,4,1,1