id,drcog_id,latitude,longitude,crashtime,time,crashtype,numbkilled,numbinjurd,drcoglocat,rdconditin,lightngcon,roadcntgrd,weatherco,location,roaddescrp,schoolzone,constrzone,splimit,bikeinv,sctrinv,pedinv,motoinv,svrty,rdsystem,ttlvehcls,hcf
,2019-51529,39.711123,-104.9605605,4/24/2019 7:45,7:45,14,0,0,ALAMEDA AVENUE EAST & YORK STREET SOUTH,1,1,0,0,1,1,,0,30,0,0,0,0,0,4,2,1
,2019-51530,39.711123,-104.9605605,8/20/2019 15:29,15:29,1,0,1,ALAMEDA AVENUE EAST & YORK STREET SOUTH,1,1,1,0,1,1,,0,30,0,0,0,0,1,4,2,13
,2019-51531,39.708549,-105.029838,12/6/2019 8:39,8:39,3,0,2,ALASKA PLACE WEST & IRVINGS STREET SOUTH,4,1,0,0,1,1,,0,25,0,0,0,0,2,4,2,13
,2019-51532,39.74139,-104.938938,2/6/2019 13:50,13:50,3,0,0,ALBION STREET NORTH & 16TH AVENUE EAST,4,1,0,2,1,1,,0,25,0,0,0,0,0,4,2,1
,2019-51533,39.743397,-104.9389335,6/21/2019 9:44,9:44,3,0,0,ALBION STREET NORTH & 17TH AVENUE EAST,1,1,0,0,1,1,,0,25,0,0,0,0,0,4,2,14
,2019-51534,39.73145209,-104.939478,11/22/2019 5:43,5:43,6,0,0,ALBION STREET NORTH & 4000 BLOCK NORTH,5,2,0,2,1,4,,0,25,0,0,0,0,0,4,3,13
,2019-51535,39.72924,-104.939469,4/17/2019 10:29,10:29,3,0,0,ALBION STREET NORTH & EIGHTH AVENUE EAST,1,1,0,0,1,1,,0,30,0,0,0,0,0,4,3,14
,2019-51536,39.685671,-104.939478,10/22/2019 13:30,13:30,15,0,0,ALBION STREET SOUTH & MEXICO AVENUE EAST,1,1,0,0,1,1,,0,25,0,0,0,0,0,4,2,13
,2019-51537,39.778119,-104.8364235,5/17/2019 17:58,17:58,3,0,0,ALBROOK DRIVE EAST & AUCKLAND COURT NORTH,1,1,0,0,1,1,,0,45,0,0,0,0,0,4,2,8
,2019-51538,39.781539,-104.8422735,2/8/2019 18:02,18:02,3,0,0,ALBROOK DRIVE EAST & TULSA COURT NORTH,1,3,0,0,1,1,,0,25,0,0,0,0,0,4,2,13
,2019-51539,39.781539,-104.8422735,6/23/2019 20:40,20:40,3,0,0,ALBROOK DRIVE EAST & TULSA COURT NORTH,1,3,0,0,1,1,,0,25,0,0,0,0,0,4,2,13
,2019-51540,39.781539,-104.8422735,7/13/2019 22:39,22:39,1,0,0,ALBROOK DRIVE EAST & TULSA COURT NORTH,1,3,0,0,1,1,,0,25,0,0,0,0,0,4,2,1
,2019-51541,39.781539,-104.8422735,8/22/2019 20:40,20:40,3,0,0,ALBROOK DRIVE EAST & TULSA COURT NORTH,1,3,0,0,1,1,,0,25,0,0,0,0,0,4,2,1
,2019-51542,39.781539,-104.8422735,10/23/2019 6:03,6:03,3,0,0,ALBROOK DRIVE EAST & TULSA COURT NORTH,1,3,0,0,1,1,,0,25,0,0,0,0,0,4,2,13
,2019-51543,39.781539,-104.8422735,12/10/2019 9:20,9:20,3,0,0,ALBROOK DRIVE EAST & TULSA COURT NORTH,1,1,0,0,1,1,,0,35,0,0,0,0,0,4,2,13
,2019-51544,39.765636,-105.017382,11/22/2019 12:20,12:20,3,0,1,ALCOTT STREET NORTH & 35TH AVENUE WEST,2,1,1,0,1,1,,0,25,0,0,0,0,1,4,2,13
,2019-51545,39.769281,-105.0174225,4/9/2019 8:40,8:40,12,0,0,ALCOTT STREET NORTH & 38TH AVENUE WEST,1,1,0,0,1,1,,0,25,0,0,0,0,0,4,2,3
,2019-51546,39.697956,-104.882319,9/29/2019 8:59,8:59,3,0,0,ALTON STREET SOUTH & LAKESHORE DRIVE,1,1,0,0,1,1,,0,15,0,0,0,0,0,4,2,3
,2019-51547,39.79403885,-104.8132433,6/27/2019 1:02,1:02,6,0,0,ALTURA STREET NORTH & 5200 BLOCK,1,3,0,0,1,3,,0,25,0,0,0,0,0,4,3,14
,2019-51548,39.665016,-105.029883,9/5/2019 14:15,14:15,3,0,0,AMHERST AVENUE WEST & IRVING STREET SOUTH,1,1,1,0,1,1,,0,25,0,0,0,0,0,4,2,7
,2019-51549,39.774645,-104.7697785,10/29/2019 8:00,8:00,3,0,0,ANDES WAY NORTH & 43RD AVENUE EAST,4,1,0,2,1,1,,0,25,0,0,0,0,0,4,2,7
,2019-51550,39.781386,-104.7694995,1/23/2019 7:54,7:54,3,0,1,ANDES STREET NORTH & 47TH AVENUE EAST,5,1,0,0,1,1,,0,25,0,0,0,0,1,4,2,13
,2019-51551,39.791034,-104.771286,10/29/2019 22:55,22:55,10,0,0,ANDES STREET NORTH & WALSH PLACE WEST,4,3,0,2,1,1,,0,30,0,0,0,0,0,4,2,13
,2019-51552,39.78618267,-104.8363124,5/5/2019 14:31,14:31,6,0,0,ANDREWS DRIVE & 15066 EAST,1,1,0,0,1,4,,0,25,0,0,0,0,0,4,2,1
,2019-51553,39.78618267,-104.8363124,1/22/2019 8:14,8:14,6,0,0,ANDREWS DRIVE & 15134 EAST,4,1,0,2,1,4,,0,,0,0,0,0,0,4,3,13
,2019-51554,39.773079,-104.8079115,4/12/2019 16:00,16:00,10,0,0,ANDREWS DRIVE EAST & 40TH AVENUE EAST,1,1,0,0,1,1,,0,25,0,0,0,0,0,4,2,1
,2019-51555,39.777426,-104.823909,1/30/2019 17:12,17:12,3,0,0,ANDREWS DRIVE EAST & 44TH AVENUE EAST,1,3,0,0,1,1,,0,30,0,0,0,0,0,4,2,13
,2019-51556,39.777426,-104.823909,3/8/2019 15:00,15:00,12,0,0,ANDREWS DRIVE EAST & 44TH AVENUE EAST,1,1,0,0,1,4,,0,25,0,0,0,0,0,4,2,1
,2019-51557,39.777426,-104.823909,9/3/2019 8:00,8:00,3,0,1,ANDREWS DRIVE EAST & 44TH AVENUE EAST,1,1,0,0,1,1,,0,35,0,0,0,0,1,4,2,13
,2019-51558,39.778803,-104.824692,11/18/2019 7:39,7:39,12,0,0,ANDREWS DRIVE EAST & 46TH AVENUE EAST,1,1,0,0,1,1,,0,25,0,0,0,0,0,4,2,3
,2019-51559,39.775041,-104.8099185,4/13/2019 0:00,0:00,1,0,0,ANDREWS DRIVE EAST & CHAMBERS ROAD NORTH,1,3,0,0,1,1,,0,45,0,0,0,0,0,4,2,7
,2019-51560,39.775041,-104.8099185,12/8/2019 7:50,7:50,3,0,0,ANDREWS DRIVE EAST & CHAMBERS ROAD NORTH,1,1,0,0,1,1,,0,25,0,0,0,0,0,4,2,13
,2019-51561,39.78234,-104.828031,10/1/2019 21:55,21:55,3,0,0,ANDREWS DRIVE EAST & CRYSTAL STREET NORTH,2,4,0,1,1,1,,0,25,0,0,0,0,0,4,2,1
,2019-51562,39.781314,-104.826798,3/30/2019 10:00,10:00,3,0,1,ANDREWS DRIVE EAST & DILLON STREET NORTH,1,1,0,0,1,1,,0,25,0,0,0,0,1,4,2,7
,2019-51563,39.785139,-104.8336425,8/8/2019 19:02,19:02,3,0,0,ANDREWS DRIVE EAST & ELK PLACE EAST,1,1,0,0,1,1,,0,30,0,0,0,0,0,4,2,8
,2019-51564,39.7839285,-104.9875717,6/2/2019 22:18,22:18,5,0,0,48TH AVENUE WEST & 5441 WEST 48TH AVENUE,1,3,0,0,3,4,,0,30,0,0,0,0,0,4,1,5
,2019-51565,39.786219,-104.8469715,3/28/2019 16:39,16:39,3,0,1,ANDREWS DRIVE EAST & PEORIA STREET NORTH,1,1,0,0,1,1,,0,45,0,0,0,0,1,4,2,1
,2019-51566,39.785949,-104.8350915,11/25/2019 2:00,2:00,5,0,1,ANDREWS DRIVE EAST & WORCHESTER STREET NORTH,1,3,0,0,3,1,,0,30,0,0,0,0,1,4,1,13
,2019-51567,39.74598,-104.998068,4/13/2019 9:45,9:45,3,0,0,ARAPAHOE STREET & 14TH STREET,1,1,0,0,1,1,,0,30,0,0,0,0,0,4,2,13
,2019-51568,39.7583538,-104.982106,9/13/2019 16:10,16:10,12,0,0,ARAPAHOE STREET & 1500 BLOCK,1,1,0,0,1,3,,0,25,0,0,0,0,0,4,2,13
,2019-51569,39.7583538,-104.982106,9/15/2019 8:54,8:54,6,0,0,ARAPAHOE STREET & 1500 BLOCK,1,1,0,0,1,4,,0,30,0,0,0,0,0,4,2,5
,2019-51570,39.746898,-104.996871,1/31/2019 10:46,10:46,15,0,0,ARAPAHOE STREET & 15TH STREET,6,1,0,0,1,1,,0,30,0,0,0,0,0,4,2,14
,2019-51571,39.746898,-104.996871,8/2/2019 13:11,13:11,3,0,0,ARAPAHOE STREET & 15TH STREET,1,1,0,0,1,1,,0,30,0,0,0,0,0,4,2,8
,2019-51572,39.75066,-104.991984,2/26/2019 0:36,0:36,3,0,1,ARAPAHOE STREET & 19TH STREET,5,3,0,4,1,1,,0,30,0,0,0,0,1,4,2,13
,2019-51573,39.75066,-104.991984,10/5/2019 1:57,1:57,3,0,0,ARAPAHOE STREET & 19TH STREET,1,3,0,0,1,1,,0,25,0,0,0,0,0,4,2,2
,2019-51574,39.753423,-104.988402,11/18/2019 11:15,11:15,3,0,1,ARAPAHOE STREET & 22ND STREET,1,1,0,0,1,1,,0,30,0,0,0,0,1,4,2,13
,2019-51575,39.757203,-104.9836005,2/6/2019 10:50,10:50,3,0,0,ARAPAHOE STREET & 26TH STREET,4,1,0,2,1,1,,0,25,0,0,0,0,0,4,2,7
,2019-51576,39.762819,-104.97636,4/23/2019 8:15,8:15,3,0,1,ARAPAHOE STREET & 32ND STREET,1,1,0,0,1,1,,0,25,0,0,0,0,2,4,3,7
,2019-51577,39.763755,-104.975154,9/4/2019 9:38,9:38,10,0,0,ARAPAHOE STREET & 33RD STREET,1,1,0,0,1,1,,0,25,0,0,0,0,0,4,2,13
,2019-51578,39.76515,-104.9733495,11/27/2019 7:00,7:00,8,0,0,ARAPAHOE STREET & DOWNING STREET NORTH,5,2,0,0,1,1,,0,30,0,0,0,0,0,4,2,14
,2019-51579,39.82000485,-104.769631,12/17/2019 19:04,19:04,3,0,2,ARGONNE STREET NORTH & 48TH PLACE EAST,1,4,1,0,1,1,,0,25,0,0,0,0,1,4,2,7
,2019-51580,39.798234,-104.7697605,3/20/2019 7:45,7:45,1,0,2,ARGONNE STREET NORTH & 56TH AVENUE EAST,1,1,0,0,1,1,,0,45,0,0,0,0,1,4,2,13
,2019-51581,39.694788,-104.9874615,8/7/2019 17:32,17:32,3,0,0,ARIZONA AVENUE EAST & BROADWAY SOUTH,1,1,0,0,1,1,,0,25,0,0,0,0,0,4,2,7
,2019-51582,39.694788,-104.9874615,9/13/2019 6:06,6:06,3,0,0,ARIZONA AVENUE EAST & BROADWAY STREET SOUTH,1,1,0,0,1,1,,0,25,0,0,0,0,0,4,2,13
,2019-51583,39.694788,-104.9874615,9/28/2019 19:01,19:01,3,0,0,ARIZONA AVENUE EAST & BROADWAY STREET SOUTH,1,3,0,0,1,1,,0,30,0,0,0,0,0,4,3,8
,2019-51584,39.694743,-104.9430195,1/26/2019 17:03,17:03,3,0,2,ARIZONA AVENUE EAST & JACKSON STREET SOUTH,1,1,0,0,1,1,,0,25,0,0,0,0,1,4,2,13
,2019-51585,39.694734,-104.949999,5/8/2019 16:53,16:53,3,0,0,ARIZONA AVENUE EAST & STEELE STREET SOUTH,2,1,0,1,1,1,,0,25,0,0,0,0,0,4,2,13
,2019-51586,39.69495,-105.0472125,5/24/2019 7:30,7:30,3,0,0,ARIZONA AVENUE WEST & WINONA COURT SOUTH,1,1,0,0,1,1,,0,25,0,0,0,0,0,4,2,7
,2019-51587,39.691296,-105.02973,3/12/2019 15:54,15:54,3,0,0,ARKANSAS AVENUE WEST & IRVING STREET SOUTH,1,1,0,0,1,1,,0,25,0,0,0,0,0,4,2,3
,2019-51588,39.691296,-105.02973,5/20/2019 8:50,8:50,3,0,0,ARKANSAS AVENUE WEST & IRVING STREET SOUTH,2,1,0,1,1,1,,0,25,0,0,0,0,0,4,3,1
,2019-51589,39.691287,-105.0390585,2/28/2019 8:47,8:47,3,0,0,ARKANSAS AVENUE WEST & PATTON COURT SOUTH,1,1,0,0,1,1,,0,25,0,0,0,0,0,4,2,13
,2019-51590,39.691287,-105.0390585,12/7/2019 17:00,17:00,3,0,0,ARKANSAS AVENUE WEST & PATTON COURT SOUTH,1,4,0,0,1,1,,0,25,0,0,0,0,0,4,2,3
,2019-51591,39.691269,-105.0067485,8/15/2019 19:36,19:36,6,0,0,ARKANSAS AVENUE WEST & QUIVAS STREET SOUTH,1,2,0,0,1,4,,0,25,0,0,0,0,0,4,2,5
,2019-51592,39.69135,-105.0495705,8/23/2019 13:48,13:48,3,0,0,ARKANSAS AVENUE WEST & XAVIER STREET SOUTH,1,1,0,0,1,1,,0,25,0,0,0,0,0,4,2,13
,2019-51593,39.680298,-104.9875785,5/13/2019 15:50,15:50,5,0,0,ASBURY AVENUE WEST & BROADWAY STREET SOUTH,1,1,0,0,1,5,,0,,0,0,0,0,0,4,1,14
,2019-51594,39.680379,-104.931612,6/21/2019 8:35,8:35,3,0,0,ASBURY AVENUE EAST & DAHLIA STREET SOUTH,1,1,0,0,1,1,,0,25,0,0,0,0,0,4,2,13
,2019-51595,39.680244,-104.9593995,2/7/2019 17:19,17:19,12,0,0,ASBURY AVENUE EAST & UNIVERSITY BOULEVARD SOUTH,4,1,0,0,1,1,,0,35,0,0,0,0,0,4,3,5
,2019-51596,39.758292,-104.938308,1/26/2019 15:20,15:20,12,0,0,ASH STREET NORTH & 29TH AVENUE EAST,1,1,0,0,1,1,,0,25,0,0,0,0,0,4,2,14
,2019-51597,39.716271,-104.9384205,3/13/2019 11:46,11:46,6,0,0,ASH STREET 4000 BLOCK NORTH & ASH STREET,6,1,0,2,1,4,,0,25,0,0,0,0,0,4,2,14
,2019-51598,39.745206,-105.009579,8/19/2019 12:03,12:03,12,0,1,AURARIA PARKWAY & SEVENTH AVENUE,1,1,0,0,1,1,,0,30,0,0,0,0,1,4,2,3
,2019-51599,39.745206,-105.009579,3/12/2019 9:15,9:15,12,0,0,AURARIA PARKWAY & SEVENTH STREET,1,1,0,0,1,4,,0,35,0,0,0,0,0,4,2,14
,2019-51600,39.745206,-105.009579,10/22/2019 13:25,13:25,12,0,0,AURARIA PARKWAY & SEVENTH STREET,1,1,0,0,1,4,,0,30,0,0,0,0,0,4,3,13
,2019-51601,39.745206,-105.009579,10/26/2019 11:08,11:08,3,0,0,AURARIA PARKWAY WEST & SEVENTH STREET,1,1,0,0,1,1,,0,35,0,0,0,0,0,4,2,13
,2019-51602,39.745206,-105.009579,10/31/2019 9:37,9:37,15,0,0,AURARIA PARKWAY WEST & SEVENTH STREET,6,1,0,0,1,1,,0,,0,0,0,0,0,4,2,13
,2019-51603,39.746556,-105.0076035,5/1/2019 19:11,19:11,3,0,0,AURARIA PARKWAY & NINTH STREET,1,1,0,0,1,1,,0,30,0,0,0,0,0,4,2,13
,2019-51604,39.748446,-105.003369,3/24/2019 15:47,15:47,3,0,0,AURARIA PARKWAY & SPEER BOULEVARD NORTH,1,1,0,0,1,1,,0,35,0,0,0,0,0,4,2,13
,2019-51605,39.748446,-105.003369,4/13/2019 12:25,12:25,10,0,0,AURARIA PARKWAY & SPEER BOULEVARD NORTH,1,1,0,0,1,1,,0,35,0,0,0,0,0,4,2,13
,2019-51606,39.748446,-105.003369,9/30/2019 9:29,9:29,10,0,0,AURARIA PARKWAY & SPEER BOULEVARD NORTH,1,1,0,0,1,1,,0,30,0,0,0,0,0,4,2,8
,2019-51607,39.748446,-105.003369,12/9/2019 18:03,18:03,3,0,0,AURARIA PARKWAY & SPEER BOULEVARD NORTH,1,3,0,0,1,1,,0,30,0,0,0,0,0,4,2,13
,2019-51608,39.736908,-105.027777,5/22/2019 17:51,17:51,6,0,0,AVONDALE DRIVE WEST & 3163 WEST AVONDALE DRIVE,1,1,1,0,1,4,,0,30,0,0,0,0,0,4,3,2
,2019-51609,39.632931,-105.0900615,7/12/2019 15:40,15:40,3,0,0,BALSAM WAY SOUTH & TUFTS AVENUE WEST,1,1,1,0,1,1,,0,30,0,0,0,0,0,4,2,7
,2019-51610,39.79665,-104.8243185,7/22/2019 22:00,22:00,6,0,0,BALTIMORE COURT NORTH & 5556 NORTH BALTIMORE COURT,1,1,0,0,1,4,,0,20,0,0,0,0,0,4,2,13
,2019-51611,39.732039,-104.990238,6/11/2019 15:38,15:38,3,0,1,BANNOCK STREET NORTH & 10TH AVENUE WEST,1,1,0,0,1,1,,0,30,0,0,0,0,2,4,2,13
,2019-51612,39.732039,-104.990238,11/10/2019 16:50,16:50,3,0,0,BANNOCK STREET NORTH & 10TH AVENUE WEST,1,2,0,0,1,1,,0,30,0,0,0,0,0,4,2,13
,2019-51613,39.736836,-104.990229,10/16/2019 10:40,10:40,10,0,0,BANNOCK STREET NORTH & 13TH AVENUE WEST,1,1,0,0,1,1,,0,30,0,0,0,0,0,4,2,13
,2019-51614,39.71116067,-104.9900084,7/21/2019 4:53,4:53,12,0,0,BANNOCK STREET SOUTH & 2000 BLOCK SOUTH,1,2,0,0,1,4,,0,25,0,0,0,0,0,4,2,6
,2019-51615,39.719331,-104.990841,10/28/2019 17:00,17:00,3,0,0,BANNOCK STREET NORTH & SECOND AVENUE WEST,5,1,0,0,1,1,,0,25,0,0,0,0,0,4,2,12
,2019-51616,39.722517,-104.990832,4/17/2019 16:35,16:35,3,0,0,BANNOCK STREET NORTH & FOURTH AVENUE WEST,1,1,0,0,1,1,,0,25,0,0,0,0,0,4,2,12
,2019-51617,39.725658,-104.9904189,12/10/2019 14:49,14:49,3,0,0,BANNOCK STREET & 500 BLOCK NORTH,1,1,0,0,1,2,,0,30,0,0,0,0,0,4,2,3
,2019-51618,39.725658,-104.990868,3/2/2019 7:55,7:55,15,0,0,BANNOCK STREET NORTH & SIXTH AVENUE WEST,1,1,1,0,1,1,,0,30,0,0,0,0,0,4,2,13
,2019-51619,39.711159,-104.9900085,2/20/2019 15:23,15:23,3,0,1,BANNOCK STREET SOUTH & ALAMEDA AVENUE WEST,1,1,0,0,1,1,,0,25,0,0,0,0,1,4,2,3
,2019-51620,39.711159,-104.9900085,5/11/2019 13:01,13:01,1,0,0,BANNOCK STREET SOUTH & ALAMEDA AVENUE WEST,1,1,0,0,1,1,,0,35,0,0,0,0,0,4,2,7
,2019-51621,39.711159,-104.9900085,7/23/2019 18:50,18:50,10,0,0,BANNOCK STREET SOUTH & ALAMEDA AVENUE WEST,1,1,0,0,1,1,,0,25,0,0,0,0,0,4,2,13
,2019-51622,39.711159,-104.9900085,9/26/2019 17:09,17:09,1,0,1,BANNOCK STREET SOUTH & ALAMEDA AVENUE WEST,1,1,0,0,1,1,,0,30,0,0,0,0,2,4,2,13
,2019-51623,39.711159,-104.9900085,12/2/2019 8:55,8:55,3,0,0,BANNOCK STREET SOUTH & ALAMEDA AVENUE WEST,2,1,0,0,1,1,,0,35,0,0,0,0,0,4,2,7
,2019-51624,39.711159,-104.9900085,12/6/2019 12:24,12:24,15,0,0,BANNOCK STREET SOUTH & ALAMEDA AVENUE WEST,1,1,0,0,1,1,,0,25,0,0,0,0,0,4,2,1
,2019-51625,39.709341,-104.9899995,7/16/2019 11:39,11:39,3,0,0,BANNOCK STREET SOUTH & DAKOTA AVENUE WEST,1,1,0,0,1,1,,0,25,0,0,0,0,0,4,2,13
,2019-51626,39.709341,-104.9899995,9/11/2019 14:10,14:10,12,0,0,BANNOCK STREET SOUTH & DAKOTA AVENUE WEST,1,1,0,0,1,1,,0,25,0,0,0,0,0,4,2,3
,2019-51627,39.674871,-104.98995,1/3/2019 6:20,6:20,5,0,0,BANNOCK STREET SOUTH & ILIFF AVENUE WEST,5,3,0,0,3,1,,0,25,0,0,0,0,0,4,1,1
,2019-51628,39.738456,-105.0001605,3/10/2019 3:14,3:14,15,0,0,KALAMATH STREET NORTH & 14TH AVENUE WEST,1,3,0,0,1,1,,0,35,0,0,0,0,0,4,2,5
,2019-51629,39.674871,-104.98995,4/2/2019 13:38,13:38,3,0,0,BANNOCK STREET SOUTH & ILIFF AVENUE WEST,1,1,0,0,1,1,,0,30,0,0,0,0,0,4,3,13
,2019-51630,39.729717,-104.991219,2/13/2019 14:35,14:35,3,0,0,BANNOCK STREET NORTH & SPEER BOULEVARD NORTH,1,1,0,0,1,1,,0,30,0,0,0,0,0,4,2,14
,2019-51631,39.729717,-104.991219,5/13/2019 1:19,1:19,5,0,2,BANNOCK STREET NORTH & SPEER BOULEVARD NORTH,1,3,0,0,3,1,,0,30,0,0,0,0,1,4,1,9
,2019-51632,39.729717,-104.991219,10/14/2019 16:15,16:15,3,0,1,BANNOCK STREET NORTH & SPEER BOULEVARD NORTHBOUND,1,1,0,0,1,1,,0,25,0,0,0,0,1,4,2,14
,2019-51633,39.66372,-105.022782,12/9/2019 18:50,18:50,8,0,0,BATES AVENUE 2700 BLOCK WEST & DECATUR STREET SOUTH,1,3,0,0,1,4,,0,25,0,0,0,0,0,4,2,5
,2019-51634,39.664683,-105.0784065,5/1/2019 14:25,14:25,5,0,0,BATES AVENUE WEST & WEBSTER STREET SOUTH,1,1,0,0,2,1,,0,25,0,0,0,0,0,4,2,1
,2019-51635,39.66255,-105.05115,3/3/2019 10:02,10:02,3,0,0,BATES AVENUE WEST & ZENOBIA STREET SOUTH,5,1,0,0,1,1,,0,25,0,0,0,0,0,4,2,7
,2019-51636,39.714741,-104.9837985,11/28/2019 11:57,11:57,3,0,0,BAYAUD AVENUE EAST & GRANT STREET SOUTH,4,1,0,0,1,1,,0,25,0,0,0,0,0,4,2,1
,2019-51637,39.714723,-104.9187915,5/2/2019 14:40,14:40,3,0,0,BAYAUD AVENUE EAST & JASMINE STREET SOUTH,1,1,0,0,1,1,,0,25,0,0,0,0,0,4,2,3
,2019-51638,39.714966,-105.0324885,6/5/2019 9:00,9:00,3,0,2,BAYAUD AVENUE WEST & KNOX COURT SOUTH,1,1,1,0,1,1,,0,25,0,0,0,0,1,4,2,5
,2019-51639,39.714966,-105.0324885,6/24/2019 6:52,6:52,3,0,0,BAYAUD AVENUE WEST & KNOX COURT SOUTH,1,1,0,0,1,1,,0,25,0,0,0,0,0,4,2,13
,2019-51640,39.714741,-104.9863005,5/25/2019 11:56,11:56,3,0,2,BAYAUD AVENUE EAST & LINCOLN STREET SOUTH,1,1,0,0,1,1,,0,25,0,0,0,0,2,4,2,13
,2019-51641,39.76047189,-104.9828977,6/26/2019 20:30,20:30,6,0,0,LARIMER STREET & 3400 BLOCK,1,3,0,0,1,4,,0,30,0,0,0,0,0,4,2,13
,2019-51642,39.714822,-105.0025815,3/27/2019 15:10,15:10,9,0,0,BAYAUD AVENUE WEST & PLATTE RIVER DRIVE NORTH,1,1,0,0,3,1,,0,30,0,0,0,0,0,4,1,1
,2019-51643,39.714813,-105.0109515,1/14/2019 12:50,12:50,10,0,0,BAYAUD AVENUE WEST & TEJON STREET SOUTH,1,1,0,0,1,1,,0,35,0,0,0,0,0,4,2,13
,2019-51644,39.714813,-105.0109515,8/9/2019 13:26,13:26,5,0,0,BAYAUD AVENUE WEST & TEJON STREET SOUTH,1,1,0,0,3,1,,0,30,0,0,0,0,0,4,1,13
,2019-51645,39.7856553,-105.0180942,1/15/2019 13:41,13:41,6,0,0,BEACH COURT 4900 BLOCK NORTH & 50TH AVENUE WEST,1,1,1,0,1,4,,0,25,0,0,0,0,0,4,2,13
,2019-51646,39.78802454,-105.007713,8/29/2019 14:29,14:29,12,0,0,BEEKMAN PLACE WEST & 1700 BLOCK WEST,1,1,0,0,1,5,,0,5,0,0,0,0,0,4,2,9
,2019-51647,39.786192,-104.954103,2/9/2019 15:02,15:02,5,0,0,BEEKMAN PLACE EAST & CLAYTON STREET NORTH,4,1,0,0,2,1,,0,25,0,0,0,0,0,4,1,13
,2019-51648,39.730986,-104.9368905,8/30/2019 18:21,18:21,3,0,0,BELLAIRE STREET NORTH & NINTH AVENUE EAST,1,1,0,0,1,1,,0,25,0,0,0,0,0,4,2,13
,2019-51649,39.76343143,-104.9824998,12/6/2019 8:58,8:58,5,0,0,BLAKE STREET & 1525 BLOCK,2,1,0,0,1,5,,0,10,0,0,0,0,0,4,1,13
,2019-51650,39.684969,-104.9373405,10/17/2019 11:49,11:49,3,0,0,BELLAIRE STREET SOUTH & MONTANA PLACE EAST,1,1,0,0,1,1,,0,25,0,0,0,0,0,4,2,13
,2019-51651,39.62421816,-104.8898804,2/13/2019 16:39,16:39,3,0,0,BELLEVIEW AVENUE & 7800 BLOCK EAST,1,3,0,0,1,2,,0,35,0,0,0,0,0,4,2,13
,2019-51652,39.624219,-104.889852,6/3/2019 16:06,16:06,3,0,0,BELLEVIEW AVENUE EAST & DTC BOULEVARD SOUTH,2,1,0,1,1,1,,0,40,0,0,0,0,0,4,2,5
,2019-51653,39.624201,-104.89473,12/11/2019 14:00,14:00,12,0,0,BELLEVIEW AVENUE EAST & ULSTER STREET SOUTH,1,1,0,0,1,3,,0,25,0,0,0,0,0,4,2,3
,2019-51654,39.624201,-104.89473,12/15/2019 13:33,13:33,3,0,0,BELLEVIEW AVENUE EAST & ULSTER STREET SOUTH,1,1,0,0,1,1,,0,45,0,0,0,0,0,4,2,13
,2019-51655,39.624201,-104.8853295,9/10/2019 15:00,15:00,12,0,0,BELLEVIEW AVENUE EAST & YOSEMITE STREET SOUTH,1,1,0,0,1,3,,0,35,0,0,0,0,0,4,2,3
,2019-51656,39.75460205,-104.936121,5/3/2019 22:26,22:26,6,0,0,BIRCH STREET & 2500 BLOCK NORTH,1,3,0,0,1,4,,0,25,0,0,0,0,0,4,2,2
,2019-51657,39.79622592,-104.8235381,6/5/2019 7:58,7:58,12,0,0,BLACKHAWK WAY & 4800 BLOCK NORTH,1,1,0,0,1,2,,0,35,0,0,0,0,0,4,2,3
,2019-51658,39.79622592,-104.8235381,1/22/2019 7:51,7:51,14,0,0,BLACKHAWK WAY & 5300 SOUTH,4,1,0,2,1,4,,0,25,0,0,0,0,0,4,2,13
,2019-51659,39.750552,-104.9991615,2/8/2019 11:06,11:06,3,0,0,BLAKE STREET & 16TH STREET,6,1,0,0,1,1,,0,30,0,0,0,0,0,4,2,8
,2019-51660,39.750552,-104.9991615,8/20/2019 10:00,10:00,15,0,0,BLAKE STREET & 16TH STREET,1,1,0,0,1,1,,0,25,0,0,0,0,0,4,2,13
,2019-51661,39.751461,-104.99796,12/2/2019 15:38,15:38,12,0,1,BLAKE STREET & 17TH STREET,5,1,0,0,1,3,,0,30,0,0,0,0,2,4,2,8
,2019-51662,39.76343143,-104.9824998,4/20/2019 23:49,23:49,6,0,1,BLAKE STREET & 1800 BLOCK,1,3,0,0,1,4,,0,15,0,0,0,0,1,4,2,5
,2019-51663,39.753333,-104.995521,4/15/2019 6:49,6:49,15,0,0,BLAKE STREET & 19TH STREET,1,1,0,0,1,1,,0,30,0,0,0,0,0,4,2,3
,2019-51664,39.754323,-104.99427,2/7/2019 10:15,10:15,3,0,0,BLAKE STREET & 20TH STREET,4,1,0,0,1,1,,0,30,0,0,0,0,0,4,2,7
,2019-51665,39.754323,-104.99427,7/3/2019 16:00,16:00,10,0,0,BLAKE STREET & 20TH STREET,1,1,0,0,1,1,,0,30,0,0,0,0,0,4,2,13
,2019-51666,39.754323,-104.99427,7/13/2019 2:50,2:50,12,0,0,BLAKE STREET & 20TH STREET,1,3,0,0,1,1,,0,25,0,0,0,0,0,4,2,13
,2019-51667,39.76343143,-104.9824998,11/14/2019 7:09,7:09,12,0,0,BLAKE STREET & 2100 BLOCK,1,1,0,0,1,4,,0,25,0,0,0,0,0,4,2,14
,2019-51668,39.624201,-105.0945435,1/27/2019 16:10,16:10,5,0,1,BELLEVIEW AVENUE WEST & DUDLEY STREET SOUTH,1,1,1,0,3,3,,0,40,0,0,0,0,2,4,1,5