id,drcog_id,latitude,longitude,crashtime,time,crashtype,numbkilled,numbinjurd,drcoglocat,rdconditin,lightngcon,roadcntgrd,weatherco,location,roaddescrp,schoolzone,constrzone,splimit,bikeinv,sctrinv,pedinv,motoinv,svrty,rdsystem,ttlvehcls,hcf
,2019-51669,39.755214,-104.9931315,1/4/2019 17:08,17:08,10,0,0,BLAKE STREET & 21ST STREET,1,2,0,0,1,1,,0,30,0,0,0,0,0,4,2,8
,2019-51670,39.76343143,-104.9824998,10/6/2019 0:59,0:59,12,0,0,BLAKE STREET & 2500 BLOCK,1,3,0,0,1,3,,0,30,0,0,0,0,0,4,2,8
,2019-51671,39.76343143,-104.9824998,7/9/2019 16:00,16:00,6,0,0,BLAKE STREET & 2800 BLOCK,1,1,0,0,1,4,,0,30,0,0,0,0,0,4,2,1
,2019-51672,39.764556,-104.981058,11/23/2019 12:10,12:10,10,0,0,BLAKE STREET & 31ST STREET,2,1,1,0,1,1,,0,30,0,0,0,0,0,4,2,13
,2019-51673,39.765969,-104.9794965,3/25/2019 17:25,17:25,3,0,0,BLAKE STREET 3200 BLOCK & 3225 BLAKE STREET,1,1,0,0,1,2,,0,30,0,0,0,0,0,4,2,7
,2019-51674,39.765492,-104.979861,7/8/2019 11:34,11:34,3,0,0,BLAKE STREET & 32ND STREET,1,1,0,0,1,1,,0,25,0,0,0,0,0,4,2,7
,2019-51675,39.757086,-104.9907105,9/14/2019 19:11,19:11,15,0,0,BLAKE STREET & PARK AVENUE WEST,1,1,0,0,1,1,,0,30,0,0,0,0,0,4,2,2
,2019-51676,39.718143,-105.0396885,9/18/2019 7:30,7:30,12,0,0,BLOCK NORTH PERRY STREET & FIRST AVENUE WEST,1,1,1,0,1,3,,0,25,0,0,0,0,0,4,2,3
,2019-51677,39.780828,-104.8143015,4/15/2019 22:14,22:14,3,0,1,BOLLING DRIVE EAST & FAIRPLAY STREET NORTH,1,3,0,0,1,1,,0,35,0,0,0,0,1,4,2,1
,2019-51678,39.736845,-104.9873715,1/16/2019 0:52,0:52,3,0,1,BORADWAY STREET NORTH & 13TH AVENUE WEST,1,3,0,0,1,1,,0,35,0,0,0,0,1,4,2,13
,2019-51679,39.736845,-104.9873715,2/23/2019 8:47,8:47,12,0,0,BORADWAY STREET NORTH & 13TH AVENUE WEST,4,1,0,0,1,1,,0,30,0,0,0,0,0,4,3,13
,2019-51680,39.720933,-104.987502,5/12/2019 12:14,12:14,12,0,0,BORADWAY STREET NORTH & THIRD AVENUE WEST,1,1,0,0,1,1,,0,30,0,0,0,0,0,4,2,13
,2019-51681,39.720933,-104.987502,6/4/2019 10:30,10:30,3,0,0,BORADWAY STREET NORTH & THIRD AVENUE EAST,1,1,0,0,1,2,,0,,0,0,0,1,0,4,2,14
,2019-51682,39.717513,-104.987502,4/17/2019 13:15,13:15,12,0,0,BORADWAY STREET NORTH & IRVINGTON PLACE WEST,1,1,0,0,1,1,,0,30,0,0,0,0,0,4,2,13
,2019-51683,39.750237,-104.9873985,5/4/2019 16:51,16:51,15,0,0,BORADWAY STREET NORTH & STOUT STREET,1,1,0,0,1,1,,0,30,0,0,0,0,0,4,2,7
,2019-51684,39.687489,-104.935968,9/11/2019 7:58,7:58,3,0,0,BRICH STREET SOUTH & IOWA AVENUE EAST,1,1,0,0,1,1,,0,25,0,0,0,0,0,4,2,13
,2019-51685,39.77213302,-104.9765361,9/21/2019 16:23,16:23,12,0,0,BRIGHTON BOULEVARD NORTH  & 3100 BLOCK NORTH,1,1,0,0,1,4,,0,35,0,0,0,0,0,4,2,3
,2019-51686,39.77213302,-104.9765361,10/16/2019 19:36,19:36,6,0,0,BRIGHTON BOULEVARD NORTH  & 3100 BLOCK NORTH,1,2,0,0,1,4,,0,35,0,0,0,0,0,4,2,13
,2019-51687,39.766581,-104.9837085,1/28/2019 8:00,8:00,3,0,0,BRIGHTON BOULEVARD NORTH & 31ST STREET,4,1,0,2,1,1,,0,30,0,0,0,0,0,4,2,7
,2019-51688,39.780765,-104.9668335,6/4/2019 10:50,10:50,6,0,0,BRIGHTON BOULEVARD NORTH & 3450 NORTH BRIGHTON BOULEVARD,1,1,1,0,1,2,,0,15,0,0,0,0,0,4,2,14
,2019-51689,39.771243,-104.977692,10/16/2019 9:10,9:10,1,0,1,BRIGHTON BOULEVARD NORTH & 36TH STREET,1,1,0,0,1,1,,0,30,0,0,0,0,2,4,2,14
,2019-51690,39.772971,-104.975442,3/14/2019 15:39,15:39,3,0,0,BRIGHTON BOULEVARD NORTH & 38TH STREET,1,1,0,0,1,1,,0,30,0,0,0,0,0,4,2,1
,2019-51691,39.772971,-104.975442,4/18/2019 22:15,22:15,10,0,0,BRIGHTON BOULEVARD NORTH & 38TH STREET,1,3,0,0,1,1,,0,35,0,0,0,0,0,4,2,13
,2019-51692,39.77213302,-104.9765361,9/10/2019 6:56,6:56,5,0,0,BRIGHTON BOULEVARD NORTH  & 4900 BLOCK NORTH,1,4,0,0,3,4,,0,35,0,0,0,0,0,4,1,5
,2019-51693,39.733839,-104.9873895,10/19/2019 10:45,10:45,12,0,0,BROADWAY STREET NORTH & 11TH AVENUE EAST,1,3,0,0,1,1,,0,35,0,0,0,0,0,4,2,13
,2019-51694,39.735252,-104.9873805,8/24/2019 0:25,0:25,3,0,2,BROADWAY STREET NORTH & 12TH AVENUE EAST,1,3,0,0,1,1,,0,30,0,0,0,0,1,4,2,13
,2019-51695,39.735252,-104.9873805,10/18/2019 15:30,15:30,12,0,1,BROADWAY STREET NORTH & 12TH AVENUE WEST,1,1,1,0,1,3,,0,30,0,0,0,0,1,4,2,13
,2019-51696,39.735252,-104.9873805,12/2/2019 13:33,13:33,3,0,0,BROADWAY STREET NORTH & 12TH AVENUE WEST,1,1,0,0,1,1,,0,30,0,0,0,0,0,4,2,3
,2019-51697,39.735252,-104.9873805,12/5/2019 11:18,11:18,12,0,0,BROADWAY STREET NORTH & 12TH AVENUE EAST,2,1,0,1,1,1,,0,25,0,0,0,0,0,4,2,13
,2019-51698,39.716559,-104.987511,8/31/2019 19:03,19:03,5,0,0,BROADWAY STREET NORTH & ELLSWORTH AVENUE EAST,1,1,0,0,3,1,,0,30,0,0,0,0,0,4,1,1
,2019-51699,39.735252,-104.9873805,12/15/2019 13:40,13:40,10,0,0,BROADWAY STREET NORTH & 12TH AVENUE EAST,1,1,0,0,1,1,,0,30,0,0,0,0,0,4,2,8
,2019-51700,39.736845,-104.9873715,2/13/2019 10:07,10:07,15,0,0,BROADWAY NORTH & 13TH AVENUE EAST,1,1,1,0,1,3,,0,30,0,0,0,1,0,4,2,9
,2019-51701,39.692862,-104.987079,2/16/2019 12:06,12:06,15,0,0,BROADWAY SOUTH 1300 BLOCK NORTH & 13TH AVENUE WEST,1,1,0,0,1,1,,0,35,0,0,0,0,0,4,2,13
,2019-51702,39.787389,-104.9875425,8/30/2019 20:00,20:00,12,0,0,BROADWAY STREET NORTH & 50TH AVENUE EAST,1,3,0,0,1,1,,0,,0,0,0,1,0,4,2,13
,2019-51703,39.736845,-104.9873715,9/26/2019 10:15,10:15,10,0,0,BROADWAY STREET NORTH & 13TH AVENUE WEST,1,1,0,0,1,1,,0,30,0,0,0,0,0,4,2,8
,2019-51704,39.738429,-104.9873895,7/25/2019 9:06,9:06,15,0,0,BROADWAY STREET NORTH & 14TH AVENUE EAST,1,1,0,0,1,1,,0,25,0,0,0,0,0,4,2,14
,2019-51705,39.738429,-104.9873895,9/4/2019 12:48,12:48,12,0,0,BROADWAY STREET NORTH & 14TH AVENUE WEST,1,1,0,0,1,1,,0,25,0,0,0,0,0,4,2,14
,2019-51706,39.738429,-104.9873895,10/25/2019 16:00,16:00,10,0,0,BROADWAY STREET NORTH & 14TH AVENUE EAST,1,1,0,0,1,1,,0,35,0,0,0,0,0,4,2,8
,2019-51707,39.738429,-104.9873895,11/7/2019 9:37,9:37,12,0,1,BROADWAY STREET NORTH & 14TH AVENUE EAST,1,1,0,0,1,1,,0,25,0,0,0,0,1,4,2,14
,2019-51708,39.743397,-104.9873895,5/23/2019 9:17,9:17,15,0,0,BROADWAY STREET NORTH & 17TH AVENUE EAST,1,1,0,0,1,1,,0,35,0,0,0,0,0,4,3,13
,2019-51709,39.744855,-104.9873895,1/29/2019 9:51,9:51,12,0,0,BROADWAY STREET NORTH & 18TH AVENUE EAST,5,1,0,0,1,1,,0,35,0,0,0,0,0,4,2,14
,2019-51710,39.745053,-104.9873895,3/15/2019 17:30,17:30,12,0,0,BROADWAY STREET NORTH & 18TH STREET,1,1,0,0,1,1,,0,30,0,0,0,0,0,4,2,10
,2019-51711,39.744855,-104.9873895,3/25/2019 3:54,3:54,12,0,2,BROADWAY STREET NORTH & 18TH AVENUE,1,3,0,0,1,1,,0,35,0,0,0,0,1,4,2,3
,2019-51712,39.745053,-104.9873895,6/27/2019 10:11,10:11,15,0,0,BROADWAY STREET NORTH & 18TH STREET,1,1,0,0,1,1,,0,25,0,0,0,0,0,4,2,14
,2019-51714,39.744855,-104.9873895,7/23/2019 8:00,8:00,3,0,0,BROADWAY STREET NORTH & 18TH AVENUE EAST,1,1,0,0,1,1,,0,30,0,0,0,0,0,4,2,13
,2019-51715,39.746169,-104.9873805,3/4/2019 17:49,17:49,12,0,0,BROADWAY STREET NORTH & 19TH AVENUE EAST,2,1,0,0,1,1,,0,30,0,0,0,0,0,4,2,3
,2019-51716,39.746169,-104.9873805,4/12/2019 21:39,21:39,15,0,0,BROADWAY STREET NORTH & 19TH AVENUE EAST,2,3,1,2,1,1,,0,35,0,0,0,0,0,4,2,1
,2019-51717,39.718341,-104.987502,4/25/2019 11:56,11:56,15,0,0,BROADWAY STREET NORTH & FIRST AVENUE EAST,1,1,0,0,1,1,,0,30,0,0,0,0,0,4,2,12
,2019-51718,39.718341,-104.987502,8/8/2019 15:15,15:15,10,0,0,BROADWAY STREET NORTH & FIRST AVENUE EAST,1,1,0,0,1,1,,0,35,0,0,0,0,0,4,2,8
,2019-51719,39.718341,-104.987502,8/29/2019 16:54,16:54,12,0,0,BROADWAY STREET NORTH & FIRST AVENUE EAST,1,1,0,0,1,1,,0,35,0,0,0,0,0,4,2,13
,2019-51720,39.691161,-104.9874885,5/20/2019 16:25,16:25,12,0,1,BROADWAY & ARKANSAS,2,1,0,1,1,1,,0,,0,0,0,0,2,4,2,1
,2019-51721,39.748896,-104.9874525,4/12/2019 12:08,12:08,15,0,0,BROADWAY STREET NORTH & 20TH STREET,1,1,0,0,1,1,,0,30,0,0,0,0,0,4,2,14
,2019-51722,39.748896,-104.9874525,6/30/2019 11:50,11:50,10,0,0,BROADWAY STREET NORTH & 20TH STREET,1,1,0,0,1,1,,0,30,0,0,0,0,0,4,2,13
,2019-51723,39.748896,-104.9874525,8/10/2019 2:45,2:45,15,0,0,BROADWAY STREET NORTH & 20TH STREET,1,3,0,0,1,1,,0,25,0,0,0,0,0,4,2,1
,2019-51724,39.7615185,-104.988069,12/5/2019 15:52,15:52,15,0,0,BROADWAY STREET & 2100 BLOCK NORTH,2,1,0,1,1,4,,0,30,0,0,0,0,0,4,2,13
,2019-51725,39.75642,-104.987421,1/24/2019 12:12,12:12,3,0,0,BROADWAY STREET NORTH & 24TH STREET,2,1,0,0,1,1,,0,25,0,0,0,0,0,4,2,13
,2019-51726,39.72820181,-104.987404,5/31/2019 21:41,21:41,1,0,0,BROADWAY STREET NORTH & 2500 BLOCK NORTH,1,3,0,0,1,2,,0,35,0,0,0,0,0,4,2,1
,2019-51727,39.719349,-104.987502,9/5/2019 14:24,14:24,12,0,0,BROADWAY STREET NORTH & SECOND STREET EAST,1,1,0,0,1,1,,0,30,0,0,0,0,0,4,2,14
,2019-51728,39.698541,-105.020352,3/29/2019 23:50,23:50,3,0,0,CLAY STREET SOUTH & TENNESSEE AVENUE WEST,2,3,0,2,1,1,,0,30,0,0,0,0,0,4,2,1
,2019-51729,39.720933,-104.987502,4/4/2019 10:23,10:23,15,0,0,BROADWAY STREET NORTH & THIRD AVENUE EAST,1,1,0,0,1,1,,0,30,0,0,0,0,0,4,2,8
,2019-51730,39.720933,-104.987502,7/29/2019 16:00,16:00,10,0,1,BROADWAY STREET NORTH & THIRD AVENUE EAST,1,1,0,0,1,1,,0,30,0,0,0,0,1,4,2,8
,2019-51731,39.720933,-104.987502,9/13/2019 12:30,12:30,12,0,0,BROADWAY SOUTH & THIRD AVENUE WEST,1,1,0,0,1,1,,0,30,0,0,0,0,0,4,2,13
,2019-51732,39.722535,-104.987502,1/10/2019 14:58,14:58,10,0,0,BROADWAY NORTH & FOURTH AVENUE EAST,1,1,0,0,1,1,,0,30,0,0,0,0,0,4,2,12
,2019-51733,39.722535,-104.987502,2/3/2019 15:28,15:28,10,0,0,BROADWAY STREET NORTH & FOURTH AVENUE NORTH,1,1,0,0,1,1,,0,30,0,0,0,0,0,4,2,13
,2019-51734,39.722535,-104.987502,6/17/2019 21:36,21:36,10,0,1,BROADWAY STREET NORTH & FOURTH AVENUE EAST,1,3,0,0,1,1,,0,30,0,0,0,0,1,4,2,7
,2019-51735,39.722535,-104.987502,11/17/2019 11:09,11:09,10,0,0,BROADWAY STREET NORTH & FOURTH AVENUE EAST,1,1,0,0,1,1,,0,30,0,0,0,0,0,4,2,13
,2019-51736,39.724137,-104.987502,3/12/2019 18:17,18:17,3,0,0,BROADWAY STREET NORTH & FIFTH AVENUE EAST,1,3,0,0,1,1,,0,30,0,0,0,0,0,4,4,13
,2019-51737,39.72564,-104.9874435,3/30/2019 9:08,9:08,3,0,0,BROADWAY STREET NORTH & SIXTH AVENUE EAST,2,1,0,0,1,1,,0,35,0,0,0,0,0,4,2,13
,2019-51738,39.72564,-104.9874435,6/19/2019 6:11,6:11,3,0,0,BROADWAY STREET NORTH & SIXTH AVENUE EAST,1,1,0,0,1,1,,0,30,0,0,0,0,0,4,2,13
,2019-51739,39.72564,-104.9874435,6/21/2019 16:30,16:30,10,0,0,BROADWAY STREET NORTH & SIXTH AVENUE EAST,2,2,0,1,1,1,,0,35,0,0,0,0,0,4,2,13
,2019-51740,39.72564,-104.9874435,8/8/2019 7:48,7:48,10,0,0,BROADWAY STREET NORTH & SIXTH AVENUE EAST,1,1,0,0,1,1,,0,35,0,0,0,0,0,4,2,14
,2019-51741,39.72564,-104.9874435,8/12/2019 14:05,14:05,3,0,0,BROADWAY STREET NORTH & SIXTH AVENUE EAST,1,1,0,0,1,1,,0,35,0,0,0,0,0,4,2,1
,2019-51742,39.72564,-104.9874435,8/20/2019 16:00,16:00,12,0,0,BROADWAY STREET NORTH & SIXTH AVENUE EAST,1,1,0,0,1,3,,0,30,0,0,0,0,0,4,2,3
,2019-51743,39.72564,-104.9874435,11/22/2019 13:11,13:11,15,0,1,BROADWAY STREET NORTH & SIXTH AVENUE EAST,2,1,0,0,1,1,,0,30,0,0,0,0,1,4,2,13
,2019-51744,39.72564,-104.9874435,11/24/2019 15:35,15:35,15,0,0,BROADWAY STREET NORTH & SIXTH AVENUE EAST,1,1,0,0,1,1,,0,30,0,0,0,0,0,4,2,8
,2019-51745,39.72564,-104.9874435,12/11/2019 12:40,12:40,15,0,0,BROADWAY STREET NORTH & SIXTH AVENUE EAST,1,1,0,0,1,1,,0,30,0,0,0,0,0,4,2,8
,2019-51746,39.729087,-104.987412,1/24/2019 11:45,11:45,3,0,1,BROADWAY STREET NORTH & EIGHTH AVENUE EAST,4,1,0,0,1,1,,0,30,0,0,0,0,2,4,2,13
,2019-51747,39.729087,-104.987412,2/2/2019 11:30,11:30,15,0,0,BROADWAY NORTH & EIGHTH AVENUE EAST,1,1,0,0,1,1,,0,30,0,0,0,0,0,4,2,13
,2019-51748,39.729087,-104.987412,2/20/2019 7:56,7:56,3,0,1,BROADWAY STREET NORTH & EIGHTH AVENUE EAST,1,1,0,0,1,1,,0,30,0,0,0,0,1,4,2,14
,2019-51749,39.7615185,-104.988069,2/15/2019 12:10,12:10,15,0,1,BROADWAY STREET & 900 BLOCK NORTH,1,1,0,0,1,4,,0,30,0,0,0,0,1,4,2,13
,2019-51750,39.730428,-104.987394,10/26/2019 1:10,1:10,10,0,1,BROADWAY STREET NORTH & NINTH AVENUE EAST,1,3,0,0,1,1,,0,35,0,0,0,0,2,4,2,1
,2019-51751,39.71115,-104.987592,1/18/2019 10:57,10:57,15,0,0,BROADWAY STREET SOUTH & ALAMEDA AVENUE EAST,2,1,0,2,1,1,,0,,0,0,0,0,0,4,2,13
,2019-51752,39.71115,-104.987592,3/14/2019 14:40,14:40,3,0,0,BROADWAY STREET SOUTH & ALAMEDA AVENUE EAST,1,1,0,0,1,1,,0,35,0,0,0,0,0,4,2,13
,2019-51753,39.71115,-104.987592,4/17/2019 17:59,17:59,12,0,1,BROADWAY STREET SOUTH & ALAMEDA AVENUE EAST,1,1,0,0,1,1,,0,35,0,0,0,0,1,4,2,13
,2019-51754,39.754278,-104.987421,4/28/2019 13:51,13:51,10,0,2,BROADWAY STREET NORTH & ARAPAHOE STREET,1,1,0,0,1,1,,0,35,0,0,0,0,1,4,2,8
,2019-51755,39.715659,-104.987529,8/26/2019 21:57,21:57,12,0,0,BROADWAY STREET SOUTH & ARCHER PLACE WEST,1,3,0,0,1,4,,0,30,0,0,0,0,0,4,2,13
,2019-51756,39.715659,-104.987529,9/13/2019 19:07,19:07,12,0,1,BROADWAY STREET 0 BLOCK SOUTH & ARCHER PLACE WEST,1,1,0,0,1,1,,0,30,0,0,0,0,1,4,2,14
,2019-51757,39.715659,-104.987529,9/30/2019 21:55,21:55,12,0,0,BROADWAY STREET SOUTH & ARCHER PLACE WEST,1,3,0,0,1,3,,0,30,0,0,0,0,0,4,2,3
,2019-51758,39.691161,-104.9874885,1/21/2019 11:42,11:42,3,0,0,BROADWAY STREET SOUTH & ARKANSAS AVENUE EAST,1,1,0,0,1,1,,0,35,0,0,0,0,0,4,2,13
,2019-51759,39.691161,-104.9874885,4/16/2019 18:00,18:00,12,0,0,BROADWAY STREET SOUTH & ARKANSAS AVENUE EAST,1,1,0,0,1,1,,0,30,0,0,0,0,0,4,3,3
,2019-51760,39.691161,-104.9874885,5/28/2019 15:23,15:23,6,0,0,BROADWAY SOUTH & ARKANSAS AVENUE WEST,1,1,0,0,1,4,,0,30,0,0,0,0,0,4,2,13
,2019-51761,39.691161,-104.9874885,6/28/2019 16:12,16:12,12,0,0,BROADWAY STREET SOUTH & ARKANSAS AVENUE EAST,1,1,0,0,1,1,,0,35,0,0,0,0,0,4,2,3
,2019-51762,39.680298,-104.9875785,2/7/2019 4:07,4:07,3,0,0,BROADWAY STREET SOUTH & ASBURY AVENUE EAST,10,3,0,2,1,1,,0,35,0,0,0,0,0,4,2,3
,2019-51763,39.680298,-104.9875785,11/12/2019 18:10,18:10,12,0,0,BROADWAY STREET SOUTH & ASBURY AVENUE EAST,1,3,0,0,1,3,,0,30,0,0,0,0,0,4,2,12
,2019-51765,39.714759,-104.9875425,1/28/2019 15:34,15:34,12,0,0,BROADWAY STREET SOUTH & BAYAUD AVENUE EAST,5,1,0,2,1,1,,0,35,0,0,0,0,0,4,2,13
,2019-51766,39.714759,-104.9875425,10/7/2019 18:10,18:10,15,0,3,BROADWAY STREET SOUTH & BAYAUD AVENUE EAST,1,1,0,0,1,1,,0,30,0,0,0,0,2,4,2,13
,2019-51767,39.714759,-104.9875425,11/13/2019 17:32,17:32,3,0,0,BROADWAY STREET SOUTH & BAYAUD AVENUE EAST,1,3,0,0,1,1,,0,25,0,0,0,0,0,4,2,14
,2019-51768,39.759498,-104.9876505,3/7/2019 8:59,8:59,12,0,0,BROADWAY 2500 BLOCK NORTH & BLAKE STREET,2,1,1,0,1,1,,0,25,0,0,0,0,0,4,2,13
,2019-51769,39.759498,-104.9876505,7/17/2019 16:35,16:35,15,0,0,BROADWAY STREET NORTH & BLAKE STREET,1,1,0,0,1,1,,0,30,0,0,0,0,0,4,2,8
,2019-51770,39.712086,-104.9875785,3/14/2019 18:20,18:20,12,0,0,BROADWAY STREET SOUTH & BYERS PLACE WEST,1,1,0,0,1,1,,0,35,0,0,0,0,0,4,2,3
,2019-51771,39.748896,-104.9874525,9/11/2019 19:26,19:26,15,0,0,BROADWAY STREET NORTH & CALIFORNIA STREET,2,3,0,1,1,4,,0,25,0,0,0,0,0,4,2,13
,2019-51772,39.713004,-104.987574,6/11/2019 16:25,16:25,12,0,0,BROADWAY STREET SOUTH & CEDAR AVENUE WEST,1,1,0,0,1,1,,0,30,0,0,0,0,0,4,2,12
,2019-51773,39.713004,-104.987574,9/5/2019 21:52,21:52,3,0,0,BROADWAY STREET SOUTH & CEDAR AVENUE EAST,1,3,0,0,1,1,,0,25,0,0,0,0,0,4,3,13
,2019-51774,39.751551,-104.987421,2/7/2019 18:19,18:19,12,0,0,BROADWAY STREET NORTH & CHAMPA STREET,12,3,0,0,1,1,,0,30,0,0,0,0,0,4,2,13
,2019-51775,39.751551,-104.987421,2/14/2019 11:17,11:17,12,0,0,BROADWAY STREET NORTH & CHAMPA STREET,1,1,0,0,1,1,,0,30,0,0,0,0,0,4,2,14
,2019-51776,39.751551,-104.987421,7/25/2019 19:11,19:11,3,0,0,BROADWAY STREET NORTH & CHAMPA STREET,1,1,0,0,1,1,,0,30,0,0,0,0,0,4,2,1
,2019-51777,39.751551,-104.987421,10/30/2019 18:20,18:20,12,0,0,BROADWAY STREET NORTH & CHAMPA STREET,4,3,0,0,1,1,,0,30,0,0,0,0,0,4,2,13
,2019-51778,39.7422,-104.9873715,10/10/2019 19:21,19:21,15,0,0,BROADWAY STREET NORTH & CLEVELAND PLACE,4,3,0,2,1,1,,0,30,0,0,0,0,0,4,2,13
,2019-51779,39.7319935,-104.98617,3/18/2019 19:45,19:45,6,0,0,LINCOLN STREET & 970 NORTH,1,3,0,0,1,4,,0,30,0,0,0,0,0,4,2,13
,2019-51780,39.68397,-104.9875605,11/18/2019 15:00,15:00,6,0,0,BROADWAY STREET SOUTH & COLORADO AVENUE EAST,1,1,0,0,1,4,,0,25,0,0,0,0,0,4,2,13
,2019-51781,39.709323,-104.98761,3/16/2019 12:20,12:20,3,0,0,BROADWAY STREET SOUTH & DAKOTA AVENUE WEST,1,1,0,0,1,1,,0,35,0,0,0,0,0,4,2,3
,2019-51782,39.709323,-104.98761,12/22/2019 1:47,1:47,12,0,0,BROADWAY STREET SOUTH & DAKOTA AVENUE WEST,1,3,0,0,1,1,,0,,0,0,0,0,0,4,2,13
,2019-51783,39.716559,-104.987511,6/7/2019 8:36,8:36,3,0,0,BROADWAY STREET SOUTH & ELLSWORTH AVENUE WEST,1,1,0,0,1,1,,0,30,0,0,0,0,0,4,2,13
,2019-51784,39.716559,-104.987511,7/20/2019 8:28,8:28,3,0,2,BROADWAY & ELLSWORTH AVENUE EAST,1,1,0,1,1,1,,0,25,0,0,0,0,1,4,2,13
,2019-51785,39.716559,-104.987511,8/10/2019 16:25,16:25,15,0,1,BROADWAY STREET NORTH & ELLSWORTH AVENUE EAST,1,1,0,0,1,1,,0,30,0,0,0,0,2,4,2,1
,2019-51786,39.716559,-104.987511,9/6/2019 11:02,11:02,1,0,0,BROADWAY STREET NORTH & ELLSWORTH AVENUE EAST,1,1,0,0,1,1,,0,30,0,0,0,0,0,4,2,13
,2019-51787,39.678498,-104.9875605,2/13/2019 15:30,15:30,12,0,0,BROADWAY STREET SOUTH & EVANS AVENUE EAST,1,1,0,0,1,1,,0,30,0,0,0,0,0,4,2,10
,2019-51788,39.678498,-104.9875605,8/14/2019 15:53,15:53,15,0,0,BROADWAY STREET SOUTH & EVANS AVENUE EAST,1,1,0,0,1,1,,0,45,0,0,0,0,0,4,2,13
,2019-51789,39.678498,-104.9875605,10/18/2019 21:49,21:49,3,0,1,BROADWAY STREET SOUTH & EVANS AVENUE EAST,1,3,0,0,1,1,,0,35,0,0,0,0,1,4,2,5
,2019-51790,39.678498,-104.9875605,12/5/2019 13:03,13:03,12,0,2,BROADWAY STREET SOUTH & EVANS AVENUE EAST,2,1,0,1,1,1,,0,35,0,0,0,0,1,4,3,13
,2019-51791,39.703887,-104.9875425,3/18/2019 9:10,9:10,3,0,2,BROADWAY STREET SOUTH & EXPOSITION AVENUE,1,1,0,0,1,1,,0,25,0,0,0,0,1,4,2,1
,2019-51792,39.703887,-104.9875425,9/10/2019 18:00,18:00,10,0,0,BROADWAY STREET SOUTH & EXPOSITION AVENUE EAST,1,1,0,0,1,1,,0,35,0,0,0,0,0,4,2,8
,2019-51793,39.746169,-104.9873805,2/26/2019 9:10,9:10,15,0,0,BROADWAY STREET NORTH & GLENARM PLACE,1,1,0,0,1,1,,0,30,0,0,0,0,0,4,2,13
,2019-51794,39.674889,-104.987529,1/24/2019 7:45,7:45,12,0,0,BROADWAY STREET SOUTH & ILIFF AVENUE EAST,5,1,0,2,1,3,,0,30,0,0,0,0,0,4,2,13
,2019-51795,39.674889,-104.987529,7/15/2019 14:52,14:52,12,0,1,BROADWAY STREET SOUTH & ILIFF AVENUE WEST,1,1,0,0,1,1,,0,35,0,0,0,0,1,4,3,7
,2019-51796,39.687552,-104.98752,2/27/2019 14:13,14:13,15,0,2,BROADWAY STREET SOUTH & IOWA AVENUE EAST,1,1,0,0,1,1,,0,35,0,0,0,0,1,4,2,3
,2019-51797,39.687552,-104.98752,4/19/2019 12:23,12:23,3,0,0,BROADWAY STREET SOUTH & IOWA AVENUE EAST,1,1,0,0,1,1,,0,30,0,0,0,0,0,4,2,7
,2019-51798,39.687552,-104.98752,6/14/2019 15:33,15:33,1,0,2,BROADWAY STREET SOUTH & IOWA AVENUE EAST,1,1,0,0,1,1,,0,35,0,0,0,0,1,4,2,13
,2019-51800,39.687552,-104.98752,10/11/2019 15:51,15:51,12,0,0,BROADWAY STREET 1600 BLOCK SOUTH & IOWA AVENUE WEST,1,1,0,0,1,3,,0,40,0,0,0,0,0,4,2,13
,2019-51801,39.687552,-104.98752,11/7/2019 17:33,17:33,1,0,0,BROADWAY STREET 1600 BLOCK SOUTH & IOWA AVENUE EAST,1,3,0,0,1,1,,0,35,0,0,0,0,0,4,2,1
,2019-51802,39.717513,-104.987502,9/15/2019 21:01,21:01,6,0,0,BROADWAY NORTH & IRVINGTON PLACE WEST,1,3,0,0,1,1,,0,30,0,0,0,0,0,4,2,5
,2019-51803,39.717513,-104.987502,10/21/2019 20:15,20:15,12,0,0,BROADWAY STREET NORTH & IRVINGTON PLACE WEST,1,3,0,0,1,1,,0,30,0,0,0,0,0,4,2,5
,2019-51804,39.693033,-104.9874615,7/6/2019 18:33,18:33,12,0,1,BROADWAY STREET SOUTH & LOUISIANA AVENUE EAST,1,1,0,0,1,4,,0,35,0,0,0,0,1,4,2,13
,2019-51805,39.713868,-104.9875605,3/9/2019 0:45,0:45,12,0,1,BROADWAY STREET SOUTH & MAPLE AVENUE EAST,1,3,0,0,1,1,,0,35,0,0,0,0,1,4,2,5
,2019-51806,39.696633,-104.9874525,3/24/2019 21:05,21:05,12,0,0,BROADWAY STREET SOUTH & MISSISSIPPI AVENUE EAST,1,3,0,0,1,1,,0,,0,0,0,0,0,4,2,5
,2019-51807,39.696633,-104.9874525,12/17/2019 19:00,19:00,12,0,0,BROADWAY STREET SOUTH & MISSISSIPPI AVENUE WEST,1,3,0,1,1,1,,0,30,0,0,0,0,0,4,2,13
,2019-51808,39.702159,-104.9875605,1/15/2019 18:50,18:50,12,0,0,BROADWAY STREET SOUTH & OHIO AVENUE EAST,1,3,0,0,1,1,,0,30,0,0,0,0,0,4,2,3