id,drcog_id,latitude,longitude,crashtime,time,crashtype,numbkilled,numbinjurd,drcoglocat,rdconditin,lightngcon,roadcntgrd,weatherco,location,roaddescrp,schoolzone,constrzone,splimit,bikeinv,sctrinv,pedinv,motoinv,svrty,rdsystem,ttlvehcls,hcf
,2019-51809,39.702159,-104.9875605,4/9/2019 18:52,18:52,5,0,0,BROADWAY STREET SOUTH & OHIO AVENUE EAST,1,1,0,0,2,1,,0,35,0,0,0,0,0,4,1,10
,2019-51810,39.702159,-104.9875605,9/25/2019 13:43,13:43,3,0,0,BROADWAY STREET SOUTH & OHIO AVENUE EAST,1,1,0,0,1,1,,0,35,0,0,0,0,0,4,2,13
,2019-51811,39.702159,-104.9875605,10/31/2019 12:56,12:56,15,0,0,BROADWAY STREET SOUTH & OHIO AVENUE EAST,2,1,0,0,1,1,,0,30,0,0,0,0,0,4,2,13
,2019-51812,39.702159,-104.9875605,11/3/2019 22:45,22:45,5,0,2,BROADWAY STREET SOUTH & OHIO AVENUE EAST,1,3,0,0,1,1,,0,35,0,0,0,0,2,4,1,14
,2019-51813,39.765726,-104.9948415,3/17/2019 1:26,1:26,3,0,1,BROADWAY STREET NORTH & PARK AVENUE WEST,1,3,0,0,1,1,,0,35,0,0,0,0,1,4,2,5
,2019-51814,39.765726,-104.9948415,6/9/2019 15:25,15:25,12,0,0,BROADWAY STREET NORTH & PARK AVENUE WEST,1,1,0,0,1,1,,0,30,0,0,0,0,0,4,2,13
,2019-51815,39.726603,-104.987412,2/3/2019 22:01,22:01,3,0,0,BROADWAY STREET NORTH & SPEER BOULEVARD EAST,1,3,0,0,1,1,,0,35,0,0,0,1,0,4,2,13
,2019-51816,39.726603,-104.987412,2/6/2019 15:12,15:12,15,0,0,BROADWAY STREET NORTH & SPEER BOULEVARD EAST,4,1,0,2,1,1,,0,35,0,0,0,0,0,4,2,3
,2019-51817,39.726603,-104.987412,3/13/2019 19:46,19:46,3,0,1,BROADWAY STREET NORTH & SPEER BOULEVARD EAST,4,3,0,0,1,1,,0,30,0,0,0,0,2,4,2,13
,2019-51818,39.726603,-104.987412,7/24/2019 13:55,13:55,3,0,0,BROADWAY STREET NORTH & SPEER BOULEVARD NORTH,1,1,0,0,1,1,,0,30,0,0,0,0,0,4,3,13
,2019-51819,39.778713,-105.0010245,4/25/2019 10:00,10:00,6,0,0,LIPAN STREET 4500 BLOCK NORTH & 45TH AVENUE WEST,1,1,0,0,1,1,,0,30,0,0,0,0,0,4,2,13
,2019-51820,39.726603,-104.987412,9/13/2019 19:02,19:02,3,0,0,BROADWAY STREET NORTH & SPEER BOULEVARD EAST,1,1,0,0,1,1,,0,35,0,0,0,0,0,4,2,13
,2019-51821,39.744855,-104.9873895,12/6/2019 10:44,10:44,10,0,0,BROADWAY STREET NORTH & TREMONT PLACE,5,1,0,0,1,1,,0,25,0,0,0,0,0,4,2,14
,2019-51822,39.669471,-104.987529,11/10/2019 15:34,15:34,3,0,0,BROADWAY STREET SOUTH & VASSAR AVENUE EAST,1,1,0,0,1,1,,0,25,0,0,0,0,0,4,2,1
,2019-51823,39.707514,-104.98761,1/3/2019 12:07,12:07,5,0,0,BROADWAY SOUTH & VIRGINIA AVENUE WEST,1,1,0,0,3,1,,0,30,0,0,0,0,0,4,1,13
,2019-51824,39.79576865,-104.7656779,1/23/2019 20:01,20:01,6,0,1,CATHAY COURT & 5000 NORTH,5,3,0,0,1,4,,0,25,0,0,0,1,2,4,4,7
,2019-51825,39.676707,-104.98752,7/15/2019 14:35,14:35,1,0,0,BROADWAY STREET SOUTH & WARREN AVENUE EAST,1,1,0,1,1,1,,0,35,0,0,0,0,0,4,2,13
,2019-51826,39.747348,-104.98743,2/23/2019 13:22,13:22,15,0,0,BROADWAY STREET NORTH & WELTON STREET,2,1,0,0,1,1,,0,25,0,0,0,0,0,4,2,13
,2019-51827,39.747348,-104.98743,6/8/2019 14:30,14:30,10,0,0,BROADWAY STREET NORTH & WELTON STREET,1,1,0,0,1,1,,0,35,0,0,0,0,0,4,2,13
,2019-51828,39.743406,-104.9873895,4/10/2019 14:40,14:40,5,0,0,COURT PLACE & BROADWAY STREET NORTH,2,1,0,2,3,1,,0,30,0,0,0,0,0,4,1,13
,2019-51829,39.67308,-104.987529,2/4/2019 19:28,19:28,15,0,0,BROADWAY STREET SOUTH & WESLEY AVENUE EAST,1,3,0,0,1,1,,0,30,0,0,0,0,0,4,2,13
,2019-51830,39.67308,-104.987529,12/16/2019 9:45,9:45,3,0,0,BROADWAY STREET SOUTH & WESLEY AVENUE WEST,1,1,0,0,1,1,,0,35,0,0,0,0,0,4,2,13
,2019-51831,39.667707,-104.987511,5/28/2019 16:50,16:50,1,0,0,BROADWAY STREET SOUTH & YALE AVENUE EAST,1,1,0,0,1,1,,0,30,0,0,0,0,0,4,2,13
,2019-51832,39.667707,-104.987511,6/3/2019 16:15,16:15,3,0,2,BROADWAY STREET SOUTH & YALE AVENUE EAST,1,1,0,0,1,1,,0,30,0,0,0,0,1,4,3,13
,2019-51833,39.667707,-104.987511,8/23/2019 16:05,16:05,1,0,0,BROADWAY STREET SOUTH & YALE AVENUE EAST,1,1,0,0,1,1,,0,35,0,0,0,0,0,4,2,13
,2019-51834,39.76447081,-104.9361796,9/30/2019 21:09,21:09,6,0,0,BRUCE RANDOLPH AVENUE EAST & 2200 BLOCK EAST,1,3,0,0,1,4,,0,30,0,0,0,0,0,4,2,3
,2019-51835,39.764466,-104.938083,6/17/2019 17:29,17:29,3,0,1,BRUCE RANDOLPH AVENUE EAST & ASH STREET NORTH,1,1,0,0,1,1,,0,25,0,0,0,0,1,4,2,1
,2019-51836,39.764502,-104.9683815,2/24/2019 14:32,14:32,3,0,0,BRUCE RANDOLPH AVENUE EAST & FRANKLIN STREET NORTH,1,1,0,0,1,1,,0,30,0,0,0,0,0,4,2,13
,2019-51837,39.764502,-104.9683815,11/25/2019 8:52,8:52,12,0,0,BRUCE RANDOLPH AVENUE EAST & FRANKLIN STREET NORTH,1,1,0,0,1,3,,0,30,0,0,0,0,0,4,2,13
,2019-51838,39.764484,-104.96097,1/10/2019 8:33,8:33,3,0,0,BRUCE RANDOLPH AVENUE EAST & GAYLORD STREET NORTH,1,1,0,0,1,1,,0,25,0,0,0,0,0,4,2,13
,2019-51839,39.764457,-104.941719,5/3/2019 17:09,17:09,1,0,0,BRUCE RANDOLPH AVENUE EAST & HARRISON STREET NORTH,1,1,0,0,1,1,,0,30,0,0,0,0,0,4,2,1
,2019-51840,39.76452,-104.964678,8/21/2019 15:05,15:05,3,0,1,BRUCE RANDOLPH AVENUE EAST & HIGH STREET NORTH,1,1,0,0,1,1,,0,25,0,0,0,0,1,4,2,1
,2019-51841,39.764484,-104.9585625,5/10/2019 17:09,17:09,3,0,0,BRUCE RANDOLPH AVENUE EAST & JOSEPHINE STREET NORTH,1,1,0,0,1,1,,0,30,0,0,0,0,0,4,2,1
,2019-51842,39.686796,-104.968728,8/20/2019 15:30,15:30,15,0,0,BUCHTEL BOULEVARD EAST & FRANKLIN STREET SOUTH,1,1,0,0,1,1,,0,35,0,0,0,0,0,4,2,7
,2019-51843,39.764448,-104.9462505,3/20/2019 18:50,18:50,12,0,0,BRUCE RANDOLPH AVENUE EAST & MADISON STREET NORTH,1,3,0,0,1,1,,0,30,0,0,0,0,0,4,2,3
,2019-51844,39.764529,-104.972103,9/6/2019 14:47,14:47,3,0,0,BRUCE RANDOLPH AVENUE EAST & MARION STREET NORTH,1,1,0,0,1,1,,0,25,0,0,0,0,0,4,2,6
,2019-51845,39.764475,-104.949891,4/12/2019 7:50,7:50,3,0,1,BRUCE RANDOLPH AVENUE EAST & STEELE STREET NORTH,1,1,0,0,1,1,,0,25,0,0,0,0,1,4,2,13
,2019-51846,39.764493,-104.962212,5/27/2019 16:00,16:00,1,0,0,BRUCE RANDOLPH AVENUE EAST & VINE STREET NORTH,1,1,0,0,1,1,,0,30,0,0,0,0,0,4,2,1
,2019-51847,39.764511,-104.965929,1/17/2019 16:11,16:11,3,0,0,BRUCE RANDOLPH AVENUE EAST & WILLIAMS STREET NORTH,1,1,0,0,1,1,,0,30,0,0,0,0,0,4,2,1
,2019-51848,39.764511,-104.965929,3/16/2019 13:16,13:16,3,0,0,BRUCE RANDOLPH AVENUE EAST & WILLIAMS STREET NORTH,1,1,0,0,1,1,,0,30,0,0,0,0,0,4,2,13
,2019-51849,39.764511,-104.965929,5/6/2019 18:20,18:20,10,0,0,BRUCE RANDOLPH AVENUE EAST & WILLIAMS STREET NORTH,1,1,0,0,1,1,,0,25,0,0,0,0,0,4,2,13
,2019-51850,39.764484,-104.9597685,4/26/2019 8:58,8:58,15,0,0,BRUCE RANDOLPH AVENUE EAST & YORK STREET NORTH,1,1,0,0,1,1,,0,30,0,0,0,0,0,4,2,13
,2019-51851,39.764484,-104.9597685,8/7/2019 14:38,14:38,3,0,0,BRUCE RANDOLPH AVENUE EAST & YORK STREET NORTH,1,1,0,0,1,1,,0,30,0,0,0,0,0,4,2,1
,2019-51852,39.764484,-104.9597685,11/12/2019 13:22,13:22,3,0,2,BRUCE RANDOLPH AVENUE EAST & YORK STREET NORTH,1,1,0,0,1,1,,0,30,0,0,0,0,1,4,2,7
,2019-51853,39.754827,-105.0191685,1/8/2019 7:54,7:54,3,0,0,BRYANT STREET NORTH & 26TH AVENUE WEST,1,1,0,0,1,1,,0,25,0,0,0,0,0,4,2,13
,2019-51854,39.72024,-105.018651,5/22/2019 13:58,13:58,12,0,0,BRYANT STREET NORTH & SECOND AVENUE WEST,1,1,0,0,1,1,,0,35,0,0,0,0,0,4,2,3
,2019-51855,39.72024,-105.018651,6/28/2019 8:03,8:03,3,0,0,BRYANT STREET NORTH & SECOND AVENUE WEST,1,1,0,0,1,1,,0,35,0,0,0,0,0,4,2,13
,2019-51856,39.7476,-105.0189795,10/18/2019 21:30,21:30,6,0,0,BRYANT STREET SOUTH & 374 SOUTH BRYANT STREET,1,3,0,0,1,4,,0,25,0,0,0,0,0,4,2,9
,2019-51857,39.721158,-105.018651,2/15/2019 18:41,18:41,12,0,1,BRYANT STREET NORTH & THIRD AVENUE WEST,1,3,0,0,1,1,,0,35,0,0,0,0,2,4,2,5
,2019-51858,39.780216,-105.0193485,11/15/2019 13:10,13:10,3,0,0,BRYANT STREET NORTH & 46TH AVENUE WEST,1,1,1,0,1,1,,0,25,0,0,0,0,0,4,4,13
,2019-51859,39.723912,-105.018669,2/19/2019 8:25,8:25,3,0,3,BRYANT STREET NORTH & FIFTH AVENUE WEST,1,1,0,2,1,1,,0,30,0,0,0,0,2,4,2,13
,2019-51860,39.723912,-105.018669,4/18/2019 20:40,20:40,3,0,0,BRYANT STREET NORTH & FIFTH AVENUE WEST,1,3,0,0,1,1,,0,30,0,0,0,0,0,4,2,13
,2019-51861,39.723912,-105.018669,10/4/2019 14:08,14:08,3,0,0,BRYANT STREET NORTH & FIFTH AVENUE WEST,1,1,0,0,1,1,,0,30,0,0,0,0,0,4,2,1
,2019-51862,39.78748841,-105.01929,12/8/2019 4:30,4:30,6,0,0,BRYANT STREET & 900 BLOCK NORTH,1,3,0,0,1,4,,0,15,0,0,0,0,0,4,3,13
,2019-51863,39.707523,-105.0180615,1/18/2019 15:54,15:54,3,0,0,BRYANT STREET SOUTH & VIRGINIA AVENUE WEST,6,1,1,2,1,1,,0,25,0,0,0,0,0,4,2,13
,2019-51864,39.688884,-104.9734305,11/14/2019 7:50,7:50,12,0,0,BUCHTEL BOULEVARD EAST & DOWING STREET SOUTH,1,1,0,0,1,4,,0,30,0,0,0,0,0,4,2,13
,2019-51865,39.688884,-104.9734305,3/29/2019 7:41,7:41,12,0,0,BUCHTEL BOULEVARD EAST & DOWNING STREET SOUTH,2,1,0,1,1,1,,0,30,0,0,0,0,0,4,3,13
,2019-51866,39.688884,-104.9734305,7/13/2019 15:24,15:24,1,0,2,BUCHTEL BOULEVARD EAST & DOWNING STREET SOUTH,1,1,0,0,1,1,,0,30,0,0,0,0,1,4,2,13
,2019-51867,39.688884,-104.9734305,9/19/2019 7:40,7:40,1,0,0,BUCHTEL BOULEVARD EAST & DOWNING STREET SOUTH,1,1,0,0,1,1,,0,30,0,0,0,0,0,4,2,1
,2019-51868,39.681684,-104.95368,9/30/2019 17:40,17:40,3,0,0,BUCHTEL BOULEVARD EAST & FILLMORE STREET SOUTH,1,1,0,0,1,1,,0,30,0,0,0,0,0,4,2,3
,2019-51869,39.689388,-104.9744115,10/1/2019 19:43,19:43,8,0,0,BUCHTEL BOULEVARD EAST & FLORIDA AVENUE EAST,2,3,0,1,1,1,,0,30,0,0,0,0,0,4,2,8
,2019-51870,39.684717,-104.9650695,9/11/2019 9:09,9:09,15,0,0,BUCHTEL BOULEVARD EAST & HIGH STREET SOUTH,1,1,0,0,1,1,,0,35,0,0,0,0,0,4,2,13
,2019-51871,39.692997,-104.97726,9/19/2019 7:55,7:55,15,0,0,BUCHTEL BOULEVARD EAST & LOUISIANA AVENUE EAST,1,1,0,0,1,1,,0,30,0,0,0,0,0,4,2,13
,2019-51872,39.682764,-104.959332,6/15/2019 11:03,11:03,12,0,0,BUCHTEL BOULEVARD EAST & UNIVERSITY BOULEVARD SOUTH,1,1,0,0,1,1,,0,30,0,0,0,0,0,4,2,13
,2019-51873,39.682764,-104.959332,11/12/2019 19:40,19:40,15,0,0,BUCHTEL BOULEVARD EAST & UNIVERSITY BOULEVARD SOUTH,1,3,0,0,1,1,,0,30,0,0,0,0,0,4,2,13
,2019-51874,39.694797,-104.979258,7/8/2019 17:30,17:30,12,0,0,BUCHTEL BOULEVARD EAST & WASHINGTON STREET SOUTH,1,1,0,0,1,1,,0,30,0,0,0,0,0,4,2,14
,2019-51875,39.79540585,-104.9687426,4/8/2019 8:14,8:14,12,0,1,BUTCHEL BOULEVARD EAST & FRANKLIN STREET,1,1,0,0,1,1,,0,30,0,0,0,0,1,4,2,13
,2019-51876,39.692961,-104.9687743,11/26/2019 19:28,19:28,15,0,0,BUTCHEL BOULEVARD EAST & LOUISIANA AVENUE EAST,4,4,0,2,1,1,,0,35,0,0,0,0,0,4,2,12
,2019-51877,39.753018,-105.0179265,7/1/2019 23:58,23:58,6,0,0,BYRON PLACE WEST & 4700 BLOCK WEST,1,3,0,0,1,4,,0,25,0,0,0,0,0,4,3,13
,2019-51878,39.83593779,-104.7097016,7/21/2019 14:40,14:40,12,0,0,CALAWBA COURT NORTH 7720 BLOCK & 78TH AVENUE,1,1,0,0,1,1,,0,35,0,0,0,0,0,4,2,13
,2019-51879,39.75423538,-104.9804689,2/18/2019 7:14,7:14,6,0,0,CALIFORNIA STREET & 1701 BLOCK,5,1,0,2,1,4,,0,35,0,0,0,0,0,4,2,3
,2019-51880,39.749841,-104.986152,10/10/2019 12:34,12:34,10,0,0,CALIFORNIA STREET & 21ST STREET,2,1,0,2,1,1,,0,30,0,0,0,0,0,4,2,13
,2019-51881,39.750759,-104.9849415,3/12/2019 7:35,7:35,10,0,1,CALIFORNIA STREET & 22ND STREET,1,1,0,0,1,1,,0,30,0,0,0,0,1,4,2,13
,2019-51882,39.750759,-104.9849415,12/8/2019 17:28,17:28,15,0,1,CALIFORNIA STREET & 22ND STREET,1,3,0,0,1,1,,0,30,0,0,0,0,1,4,2,13
,2019-51883,39.754521,-104.980113,11/14/2019 17:30,17:30,3,0,0,CALIFORNIA STREET & 26TH STREET,1,3,0,0,1,1,,0,25,0,0,0,0,0,4,2,1
,2019-51884,39.75423538,-104.9804689,3/6/2019 10:50,10:50,15,0,0,CALIFORNIA STREET & 3000 BLOCK,1,1,0,0,1,4,,0,25,0,0,0,0,0,4,2,7
,2019-51885,39.748896,-104.9874525,4/23/2019 6:37,6:37,3,0,1,CALIFORNIA STREET & BROADWAY STREET NORTH,1,1,0,0,1,1,,0,30,0,0,0,0,1,4,2,1
,2019-51886,39.72933,-105.0197985,4/8/2019 13:15,13:15,12,0,0,CANOSA COURT NORTH & EIGHTH AVENUE WEST,1,1,1,0,1,1,,0,30,0,0,0,0,0,4,2,13
,2019-51887,39.72933,-105.0197985,4/30/2019 11:33,11:33,15,0,0,CANOSA COURT NORTH & EIGHTH AVENUE WEST,1,1,0,0,1,1,,0,30,0,0,0,0,0,4,2,3
,2019-51888,39.703887,-105.019209,4/10/2019 19:26,19:26,3,0,2,CANOSA COURT SOUTH & EXPOSITION AVENUE WEST,4,1,0,2,1,1,,0,25,0,0,0,0,2,4,3,5
,2019-51889,39.689523,-105.018462,1/1/2019 17:56,17:56,3,0,0,CARLAN COURT SOUTH & FLORIDA AVENUE WEST,4,3,1,0,1,1,,0,25,0,0,0,1,0,4,2,3
,2019-51890,39.628062,-104.8912425,12/10/2019 9:20,9:20,3,0,0,CARRIAGE PLACE EAST & DTC BOULEVARD SOUTH,1,1,0,0,1,1,,0,30,0,0,0,0,0,4,2,7
,2019-51891,39.713004,-104.987574,4/24/2019 4:39,4:39,5,0,0,CEDAR AVENUE WEST & BROADWAY STREET SOUTH,1,3,0,0,3,1,,0,35,0,0,0,0,0,4,1,5
,2019-51892,39.712995,-104.9875695,11/22/2019 16:20,16:20,3,0,0,CEDAR AVENUE EAST & BROADWAY STREET SOUTH,1,3,0,0,1,5,,0,,0,0,0,0,0,4,2,13
,2019-51893,39.713013,-105.0203295,8/20/2019 6:54,6:54,3,0,1,CEDAR AVENUE WEST & CLAY STREET SOUTH,1,1,0,0,1,1,,0,25,0,0,0,0,2,4,2,13
,2019-51894,39.712995,-105.0226695,1/24/2019 9:35,9:35,15,0,0,CEDAR AVENUE WEST & DECATUR STREET SOUTH,4,1,0,2,1,1,,0,25,0,0,0,0,0,4,2,7
,2019-51895,39.712896,-104.976918,6/13/2019 17:00,17:00,3,0,1,CEDAR AVENUE EAST & EMERSON STREET SOUTH,1,1,0,0,1,1,,0,25,0,0,0,0,2,4,4,13
,2019-51896,39.713382,-105.0263325,8/31/2019 19:10,19:10,3,0,0,CEDAR AVENUE WEST & GROVE STREET SOUTH,1,1,0,0,1,1,,0,25,0,0,0,0,0,4,2,3
,2019-51897,39.713058,-104.941341,3/5/2019 8:25,8:25,3,0,0,CEDAR AVENUE EAST & HARRISON STREET SOUTH,4,1,0,0,1,1,,0,25,0,0,0,0,0,4,2,14
,2019-51898,39.713382,-105.027552,1/29/2019 9:25,9:25,3,0,0,CEDAR AVENUE WEST & HAZEL COURT SOUTH,5,1,1,0,1,1,,0,25,0,0,0,0,0,4,2,13
,2019-51899,39.713382,-105.028758,1/5/2019 16:12,16:12,3,0,0,CEDAR AVENUE WEST & HOOKER STREET SOUTH,1,1,1,0,1,1,,0,25,0,0,0,0,0,4,2,8
,2019-51900,39.713382,-105.0324795,5/7/2019 16:39,16:39,3,0,1,CEDAR AVENUE WEST & KNOX COURT SOUTH,2,1,0,1,1,1,,0,25,0,0,0,0,1,4,2,3
,2019-51901,39.712941,-104.9827815,1/29/2019 13:00,13:00,3,0,0,CEDAR AVENUE EAST & LOGAN STREET SOUTH,9,1,0,0,1,1,,0,25,0,0,0,0,0,4,2,13
,2019-51902,39.712896,-104.979249,10/10/2019 16:24,16:24,6,0,0,CEDAR AVENUE EAST & WASHINGTON STREET SOUTH,2,1,0,0,1,3,,0,,0,0,0,0,0,4,2,13
,2019-51903,39.71304,-105.015681,4/20/2019 12:55,12:55,12,0,0,CEDAR AVENUE WEST & ZUNI STREET SOUTH,1,1,0,0,1,1,,0,20,0,0,0,0,0,4,2,1
,2019-51904,39.705696,-104.9875785,5/19/2019 2:21,2:21,12,0,2,CENTER AVENUE EAST & BROADWAY STREET SOUTH,1,3,0,0,1,1,,0,35,0,0,0,0,2,4,2,5
,2019-51905,39.705696,-105.02037,1/29/2019 8:10,8:10,3,0,0,CENTER AVENUE WEST & CLAY STREET SOUTH,5,1,1,0,1,1,,0,25,0,0,0,0,0,4,2,13
,2019-51906,39.70692,-104.87781,11/9/2019 10:27,10:27,3,0,0,CENTER AVENUE EAST & CLINTON STREET SOUTH,1,1,0,0,1,1,,0,30,0,0,0,0,0,4,2,13
,2019-51907,39.705831,-105.0275385,9/10/2019 13:34,13:34,3,0,0,CENTER AVENUE WEST & HAZEL COURT SOUTH,1,1,0,0,1,1,,0,20,0,0,0,0,0,4,2,13
,2019-51908,39.705696,-104.9827995,3/12/2019 8:25,8:25,3,0,0,CENTER AVENUE EAST & LOGAN STREET SOUTH,1,1,0,0,1,1,,0,25,0,0,0,0,0,4,3,13
,2019-51909,39.705696,-104.9827995,4/29/2019 12:55,12:55,3,0,1,CENTER AVENUE EAST & LOGAN STREET SOUTH,1,1,0,0,1,1,,0,25,0,0,0,0,1,4,2,8
,2019-51910,39.749616,-104.8866795,11/6/2019 17:23,17:23,1,0,0,CENTRAL PARK BOULEVARD NORTH & 23RD AVENUE EAST,1,3,0,0,1,1,,0,35,0,0,0,0,0,4,2,13
,2019-51911,39.756141,-104.8907115,2/5/2019 18:46,18:46,3,0,0,CENTRAL PARK BOULEVARD NORTH & 28TH AVENUE EAST,1,3,1,0,1,1,,0,30,0,0,0,0,0,4,2,13
,2019-51912,39.756141,-104.8907115,9/3/2019 15:47,15:47,3,0,0,CENTRAL PARK BOULEVARD NORTH & 28TH AVENUE EAST,1,1,0,0,1,1,,0,35,0,0,0,0,0,4,2,3
,2019-51913,39.765069,-104.8903515,5/28/2019 8:00,8:00,12,0,0,CENTRAL PARK BOULEVARD NORTH & 35TH AVENUE EAST,1,1,0,0,1,1,,0,35,0,0,0,0,0,4,2,13
,2019-51914,39.767346,-104.890509,2/23/2019 9:30,9:30,15,0,1,CENTRAL PARK BOULEVARD NORTH & 36TH AVENUE EAST,12,1,0,2,1,1,,0,30,0,0,0,0,1,4,4,14
,2019-51915,39.768948,-104.9953275,2/27/2019 16:50,16:50,12,0,0,CENTRAL PARK BOULEVARD & 38TH AVENUE EAST,1,1,0,0,1,1,,0,35,0,0,0,0,0,4,3,3
,2019-51916,39.774105,-104.882868,1/9/2019 9:12,9:12,10,0,0,CENTRAL PARK BOULEVARD & 40TH AVENUE EAST,1,1,0,0,1,1,,0,35,0,0,0,0,0,4,2,8
,2019-51917,39.774105,-104.882868,2/28/2019 11:00,11:00,12,0,0,CENTRAL PARK BOULEVARD NORTH & 40TH AVENUE EAST,1,1,0,0,1,1,,0,35,0,0,0,0,0,4,2,13
,2019-51918,39.780882,-104.88294,1/15/2019 14:42,14:42,10,0,0,CENTRAL PARK BOULEVARD & 46TH STREET EAST,1,1,0,0,1,1,,0,35,0,0,0,0,0,4,2,3
,2019-51919,39.780882,-104.88294,3/1/2019 18:55,18:55,1,0,0,CENTRAL PARK BOULEVARD NORTH & 46TH AVENUE EAST,1,3,0,0,1,1,,0,35,0,0,0,0,0,4,3,13
,2019-51920,39.780882,-104.88294,9/13/2019 16:23,16:23,1,0,0,CENTRAL PARK BOULEVARD NORTH & 46TH PLACE EAST,1,1,0,0,1,1,,0,35,0,0,0,0,0,4,2,13
,2019-51921,39.780882,-104.88294,10/22/2019 10:23,10:23,1,0,0,CENTRAL PARL BOULEVARD NORTH & 46TH PLACE EAST,1,1,0,0,1,1,,0,35,0,0,0,0,0,4,2,13
,2019-51922,39.780882,-104.88294,11/22/2019 13:48,13:48,1,0,0,CENTRAL PARK BOULEVARD NORTH & 46TH PLACE EAST,1,1,0,0,1,1,,0,40,0,0,0,0,0,4,2,13
,2019-51923,39.780882,-104.88294,12/7/2019 13:25,13:25,1,0,0,CENTRAL PARK BOULEVARD NORTH & 46TH PLACE EAST,1,1,0,0,1,1,,0,35,0,0,0,0,0,4,2,13
,2019-51924,39.788172,-104.882688,8/17/2019 10:30,10:30,10,0,0,CENTRAL PARK BOULEVARD NORTH & 50TH AVENUE EAST,1,1,0,0,1,1,,0,35,0,0,0,0,0,4,2,7
,2019-51925,39.798297,-104.88447,3/2/2019 19:04,19:04,12,0,0,CENTRAL PARK BOULEVARD NORTH & 56TH AVENUE EAST,4,3,1,2,1,1,,0,35,0,0,0,0,0,4,2,13
,2019-51926,39.798297,-104.88447,8/24/2019 7:41,7:41,12,0,0,CENTRAL PARK BOULEVARD NORTH & 56TH AVENUE EAST,1,1,0,0,1,1,,0,15,0,0,0,0,0,4,2,3
,2019-51927,39.759876,-104.8907475,2/6/2019 23:20,23:20,3,0,0,CENTRAL PARK BOULEVARD NORTH & MLK BOULEVARD EAST,4,3,0,2,1,1,,0,30,0,0,0,0,0,4,2,13
,2019-51928,39.759876,-104.8907475,3/26/2019 10:55,10:55,1,0,0,CENTRAL PARK BOULEVARD NORTH & MLK BOULEVARD EAST,1,1,0,0,1,1,,0,35,0,0,0,0,0,4,2,13
,2019-51929,39.759876,-104.8907475,4/6/2019 11:45,11:45,15,0,0,CENTRAL PARK BOULEVARD NORTH & MLK BOULEVARD EAST,1,1,0,0,1,1,,0,35,0,0,0,0,0,4,2,14
,2019-51930,39.759876,-104.8907475,4/8/2019 1:56,1:56,3,0,0,CENTRAL PARK BOULEVARD NORTH & MLK BOULEVARD EAST,1,3,0,0,1,1,,0,40,0,0,0,0,0,4,2,5
,2019-51931,39.759876,-104.8907475,4/9/2019 23:16,23:16,12,0,0,CENTRAL PARK BOULEVARD NORTH & MLK BOULEVARD EAST,1,3,0,0,1,1,,0,40,0,0,0,0,0,4,3,13
,2019-51932,39.759876,-104.8907475,4/10/2019 6:32,6:32,3,0,1,CENTRAL PARK BOULEVARD NORTH & MLK BOULEVARD EAST,2,1,0,1,1,1,,0,30,0,0,0,0,1,4,2,14
,2019-51933,39.759876,-104.8907475,4/27/2019 15:57,15:57,3,0,0,CENTRAL PARK BOULEVARD NORTH & MLK BOULEVARD EAST,1,1,1,0,1,1,,0,30,0,0,0,0,0,4,2,13
,2019-51934,39.759876,-104.8907475,6/14/2019 20:39,20:39,3,0,0,CENTRAL PARK BOULEVARD NORTH & MLK BOULEVARD EAST,1,3,0,0,1,3,,0,30,0,0,0,0,0,4,2,8
,2019-51936,39.759876,-104.8907475,8/13/2019 9:27,9:27,3,0,1,CENTRAL PARK BOULEVARD NORTH & MLK BOULEVARD EAST,1,1,0,0,1,1,,0,35,0,0,0,0,1,4,2,7
,2019-51937,39.759876,-104.8907475,8/26/2019 23:55,23:55,3,0,0,CENTRAL PARK BOULEVARD NORTH & MLK BOULEVARD EAST,1,3,0,0,1,1,,0,40,0,0,0,0,0,4,2,13
,2019-51939,39.759876,-104.8907475,8/30/2019 20:50,20:50,3,0,2,CENTRAL PARK BOULEVARD NORTH & MLK BOULEVARD EAST,1,3,1,0,1,1,,0,35,0,0,0,0,2,4,2,13
,2019-51940,39.759876,-104.8907475,9/26/2019 19:34,19:34,15,0,0,CENTRAL PARK BOULEVARD NORTH & MLK BOULEVARD EAST,1,1,0,0,1,1,,0,30,0,0,0,0,0,4,2,13
,2019-51941,39.759876,-104.8907475,10/27/2019 19:00,19:00,15,0,0,CENTRAL PARK BOULEVARD NORTH & MLK BOULEVARD EAST,5,3,0,2,1,1,,0,35,0,0,0,0,0,4,2,7
,2019-51942,39.759876,-104.8907475,11/13/2019 12:50,12:50,3,0,0,CENTRAL PARK BOULEVARD NORTH & MLK BOULEVARD EAST,1,1,0,0,1,1,,0,30,0,0,0,0,0,4,2,14
,2019-51943,39.747456,-104.8846905,1/20/2019 12:50,12:50,3,0,0,CENTRAL PARK BOULEVARD NORTH & MONTVIEW BOULEVARD EAST,1,1,0,0,1,1,,0,,0,0,0,0,0,4,2,13
,2019-51944,39.747456,-104.8846905,3/4/2019 13:09,13:09,10,0,0,CENTRAL PARK BOULEVARD NORTH & MONTVIEW BOULEVARD EAST,2,1,1,0,1,1,,0,30,0,0,0,0,0,4,2,13