id,drcog_id,latitude,longitude,crashtime,time,crashtype,numbkilled,numbinjurd,drcoglocat,rdconditin,lightngcon,roadcntgrd,weatherco,location,roaddescrp,schoolzone,constrzone,splimit,bikeinv,sctrinv,pedinv,motoinv,svrty,rdsystem,ttlvehcls,hcf
,2019-51945,39.747456,-104.8846905,3/31/2019 14:00,14:00,12,0,0,CENTRAL PARK BOULEVARD NORTH & MONTVIEW BOULEVARD EAST,1,1,0,0,1,1,,0,30,0,0,0,0,0,4,2,14
,2019-51946,39.747456,-104.8846905,9/16/2019 5:40,5:40,1,0,0,CENTRAL PARK BOULEVARD NORTH & MONTVIEW BOULEVARD EAST,1,2,0,0,1,1,,0,35,0,0,0,0,0,4,2,13
,2019-51947,39.785733,-104.8830885,3/2/2019 19:13,19:13,3,0,0,CENTRAL PARK BOULEVARD NORTH & NORTHFIELD BOULEVARD EAST,4,3,0,2,1,1,,0,30,0,0,0,0,0,4,2,5
,2019-51948,39.785733,-104.8830885,3/13/2019 6:30,6:30,3,0,0,CENTRAL PARK BOULEVARD NORTH & NORTHFIELD BOULEVARD EAST,2,1,0,2,1,1,,0,35,0,0,0,0,0,4,2,8
,2019-51949,39.785733,-104.8830885,5/28/2019 18:59,18:59,3,0,0,CENTRAL PARK BOULEVARD NORTH & NORTHFIELD BOULEVARD EAST,1,1,0,6,1,1,,0,35,0,0,0,0,0,4,2,13
,2019-51950,39.785733,-104.8830885,5/29/2019 14:42,14:42,3,0,0,CENTRAL PARK BOULEVARD NORTH & NORTHFIELD BOULEVARD EAST,1,1,0,0,1,1,,0,30,0,0,0,0,0,4,2,13
,2019-51951,39.785733,-104.8830885,9/27/2019 12:15,12:15,3,0,0,CENTRAL PARK BOULEVARD NORTH & NORTHFIELD BOULEVARD EAST,1,1,0,0,1,1,,0,35,0,0,0,0,0,4,2,7
,2019-51952,39.785733,-104.8830885,10/7/2019 17:30,17:30,3,0,1,CENTRAL PARK BOULEVARD NORTH & NORTHFIELD BOULEVARD EAST,1,2,0,0,1,1,,0,35,0,0,0,0,1,4,2,3
,2019-51953,39.785733,-104.8830885,11/2/2019 12:13,12:13,12,0,0,CENTRAL PARK BOULEVARD NORTH & NORTHFIELD BOULEVARD EAST,1,1,0,0,1,1,,0,30,0,0,0,0,0,4,3,13
,2019-51954,39.785733,-104.8830885,12/1/2019 15:30,15:30,15,0,0,CENTRAL PARK BOULEVARD NORTH & NORTHFIELD BOULEVARD EAST,2,1,0,0,1,3,,0,35,0,0,0,0,0,4,2,8
,2019-51955,39.791349,-104.882661,9/17/2019 9:40,9:40,12,0,0,CENTRAL PARK BOULEVARD NORTH & PRAIRIE MEADOW DRIVE EAST,1,1,0,0,1,1,,0,35,0,0,0,0,0,4,2,14
,2019-51956,39.751767,-104.890041,2/8/2019 20:15,20:15,3,0,0,CENTRAL PARK BOULEVARD NORTH & VERBENA STREET NORTH,5,3,0,0,1,1,,0,30,0,0,0,0,0,4,2,13
,2019-51957,39.750678,-104.88852,5/2/2019 16:07,16:07,1,0,0,CENTRAL PARK BOULEVARD NORTH & XANTHIA WAY NORTH,1,1,0,1,1,1,,0,25,0,0,0,0,0,4,2,7
,2019-51958,39.773187,-104.809932,1/2/2019 9:48,9:48,12,0,1,CHAMBERS ROAD NORTH & 40TH AVENUE EAST,2,1,0,0,1,1,,0,40,0,0,0,0,1,4,3,5
,2019-51959,39.773187,-104.809932,4/18/2019 11:05,11:05,3,0,0,CHAMBERS ROAD NORTH & 40TH AVENUE EAST,1,1,1,0,1,1,,0,35,0,0,0,0,0,4,2,1
,2019-51960,39.773187,-104.809932,5/8/2019 15:21,15:21,1,0,0,CHAMBERS ROAD NORTH & 40TH AVENUE EAST,2,1,0,1,1,1,,0,40,0,0,0,0,0,4,2,14
,2019-51961,39.773187,-104.809932,6/6/2019 16:29,16:29,3,0,0,CHAMBERS ROAD NORTH & 40TH AVENUE EAST,1,1,0,0,1,1,,0,35,0,0,0,0,0,4,2,13
,2019-51962,39.773187,-104.809932,8/14/2019 10:11,10:11,15,0,0,CHAMBERS ROAD NORTH & 40TH AVENUE EAST,1,1,0,0,1,1,,0,40,0,0,0,0,0,4,2,13
,2019-51963,39.773187,-104.809932,8/26/2019 7:05,7:05,12,0,0,CHAMBERS ROAD NORTH & 40TH AVENUE EAST,1,1,0,0,1,1,,0,25,0,0,0,0,0,4,2,14
,2019-51964,39.773187,-104.809932,11/1/2019 5:35,5:35,12,0,0,CHAMBERS ROAD NORTH & 40TH AVENUE EAST,1,2,0,0,1,1,,0,35,0,0,0,0,0,4,2,13
,2019-51965,39.773187,-104.809932,11/28/2019 17:44,17:44,12,0,0,CHAMBERS ROAD NORTH & 40TH AVENUE EAST,6,2,0,0,1,1,,0,40,0,0,0,0,0,4,2,13
,2019-51966,39.773187,-104.809932,11/29/2019 19:06,19:06,3,0,0,CHAMBERS ROAD NORTH & 40TH AVENUE EAST,4,3,0,2,1,1,,0,30,0,0,0,0,0,4,3,13
,2019-51967,39.776571,-104.8099095,4/5/2019 21:33,21:33,1,0,1,CHAMBERS ROAD NORTH & 46TH AVENUE EAST,1,3,0,0,1,1,,0,40,0,0,0,0,1,4,2,13
,2019-51968,39.776571,-104.8099095,7/26/2019 17:59,17:59,1,0,1,CHAMBERS ROAD NORTH & 46TH AVENUE EAST,1,1,0,0,1,1,,0,40,0,0,0,0,2,4,2,13
,2019-51969,39.775041,-104.8099185,4/27/2019 22:54,22:54,10,0,0,CHAMBERS ROAD NORTH & ANDREWS DRIVE EAST,1,3,0,0,1,1,,0,40,0,0,0,0,0,4,2,3
,2019-51971,39.775041,-104.8099185,8/24/2019 12:35,12:35,12,0,1,CHAMBERS ROAD NORTH & ANDREWS DRIVE EAST,1,1,0,0,1,1,,0,45,0,0,0,0,1,4,3,12
,2019-51972,39.775041,-104.8099185,9/22/2019 10:45,10:45,3,0,2,CHAMBERS ROAD NORTH & ANDREWS DRIVE EAST,1,1,0,0,1,1,,0,40,0,0,0,0,2,4,3,13
,2019-51974,39.775041,-104.8099185,9/25/2019 5:58,5:58,1,0,0,CHAMBERS ROAD NORTH & ANDREWS DRIVE EAST,1,2,0,0,1,1,,0,35,0,0,0,0,0,4,2,13
,2019-51975,39.775041,-104.8099185,9/30/2019 22:24,22:24,12,0,0,CHAMBERS ROAD NORTH & ANDREWS DRIVE,1,3,0,0,1,1,,0,40,0,0,0,0,0,4,2,7
,2019-51976,39.745566,-104.995152,3/3/2019 20:30,20:30,3,0,0,CHAMPA STREET & 15TH STREET,4,3,0,0,1,1,,0,30,0,0,0,0,0,4,2,14
,2019-51977,39.745566,-104.995152,7/3/2019 17:53,17:53,3,0,1,CHAMPA STREET & 15TH STREET,1,1,0,0,1,1,,0,35,0,0,0,0,2,4,2,14
,2019-51978,39.75634096,-104.9812579,11/5/2019 16:20,16:20,6,0,0,CHAMPA STREET & 1600 BLOCK,1,2,0,0,1,4,,0,30,0,0,0,0,0,4,2,13
,2019-51979,39.750264,-104.9891625,1/29/2019 8:00,8:00,12,0,0,CHAMPA STREET & 20TH STREET,5,1,0,0,1,1,,0,25,0,0,0,0,0,4,2,13
,2019-51980,39.752127,-104.9866605,11/7/2019 18:34,18:34,3,0,0,CHAMPA STREET & 22ND STREET,1,3,0,0,1,1,,0,30,0,0,0,0,0,4,2,8
,2019-51981,39.759615,-104.9770125,2/8/2019 7:45,7:45,3,0,0,CHAMPA STREET & 30TH STREET,5,1,0,0,1,1,,0,25,0,0,0,0,0,4,2,7
,2019-51982,39.751551,-104.987421,7/22/2019 16:24,16:24,10,0,0,CHAMPA STREET & BROADWAY STREET NORTH,1,1,0,0,1,1,,0,30,0,0,0,0,0,4,2,7
,2019-51983,39.753063,-104.9854905,4/28/2019 18:26,18:26,3,0,0,CHAMPA STREET & PARK AVENUE WEST,1,1,0,0,1,1,,0,35,0,0,0,0,0,4,2,13
,2019-51984,39.753063,-104.9854905,9/10/2019 22:54,22:54,15,0,0,CHAMPA STREET & PARK AVENUE WEST,1,2,0,0,1,1,,0,25,0,0,0,0,0,4,2,5
,2019-51985,39.741939,-104.99985,3/16/2019 11:53,11:53,15,0,0,CHAMPA STREET & SPEER BOULEVARD NORTH,1,1,0,0,1,4,,0,30,0,0,0,0,0,4,2,14
,2019-51986,39.741939,-104.99985,9/8/2019 21:03,21:03,3,0,0,CHAMPA STREET & SPEER BOULEVARD NORTH,2,3,0,0,1,1,,0,35,0,0,0,0,0,4,2,3
,2019-51987,39.778344,-104.9793615,3/9/2019 22:30,22:30,5,0,0,45TH AVENUE EAST & WASHINGTON STREET NORTH,1,3,1,0,3,1,,0,35,0,0,0,0,0,4,1,13
,2019-51988,39.741939,-104.99985,10/7/2019 5:33,5:33,3,0,1,CHAMPA STREET & SPEER BOULEVARD NORTH,1,3,0,0,1,1,,0,30,0,0,0,0,2,4,2,13
,2019-51989,39.741939,-104.99985,10/14/2019 6:39,6:39,3,0,0,CHAMPA STREET & SPEER BOULEVARD NORTH,1,3,0,0,1,1,,0,35,0,0,0,0,0,4,2,13
,2019-51990,39.741939,-104.99985,12/11/2019 6:40,6:40,3,0,0,CHAMPA STREET & SPEER BOULEVARD NORTH,1,3,0,0,1,1,,0,30,0,0,0,0,0,4,2,13
,2019-51991,39.7925325,-104.8219402,10/10/2019 14:55,14:55,12,0,0,CHANDLER COURT NORTH & 4723 NORTH CHANDLER COURT,2,1,0,2,1,2,,0,25,0,0,0,0,0,4,2,13
,2019-51992,39.787821,-104.8265415,3/2/2019 16:07,16:07,3,0,0,CHANDLER WAY NORTH & 51ST AVENUE EAST,4,1,0,2,1,1,,0,25,0,0,0,0,0,4,2,13
,2019-51993,39.72409648,-104.9921505,5/22/2019 15:11,15:11,3,0,0,CHEROKEE STREET NORTH & 1000 BLOCK NORTH,1,1,0,0,1,2,,0,5,0,0,0,0,0,4,2,13
,2019-51994,39.72409648,-104.9921505,1/28/2019 22:00,22:00,6,0,0,CHEROKEE STREET & 1331 NORTH,1,3,0,0,6,8,,0,5,0,0,0,0,0,3,2,13
,2019-51995,39.738447,-104.99166,2/4/2019 19:41,19:41,10,0,0,CHEROKEE STREET NORTH & 14TH AVENUE WEST,1,3,0,0,1,1,,0,30,0,0,0,0,0,4,2,13
,2019-51996,39.718377,-104.9921325,8/16/2019 17:05,17:05,3,0,0,CHEROKEE STREET NORTH & FIRST AVENUE WEST,1,3,0,0,1,1,,0,25,0,0,0,0,0,4,2,1
,2019-51997,39.718377,-104.9921325,9/20/2019 18:11,18:11,3,0,0,CHEROKEE STREET NORTH & FIRST AVENUE WEST,1,3,0,0,1,1,,0,25,0,0,0,0,0,4,2,7
,2019-51998,39.776508,-104.9912595,8/6/2019 15:05,15:05,12,0,0,CHEROKEE STREET NORTH & 44TH AVENUE WEST,1,1,0,0,1,1,,0,25,0,0,0,0,0,4,2,1
,2019-51999,39.71207434,-104.9492918,11/5/2019 7:40,7:40,12,0,2,CHERRY CREEK DRIVE NORTH EAST & 5900 BLOCK EAST,1,1,0,0,1,4,,0,30,0,0,0,0,1,4,2,13
,2019-52001,39.711573,-104.947092,2/6/2019 10:56,10:56,15,0,0,CHERRY CREEK NORTH DRIVE EAST & ALAMEDA AVENUE EAST,10,1,0,2,1,1,,0,25,0,0,0,0,0,4,2,14
,2019-52002,39.711573,-104.947092,4/25/2019 19:30,19:30,12,0,0,CHERRY CREEK NORTH DRIVE EAST & ALAMEDA AVENUE EAST,1,2,0,0,1,1,,0,35,0,0,0,0,0,4,2,5
,2019-52003,39.711186,-104.9482305,6/29/2019 11:37,11:37,1,0,0,CHERRY CREEK SOUTH DRIVE EAST & ALAMEDA AVENUE EAST,1,1,0,0,1,1,,0,30,0,0,0,0,0,4,2,1
,2019-52004,39.711573,-104.947092,7/15/2019 19:45,19:45,12,0,0,CHERRY CREEK NORTH DRIVE EAST & ALAMEDA AVENUE EAST,1,1,0,0,1,4,,0,25,0,0,0,0,0,4,2,12
,2019-52005,39.711186,-104.9482305,10/23/2019 16:00,16:00,1,0,1,CHERRY CREEK SOUTH DRIVE EAST & ALAMEDA AVENUE EAST,4,1,0,2,1,1,,0,30,0,0,0,0,2,4,3,13
,2019-52006,39.69477,-104.933997,6/18/2019 16:17,16:17,15,0,0,CHERRY STREET SOUTH & ARIZONA AVENUE EAST,1,1,0,0,1,4,,0,25,0,0,0,0,0,4,2,1
,2019-52007,39.700206,-104.927229,8/3/2019 11:10,11:10,5,0,0,CHERRY CREEK SOUTH 4900 EAST & KENTUCKY AVENUE EAST,1,1,0,0,2,4,,0,35,0,0,0,0,0,4,1,7
,2019-52008,39.696903,-104.923899,5/29/2019 18:00,18:00,12,0,0,CHERRY CREEK DRIVE EAST & MISSISSIPPI AVENUE EAST,1,1,0,0,1,1,,0,25,0,0,0,0,0,4,2,13
,2019-52009,39.696903,-104.923899,8/6/2019 18:13,18:13,1,0,0,CHERRY CREEK SOUTH DRIVE EAST & MISSISSIPPI AVENUE EAST,1,1,1,0,1,1,,0,30,0,0,0,0,0,4,2,13
,2019-52010,39.696903,-104.923899,9/25/2019 7:56,7:56,12,0,2,CHERRY CREEK SOUTH DRIVE EAST & MISSISSIPPI AVENUE EAST,1,1,0,0,1,1,,0,30,0,0,0,0,1,4,2,13
,2019-52011,39.715992,-104.9593095,6/29/2019 12:49,12:49,3,0,1,CHERRY CREEK NORTH DRIVE EAST & UNIVERSITY BOULEVARD SOUTH,1,1,0,0,1,1,,0,30,0,0,0,0,1,4,2,14
,2019-52012,39.667464,-104.934411,1/29/2019 9:11,9:11,3,0,0,CHERRY STREET SOUTH & YALE AVENUE EAST,5,1,1,0,1,1,,0,35,0,0,0,0,0,4,2,13
,2019-52013,39.75549151,-105.0014443,11/13/2019 12:48,12:48,6,0,0,CHESTNUT PLACE & 1800 BLOCK,1,1,0,0,1,4,,0,25,0,0,0,0,0,4,2,13
,2019-52014,39.757662,-104.9986305,5/18/2019 22:48,22:48,1,0,2,CHESTNUT PLACE & 20TH STREET,1,3,1,0,1,1,,0,25,0,0,0,0,1,4,2,13
,2019-52015,39.749463,-105.005709,2/11/2019 17:15,17:15,12,0,0,CHOPPER CIRCLE & 12TH STREET,1,1,1,0,1,1,,0,30,0,0,0,0,0,4,2,13
,2019-52016,39.750039,-105.0049305,4/5/2019 17:24,17:24,12,0,0,CHOPPER CIRCLE & SPEER BOULEVARD NORTH,1,1,0,0,1,1,,0,35,0,0,0,0,0,4,2,13
,2019-52017,39.736863,-104.97762,11/28/2019 8:25,8:25,3,0,0,CLARKSON STREET NORTH & 13TH AVENUE EAST,5,1,1,0,1,1,,0,30,0,0,0,0,0,4,2,13
,2019-52018,39.73842,-104.9776695,2/13/2019 15:52,15:52,15,0,0,CLARKSON STREET NORTH & 14TH AVENUE EAST,1,1,0,0,1,1,,0,30,0,0,0,0,0,4,2,13
,2019-52019,39.73340148,-104.9776036,11/9/2019 2:02,2:02,12,0,0,CLARKSON STREET NORTH & 1500 BLOCK NORTH,1,3,0,0,1,4,,0,25,0,0,0,0,0,4,2,5
,2019-52020,39.74751,-104.977557,9/3/2019 8:25,8:25,3,0,1,CLARKSON STREET NORTH & 20TH AVENUE EAST,1,1,0,0,1,1,,0,25,0,0,0,0,2,4,2,13
,2019-52021,39.750741,-104.9769585,9/19/2019 9:14,9:14,3,0,1,CLARKSON STREET NORTH & 23RD AVENUE EAST,1,1,0,0,1,1,,0,25,0,0,0,0,1,4,2,3
,2019-52022,39.73340148,-104.9776036,9/29/2019 2:15,2:15,6,0,0,CLARKSON STREET NORTH & 400 BLOCK NORTH,1,3,0,0,1,4,,0,25,0,0,0,0,0,4,5,5
,2019-52023,39.790008,-104.9771115,12/28/2019 20:30,20:30,12,0,0,CLARKSON STREET & 725 NORTH,14,5,1,0,1,4,,0,,0,0,0,0,0,4,2,13
,2019-52024,39.72906,-104.9775795,5/19/2019 15:05,15:05,3,0,2,CLARKSON STREET NORTH & EIGHTH AVENUE EAST,1,1,0,0,1,1,,0,30,0,0,0,0,2,4,2,13
,2019-52025,39.743406,-104.9873895,12/30/2019 8:27,8:27,5,0,0,COURT PLACE & BROADWAY STREET NORTH,5,1,0,0,2,4,,0,25,0,0,0,0,0,4,1,13
,2019-52026,39.687579,-104.9781105,8/6/2019 8:05,8:05,3,0,0,CLARKSON STREET SOUTH & IOWA AVENUE EAST,1,1,0,0,1,1,,0,25,0,0,0,0,0,4,2,13
,2019-52027,39.78751057,-105.02046,1/13/2019 5:54,5:54,6,0,0,CLAY STREET & 1800 BLOCK SOUTH,1,4,1,0,1,4,,0,30,0,0,0,0,0,4,4,1
,2019-52028,39.78751057,-105.02046,2/6/2019 7:00,7:00,6,0,0,CLAY STREET & 230 SOUTH,1,3,0,0,1,4,,0,25,0,0,0,0,0,4,2,1
,2019-52029,39.752406,-105.020532,10/17/2019 22:20,22:20,3,0,0,CLAY STREET NORTH & 24TH AVENUE WEST,1,3,0,0,1,3,,0,25,0,0,0,0,0,4,2,3
,2019-52030,39.754818,-105.0205095,3/15/2019 16:24,16:24,1,0,0,CLAY STREET NORTH & 26TH AVENUE WEST,1,1,0,0,1,1,,0,25,0,0,0,0,0,4,2,13
,2019-52031,39.754818,-105.0205095,9/5/2019 10:10,10:10,3,0,0,CLAY STREET NORTH & 26TH AVENUE WEST,1,1,0,0,1,1,,0,30,0,0,0,0,0,4,2,13
,2019-52032,39.756024,-105.0205095,10/4/2019 9:40,9:40,3,0,1,CLAY STREET NORTH & 27TH AVENUE WEST,1,1,0,0,1,1,,0,20,0,0,0,0,1,4,2,1
,2019-52033,39.762,-105.0205095,3/5/2019 18:30,18:30,3,0,0,CLAY STREET NORTH & 32ND AVENUE WEST,1,3,0,0,1,1,,0,30,0,0,0,0,0,4,2,13
,2019-52034,39.768048,-105.0205005,7/13/2019 14:20,14:20,3,0,0,CLAY STREET NORTH & 37TH AVENUE WEST,1,1,0,0,1,1,,0,25,0,0,0,0,0,4,2,13
,2019-52035,39.713013,-105.0203295,6/23/2019 16:59,16:59,3,0,0,CLAY STREET SOUTH & CEDAR AVENUE WEST,1,1,0,0,1,1,,0,25,0,0,0,0,0,4,2,3
,2019-52036,39.716631,-105.020379,8/23/2019 13:49,13:49,3,0,0,CLAY STREET SOUTH & ELLSWORTH AVENUE WEST,1,1,1,0,1,1,,0,25,0,0,0,0,0,4,2,3
,2019-52037,39.703896,-105.020361,6/6/2019 12:43,12:43,3,0,0,CLAY STREET SOUTH & EXPOSITION AVENUE WEST,1,1,0,0,1,1,,0,,0,0,0,0,0,4,2,13
,2019-52038,39.670974,-105.01938,9/7/2019 17:30,17:30,3,0,0,CLAY STREET SOUTH & HILLSIDE AVENUE WEST,1,1,0,0,1,1,,0,25,0,0,0,0,0,4,2,7
,2019-52039,39.758058,-105.02055,5/15/2019 11:40,11:40,3,0,1,CLAY STREET NORTH & SPEER BOULEVARD NORTH,1,1,0,0,1,1,,0,35,0,0,0,0,2,4,3,13
,2019-52040,39.660498,-105.0230115,11/22/2019 5:56,5:56,5,0,0,DARTMOUTH AVENUE WEST & DECATUR STREET SOUTH,5,5,1,0,2,1,,0,30,0,0,0,0,0,4,1,7
,2019-52041,39.698541,-105.020352,6/18/2019 17:05,17:05,3,0,1,CLAY STREET SOUTH & TENNESSEE AVENUE WEST,1,1,0,0,1,1,,0,25,0,0,0,0,2,4,2,13
,2019-52042,39.698541,-105.020352,10/2/2019 17:15,17:15,3,0,0,CLAY STREET SOUTH & TENNESSEE AVENUE WEST,1,1,0,0,1,1,,0,25,0,0,0,0,0,4,2,13
,2019-52043,39.76127771,-104.9548545,9/21/2019 17:18,17:18,6,0,0,CLAYTON STREET NORTH & 1100 BLOCK NORTH,1,1,0,0,1,3,,0,25,0,0,0,0,0,4,3,1
,2019-52044,39.786192,-104.954103,8/11/2019 18:15,18:15,3,0,0,CLAYTON STREET NORTH & BEEKMAN PLACE EAST,1,1,0,0,1,1,,0,25,0,0,0,0,0,4,2,5
,2019-52045,39.698541,-104.952951,6/6/2019 16:50,16:50,3,0,0,CLAYTON WAY SOUTH & BONNIE BRAE BOULEVARD SOUTH,1,1,0,0,1,1,,0,30,0,0,0,0,0,4,2,13
,2019-52046,39.681909,-104.9550885,9/24/2019 8:46,8:46,1,0,0,CLAYTON STREET SOUTH & BUCHTEL BOULEVARD EAST,1,1,0,0,1,1,,0,25,0,0,0,0,0,4,2,13
,2019-52047,39.69657,-104.954679,1/18/2019 11:48,11:48,3,0,0,CLAYTON STREET SOUTH & MISSISSIPPI AVENUE EAST,6,1,1,2,1,1,,0,25,0,0,0,0,0,4,2,7
,2019-52048,39.75467954,-104.9350185,6/2/2019 4:14,4:14,6,0,0,CLERMONT STREET NORTH & 1400 BLOCK NORTH,1,3,1,0,1,4,,0,25,0,0,0,0,0,4,3,14
,2019-52049,39.738267,-104.9350005,2/14/2019 17:04,17:04,3,0,1,CLERMONT STREET NORTH & 14TH AVENUE EAST,1,2,0,0,1,1,,0,25,0,0,0,0,1,4,2,8
,2019-52050,39.751029,-104.935041,10/4/2019 7:45,7:45,3,0,0,CLERMONT STREET NORTH & 23RD AVENUE EAST,1,1,0,0,1,1,,0,25,0,0,0,0,0,4,2,13
,2019-52051,39.708144,-104.879142,5/22/2019 7:39,7:39,12,0,0,CLINTON STREET SOUTH & ALAMEDA AVENUE EAST,1,5,0,0,1,3,,0,35,0,0,0,0,0,4,4,13
,2019-52052,39.683979,-104.9734485,5/4/2019 12:29,12:29,3,0,0,COLORADO AVENUE EAST & DOWNING STREET SOUTH,1,1,0,0,1,1,,0,30,0,0,0,0,0,4,2,5
,2019-52053,39.684951,-105.029811,8/22/2019 7:41,7:41,10,0,0,COLORADO AVENUE WEST  & IRVING STREET SOUTH,1,1,0,0,1,1,,0,25,0,0,0,0,0,4,2,13
,2019-52054,39.684132,-105.015672,3/29/2019 17:03,17:03,3,0,0,COLORADO AVENUE WEST & ZUNI STREET SOUTH,2,1,0,1,1,1,,0,30,0,0,0,0,0,4,2,13
,2019-52055,39.736809,-104.957433,7/3/2019 21:54,21:54,3,0,0,COLUMBINE STREET NORTH & 13TH AVENUE EAST,1,3,0,0,1,1,,0,30,0,0,0,0,0,4,6,13
,2019-52056,39.689343,-104.956992,10/9/2019 10:07,10:07,3,0,0,COLUMBINE STREET SOUTH & FLORIDA AVENUE EAST,1,1,0,0,1,1,,0,30,0,0,0,0,0,4,2,13
,2019-52057,39.661929,-104.91282,11/3/2019 10:08,10:08,3,0,0,COLUMBIA PLACE EAST & MONACO STREET SOUTH,1,1,0,0,1,1,,0,25,0,0,0,0,0,4,2,3
,2019-52058,39.678471,-104.9479785,3/18/2019 16:27,16:27,3,0,2,COOK STREET SOUTH & EVANS AVENUE EAST,1,1,0,0,1,1,,0,25,0,0,0,0,1,4,2,1
,2019-52059,39.667032,-104.9477805,7/3/2019 7:51,7:51,10,0,0,COOK STREET SOUTH & YALE WAY EAST,1,1,0,0,1,1,,0,30,0,0,0,0,0,4,2,13
,2019-52061,39.725604,-104.974101,1/19/2019 2:13,2:13,3,0,2,CORONA STREET NORTH & SIXTH AVENUE EAST,5,3,0,0,1,1,,0,35,0,0,0,0,2,4,3,3
,2019-52062,39.725604,-104.974101,11/27/2019 6:53,6:53,3,0,0,CORONA STREET NORTH & SIXTH AVENUE EAST,5,1,0,0,1,1,,0,30,0,0,0,0,0,4,2,13
,2019-52063,39.727287,-104.974101,1/19/2019 14:41,14:41,3,0,0,CORONA STREET NORTH & SEVENTH AVENUE EAST,1,1,1,0,1,1,,0,,0,0,0,0,0,4,2,13
,2019-52064,39.727287,-104.974101,2/11/2019 22:25,22:25,3,0,0,CORONA STREET NORTH & SEVENTH AVENUE EAST,1,3,0,0,1,1,,0,30,0,0,0,0,0,4,2,13
,2019-52065,39.711114,-104.97456,9/19/2019 8:40,8:40,4,0,0,CORONA STREET SOUTH & ALAMEDA AVENUE EAST,1,1,0,0,1,1,,0,30,0,0,0,0,0,4,1,5
,2019-52066,39.71835,-104.9745915,8/3/2019 11:35,11:35,3,0,0,CORONA STREET NORTH & SPEER BOULEVARD EAST,1,1,0,0,1,1,,0,35,0,0,0,0,0,4,2,13
,2019-52067,39.750921,-104.98995,8/23/2019 8:50,8:50,15,0,0,CURTIS STREET & 20TH STREET,1,1,0,0,1,1,,0,30,0,0,0,0,0,4,2,1
,2019-52068,39.696597,-104.966361,1/11/2019 7:35,7:35,3,0,0,MISSISSIPPI AVENUE EAST & WILLIAMS STREET SOUTH,4,1,0,2,1,1,,0,25,0,0,0,0,0,4,2,13
,2019-52069,39.676689,-104.9746095,3/13/2019 11:24,11:24,3,0,0,CORONA STREET SOUTH & WARREN AVENUE EAST,4,1,0,2,1,1,,0,25,0,0,0,0,0,4,2,13
,2019-52070,39.749031,-104.98023,7/2/2019 8:35,8:35,3,0,0,COURT PLACE & PARK AVENUE WEST,1,1,0,0,1,1,,0,25,0,0,0,0,0,4,2,13
,2019-52071,39.786426,-104.829741,2/28/2019 19:29,19:29,12,0,1,CROWN BOULEVARD NORTH & 50TH AVENUE EAST,1,3,0,0,1,1,,0,25,0,0,0,0,1,4,2,5
,2019-52072,39.786426,-104.829741,5/9/2019 7:40,7:40,13,0,1,CROWN BOULEVARD NORTH & 50TH AVENUE EAST,4,1,0,2,1,1,,0,25,0,0,0,0,1,4,2,14
,2019-52073,39.788541,-104.8282695,6/30/2019 11:39,11:39,3,0,0,CROWN BOULEVARD NORTH & 51ST AVENUE EAST,1,1,0,0,1,1,,0,25,0,0,0,0,0,4,2,3
,2019-52074,39.784167,-104.831298,11/24/2019 13:00,13:00,1,0,0,CROWN BOULEVARD NORTH & ANDREWS DRIVE EAST,1,1,0,0,1,1,,0,25,0,0,0,0,0,4,2,13
,2019-52075,39.782376,-104.832909,3/3/2019 14:56,14:56,3,0,0,CROWN BOULEVARD NORTH & BLACKHAWK WAY NORTH,5,1,0,2,1,1,,0,25,0,0,0,0,0,4,2,13
,2019-52076,39.79541831,-104.820682,2/23/2019 10:00,10:00,6,0,0,CRYSTAL WAY & 5549 NORTH,4,4,0,2,1,4,,0,25,0,0,0,0,0,4,2,13
,2019-52077,39.752874,-104.987421,10/12/2019 12:18,12:18,3,0,0,CURTIS STREET & BROADWAY STREET NORTH,1,1,0,0,1,1,,0,30,0,0,0,0,0,4,2,13
,2019-52078,39.706965,-105.036822,9/18/2019 17:09,17:09,6,0,0,CUSTER PLACE & 3750 WEST CUSTER PLACE,1,1,0,0,1,4,,0,25,0,0,0,0,0,4,2,13
,2019-52079,39.706758,-105.029829,11/7/2019 16:15,16:15,13,0,1,CUSTER PLACE WEST & IRVING STREET SOUTH,1,1,0,0,1,1,,0,25,0,0,0,1,1,4,2,3
,2019-52080,39.7593535,-104.931697,1/8/2019 9:45,9:45,6,0,0,DAHLIA STREET & 1300 BLOCK NORTH,1,1,0,0,1,4,,0,25,0,0,0,0,0,4,2,13
,2019-52081,39.736476,-104.931531,7/11/2019 11:33,11:33,3,0,0,DAHLIA STREET NORTH & 13TH AVENUE EAST,1,1,0,0,1,1,,0,25,0,0,0,0,0,4,2,14
,2019-52082,39.738276,-104.931522,9/5/2019 8:36,8:36,3,0,1,DAHLIA STREET NORTH & 14TH AVENUE EAST,1,1,0,0,1,1,,0,25,0,0,0,0,1,4,2,3
,2019-52083,39.754674,-104.931702,3/8/2019 16:49,16:49,3,0,0,DAHLIA STREET NORTH & 26TH AVENUE EAST,1,1,0,0,1,1,,0,30,0,0,0,0,0,4,2,13
,2019-52084,39.7593535,-104.931697,5/21/2019 8:20,8:20,1,0,0,DAHLIA STREET NORTH & 3200 BLOCK NORTH,2,1,0,2,1,4,,0,25,0,0,0,0,0,4,2,13
,2019-52085,39.7593535,-104.931697,3/30/2019 5:55,5:55,6,0,0,DAHLIA STREET & 3385 NORTH,2,2,0,2,1,4,,0,30,0,0,0,0,0,4,2,10