id,drcog_id,latitude,longitude,crashtime,time,crashtype,numbkilled,numbinjurd,drcoglocat,rdconditin,lightngcon,roadcntgrd,weatherco,location,roaddescrp,schoolzone,constrzone,splimit,bikeinv,sctrinv,pedinv,motoinv,svrty,rdsystem,ttlvehcls,hcf
,2019-52227,39.678426,-104.9385015,12/19/2019 17:43,17:43,1,0,1,EVANS AVENUE 4200 BLOCK EAST & ASH STREET SOUTH,1,3,0,0,1,2,,0,35,0,0,0,0,1,4,3,1
,2019-52228,39.678435,-104.98995,4/17/2019 21:44,21:44,15,0,1,EVANS AVENUE EAST & BANNOCK STREET SOUTH,1,3,0,0,1,1,,0,30,0,0,0,0,1,4,2,8
,2019-52229,39.678435,-104.98995,7/30/2019 19:00,19:00,12,0,0,EVANS AVENUE WEST & BANNOCK STREET SOUTH,1,1,0,0,1,1,,0,30,0,0,0,0,0,4,2,13
,2019-52230,39.678435,-104.98995,8/20/2019 17:00,17:00,12,0,1,EVANS AVENUE EAST & BANNOCK STREET SOUTH,1,1,0,0,1,1,,0,25,0,0,0,0,1,4,2,14
,2019-52231,39.678426,-104.93631,4/15/2019 18:00,18:00,12,0,0,EVANS AVENUE EAST & BIRCH STREET SOUTH,1,1,0,0,1,1,,0,30,0,0,0,0,0,4,2,3
,2019-52232,39.678426,-104.93631,10/16/2019 18:03,18:03,3,0,0,EVANS AVENUE EAST & BIRCH STREET SOUTH,1,2,0,0,1,1,,0,25,0,0,0,0,0,4,2,13
,2019-52233,39.678426,-104.93631,11/8/2019 12:54,12:54,1,0,0,EVANS AVENUE EAST & BIRCH STREET SOUTH,1,1,0,0,1,1,,0,45,0,0,0,0,0,4,2,13
,2019-52234,39.678498,-104.9875605,1/15/2019 7:33,7:33,15,0,0,EVANS AVENUE WEST & BROADWAY SOUTH,1,1,0,0,1,1,,0,35,0,0,0,0,0,4,2,13
,2019-52235,39.678498,-104.9875605,3/14/2019 9:40,9:40,3,0,0,EVANS AVENUE EAST & BROADWAY STREET SOUTH,6,1,0,0,1,1,,0,35,0,0,0,0,0,4,2,13
,2019-52236,39.678498,-104.9875605,3/29/2019 17:15,17:15,15,0,0,EVANS AVENUE WEST & BROADWAY STREET SOUTH,1,1,0,0,1,1,,0,25,0,0,0,0,0,4,2,1
,2019-52237,39.678498,-104.9875605,9/3/2019 8:11,8:11,12,0,0,EVANS AVENUE EAST & BROADWAY STREET SOUTH,1,1,0,0,1,1,,0,30,0,0,0,0,0,4,2,3
,2019-52238,39.678498,-104.9875605,12/1/2019 15:28,15:28,12,0,0,EVANS AVENUE EAST & BROADWAY STREET SOUTH,1,1,0,0,1,1,,0,35,0,0,0,0,0,4,2,13
,2019-52239,39.678678,-105.018021,12/12/2019 17:00,17:00,13,0,1,EVANS AVENUE WEST & BRYANT STREET SOUTH,1,1,0,0,1,1,,0,,0,0,0,0,1,4,2,13
,2019-52240,39.678543,-104.9781195,6/3/2019 19:00,19:00,12,0,0,EVANS AVENUE EAST & CLARKSON STREET SOUTH,1,1,0,0,1,1,,0,30,0,0,0,0,0,4,2,12
,2019-52241,39.67866,-105.020352,11/8/2019 7:38,7:38,10,0,0,EVANS AVENUE WEST & CLAY STREET SOUTH,1,1,0,0,1,1,,0,30,0,0,0,0,0,4,2,13
,2019-52242,39.678435,-104.9352615,2/7/2019 8:54,8:54,1,0,0,EVANS AVENUE EAST & CLERMONT STREET NORTH,10,1,1,0,1,1,,0,35,0,0,0,0,0,4,2,1
,2019-52243,39.678435,-104.9352615,4/9/2019 18:50,18:50,12,0,0,EVANS AVENUE EAST & CLERMONT STREET SOUTH,1,1,0,0,1,1,,0,30,0,0,0,0,0,4,2,13
,2019-52244,39.678435,-104.9352615,10/29/2019 18:15,18:15,5,0,0,EVANS AVENUE EAST & CLERMONT STREET SOUTH,5,3,0,2,2,1,,0,30,0,0,0,0,0,4,1,14
,2019-52245,39.678516,-104.9746005,5/14/2019 13:56,13:56,3,0,1,EVANS AVENUE EAST & CORONA STREET SOUTH,1,1,0,0,1,1,,0,25,0,0,0,0,1,4,2,12
,2019-52246,39.678453,-104.931612,1/7/2019 17:00,17:00,12,0,0,EVANS AVENUE EAST & DAHLIA STREET SOUTH,1,3,0,0,1,1,,0,30,0,0,0,0,0,4,3,12
,2019-52247,39.678453,-104.931612,5/18/2019 19:56,19:56,15,0,0,EVANS AVENUE EAST & DAHLIA STREET SOUTH,1,2,0,0,1,1,,0,35,0,0,0,0,0,4,2,7
,2019-52248,39.678453,-104.931612,6/2/2019 14:36,14:36,12,0,0,EVANS AVENUE EAST & DAHLIA STREET SOUTH,2,1,0,1,1,1,,0,35,0,0,0,0,0,4,2,13
,2019-52249,39.678453,-104.931612,8/27/2019 16:40,16:40,12,0,0,EVANS AVENUE EAST & DAHLIA STREET SOUTH,1,1,0,0,1,1,,0,30,0,0,0,0,0,4,3,3
,2019-52250,39.678453,-104.931612,9/11/2019 6:56,6:56,3,0,0,EVANS AVENUE EAST & DAHLIA STREET SOUTH,1,1,0,0,1,1,,0,35,0,0,0,0,0,4,2,7
,2019-52251,39.678453,-104.931612,10/10/2019 9:21,9:21,12,0,0,EVANS AVENUE 5000 BLOCK EAST & DAHLIA STREET SOUTH,5,1,0,2,1,4,,0,35,0,0,0,0,0,4,2,13
,2019-52252,39.678453,-104.931612,12/16/2019 13:50,13:50,15,0,0,EVANS AVENUE EAST & DAHLIA STREET SOUTH,1,1,0,0,1,3,,0,30,0,0,0,0,0,4,2,1
,2019-52253,39.678507,-104.9734395,5/4/2019 23:53,23:53,3,0,0,EVANS AVENUE EAST & DOWNING STREET SOUTH,1,3,0,0,1,1,,0,35,0,0,0,0,0,4,2,13
,2019-52254,39.678507,-104.9734395,5/13/2019 8:12,8:12,3,0,1,EVANS AVENUE EAST & DOWNING STREET SOUTH,1,1,0,0,1,1,,0,35,0,0,0,0,1,4,2,1
,2019-52255,39.678507,-104.9734395,7/30/2019 6:47,6:47,12,0,0,EVANS AVENUE EAST & DOWNING AVENUE SOUTH,1,1,0,0,1,3,,0,35,0,0,0,0,0,4,2,13
,2019-52256,39.678507,-104.9734395,10/8/2019 10:35,10:35,3,0,0,EVANS AVENUE EAST & DOWNING STREET SOUTH,1,1,0,0,1,1,,0,30,0,0,0,0,0,4,3,1
,2019-52257,39.659058,-104.9273505,1/12/2019 14:22,14:22,15,0,0,EVANS AVENUE EAST & FOREST STREET SOUTH,2,1,0,0,1,1,,0,35,0,0,0,0,0,4,2,13
,2019-52258,39.678489,-104.9687415,2/7/2019 20:17,20:17,3,0,0,EVANS AVENUE EAST & FRANKLIN STREET SOUTH,10,3,0,0,1,1,,0,30,0,0,0,0,0,4,2,13
,2019-52259,39.678489,-104.9687415,4/11/2019 8:47,8:47,1,0,0,EVANS AVENUE EAST & FRANKLIN STREET SOUTH,6,1,0,0,1,1,,0,30,0,0,0,0,0,4,2,13
,2019-52260,39.678489,-104.9687415,10/25/2019 13:59,13:59,3,0,0,EVANS AVENUE EAST & FRANKLIN STREET SOUTH,1,1,0,0,1,1,,0,30,0,0,0,0,0,4,3,14
,2019-52261,39.678426,-104.995971,9/21/2019 0:10,0:10,1,0,0,EVANS AVENUE WEST & GALAPAGO STREET SOUTH,1,3,1,0,1,1,,0,30,0,0,0,0,0,4,2,8
,2019-52262,39.678489,-104.9675805,3/8/2019 15:45,15:45,3,0,0,EVANS AVENUE EAST & GILPIN STREET SOUTH,1,1,0,0,1,1,,0,10,0,0,0,0,0,4,2,13
,2019-52263,39.678489,-104.9675805,4/14/2019 16:05,16:05,12,0,0,EVANS AVENUE EAST & GILPIN STREET SOUTH,1,1,0,0,1,1,,0,35,0,0,0,0,0,4,2,3
,2019-52264,39.678444,-104.9251905,1/18/2019 16:57,16:57,1,0,0,EVANS AVENUE EAST & GRAPE STREET SOUTH,2,2,0,2,1,1,,0,35,0,0,0,0,0,4,2,13
,2019-52265,39.678489,-104.9652315,6/16/2019 12:09,12:09,3,0,0,EVANS AVENUE EAST & HIGH STREET SOUTH,1,1,0,0,1,1,,0,30,0,0,0,0,0,4,2,13
,2019-52266,39.678489,-104.9652315,11/27/2019 8:41,8:41,12,0,0,EVANS AVENUE EAST & HIGH STREET SOUTH,5,1,0,0,1,3,,0,,0,0,0,0,0,4,2,13
,2019-52267,39.678453,-104.9222295,1/8/2019 17:50,17:50,15,0,0,EVANS AVENUE EAST & HOLLY STREET SOUTH,1,3,0,0,1,1,,0,25,0,0,0,0,0,4,2,7
,2019-52268,39.678453,-104.9222295,3/7/2019 8:00,8:00,3,0,1,EVANS AVENUE EAST & HOLLY STREET SOUTH,2,1,0,0,1,1,,0,35,0,0,0,0,1,4,2,13
,2019-52269,39.678453,-104.9222295,6/15/2019 22:10,22:10,15,0,0,EVANS AVENUE EAST & HOLLY STREET SOUTH,1,3,0,0,1,1,,0,60,0,0,0,0,0,4,2,13
,2019-52270,39.678453,-104.9222295,7/3/2019 9:33,9:33,15,0,0,EVANS AVENUE EAST & HOLLY STREET SOUTH,1,1,0,0,1,1,,0,30,0,0,0,0,0,4,2,7
,2019-52271,39.678453,-104.9222295,7/16/2019 13:55,13:55,12,0,1,EVANS AVENUE EAST 5600 BLOCK & HOLLY STREET SOUTH,1,1,0,0,1,4,,0,35,0,0,0,0,1,4,3,3
,2019-52272,39.678453,-104.920992,5/16/2019 15:07,15:07,12,0,0,EVANS AVENUE EAST & IVANHOE STREET SOUTH,1,1,1,0,1,1,,0,30,0,0,0,0,0,4,4,13
,2019-52273,39.678444,-104.9187915,8/29/2019 7:10,7:10,12,0,0,EVANS AVENUE EAST & JASMINE STREET SOUTH,1,1,0,0,1,1,,0,35,0,0,0,0,0,4,2,13
,2019-52274,39.678462,-104.9579415,5/3/2019 14:13,14:13,3,0,0,EVANS AVENUE EAST & JOSEPHINE STREET SOUTH,1,1,0,0,1,1,,0,35,0,0,0,0,0,4,2,13
,2019-52275,39.678462,-104.9579415,5/17/2019 5:17,5:17,3,0,0,EVANS AVENUE EAST & JOSEPHINE STREET SOUTH,1,1,0,0,1,1,,0,30,0,0,0,0,0,4,2,14
,2019-52276,39.678462,-104.9579415,10/7/2019 16:52,16:52,3,0,0,EVANS AVENUE EAST & JOSEPHINE STREET SOUTH,1,1,0,0,1,1,,0,20,0,0,0,0,0,4,2,7
,2019-52277,39.678507,-105.0006105,4/5/2019 9:39,9:39,10,0,0,EVANS AVENUE WEST & KALAMATH STREET SOUTH,1,1,0,0,1,1,,0,35,0,0,0,0,0,4,2,13
,2019-52278,39.678498,-104.9710995,12/4/2019 15:45,15:45,12,0,1,EVANS AVENUE EAST & LAFAYETTE STREET SOUTH,1,1,0,0,1,3,,0,35,0,0,0,0,1,4,2,1
,2019-52279,39.678462,-104.915952,2/11/2019 17:00,17:00,1,0,0,EVANS AVENUE EAST & LEYDEN STREET SOUTH,1,3,0,0,1,1,,0,30,0,0,0,0,0,4,2,13
,2019-52280,39.678462,-104.915952,7/6/2019 13:05,13:05,12,0,4,EVANS AVENUE EAST & LEYDEN STREET SOUTH,1,1,0,0,1,1,,0,30,0,0,0,0,1,4,2,3
,2019-52281,39.678534,-104.986359,1/7/2019 12:55,12:55,10,0,0,EVANS AVENUE EAST & LINCOLN STREET SOUTH,1,1,0,0,1,1,,0,30,0,0,0,0,0,4,2,13
,2019-52282,39.678534,-104.986359,4/15/2019 14:00,14:00,3,0,0,EVANS AVENUE EAST & LINCOLN STREET SOUTH,1,1,0,0,1,1,,0,25,0,0,0,0,0,4,2,13
,2019-52283,39.678534,-104.986359,5/28/2019 14:50,14:50,15,0,0,EVANS AVENUE EAST & LINCOLN STREET SOUTH,1,1,0,0,1,3,,0,35,0,0,0,0,0,4,2,13
,2019-52284,39.678534,-104.986359,11/4/2019 7:45,7:45,12,0,1,EVANS AVENUE EAST & LINCOLN STREET SOUTH,1,1,0,0,1,1,,0,35,0,0,0,0,1,4,2,13
,2019-52285,39.678516,-105.001758,3/9/2019 6:38,6:38,12,0,0,EVANS AVENUE WEST & LIPAN STREET SOUTH,1,1,1,0,1,1,,0,30,0,0,0,0,0,4,2,13
,2019-52286,39.678516,-105.001758,3/20/2019 21:00,21:00,3,0,0,EVANS AVENUE WEST & LIPAN STREET SOUTH,1,3,0,0,1,1,,0,35,0,0,0,0,0,4,2,13
,2019-52287,39.678516,-105.001758,11/27/2019 11:25,11:25,3,0,0,EVANS AVENUE EAST & LIPAN STREET SOUTH,4,1,0,0,1,3,,0,,0,0,0,0,0,4,2,13
,2019-52288,39.678561,-104.9828715,1/6/2019 9:37,9:37,3,0,2,EVANS AVENUE EAST & LOGAN STREET SOUTH,1,1,0,0,1,1,,0,30,0,0,0,0,2,4,2,13
,2019-52289,39.678561,-104.9828715,5/11/2019 1:18,1:18,3,0,1,EVANS AVENUE EAST & LOGAN STREET SOUTH,1,3,0,0,1,1,,0,30,0,0,0,0,1,4,2,13
,2019-52290,39.678561,-104.9828715,7/13/2019 15:26,15:26,3,0,0,EVANS AVENUE EAST & LOGAN STREET SOUTH,1,1,0,0,1,1,,0,35,0,0,0,0,0,4,2,13
,2019-52291,39.678561,-104.9828715,9/12/2019 12:35,12:35,3,0,2,EVANS AVENUE EAST & LOGAN STREET SOUTH,1,1,0,0,1,1,,0,30,0,0,0,0,2,4,2,13
,2019-52292,39.678579,-105.0343605,8/5/2019 12:59,12:59,12,0,0,EVANS AVENUE WEST & LOWELL BOULEVARD SOUTH,1,1,0,0,1,1,,0,30,0,0,0,0,0,4,2,3
,2019-52293,39.678507,-104.972283,5/8/2019 11:00,11:00,12,0,0,EVANS AVENUE EAST & MARION STREET SOUTH,2,1,0,0,1,1,,0,35,0,0,0,0,0,4,2,3
,2019-52294,39.678453,-104.9081895,5/28/2019 16:05,16:05,15,0,0,EVANS AVENUE EAST & ONEIDA STREET SOUTH,1,1,0,0,1,1,,0,35,0,0,0,0,0,4,2,14
,2019-52295,39.678453,-104.9081895,8/18/2019 21:10,21:10,1,0,0,EVANS AVENUE EAST & ONEIDA STREET SOUTH,1,4,0,0,1,1,,0,35,0,0,0,0,0,4,2,13
,2019-52296,39.679515,-105.0393825,7/14/2019 2:37,2:37,5,0,0,EVANS AVENUE WEST & PASEO WAY SOUTH,1,3,0,0,3,1,,0,25,0,0,0,0,0,4,2,5
,2019-52297,39.679749,-105.040368,9/1/2019 10:24,10:24,1,0,0,EVANS AVENUE WEST & PERRY WAY SOUTH,1,1,0,0,1,1,,0,30,0,0,0,0,0,4,2,13
,2019-52298,39.67848,-104.998509,6/14/2019 9:49,9:49,1,0,1,EVANS AVENUE WEST & PLATTE RIVER DRIVE SOUTH,1,1,0,0,1,1,,0,35,0,0,0,0,1,4,2,13
,2019-52300,39.678642,-105.008661,3/21/2019 11:58,11:58,15,0,0,EVANS AVENUE WEST & RARITAN STREET WEST,1,1,1,0,1,1,,0,25,0,0,0,0,0,4,2,13
,2019-52301,39.678552,-104.9852205,7/19/2019 5:23,5:23,1,0,0,EVANS AVENUE EAST & SHERMAN STREET SOUTH,1,2,0,0,1,1,,0,35,0,0,0,0,0,4,2,13
,2019-52302,39.678552,-104.9852205,8/20/2019 19:30,19:30,1,0,1,EVANS AVENUE EAST & SHERMAN STREET SOUTH,1,1,0,0,1,1,,0,35,0,0,0,0,2,4,2,14
,2019-52303,39.678552,-104.9852205,9/26/2019 14:22,14:22,3,0,1,EVANS AVENUE EAST & SHERMAN STREET SOUTH,1,1,0,0,1,1,,0,35,0,0,0,0,1,4,2,14
,2019-52304,39.678381,-104.950809,6/18/2019 8:47,8:47,1,0,0,EVANS AVENUE EAST & STREET PAUL STREET SOUTH,1,1,0,0,1,1,,0,35,0,0,0,0,0,4,3,13
,2019-52305,39.678381,-104.950809,7/11/2019 12:59,12:59,1,0,1,EVANS AVENUE EAST & STREET PAUL STREET SOUTH,1,1,0,0,1,1,,0,35,0,0,0,0,1,4,2,13
,2019-52306,39.678381,-104.950809,10/10/2019 8:46,8:46,3,0,0,EVANS AVENUE EAST & STREET PAUL STREET SOUTH,4,1,0,2,1,1,,0,35,0,0,0,0,0,4,2,7
,2019-52307,39.679704,-105.043149,11/4/2019 20:38,20:38,8,0,1,EVANS AVENUE WEST & STUART STREET SOUTH,1,3,0,0,1,3,,0,30,0,0,0,0,1,4,2,2
,2019-52308,39.67866,-105.011028,1/22/2019 9:20,9:20,3,0,1,EVANS AVENUE WEST & TEJON STREET SOUTH,1,1,0,0,1,1,,0,30,0,0,0,0,2,4,3,13
,2019-52309,39.67866,-105.011028,3/7/2019 6:00,6:00,1,0,2,EVANS AVENUE WEST & TEJON STREET SOUTH,5,3,1,0,1,1,,0,35,0,0,0,0,1,4,2,7
,2019-52310,39.67866,-105.011028,4/13/2019 13:55,13:55,3,0,0,EVANS AVENUE WEST & TEJON STREET SOUTH,1,1,1,0,1,1,,0,35,0,0,0,0,0,4,2,7
,2019-52311,39.679578,-105.0440895,6/27/2019 7:51,7:51,3,0,1,EVANS AVENUE WEST & TENNYSON STREET SOUTH,1,1,0,0,1,1,,0,30,0,0,0,0,2,4,2,13
,2019-52312,39.678372,-104.9593995,2/7/2019 18:14,18:14,3,0,1,EVANS AVENUE EAST & UNIVERSITY BOULEVARD SOUTH,4,3,0,0,1,1,,0,30,0,0,0,0,1,4,2,14
,2019-52314,39.678372,-104.9593995,2/18/2019 9:10,9:10,1,0,1,EVANS AVENUE EAST & UNIVERSITY BOULEVARD SOUTH,5,1,0,0,1,1,,0,35,0,0,0,0,1,4,2,7
,2019-52315,39.678372,-104.9593995,3/27/2019 11:02,11:02,12,0,0,EVANS AVENUE EAST & UNIVERSITY BOULEVARD SOUTH,1,1,0,0,1,1,,0,30,0,0,0,0,0,4,3,13
,2019-52316,39.678372,-104.9593995,5/14/2019 12:48,12:48,3,0,0,EVANS AVENUE EAST & UNIVERSITY BOULEVARD SOUTH,1,1,0,0,1,1,,0,30,0,0,0,0,0,4,2,13
,2019-52317,39.678372,-104.9593995,11/9/2019 1:01,1:01,1,0,0,EVANS AVENUE EAST & UNIVERSITY BOULEVARD SOUTH,1,3,0,0,1,1,,0,35,0,0,0,0,0,4,3,13
,2019-52318,39.678372,-104.9593995,12/12/2019 7:00,7:00,3,0,0,EVANS AVENUE EAST & UNIVERSITY BOULEVARD SOUTH,1,1,0,0,1,1,,0,30,0,0,0,0,0,4,2,13
,2019-52319,39.678678,-105.01335,7/16/2019 13:37,13:37,1,0,1,EVANS AVENUE WEST & VALLEJO STREET SOUTH,1,1,0,0,1,1,,0,35,0,0,0,0,1,4,2,3
,2019-52320,39.679272,-105.045939,3/5/2019 12:11,12:11,12,0,0,EVANS AVENUE WEST & VRAIN STREET SOUTH,1,1,0,0,1,3,,0,30,0,0,0,0,0,4,3,7
,2019-52321,39.678543,-104.979321,5/3/2019 14:20,14:20,3,0,0,EVANS AVENUE EAST & WASHINGTON STREET SOUTH,1,1,0,0,1,1,,0,25,0,0,0,0,0,4,2,13
,2019-52322,39.678543,-104.979321,9/27/2019 9:53,9:53,12,0,0,EVANS AVENUE EAST & WASHINGTON STREET SOUTH,1,1,0,0,1,3,,0,35,0,0,0,0,0,4,2,13
,2019-52323,39.7219646,-104.9681591,10/3/2019 14:17,14:17,6,0,0,FRANKLIN STREET NORTH & 1500 BLOCK NORTH,1,1,0,0,1,4,,0,25,0,0,0,0,0,4,2,7
,2019-52324,39.678498,-104.9664015,10/8/2019 11:16,11:16,3,0,1,EVANS AVENUE EAST & WILLIAMS STREET SOUTH,1,1,0,0,1,1,,0,25,0,0,0,0,2,4,2,7
,2019-52325,39.679146,-105.048018,3/19/2019 12:10,12:10,8,0,0,EVANS AVENUE WEST & WOLFF STREET SOUTH,1,1,0,0,1,1,,0,35,0,0,0,0,0,4,2,13
,2019-52326,39.678696,-105.015681,3/29/2019 19:38,19:38,1,0,0,EVANS AVENUE WEST & ZUNI STREET SOUTH,2,3,0,2,1,1,,0,35,0,0,0,0,0,4,4,8
,2019-52327,39.678696,-105.015681,3/29/2019 20:50,20:50,3,0,1,EVANS AVENUE WEST & ZUNI STREET SOUTH,2,3,0,1,1,1,,0,30,0,0,0,0,2,4,2,5
,2019-52328,39.704562,-104.9568671,6/29/2019 3:51,3:51,6,0,0,EXPOSITION AVENUE EAST & 6100 BLOCK EAST,1,3,0,0,1,4,,0,25,0,0,0,0,0,4,3,5
,2019-52329,39.704562,-104.9568671,7/1/2019 18:00,18:00,6,0,0,EXPOSITION AVENUE EAST & 6700 BLOCK EAST,1,1,0,0,1,4,,0,25,0,0,0,0,0,4,2,3
,2019-52330,39.70384647,-104.9488559,9/28/2019 4:08,4:08,5,0,1,EXPOSITION AVENUE EAST & BELCARO DRIVE EAST,1,3,0,0,2,1,,0,40,0,0,0,0,2,4,1,5
,2019-52331,39.703887,-105.0226785,10/19/2019 17:12,17:12,3,0,0,EXPOSITION AVENUE WEST & DECATUR STREET SOUTH,1,1,0,0,1,1,,0,30,0,0,0,0,0,4,2,13
,2019-52332,39.703851,-104.917554,1/29/2019 15:00,15:00,8,0,0,EXPOSITION AVENUE EAST & KEARNEY STREET SOUTH,5,1,0,0,1,1,,0,25,0,0,0,0,0,4,2,13
,2019-52333,39.703968,-105.010992,6/26/2019 19:50,19:50,3,0,0,EXPOSITION AVENUE WEST & TEJON STREET SOUTH,1,1,0,0,1,1,,0,25,0,0,0,0,0,4,2,13
,2019-52334,39.70386,-104.95935,7/13/2019 19:02,19:02,1,0,0,EXPOSITION AVENUE EAST & UNIVERSITY BOULEVARD SOUTH,2,1,0,1,1,1,,0,30,0,0,0,0,0,4,3,13
,2019-52335,39.70395,-105.013332,9/20/2019 16:28,16:28,1,0,1,EXPOSITION AVENUE WEST & VALLEJO STREET SOUTH,1,1,0,0,1,1,,0,25,0,0,0,0,1,4,2,3
,2019-52336,39.70386,-104.9605515,1/24/2019 16:00,16:00,3,0,0,EXPOSITION AVENUE EAST & YORK STREET SOUTH,5,2,0,0,1,1,,0,25,0,0,0,0,0,4,2,7
,2019-52337,39.71133,-104.8929075,1/9/2019 17:36,17:36,3,0,0,FAIRMOUNT DRIVE & ALAMEDA AVENUE EAST,1,3,1,0,1,1,,0,45,0,0,0,0,0,4,2,13
,2019-52338,39.71133,-104.8929075,9/10/2019 18:33,18:33,1,0,0,FAIRMOUNT DRIVE EAST & ALAMEDA AVENUE EAST,1,1,0,0,1,1,,0,35,0,0,0,0,0,4,2,7
,2019-52339,39.71133,-104.8929075,12/2/2019 9:30,9:30,12,0,1,FAIRMONT DRIVE EAST & ALAMEDA AVENUE EAST,6,1,0,0,1,4,,0,25,0,0,0,0,1,4,2,14
,2019-52340,39.717081,-104.8955512,10/16/2019 7:49,7:49,3,0,0,FAIRMOUNT DRIVE EAST & LOWRY BOULEVARD EAST,1,1,0,0,1,6,,0,30,0,0,0,0,0,4,2,13
,2019-52341,39.7057365,-104.8904797,2/6/2019 16:17,16:17,12,0,0,FAIRMOUNT DRIVE EAST & VALENTIA STREET SOUTH,5,2,2,2,1,6,,0,20,0,0,0,0,0,4,6,14
,2019-52342,39.76182662,-104.9536485,9/4/2019 7:33,7:33,3,0,0,FILLMORE STREET NORTH & 1600 BLOCK NORTH,1,1,1,0,1,2,,0,25,0,0,0,0,0,4,2,14
,2019-52343,39.741993,-104.95359,1/10/2019 7:25,7:25,6,0,0,FILLMORE STREET NORTH & 16TH AVENUE EAST,1,1,0,0,1,2,,0,20,0,0,0,0,0,4,2,7
,2019-52344,39.72411,-104.9534235,9/13/2019 15:37,15:37,3,0,0,FILLMORE STREET NORTH & FIFTH AVENUE EAST,1,1,0,0,1,1,,0,30,0,0,0,0,0,4,2,3
,2019-52345,39.694743,-104.953509,4/2/2019 7:50,7:50,3,0,0,FILLMORE STREET SOUTH & ARIZONA AVENUE EAST,1,1,0,0,1,1,,0,25,0,0,0,0,0,4,2,3
,2019-52346,39.692943,-104.953518,8/8/2019 12:37,12:37,3,0,0,FILLMORE STREET SOUTH & LOUISIANA AVENUE EAST,1,1,0,0,1,1,,0,25,0,0,0,0,0,4,2,13
,2019-52347,39.784689,-104.7611385,9/23/2019 17:49,17:49,15,0,0,FLANDERS WAY NORTH & 48TH PLACE EAST,1,1,0,0,1,1,,0,25,0,0,0,0,0,4,2,14
,2019-52348,39.689316,-104.9522526,8/18/2019 13:30,13:30,12,0,0,FLORIDA AVENUE EAST & 3100 BLOCK EAST,1,1,0,0,1,4,,0,25,0,0,0,0,0,4,2,13
,2019-52349,39.689316,-104.9522526,1/5/2019 10:58,10:58,3,0,0,FLORIDA AVENUE & 5125 BLOCK WEST,1,1,0,0,1,2,,0,30,0,0,0,0,0,4,2,13
,2019-52350,39.689316,-104.9522526,3/9/2019 14:30,14:30,3,0,0,FLORIDA AVENUE & 5125 WEST,1,1,0,0,1,2,,0,,0,0,0,0,0,4,2,7
,2019-52351,39.689316,-104.936211,1/17/2019 12:16,12:16,12,0,0,FLORIDA AVENUE EAST & BIRCH STREET SOUTH,1,1,0,0,1,1,,0,30,0,0,0,0,0,4,2,13
,2019-52352,39.71623256,-104.9570665,11/22/2019 8:50,8:50,3,0,1,FLORIDA VE EAST & CHERRY CREEK NORTH DRIVE EAST,5,1,0,2,1,1,,0,30,0,0,0,0,1,4,2,13
,2019-52353,39.689523,-105.020361,10/15/2019 14:30,14:30,3,0,2,FLORIDA AVENUE WEST & CLAY STREET SOUTH,1,1,0,0,1,1,,0,30,0,0,0,0,2,4,2,13
,2019-52354,39.689334,-104.931702,6/24/2019 14:40,14:40,12,0,0,FLORIDA AVENUE EAST & DAHLIA STREET SOUTH,1,1,0,0,1,1,,0,25,0,0,0,0,0,4,2,13
,2019-52355,39.689334,-104.931702,9/9/2019 18:50,18:50,3,0,2,FLORIDA AVENUE EAST & DAHLIA STREET SOUTH,1,1,0,0,1,1,,0,25,0,0,0,0,1,4,2,13
,2019-52356,39.689334,-104.930532,3/6/2019 9:15,9:15,12,0,0,FLORIDA AVENUE EAST & EUDORA STREET SOUTH,1,1,0,0,1,1,,0,25,0,0,0,0,0,4,2,13
,2019-52357,39.689307,-104.944203,10/15/2019 8:15,8:15,12,0,2,FLORIDA AVENUE EAST & GARFIELD STREET SOUTH,1,1,0,0,1,1,,0,25,0,0,0,0,1,4,2,13
,2019-52359,39.689352,-104.9223105,12/11/2019 7:26,7:26,1,0,0,FLORIDA AVENUE EAST & HOLLY STREET SOUTH,1,1,0,0,1,1,,0,30,0,0,0,0,0,4,3,7
,2019-52360,39.689469,-105.029712,1/8/2019 16:06,16:06,1,0,1,FLORIDA AVENUE WEST & IRVING STREET SOUTH,1,1,0,0,1,1,,0,30,0,0,0,0,2,4,2,3
,2019-52361,39.689469,-105.029712,3/15/2019 13:58,13:58,3,0,0,FLORIDA AVENUE WEST & IRVING STREET SOUTH,1,1,0,0,1,1,,0,25,0,0,0,1,0,4,2,3
,2019-52362,39.689469,-105.029712,10/24/2019 11:57,11:57,3,0,0,FLORIDA AVENUE WEST & IRVING STREET SOUTH,1,1,0,0,1,1,,0,25,0,0,0,0,0,4,2,13
,2019-52363,39.689469,-105.029712,12/17/2019 10:06,10:06,3,0,0,FLORIDA AVENUE WEST & IRVING STREET SOUTH,1,1,0,0,1,1,,0,25,0,0,0,0,0,4,2,3
,2019-52364,39.689298,-104.9430285,11/6/2019 17:30,17:30,3,0,2,FLORIDA AVENUE EAST & JACKSON STREET SOUTH,2,3,0,1,1,1,,1,25,0,0,0,0,2,4,2,13
,2019-52365,39.689352,-104.914053,2/25/2019 17:20,17:20,3,0,0,FLORIDA AVENUE EAST & LOCUST STREET SOUTH,4,4,0,0,1,1,,0,30,0,0,0,0,0,4,3,13
,2019-52366,39.689397,-104.9827905,12/16/2019 12:05,12:05,3,0,0,FLORIDA AVENUE EAST & LOGAN STREET SOUTH,1,1,0,0,1,1,,0,25,0,0,0,0,0,4,2,13