id,drcog_id,latitude,longitude,crashtime,time,crashtype,numbkilled,numbinjurd,drcoglocat,rdconditin,lightngcon,roadcntgrd,weatherco,location,roaddescrp,schoolzone,constrzone,splimit,bikeinv,sctrinv,pedinv,motoinv,svrty,rdsystem,ttlvehcls,hcf
,2019-52367,39.689451,-105.0343605,6/26/2019 14:42,14:42,3,0,0,FLORIDA AVENUE WEST & LOWELL BOULEVARD SOUTH,1,1,1,0,1,1,,0,30,0,0,0,0,0,4,4,3
,2019-52368,39.689451,-105.0343605,10/20/2019 10:20,10:20,3,0,0,FLORIDA AVENUE WEST & LOWELL BOULEVARD SOUTH,1,1,0,0,1,1,,0,30,0,0,0,0,0,4,2,13
,2019-52369,39.689226,-105.0003,1/18/2019 6:04,6:04,1,0,0,FLORIDA AVENUE WEST & PLATTE RIVER DRIVE SOUTH,1,3,0,0,1,1,,0,30,0,0,0,0,0,4,2,13
,2019-52370,39.689226,-105.0003,8/5/2019 7:56,7:56,1,0,0,FLORIDA AVENUE WEST & PLATTE RIVER DRIVE SOUTH,1,1,0,0,1,1,,0,25,0,0,0,0,0,4,2,1
,2019-52371,39.689325,-104.896719,9/6/2019 18:19,18:19,3,0,0,FLORIDA AVENUE EAST & QUEBEC WAY SOUTH,1,1,0,0,1,1,,0,25,0,0,0,0,0,4,4,13
,2019-52372,39.689343,-104.9035995,11/25/2019 16:57,16:57,3,0,1,FLORIDA AVENUE EAST & QUEBEC STREET SOUTH,2,5,0,1,1,1,,0,25,0,0,0,0,1,4,2,13
,2019-52373,39.689487,-105.04107,6/20/2019 22:26,22:26,12,0,1,FLORIDA AVENUE WEST & QUITMAN STREET SOUTH,1,3,0,0,1,3,,0,,0,0,0,0,1,4,2,13
,2019-52374,39.689487,-105.008778,5/20/2019 7:27,7:27,5,0,1,FLORIDA AVENUE WEST & RARITAN STREET SOUTH,2,1,0,1,3,1,,0,30,0,0,0,0,1,4,1,5
,2019-52375,39.689316,-104.9512185,12/10/2019 15:23,15:23,13,0,1,FLORIDA AVENUE EAST & STREET PAUL STREET SOUTH,1,1,0,0,1,1,,0,,0,0,0,0,1,4,2,13
,2019-52376,39.689532,-105.01569,1/30/2019 8:25,8:25,3,0,0,FLORIDA AVENUE WEST & ZUNI STREET SOUTH,1,2,1,0,1,1,,0,30,0,0,0,0,0,4,2,13
,2019-52377,39.689532,-105.01569,8/5/2019 9:23,9:23,3,0,0,FLORIDA AVENUE WEST & ZUNI STREET SOUTH,1,1,0,0,1,1,,0,30,0,0,0,0,0,4,2,13
,2019-52378,39.78441,-104.813532,9/28/2019 16:20,16:20,3,0,0,FONTANA COURT NORTH & GATEWAY AVENUE EAST,1,1,0,0,1,1,,0,35,0,0,0,0,0,4,2,5
,2019-52379,39.78441,-104.813532,10/1/2019 17:39,17:39,3,0,0,FONTANA COURT NORTH & GATEWAY AVENUE EAST,2,2,0,1,1,1,,0,30,0,0,0,0,0,4,2,13
,2019-52380,39.716226,-104.926941,9/23/2019 1:09,1:09,6,0,0,FOREST STREET & 1135 NORTH FOREST STREET,1,4,0,0,1,4,,0,25,0,0,0,0,0,4,2,3
,2019-52381,39.738294,-104.9268825,1/21/2019 7:24,7:24,3,0,1,FOREST STREET NORTH & 14TH AVENUE EAST,1,1,0,0,1,1,,0,30,0,0,0,0,2,4,2,13
,2019-52382,39.702177,-105.0391215,8/8/2019 23:30,23:30,6,0,0,PATTON STREET SOUTH & OHIO AVENUE WEST,1,3,0,0,1,4,,0,25,0,0,0,1,0,4,3,12
,2019-52383,39.769407,-104.999418,11/22/2019 10:42,10:42,6,0,0,JASON STREET NORTH & 38TH AVENUE WEST,5,1,1,2,1,1,,0,25,0,0,0,0,0,4,2,13
,2019-52384,39.751047,-104.92695,1/7/2019 13:35,13:35,3,0,0,FOREST STREET NORTH & 23RD AVENUE EAST,1,1,0,0,1,3,,0,25,0,0,0,0,0,4,2,13
,2019-52385,39.769227,-104.9269725,1/23/2019 8:59,8:59,3,0,0,FOREST STREET NORTH & 38TH AVENUE EAST,1,1,0,0,1,1,,0,30,0,0,0,0,0,4,2,3
,2019-52386,39.711177,-104.926959,10/15/2019 8:45,8:45,3,0,1,FOREST STREET SOUTH & ALAMEDA AVENUE EAST,1,1,0,0,1,1,,0,25,0,0,0,0,1,4,2,7
,2019-52387,39.78236116,-104.9613411,4/14/2019 15:31,15:31,6,0,0,GAYLORD STREET & 1300 BLOCK NORTH,1,1,0,0,1,4,,0,30,0,0,0,0,0,4,2,13
,2019-52388,39.676617,-104.995962,2/14/2019 10:40,10:40,3,0,0,FOX GALAPAGO ALY SOUTH & WARREN AVENUE WEST,1,1,0,0,1,1,,0,,0,0,0,0,0,4,2,1
,2019-52389,39.738456,-104.9953095,8/27/2019 7:10,7:10,10,0,0,FOX STREET NORTH & 14TH AVENUE WEST,1,1,0,0,1,1,,0,35,0,0,0,0,0,4,2,13
,2019-52390,39.738456,-104.9953095,9/10/2019 17:30,17:30,3,0,0,FOX STREET NORTH & 14TH AVENUE WEST,1,1,0,0,1,1,,0,25,0,0,0,0,0,4,2,13
,2019-52391,39.76069805,-104.9953647,11/1/2019 8:17,8:17,8,0,1,FOX STREET 3100 BLOCK NORTH & 31ST AVENUE WEST,5,1,0,0,1,4,,0,25,0,0,0,0,1,4,2,14
,2019-52392,39.770514,-104.9948325,8/28/2019 18:30,18:30,3,0,0,FOX STREET NORTH & 39TH AVENUE WEST,1,2,0,0,1,1,,0,35,0,0,0,0,0,4,2,3
,2019-52393,39.77658,-104.994801,5/21/2019 15:41,15:41,3,0,0,FOX STREET NORTH & 44TH AVENUE WEST,1,1,1,0,1,1,,0,30,0,0,0,0,0,4,2,13
,2019-52394,39.72651767,-104.995188,6/6/2019 17:28,17:28,12,0,0,FOX STREET & 5100 BLOCK NORTH,1,1,0,0,1,4,,0,25,0,0,0,0,0,4,2,13
,2019-52395,39.728925,-104.9952195,2/8/2019 15:54,15:54,3,0,0,FOX STREET NORTH & EIGHTH AVENUE WEST,4,1,0,2,1,1,,0,25,0,0,0,0,0,4,2,13
,2019-52396,39.725478,-105.0361785,1/28/2019 15:09,15:09,3,0,1,SIXTH AVENUE FRONTAGE ROAD WEST & MEADE STREET NORTH,2,1,0,2,1,1,,0,25,0,0,0,0,1,4,2,5
,2019-52397,39.725487,-105.0394095,2/22/2019 8:07,8:07,3,0,0,SIXTH AVENUE SOUTH FRONTAGE ROAD  & PERRY STREET NORTH,1,1,0,0,1,1,,0,25,0,0,0,0,0,4,2,14
,2019-52398,39.736845,-104.9684625,7/15/2019 8:23,8:23,12,0,0,FRANKLIN STREET NORTH & 13TH AVENUE EAST,1,1,0,0,1,1,,0,30,0,0,0,0,0,4,2,1
,2019-52399,39.738402,-104.96844,12/10/2019 17:15,17:15,1,0,1,FRANKLIN STREET NORTH & 14TH AVENUE EAST,1,3,0,0,1,1,,0,30,0,0,0,0,1,4,2,13
,2019-52400,39.7219646,-104.9681591,9/9/2019 8:55,8:55,12,0,1,FRANKLIN STREET NORTH & 2200 BLOCK NORTH,1,1,0,0,1,3,,0,25,0,0,0,0,1,4,2,3
,2019-52401,39.749463,-104.968431,12/3/2019 8:30,8:30,3,0,0,FRANKLIN STREET NORTH & 22ND AVENUE EAST,5,1,0,0,1,1,,0,25,0,0,0,0,0,4,2,1
,2019-52402,39.750705,-104.968413,9/11/2019 14:05,14:05,3,0,0,FRANKLIN STREET NORTH & 23RD AVENUE EAST,1,1,0,0,1,1,,0,25,0,0,0,0,0,4,2,1
,2019-52403,39.751983,-104.9684085,5/21/2019 16:52,16:52,3,0,0,FRANKLIN STREET NORTH & 24TH AVENUE EAST,1,1,0,0,1,1,,0,30,0,0,0,0,0,4,2,13
,2019-52404,39.758247,-104.9683815,9/12/2019 7:31,7:31,3,0,0,FRANKLIN STREET NORTH & 29TH AVENUE EAST,1,1,0,0,1,1,,0,25,0,0,0,0,0,4,2,3
,2019-52405,39.792726,-104.9682825,12/6/2019 7:43,7:43,10,0,0,FRANKLIN STREET 5300 BLOCK NORTH & 53RD AVENUE,5,1,1,0,1,4,,0,35,0,0,0,0,0,4,2,13
,2019-52406,39.711123,-104.968692,1/26/2019 16:40,16:40,3,0,0,FRANKLIN STREET SOUTH & ALAMEDA AVENUE EAST,1,1,0,0,1,1,,0,25,0,0,0,0,0,4,2,12
,2019-52407,39.764502,-104.9683815,10/3/2019 7:55,7:55,13,0,1,FRANKLIN STREET NORTH & BRUCE RANDOLPH AVENUE EAST,1,1,0,0,1,1,,0,30,0,0,0,0,1,4,2,13
,2019-52408,39.692961,-104.968728,3/18/2019 15:13,15:13,12,0,0,FRANKLIN STREET 1300 BLOCK SOUTH & LOUISIANA AVENUE EAST,1,1,0,0,1,2,,0,25,0,0,0,0,0,4,2,12
,2019-52409,39.77478,-104.8123305,5/6/2019 7:25,7:25,1,0,0,FRASER WAY NORTH & ANDREWS DRIVE EAST,1,1,0,0,1,1,,0,25,0,0,0,0,0,4,2,13
,2019-52410,39.749805,-105.0205095,5/30/2019 17:01,17:01,1,0,0,FRONT VIEW CRES WEST & CLAY STREET NORTH,1,1,1,0,1,1,,0,25,0,0,0,0,0,4,3,13
,2019-52411,39.75810231,-104.9609603,6/23/2019 10:36,10:36,6,0,0,GAYLORD STREET NORTH & 2200 BLOCK NORTH,1,1,0,0,1,4,,0,25,0,0,0,0,0,4,2,13
,2019-52412,39.802176,-104.868549,6/10/2019 7:30,7:30,3,0,0,GALENA STREET NORTH & 58TH AVENUE EAST,1,1,0,0,1,1,,0,25,0,0,0,0,0,4,2,14
,2019-52413,39.729123,-104.9439825,6/19/2019 6:55,6:55,1,0,0,GARFIELD STREET NORTH & EIGHTH AVENUE EAST,1,2,0,0,1,1,,0,25,0,0,0,0,0,4,2,13
,2019-52414,39.714651,-104.9437485,3/1/2019 11:14,11:14,3,0,0,GARFIELD STREET SOUTH & BAYAUD AVENUE EAST,1,1,0,0,1,1,,0,25,0,0,0,0,0,4,2,13
,2019-52415,39.627819,-105.1024185,6/22/2019 9:00,9:00,3,0,0,GARLAND STREET SOUTH & SARATOGA PLACE WEST,2,1,1,1,1,1,,0,25,0,0,0,0,0,4,2,7
,2019-52416,39.7838095,-104.809829,11/16/2019 5:13,5:13,5,0,1,GATEWAY AVENUE EAST & 15000 BLOCK EAST,1,3,0,0,1,4,,0,25,0,0,0,0,2,4,1,14
,2019-52417,39.783636,-104.809842,2/20/2019 7:30,7:30,1,0,0,GATEWAY AVENUE EAST & CHAMBERS ROAD NORTH,1,1,0,0,1,1,,0,35,0,0,0,0,0,4,2,13
,2019-52418,39.784887,-104.815188,4/21/2019 15:49,15:49,3,0,0,GATEWAY AVENUE EAST & ENID WAY NORTH,1,1,0,0,1,1,,0,30,0,0,0,0,0,4,2,14
,2019-52419,39.784887,-104.815188,5/6/2019 7:51,7:51,3,0,0,GATEWAY AVENUE EAST & ENID WAY NORTH,1,1,0,0,1,1,,0,25,0,0,0,0,0,4,2,14
,2019-52420,39.78441,-104.813532,12/11/2019 7:45,7:45,3,0,1,GATEWAY AVENUE EAST & FONTANA COURT NORTH,1,1,0,0,1,1,,0,25,0,0,0,0,2,4,2,14
,2019-52421,39.743226,-104.9610015,7/10/2019 19:11,19:11,3,0,0,GAYLORD STREET NORTH & 17TH AVENUE EAST,1,1,1,0,1,1,,0,30,0,0,0,0,0,4,2,8
,2019-52422,39.748212,-104.9609925,9/5/2019 7:28,7:28,3,0,0,GAYLORD STREET NORTH & 21ST AVENUE EAST,1,1,0,0,1,1,,0,30,0,0,0,0,0,4,2,13
,2019-52423,39.67964179,-104.9617647,6/12/2019 19:35,19:35,6,0,0,GAYLORD STREET SOUTH & 400 BLOCK SOUTH,1,1,0,0,1,4,,0,25,0,0,0,0,0,4,2,12
,2019-52424,39.692961,-104.9617395,9/27/2019 12:38,12:38,3,0,0,GAYLORD STREET SOUTH & LOUISIANA AVENUE EAST,1,1,0,0,1,1,,0,30,0,0,0,0,0,4,2,13
,2019-52425,39.696588,-104.9617305,1/13/2019 13:20,13:20,12,0,0,GAYLORD STREET SOUTH & MISSISSIPPI AVENUE EAST,1,1,0,0,1,1,,0,25,0,0,0,0,0,4,2,13
,2019-52426,39.743235,-104.9672205,7/25/2019 16:34,16:34,1,0,0,GILPIN STREET NORTH & 17TH AVENUE EAST,1,1,0,0,1,1,,0,25,0,0,0,0,0,4,2,13
,2019-52427,39.751965,-104.96718,3/5/2019 12:15,12:15,3,0,0,GILPIN STREET NORTH & 24TH AVENUE EAST,6,1,0,0,1,1,,0,25,0,0,0,0,0,4,2,13
,2019-52428,39.764529,-104.967162,4/10/2019 11:35,11:35,3,0,0,GILPIN STREET NORTH & BRUCE RANDOLPH AVENUE EAST,2,1,0,1,1,1,,0,25,0,0,0,0,0,4,2,13
,2019-52429,39.654315,-104.875623,8/6/2019 12:30,12:30,3,0,0,GIRARD AVENUE EAST & DAYTON STREET SOUTH,1,1,0,0,1,1,,0,25,0,0,0,0,0,4,2,13
,2019-52430,39.654324,-104.915331,5/7/2019 12:05,12:05,3,0,0,GIRARD PLACE EAST & LOCUST STREET SOUTH,1,1,0,0,1,1,,0,25,0,0,0,0,0,4,2,13
,2019-52431,39.6542295,-104.9073795,3/4/2019 3:09,3:09,3,0,0,GIRARD AVENUE EAST & OLEANDER COURT SOUTH,5,3,1,0,1,1,,0,25,0,0,0,0,0,4,2,13
,2019-52432,39.654072,-104.90886,6/10/2019 14:14,14:14,3,0,0,GIRARD AVENUE EAST & ONEIDA WAY SOUTH,1,1,0,0,1,1,,0,25,0,0,0,0,0,4,2,7
,2019-52433,39.654279,-104.8988205,9/16/2019 17:45,17:45,12,0,1,GIRARD AVENUE EAST & TAMARAC DRIVE SOUTH,1,1,0,0,1,3,,0,25,0,0,0,0,1,4,2,12
,2019-52434,39.74571,-104.9880105,3/25/2019 8:15,8:15,12,0,0,GLENARM PLACE & 18TH STREET,1,1,0,0,1,1,,0,25,0,0,0,0,0,4,2,3
,2019-52435,39.750372,-104.9819805,1/4/2019 17:18,17:18,3,0,0,GLENARM PLACE & PARK AVENUE WEST,1,3,0,0,1,1,,0,25,0,0,0,0,0,4,2,13
,2019-52436,39.750372,-104.9819805,8/7/2019 15:15,15:15,3,0,0,GLENARM PLACE & PARK AVENUE WEST,1,1,0,0,1,1,,0,30,0,0,0,0,0,4,2,8
,2019-52437,39.750372,-104.9819805,9/16/2019 8:48,8:48,3,0,0,GLENARM PLACE & PARK AVENUE WEST,1,1,0,0,1,1,,0,25,0,0,0,0,0,4,2,13
,2019-52438,39.738294,-104.92578,5/21/2019 8:15,8:15,3,0,0,GLENCOE STREET NORTH & 14TH AVENUE EAST,2,1,0,2,1,1,,0,25,0,0,0,0,0,4,2,3
,2019-52439,39.743379,-104.925789,6/28/2019 17:48,17:48,3,0,1,GLENCOE STREET NORTH & 17TH AVENUE EAST,1,1,0,0,1,1,,0,25,0,0,0,0,2,4,2,13
,2019-52440,39.751047,-104.925789,9/18/2019 13:55,13:55,1,0,0,GLENCOE STREET NORTH & 23RD AVENUE EAST,1,1,0,0,1,1,,0,30,0,0,0,0,0,4,2,13
,2019-52441,39.765726,-104.9948415,12/30/2019 11:54,11:54,3,0,0,GLOBEVILLE ROAD NORTH & PARK AVENUE WEST,1,1,1,0,1,1,,0,35,0,0,0,0,0,4,2,3
,2019-52442,39.792726,-104.8105485,10/27/2019 15:23,15:23,6,0,0,GRANBY STREET NORTH & 54TH AVENUE EAST,2,1,0,2,1,1,,0,25,0,0,0,0,0,4,2,1
,2019-52443,39.790773,-104.984721,9/20/2019 12:42,12:42,15,0,0,GRANT STREET & 1000 BLOCK NORTH,1,1,0,0,1,4,,0,30,0,0,0,0,0,4,2,13
,2019-52444,39.733848,-104.9836005,4/12/2019 18:13,18:13,10,0,0,GRANT STREET NORTH & 11TH AVENUE EAST,1,2,0,0,1,1,,0,30,0,0,0,0,0,4,2,1
,2019-52445,39.736863,-104.983578,11/19/2019 18:22,18:22,3,0,1,GRANT STREET NORTH & 13TH AVENUE EAST,1,3,0,0,1,1,,0,,0,0,0,0,1,4,2,13
,2019-52446,39.741687,-104.983569,4/10/2019 8:36,8:36,15,0,0,GRANT STREET NORTH & 16TH AVENUE EAST,1,1,0,0,1,1,,0,25,0,0,0,0,0,4,2,14
,2019-52447,39.741687,-104.983569,9/19/2019 7:11,7:11,10,0,0,GRANT STREET NORTH & 16TH AVENUE EAST,1,1,0,0,1,1,,0,30,0,0,0,0,0,4,2,13
,2019-52448,39.74481,-104.983569,9/10/2019 17:31,17:31,3,0,0,GRANT STREET NORTH & 18TH AVENUE EAST,1,1,0,0,1,1,,0,35,0,0,0,0,0,4,2,14
,2019-52449,39.71835,-104.9837715,12/8/2019 12:28,12:28,3,0,0,GRANT STREET NORTH & FIRST AVENUE EAST,1,1,0,0,1,1,,0,25,0,0,0,0,0,4,2,9
,2019-52450,39.70840616,-104.9840279,7/10/2019 9:13,9:13,3,0,1,GRANT STREET SOUTH & 300 BLOCK SOUTH,1,1,0,0,1,2,,0,25,0,0,0,0,2,4,2,13
,2019-52451,39.720933,-104.9837985,3/8/2019 17:30,17:30,12,0,0,GRANT STREET NORTH & THIRD AVENUE EAST,1,1,0,0,1,1,,0,25,0,0,0,0,0,4,2,13
,2019-52452,39.727287,-104.9835915,6/4/2019 20:43,20:43,3,0,1,GRANT STREET NORTH & SEVENTH AVENUE EAST,1,3,0,0,1,1,,0,25,0,0,0,0,2,4,2,3
,2019-52453,39.71115,-104.984019,6/17/2019 17:35,17:35,3,0,0,GRANT STREET SOUTH & ALAMEDA AVENUE EAST,1,1,0,0,1,1,,0,35,0,0,0,0,0,4,3,14
,2019-52454,39.77436474,-104.9994067,4/1/2019 12:25,12:25,10,0,0,JASON STREET & 800 BLOCK SOUTH,1,1,0,0,1,2,,0,25,0,0,0,0,0,4,2,13
,2019-52455,39.685752,-104.9840235,3/18/2019 16:38,16:38,3,0,0,GRANT STREET SOUTH & MEXICO AVENUE EAST,1,1,0,0,1,1,,0,25,0,0,0,0,0,4,2,1
,2019-52456,39.723435,-104.9837895,2/26/2019 19:56,19:56,15,0,0,GRANT STREET 400 BLOCK NORTH & SPEER BOULEVARD EAST,1,3,0,0,1,1,,0,30,0,0,0,0,0,4,2,14
,2019-52457,39.723435,-104.9837895,6/15/2019 17:53,17:53,10,0,0,GRANT STREET NORTH & SPEER BOULEVARD EAST,1,1,0,0,1,1,,0,35,0,0,0,0,0,4,2,13
,2019-52458,39.723435,-104.9837895,10/5/2019 23:05,23:05,15,0,0,GRANT STREET NORTH & SPEER BOULEVARD EAST,1,3,0,0,1,1,,0,25,0,0,0,0,0,4,2,13
,2019-52460,39.783636,-104.809653,4/5/2019 20:38,20:38,3,0,0,GREEN VALLEY RANCH BOULEVARD EAST & CHAMBERS ROAD NORTH,1,3,0,0,1,1,,0,40,0,0,0,0,0,4,2,5
,2019-52461,39.783636,-104.809653,9/30/2019 15:13,15:13,15,0,0,GREEN VALLEY RANCH BOULEVARD EAST & CHAMBERS ROAD NORTH,1,1,0,0,1,1,,0,35,0,0,0,0,0,4,2,13
,2019-52462,39.782889,-104.7555,1/23/2019 15:59,15:59,1,0,0,GREEN VALLEY RANCH BOULEVARD EAST & HIMALAYA ROAD NORTH,1,1,0,0,1,1,,0,35,0,0,0,0,0,4,2,7
,2019-52465,39.657744,-105.0334335,1/24/2019 8:26,8:26,3,0,0,GREENWOOD PLACE WEST & JULIAN WAY SOUTH,5,1,1,2,1,1,,0,25,0,0,0,0,0,4,2,7
,2019-52466,39.783609,-104.8017105,9/30/2019 22:29,22:29,3,0,1,GREEN VALLEY RANCH BOULEVARD 15900 BLOCK EAST & KITTREDGE STREET NORTH,1,4,0,0,1,1,,0,30,0,0,0,0,1,4,2,13
,2019-52467,39.783789,-104.798079,3/18/2019 7:31,7:31,3,0,0,GREEN VALLEY RANCH BOULEVARD EAST & MEMPHIS STREET NORTH,1,1,0,0,1,1,,0,30,0,0,0,0,0,4,2,7
,2019-52468,39.783789,-104.798079,10/8/2019 8:05,8:05,12,0,1,GREEN VALLEY RANCH BOULEVARD EAST & MEMPHIS STREET NORTH,1,1,0,0,1,1,,0,45,0,0,0,0,1,4,2,14
,2019-52469,39.783609,-104.791392,1/10/2019 8:20,8:20,12,0,0,GREEN VALLEY RANCH BOULEVARD EAST & PENA BOULEVARD INBOUND,1,1,1,0,1,1,,0,25,0,0,0,0,0,4,2,13
,2019-52470,39.783609,-104.791392,3/5/2019 6:26,6:26,1,0,1,GREEN VALLEY RANCH BOULEVARD EAST & PENA BOULEVARD NORTH,2,2,0,0,1,1,,0,35,0,0,0,0,1,4,2,13
,2019-52471,39.783609,-104.791392,3/5/2019 15:27,15:27,12,0,0,GREEN VALLEY RANCH BOULEVARD EAST & PENA BOULEVARD NORTH,1,1,0,0,1,1,,0,40,0,0,0,0,0,4,3,3
,2019-52472,39.783609,-104.791392,3/6/2019 15:51,15:51,12,0,0,GREEN VALLEY RANCH BOULEVARD EAST & PENA BOULEVARD NORTH,1,1,0,0,1,1,,0,35,0,0,0,0,0,4,2,13
,2019-52473,39.783609,-104.791392,3/9/2019 23:20,23:20,1,0,0,GREEN VALLEY RANCH BOULEVARD EAST & PENA BOULEVARD NORTH,1,3,0,0,1,1,,0,45,0,0,0,0,0,4,2,13
,2019-52474,39.783609,-104.791392,4/10/2019 13:37,13:37,12,0,0,GREEN VALLEY RANCH BOULEVARD EAST & PENA BOULEVARD INBOUND,2,1,0,1,1,1,,0,35,0,0,0,1,0,4,2,3
,2019-52475,39.783609,-104.791392,4/13/2019 21:07,21:07,12,0,0,GREEN VALLEY RANCH BOULEVARD EAST & PENA BOULEVARD INBOUND,1,3,0,0,1,3,,0,40,0,0,0,0,0,4,3,13
,2019-52476,39.783609,-104.791392,7/3/2019 17:40,17:40,12,0,0,GREEN VALLEY RANCH BOULEVARD EAST & PENA BOULEVARD INBOUND,1,1,0,0,1,1,,0,25,0,0,0,0,0,4,2,3
,2019-52477,39.783609,-104.791392,9/1/2019 20:18,20:18,12,0,0,GREEN VALLEY RANCH BOULEVARD EAST & PENA BOULEVARD,1,3,0,0,1,1,,0,40,0,0,0,0,0,4,2,5
,2019-52478,39.783609,-104.791392,9/16/2019 15:56,15:56,12,0,1,GREEN VALLEY RANCH BOULEVARD EAST & PENA BOULEVARD INBOUND,1,1,1,0,1,1,,0,20,0,0,0,0,1,4,2,3
,2019-52479,39.783609,-104.791392,10/5/2019 14:06,14:06,12,0,0,GREEN VALLEY RANCH BOULEVARD EAST & PENA BOULEVARD,1,1,0,0,1,3,,0,40,0,0,0,0,0,4,2,3
,2019-52480,39.783609,-104.772222,2/11/2019 14:30,14:30,12,0,0,GREEN VALLEY RANCH BOULEVARD EAST & TOWER ROAD NORTH,1,1,0,0,1,1,,0,30,0,0,0,0,0,4,2,14
,2019-52481,39.783609,-104.772222,6/3/2019 4:42,4:42,12,0,0,GREEN VALLEY RANCH BOULEVARD EAST & TOWER ROAD NORTH,1,2,0,0,1,3,,0,35,0,0,0,0,0,4,3,8
,2019-52482,39.783609,-104.772222,8/11/2019 19:07,19:07,12,0,0,GREEN VALLEY RANCH BOULEVARD EAST & TOWER ROAD NORTH,1,1,0,0,1,1,,0,45,0,0,0,0,0,4,2,13
,2019-52483,39.783609,-104.772222,8/26/2019 7:15,7:15,1,0,3,GREEN VALLEY RANCH BOULEVARD EAST & TOWER ROAD NORTH,1,1,0,0,1,1,,0,35,0,0,0,0,1,4,2,7
,2019-52484,39.783618,-104.7744585,3/14/2019 19:20,19:20,12,0,0,GREEN VALLEY RANCH BOULEVARD EAST & YAMPA STREET NORTH,6,2,0,0,1,1,,0,45,0,0,0,0,0,4,2,13
,2019-52485,39.783618,-104.7744585,6/8/2019 21:38,21:38,12,0,0,GREEN VALLEY RANCH BOULEVARD EAST & YAMPA STREET NORTH,1,3,0,0,1,1,,0,40,0,0,0,0,0,4,3,5
,2019-52486,39.732939,-105.0263595,6/13/2019 12:51,12:51,3,0,0,GROVE STREET NORTH & 10TH AVENUE WEST,1,1,0,0,1,1,,0,25,0,0,0,0,0,4,2,1
,2019-52487,39.77939812,-105.0267863,4/17/2019 5:15,5:15,6,0,0,GROVE STREET & 1800 SOUTH,1,2,0,0,1,2,,0,15,0,0,0,0,0,4,3,14
,2019-52488,39.718161,-105.026328,11/13/2019 21:05,21:05,3,0,0,GROVE STREET NORTH & FIRST AVENUE WEST,1,3,0,0,1,1,,0,35,0,0,0,0,0,4,2,13
,2019-52489,39.684024,-105.0262515,2/19/2019 9:58,9:58,3,0,0,GROVE STREET SOUTH & BAILS PLACE WEST,5,1,1,2,1,1,,0,20,0,0,0,0,0,4,2,13
,2019-52490,39.713382,-105.0263325,5/12/2019 19:30,19:30,3,0,0,GROVE STREET SOUTH & CEDAR AVENUE WEST,1,1,1,0,1,1,,0,25,0,0,0,0,0,4,2,13
,2019-52491,39.836493,-104.7155175,4/23/2019 8:15,8:15,10,0,0,GUN CLUB ROAD NORTH & 77TH AVENUE EAST,1,1,0,0,1,1,,0,35,0,0,0,0,0,4,2,7
,2019-52492,39.836493,-104.7155175,5/17/2019 11:40,11:40,1,0,2,GUN CLUB ROAD NORTH & 77TH AVENUE EAST,1,1,0,0,1,1,,0,35,0,0,0,0,2,4,2,8
,2019-52493,39.781863,-104.7394005,4/2/2019 17:57,17:57,12,0,0,GREEN VALLEY RANCH BOULEVARD & 18605 EAST,1,1,0,0,1,1,,0,5,0,0,0,0,0,4,2,5
,2019-52494,39.783798,-104.79465,6/21/2019 19:51,19:51,3,0,0,GREEN VALLEY RANCH BOULEVARD EAST & AIRPORT WAY NORTH,2,2,0,1,1,1,,0,40,0,0,0,0,0,4,2,13
,2019-52495,39.783636,-104.809653,11/17/2019 17:28,17:28,10,0,2,GREEN VALLEY RANCH BOULEVARD EAST & CHAMBERS ROAD NORTH,1,3,0,0,1,1,,0,40,0,0,0,0,1,4,2,13
,2019-52496,39.783663,-104.761188,7/24/2019 6:55,6:55,3,0,0,GREEN VALLEY RANCH BOULEVARD EAST & FLANDERS WAY NORTH,1,1,0,0,1,1,,0,35,0,0,0,0,0,4,2,13
,2019-52497,39.783663,-104.761188,9/17/2019 6:52,6:52,13,0,1,GREEN VALLEY RANCH BOULEVARD EAST & FLANDERS WAY NORTH,1,1,0,0,1,1,,0,35,0,0,0,0,2,4,2,13
,2019-52498,39.783609,-104.8017105,8/9/2019 8:46,8:46,3,0,2,GREEN VALLEY RANCH BOULEVARD EAST & KITTREDGE STREET NORTH,1,1,0,0,1,1,,0,30,0,0,0,0,1,4,2,13
,2019-52499,39.781287,-104.742369,1/9/2019 16:21,16:21,3,0,0,GREEN VALLEY RANCH BOULEVARD & MALAYA STREET NORTH,1,1,0,0,1,1,,0,35,0,0,0,0,0,4,2,7
,2019-52500,39.781287,-104.742369,2/6/2019 14:39,14:39,3,0,1,GREEN VALLEY RANCH BOULEVARD EAST & MALAYA STREET NORTH,4,1,0,2,1,1,,0,35,0,0,0,0,1,4,2,14
,2019-52501,39.783789,-104.798079,2/2/2019 15:30,15:30,3,0,0,GREEN VALLEY RANCH BOULEVARD EAST & MEMPHIS STREET NORTH,1,1,0,0,1,1,,0,35,0,0,0,0,0,4,2,13
,2019-52502,39.783609,-104.791392,2/10/2019 18:02,18:02,1,0,0,GREEN VALLEY RANCH BOULEVARD EAST & PENA BOULEVARD,2,4,0,0,1,1,,0,40,0,0,0,0,0,4,2,13
,2019-52503,39.783609,-104.791392,3/10/2019 18:40,18:40,12,0,0,GREEN VALLEY RANCH BOULEVARD EAST & PENA BOULEVARD NORTHBOUND RAMPS,1,1,0,0,1,1,,0,40,0,0,0,0,0,4,2,13