id,drcog_id,latitude,longitude,crashtime,time,crashtype,numbkilled,numbinjurd,drcoglocat,rdconditin,lightngcon,roadcntgrd,weatherco,location,roaddescrp,schoolzone,constrzone,splimit,bikeinv,sctrinv,pedinv,motoinv,svrty,rdsystem,ttlvehcls,hcf
,2019-52504,39.783609,-104.791392,5/13/2019 6:54,6:54,12,0,0,GREEN VALLEY RANCH BOULEVARD EAST & PENA BOULEVARD NORTHBOUND RAMPS,1,1,0,0,1,1,,0,40,0,0,0,0,0,4,2,12
,2019-52505,39.783609,-104.791392,5/20/2019 16:15,16:15,1,0,1,GREEN VALLEY RANCH BOULEVARD & PENA BOULEVARD SOUTHBOUND ON RAMP,2,1,0,1,1,1,,0,,0,0,0,0,2,4,2,7
,2019-52506,39.783609,-104.791392,5/29/2019 19:33,19:33,12,0,0,GREEN VALLEY RANCH BOULEVARD EAST & PENA BOULEVARD NORTH,1,2,0,0,1,1,,0,40,0,0,0,0,0,4,2,13
,2019-52507,39.783609,-104.791392,6/1/2019 10:40,10:40,1,0,1,GREEN VALLEY RANCH BOULEVARD EAST & PENA BOULEVARD,1,1,0,0,1,1,,0,45,0,0,0,0,1,4,2,13
,2019-52508,39.783609,-104.791392,7/8/2019 7:10,7:10,1,0,1,GREEN VALLEY RANCH BOULEVARD EAST & PENA BOULEVARD,1,1,0,0,1,1,,0,55,0,0,0,0,1,4,2,13
,2019-52509,39.783609,-104.791392,8/30/2019 13:00,13:00,12,0,0,GREEN VALLEY RANCH BOULEVARD EAST & PENA BOULEVARD,1,1,1,0,1,1,,0,45,0,0,0,1,0,4,2,14
,2019-52510,39.783609,-104.791392,9/18/2019 17:14,17:14,12,0,0,GREEN VALLEY RANCH BOULEVARD EAST & PENA BOULEVARD,1,1,1,0,1,1,,0,25,0,0,0,0,0,4,3,3
,2019-52511,39.782277,-104.865921,1/18/2019 22:30,22:30,3,0,0,HAVANA STREET NORTH & 47TH AVENUE EAST,1,3,0,0,1,1,,0,,0,0,0,0,0,4,2,13
,2019-52512,39.783609,-104.791392,12/9/2019 15:51,15:51,12,0,0,GREEN VALLEY RANCH BOULEVARD EAST & PENA BOULEVARD NORTH,1,1,0,0,1,1,,0,40,0,0,0,0,0,4,2,13
,2019-52513,39.783609,-104.772222,1/24/2019 8:21,8:21,15,0,0,GREEN VALLEY RANCH BOULEVARD EAST & TOWER ROAD NORTH,5,1,0,2,1,1,,0,40,0,0,0,0,0,4,2,1
,2019-52515,39.783609,-104.772222,2/21/2019 8:30,8:30,12,0,0,GREEN VALLEY RANCH BOULEVARD EAST & TOWER ROAD NORTH,1,1,0,0,1,1,,0,45,0,0,0,0,0,4,3,14
,2019-52516,39.783609,-104.772222,3/4/2019 18:03,18:03,15,0,0,GREEN VALLEY RANCH BVD EAST & TOWER ROAD NORTH,5,3,0,0,1,1,,0,45,0,0,0,0,0,4,2,14
,2019-52517,39.783609,-104.772222,5/10/2019 15:30,15:30,15,0,0,GREEN VALLEY RANCH BOULEVARD EAST & TOWER ROAD NORTH,1,1,0,0,1,1,,0,30,0,0,0,0,0,4,2,1
,2019-52518,39.783609,-104.772222,8/9/2019 13:50,13:50,1,0,0,GREEN VALLEY RANCH BOULEVARD EAST & TOWER ROAD NORTH,1,1,0,0,1,1,,0,40,0,0,0,0,0,4,2,13
,2019-52519,39.783609,-104.772222,11/16/2019 2:50,2:50,15,0,0,GREEN VALLEY RANCH BOULEVARD EAST & TOWER ROAD NORTH,1,3,0,0,1,1,,0,40,0,0,0,0,0,4,3,5
,2019-52520,39.783609,-104.772222,11/21/2019 14:10,14:10,12,0,0,GREEN VALLEY RANCH BOULEVARD EAST & TOWER ROAD NORTH,2,1,0,2,1,1,,0,40,0,0,0,0,0,4,2,13
,2019-52521,39.783609,-104.772222,12/19/2019 12:15,12:15,1,0,0,GREEN VALLEY RANCH BOULEVARD EAST & TOWER ROAD NORTH,1,1,0,0,1,1,,0,35,0,0,0,0,0,4,2,8
,2019-52522,39.783618,-104.7744585,5/10/2019 19:47,19:47,10,0,0,GREEN VALLEY RANCH BOULEVARD EAST & YAMPA STREET NORTH,1,2,0,0,1,1,,0,30,0,0,0,0,0,4,2,13
,2019-52523,39.783618,-104.7744585,11/27/2019 16:15,16:15,10,0,0,GREEN VALLEY RANCH BOULEVARD EAST & YAMPA STREET NORTH,5,3,0,0,1,3,,0,,0,0,0,0,0,4,2,13
,2019-52524,39.734361,-104.9384025,3/7/2019 8:01,8:01,3,0,0,HALE PARKWAY EAST & ASH STREET NORTH,5,1,0,0,1,1,,0,25,0,0,0,0,0,4,2,13
,2019-52525,39.733353,-104.9338305,12/28/2019 9:06,9:06,1,0,0,HALE PARKWAY EAST & CHERRY STREET NORTH,4,1,0,2,1,1,,0,30,0,0,0,0,0,4,2,13
,2019-52526,39.732768,-104.931603,2/21/2019 12:59,12:59,3,0,0,HALE PARKWAY EAST & DAHLIA STREET NORTH,1,1,0,0,1,1,,0,30,0,0,0,0,0,4,2,14
,2019-52527,39.732768,-104.931603,5/9/2019 13:20,13:20,3,0,0,HALE PARKWAY EAST & DAHLIA STREET NORTH,1,1,0,0,1,1,,0,25,0,0,0,0,0,4,2,8
,2019-52528,39.732768,-104.931603,9/4/2019 14:02,14:02,3,0,1,HALE PARKWAY EAST & DAHLIA STREET NORTH,1,1,0,0,1,1,,0,25,0,0,0,0,1,4,2,1
,2019-52529,39.729996,-104.925762,12/12/2019 10:57,10:57,3,0,0,HALE PARKWAY EAST & GLENCOE STREET NORTH,1,1,0,0,1,1,,0,30,0,0,0,0,0,4,2,13
,2019-52530,39.79737,-104.80887,3/1/2019 18:00,18:00,6,0,0,HANNIBAL STREET & 5165 NORTH,1,3,0,0,1,4,,0,25,0,0,0,0,0,4,2,13
,2019-52531,39.794769,-104.8089015,12/3/2019 9:58,9:58,3,0,0,HANNIBAL STREET NORTH & MAXWELL PLACE EAST,1,1,0,0,1,1,,0,25,0,0,0,0,0,4,2,14
,2019-52532,39.646062,-104.92272,4/3/2019 17:30,17:30,3,0,0,HAPPY CANYON ROAD EAST & HOLLY STREET SOUTH,1,1,0,0,1,1,,0,25,0,0,0,0,0,4,2,3
,2019-52533,39.647034,-104.92398,6/10/2019 17:12,17:12,12,0,0,HAPPY CANYON ROAD EAST & MANSFIELD AVENUE EAST,1,1,0,0,1,3,,0,35,0,0,0,0,0,4,2,12
,2019-52534,39.69476028,-104.9419386,9/3/2019 18:20,18:20,6,0,0,HARRIS STREET SOUTH & 1200 BLOCK SOUTH,1,1,0,0,1,4,,0,25,0,0,0,0,0,4,2,13
,2019-52535,39.736746,-104.941818,9/26/2019 13:20,13:20,3,0,0,HARRISON STREET NORTH & 13TH AVENUE EAST,1,1,0,0,1,1,,0,25,0,0,0,0,0,4,2,1
,2019-52536,39.670776,-104.9362727,9/2/2019 19:35,19:35,1,0,0,HARVARD EAST & 9900 BLOCK EAST,1,1,0,0,1,2,,0,25,0,0,0,0,0,4,2,3
,2019-52537,39.758814,-104.86305,11/1/2019 7:54,7:54,15,0,0,HAVANA STREET NORTH  & 29TH DRIVE EAST,1,1,0,0,1,1,,0,30,0,0,0,0,0,4,2,13
,2019-52538,39.769353,-104.865822,1/8/2019 11:34,11:34,15,0,0,HAVANA STREET NORTH & 37TH AVENUE EAST,1,1,0,0,1,1,,0,30,0,0,0,0,0,4,2,13
,2019-52539,39.772863,-104.8658895,4/9/2019 16:12,16:12,1,0,2,HAVANA STREET NORTH & 40TH AVENUE EAST,1,1,0,0,1,1,,0,35,0,0,0,0,1,4,2,13
,2019-52540,39.675942,-104.922261,1/12/2019 8:35,8:35,5,0,0,HOLLY STREET SOUTH & ILIFF AVENUE EAST,5,1,0,2,3,4,,0,30,0,0,0,0,0,4,1,1
,2019-52541,39.772863,-104.8658895,5/7/2019 15:38,15:38,12,0,0,HAVANA STREET NORTH & 40TH AVENUE EAST,2,1,0,1,1,1,,0,40,0,0,0,0,0,4,4,13
,2019-52542,39.772863,-104.8658895,6/12/2019 16:10,16:10,1,0,1,HAVANA STREET NORTH & 40TH AVENUE EAST,1,1,0,0,1,1,,0,35,0,0,0,0,2,4,3,1
,2019-52543,39.772863,-104.8658895,6/18/2019 14:30,14:30,12,0,0,HAVANA STREET NORTH & 40TH AVENUE EAST,1,1,0,0,1,1,,0,40,0,0,0,0,0,4,2,13
,2019-52544,39.772863,-104.8658895,7/30/2019 7:48,7:48,15,0,0,HAVANA STREET NORTH  & 40TH AVENUE EAST,1,1,0,0,1,1,,0,35,0,0,0,0,0,4,2,13
,2019-52545,39.77300426,-104.8656553,12/9/2019 16:07,16:07,12,0,1,HAVANA STREET 3900 BLOCK NORTH & 40TH AVENUE EAST,1,1,0,0,1,3,,0,35,0,0,0,0,1,4,2,14
,2019-52546,39.77865,-104.865912,1/30/2019 8:10,8:10,3,0,0,HAVANA STREET NORTH & 45TH AVENUE EAST,1,1,0,0,1,1,,0,40,0,0,0,0,0,4,2,7
,2019-52547,39.77865,-104.865912,3/15/2019 17:38,17:38,12,0,0,HAVANA STREET NORTH & 45TH AVENUE EAST,1,1,0,0,1,1,,0,35,0,0,0,0,0,4,2,13
,2019-52548,39.77865,-104.865912,8/20/2019 13:56,13:56,3,0,0,HAVANA STREET NORTH  & 45TH AVENUE EAST,1,1,0,0,1,1,,0,45,0,0,0,0,0,4,2,3
,2019-52549,39.790107,-104.866029,1/3/2019 15:34,15:34,15,0,0,HAVANA STREET NORTH & 51ST AVENUE EAST,1,1,0,0,1,1,,0,35,0,0,0,0,0,4,2,14
,2019-52550,39.790107,-104.866029,1/18/2019 5:50,5:50,1,0,0,HAVANA STREET NORTH & 51ST AVENUE EAST,1,1,0,0,1,1,,0,45,0,0,0,0,0,4,2,13
,2019-52551,39.790107,-104.866029,3/4/2019 5:10,5:10,15,0,0,HAVANA STREET NORTH & 51ST AVENUE EAST,4,4,0,0,1,1,,0,40,0,0,0,0,0,4,2,13
,2019-52552,39.794553,-104.86602,2/14/2019 17:07,17:07,1,0,0,HAVANA STREET NORTH & 54TH AVENUE EAST,1,1,0,0,1,1,,0,40,0,0,0,0,0,4,2,13
,2019-52553,39.794553,-104.86602,6/11/2019 10:54,10:54,1,0,0,HAVANA STREET NORTH & 54TH AVENUE EAST,1,1,0,0,1,1,,0,40,0,0,0,0,0,4,2,14
,2019-52554,39.798387,-104.8660695,3/2/2019 18:10,18:10,3,0,1,HAVANA STREET NORTH & 56TH AVENUE EAST,5,3,0,2,1,1,,0,40,0,0,0,0,1,4,3,7
,2019-52555,39.757599,-104.8591305,10/31/2019 7:00,7:00,12,0,0,HAVANA STREET NORTH  & KINGSTON STREET NORTH,11,2,0,0,1,1,,0,35,0,0,0,0,0,4,2,13
,2019-52556,39.757599,-104.8591305,12/4/2019 15:04,15:04,3,0,0,HAVANA WAY NORTH & KINGSTON STREET NORTH,1,1,0,0,1,1,,0,35,0,0,0,0,0,4,2,7
,2019-52557,39.760038,-104.8658085,7/25/2019 15:18,15:18,3,0,0,HAVANA STREET NORTH  & MLK BOULEVARD EAST,1,1,0,0,1,1,,0,35,0,0,0,0,0,4,2,13
,2019-52558,39.754773,-104.85405,7/31/2019 12:34,12:34,5,0,0,HAVANA WAY NORTH  & MOLINE STREET,1,1,0,0,3,1,,1,15,0,0,0,0,0,4,1,13
,2019-52559,39.754773,-104.85405,10/27/2019 21:50,21:50,5,0,0,HAVANA WAY NORTH & MOLINE STREET EAST,5,4,0,2,2,1,,1,30,0,0,0,0,0,4,1,13
,2019-52560,39.768489,-104.86575,4/12/2019 18:09,18:09,12,0,0,HAVANA STREET NORTH & SMITH ROAD EAST,1,1,0,0,1,1,,0,35,0,0,0,0,0,4,2,13
,2019-52561,39.75665842,-105.0276151,3/6/2019 16:40,16:40,15,0,0,HAZEL COURT & 900 BLOCK SOUTH,1,1,0,0,1,4,,0,25,0,0,0,0,0,4,2,1
,2019-52562,39.738375,-104.964741,9/1/2019 15:19,15:19,3,0,2,HIGH STREET NORTH & 14TH AVENUE EAST,1,1,0,0,1,1,,0,30,0,0,0,0,2,4,5,13
,2019-52563,39.743217,-104.96475,1/17/2019 11:45,11:45,12,0,0,HIGH STREET NORTH & 17TH AVENUE EAST,1,1,1,0,1,1,,0,25,0,0,0,0,0,4,2,13
,2019-52564,39.743217,-104.96475,8/21/2019 8:23,8:23,3,0,0,HIGH STREET NORTH & 17TH AVENUE EAST,1,1,0,0,1,1,,0,30,0,0,0,0,0,4,2,13
,2019-52565,39.743217,-104.96475,9/9/2019 8:20,8:20,3,0,0,HIGH STREET NORTH & 17TH AVENUE EAST,1,1,0,0,1,1,,0,25,0,0,0,0,0,4,2,13
,2019-52566,39.743217,-104.96475,11/4/2019 16:07,16:07,3,0,0,HIGH STREET NORTH & 17TH AVENUE EAST,1,1,0,0,1,1,,0,25,0,0,0,0,0,4,2,14
,2019-52567,39.750147,-104.9650605,4/8/2019 17:39,17:39,6,0,0,HIGH STREET NORTH & 2235 NORTH HIGH STREET,1,1,0,0,1,4,,0,25,0,0,0,0,0,4,2,5
,2019-52568,39.67260427,-104.9652495,7/16/2019 20:00,20:00,12,0,0,HIGH STREET SOUTH & 800 BLOCK SOUTH,1,1,0,0,1,2,,0,25,0,0,0,0,0,4,2,13
,2019-52569,39.68028,-104.9652315,1/12/2019 15:10,15:10,3,0,0,HIGH STREET SOUTH & ASBURY AVENUE EAST,2,1,0,0,1,1,,0,25,0,0,0,0,0,4,2,13
,2019-52570,39.678489,-104.9652315,5/13/2019 21:20,21:20,12,0,0,HIGH STREET SOUTH & EVANS AVENUE EAST,1,3,0,0,1,3,,0,35,0,0,0,0,0,4,2,13
,2019-52571,39.716559,-105.0312285,9/21/2019 17:52,17:52,5,0,0,JULIAN STREET NORTH & 231 NORTH JULIAN STREET,1,1,0,0,2,4,,0,,0,0,0,0,0,4,1,13
,2019-52572,39.77073,-104.753493,8/11/2019 18:50,18:50,12,0,1,HIMALAYA ROAD NORTH & 40TH AVENUE EAST,1,1,0,0,1,3,,0,30,0,0,0,0,1,4,2,5
,2019-52573,39.781647,-104.75622,5/22/2019 7:30,7:30,3,0,0,HIMALAYA ROAD NORTH & 47TH AVENUE EAST,1,1,0,0,1,1,,0,25,0,0,0,0,0,4,2,13
,2019-52574,39.782889,-104.7555,9/28/2019 19:22,19:22,1,0,1,HIMALAYA ROAD NORTH & GREEN VALLEY RANCH BOULEVARD EAST,1,3,0,0,1,1,,0,40,0,0,0,0,1,4,2,7
,2019-52575,39.782889,-104.7555,1/20/2019 17:49,17:49,1,0,0,HIMALAYA ROAD NORTH & GREEN VALLEY RANCH BOULEVARD EAST,1,3,0,0,1,1,,0,30,0,0,0,0,0,4,2,7
,2019-52576,39.777228,-104.75406,11/18/2019 11:26,11:26,6,0,0,HIMALAYA ROAD NORTH & MITCHELL PLACE EAST,1,1,0,0,1,3,,0,30,0,0,0,0,0,4,2,7
,2019-52577,39.63056279,-105.1026676,1/9/2019 7:33,7:33,5,0,0,HOLLAND WAY & 4800 BLOCK SOUTH,1,1,0,0,2,4,,0,25,0,0,0,0,0,4,1,2
,2019-52578,39.717846,-104.922243,3/14/2019 13:40,13:40,3,0,0,HOLLY STREET NORTH & FIRST AVENUE EAST,2,1,0,0,1,1,,0,25,0,0,0,0,0,4,2,3
,2019-52579,39.769236,-104.9223105,10/9/2019 8:43,8:43,3,0,0,HOLLY STREET NORTH & 38TH AVENUE EAST,1,1,1,0,1,1,,0,30,0,0,0,0,0,4,2,3
,2019-52580,39.75995455,-104.92227,5/16/2019 7:25,7:25,12,0,0,HOLLY STREET NORTH & 4500 BLOCK NORTH,1,1,0,0,1,4,,0,35,0,0,0,0,0,4,2,7
,2019-52581,39.75995455,-104.92227,12/22/2019 18:10,18:10,3,0,1,HOLLY STREET & 5600 BLOCK,1,3,0,0,1,1,,0,30,0,0,0,0,1,4,2,13
,2019-52582,39.729249,-104.9223015,7/14/2019 11:35,11:35,1,0,1,HOLLY STREET NORTH & EIGHTH AVENUE EAST,1,1,0,0,1,1,,0,30,0,0,0,0,2,4,2,13
,2019-52583,39.711213,-104.922279,6/3/2019 16:40,16:40,1,0,0,HOLLY STREET SOUTH & ALAMEDA AVENUE EAST,2,1,0,1,1,1,,0,25,0,0,0,0,0,4,2,13
,2019-52584,39.696606,-104.921901,2/27/2019 11:45,11:45,1,0,0,HOLLY STREET SOUTH & CHERRY CREEK EAST,1,1,0,0,1,1,,0,30,0,0,0,0,0,4,2,13
,2019-52585,39.696606,-104.921901,6/17/2019 16:21,16:21,3,0,2,HOLLY STREET SOUTH & CHERRY CREEK NORTH DRIVE EAST,2,1,0,1,1,1,,0,35,0,0,0,0,2,4,2,13
,2019-52586,39.709287,-104.92227,9/11/2019 16:20,16:20,3,0,0,HOLLY STREET SOUTH & DAKOTA AVENUE EAST,1,1,0,0,1,1,,0,30,0,0,0,0,0,4,2,1
,2019-52587,39.678453,-104.9222295,2/21/2019 14:05,14:05,15,0,0,HOLLY STREET SOUTH & EVANS AVENUE EAST,1,1,0,0,1,1,,0,35,0,0,0,0,0,4,2,13
,2019-52588,39.678453,-104.9222295,6/8/2019 18:20,18:20,3,0,0,HOLLY STREET SOUTH & EVANS AVENUE EAST,1,1,0,0,1,1,,0,40,0,0,0,0,0,4,2,14
,2019-52589,39.678453,-104.9222295,8/4/2019 11:37,11:37,3,0,0,HOLLY STREET SOUTH & EVANS AVENUE EAST,1,1,0,0,1,1,,0,30,0,0,0,0,0,4,2,13
,2019-52590,39.678453,-104.9222295,10/30/2019 19:30,19:30,1,0,0,HOLLY STREET SOUTH & EVANS AVENUE EAST,5,3,0,0,1,1,,0,30,0,0,0,0,0,4,2,3
,2019-52591,39.675942,-104.922261,9/25/2019 14:20,14:20,1,0,0,HOLLY STREET SOUTH & ILIFF AVENUE EAST,1,1,0,0,1,1,,0,30,0,0,0,0,0,4,3,13
,2019-52592,39.679218,-104.922252,7/23/2019 17:20,17:20,3,0,0,HOLLY STREET SOUTH & PACIFIC PLACE EAST,1,1,0,0,1,1,,0,25,0,0,0,0,0,4,2,13
,2019-52593,39.679218,-104.922252,9/18/2019 7:41,7:41,3,0,1,HOLLY STREET SOUTH & PACIFIC PLACE EAST,1,1,0,0,1,1,,0,25,0,0,0,0,1,4,2,13
,2019-52594,39.679218,-104.922252,10/2/2019 17:00,17:00,12,0,0,HOLLY STREET SOUTH & PACIFIC PLACE EAST,1,1,0,0,1,3,,0,25,0,0,0,0,0,4,2,12
,2019-52596,39.743928,-105.028362,8/30/2019 18:55,18:55,3,0,0,HOOKER STREET NORTH & 17TH AVENUE WEST,1,1,0,0,1,1,,0,25,0,0,0,0,0,4,2,13
,2019-52597,39.77662058,-105.0287715,1/25/2019 8:20,8:20,6,0,0,HOOKER STREET & 244 NORTH,10,1,0,0,1,4,,0,25,0,0,0,0,0,4,2,1
,2019-52598,39.71655,-105.0287715,10/13/2019 21:13,21:13,6,0,0,HOOKER STREET NORTH & 859 NORTH HOOKER STREET,1,4,1,0,1,4,,0,30,0,0,0,0,0,4,3,1
,2019-52599,39.667707,-105.0288795,1/21/2019 5:01,5:01,3,0,0,HOOKER STREET SOUTH & YALE AVENUE WEST,1,3,0,0,1,1,,0,25,0,0,0,0,0,4,2,12
,2019-52600,39.676662,-104.9234805,9/10/2019 10:13,10:13,3,0,0,HUDSON STREET SOUTH & WARREN AVENUE EAST,1,1,0,0,1,1,,0,25,0,0,0,0,0,4,2,13
,2019-52601,39.780072,-104.9698215,9/28/2019 9:28,9:28,6,0,0,HUMBOLDT STREET & 1121 NORTH HUMBOLDT STREET,1,1,0,0,1,4,,0,25,0,0,0,0,0,4,2,13
,2019-52602,39.741642,-104.969691,7/12/2019 12:35,12:35,3,0,1,HUMBOLDT STREET NORTH & 16TH AVENUE EAST,1,1,0,0,1,1,,0,25,0,0,0,0,1,4,2,13
,2019-52603,39.741642,-104.969691,10/3/2019 15:43,15:43,3,0,0,HUMBOLDT STREET NORTH & 16TH AVENUE EAST,1,1,0,0,1,1,,0,35,0,0,0,0,0,4,2,14
,2019-52604,39.741642,-104.969691,10/23/2019 19:34,19:34,3,0,0,HUMBOLDT STREET NORTH & 16TH AVENUE EAST,4,3,0,2,1,1,,0,35,0,0,0,0,0,4,2,14
,2019-52605,39.743208,-104.9696685,5/28/2019 15:55,15:55,3,0,2,HUMBOLDT STREET NORTH & 17TH AVENUE EAST,1,1,0,0,1,1,,0,30,0,0,0,0,2,4,2,13
,2019-52606,39.744828,-104.9696505,9/6/2019 17:05,17:05,3,0,0,HUMBOLDT STREET NORTH & 18TH AVENUE EAST,2,1,0,1,1,1,,0,30,0,0,0,0,0,4,2,8
,2019-52607,39.674862,-104.9699205,4/16/2019 16:45,16:45,3,0,0,HUMBOLDT STREET SOUTH & ILIFF AVENUE EAST,1,1,0,0,1,1,,0,25,0,0,0,0,0,4,2,7
,2019-52608,39.740994,-104.9697315,2/1/2019 17:05,17:05,3,0,1,HUMBOLDT STREET NORTH & PARK AVENUE WEST,1,2,0,0,1,1,,0,30,0,0,0,0,2,4,2,8
,2019-52609,39.71969383,-105.002894,2/8/2019 12:26,12:26,6,0,0,MARIPOSA STREET & 3850 NORTH,5,1,0,0,6,5,,0,15,0,0,0,0,0,3,2,8
,2019-52610,39.740985,-104.9697315,9/21/2019 11:00,11:00,3,0,0,HUMBOLDT STREET NORTH & PARK AVENUE,1,1,0,0,1,1,,0,25,0,0,0,0,0,4,2,13
,2019-52611,39.678453,-104.997141,2/12/2019 11:39,11:39,3,0,0,HURON STREET SOUTH & EVANS AVENUE WEST,1,1,0,0,1,1,,0,25,0,0,0,0,0,4,2,13
,2019-52612,39.69306,-104.9968215,7/17/2019 15:30,15:30,12,0,0,HURON STREET SOUTH & LOUISIANA AVENUE WEST,1,1,3,0,1,1,,0,25,0,0,0,0,0,4,2,13
,2019-52613,39.725586,-105.0394095,9/4/2019 6:08,6:08,3,0,0,HIGHWAY 6 FRONTAGE ROAD NORTH  & PERRY STREET NORTH,1,1,0,0,1,1,,0,25,0,0,0,0,0,4,2,13
,2019-52614,39.67481472,-104.9361771,5/11/2019 21:00,21:00,6,0,0,ILIFF AVENUE EAST & 2300 BLOCK EAST,1,3,0,0,1,4,,0,25,0,0,0,0,0,4,3,5
,2019-52615,39.674997,-105.022654,4/22/2019 14:24,14:24,3,0,0,ILIFF AVENUE & 2900 BLOCK EAST,1,1,0,0,1,5,,0,30,0,0,0,0,0,4,2,13
,2019-52616,39.674997,-105.022654,3/1/2019 18:48,18:48,12,0,0,ILIFF AVENUE & 9900 BLOCK EAST,1,1,0,0,1,4,,0,40,0,0,0,0,0,4,2,14
,2019-52617,39.674835,-104.9494005,1/15/2019 15:40,15:40,15,0,0,ILIFF AVENUE EAST & ADAMS STREET SOUTH,1,1,0,0,1,1,,0,25,0,0,0,0,0,4,2,1
,2019-52618,39.674763,-104.875281,10/1/2019 15:08,15:08,1,0,0,ILIFF AVENUE EAST & DAYTON WAY SOUTH,1,1,1,0,1,1,,0,35,0,0,0,0,0,4,2,13
,2019-52619,39.674745,-104.87403,5/21/2019 20:50,20:50,3,0,0,ILIFF AVENUE EAST & EMPORIA STREET SOUTH,1,3,0,0,1,1,,0,35,0,0,0,0,0,4,2,13
,2019-52620,39.67546687,-105.0278862,1/29/2019 7:39,7:39,3,0,0,ILIFF AVENUE WEST & HAZEL COURT SOUTH,5,1,0,0,1,1,,0,25,0,0,0,0,0,4,2,13
,2019-52621,39.674826,-104.9187825,11/18/2019 17:44,17:44,12,0,0,ILIFF AVENUE EAST & JASMINE STREET SOUTH,1,3,1,0,1,1,,0,25,0,0,0,0,0,4,3,1
,2019-52622,39.674844,-104.9129685,1/6/2019 10:19,10:19,5,0,1,ILIFF AVENUE EAST & MONACO STREET SOUTH,1,1,0,0,3,1,,0,20,0,0,0,0,1,4,1,13
,2019-52623,39.674844,-104.9129685,2/1/2019 15:48,15:48,5,0,0,ILIFF AVENUE EAST & MONACO STREET SOUTH,1,1,0,0,2,1,,0,25,0,0,0,0,0,4,1,14
,2019-52625,39.674844,-104.9129685,6/3/2019 17:22,17:22,3,0,0,ILIFF AVENUE EAST & MONACO STREET SOUTH,1,1,0,0,1,1,,0,35,0,0,0,0,0,4,3,13
,2019-52626,39.674844,-104.9129685,8/29/2019 20:50,20:50,12,0,1,ILIFF AVENUE EAST & MONACO STREET SOUTH,1,3,0,0,1,1,,0,35,0,0,0,0,2,4,2,5
,2019-52627,39.674844,-104.9129685,9/12/2019 8:26,8:26,13,0,1,ILIFF AVENUE EAST & MONACO STREET SOUTH,1,1,0,0,1,1,,0,30,0,0,0,0,1,4,2,3
,2019-52628,39.674817,-104.945328,2/6/2019 15:52,15:52,3,0,0,ILIFF AVENUE EAST & MONROE STREET NORTH,5,1,0,0,1,1,,0,25,0,0,0,0,0,4,2,13
,2019-52630,39.733659,-104.997618,3/12/2019 17:38,17:38,3,0,1,INCA STREET NORTH & 11TH AVENUE WEST,1,1,1,0,1,1,,0,25,0,0,0,0,1,4,2,13
,2019-52631,39.7288755,-104.9975772,3/6/2019 18:06,18:06,6,0,1,INCA STREET & 2900 BLOCK NORTH,1,3,0,0,1,4,,0,25,0,0,0,0,2,4,2,2
,2019-52632,39.7288755,-104.9975772,3/7/2019 13:51,13:51,9,0,0,INCA STREET & 4485 NORTH,1,1,0,0,1,4,,0,25,0,0,0,0,0,4,3,13
,2019-52633,39.728898,-104.997582,7/30/2019 15:14,15:14,3,0,1,INCA STREET NORTH & EIGHTH AVENUE WEST,1,1,0,0,1,1,,0,25,0,0,0,0,1,4,4,9
,2019-52634,39.68757,-104.9734395,6/12/2019 12:20,12:20,3,0,0,IOWA AVENUE EAST & DOWNING STREET SOUTH,1,1,0,0,1,1,,0,25,0,0,0,0,0,4,2,13
,2019-52635,39.687561,-104.9863005,10/17/2019 15:34,15:34,3,0,1,IOWA AVENUE EAST & LINCOLN STREET SOUTH,1,1,0,0,1,1,,0,25,0,0,0,0,1,4,2,13
,2019-52636,39.79503,-104.7521115,5/11/2019 8:35,8:35,9,0,0,IRELAND STREET NORTH & MAXWELL PLACE EAST,1,3,0,0,4,1,,0,,0,0,0,0,0,4,1,13
,2019-52637,39.76367273,-105.0300315,2/1/2019 12:26,12:26,6,0,0,IRVING STREET & 1700 BLOCK SOUTH,1,3,1,0,1,4,,0,25,0,0,0,0,0,4,2,13
,2019-52638,39.746367,-105.029919,9/6/2019 14:50,14:50,3,0,0,IRVING STREET NORTH & 19TH AVENUE WEST,1,1,0,0,1,1,,0,25,0,0,0,0,0,4,2,13
,2019-52639,39.747357,-104.999841,9/14/2019 20:04,20:04,10,0,0,LARIMER STREET & 14TH STREET,1,3,0,0,1,1,,0,25,0,0,0,0,0,4,2,13
,2019-52640,39.762108,-105.0300315,7/17/2019 10:20,10:20,12,0,0,IRVING STREET NORTH & 32ND AVENUE WEST,1,1,0,0,1,1,,0,25,0,0,0,0,0,4,2,13
,2019-52641,39.76367273,-105.0300315,11/5/2019 20:25,20:25,3,0,0,IRVING STREET NORTH & 3700 BLOCK NORTH,1,3,0,0,1,2,,0,30,0,0,0,0,0,4,2,13
,2019-52642,39.767418,-105.0299415,12/26/2019 17:28,17:28,3,0,0,IRVING STREET NORTH & 37TH AVENUE WEST,1,3,0,0,1,1,,0,25,0,0,0,0,0,4,2,3
,2019-52643,39.76956,-105.0298515,3/23/2019 23:58,23:58,3,0,1,IRVING STREET NORTH 3800 BLOCK & 38TH AVENUE WEST,1,3,0,0,1,1,,0,35,0,0,0,0,2,4,2,14