id,drcog_id,latitude,longitude,crashtime,time,crashtype,numbkilled,numbinjurd,drcoglocat,rdconditin,lightngcon,roadcntgrd,weatherco,location,roaddescrp,schoolzone,constrzone,splimit,bikeinv,sctrinv,pedinv,motoinv,svrty,rdsystem,ttlvehcls,hcf
,2019-52644,39.769407,-105.0299505,8/24/2019 14:00,14:00,1,0,0,IRVING STREET NORTH & 38TH AVENUE WEST,1,1,0,0,1,1,,0,35,0,0,0,0,0,4,2,7
,2019-52645,39.76367273,-105.0300315,1/24/2019 16:59,16:59,5,0,0,IRVING STREET & 500 SOUTH,5,2,1,0,3,4,,0,25,0,0,0,0,0,4,1,13
,2019-52646,39.694896,-105.029748,12/5/2019 15:41,15:41,15,0,0,IRVING STREET SOUTH & ARIZONA AVENUE WEST,2,1,0,1,1,1,,0,25,0,0,0,0,0,4,2,13
,2019-52647,39.691296,-105.02973,1/1/2019 3:12,3:12,3,0,0,IRVING STREET SOUTH & ARKANSAS AVENUE WEST,4,3,0,2,1,1,,0,30,0,0,0,0,0,4,2,13
,2019-52648,39.678183,-105.029802,2/17/2019 2:05,2:05,3,0,0,IRVING STREET SOUTH & EVANS AVENUE WEST,1,3,0,0,1,1,,0,25,0,0,0,0,0,4,2,13
,2019-52649,39.689469,-105.029712,4/24/2019 1:49,1:49,5,0,0,IRVING STREET SOUTH & FLORIDA AVENUE WEST,1,3,0,0,2,3,,0,30,0,0,0,0,0,4,1,16
,2019-52650,39.693105,-105.02973,4/6/2019 21:37,21:37,3,0,0,IRVING STREET SOUTH & LOUISIANA AVENUE WEST,1,3,0,0,1,1,,0,25,0,0,0,0,0,4,2,8
,2019-52651,39.685887,-105.0297975,10/5/2019 18:07,18:07,3,0,0,IRVING STREET SOUTH & MEXICO AVENUE WEST,1,2,0,0,1,1,,0,25,0,0,0,0,0,4,2,13
,2019-52652,39.696768,-105.0297615,5/6/2019 11:05,11:05,1,0,0,IRVING STREET SOUTH & MISSISSIPPI AVENUE WEST,1,1,0,0,1,1,,0,25,0,0,0,0,0,4,2,13
,2019-52653,39.710313,-105.029811,6/7/2019 16:12,16:12,3,0,2,IRVING STREET SOUTH & NEVADA PLACE WEST,2,1,0,1,1,1,,0,30,0,0,0,0,1,4,2,13
,2019-52654,39.751074,-104.9950215,3/16/2019 11:54,11:54,15,0,0,LARIMER STREET & 18TH STREET,1,1,0,0,1,1,,0,25,0,0,0,0,0,4,2,14
,2019-52655,39.707649,-105.029838,2/8/2019 15:42,15:42,3,0,1,IRVING STREET SOUTH & VIRGINIA AVENUE WEST,1,1,0,0,1,1,,0,25,0,0,0,0,1,4,2,2
,2019-52656,39.667707,-105.0298695,11/22/2019 10:38,10:38,3,0,0,IRVING STREET SOUTH & YALE AVENUE WEST,2,1,0,2,1,1,,0,25,0,0,0,0,0,4,2,13
,2019-52657,39.75916558,-104.921095,1/13/2019 12:30,12:30,6,0,0,IVANHOE STREET & 1900 BLOCK NORTH,1,1,0,0,1,4,,0,25,0,0,0,0,0,4,2,3
,2019-52658,39.74141665,-104.943051,8/12/2019 10:38,10:38,6,0,0,JACKSON STREET & 1300 BLOCK NORTH,1,1,0,0,1,4,,0,25,0,0,0,0,0,4,2,13
,2019-52659,39.74141665,-104.943051,9/17/2019 18:35,18:35,6,0,0,JACKSON STREET & 2600 BLOCK SOUTH,1,1,0,0,1,4,,0,25,0,0,0,0,0,4,2,12
,2019-52660,39.768093,-104.942862,10/27/2019 2:18,2:18,12,0,0,JACKSON STREET NORTH & 37TH AVENUE EAST,2,3,0,2,1,1,,0,25,0,0,0,0,0,4,2,13
,2019-52661,39.77289,-104.9429205,2/11/2019 16:15,16:15,10,0,0,JACKSON STREET NORTH & 40TH AVENUE EAST,1,1,0,0,1,1,,0,25,0,0,0,0,0,4,2,1
,2019-52662,39.831858,-104.69295,2/24/2019 20:20,20:20,3,0,0,JACKSON GAP ROAD & 75TH AVENUE,1,3,0,0,1,1,,0,40,0,0,0,0,0,4,2,13
,2019-52663,39.831858,-104.69295,12/20/2019 22:59,22:59,3,0,0,JACKSON GAP STREET & 75TH AVENUE EAST,1,3,0,0,1,1,,0,45,0,0,0,0,0,4,2,1
,2019-52664,39.771711,-104.9030235,5/26/2019 13:30,13:30,15,0,0,QUEBEC STREET NORTH & SMITH ROAD EAST,1,1,1,0,1,4,,0,35,0,0,0,0,0,4,2,8
,2019-52665,39.82518527,-104.6955058,2/24/2019 13:54,13:54,12,0,1,JACKSON GAP STREET & 7600 BLOCK NORTH,8,1,0,0,1,4,,0,30,0,0,0,0,1,4,2,13
,2019-52666,39.82518527,-104.6955058,6/16/2019 23:41,23:41,1,0,3,JACKSON GAP ROAD & 7600 BLOCK NORTH,1,3,0,0,1,1,,0,30,0,0,0,0,2,4,2,1
,2019-52667,39.837978,-104.692878,5/1/2019 4:37,4:37,12,0,0,JACKSON GAP STREET & 78TH AVENUE EAST,2,3,0,0,1,1,,0,35,0,0,0,0,0,4,2,1
,2019-52668,39.837978,-104.692878,10/10/2019 9:15,9:15,3,0,0,JACKSON GAP STREET NORTH & 78TH AVENUE EAST,5,1,0,2,1,1,,0,45,0,0,0,0,0,4,2,14
,2019-52669,39.711447,-104.9425605,3/20/2019 8:21,8:21,3,0,2,JACKSON STREET SOUTH & ALAMEDA AVENUE EAST,1,1,0,0,1,1,,0,25,0,0,0,0,1,4,2,14
,2019-52670,39.711447,-104.9425605,10/2/2019 14:00,14:00,12,0,0,JACKSON STREET SOUTH & ALAMEDA AVENUE EAST,1,1,0,0,1,1,,0,25,0,0,0,0,0,4,2,3
,2019-52671,39.689298,-104.9430285,1/23/2019 7:53,7:53,3,0,0,JACKSON STREET SOUTH & FLORIDA AVENUE EAST,1,1,0,0,1,1,,0,25,0,0,0,0,0,4,2,13
,2019-52672,39.68568,-104.9430195,12/12/2019 8:31,8:31,3,0,0,JACKSON STREET SOUTH & MEXICO AVENUE EAST,1,1,0,0,1,1,,0,30,0,0,0,0,0,4,2,13
,2019-52673,39.69657,-104.943042,1/2/2019 17:10,17:10,3,0,0,JACKSON STREET SOUTH & MISSISSIPPI AVENUE EAST,4,1,0,0,1,1,,0,25,0,0,0,0,0,4,2,13
,2019-52674,39.69657,-104.943042,8/31/2019 11:09,11:09,3,0,0,JACKSON STREET SOUTH & MISSISSIPPI AVENUE EAST,1,1,0,0,1,1,,0,25,0,0,0,0,0,4,2,13
,2019-52675,39.833469,-104.692932,6/7/2019 1:36,1:36,1,0,2,JACKSON GAP STREET & PENA BOULEVARD,1,3,0,0,1,1,,0,30,0,0,0,0,2,4,2,1
,2019-52676,39.833469,-104.692932,6/8/2019 0:10,0:10,1,0,1,JACKSON GAP STREET & PENA BOULEVARD,1,3,0,0,6,1,,0,30,0,0,0,0,1,3,2,7
,2019-52677,39.833469,-104.692932,6/19/2019 18:59,18:59,12,0,0,JACKSON GAP STREET NORTH & PENA BOULEVARD,1,1,0,0,1,1,,0,35,0,0,0,0,0,4,2,1
,2019-52678,39.833469,-104.692932,7/13/2019 5:55,5:55,12,0,0,JACKSON GAP STREET NORTH 7500 BLOCK & PENA BOULEVARD INBOUND,1,1,0,0,1,3,,0,45,0,0,0,0,0,4,2,13
,2019-52679,39.833469,-104.692932,7/23/2019 7:40,7:40,1,0,1,JACKSON STREET NORTH & PENA BOULEVARD,1,1,0,0,1,1,,0,45,0,0,0,0,2,4,2,14
,2019-52680,39.833469,-104.692932,8/12/2019 19:57,19:57,1,0,0,JACKSON GAP STREET NORTH & PENA BOULEVARD,1,3,0,0,1,1,,0,35,0,0,0,0,0,4,2,7
,2019-52681,39.833469,-104.692932,8/23/2019 22:29,22:29,1,0,0,JACKSON GAP STREET & PENA BOULEVARD,1,3,0,0,1,1,,0,45,0,0,0,0,0,4,2,7
,2019-52682,39.833469,-104.692932,9/25/2019 13:55,13:55,1,0,2,JACKSON GAP STREET NORTH & PENA BOULEVARD EASTBOUND ON RAMP,1,1,0,0,1,1,,0,35,0,0,0,0,1,4,2,8
,2019-52683,39.751074,-104.918751,3/15/2019 18:25,18:25,3,0,0,JASMINE STREET NORTH & 23RD AVENUE EAST,1,2,0,0,1,1,,0,30,0,0,0,1,0,4,2,7
,2019-52684,39.704031,-104.999211,12/31/2019 8:05,8:05,10,0,0,JASON STREET 700 BLOCK SOUTH & EXPOSITION AVENUE WEST,1,1,0,0,1,1,,0,30,0,0,0,0,0,4,2,7
,2019-52685,39.787011,-104.8050495,6/22/2019 3:50,3:50,5,0,0,JASPER STREET NORTH & 51ST AVENUE EAST,2,3,0,1,3,1,,0,25,0,0,0,0,0,4,1,14
,2019-52686,39.651111,-104.884839,5/31/2019 12:19,12:19,12,0,1,JEFFERSON AVENUE EAST  & YOSEMITE STREET SOUTH,1,1,0,0,1,1,,0,35,0,0,0,0,1,4,4,13
,2019-52687,39.651111,-104.884839,9/13/2019 20:25,20:25,3,0,0,JEFFERSON AVENUE EAST & YOSEMITE STREET SOUTH,1,1,0,0,1,1,,0,35,0,0,0,0,0,4,2,14
,2019-52688,39.68220408,-105.0344755,11/22/2019 8:30,8:30,3,0,0,JEWELL AVENUE WEST & 3100 BLOCK WEST,5,1,0,2,1,2,,0,30,0,0,0,0,0,4,2,13
,2019-52689,39.682287,-105.020343,5/24/2019 11:45,11:45,1,0,0,JEWELL AVENUE WEST & CLAY STREET SOUTH,1,1,0,0,1,1,,0,25,0,0,0,0,0,4,2,3
,2019-52690,39.682071,-104.934663,4/3/2019 13:50,13:50,14,0,1,JEWELL AVENUE EAST & CLERMONT STREET SOUTH,1,1,0,0,1,1,,0,25,0,0,0,0,2,4,3,1
,2019-52691,39.68226,-105.0237315,9/17/2019 16:40,16:40,1,0,0,JEWELL AVENUE WEST & ELIOT STREET EAST,1,1,0,0,1,1,,0,25,0,0,0,0,0,4,2,14
,2019-52692,39.682125,-104.9687235,5/2/2019 8:00,8:00,3,0,1,JEWELL AVENUE EAST & FRANKLIN STREET SOUTH,1,1,0,0,1,1,,0,25,0,0,0,0,1,4,2,13
,2019-52693,39.682251,-105.027489,6/19/2019 17:55,17:55,12,0,2,JEWELL AVENUE WEST & HAZEL COURT SOUTH,1,1,0,0,1,4,,0,30,0,0,0,0,1,4,2,3
,2019-52694,39.682071,-104.922234,1/8/2019 20:56,20:56,1,0,0,JEWELL AVENUE EAST & HOLLY STREET SOUTH,1,3,1,0,1,1,,0,30,0,0,0,0,0,4,2,13
,2019-52695,39.682242,-105.0297885,8/17/2019 22:55,22:55,3,0,0,JEWELL AVENUE WEST & IRVING STREET SOUTH,1,3,0,0,1,1,,0,30,0,0,0,0,0,4,2,7
,2019-52696,39.682242,-105.0297885,8/24/2019 16:30,16:30,3,0,0,JEWELL AVENUE WEST & IRVING STREET SOUTH,1,1,0,0,1,1,,0,30,0,0,0,0,0,4,2,3
,2019-52697,39.682224,-105.033222,10/31/2019 18:05,18:05,3,0,0,JEWELL AVENUE WEST & KING STREET SOUTH,1,2,0,0,1,1,,0,35,0,0,0,0,0,4,2,3
,2019-52698,39.682206,-105.0343515,9/9/2019 7:32,7:32,3,0,0,JEWELL AVENUE WEST & LOWELL BOULEVARD SOUTH,1,1,0,0,1,1,,0,25,0,0,0,0,0,4,2,13
,2019-52699,39.682206,-105.0343515,11/13/2019 15:33,15:33,9,0,1,JEWELL AVENUE WEST & LOWELL BOULEVARD SOUTH,1,2,0,0,1,1,,0,30,0,0,0,0,1,4,1,3
,2019-52700,39.682215,-105.039198,4/16/2019 14:10,14:10,1,0,0,JEWELL AVENUE WEST & PASEO WAY SOUTH,1,1,0,0,1,1,,0,30,0,0,0,0,0,4,2,3
,2019-52701,39.68217,-105.00183,2/8/2019 16:58,16:58,3,0,0,JEWELL AVENUE WEST & PLATTE RIVER DRIVE SOUTH,1,1,1,0,1,1,,0,30,0,0,0,0,0,4,2,3
,2019-52702,39.682287,-105.011019,10/24/2019 8:47,8:47,3,0,0,JEWELL AVENUE WEST & TEJON STREET SOUTH,2,1,0,0,1,1,,0,25,0,0,0,0,0,4,2,3
,2019-52703,39.682242,-105.0442695,2/10/2019 15:55,15:55,12,0,0,JEWELL AVENUE WEST & TENNYSON STREET SOUTH,1,1,0,0,1,1,,0,35,0,0,0,0,0,4,2,3
,2019-52704,39.682242,-105.0442695,4/17/2019 17:21,17:21,1,0,0,JEWELL AVENUE WEST & TENNYSON STREET SOUTH,1,1,0,0,1,1,,0,30,0,0,0,0,0,4,2,13
,2019-52705,39.682305,-105.0133635,6/11/2019 14:35,14:35,12,0,0,JEWELL AVENUE WEST & VALLEJO STREET SOUTH,1,1,0,0,1,1,,0,30,0,0,0,0,0,4,2,3
,2019-52706,39.682332,-105.015681,1/24/2019 6:50,6:50,3,0,1,JEWELL AVENUE WEST & ZUNI STREET SOUTH,4,3,0,2,1,1,,0,30,0,0,0,0,2,4,2,3
,2019-52707,39.682332,-105.015681,2/1/2019 9:04,9:04,3,0,0,JEWELL AVENUE WEST & ZUNI STREET SOUTH,1,1,0,0,1,1,,0,25,0,0,0,0,0,4,2,13
,2019-52708,39.790314,-104.8613535,12/6/2019 7:35,7:35,10,0,0,JOLIET STREET NORTH & 51ST AVENUE EAST,5,1,0,0,1,1,,0,30,0,0,0,0,0,4,2,1
,2019-52710,39.73141892,-104.9592772,3/7/2019 20:49,20:49,6,0,0,JOSEPHINE STREET & 1000 BLOCK NORTH,1,3,0,0,1,4,,0,35,0,0,0,0,0,4,2,13
,2019-52711,39.69082935,-104.9581321,4/28/2019 8:43,8:43,6,0,0,JOSEPHINE SOUTH & 1100 BLOCK NORTH,1,1,0,0,1,4,,0,25,0,0,0,0,0,4,4,12
,2019-52712,39.733434,-104.958639,10/28/2019 7:15,7:15,12,0,0,JOSEPHINE STREET NORTH & 11TH AVENUE EAST,4,1,0,2,1,1,,0,30,0,0,0,0,0,4,2,7
,2019-52713,39.733434,-104.958639,11/13/2019 13:29,13:29,10,0,0,JOSEPHINE STREET NORTH & 11TH AVENUE EAST,1,1,0,0,1,1,,0,30,0,0,0,0,0,4,2,8
,2019-52714,39.694356,-104.958378,5/4/2019 7:20,7:20,6,0,0,JOSEPHINE STREET SOUTH & 1217 SOUTH JOSEPHINE STREET,1,2,0,0,1,4,,0,25,0,0,0,0,0,4,2,14
,2019-52715,39.735072,-104.958648,6/25/2019 9:30,9:30,10,0,0,JOSEPHINE STREET NORTH & 12TH AVENUE EAST,1,1,0,0,1,1,,0,30,0,0,0,0,0,4,2,8
,2019-52716,39.735072,-104.958648,7/15/2019 11:09,11:09,10,0,0,JOSEPHINE STREET NORTH & 12TH AVENUE EAST,1,1,0,0,1,1,,0,30,0,0,0,0,0,4,2,13
,2019-52717,39.735072,-104.958648,8/3/2019 7:50,7:50,10,0,0,JOSEPHINE STREET NORTH & 12TH AVENUE EAST,1,1,0,0,1,1,,0,25,0,0,0,0,0,4,2,8
,2019-52718,39.736809,-104.958639,2/7/2019 21:46,21:46,3,0,0,JOSEPHINE STREET NORTH & 13TH AVENUE EAST,4,3,1,0,1,1,,0,30,0,0,0,0,0,4,2,13
,2019-52719,39.736944,-104.9582745,3/6/2019 8:00,8:00,12,0,0,JOSEPHINE STREET 1300 BLOCK NORTH & 13TH AVENUE EAST,1,1,0,0,1,1,,0,30,0,0,0,0,0,4,2,7
,2019-52720,39.738357,-104.958702,8/16/2019 23:30,23:30,3,0,0,JOSEPHINE STREET NORTH & 14TH AVENUE EAST,1,3,0,0,1,1,,0,30,0,0,0,0,0,4,2,12
,2019-52721,39.738357,-104.958702,9/5/2019 10:33,10:33,3,0,0,JOSEPHINE STREET NORTH & 14TH AVENUE EAST,1,1,1,0,1,1,,0,30,0,0,0,0,0,4,3,3
,2019-52722,39.741606,-104.9591925,3/16/2019 18:45,18:45,10,0,0,JOSEPHINE STREET NORTH & 16TH AVENUE EAST,1,2,0,0,1,1,,0,35,0,0,0,0,0,4,2,7
,2019-52723,39.741606,-104.9591925,6/8/2019 16:25,16:25,15,0,0,JOSEPHINE STREET NORTH & 16TH AVENUE EAST,1,1,0,0,1,1,,0,35,0,0,0,0,0,4,2,13
,2019-52724,39.741606,-104.9591925,6/9/2019 16:28,16:28,3,0,0,JOSEPHINE STREET NORTH & 16TH AVENUE EAST,1,1,0,0,1,1,,0,30,0,0,0,0,0,4,2,8
,2019-52725,39.743415,-104.95926,5/30/2019 12:00,12:00,3,0,0,JOSEPHINE STREET NORTH & 17TH AVENUE EAST,1,1,0,0,1,1,,0,,0,0,0,0,0,4,2,8
,2019-52726,39.743415,-104.95926,8/22/2019 13:14,13:14,3,0,0,JOSEPHINE STREET NORTH & 17TH AVENUE EAST,1,1,0,0,1,1,,0,30,0,0,0,0,0,4,2,3
,2019-52727,39.743415,-104.95926,11/1/2019 21:56,21:56,3,0,0,JOSEPHINE STREET NORTH & 17TH AVENUE EAST,1,3,0,0,1,1,,0,,0,0,0,0,0,4,2,13
,2019-52728,39.754458,-104.9585805,8/27/2019 15:51,15:51,3,0,0,JOSEPHINE STREET NORTH & 26TH AVENUE EAST,1,1,0,0,1,1,,0,25,0,0,0,0,0,4,3,1
,2019-52729,39.761739,-104.958234,11/28/2019 20:53,20:53,6,0,0,JOSEPHINE STREET NORTH & 3152 NORTH JOSEPHINE STREET,4,3,0,2,1,4,,0,25,0,0,0,0,0,4,2,13
,2019-52730,39.776409,-104.95827,9/5/2019 6:48,6:48,10,0,0,JOSEPHINE STREET NORTH & 43RD AVENUE EAST,1,1,0,0,1,1,,0,35,0,0,0,0,0,4,2,3
,2019-52731,39.777669,-104.95827,6/13/2019 21:07,21:07,6,0,0,JOSEPHINE STREET NORTH & 44TH AVENUE EAST,1,3,0,0,1,4,,0,,0,0,0,0,0,4,2,13
,2019-52732,39.777669,-104.95827,7/31/2019 17:30,17:30,3,0,2,JOSEPHINE STREET NORTH & 44TH AVENUE EAST,1,1,0,0,1,1,,0,25,0,0,0,0,2,4,2,1
,2019-52733,39.778929,-104.958261,1/11/2019 16:36,16:36,3,0,0,JOSEPHINE STREET NORTH & 45TH AVENUE EAST,2,3,0,2,1,1,,0,25,0,0,0,0,0,4,2,1
,2019-52734,39.778929,-104.958261,1/15/2019 12:47,12:47,3,0,0,JOSEPHINE STREET NORTH & 45TH AVENUE EAST,1,1,0,0,1,1,,0,30,0,0,0,0,0,4,2,13
,2019-52735,39.781953,-104.958162,2/22/2019 12:09,12:09,15,0,0,JOSEPHINE STREET NORTH & 47TH AVENUE EAST,1,1,0,0,1,1,,0,25,0,0,0,0,0,4,2,1
,2019-52736,39.724128,-104.9582565,6/25/2019 18:50,18:50,3,0,0,JOSEPHINE STREET NORTH & FIFTH AVENUE EAST,1,1,0,0,1,1,,0,25,0,0,0,0,0,4,2,13
,2019-52737,39.727107,-104.959062,10/25/2019 18:38,18:38,3,0,0,JOSEPHINE STREET NORTH & SEVENTH AVENUE EAST,1,3,0,0,1,1,,0,30,0,0,0,0,0,4,2,1
,2019-52738,39.729123,-104.959071,3/11/2019 14:15,14:15,10,0,0,JOSEPHINE STREET NORTH & EIGHTH AVENUE EAST,1,1,1,0,1,1,,0,30,0,0,0,0,0,4,2,7
,2019-52739,39.729123,-104.959071,4/30/2019 15:03,15:03,10,0,0,JOSEPHINE STREET NORTH & EIGHTH AVENUE EAST,1,1,1,0,1,1,,0,30,0,0,0,0,0,4,2,8
,2019-52740,39.729123,-104.959071,10/18/2019 12:33,12:33,10,0,0,JOSEPHINE STREET NORTH & EIGHTH AVENUE EAST,1,1,0,0,1,1,,0,30,0,0,0,0,0,4,2,8
,2019-52741,39.730509,-104.9592105,3/8/2019 17:42,17:42,15,0,0,JOSEPHINE STREET NORTH & NINTH AVENUE EAST,1,3,1,0,1,4,,0,30,0,0,0,0,0,4,2,8
,2019-52742,39.730509,-104.9592105,10/24/2019 6:59,6:59,3,0,0,JOSEPHINE STREET NORTH & NINTH AVENUE EAST,2,2,0,0,1,1,,0,25,0,0,0,0,0,4,2,13
,2019-52743,39.680262,-104.9579325,5/24/2019 12:06,12:06,3,0,0,JOSEPHINE STREET SOUTH & ASBURY STREET EAST,1,1,0,0,1,1,,0,25,0,0,0,0,0,4,2,13
,2019-52744,39.678462,-104.9579415,1/31/2019 15:30,15:30,3,0,0,JOSEPHINE STREET SOUTH & EVANS AVENUE EAST,1,1,0,0,1,1,,0,35,0,0,0,0,0,4,2,13
,2019-52745,39.743937,-105.0314895,1/23/2019 10:47,10:47,3,0,0,JULIAN STREET NORTH & 17TH AVENUE WEST,1,1,0,0,1,1,,0,25,0,0,0,0,0,4,3,8
,2019-52746,39.77664312,-105.03108,5/8/2019 19:02,19:02,6,0,0,JULIAN STREET & 200 BLOCK NORTH,1,1,0,1,1,4,,0,25,0,0,0,0,0,4,2,3
,2019-52747,39.716559,-105.0312285,11/3/2019 7:51,7:51,6,0,0,JULIAN STREET SOUTH & 200 SOUTH JULIAN STREET,5,3,1,0,1,4,,0,25,0,0,0,0,0,4,2,3
,2019-52748,39.679047,-105.0298605,9/24/2019 7:40,7:40,3,0,0,JULIAN CIRCLE SOUTH & IRVING STREET SOUTH,1,1,0,0,1,1,,0,25,0,0,0,0,0,4,2,13
,2019-52749,39.657267,-105.0338115,11/11/2019 7:18,7:18,3,0,0,JULIAN WAY SOUTH & LOWELL BOULEVARD SOUTH,5,2,0,2,1,1,,0,25,0,0,0,0,0,4,2,13
,2019-52750,39.787425,-105.031053,11/3/2019 22:58,22:58,3,0,0,JULIAN STREET NORTH & REGIS BOULEVARD WEST,1,3,0,0,1,3,,0,,0,0,0,0,0,4,2,13
,2019-52751,39.716622,-105.000192,8/13/2019 16:20,16:20,6,0,0,KALAMATH STREET NORTH & 1340 NORTH KALAMATH STREET,1,1,0,0,1,4,,0,30,0,0,0,0,0,4,3,2
,2019-52752,39.736881,-105.0001785,1/8/2019 13:40,13:40,3,0,1,KALAMATH STREET NORTH & 13TH AVENUE WEST,1,1,0,0,1,1,,0,30,0,0,0,0,1,4,2,3
,2019-52753,39.716622,-105.000192,3/1/2019 0:57,0:57,5,0,0,KALAMATH STREET SOUTH & 400 SOUTH KALAMATH STREET,1,3,0,0,1,4,,0,45,0,0,0,0,0,4,1,5
,2019-52754,39.72411,-105.000192,4/18/2019 16:00,16:00,3,0,0,KALAMATH STREET NORTH & FIFTH AVENUE WEST,1,1,0,0,1,1,,0,25,0,0,0,0,0,4,2,8
,2019-52755,39.72411,-105.000192,8/23/2019 16:55,16:55,3,0,0,KALAMATH STREET NORTH & FIFTH AVENUE WEST,1,1,0,0,1,1,,0,35,0,0,0,0,0,4,2,13
,2019-52756,39.726279,-105.000201,2/7/2019 11:55,11:55,10,0,0,KALAMATH STREET NORTH & SIXTH AVENUE WEST,2,1,0,0,1,1,,0,40,0,0,0,0,0,4,2,1
,2019-52757,39.726279,-105.000201,5/10/2019 15:30,15:30,15,0,0,KALAMATH STREET NORTH & SIXTH AVENUE WEST,1,1,0,0,1,3,,0,35,0,0,0,0,0,4,2,13
,2019-52758,39.726279,-105.000201,7/11/2019 7:00,7:00,10,0,0,KALAMATH STREET NORTH & SIXTH AVENUE WEST,1,1,0,0,1,1,,0,35,0,0,0,0,0,4,2,13
,2019-52759,39.726279,-105.000201,8/8/2019 16:00,16:00,12,0,0,KALAMATH STREET NORTH & SIXTH AVENUE WEST,1,1,0,0,1,3,,0,35,0,0,0,0,0,4,2,3
,2019-52760,39.726279,-105.000201,9/30/2019 12:00,12:00,15,0,0,KALAMATH STREET & SIXTH AVENUE,1,1,0,0,1,1,,0,30,0,0,0,0,0,4,2,13
,2019-52761,39.726279,-105.000201,10/27/2019 15:55,15:55,15,0,0,KALAMATH STREET NORTH & SIXTH AVENUE WEST,2,1,0,2,1,1,,0,35,0,0,0,0,0,4,2,13
,2019-52762,39.78774878,-105.0004772,11/8/2019 13:32,13:32,15,0,0,KALAMATH STREET NORTH & 700 BLOCK NORTH,1,1,0,0,1,1,,0,,0,0,0,0,0,4,2,13
,2019-52763,39.78774878,-105.0004772,11/11/2019 10:24,10:24,12,0,0,KALAMATH STREET & 700 BLOCK NORTH,5,1,0,2,1,3,,0,,0,0,0,0,0,4,2,13
,2019-52764,39.727323,-105.0002235,3/16/2019 6:20,6:20,10,0,0,KALAMATH STREET NORTH & SEVENTH AVENUE WEST,1,1,1,0,1,1,,0,30,0,0,0,0,0,4,2,13
,2019-52765,39.727323,-105.0002235,4/21/2019 16:45,16:45,12,0,0,KALAMATH STREET NORTH & SEVENTH AVENUE WEST,1,1,0,0,1,1,,0,35,0,0,0,0,0,4,2,1
,2019-52766,39.727323,-105.0002235,11/4/2019 10:22,10:22,15,0,0,KALAMATH STREET NORTH & SEVENTH AVENUE WEST,1,1,0,0,1,3,,0,30,0,0,0,0,0,4,2,7
,2019-52767,39.78774878,-105.0004772,1/5/2019 11:32,11:32,15,0,0,KALAMATH STREET & 900 BLOCK NORTH,1,1,0,0,1,4,,0,30,0,0,0,0,0,4,2,3
,2019-52768,39.75939647,-105.0232059,3/17/2019 20:22,20:22,5,0,0,SPEER BOULEVARD NORTH & 1800 BLOCK,1,3,1,0,3,4,,0,30,0,0,0,0,0,4,1,5
,2019-52769,39.730518,-105.0001695,6/1/2019 11:27,11:27,3,0,0,KALAMATH STREET NORTH & NINTH AVENUE WEST,1,5,0,7,1,1,,0,30,0,0,0,0,0,4,2,13
,2019-52770,39.730518,-105.0001695,6/17/2019 19:36,19:36,3,0,3,KALAMATH STREET NORTH & NINTH AVENUE WEST,1,1,0,0,1,1,,0,30,0,0,0,0,1,4,3,14
,2019-52771,39.755997,-104.986881,10/31/2019 15:21,15:21,3,0,0,LAWRENCE STREET & 24TH STREET,2,1,0,0,1,1,,0,25,0,0,0,0,0,4,2,13
,2019-52772,39.75993318,-104.9175573,5/13/2019 7:55,7:55,12,0,0,KEARNEY STREET NORTH & 2200 BLOCK NORTH,1,1,0,0,1,4,,0,25,0,0,0,0,0,4,2,13
,2019-52773,39.699972,-105.0156449,5/23/2019 18:21,18:21,3,0,1,KENTUCKY AVENUE WEST & 3300 BLOCK WEST,2,1,0,1,1,2,,0,30,0,0,0,0,1,4,2,14
,2019-52774,39.70035,-105.0367725,9/25/2019 15:10,15:10,12,0,0,KENTUCKY AVENUE WEST & NEWTON STREET SOUTH,1,1,0,0,1,1,,0,30,0,0,0,0,0,4,2,13
,2019-52775,39.700206,-104.927229,11/2/2019 15:01,15:01,12,0,0,KENTUCKY AVENUE EAST & CHERRY CREEK SOUTH DRIVE EAST,1,1,0,0,1,1,,0,25,0,0,0,0,0,4,2,13
,2019-52776,39.700404,-105.0238395,5/13/2019 17:12,17:12,3,0,3,KENTUCKY AVENUE WEST & ELIOT STREET SOUTH,1,1,0,0,1,1,,0,25,0,0,0,0,1,4,2,3
,2019-52777,39.700359,-105.029802,3/16/2019 15:13,15:13,3,0,0,KENTUCKY AVENUE WEST & IRVING STREET SOUTH,1,1,0,0,1,1,,0,25,0,0,0,0,0,4,2,13
,2019-52778,39.700359,-105.029802,10/26/2019 19:20,19:20,3,0,0,KENTUCKY AVENUE WEST & IRVING STREET SOUTH,1,3,0,0,1,1,,0,30,0,0,0,0,0,4,2,13
,2019-52779,39.700359,-105.029802,12/2/2019 8:28,8:28,3,0,0,KENTUCKY AVENUE WEST & IRVING STREET SOUTH,5,1,0,0,1,1,,0,5,0,0,0,0,0,4,2,13
,2019-52780,39.700233,-104.917599,5/28/2019 16:50,16:50,3,0,0,KENTUCKY AVENUE EAST & KEARNEY STREET SOUTH,1,1,0,0,1,1,,0,25,0,0,0,0,0,4,2,3
,2019-52781,39.700242,-104.915259,7/19/2019 15:32,15:32,3,0,2,KENTUCKY AVENUE EAST & LEYDEN STREET SOUTH,1,1,0,0,1,1,,0,25,0,0,0,0,1,4,2,13