id,drcog_id,latitude,longitude,crashtime,time,crashtype,numbkilled,numbinjurd,drcoglocat,rdconditin,lightngcon,roadcntgrd,weatherco,location,roaddescrp,schoolzone,constrzone,splimit,bikeinv,sctrinv,pedinv,motoinv,svrty,rdsystem,ttlvehcls,hcf
,2019-52782,39.700359,-105.034491,5/8/2019 15:14,15:14,13,0,2,KENTUCKY AVENUE WEST & LOWELL BOULEVARD SOUTH,2,1,0,1,1,1,,0,25,0,0,0,0,1,4,3,10
,2019-52783,39.700242,-104.91291,12/11/2019 15:45,15:45,12,0,0,KENTUCKY AVENUE EAST & MONACO STREET SOUTH,1,1,0,0,1,3,,0,25,0,0,0,0,0,4,2,3
,2019-52784,39.700413,-105.0481305,4/6/2019 0:39,0:39,3,0,1,KENTUCKY AVENUE WEST & MORRISON ROAD,1,3,0,0,1,1,,0,35,0,0,0,0,2,4,2,5
,2019-52785,39.70035,-105.0367725,6/12/2019 14:43,14:43,3,0,0,KENTUCKY AVENUE WEST & NEWTON STREET SOUTH,1,1,0,0,1,1,,0,5,0,0,0,0,0,4,2,13
,2019-52786,39.700233,-104.910579,6/5/2019 19:00,19:00,15,0,0,KENTUCKY AVENUE EAST & NIAGARA STREET SOUTH,1,1,0,0,1,3,,0,25,0,0,0,0,0,4,2,13
,2019-52787,39.70035,-105.037911,6/16/2019 12:39,12:39,12,0,0,KENTUCKY AVENUE WEST & OSCEOLIA AVENUE SOUTH,1,1,0,0,1,1,,0,25,0,0,0,0,0,4,2,3
,2019-52788,39.700368,-105.039099,1/11/2019 7:50,7:50,3,0,0,KENTUCKY AVENUE WEST & PATTON COURT SOUTH,6,1,1,2,1,1,,0,25,0,0,0,0,0,4,2,13
,2019-52789,39.700368,-105.039099,9/7/2019 14:44,14:44,3,0,1,KENTUCKY AVENUE WEST & PATTON COURT SOUTH,1,1,0,0,1,1,,0,25,0,0,0,0,1,4,2,13
,2019-52790,39.700368,-105.039099,10/6/2019 14:32,14:32,10,0,0,KENTUCKY AVENUE WEST & PATTON COURT SOUTH,1,1,0,0,1,1,,0,30,0,0,0,0,0,4,2,6
,2019-52791,39.700224,-104.959323,4/18/2019 16:26,16:26,3,0,0,KENTUCKY AVENUE EAST & UNIVERSITY BOULEVARD SOUTH,1,1,0,0,1,1,,0,35,0,0,0,0,0,4,2,13
,2019-52792,39.65218072,-105.039171,8/19/2019 8:51,8:51,3,0,0,KENYON AVENUE WEST & 4500 BLOCK WEST,1,1,0,0,1,2,,0,35,0,0,0,0,0,4,2,7
,2019-52793,39.649104,-104.8978305,6/24/2019 17:53,17:53,12,0,0,KENYON AVENUE EAST & TAMARAC DRIVE SOUTH,1,1,0,0,1,1,,0,30,0,0,0,0,0,4,2,13
,2019-52794,39.77460621,-105.0334093,3/31/2019 15:47,15:47,14,0,0,KING STREET & 1300 BLOCK NORTH,1,1,1,0,1,4,,0,25,0,0,0,0,0,4,2,13
,2019-52795,39.77460621,-105.0334093,10/14/2019 10:50,10:50,6,0,0,KING STREET NORTH & 1300 BLOCK NORTH,1,1,1,0,1,4,,0,25,0,0,0,0,0,4,2,3
,2019-52796,39.736566,-105.033402,11/21/2019 9:58,9:58,15,0,0,KING STREET NORTH & 13TH AVENUE WEST,1,1,1,2,1,1,,0,25,0,0,0,0,0,4,2,13
,2019-52797,39.71655,-105.033681,8/15/2019 21:00,21:00,6,0,0,KING STREET NORTH & 1540 NORTH KING STREET,1,2,0,0,1,4,,0,30,0,0,0,0,0,4,2,13
,2019-52798,39.77460621,-105.0334093,1/17/2019 15:39,15:39,14,0,0,KING STREET & 966 NORTH,1,1,0,0,1,2,,0,25,0,0,0,0,0,4,2,1
,2019-52799,39.714957,-105.03369,9/29/2019 13:47,13:47,3,0,0,KING STREET SOUTH & BAYAUD AVENUE WEST,1,1,0,0,1,1,,0,30,0,0,0,0,0,4,2,3
,2019-52800,39.772881,-104.8016205,11/28/2019 16:56,16:56,3,0,0,KITTREDGE STREET NORTH & 40TH AVENUE EAST,1,3,0,0,1,1,,0,35,0,0,0,0,0,4,2,13
,2019-52801,39.783609,-104.8017105,9/16/2019 7:25,7:25,3,0,0,KITTREDGE STREET NORTH & GREEN VALLEY RANCH BOULEVARD,1,1,3,0,1,1,,0,25,0,0,0,0,0,4,2,1
,2019-52802,39.77490157,-105.0322679,6/25/2019 11:26,11:26,14,0,0,KNOX COURT NORTH & 1400 BLOCK NORTH,1,1,0,0,1,4,,1,25,0,0,0,0,0,4,2,13
,2019-52803,39.713382,-105.0324795,5/31/2019 15:30,15:30,1,0,0,KNOX COURT SOUTH & CEDAR AVENUE WEST,1,1,0,0,1,1,,0,35,0,0,0,0,0,4,2,13
,2019-52804,39.71655,-105.032493,9/1/2019 22:14,22:14,3,0,1,KNOX COURT NORTH & ELLSWORTH AVENUE WEST,1,3,0,0,1,1,,0,25,0,0,0,0,1,4,2,1
,2019-52805,39.678552,-105.032142,10/26/2019 19:27,19:27,8,0,0,KNOX COURT SOUTH & EVANS AVENUE WEST,1,3,0,0,1,1,,0,35,0,0,0,0,0,4,2,3
,2019-52806,39.70224,-105.032439,4/2/2019 19:11,19:11,3,0,0,KNOX COURT SOUTH & OHIO AVENUE WEST,1,2,0,0,1,1,,0,25,0,0,0,0,0,4,2,5
,2019-52807,39.758238,-104.9709015,9/11/2019 16:50,16:50,3,0,0,LAFAYETTE STREET NORTH & 29TH AVENUE EAST,1,1,0,0,1,1,,0,25,0,0,0,0,0,4,2,13
,2019-52808,39.76813766,-104.9708754,7/29/2019 20:10,20:10,6,0,0,LAFAYETTE STREET NORTH & 3700 BLOCK NORTH,1,3,0,0,1,2,,0,25,0,0,0,0,0,4,2,7
,2019-52809,39.707487,-104.971041,6/12/2019 13:25,13:25,1,0,1,LAFAYETTE STREET SOUTH & VIRGINIA AVENUE EAST,1,1,1,0,1,1,,0,25,0,0,0,0,1,4,2,3
,2019-52810,39.676671,-104.971068,9/15/2019 10:15,10:15,3,0,0,LAFAYETTE STREET SOUTH & WARREN AVENUE EAST,1,1,0,0,1,1,,0,25,0,0,0,0,0,4,2,8
,2019-52811,39.699198,-104.888709,10/11/2019 12:59,12:59,1,0,0,LAKESHORE DRIVE & HARBOR DRIVE,1,1,0,0,1,1,,0,25,0,0,0,0,0,4,2,13
,2019-52812,39.666339,-104.951448,1/29/2019 8:23,8:23,5,0,0,LANGLEY COURT & 2708 SOUTH,5,1,0,0,3,4,,0,25,0,0,0,0,0,4,1,13
,2019-52813,39.751074,-104.9950215,6/1/2019 22:01,22:01,10,0,0,LARIMER STREET & 18TH STREET,1,3,0,0,1,1,,0,25,0,0,0,0,0,4,2,13
,2019-52814,39.759498,-104.9841405,2/25/2019 11:50,11:50,1,0,0,LARIMER STREET & 27TH STREET,1,1,0,0,1,1,,0,30,0,0,0,0,0,4,2,13
,2019-52815,39.76047189,-104.9828977,4/26/2019 21:14,21:14,12,0,0,LARIMER STREET & 2900 BLOCK,1,3,0,0,1,4,,0,25,0,0,0,0,0,4,2,13
,2019-52816,39.76047189,-104.9828977,5/25/2019 0:01,0:01,14,0,0,LARIMER STREET & 2900 BLOCK,1,3,0,0,1,4,,0,25,0,0,0,0,0,4,2,5
,2019-52817,39.76416,-104.9781015,5/21/2019 8:18,8:18,3,0,0,LARIMER STREET & 32ND STREET,2,1,0,2,1,1,,0,30,0,0,0,0,0,4,2,3
,2019-52818,39.76047189,-104.9828977,3/6/2019 23:30,23:30,6,0,0,LARIMER STREET & 3400 BLOCK,6,3,0,2,1,4,,0,35,0,0,0,0,0,4,2,5
,2019-52819,39.76695,-104.9745015,6/10/2019 16:15,16:15,3,0,0,LARIMER STREET & 35TH STREET,1,1,0,0,1,1,,0,25,0,0,0,0,0,4,2,1
,2019-52820,39.76695,-104.9745015,8/31/2019 21:37,21:37,1,0,0,LARIMER STREET & 35TH STREET,1,3,0,0,1,1,,0,,0,0,0,0,0,4,3,13
,2019-52821,39.76695,-104.9745015,8/31/2019 22:09,22:09,6,0,0,LARIMER STREET & 35TH STREET,1,3,0,0,1,1,,0,,0,0,0,0,0,4,2,13
,2019-52822,39.75987208,-104.9819017,12/20/2019 9:19,9:19,12,0,0,LAWRENCE STREET & 1300 BLOCK,1,1,0,0,1,3,,0,25,0,0,0,0,0,4,2,14
,2019-52823,39.7467,-104.9989815,7/16/2019 12:35,12:35,12,0,2,LAWRENCE STREET & 14TH STREET,1,1,0,0,1,1,,0,30,0,0,0,0,1,4,2,1
,2019-52824,39.75987208,-104.9819017,10/17/2019 13:26,13:26,15,0,0,LAWRENCE STREET & 1500 BLOCK,1,1,0,0,1,4,,0,30,0,0,0,0,0,4,2,13
,2019-52825,39.749445,-104.995323,3/15/2019 17:14,17:14,12,0,0,LAWRENCE STREET & 17TH STREET,1,1,0,0,1,1,,0,25,0,0,0,0,0,4,2,14
,2019-52826,39.75987208,-104.9819017,1/11/2019 13:04,13:04,12,0,0,LAWRENCE STREET & 1800 BLOCK,2,1,0,2,1,4,,0,30,0,0,0,0,0,4,2,13
,2019-52827,39.752271,-104.991804,1/13/2019 6:24,6:24,3,0,0,LAWRENCE STREET & 20TH STREET,1,2,0,0,1,1,,0,30,0,0,0,0,0,4,2,13
,2019-52828,39.752271,-104.991804,5/20/2019 13:50,13:50,3,0,0,LAWRENCE STREET & 20TH STREET,1,1,0,0,1,1,,0,30,0,0,0,0,0,4,2,13
,2019-52829,39.752271,-104.991804,11/28/2019 11:30,11:30,3,0,0,LAWRENCE STREET & 20TH STREET,5,1,0,0,1,1,,0,30,0,0,0,0,0,4,2,14
,2019-52830,39.75987208,-104.9819017,6/29/2019 1:24,1:24,5,0,0,LAWRENCE STREET & 2100 BLOCK,1,4,0,0,3,5,,0,10,0,0,0,0,0,4,1,5
,2019-52831,39.75417,-104.9893335,1/24/2019 13:50,13:50,3,0,0,LAWRENCE STREET & 22ND STREET,2,1,0,0,1,1,,0,30,0,0,0,0,0,4,2,13
,2019-52832,39.75417,-104.9893335,2/8/2019 9:05,9:05,12,0,0,LAWRENCE STREET & 22ND STREET,6,1,0,0,1,1,,0,30,0,0,0,0,0,4,2,13
,2019-52833,39.75417,-104.9893335,3/8/2019 13:01,13:01,12,0,0,LAWRENCE STREET & 22ND STREET,1,1,0,6,1,1,,0,35,0,0,0,0,0,4,2,13
,2019-52834,39.75417,-104.9893335,3/19/2019 11:48,11:48,3,0,1,LAWRENCE STREET & 22ND STREET,1,1,0,0,1,1,,0,30,0,0,0,0,1,4,2,13
,2019-52835,39.758823,-104.983272,11/10/2019 13:32,13:32,3,0,0,LAWRENCE STREET & 27TH STREET,1,1,0,0,1,1,,0,25,0,0,0,0,0,4,3,8
,2019-52836,39.760677,-104.98086,9/26/2019 19:20,19:20,3,0,0,LAWRENCE STREET & 29TH STREET,1,3,0,0,1,1,,0,25,0,0,0,0,0,4,3,1
,2019-52837,39.74328,-104.9861115,5/13/2019 17:45,17:45,15,0,0,LINCOLN STREET NORTH & 17TH AVENUE EAST,1,1,0,0,1,1,,0,,0,0,0,0,0,4,2,13
,2019-52838,39.7432845,-105.0052545,8/6/2019 17:09,17:09,6,0,0,LAWRENCE STREET & 3029 LAWRENCE STREET,1,1,0,0,1,4,,0,25,0,0,0,0,0,4,4,14
,2019-52839,39.763485,-104.977242,1/4/2019 16:48,16:48,3,0,0,LAWRENCE STREET & 32ND STREET,1,3,0,0,1,1,,0,30,0,0,0,0,0,4,2,8
,2019-52840,39.764403,-104.9760495,6/10/2019 15:45,15:45,3,0,2,LAWRENCE STREET & 33RD STREET,1,1,0,0,1,1,,0,25,0,0,0,0,1,4,2,8
,2019-52841,39.766284,-104.9736285,10/5/2019 23:43,23:43,3,0,0,LAWRENCE STREET & 35TH STREET,1,3,0,0,1,1,,0,,0,0,0,0,0,4,2,13
,2019-52842,39.752316,-104.991444,12/3/2019 8:56,8:56,5,0,0,LAWRENCE STREET 2000 BLOCK & LARIMER STREET,5,1,0,0,3,5,,0,15,0,0,0,0,0,4,1,13
,2019-52843,39.755088,-104.9881095,10/30/2019 20:30,20:30,3,0,0,LAWRENCE STREET & PARK AVENUE WEST,4,3,0,0,1,3,,0,25,0,0,0,0,0,4,2,13
,2019-52844,39.629385,-105.0348105,4/16/2019 16:59,16:59,10,0,0,LAYTON AVENUE WEST & LOWELL BOULEVARD SOUTH,1,1,1,0,1,1,,0,25,0,0,0,0,0,4,2,3
,2019-52845,39.736773,-104.915052,10/12/2019 11:50,11:50,10,0,0,LEYDEN STREET NORTH & 13TH AVENUE EAST,1,1,0,0,1,1,,0,30,0,0,0,0,0,4,2,13
,2019-52846,39.752883,-104.915151,8/18/2019 2:45,2:45,5,0,0,LEYDEN STREET NORTH & 25TH AVENUE EAST,1,4,0,0,2,1,,0,35,0,0,0,0,0,4,1,7
,2019-52847,39.783807,-104.9177295,10/28/2019 7:57,7:57,3,0,0,LEYDEN STREET NORTH & 48TH AVENUE EAST,5,2,1,2,1,1,,0,25,0,0,0,0,0,4,2,7
,2019-52848,39.736881,-104.970681,8/4/2019 15:20,15:20,3,0,0,LFAYETTE STREET NORTH & 13TH AVENUE EAST,1,1,0,0,1,1,,0,30,0,0,0,0,0,4,2,13
,2019-52849,39.751452,-105.010182,4/14/2019 1:42,1:42,5,0,0,LITTLE RAVEN STREET & ELITCH CIRCLE,1,3,0,0,1,1,,0,25,0,0,0,0,0,4,1,13
,2019-52850,39.73383,-104.986161,2/2/2019 5:20,5:20,3,0,2,LINCOLN STREET & 11TH AVENUE,1,3,0,0,1,1,,0,35,0,0,0,0,1,4,3,2
,2019-52851,39.73383,-104.986161,3/20/2019 17:17,17:17,10,0,0,LINCOLN STREET NORTH & 11TH AVENUE EAST,1,1,0,0,1,1,,0,30,0,0,0,0,0,4,2,13
,2019-52853,39.73383,-104.986161,5/28/2019 15:40,15:40,12,0,3,LINCOLN STREET NORTH & 11TH AVENUE EAST,1,1,0,0,1,3,,0,40,0,0,0,0,2,4,2,1
,2019-52854,39.73383,-104.986161,8/2/2019 0:40,0:40,14,0,1,LINCOLN STREET NORTH & 11TH AVENUE EAST,1,3,0,0,1,1,,0,30,0,0,0,0,1,4,2,5
,2019-52855,39.7319935,-104.98617,11/12/2019 9:45,9:45,6,0,0,LINCOLN STREET NORTH & 1200 BLOCK NORTH,1,1,0,0,1,4,,0,30,0,0,0,0,0,4,2,13
,2019-52856,39.735252,-104.98617,9/10/2019 19:20,19:20,12,0,0,LINCOLN STREET NORTH & 12TH AVENUE EAST,1,2,0,0,1,1,,0,30,0,0,0,0,0,4,2,13
,2019-52857,39.735252,-104.98617,11/22/2019 12:53,12:53,12,0,0,LINCOLN STREET NORTH & 12TH AVENUE EAST,2,1,0,0,1,1,,0,30,0,0,0,0,0,4,2,14
,2019-52858,39.736863,-104.98617,1/28/2019 19:50,19:50,3,0,0,LINCOLN STREET NORTH & 13TH AVENUE EAST,6,3,1,0,1,1,,0,35,0,0,0,0,0,4,2,13
,2019-52859,39.738456,-104.9861385,10/26/2019 10:20,10:20,15,0,0,LINCOLN STREET NORTH & 14TH AVENUE EAST,1,1,1,0,1,1,,0,30,0,0,0,0,0,4,2,13
,2019-52860,39.74328,-104.9861115,3/5/2019 6:19,6:19,15,0,0,LINCOLN STREET & 17TH AVENUE EAST,2,1,0,0,1,1,,0,30,0,0,0,0,0,4,2,8
,2019-52861,39.74328,-104.9861115,7/8/2019 8:50,8:50,10,0,0,LINCOLN STREET NORTH & 17TH AVENUE EAST,1,1,0,0,1,1,,0,30,0,0,0,0,0,4,2,13
,2019-52862,39.74328,-104.9861115,12/5/2019 9:30,9:30,5,0,0,LINCOLN STREET NORTH & 17TH AVENUE EAST,6,1,1,0,1,1,,0,,0,0,0,0,0,4,1,13
,2019-52863,39.7319935,-104.98617,4/16/2019 15:25,15:25,6,0,0,LINCOLN STREET & 1800 BLOCK NORTH,1,1,0,0,1,4,,0,,0,0,0,0,0,4,2,13
,2019-52864,39.74481,-104.9861205,3/25/2019 11:10,11:10,12,0,0,LINCOLN STREET NORTH & 18TH AVENUE EAST,1,1,0,0,1,1,,0,30,0,0,0,0,0,4,2,14
,2019-52865,39.74481,-104.9861205,5/17/2019 15:28,15:28,10,0,0,LINCOLN STREET NORTH & 18TH AVENUE EAST,1,1,1,6,1,1,,0,30,0,0,0,0,0,4,2,1
,2019-52866,39.74481,-104.9861205,5/23/2019 21:35,21:35,3,0,0,LINCOLN STREET NORTH & 18TH AVENUE EAST,2,3,1,1,1,1,,0,30,0,0,0,0,0,4,2,3
,2019-52867,39.74481,-104.9861205,6/28/2019 23:05,23:05,10,0,0,LINCOLN STREET SOUTH & 18TH AVENUE,1,3,0,0,1,1,,0,25,0,0,0,0,0,4,2,13
,2019-52868,39.74481,-104.9861205,6/29/2019 16:26,16:26,15,0,0,LINCOLN STREET NORTH & 18TH AVENUE EAST,1,1,0,0,1,1,,0,30,0,0,0,0,0,4,2,13
,2019-52869,39.74481,-104.9861205,8/19/2019 6:09,6:09,15,0,0,LINCOLN STREET NORTH & 18TH AVENUE EAST,1,1,0,0,1,1,,0,30,0,0,0,0,0,4,2,13
,2019-52870,39.74481,-104.9861205,8/27/2019 9:04,9:04,15,0,0,LINCOLN STREET NORTH & 18TH AVENUE EAST,1,1,0,0,1,1,,0,30,0,0,0,0,0,4,2,13
,2019-52871,39.74481,-104.9861205,9/20/2019 11:28,11:28,3,0,0,LINCOLN STREET NORTH & 18TH AVENUE EAST,1,1,1,0,1,1,,0,30,0,0,0,0,0,4,2,13
,2019-52872,39.74481,-104.9861205,12/12/2019 17:53,17:53,15,0,0,LINCOLN STREET NORTH & 18TH AVENUE EAST,1,2,1,0,1,3,,0,30,0,0,0,0,0,4,2,8
,2019-52873,39.74481,-104.9861205,12/30/2019 20:34,20:34,10,0,0,LINCOLN STREET NORTH & 18TH AVENUE EAST,5,3,0,0,1,1,,0,30,0,0,0,0,0,4,2,8
,2019-52874,39.746187,-104.9861025,2/5/2019 8:45,8:45,5,0,0,LINCOLN STREET NORTH & 19TH AVENUE EAST,1,1,1,0,3,1,,0,30,0,0,0,0,0,4,1,7
,2019-52875,39.747546,-104.9861115,8/5/2019 9:45,9:45,12,0,0,LINCOLN STREET NORTH & 20TH AVENUE EAST,1,1,0,0,1,1,,0,30,0,0,0,0,0,4,2,13
,2019-52876,39.747933,-104.9861295,8/7/2019 15:55,15:55,3,0,0,LINCOLN STREET NORTH & 20TH STREET,1,1,1,0,1,1,,0,30,0,0,0,0,0,4,2,8
,2019-52877,39.747933,-104.9861295,8/9/2019 15:00,15:00,15,0,0,LINCOLN STREET NORTH & 20TH STREET,1,1,1,0,1,1,,0,30,0,0,0,0,0,4,2,13
,2019-52878,39.747546,-104.9861115,10/30/2019 17:55,17:55,3,0,0,LINCOLN STREET NORTH & 20TH AVENUE EAST,5,3,0,0,1,1,,0,30,0,0,0,0,0,4,2,13
,2019-52879,39.716541,-104.986278,10/12/2019 21:06,21:06,15,0,0,LINCOLN STREET SOUTH & 250 SOUTH LINCOLN STREET,1,3,0,0,1,4,,0,35,0,0,0,0,0,4,3,13
,2019-52880,39.779577,-104.847129,6/11/2019 9:35,9:35,15,0,1,PEORIA STREET NORTH & 46TH AVENUE EAST,1,1,0,0,1,1,,0,35,0,0,0,0,1,4,2,13
,2019-52881,39.720924,-104.98626,10/7/2019 13:46,13:46,3,0,0,LINCOLN STREET NORTH & THIRD AVENUE EAST,1,1,0,0,1,1,,0,25,0,0,0,0,0,4,2,13
,2019-52882,39.720924,-104.98626,10/24/2019 8:51,8:51,15,0,0,LINCOLN STREET NORTH & THIRD AVENUE EAST,2,1,0,0,1,1,,0,30,0,0,0,0,0,4,2,13
,2019-52883,39.776661,-104.985576,11/5/2019 8:50,8:50,6,0,0,LINCOLN STREET 4400 BLOCK NORTH & 44TH AVENUE EAST,1,1,1,0,1,4,,0,25,0,0,0,0,0,4,2,13
,2019-52884,39.780135,-104.9857785,7/5/2019 17:55,17:55,3,0,0,LINCOLN STREET NORTH & 46TH AVENUE EAST,1,3,0,1,1,1,,0,25,0,0,0,0,0,4,2,13
,2019-52885,39.722544,-104.9862825,11/5/2019 8:59,8:59,3,0,0,LINCOLN STREET NORTH & FOURTH AVENUE EAST,1,1,0,0,1,1,,0,30,0,0,0,0,0,4,3,13
,2019-52886,39.70960244,-104.9863905,2/7/2019 15:55,15:55,15,0,0,LINCOLN SOUTH & 500 BLOCK NORTH,2,1,0,0,1,4,,0,30,0,0,0,0,0,4,2,3
,2019-52887,39.724137,-104.9863095,4/1/2019 15:42,15:42,10,0,0,LINCOLN STREET NORTH & FIFTH AVENUE EAST,1,1,0,1,1,1,,0,30,0,0,0,0,0,4,2,1
,2019-52888,39.724137,-104.9863095,5/12/2019 12:30,12:30,3,0,0,LINCOLN STREET NORTH & FIFTH AVENUE EAST,1,1,0,0,1,1,,0,30,0,0,0,0,0,4,2,13
,2019-52889,39.724137,-104.9863095,10/1/2019 8:47,8:47,3,0,1,LINCOLN STREET NORTH & FIFTH AVENUE EAST,2,1,0,1,1,1,,0,25,0,0,0,0,1,4,2,5
,2019-52890,39.724137,-104.9863095,11/14/2019 7:58,7:58,12,0,0,LINCOLN STREET NORTH & FIFTH AVENUE EAST,1,1,0,0,1,1,,0,25,0,0,0,0,0,4,2,3
,2019-52892,39.70960244,-104.9863905,6/7/2019 15:03,15:03,12,0,0,LINCOLN STREET SOUTH & 600 BLOCK SOUTH,2,1,0,1,1,4,,0,30,0,0,0,0,0,4,3,14
,2019-52893,39.725658,-104.9863095,1/5/2019 11:46,11:46,15,0,1,LINCOLN STREET NORTH & SIXTH AVENUE EAST,1,1,0,0,1,1,,0,30,0,0,0,0,1,4,2,3
,2019-52894,39.725658,-104.9863095,1/8/2019 11:36,11:36,15,0,0,LINCOLN STREET NORTH & SIXTH AVENUE EAST,1,1,0,0,1,1,,0,30,0,0,0,0,0,4,2,13
,2019-52895,39.725658,-104.9863095,1/22/2019 20:10,20:10,10,0,0,LINCOLN STREET NORTH & SIXTH AVENUE EAST,1,3,0,0,1,1,,0,30,0,0,0,0,0,4,2,14
,2019-52896,39.725658,-104.9863095,2/23/2019 16:48,16:48,3,0,0,LINCOLN STREET NORTH & SIXTH AVENUE EAST,1,1,0,0,1,1,,0,35,0,0,0,0,0,4,4,13
,2019-52897,39.727269,-104.986152,5/23/2019 5:10,5:10,12,0,0,LINCOLN STREET NORTH & SEVENTH AVENUE EAST,2,3,0,0,1,1,,0,30,0,0,0,0,0,4,2,13
,2019-52898,39.727269,-104.986152,10/2/2019 14:40,14:40,15,0,1,LINCOLN STREET NORTH & SEVENTH AVENUE EAST,1,1,0,0,1,3,,0,35,0,0,0,0,2,4,2,8
,2019-52899,39.7319935,-104.98617,7/18/2019 16:35,16:35,15,0,0,LINCOLN STREET NORTH & 800 BLOCK NORTH,1,1,0,0,1,4,,0,30,0,0,0,0,0,4,2,13
,2019-52900,39.7319935,-104.98617,12/10/2019 10:10,10:10,15,0,0,LINCOLN STREET & 800 BLOCK NORTH,1,1,0,0,1,4,,0,30,0,0,0,0,0,4,2,3
,2019-52901,39.729087,-104.986152,3/8/2019 9:09,9:09,15,0,0,LINCOLN STREET NORTH & EIGHTH AVENUE EAST,1,1,1,0,1,1,,0,35,0,0,0,0,0,4,2,13
,2019-52902,39.729087,-104.986152,7/12/2019 6:47,6:47,10,0,0,LINCOLN STREET NORTH & EIGHTH AVENUE EAST,1,1,0,0,1,1,,0,35,0,0,0,0,0,4,2,13
,2019-52903,39.729087,-104.986152,9/27/2019 20:06,20:06,10,0,0,LINCOLN STREET NORTH & EIGHTH AVENUE EAST,1,3,0,0,1,1,,0,30,0,0,0,0,0,4,2,13
,2019-52904,39.7319935,-104.98617,4/4/2019 11:47,11:47,12,0,0,LINCOLN STREET NORTH & 900 BLOCK,1,1,0,0,1,4,,0,35,0,0,0,0,0,4,2,13
,2019-52905,39.730419,-104.9861385,6/25/2019 14:45,14:45,15,0,1,LINCOLN STREET NORTH & NINTH AVENUE EAST,1,1,0,0,1,1,,0,30,0,0,0,0,1,4,2,3
,2019-52906,39.730419,-104.9861385,12/17/2019 10:10,10:10,12,0,0,LINCOLN STREET 910 NORTH & NINTH AVENUE EAST,1,1,0,0,1,4,,0,30,0,0,0,0,0,4,2,3
,2019-52907,39.71115,-104.9863905,2/13/2019 23:57,23:57,3,0,0,LINCOLN STREET SOUTH & ALAMEDA AVENUE EAST,1,3,0,0,1,1,,0,35,0,0,0,0,0,4,2,13
,2019-52908,39.71115,-104.9863905,4/26/2019 23:34,23:34,3,0,1,LINCOLN STREET SOUTH & ALAMEDA AVENUE EAST,1,3,0,7,1,1,,0,30,0,0,0,0,2,4,3,8
,2019-52909,39.71115,-104.9863905,6/20/2019 17:41,17:41,12,0,0,LINCOLN STREET SOUTH & ALAMEDA AVENUE EAST,1,1,0,0,1,1,,0,35,0,0,0,0,0,4,2,13
,2019-52910,39.71115,-104.9863905,8/6/2019 5:30,5:30,12,0,0,LINCOLN STREET SOUTH & ALAMEDA AVENUE EAST,1,3,0,0,1,1,,0,30,0,0,0,0,0,4,2,12
,2019-52911,39.71115,-104.9863905,9/13/2019 12:51,12:51,3,0,0,LINCOLN STREET SOUTH & ALAMEDA AVENUE EAST,1,1,0,0,1,1,,0,30,0,0,0,0,0,4,3,13
,2019-52912,39.71115,-104.9863905,10/8/2019 18:20,18:20,15,0,0,LINCOLN STREET SOUTH & ALAMEDA AVENUE EAST,1,1,0,0,1,3,,0,30,0,0,0,0,0,4,2,3
,2019-52913,39.691179,-104.9862915,3/6/2019 19:00,19:00,3,0,0,LINCOLN STREET SOUTH & ARKANSAS AVENUE EAST,1,2,0,0,1,1,,0,25,0,0,0,0,0,4,2,8
,2019-52914,39.714741,-104.9863005,3/6/2019 15:20,15:20,3,0,0,LINCOLN STREET SOUTH & BAYAUD AVENUE EAST,1,1,0,0,1,1,,0,30,0,0,0,0,0,4,2,8
,2019-52915,39.705696,-104.9863185,1/16/2019 12:55,12:55,3,0,0,LINCOLN STREET SOUTH & CENTER AVENUE EAST,1,1,0,0,1,1,,0,30,0,0,0,0,0,4,2,8
,2019-52916,39.705696,-104.9863185,11/19/2019 19:14,19:14,3,0,0,LINCOLN STREET SOUTH & CENTER AVENUE EAST,1,3,0,0,1,1,,0,30,0,0,0,0,0,4,2,1
,2019-52917,39.709314,-104.9863905,3/12/2019 8:35,8:35,3,0,1,LINCOLN STREET SOUTH & DAKOTA AVENUE EAST,1,1,0,0,1,1,,0,35,0,0,0,0,1,4,2,13
,2019-52918,39.709314,-104.9863905,5/20/2019 13:30,13:30,3,0,0,LINCOLN STREET SOUTH & DAKOTA AVENUE EAST,2,1,0,1,1,1,,0,25,0,0,0,0,0,4,2,8
,2019-52919,39.709314,-104.9863905,8/11/2019 19:51,19:51,3,0,0,LINCOLN STREET SOUTH & DAKOTA AVENUE EAST,1,2,0,0,1,1,,0,25,0,0,0,0,0,4,3,13
,2019-52920,39.709314,-104.9863905,10/17/2019 11:42,11:42,3,0,1,LINCOLN STREET SOUTH & DAKOTA AVENUE EAST,1,1,0,0,1,1,,0,35,0,0,0,0,1,4,2,13
,2019-52921,39.716541,-104.986278,10/24/2019 1:12,1:12,12,0,1,LINCOLN STREET NORTH & ELLSWORTH AVENUE EAST,5,3,0,2,1,1,,0,30,0,0,0,0,1,4,2,13
,2019-52922,39.703878,-104.9863005,4/11/2019 10:50,10:50,12,0,0,LINCOLN STREET SOUTH & EXPOSITION AVENUE EAST,1,1,0,0,1,1,,0,30,0,0,0,0,0,4,2,13
,2019-52923,39.687561,-104.9863005,10/16/2019 13:03,13:03,3,0,0,LINCOLN STREET SOUTH & IOWA AVENUE EAST,1,1,0,0,1,1,,0,25,0,0,0,0,0,4,2,8