id,drcog_id,latitude,longitude,crashtime,time,crashtype,numbkilled,numbinjurd,drcoglocat,rdconditin,lightngcon,roadcntgrd,weatherco,location,roaddescrp,schoolzone,constrzone,splimit,bikeinv,sctrinv,pedinv,motoinv,svrty,rdsystem,ttlvehcls,hcf
,2019-52924,39.716541,-104.9862825,9/18/2019 17:30,17:30,15,0,0,LINCOLN STREET 1100 BLOCK NORTH & LINCOLN STREET NORTH,1,1,0,0,1,4,,0,30,0,0,0,0,0,4,2,7
,2019-52925,39.703743,-104.9859585,7/15/2019 10:13,10:13,15,0,0,LINCOLN STREET SOUTH 700 BLOCK & WALSH PLACE,1,1,1,0,1,3,,0,30,0,0,0,0,0,4,2,13
,2019-52926,39.725658,-104.9863095,1/3/2019 19:25,19:25,15,0,0,LINCOLN STREET NORTH & SPEER BOULEVARD EAST,1,3,0,0,1,1,,0,30,0,0,0,0,0,4,2,13
,2019-52927,39.725658,-104.9863095,1/7/2019 15:34,15:34,10,0,0,LINCOLN STREET NORTH & SPEER BOULEVARD,1,1,1,0,1,1,,0,30,0,0,0,0,0,4,2,13
,2019-52928,39.725658,-104.9863095,1/23/2019 8:35,8:35,15,0,0,LINCOLN AVENUE NORTH & SPEER BOULEVARD EAST,1,1,0,0,1,1,,0,30,0,0,0,0,0,4,2,13
,2019-52929,39.725658,-104.9863095,6/8/2019 10:00,10:00,15,0,0,LINCOLN STREET NORTH & SPEER BOULEVARD NORTH,1,1,0,0,1,1,,0,30,0,0,0,0,0,4,2,13
,2019-52930,39.725658,-104.9863095,7/15/2019 9:30,9:30,15,0,0,LINCOLN STREET NORTH & SPEER BOULEVARD NORTH,1,1,0,0,1,1,,0,35,0,0,0,0,0,4,2,13
,2019-52931,39.725658,-104.9863095,9/19/2019 0:21,0:21,10,0,0,LINCOLN STREET NORTH & SPEER BOULEVARD EAST,1,3,0,0,1,1,,0,40,0,0,0,0,0,4,2,13
,2019-52932,39.725658,-104.9863095,10/18/2019 20:00,20:00,15,0,0,LINCOLN STREET NORTH & SPEER BOULEVARD EAST,1,3,0,0,1,1,,0,30,0,0,0,0,0,4,2,14
,2019-52933,39.725658,-104.9863095,11/17/2019 17:20,17:20,10,0,1,LINCOLN STREET NORTH & SPEER BOULEVARD NORTH,1,3,1,0,1,1,,0,30,0,0,0,0,1,4,2,13
,2019-52934,39.729321,-105.0344505,12/2/2019 10:57,10:57,3,0,0,LINLEY COURT NORTH & EIGHTH AVENUE WEST,5,1,1,0,1,1,,0,25,0,0,0,0,0,4,2,13
,2019-52935,39.673179,-105.0338115,7/6/2019 9:25,9:25,5,0,0,LINLEY COURT SOUTH & WESLEY AVENUE WEST,1,1,0,0,2,4,,0,30,0,0,0,0,0,4,1,13
,2019-52936,39.732102,-105.0016095,6/20/2019 13:05,13:05,3,0,0,LIPAN STREET NORTH & 10TH AVENUE WEST,1,1,0,0,1,1,,0,30,0,0,0,0,0,4,2,13
,2019-52937,39.72324625,-105.0015375,12/16/2019 15:21,15:21,6,0,0,LIPAN STREET & 1100 BLOCK NORTH,1,1,0,0,1,4,,0,,0,0,0,0,0,4,2,13
,2019-52938,39.7225665,-105.0015487,5/13/2019 10:00,10:00,10,0,0,LIPAN STREET SOUTH & 2130 SOUTH LIPAN STREET,1,1,0,0,1,4,,0,25,0,0,0,0,0,4,2,13
,2019-52939,39.728961,-105.001623,4/26/2019 15:47,15:47,3,0,0,LIPAN STREET NORTH & EIGHTH AVENUE WEST,1,1,1,0,1,1,,0,25,0,0,0,0,0,4,2,13
,2019-52940,39.678516,-105.001758,2/12/2019 13:30,13:30,3,0,0,LIPAN STREET SOUTH & EVANS AVENUE WEST,1,1,0,0,1,1,,0,30,0,0,0,0,0,4,2,1
,2019-52941,39.678516,-105.001758,4/4/2019 15:35,15:35,12,0,0,LIPAN STREET & EVANS AVENUE WEST,1,1,1,0,1,1,,0,30,0,0,0,0,0,4,2,3
,2019-52942,39.7225665,-105.0015487,1/18/2019 14:27,14:27,10,0,0,LIPAN STREET 2000 SOUTH & LIPAN STREET SOUTH,2,1,0,0,1,1,,0,30,0,0,0,0,0,4,2,13
,2019-52943,39.6981,-105.0015195,1/1/2019 11:56,11:56,3,0,0,LIPAN STREET SOUTH & TENNESSEE AVENUE WEST,4,1,1,0,1,1,,0,25,0,0,0,0,0,4,2,7
,2019-52944,39.771081,-104.7452085,4/12/2019 8:09,8:09,15,0,0,LISBON STREET NORTH & 40TH AVENUE EAST,1,1,0,0,1,1,,0,25,0,0,0,0,0,4,2,13
,2019-52945,39.75682417,-105.0043007,5/18/2019 23:00,23:00,6,0,0,LITTLE RAVEN STREET & 1500 BLOCK,1,3,0,0,1,4,,0,20,0,0,0,0,0,4,2,13
,2019-52946,39.759588,-105.0017805,9/13/2019 19:51,19:51,1,0,0,LITTLE RAVEN STREET & 20TH STREET,1,3,0,0,1,1,,0,35,0,0,0,0,0,4,2,13
,2019-52947,39.743388,-104.913963,1/26/2019 15:52,15:52,3,0,0,LOCUST STREET NORTH & 17TH AVENUE EAST,1,1,0,0,1,1,,0,30,0,0,0,0,0,4,2,13
,2019-52948,39.700242,-104.914089,5/8/2019 11:48,11:48,3,0,1,LOCUST STREET SOUTH & KENTUCKY AVENUE EAST,2,1,0,1,1,1,,0,25,0,0,0,0,1,4,2,13
,2019-52949,39.747429,-104.913972,6/26/2019 16:50,16:50,3,0,1,LOCUST STREET NORTH & MONTVIEW BOULEVARD EAST,1,1,0,0,1,1,,0,25,0,0,0,0,1,4,3,1
,2019-52950,39.76648825,-104.9462358,1/18/2019 18:55,18:55,5,0,1,MADISON STREET NORTH & 4375 NORTH,1,3,0,0,2,4,,0,35,0,0,0,0,2,4,1,14
,2019-52951,39.698451,-104.9141205,6/6/2019 16:00,16:00,3,0,0,LOCUST STREET SOUTH & TENNESSEE AVENUE EAST,1,1,0,0,1,1,,0,25,0,0,0,0,0,4,2,13
,2019-52952,39.70716779,-104.9827929,7/29/2019 14:00,14:00,6,0,1,LOGAN STREET SOUTH & 1100 BLOCK SOUTH,1,1,0,0,1,4,,0,30,0,0,0,0,1,4,2,2
,2019-52953,39.733686,-104.9823,2/25/2019 14:25,14:25,15,0,0,LOGAN STREET NORTH & 11TH AVENUE EAST,1,1,0,0,1,1,,0,30,0,0,0,0,0,4,2,13
,2019-52954,39.73199125,-104.9822744,11/13/2019 9:12,9:12,15,0,1,LOGAN STREET NORTH & 1300 BLOCK NORTH,1,1,0,0,1,4,,0,30,0,0,0,0,1,4,2,13
,2019-52955,39.78957815,-104.9828951,2/18/2019 16:03,16:03,12,0,0,LOGAN STREET & 1350 NORTH,2,1,0,0,1,4,,0,25,0,0,0,0,0,4,3,3
,2019-52956,39.736872,-104.9823315,2/15/2019 13:08,13:08,10,0,0,LOGAN STREET NORTH & 13TH AVENUE EAST,1,1,0,0,1,1,,0,35,0,0,0,0,0,4,2,13
,2019-52957,39.736872,-104.9823315,8/4/2019 14:30,14:30,3,0,0,LOGAN STREET NORTH & 13TH AVENUE EAST,1,1,0,0,1,1,,0,30,0,0,0,0,0,4,2,13
,2019-52958,39.736872,-104.9823315,12/4/2019 15:19,15:19,3,0,0,LOGAN STREET NORTH & 13TH AVENUE EAST,1,1,0,0,1,1,,0,30,0,0,0,0,0,4,2,8
,2019-52959,39.741678,-104.9823495,4/3/2019 11:31,11:31,10,0,0,LOGAN STREET NORTH & 16TH AVENUE EAST,1,1,0,0,1,1,,0,30,0,0,0,0,0,4,2,3
,2019-52960,39.741678,-104.9823495,5/6/2019 11:11,11:11,15,0,0,LOGAN STREET NORTH & 16TH AVENUE EAST,1,1,0,0,1,3,,0,30,0,0,0,0,0,4,2,8
,2019-52961,39.744819,-104.982372,1/24/2019 14:29,14:29,15,0,0,LOGAN STREET NORTH & 18TH AVENUE EAST,4,1,0,2,1,1,,0,30,0,0,0,0,0,4,2,12
,2019-52962,39.747546,-104.9823,2/25/2019 17:00,17:00,3,0,0,LOGAN STREET NORTH & 20TH AVENUE EAST,5,1,0,0,1,1,,0,25,0,0,0,0,0,4,2,3
,2019-52963,39.78957815,-104.9828951,1/24/2019 13:05,13:05,6,0,0,LOGAN STREET & 2200 SOUTH,4,1,0,2,1,4,,0,25,0,0,0,0,0,4,2,13
,2019-52964,39.720933,-104.9826105,8/5/2019 17:40,17:40,10,0,0,LOGAN STREET NORTH & THIRD AVENUE EAST,1,1,0,0,1,1,,0,30,0,0,0,0,0,4,2,1
,2019-52965,39.72564,-104.982381,3/8/2019 15:11,15:11,3,0,0,LOGAN STREET NORTH & SIXTH AVENUE EAST,1,1,0,0,1,1,,0,30,0,0,0,0,0,4,3,14
,2019-52966,39.727287,-104.982381,10/15/2019 5:55,5:55,10,0,0,LOGAN STREET NORTH & SEVENTH AVENUE EAST,1,3,0,0,1,1,,0,25,0,0,0,0,0,4,2,7
,2019-52967,39.778911,-104.9498505,5/25/2019 17:17,17:17,5,0,0,STEELE STREET NORTH & 45TH AVENUE EAST,1,1,0,0,3,1,,0,35,0,0,0,0,0,4,1,5
,2019-52968,39.71115,-104.9827905,6/3/2019 18:10,18:10,1,0,0,LOGAN STREET SOUTH & ALAMEDA AVENUE EAST,1,1,0,0,1,1,,0,25,0,0,0,0,0,4,2,13
,2019-52969,39.69117,-104.9827905,5/20/2019 14:30,14:30,3,0,0,LOGAN STREET SOUTH & ARKANSAS AVENUE EAST,2,1,0,1,1,1,,0,25,0,0,0,0,0,4,2,14
,2019-52970,39.680316,-104.9828625,5/30/2019 12:48,12:48,3,0,1,LOGAN STREET SOUTH & ASBURY AVENUE EAST,1,1,0,0,1,1,,0,25,0,0,0,0,2,4,2,1
,2019-52971,39.779577,-104.847129,9/10/2019 15:34,15:34,3,0,0,PEORIA STREET NORTH & 46TH AVENUE EAST,1,1,0,0,1,1,,0,30,0,0,0,0,0,4,2,3
,2019-52972,39.680316,-104.9828625,10/2/2019 17:51,17:51,3,0,0,LOGAN STREET SOUTH & ASBURY AVENUE EAST,1,1,0,0,1,1,,0,30,0,0,0,0,0,4,2,5
,2019-52973,39.697839,-104.9827815,3/25/2019 18:50,18:50,1,0,0,LOGAN STREET SOUTH & BUCHTEL BOULEVARD SOUTH,1,1,0,0,1,1,,0,30,0,0,0,0,0,4,2,13
,2019-52974,39.712941,-104.9827815,6/11/2019 17:24,17:24,3,0,1,LOGAN STREET SOUTH & CEDAR AVENUE EAST,1,1,0,0,1,1,,0,30,0,0,0,0,1,4,3,13
,2019-52975,39.712941,-104.9827815,11/22/2019 7:44,7:44,3,0,0,LOGAN STREET SOUTH & CEDAR AVENUE EAST,4,1,0,2,1,1,,0,25,0,0,0,0,0,4,2,13
,2019-52976,39.705696,-104.9827995,8/13/2019 19:22,19:22,3,0,0,LOGAN STREET SOUTH & CENTER AVENUE EAST,1,3,0,0,1,1,,0,30,0,0,0,0,0,4,2,7
,2019-52977,39.678561,-104.9828715,2/7/2019 1:44,1:44,3,0,0,LOGAN STREET SOUTH & EVANS AVENUE EAST,4,3,1,2,1,1,,0,30,0,0,0,0,0,4,2,7
,2019-52978,39.687561,-104.982813,2/6/2019 12:57,12:57,3,0,1,LOGAN STREET SOUTH & IOWA AVENUE EAST,4,1,0,2,1,1,,0,35,0,0,0,0,2,4,2,7
,2019-52979,39.701988,-104.9827905,3/5/2019 18:35,18:35,12,0,0,LOGAN STREET SOUTH & OHIO AVENUE EAST,2,3,0,0,1,1,,0,30,0,0,0,0,0,4,2,3
,2019-52980,39.722616,-104.982624,3/21/2019 14:27,14:27,15,0,0,LOGAN STREET NORTH & SPEER BOULEVARD EAST,1,1,0,0,1,1,,0,30,0,0,0,0,0,4,2,8
,2019-52981,39.744882,-104.99427,4/21/2019 14:00,14:00,12,0,0,STOUT STREET & 15TH STREET,1,1,0,0,1,1,,0,30,0,0,0,0,0,4,2,13
,2019-52982,39.667716,-104.982858,11/23/2019 9:03,9:03,3,0,0,LOGAN STREET SOUTH & YALE AVENUE EAST,1,1,0,0,1,1,,0,30,0,0,0,0,0,4,2,13
,2019-52983,39.693087,-105.007734,8/3/2019 0:11,0:11,6,0,0,LOUISIANA AVENUE WEST & 1302 SOUTH QUIETO COURT,1,4,0,0,1,4,,0,25,0,0,0,0,0,4,2,5
,2019-52985,39.693078,-105.0066673,8/1/2019 21:06,21:06,12,0,0,LOUISIANA AVENUE WEST & 3100 BLOCK WEST,1,3,0,0,1,3,,0,25,0,0,0,0,0,4,2,12
,2019-52986,39.692961,-104.9687743,2/20/2019 8:32,8:32,3,0,0,LOUISIANA AVENUE & 3600 BLOCK EAST,5,1,0,0,1,5,,0,25,0,0,0,0,0,4,2,13
,2019-52987,39.692952,-104.93622,11/11/2019 8:15,8:15,3,0,0,LOUISIANA AVENUE EAST & BRICH STREET SOUTH,4,1,0,2,1,1,,0,30,0,0,0,0,0,4,2,7
,2019-52988,39.692997,-104.97726,8/12/2019 21:53,21:53,3,0,1,LOUISIANA AVENUE EAST & BUCHTEL BOULEVARD NORTH,1,3,0,0,1,1,,0,30,0,0,0,0,1,4,2,13
,2019-52989,39.692997,-104.97726,10/19/2019 21:57,21:57,1,0,0,LOUISIANA AVENUE EAST & BUCHTEL BOULEVARD EAST,1,3,0,0,1,1,,0,35,0,0,0,0,0,4,2,8
,2019-52990,39.692952,-104.93406,5/21/2019 12:00,12:00,3,0,0,LOUISIANA AVENUE EAST & CHERRY STREET SOUTH,1,1,0,0,1,1,,0,30,0,0,0,0,0,4,2,13
,2019-52991,39.693123,-105.020361,8/21/2019 14:50,14:50,3,0,0,LOUISIANA AVENUE WEST & CLAY STREET SOUTH,1,1,0,0,1,1,,0,25,0,0,0,0,0,4,2,3
,2019-52992,39.693123,-105.020361,12/2/2019 9:06,9:06,3,0,0,LOUISIANA AVENUE WEST & CLAY STREET SOUTH,5,1,0,0,1,1,,0,25,0,0,0,0,0,4,2,13
,2019-52993,39.692988,-104.973408,1/25/2019 11:07,11:07,12,0,0,LOUISIANA AVENUE EAST & DOWNING STREET SOUTH,4,1,0,0,1,3,,0,30,0,0,0,0,0,4,2,7
,2019-52994,39.692961,-104.9617395,9/23/2019 16:00,16:00,12,0,0,LOUISIANA AVENUE EAST & GAYLORD STREET SOUTH,1,1,0,0,1,1,,0,25,0,0,0,0,0,4,3,12
,2019-52995,39.693114,-105.039072,10/8/2019 12:05,12:05,3,0,0,LOUISIANA AVENUE WEST & PATTON COURT SOUTH,1,1,0,0,1,1,,0,30,0,0,0,0,0,4,2,1
,2019-52996,39.693033,-104.985108,9/25/2019 13:42,13:42,10,0,0,LOUISIANA AVENUE EAST & SHERMAN STREET SOUTH,1,1,0,0,1,1,,0,25,0,0,0,0,0,4,2,8
,2019-52997,39.693132,-105.043743,3/24/2019 21:11,21:11,3,0,0,LOUISIANA AVENUE WEST & TENNYSON STREET SOUTH,1,3,0,0,1,1,,0,25,0,0,0,0,0,4,2,7
,2019-52998,39.693114,-105.013638,7/28/2019 17:43,17:43,3,0,0,LOUISIANA AVENUE WEST & VALLEJO STREET SOUTH,1,1,0,0,1,1,,0,35,0,0,0,0,0,4,4,13
,2019-52999,39.692997,-104.9792715,10/4/2019 18:14,18:14,3,0,0,LOUISIANA AVENUE EAST & WASHINGTON STREET SOUTH,1,1,0,0,1,1,,0,30,0,0,0,0,0,4,2,14
,2019-53000,39.693168,-105.0507315,7/4/2019 16:48,16:48,1,0,0,LOUISIANA AVENUE WEST & YATES STREET SOUTH,1,1,0,0,1,1,,0,30,0,0,0,0,0,4,2,3
,2019-53001,39.692961,-104.9605785,8/19/2019 16:45,16:45,3,0,0,LOUISIANA AVENUE EAST & YORK STREET SOUTH,1,1,0,0,1,1,,0,25,0,0,0,0,0,4,2,3
,2019-53002,39.76557047,-105.0346221,2/27/2019 19:06,19:06,12,0,0,LOWELL BOULEVARD & 1400 BLOCK NORTH,1,3,0,0,1,2,,0,20,0,0,0,0,0,4,2,13
,2019-53003,39.747564,-105.034581,1/23/2019 12:05,12:05,5,0,1,LOWELL BOULEVARD 1900 NORTH & 20TH AVENUE WEST,1,1,1,0,2,4,,0,25,0,0,0,0,2,4,3,5
,2019-53004,39.716541,-105.0349005,5/14/2019 4:04,4:04,6,0,0,LOWELL BOULEVARD NORTH & 2114 NORTH LOWELL BOULEVARD,1,3,0,0,1,4,,0,25,0,0,0,0,0,4,2,5
,2019-53005,39.760326,-105.034599,5/2/2019 9:20,9:20,10,0,0,LOWELL BOULEVARD NORTH & 30TH AVENUE WEST,1,1,0,0,1,1,,0,25,0,0,0,0,0,4,2,6
,2019-53006,39.821868,-104.7720285,3/23/2019 14:17,14:17,3,0,0,TOWER ROAD NORTH & 69TH AVENUE EAST,1,1,0,0,1,1,,0,,0,0,0,0,0,4,2,13
,2019-53007,39.76130013,-105.0345316,1/15/2019 12:13,12:13,15,0,0,LOWELL BOULEVARD 3100 BLOCK NORTH & 32ND AVENUE WEST,1,1,1,0,1,4,,0,25,0,0,0,0,0,4,2,13
,2019-53008,39.76557047,-105.0346221,4/12/2019 13:42,13:42,14,0,0,LOWELL BOULEVARD & 3600 BLOCK NORTH,1,1,0,0,1,4,,0,30,0,0,0,0,0,4,2,13
,2019-53009,39.76956,-105.0346125,7/3/2019 11:30,11:30,1,0,0,LOWELL BOULEVARD NORTH & 38TH AVENUE WEST,1,1,0,0,1,1,,0,30,0,0,0,0,0,4,2,13
,2019-53010,39.776724,-105.0346395,12/11/2019 17:36,17:36,1,0,0,LOWELL BOULEVARD NORTH & 44TH AVENUE WEST,1,2,0,0,1,1,,0,30,0,0,0,0,0,4,2,1
,2019-53011,39.780243,-105.034599,11/5/2019 15:16,15:16,3,0,3,LOWELL BOULEVARD NORTH & 46TH AVENUE WEST,1,1,0,0,1,1,,0,30,0,0,0,0,1,4,2,13
,2019-53012,39.780243,-105.034599,11/11/2019 13:28,13:28,3,0,1,LOWELL BOULEVARD NORTH & 46TH AVENUE WEST,2,1,1,0,1,1,,0,30,0,0,0,0,2,4,3,13
,2019-53013,39.783735,-105.03459,1/9/2019 23:24,23:24,1,0,0,LOWELL BOULEVARD NORTH & 48TH AVENUE DRIVE SOUTH WEST,1,3,0,0,1,1,,0,35,0,0,0,0,0,4,2,5
,2019-53014,39.783735,-105.03459,2/8/2019 15:59,15:59,12,0,0,LOWELL BOULEVARD NORTH & 48TH AVENUE WEST,6,1,0,0,1,1,,0,30,0,0,0,0,0,4,2,3
,2019-53015,39.783735,-105.03459,5/4/2019 23:18,23:18,1,0,1,LOWELL BOULEVARD NORTH & 48TH AVENUE WEST,1,3,0,0,1,1,,0,35,0,0,0,0,1,4,2,3
,2019-53016,39.701349,-105.034482,9/18/2019 15:15,15:15,13,0,1,LOWELL BOULEVARD SOUTH & ADA PLACE WEST,1,1,0,0,1,1,,0,20,0,0,0,0,2,4,2,7
,2019-53017,39.665628,-105.0346485,1/11/2019 20:00,20:00,5,0,0,LOWELL BOULEVARD SOUTH & AMHERST AVENUE WEST,6,3,1,2,3,1,,0,35,0,0,0,0,0,4,1,13
,2019-53018,39.665628,-105.0346485,1/18/2019 12:17,12:17,12,0,0,LOWELL BOULEVARD SOUTH & AMHERST AVENUE WEST,6,1,1,2,1,1,,0,25,0,0,0,0,0,4,5,14
,2019-53019,39.661875,-105.035121,10/15/2019 22:46,22:46,12,0,1,LOWELL BOULEVARD SOUTH & DARTMOUTH AVENUE WEST,1,3,1,0,1,3,,0,25,0,0,0,0,1,4,2,14
,2019-53020,39.658959,-105.03513,4/26/2019 13:11,13:11,3,0,1,LOWELL BOULEVARD SOUTH & FLOYD AVENUE WEST,1,1,1,0,1,1,,0,25,0,0,0,0,1,4,2,3
,2019-53021,39.672297,-105.0349095,4/20/2019 14:49,14:49,3,0,0,LOWELL BOULEVARD SOUTH & HARVARD AVENUE WEST,1,1,0,0,1,1,,0,25,0,0,0,0,0,4,2,13
,2019-53022,39.709629,-105.035031,1/24/2019 11:31,11:31,3,0,0,LOWELL BOULEVARD SOUTH & MORRISON ROAD,4,1,0,2,1,1,,0,25,0,0,0,0,0,4,2,13
,2019-53023,39.6324,-105.03477,9/29/2019 12:33,12:33,3,0,0,LOWELL BOULEVARD SOUTH & UNION AVENUE WEST,1,1,0,0,1,1,,0,25,0,0,0,0,0,4,2,13
,2019-53024,39.630978,-105.0348015,7/10/2019 13:27,13:27,12,0,0,LOWELL BOULEVARD SOUTH & WAGON TRAIL DRIVE WEST,1,1,0,0,1,1,,0,30,0,0,0,0,0,4,2,3
,2019-53025,39.725577,-104.8802805,6/4/2019 10:47,10:47,12,0,1,LOWRY BOULEVARD EAST & 8550 EAST LOWRY BOULEVARD,1,1,0,0,1,2,,1,35,0,0,0,0,1,4,2,13
,2019-53026,39.725496,-104.878611,1/8/2019 13:55,13:55,1,0,0,LOWRY BOULEVARD EAST & ALTON WAY NORTH,1,1,0,0,1,1,,0,30,0,0,0,0,0,4,2,13
,2019-53027,39.725496,-104.878611,5/20/2019 15:30,15:30,3,0,0,LOWRY BOULEVARD EAST & ALTON WAY NORTH,1,1,0,0,1,1,,0,25,0,0,0,0,0,4,2,13
,2019-53028,39.725496,-104.878611,9/23/2019 17:30,17:30,3,0,0,LOWRY BOULEVARD EAST & ALTON WAY NORTH,1,1,0,0,1,1,,0,30,0,0,0,0,0,4,2,13
,2019-53029,39.717081,-104.8955512,3/29/2019 20:03,20:03,3,0,0,LOWRY BOULEVARD EAST & FAIRMOUNT DRIVE NORTH,2,3,1,2,1,6,,0,15,0,0,0,0,0,4,2,13
,2019-53030,39.717081,-104.8955512,4/3/2019 16:00,16:00,10,0,0,LOWRY BOULEVARD EAST & FAIRMOUNT DRIVE NORTH,1,1,0,0,1,1,,0,25,0,0,0,1,0,4,2,8
,2019-53031,39.717081,-104.8955512,5/14/2019 10:00,10:00,10,0,0,LOWRY BOULEVARD EAST & FAIRMOUNT DRIVE EAST,1,1,0,0,1,6,,0,25,0,0,0,0,0,4,2,13
,2019-53032,39.717081,-104.8955512,6/7/2019 6:47,6:47,15,0,0,LOWRY BOULEVARD EAST & FAIRMOUNT DRIVE EAST,1,1,0,0,1,6,,0,15,0,0,0,0,0,4,2,13
,2019-53033,39.717081,-104.8955512,6/21/2019 9:38,9:38,10,0,0,LOWRY BOULEVARD EAST & FAIRMOUNT DRIVE EAST,1,1,0,0,1,6,,0,15,0,0,0,0,0,4,2,13
,2019-53034,39.717081,-104.8955512,7/16/2019 6:47,6:47,15,0,1,LOWRY BOULEVARD EAST & FAIRMOUNT DRIVE EAST,1,1,1,0,1,6,,0,25,0,0,0,0,1,4,2,13
,2019-53035,39.717081,-104.8955512,10/3/2019 18:50,18:50,3,0,0,LOWRY BOULEVARD EAST & FAIRMOUNT DRIVE EAST,1,2,0,0,1,6,,0,35,0,0,0,0,0,4,2,1
,2019-53036,39.717081,-104.8955512,10/26/2019 1:18,1:18,5,0,1,LOWRY BOULEVARD EAST & FAIRMOUNT DRIVE EAST,1,3,0,0,2,6,,0,35,0,0,0,0,1,4,1,5
,2019-53037,39.717054,-104.9037885,3/29/2019 12:56,12:56,1,0,0,LOWRY BOULEVARD EAST & QUEBEC STREET NORTH,1,1,0,0,1,1,,0,35,0,0,0,0,0,4,2,1
,2019-53038,39.717054,-104.9037885,8/22/2019 0:00,0:00,1,0,0,LOWRY BOULEVARD EAST & QUEBEC STREET NORTH,1,1,0,0,1,1,,0,45,0,0,0,0,0,4,2,13
,2019-53039,39.717054,-104.9037885,11/1/2019 6:17,6:17,12,0,0,LOWRY BOULEVARD EAST & QUEBEC STREET NORTH,1,1,0,0,1,3,,0,30,0,0,0,0,0,4,2,13
,2019-53040,39.7172925,-104.8960417,3/19/2019 15:27,15:27,15,0,1,LOWRY BOULEVARD EAST & RAMPART WAY NORTH,1,1,0,0,1,6,,0,35,0,0,0,0,1,4,2,13
,2019-53041,39.7172925,-104.8960417,4/30/2019 14:42,14:42,15,0,0,LOWRY BOULEVARD 8000 BLOCK EAST & RAMPART WAY NORTH,1,1,0,0,1,6,,0,15,0,0,0,0,0,4,2,13
,2019-53042,39.7172925,-104.8960417,8/5/2019 8:19,8:19,3,0,0,LOWRY BOULEVARD EAST & RAMPART WAY NORTH,1,1,1,0,1,6,,0,15,0,0,0,0,0,4,2,7
,2019-53043,39.717,-104.8997205,10/3/2019 7:53,7:53,3,0,0,LOWRY BOULEVARD EAST & ROSEMARY STREET NORTH,1,1,0,0,1,1,,0,35,0,0,0,0,0,4,2,13
,2019-53044,39.717,-104.8997205,12/2/2019 20:03,20:03,3,0,0,LOWRY ROAD EAST & ROSEMARY STREET NORTH,6,3,0,0,1,1,,0,45,0,0,0,0,0,4,2,7
,2019-53045,39.719943,-104.890932,1/28/2019 9:20,9:20,3,0,0,LOWRY BOULEVARD EAST & UINTA WAY NORTH,4,1,0,2,1,6,,0,35,0,0,0,0,0,4,2,14
,2019-53046,39.719943,-104.890932,8/31/2019 8:55,8:55,5,0,1,LOWRY BOULEVARD EAST & UINTA WAY NORTH,1,1,0,0,4,6,,0,35,0,0,0,0,2,4,1,14
,2019-53047,39.719943,-104.890932,10/22/2019 6:20,6:20,15,0,0,LOWRY BOULEVARD EAST & UNINTA WAY NORTH,1,4,0,0,1,6,,0,15,0,0,0,0,0,4,2,13
,2019-53048,39.719943,-104.890932,1/14/2019 7:49,7:49,12,0,0,LOWRY BOULEVARD EAST & UNITA STREET NORTH,1,1,0,0,1,6,,0,15,0,0,0,0,0,4,2,13
,2019-53049,39.7239345,-104.883939,1/15/2019 15:07,15:07,3,0,2,LOWRY BOULEVARD EAST & YOSEMITE STREET NORTH,1,1,0,0,1,6,,0,35,0,0,0,0,2,4,2,13
,2019-53050,39.7239345,-104.883939,5/20/2019 7:22,7:22,15,0,0,LOWRY BOULEVARD EAST & YOSEMITE STREET NORTH,2,1,1,1,1,6,,0,15,0,0,0,0,0,4,2,13
,2019-53051,39.7239345,-104.883939,5/31/2019 12:05,12:05,10,0,0,LOWRY BOULEVARD EAST & YOSEMITE STREET NORTH,1,1,0,0,1,1,,0,30,0,0,0,0,0,4,2,7
,2019-53052,39.7239345,-104.883939,6/2/2019 11:26,11:26,10,0,0,LOWRY BOULEVARD EAST & YOSEMITE STREET NORTH,1,1,0,0,1,6,,0,30,0,0,0,0,0,4,2,13
,2019-53053,39.7239345,-104.883939,6/7/2019 15:45,15:45,15,0,0,LOWRY BOULEVARD EAST & YOSEMITE STREET NORTH,1,1,0,0,1,6,,0,35,0,0,0,0,0,4,2,13
,2019-53054,39.7239345,-104.883939,6/25/2019 18:00,18:00,3,0,0,LOWRY BOULEVARD EAST & YOSEMITE STREET NORTH,1,1,0,0,1,1,,0,30,0,0,0,0,0,4,2,13
,2019-53055,39.7239345,-104.883939,7/15/2019 13:30,13:30,10,0,0,LOWRY BOULEVARD EAST & YOSEMITE STREET SOUTH,1,1,0,0,1,6,,0,25,0,0,0,0,0,4,2,8
,2019-53056,39.7239345,-104.883939,7/31/2019 8:01,8:01,15,0,0,LOWRY BOULEVARD EAST & YOSEMITE STREET NORTH,1,1,0,0,1,6,,0,35,0,0,0,0,0,4,2,2
,2019-53057,39.7239345,-104.883939,8/6/2019 17:30,17:30,15,0,0,LOWRY BOULEVARD EAST & YOSEMITE STREET NORTH,1,1,0,0,1,1,,0,25,0,0,0,0,0,4,2,13
,2019-53058,39.7239345,-104.883939,8/23/2019 7:35,7:35,15,0,0,LOWRY BOULEVARD EAST & YOSEMITE STREET NORTH,1,1,0,0,1,6,,0,30,0,0,0,0,0,4,2,13
,2019-53059,39.7239345,-104.883939,9/3/2019 17:00,17:00,15,0,0,LOWRY BOULEVARD EAST & YOSEMITE STREET NORTH,1,1,0,0,1,3,,0,30,0,0,0,0,0,4,2,7
,2019-53060,39.7239345,-104.883939,9/20/2019 7:52,7:52,15,0,0,LOWRY BOULEVARD EAST & YOSEMITE STREET NORTH,1,1,0,0,1,6,,0,35,0,0,0,0,0,4,2,7