id,drcog_id,latitude,longitude,crashtime,time,crashtype,numbkilled,numbinjurd,drcoglocat,rdconditin,lightngcon,roadcntgrd,weatherco,location,roaddescrp,schoolzone,constrzone,splimit,bikeinv,sctrinv,pedinv,motoinv,svrty,rdsystem,ttlvehcls,hcf
,2019-53061,39.7237095,-104.8837095,11/12/2019 9:40,9:40,15,0,0,LOWRY BOULEVARD EAST & YOSEMITE WAY NORTH,1,1,0,0,1,6,,0,25,0,0,0,0,0,4,2,1
,2019-53062,39.7692,-104.946408,10/12/2019 3:41,3:41,12,0,1,MADISON STREET NORTH & 38TH STREET EAST,1,3,0,0,1,1,,0,25,0,0,0,0,1,4,2,14
,2019-53063,39.731661,-104.911632,6/10/2019 11:07,11:07,5,0,0,MAGNOLIA STREET NORTH & 10TH AVENUE EAST,1,1,0,0,3,1,,0,25,0,0,0,0,0,4,1,13
,2019-53064,39.711402,-104.9111505,4/4/2019 16:52,16:52,3,0,1,MAGNOLIA STREET SOUTH & ALAMEDA AVENUE EAST,1,1,0,0,1,1,,0,25,0,0,0,0,1,4,2,1
,2019-53065,39.711402,-104.9111505,7/4/2019 18:45,18:45,15,0,0,MAGNOLIA STREET SOUTH & ALAMEDA AVENUE EAST,2,1,0,1,1,1,,0,40,0,0,0,0,0,4,2,13
,2019-53066,39.645882,-104.8802985,9/29/2019 11:55,11:55,5,0,0,MANSFIELD AVENUE EAST & BOSTON STREET SOUTH,1,4,0,0,4,1,,0,25,0,0,0,0,0,4,1,5
,2019-53067,39.644181,-104.891472,7/8/2019 9:45,9:45,12,0,0,MANSFIELD AVENUE EAST & VINCENNES COURT SOUTH,1,1,0,0,1,1,,0,30,0,0,0,0,0,4,2,8
,2019-53068,39.713886,-104.9899815,4/3/2019 17:12,17:12,3,0,2,MAPLE AVENUE WEST & BANNOCK STREET SOUTH,1,1,0,0,1,1,,0,25,0,0,0,0,2,4,2,13
,2019-53069,39.733722,-104.9718195,11/24/2019 13:40,13:40,3,0,0,MARION STREET NORTH & 11TH AVENUE EAST,1,1,0,0,1,1,,0,25,0,0,0,0,0,4,2,3
,2019-53071,39.735585,-104.971518,6/5/2019 19:30,19:30,6,0,0,MARION STREET NORTH & 1220 NORTH MARION STREET,1,3,0,0,1,4,,0,25,0,0,0,0,0,4,2,7
,2019-53072,39.735171,-104.9718195,2/26/2019 7:25,7:25,3,0,0,MARION STREET NORTH & 12TH AVENUE EAST,1,1,0,0,1,1,,0,25,0,0,0,0,0,4,3,13
,2019-53073,39.746205,-104.995602,6/12/2019 4:30,4:30,5,0,0,CURTIS STREET & 1500 CURTIS STREET,1,2,0,0,3,5,,0,10,0,0,0,0,0,4,1,13
,2019-53074,39.736872,-104.971851,3/14/2019 7:53,7:53,3,0,0,MARION STREET NORTH & 13TH AVENUE EAST,5,1,0,0,1,1,,0,30,0,0,0,0,0,4,2,3
,2019-53075,39.736872,-104.971851,4/17/2019 16:57,16:57,3,0,1,MARION STREET NORTH & 13TH AVENUE EAST,1,1,0,0,1,1,,0,30,0,0,0,0,1,4,2,1
,2019-53076,39.744819,-104.972139,3/27/2019 9:23,9:23,15,0,1,MARION STREET NORTH & 18TH AVENUE EAST,1,1,0,0,1,1,,0,30,0,0,0,0,1,4,2,14
,2019-53077,39.745773,-104.972139,12/4/2019 15:42,15:42,3,0,0,MARION STREET NORTH & 19TH AVENUE EAST,1,1,0,0,1,1,,0,25,0,0,0,0,0,4,2,8
,2019-53078,39.754494,-104.972121,1/7/2019 11:04,11:04,3,0,2,MARION STREET NORTH & 26TH AVENUE EAST,1,1,0,0,1,1,,0,30,0,0,0,0,2,4,2,13
,2019-53079,39.758238,-104.97213,7/16/2019 16:55,16:55,1,0,0,MARION STREET NORTH & 29TH AVENUE EAST,1,1,0,0,1,1,,0,25,0,0,0,0,0,4,2,13
,2019-53080,39.768147,-104.972121,1/4/2019 16:36,16:36,3,0,1,MARION STREET NORTH & 37TH AVENUE EAST,1,1,0,0,1,1,,0,30,0,0,0,0,1,4,2,1
,2019-53082,39.729069,-104.971761,6/20/2019 15:03,15:03,3,0,0,MARION STREET NORTH & EIGHTH AVENUE EAST,1,1,0,0,1,1,,0,25,0,0,0,0,0,4,2,13
,2019-53083,39.729069,-104.971761,10/17/2019 16:10,16:10,3,0,0,MARION STREET NORTH & EIGHTH AVENUE EAST,1,1,0,0,1,1,,0,25,0,0,0,0,0,4,2,1
,2019-53084,39.72850723,-104.9517117,1/19/2019 4:00,4:00,5,0,0,MILWAUKEE STREET & 725 SOUTH,5,4,0,0,3,4,,0,25,0,0,0,0,0,4,1,1
,2019-53085,39.753612,-104.993451,4/7/2019 15:55,15:55,12,0,0,MARKET STREET & 20TH STREET,1,1,0,0,1,1,,0,30,0,0,0,0,0,4,2,13
,2019-53086,39.730464,-104.971788,8/14/2019 11:41,11:41,3,0,0,MARION STREET NORTH & NINTH AVENUE EAST,1,1,0,0,1,1,,0,25,0,0,0,0,0,4,2,13
,2019-53088,39.711114,-104.972418,8/4/2019 14:10,14:10,3,0,0,MARION STREET SOUTH & ALAMEDA AVENUE EAST,1,1,0,0,1,1,,0,25,0,0,0,0,0,4,2,13
,2019-53089,39.764529,-104.972103,2/11/2019 9:13,9:13,3,0,2,MARION STREET NORTH & BRUCE RANDOLPH AVENUE EAST,1,1,0,0,1,1,,0,30,0,0,0,0,1,4,2,13
,2019-53090,39.764529,-104.972103,6/28/2019 6:40,6:40,3,0,1,MARION STREET NORTH & BRUCE RANDOLPH AVENUE EAST,1,1,0,0,1,1,,0,30,0,0,0,0,1,4,2,13
,2019-53091,39.732093,-105.00282,11/28/2019 21:38,21:38,5,0,1,MARIPOSA STREET NORTH & 10TH AVENUE WEST,4,3,0,2,3,4,,0,25,0,0,0,0,1,4,1,5
,2019-53092,39.735279,-105.00282,1/11/2019 9:30,9:30,3,0,0,MARIPOSA STREET NORTH & 12TH AVENUE WEST,1,1,0,0,1,1,,0,25,0,0,0,0,0,4,2,1
,2019-53093,39.736881,-105.002802,12/13/2019 9:45,9:45,15,0,0,MARIPOSA STREET NORTH & 13TH AVENUE WEST,1,1,0,0,1,3,,0,30,0,0,0,0,0,4,2,13
,2019-53094,39.738456,-105.0027885,9/17/2019 15:32,15:32,12,0,0,MARIPOSA STREET NORTH & 14TH AVENUE WEST,1,1,0,0,1,1,,0,25,0,0,0,0,0,4,2,13
,2019-53095,39.71969383,-105.002894,5/7/2019 12:10,12:10,6,0,0,MARIPOSA STREET & 3800 BLOCK NORTH,1,1,0,0,1,4,,0,25,0,0,0,0,0,4,2,3
,2019-53096,39.74895,-104.9995305,5/22/2019 8:10,8:10,12,0,0,MARKET STREET & 15TH STREET,1,1,0,0,1,1,,0,25,0,0,0,0,0,4,2,14
,2019-53097,39.750804,-104.997069,1/19/2019 23:25,23:25,12,0,0,MARKET STREET & 17TH STREET,1,3,0,0,1,1,,0,25,0,0,0,0,0,4,2,13
,2019-53098,39.750804,-104.997069,10/20/2019 16:57,16:57,3,0,0,MARKET STREET & 17TH STREET,1,1,0,0,1,1,,0,25,0,0,0,0,0,4,2,13
,2019-53099,39.75174,-104.995872,1/29/2019 14:00,14:00,6,0,0,MARKET STREET & 18TH STREET,5,1,0,0,1,1,,0,30,0,0,0,0,0,4,2,13
,2019-53100,39.75174,-104.995872,4/30/2019 23:30,23:30,3,0,0,MARKET STREET & 18TH STREET,2,3,0,1,1,1,,0,25,0,0,0,0,0,4,2,13
,2019-53101,39.753612,-104.993451,6/11/2019 20:45,20:45,12,0,1,MARKET STREET & 20TH STREET,1,1,0,0,1,1,,0,25,0,0,0,0,1,4,2,13
,2019-53102,39.754557,-104.992218,3/5/2019 14:45,14:45,10,0,0,MARKET STREET & 21ST STREET,1,1,0,0,1,1,,0,30,0,0,0,0,0,4,2,13
,2019-53103,39.755457,-104.991048,3/8/2019 20:55,20:55,3,0,0,MARKET STREET & 22ND STREET,2,3,0,0,1,1,,0,25,0,0,0,0,0,4,2,3
,2019-53104,39.747681,-105.0023295,1/7/2019 10:00,10:00,12,0,0,MARKET STREET & SPEER BOULEVARD NORTH,1,1,0,0,1,1,,0,30,0,0,0,1,0,4,2,13
,2019-53105,39.747681,-105.0023295,2/9/2019 14:12,14:12,15,0,0,MARKET STREET & SPEER BOULEVARD NORTH,1,1,0,0,1,1,,0,30,0,0,0,0,0,4,2,3
,2019-53106,39.761838,-104.938308,11/5/2019 19:37,19:37,1,0,0,MARTIN LUTHER KING JR BOULEVARD EAST & ASH STREET NORTH,1,3,0,0,1,1,,0,35,0,0,0,0,0,4,2,1
,2019-53107,39.759876,-104.8907475,9/19/2019 18:01,18:01,3,0,0,MARTIN LUTHER KING BOULEVARD EAST & CENTRAL PARK BOULEVARD NORTH,1,1,0,0,1,3,,0,30,0,0,0,0,0,4,2,13
,2019-53108,39.759876,-104.8907475,9/28/2019 7:56,7:56,3,0,0,MARTIN LUTHER KING BOULEVARD EAST & CENTRAL PARK BOULEVARD NORTH,1,1,0,0,1,1,,0,35,0,0,0,0,0,4,2,2
,2019-53109,39.761784,-104.956101,9/27/2019 10:10,10:10,5,0,1,MARTIN LUTHER KING BOULEVARD EAST & ELIZABETH STREET NORTH,1,1,0,0,2,3,,0,30,0,0,0,0,2,4,1,13
,2019-53110,39.761838,-104.929371,8/6/2019 17:19,17:19,3,0,1,MARTIN LUTHER KING BOULEVARD EAST & ELM STREET NORTH,1,1,0,0,1,1,,0,25,0,0,0,0,1,4,4,1
,2019-53111,39.760038,-104.8658085,6/13/2019 10:25,10:25,15,0,1,MLK BOULEVARD EAST & HAVANA STREET NORTH,1,1,0,0,1,1,,0,25,0,0,0,0,1,4,2,13
,2019-53112,39.761982,-104.910561,10/19/2019 17:20,17:20,3,0,0,MARTIN LUTHER KING JR BOULEVARD EAST & NIAGARA STREET NORTH,1,1,0,0,1,1,,0,30,0,0,0,0,0,4,2,13
,2019-53113,39.761991,-104.9081715,9/5/2019 7:42,7:42,12,0,1,MARTIN LUTHER KING BOULEVARD EAST & ONEIDA STREET NORTH,1,1,0,0,1,3,,0,35,0,0,0,0,1,4,2,13
,2019-53114,39.796371,-104.7999195,9/4/2019 17:59,17:59,3,0,0,MAXWELL PLACE EAST & LAREDO STREET NORTH,1,1,0,0,1,1,,0,,0,0,0,0,0,4,2,13
,2019-53115,39.761991,-104.9081715,10/23/2019 8:32,8:32,12,0,0,MARTIN LUTHER KING JR BOULEVARD EAST & ONEIDA STREET NORTH,1,2,0,7,1,3,,0,35,0,0,0,0,0,4,4,12
,2019-53116,39.761928,-104.9027625,6/23/2019 6:13,6:13,15,0,0,MLK BOULEVARD EAST & QUEBEC STREET NORTH,1,1,0,0,1,1,,0,30,0,0,0,0,0,4,2,3
,2019-53117,39.761928,-104.9027625,8/29/2019 8:00,8:00,15,0,0,MLK BOULEVARD EAST & QUEBEC STREET NORTH,1,1,0,0,1,1,,0,35,0,0,0,0,0,4,2,7
,2019-53118,39.761928,-104.9027625,9/11/2019 8:41,8:41,3,0,1,MLK BOULEVARD EAST & QUEBEC STREET NORTH,1,1,0,0,1,1,,0,30,0,0,0,0,1,4,2,14
,2019-53119,39.761928,-104.9027625,10/7/2019 20:15,20:15,15,0,0,MLK BOULEVARD EAST & QUEBEC STREET NORTH,1,3,0,0,1,1,,0,35,0,0,0,0,0,4,2,7
,2019-53120,39.760056,-104.896413,9/25/2019 12:30,12:30,3,0,1,MARTIN LUTHER KING BOULEVARD EAST & TRENTON STREET,1,1,0,0,1,1,,0,35,0,0,0,0,1,4,2,14
,2019-53121,39.760056,-104.896413,10/7/2019 19:57,19:57,3,0,1,MARTIN LUTHER KING BOULEVARD EAST & TRENTON STREET NORTH,1,3,0,0,1,3,,0,35,0,0,0,0,2,4,2,13
,2019-53122,39.794796,-104.813298,9/7/2019 12:44,12:44,3,0,0,MAXWELL PLACE EAST & ALTURA STREET NORTH,1,1,0,0,1,1,,0,25,0,0,0,0,0,4,2,13
,2019-53123,39.794787,-104.809761,6/17/2019 18:44,18:44,1,0,1,MAXWELL PLACE EAST & CHAMBERS ROAD NORTH,1,1,0,0,1,1,,0,35,0,0,0,0,2,4,2,3
,2019-53124,39.792789,-104.8237515,7/4/2019 22:11,22:11,3,0,0,MAXWELL PLACE EAST & CROWN BOULEVARD NORTH,2,3,0,1,1,1,,0,25,0,0,0,0,0,4,2,1
,2019-53125,39.794832,-104.762781,6/8/2019 9:30,9:30,15,0,0,MAXWELL PLACE EAST & DUNKIRK STREET NORTH,1,1,0,0,1,1,,0,,0,0,0,0,0,4,2,13
,2019-53126,39.764052,-104.8916925,11/17/2019 12:12,12:12,6,0,0,VALENTIA STREET NORTH & 1300 BLOCK NORTH,1,3,0,0,1,4,,0,25,0,0,0,0,0,4,2,1
,2019-53127,39.794373,-104.814702,11/13/2019 8:51,8:51,8,0,0,MAXWELL PLACE EAST & ELKHART STREET NORTH,1,1,0,0,1,1,,0,25,0,0,0,0,0,4,2,14
,2019-53128,39.794769,-104.7493485,2/7/2019 11:21,11:21,3,0,0,MAXWELL PLACE EAST & JEBEL COURT NORTH,4,1,0,0,1,1,,0,25,0,0,0,0,0,4,2,14
,2019-53129,39.779577,-104.847129,10/7/2019 9:47,9:47,1,0,1,PEORIA STREET NORTH & 46TH AVENUE EAST,1,1,0,0,1,1,,0,35,0,0,0,0,1,4,2,13
,2019-53130,39.795867,-104.740218,5/21/2019 8:15,8:15,12,0,0,MAXWELL PLACE EAST & NETHERLAND STREET NORTH,2,1,0,2,1,1,,0,25,0,0,0,0,0,4,2,13
,2019-53131,39.794688,-104.83542,1/1/2019 13:43,13:43,3,0,2,MAXWELL PLACE EAST & UVALDA STREET NORTH,2,1,0,0,1,1,,0,25,0,0,0,0,1,4,2,13
,2019-53133,39.743946,-105.0357825,2/5/2019 8:10,8:10,3,0,0,MEADE STREET NORTH & 17TH AVENUE WEST,1,1,0,0,1,1,,0,25,0,0,0,0,0,4,2,13
,2019-53134,39.718134,-105.036111,8/31/2019 19:59,19:59,3,0,0,MEADE STREET NORTH & FIRST AVENUE WEST,1,3,0,0,1,1,,0,35,0,0,0,0,0,4,2,9
,2019-53135,39.747573,-105.035778,6/3/2019 6:42,6:42,3,0,0,MEADE STREET NORTH & 20TH AVENUE WEST,1,1,0,0,1,1,,0,25,0,0,0,0,0,4,2,3
,2019-53136,39.748779,-105.035778,10/22/2019 13:00,13:00,3,0,0,MEADE STREET NORTH & 21ST AVENUE WEST,1,1,1,0,1,1,,0,25,0,0,0,0,0,4,2,13
,2019-53137,39.751182,-105.0358005,1/10/2019 17:39,17:39,3,0,0,MEADE STREET NORTH & 23RD AVENUE WEST,1,3,0,0,1,1,,0,25,0,0,0,0,0,4,2,13
,2019-53138,39.716541,-105.036111,6/20/2019 15:17,15:17,5,0,0,MEADE STREET NORTH & 745 NORTH MEADE STREET,1,1,1,0,2,4,,0,25,0,0,0,0,0,4,1,10
,2019-53139,39.741516,-105.035832,7/10/2019 14:34,14:34,5,0,0,MEADE STREET NORTH & CONEJOS PLACE WEST,1,1,0,0,3,1,,0,25,0,0,0,0,0,4,1,1
,2019-53140,39.79270268,-104.7965536,2/24/2019 11:38,11:38,6,0,1,MEMPHIS STREET & 5500 BLOCK NORTH,6,1,0,0,1,4,,0,35,0,0,0,0,1,4,2,3
,2019-53141,39.795579,-104.7963105,6/9/2019 17:35,17:35,3,0,0,MEMPHIS STREET NORTH & MAXWELL PLACE EAST,1,1,0,0,1,1,,0,40,0,0,0,0,0,4,2,13
,2019-53143,39.696741,-105.02037,10/20/2019 21:15,21:15,3,0,1,MISSISSIPPI AVENUE WEST & CLAY STREET SOUTH,1,4,0,0,1,3,,0,,0,0,0,0,1,4,2,13
,2019-53144,39.795579,-104.7963105,8/2/2019 19:23,19:23,3,0,1,MEMPHIS STREET NORTH & MAXWELL PLACE EAST,1,1,0,0,1,1,,0,40,0,0,0,0,1,4,2,13
,2019-53145,39.68577,-104.987538,7/14/2019 12:03,12:03,5,0,1,MEXICO AVENUE EAST & 3805 EAST MEXICO AVENUE,1,1,0,0,3,4,,0,25,0,0,0,0,1,4,1,10
,2019-53146,39.685671,-104.939478,8/30/2019 10:59,10:59,3,0,0,MEXICO AVENUE EAST & ALBION STREET SOUTH,1,1,0,0,1,1,,0,30,0,0,0,0,0,4,2,1
,2019-53147,39.685689,-104.9373495,2/25/2019 7:43,7:43,12,0,0,MEXICO AVENUE EAST & BELLAIRE STREET SOUTH,1,1,0,0,1,3,,0,25,0,0,0,0,0,4,2,13
,2019-53148,39.685698,-104.936112,1/22/2019 7:56,7:56,3,0,0,MEXICO AVENUE EAST & BIRCH STREET SOUTH,5,1,0,0,1,1,,0,25,0,0,0,0,0,4,2,1
,2019-53149,39.685707,-104.928723,2/8/2019 7:52,7:52,3,0,0,MEXICO AVENUE EAST & FAIRFAX STREET SOUTH,5,1,0,0,1,1,,0,25,0,0,0,0,0,4,3,1
,2019-53150,39.685698,-104.9500935,3/15/2019 11:23,11:23,3,0,1,MEXICO AVENUE EAST & STEELE STREET SOUTH,1,1,0,0,1,1,,0,25,0,0,0,0,2,4,2,13
,2019-53151,39.685698,-104.9500935,5/14/2019 7:05,7:05,3,0,0,MEXICO AVENUE EAST & STEELE STREET SOUTH,1,1,1,0,1,1,,0,25,0,0,0,0,0,4,2,8
,2019-53152,39.684798,-105.050043,6/17/2019 15:21,15:21,3,0,1,MEXICO AVENUE WEST & XAVIER STREET SOUTH,1,1,0,0,1,1,,0,25,0,0,0,0,2,4,2,3
,2019-53153,39.684798,-105.050043,10/30/2019 12:05,12:05,3,0,0,MEXICO AVENUE WEST & XAVIER STREET SOUTH,4,1,1,0,1,1,,0,25,0,0,0,0,0,4,2,1
,2019-53154,39.684798,-105.050043,11/24/2019 15:00,15:00,3,0,0,MEXICO AVENUE WEST & XAVIER STREET SOUTH,1,1,1,0,1,1,,0,25,0,0,0,0,0,4,2,3
,2019-53155,39.741768,-105.017571,12/6/2019 18:26,18:26,3,0,0,MILE HIGH STADIUM 1500 BLOCK & 16TH AVENUE WEST,1,3,0,0,1,1,,0,25,0,0,0,0,0,4,2,13
,2019-53156,39.656673,-104.9044815,5/16/2019 15:44,15:44,1,0,0,MILK BOULEVARD EAST & PONTIAC STREET NORTH,1,1,0,0,1,1,,0,35,0,0,0,0,0,4,2,1
,2019-53157,39.761928,-104.9027625,3/27/2019 14:55,14:55,3,0,2,MLK BOULEVARD EAST & QUEBEC STREET NORTH,1,1,0,0,1,1,,0,30,0,0,0,0,1,4,2,7
,2019-53158,39.76005732,-104.8964227,3/29/2019 16:48,16:48,3,0,0,MILK BOULEVARD EAST & TRENTON STREET NORTH,2,1,0,1,1,1,,0,35,0,0,0,0,0,4,3,13
,2019-53159,39.76171394,-104.9524046,5/24/2019 7:19,7:19,6,0,0,MILWAUKEE NORTH & 1500 BLOCK NORTH,1,1,0,0,1,4,,0,25,0,0,0,0,0,4,2,14
,2019-53160,39.718026,-104.952222,11/14/2019 9:56,9:56,12,0,0,MILWAUKEE STREET NORTH & FIRST AVENUE EAST,1,1,0,0,1,3,,0,30,0,0,0,0,0,4,3,12
,2019-53161,39.699198,-104.888709,8/26/2019 20:46,20:46,5,0,0,MISSISSIPPI AVENUE EAST & 2215 EAST MISSISSIPPI AVENUE,1,3,0,0,3,2,,0,25,0,0,0,0,0,4,1,13
,2019-53162,39.696633,-104.9874525,8/30/2019 21:00,21:00,6,0,0,MISSISSIPPI AVENUE WEST & 4649 WEST MISSISSIPPI AVENUE,1,3,0,0,1,4,,0,25,0,0,0,0,0,4,2,13
,2019-53163,39.69657,-104.9547285,12/6/2019 19:32,19:32,5,0,0,MISSISSIPPI AVENUE & 4909 WEST,1,3,0,0,3,4,,0,25,0,0,0,0,0,4,1,5
,2019-53164,39.699198,-104.888709,10/15/2019 18:07,18:07,1,0,0,MISSISSIPPI AVENUE EAST & 8101 EAST MISSISSIPPI AVENUE,1,1,0,0,1,2,,0,35,0,0,0,0,0,4,2,13
,2019-53165,39.697956,-104.882319,8/5/2019 7:58,7:58,12,0,0,MISSISSIPPI AVENUE EAST & ALTON STREET SOUTH,1,1,0,0,1,3,,0,35,0,0,0,0,0,4,2,13
,2019-53166,39.696633,-104.9874525,3/27/2019 9:21,9:21,3,0,2,MISSISSIPPI AVENUE EAST & BROADWAY STREET SOUTH,1,1,0,0,1,1,,0,35,0,0,0,0,1,4,3,14
,2019-53167,39.696633,-104.9874525,5/31/2019 9:51,9:51,15,0,0,MISSISSIPPI AVENUE WEST & BROADWAY STREET SOUTH,1,1,0,0,1,1,,0,30,0,0,0,0,0,4,2,1
,2019-53168,39.682764,-104.959332,12/3/2019 18:25,18:25,3,0,0,UNIVERSITY BOULEVARD SOUTH & BUCHTEL BOULEVARD EAST,1,3,0,0,1,1,,0,,0,0,0,0,0,4,2,13
,2019-53169,39.696633,-104.9874525,11/16/2019 13:30,13:30,15,0,0,MISSISSIPPI AVENUE EAST & BROADWAY STREET SOUTH,1,1,0,0,1,1,,0,35,0,0,0,0,0,4,2,7
,2019-53170,39.696741,-105.02037,6/1/2019 16:03,16:03,3,0,1,MISSISSIPPI AVENUE WEST & CLAY STREET SOUTH,1,1,0,0,1,1,,0,35,0,0,0,0,2,4,2,14
,2019-53171,39.696741,-105.02037,9/25/2019 15:54,15:54,3,0,1,MISSISSIPPI AVENUE WEST & CLAY STREET SOUTH,1,1,0,0,1,1,,0,30,0,0,0,0,1,4,2,13
,2019-53172,39.696606,-104.9769405,5/6/2019 18:20,18:20,3,0,0,MISSISSIPPI AVENUE EAST & EMERSON STREET SOUTH,1,1,0,0,1,1,,0,,0,0,0,0,0,4,2,7
,2019-53173,39.696678,-104.99445,9/18/2019 11:13,11:13,3,0,0,MISSISSIPPI AVENUE WEST & FOX STREET SOUTH,1,1,0,0,1,1,,0,30,0,0,0,0,0,4,2,13
,2019-53174,39.696678,-104.99445,12/3/2019 16:37,16:37,3,0,0,MISSISSIPPI AVENUE WEST & FOX STREET SOUTH,1,3,0,0,1,1,,0,25,0,0,0,0,0,4,2,3
,2019-53175,39.69657,-104.94189,4/18/2019 16:50,16:50,3,0,0,MISSISSIPPI AVENUE EAST & HARRISON STREET SOUTH,1,1,0,0,1,1,,0,25,0,0,0,0,0,4,2,13
,2019-53176,39.69657,-104.94189,10/11/2019 11:41,11:41,1,0,0,MISSISSIPPI AVENUE EAST & HARRISON STREET SOUTH,1,1,0,0,1,1,,0,30,0,0,0,0,0,4,2,13
,2019-53177,39.696768,-105.0297615,9/10/2019 21:06,21:06,3,0,1,MISSISSIPPI AVENUE WEST & IRVING STREET SOUTH,1,3,0,0,1,1,,0,25,0,0,0,0,1,4,2,13
,2019-53178,39.696705,-104.99913,9/1/2019 18:39,18:39,3,0,2,MISSISSIPPI AVENUE WEST & JASON STREET SOUTH,1,1,0,0,1,1,,0,35,0,0,0,0,1,4,2,13
,2019-53179,39.696696,-105.0015285,10/27/2019 20:23,20:23,3,0,1,MISSISSIPPI AVENUE WEST & LIPAN STREET SOUTH,5,3,0,2,1,1,,0,30,0,0,0,0,1,4,2,7
,2019-53180,39.696696,-105.0015285,10/29/2019 6:50,6:50,1,0,0,MISSISSIPPI AVENUE WEST & LIPAN STREET SOUTH,5,1,1,2,1,1,,0,30,0,0,0,0,0,4,2,13
,2019-53181,39.695661,-104.9035905,5/30/2019 14:29,14:29,1,0,0,MISSISSIPPI AVENUE EAST & QUEBEC STREET SOUTH,1,1,0,0,1,1,,0,35,0,0,0,0,0,4,3,13
,2019-53182,39.695661,-104.9035905,9/2/2019 11:27,11:27,3,0,1,MISSISSIPPI AVENUE EAST & QUEBEC STREET SOUTH,1,1,0,0,1,1,,0,35,0,0,0,0,2,4,2,7
,2019-53183,39.695661,-104.9035905,9/13/2019 19:51,19:51,1,0,0,MISSISSIPPI AVENUE EAST & QUEBEC STREET SOUTH,1,3,0,0,1,1,,0,35,0,0,0,0,0,4,2,7
,2019-53184,39.696732,-105.006591,1/24/2019 10:33,10:33,3,0,0,MISSISSIPPI AVENUE WEST & QUIVAS STREET SOUTH,4,1,2,2,1,1,,0,,0,0,0,0,0,4,2,13
,2019-53185,39.696732,-105.006591,2/7/2019 12:22,12:22,3,0,0,MISSISSIPPI AVENUE WEST & QUIVAS STREET SOUTH,4,1,0,2,1,1,,0,35,0,0,0,0,0,4,2,7
,2019-53186,39.696732,-105.006591,4/27/2019 12:03,12:03,10,0,2,MISSISSIPPI AVENUE WEST & QUIVAS STREET SOUTH,1,1,0,0,1,1,,0,30,0,0,0,0,1,4,2,1
,2019-53187,39.696732,-105.006591,5/5/2019 13:25,13:25,3,0,0,MISSISSIPI AVENUE WEST & QUIVAS STREET SOUTH,1,1,1,0,1,1,,0,30,0,0,0,0,0,4,2,13
,2019-53188,39.696579,-104.949999,2/25/2019 18:35,18:35,1,0,0,MISSISSIPPI AVENUE EAST & STEELE STREET SOUTH,1,3,0,0,1,1,,0,25,0,0,0,0,0,4,2,13
,2019-53189,39.696579,-104.949999,8/3/2019 21:00,21:00,12,0,0,MISSISSIPPI AVENUE EAST & STEELE STREET SOUTH,1,3,1,0,1,3,,0,25,0,0,0,0,0,4,2,7
,2019-53190,39.69675,-105.01272,3/27/2019 18:06,18:06,3,0,1,MISSISSIPPI AVENUE WEST & TEJON STREET SOUTH,1,1,0,0,1,1,,0,25,0,0,0,0,1,4,2,3
,2019-53191,39.69675,-105.01272,6/24/2019 21:00,21:00,15,0,0,MISSISSIPPI AVENUE WEST & TEJON STREET SOUTH,1,3,0,0,1,1,,0,40,0,0,0,0,0,4,2,1
,2019-53192,39.69675,-105.01272,7/13/2019 20:10,20:10,3,0,0,MISSISSIPPI AVENUE WEST & TEJON STREET SOUTH,1,1,0,0,1,1,,0,30,0,0,0,0,0,4,2,5
,2019-53193,39.69675,-105.01272,8/28/2019 6:18,6:18,3,0,0,MISSISSIPPI AVENUE WEST & TEJON STREET SOUTH,1,1,0,0,1,1,,0,30,0,0,0,0,0,4,2,13
,2019-53194,39.69675,-105.01272,11/10/2019 0:46,0:46,3,0,0,MISSISSIPPI AVENUE WEST & TEJON STREET SOUTH,1,3,0,0,1,1,,0,35,0,0,0,0,0,4,2,13
,2019-53195,39.69666,-104.8917105,1/4/2019 15:00,15:00,1,0,0,MISSISSIPPI AVENUE EAST & VALENTIA STREET SOUTH,1,1,0,0,1,1,,0,,0,0,0,0,0,4,2,13
,2019-53196,39.69666,-104.8917105,3/3/2019 13:25,13:25,1,0,3,MISSISSIPPI AVENUE EAST & VALENTIA STREET SOUTH,4,1,0,2,1,1,,0,30,0,0,0,0,1,4,2,13
,2019-53197,39.696759,-105.0156585,8/1/2019 22:16,22:16,15,0,0,MISSISSIPPI AVENUE WEST & ZUNI STREET SOUTH,1,3,0,0,1,3,,0,30,0,0,0,0,0,4,2,13
,2019-53198,39.759876,-104.8907475,7/14/2019 9:00,9:00,3,0,0,MLK & CENTRAL PARK BOULEVARD,1,1,0,0,1,1,,0,35,0,0,0,0,0,4,2,5
,2019-53199,39.761928,-104.9027625,9/8/2019 13:24,13:24,3,0,0,MLK BOULEVARD EAST & 10406 EAST MLK BOULEVARD,1,1,0,0,1,2,,0,10,0,0,0,0,0,4,2,13
,2019-53200,39.76063041,-104.9001109,8/26/2019 6:28,6:28,6,0,1,MLK BOULEVARD EAST & 1600 BLOCK EAST,1,2,0,0,1,4,,0,25,0,0,0,0,1,4,2,3
,2019-53201,39.76063041,-104.9001109,9/15/2019 2:44,2:44,5,0,1,MLK BOULEVARD EAST & 2000 BLOCK EAST,1,3,0,0,1,4,,0,35,0,0,0,0,2,4,1,7