id,drcog_id,latitude,longitude,crashtime,time,crashtype,numbkilled,numbinjurd,drcoglocat,rdconditin,lightngcon,roadcntgrd,weatherco,location,roaddescrp,schoolzone,constrzone,splimit,bikeinv,sctrinv,pedinv,motoinv,svrty,rdsystem,ttlvehcls,hcf
,2019-53202,39.76063041,-104.9001109,4/22/2019 17:45,17:45,12,0,1,MLK BOULEVARD & 3900 BLOCK EAST,1,1,0,0,1,4,,0,35,0,0,0,0,1,4,3,13
,2019-53203,39.761928,-104.9027625,10/6/2019 8:31,8:31,5,0,0,MLK BOULEVARD EAST & 6245 EAST MLK BOULEVARD,1,1,0,0,3,4,,0,,0,0,0,0,0,4,1,13
,2019-53204,39.76063041,-104.9001109,11/29/2019 23:24,23:24,12,0,0,MLK BOULEVARD & 6400 EAST,5,3,0,2,1,1,,0,35,0,0,0,0,0,4,2,13
,2019-53205,39.761838,-104.938308,7/1/2019 11:32,11:32,3,0,0,MLK BOULEVARD EAST & ASH STREET NORTH,1,1,0,0,1,1,,0,35,0,0,0,0,0,4,2,13
,2019-53206,39.759993,-104.878809,3/5/2019 8:00,8:00,15,0,0,MLK BOULEVARD 3000 BLOCK & BEELER STREET,1,1,0,0,1,1,,0,35,0,0,0,0,0,4,3,3
,2019-53207,39.759876,-104.8907475,2/22/2019 19:15,19:15,3,0,0,MLK BOULEVARD EAST & CENTRAL PARK BOULEVARD NORTH,4,3,0,2,1,1,,0,30,0,0,0,0,0,4,3,13
,2019-53208,39.759876,-104.8907475,3/5/2019 9:01,9:01,3,0,0,MLK BOULEVARD EAST & CENTRAL PARK BOULEVARD NORTH,1,1,0,0,1,1,,0,35,0,0,0,0,0,4,2,1
,2019-53209,39.760074,-104.874237,3/5/2019 11:35,11:35,3,0,0,MLK BOULEVARD & EMPORIA STREET,1,1,0,0,1,1,,0,35,0,0,0,0,0,4,2,14
,2019-53210,39.759876,-104.8907475,6/27/2019 10:20,10:20,15,0,0,MLK BOULEVARD EAST & CENTRAL PARK BOULEVARD NORTH,1,1,0,0,1,1,,0,35,0,0,0,0,0,4,2,8
,2019-53211,39.759876,-104.8907475,7/13/2019 5:20,5:20,3,0,1,MLK BOULEVARD EAST & CENTRAL PARK BOULEVARD NORTH,1,2,0,0,1,1,,0,35,0,0,0,0,1,4,2,5
,2019-53212,39.759876,-104.8907475,7/29/2019 0:00,0:00,15,0,0,MLK BOULEVARD EAST & CENTRAL PARK BOULEVARD NORTH,1,1,0,0,1,1,,0,35,0,0,0,0,0,4,2,14
,2019-53213,39.759876,-104.8907475,9/24/2019 8:00,8:00,3,0,0,MLK BOULEVARD EAST & CENTRAL PARK BOULEVARD NORTH,1,1,0,0,1,1,,0,35,0,0,0,0,0,4,2,14
,2019-53214,39.761838,-104.9128605,8/31/2019 18:10,18:10,3,0,0,MLK BOULEVARD EAST & MONACO STREET NORTH,1,1,0,0,1,1,,0,35,0,0,0,0,0,4,2,1
,2019-53215,39.759876,-104.8907475,11/13/2019 10:05,10:05,3,0,0,MLK BOULEVARD EAST & CENTRAL PARK BOULEVARD NORTH,1,1,0,0,1,1,,0,30,0,0,0,0,0,4,2,13
,2019-53216,39.759876,-104.8907475,11/28/2019 9:15,9:15,3,0,2,MLK BOULEVARD & CENTRAL PARK BOULEVARD,5,1,0,0,1,1,,0,35,0,0,0,0,1,4,2,14
,2019-53217,39.759876,-104.8907475,12/11/2019 9:45,9:45,3,0,1,MLK BOULEVARD EAST & CENTRAL PARK BOULEVARD NORTH,1,1,0,0,1,1,,0,35,0,0,0,0,1,4,2,13
,2019-53218,39.761847,-104.9339115,2/28/2019 6:21,6:21,5,0,0,MLK BOULEVARD EAST & CHERRY STREET NORTH,2,2,0,0,1,1,,0,35,0,0,0,0,0,4,1,2
,2019-53219,39.761838,-104.929371,4/30/2019 17:09,17:09,3,0,0,MLK BOULEVARD EAST & ELM STREET NORTH,2,1,0,1,1,1,,0,25,0,0,0,0,0,4,2,1
,2019-53220,39.760074,-104.874237,1/11/2019 15:20,15:20,3,0,0,MLK BOULEVARD & EMPORIA STREET NORTH,2,1,0,2,1,1,,0,30,0,0,0,0,0,4,2,13
,2019-53221,39.760074,-104.874237,4/11/2019 17:50,17:50,3,0,0,MLK BOULEVARD EAST & EMPORIA STREET NORTH,1,1,0,0,1,1,,0,25,0,0,0,0,0,4,2,13
,2019-53222,39.759957,-104.873319,11/14/2019 19:40,19:40,3,0,0,MLK BOULEVARD EAST & EMPORIA COURT NORTH,1,3,0,0,1,1,,0,30,0,0,0,0,0,4,2,13
,2019-53223,39.760047,-104.8676715,9/27/2019 18:43,18:43,10,0,1,MLK BOULEVARD EAST & GENEVA COURT NORTH,1,1,0,0,1,1,,0,30,0,0,0,0,1,4,2,8
,2019-53224,39.760038,-104.8658085,8/15/2019 7:15,7:15,3,0,0,MLK BOULEVARD EAST & HAVANA STREET NORTH,1,1,0,0,1,1,,0,30,0,0,0,0,0,4,2,7
,2019-53225,39.761847,-104.922261,1/15/2019 17:45,17:45,3,0,0,MLK BOULEVARD & HOLLY STREET NORTH,1,1,0,0,1,1,,0,35,0,0,0,0,0,4,3,13
,2019-53226,39.762,-104.9152095,9/29/2019 3:26,3:26,1,0,0,MLK BOULEVARD EAST & LEYDEN STREET NORTH,1,3,0,0,1,1,,0,35,0,0,0,0,0,4,2,5
,2019-53227,39.761838,-104.9128605,6/21/2019 16:17,16:17,12,0,0,MLK BOULEVARD EAST & MONACO STREET NORTH,2,1,0,1,1,1,,0,,0,0,0,0,0,4,2,13
,2019-53228,39.761838,-104.9128605,8/6/2019 1:57,1:57,5,0,0,MLK BOULEVARD EAST & MONACO STREET NORTH,1,3,0,0,2,1,,0,35,0,0,0,0,0,4,1,14
,2019-53229,39.761838,-104.9128605,10/4/2019 17:41,17:41,12,0,1,MLK BOULEVARD EAST & MONACO STREET NORTH,1,1,0,0,1,1,,0,35,0,0,0,0,1,4,2,13
,2019-53230,39.761991,-104.9081715,2/12/2019 16:11,16:11,3,0,0,MLK BOULEVARD EAST & ONEIDA STREET NORTH,1,1,0,0,1,1,,0,25,0,0,0,0,0,4,2,1
,2019-53231,39.761991,-104.9081715,5/30/2019 16:56,16:56,15,0,1,MLK BOULEVARD EAST & ONEIDA STREET NORTH,1,1,0,0,1,1,,0,30,0,0,0,0,1,4,2,1
,2019-53232,39.76182,-104.905773,10/4/2019 17:12,17:12,12,0,1,MLK BOULEVARD EAST & PONTIAC STREET NORTH,1,1,0,0,1,1,,0,,0,0,0,0,1,4,3,13
,2019-53233,39.624219,-104.9117722,11/19/2019 17:15,17:15,5,0,0,MONACO STREET SOUTH & 4300 BLOCK SOUTH,1,3,0,0,2,4,,0,30,0,0,0,0,0,4,1,3
,2019-53234,39.761928,-104.9027625,2/18/2019 10:45,10:45,3,0,0,MLK BOULEVARD EAST & QUEBEC STREET NORTH,2,1,0,0,1,1,,0,35,0,0,0,0,0,4,2,8
,2019-53235,39.761928,-104.9027625,6/17/2019 8:07,8:07,3,0,0,MLK BOULEVARD EAST & QUEBEC STREET NORTH,1,1,0,0,1,1,,0,35,0,0,0,0,0,4,2,13
,2019-53236,39.761928,-104.9027625,11/19/2019 17:11,17:11,15,0,0,MLK BOULEVARD EAST & QUEBEC STREET NORTH,1,3,1,0,1,1,,0,,0,0,0,0,0,4,2,13
,2019-53237,39.761928,-104.9027625,12/17/2019 8:40,8:40,3,0,0,MLK BOULEVARD EAST & QUEBEC STREET NORTH,1,1,0,0,1,1,,0,35,0,0,0,0,0,4,2,13
,2019-53238,39.76056,-104.9001615,11/19/2019 7:00,7:00,1,0,0,MLK BOULEVARD EAST & ROSLYN STREET,1,1,0,0,1,1,,0,35,0,0,0,0,0,4,2,14
,2019-53239,39.76056,-104.9001615,12/4/2019 8:30,8:30,1,0,0,MLK BOULEVARD EAST & ROSLYN STREET NORTH,1,1,0,0,1,1,,0,30,0,0,0,0,0,4,2,14
,2019-53240,39.76182,-104.949891,3/4/2019 7:15,7:15,3,0,0,MLK BOULEVARD EAST & STEELE STREET NORTH,4,1,0,0,1,1,,0,30,0,0,0,0,0,4,2,1
,2019-53241,39.76182,-104.949891,3/29/2019 23:37,23:37,12,0,0,MLK BOULEVARD EAST & STEELE STREET NORTH,2,3,0,2,1,1,,0,25,0,0,0,0,0,4,2,1
,2019-53242,39.76182,-104.949891,8/14/2019 12:15,12:15,1,0,1,MLK BOULEVARD EAST & STEELE STREET NORTH,1,1,0,0,1,1,,0,25,0,0,0,0,1,4,2,13
,2019-53243,39.760056,-104.896413,11/17/2019 0:19,0:19,3,0,0,MLK BOULEVARD EAST & TRENTON STREET NORTH,1,3,0,0,1,1,,0,,0,0,0,0,0,4,2,13
,2019-53244,39.760173,-104.89257,3/15/2019 17:49,17:49,3,0,0,MLK BOULEVARD EAST & UNITA STREET NORTH,2,1,0,0,1,3,,0,35,0,0,0,0,0,4,3,8
,2019-53245,39.762018,-104.959773,11/27/2019 14:14,14:14,3,0,0,MLK BOULEVARD EAST & YORK STREET NORTH,12,1,1,0,1,1,,0,30,0,0,0,0,0,4,2,14
,2019-53246,39.762018,-104.959773,12/1/2019 1:44,1:44,3,0,1,MLK BOULEVARD EAST & YORK STREET NORTH,4,3,0,0,1,1,,0,30,0,0,0,0,1,4,2,5
,2019-53247,39.700413,-105.0481305,1/3/2019 13:30,13:30,5,0,0,MORRISON ROAD & KENTUCKY AVENUE WEST,1,1,0,0,3,1,,0,30,0,0,0,0,0,4,1,14
,2019-53248,39.762018,-104.959773,12/11/2019 8:15,8:15,3,0,0,MLK BOULEVARD EAST & YORK STREET NORTH,1,1,0,0,1,1,,0,30,0,0,0,0,0,4,2,13
,2019-53249,39.759876,-104.8907475,5/14/2019 9:30,9:30,3,0,1,MLK JR BOULEVARD & CENTRAL PARK BOULEVARD,1,1,0,0,1,1,,0,35,0,0,0,0,1,4,2,14
,2019-53250,39.731661,-104.91282,8/27/2019 11:12,11:12,3,0,1,MONACO STREET NORTH & 10TH AVENUE EAST,1,1,0,0,1,1,,0,25,0,0,0,0,1,4,2,1
,2019-53251,39.735108,-104.912811,1/8/2019 12:22,12:22,3,0,0,MONACO STREET NORTH & 12TH AVENUE EAST,1,1,0,0,1,1,,0,35,0,0,0,0,0,4,2,13
,2019-53252,39.736836,-104.912811,2/3/2019 11:23,11:23,3,0,1,MONACO STREET NORTH & 13TH AVENUE EAST,1,1,0,0,1,1,,0,35,0,0,0,0,2,4,2,13
,2019-53253,39.75329461,-104.9799852,2/2/2019 7:00,7:00,6,0,0,WELTON STREET & 1400 BLOCK,1,3,1,0,1,4,,0,,0,0,0,0,0,4,2,13
,2019-53359,39.755709,-104.9598,9/25/2019 16:43,16:43,3,0,0,YORK STREET NORTH & 27TH AVENUE EAST,1,1,0,0,1,1,,0,30,0,0,0,0,0,4,2,13
,2019-53452,39.77477659,-105.0264583,2/8/2019 15:00,15:00,6,0,0,GREEN COURT & 2700 BLOCK SOUTH,2,1,0,0,1,4,,0,25,0,0,0,1,0,4,2,13
,2019-53505,39.78957815,-104.9828951,11/21/2019 12:35,12:35,15,0,0,LOGAN STREET & 1400 BLOCK NORTH,2,1,0,0,1,4,,0,,0,0,0,0,0,4,4,13
,2019-53556,39.79422,-104.847219,7/8/2019 17:53,17:53,3,0,0,PEORIA STREET NORTH & 54TH AVENUE EAST,1,1,0,0,1,1,,0,30,0,0,0,0,0,4,2,14
,2019-53606,39.73157709,-104.96947,6/18/2019 15:30,15:30,6,0,0,HUMBOLDT STREET NORTH & 400 BLOCK,1,1,0,0,1,4,,0,15,0,0,0,0,0,4,2,7
,2019-53612,39.692952,-104.93406,2/8/2019 12:00,12:00,3,0,0,LOUISIANA AVENUE EAST & CHERRY STREET SOUTH,12,1,1,0,1,1,,0,30,0,0,0,0,0,4,2,13
,2019-53889,39.74231303,-104.9077215,8/14/2019 10:25,10:25,6,0,0,16TH AVENUE EAST & STREET PAUL STREET NORTH,1,1,0,0,1,4,,0,25,0,0,0,0,0,4,2,13
,2019-53896,39.74376107,-104.975928,1/30/2019 10:30,10:30,6,0,0,EMERSON STREET 1700 BLOCK NORTH & 17TH AVENUE EAST,6,1,0,0,1,4,,0,25,0,0,0,0,0,4,2,13
,2019-53915,39.74611505,-104.995152,6/25/2019 11:00,11:00,10,0,0,15TH STREET & CHAMPA STREET,1,1,0,0,1,5,,0,25,0,0,0,0,0,4,2,13
,2019-53916,39.74116952,-104.9889735,10/16/2019 9:40,9:40,15,0,0,15TH STREET & CLEVELAND PLACE,1,1,0,0,1,4,,0,25,0,0,0,0,0,4,2,13
,2019-53917,39.74532124,-104.99427,5/20/2019 14:05,14:05,6,0,0,15TH STREET & STOUT STREET,2,1,0,1,1,4,,0,30,0,0,0,0,0,4,2,13
,2019-53918,39.74747852,-104.994819,7/1/2019 13:50,13:50,12,0,0,CURTIS STREET & 16TH STREET,1,1,0,0,1,5,,0,25,0,0,0,0,0,4,2,13
,2019-53919,39.74967629,-104.9922957,10/20/2019 11:30,11:30,15,0,0,CURTIS STREET 1800 BLOCK & 18TH STREET,1,1,0,0,1,4,,0,30,0,0,0,0,0,4,2,1
,2019-53920,39.75987605,-104.9790915,5/15/2019 8:02,8:02,15,0,0,CURTIS STREET & 29TH STREET,1,1,0,0,1,4,,0,25,0,0,0,0,0,4,3,14
,2019-53921,39.74955206,-104.93136,5/2/2019 7:13,7:13,6,0,0,DAHLIA STREET 2200 BLOCK NORTH & 22ND AVENUE EAST,1,1,0,0,1,4,,0,25,0,0,0,0,0,4,2,3
,2019-53922,39.76062798,-104.931396,2/7/2019 8:05,8:05,5,0,0,DAHLIA STREET 3000 BLOCK NORTH & 30TH AVENUE EAST,4,1,0,0,3,4,,0,25,0,0,0,0,0,4,1,7
,2019-53923,39.74042252,-104.9953095,6/2/2019 17:42,17:42,12,0,1,GLENARM PL1200 BLOCK & COLFAX AVENUE WEST,1,1,1,0,1,4,,0,25,0,0,0,0,1,4,2,13
,2019-53924,39.75871771,-104.9254425,3/19/2019 22:48,22:48,6,0,0,GLENCOE STREET NORTH 2900 BLOCK & 29TH AVENUE EAST,1,3,0,0,1,4,,0,25,0,0,0,0,0,4,3,7
,2019-53925,39.77325226,-104.988519,2/18/2019 9:15,9:15,6,0,0,GLOBEVILLE 4100 BLOCK NORTH & 41ST AVENUE WEST,5,1,0,2,1,4,,0,25,0,0,0,0,0,4,3,13
,2019-53927,39.73439252,-104.983227,7/29/2019 12:00,12:00,6,0,0,GRANT STREET 1100 BLOCK NORTH & 11TH AVENUE EAST,1,1,0,0,1,4,,0,30,0,0,0,0,0,4,2,7
,2019-53929,39.74900736,-104.9964266,12/1/2019 11:50,11:50,15,0,0,LAWRENCE STREET 1600 BLOCK & 16TH STREET,10,1,0,0,1,4,,0,30,0,0,0,0,0,4,2,8
,2019-53930,39.75026857,-104.995323,10/3/2019 16:35,16:35,12,0,0,LAWRENCE STREET & 17TH STREET,1,1,0,0,1,4,,0,30,0,0,0,0,0,4,2,13
,2019-53931,39.76748136,-105.006096,3/1/2019 11:40,11:40,3,0,0,PECOS STREET 3600 BLOCK NORTH & 36TH AVENUE WEST,1,1,0,0,1,5,,0,10,0,0,0,0,0,4,2,13
,2019-53932,39.78922904,-104.7906994,10/2/2019 7:15,7:15,12,0,0,PENA BOULEVARD INBOUND 4000 BLOCK & 40TH AVENUE EAST,2,1,0,1,1,4,,0,55,0,0,0,0,0,4,2,13
,2019-53933,39.78813095,-104.7906994,1/24/2019 10:08,10:08,15,0,0,PENA BOULEVARD 4000 BLOCK & 40TH AVENUE EAST,4,1,0,2,1,4,,0,55,0,0,0,0,0,4,3,13
,2019-53934,39.77314884,-104.791482,3/25/2019 6:29,6:29,12,0,0,PENA BOULEVARD & 40TH AVENUE EAST,1,3,0,4,1,4,,0,65,0,0,0,0,0,4,2,13
,2019-53935,39.77312139,-104.791482,3/25/2019 6:30,6:30,12,0,0,PENA BOULEVARD & 40TH AVENUE EAST,1,3,0,4,1,4,,0,55,0,0,0,0,0,4,2,13
,2019-53936,39.79197426,-104.7906994,4/9/2019 7:45,7:45,12,0,1,PENA BOULEVARD INBOUND 4000 BLOCK & 40TH AVENUE EAST,1,1,1,0,1,7,,0,45,0,0,0,0,1,4,2,8
,2019-53937,39.8359966,-104.6866252,12/17/2019 11:30,11:30,15,0,0,PENA BOULEVARD 7500 & 75TH AVENUE EAST,1,1,0,0,1,4,,0,65,0,0,0,0,0,4,2,12
,2019-53938,39.83401152,-104.7217264,8/30/2019 22:56,22:56,15,0,0,PENA BOULEVARD 7600 BLOCK & 76TH AVENUE EAST,1,3,0,0,1,4,,0,45,0,0,0,0,0,4,2,8
,2019-53939,39.78799369,-104.7906994,7/7/2019 15:35,15:35,15,0,0,PENA BOULEVARD & 84TH AVENUE EAST,1,1,0,0,1,4,,0,10,0,0,0,0,0,4,2,13
,2019-53940,39.78456983,-104.791392,3/27/2019 7:59,7:59,15,0,0,PENA BOULEVARD OUTBOUND & GREEN VALLEY RANCH BOULEVARD,1,1,0,0,1,4,,0,65,0,0,0,0,0,4,2,13
,2019-53941,39.78580518,-104.791392,4/16/2019 18:57,18:57,12,0,0,PENA BOULEVARD INBOUND & GREEN VALLEY RANCH BOULEVARD NORTH / 4900 BLOCK,1,1,0,0,1,4,,0,65,0,0,0,0,0,4,2,1
,2019-53942,39.75316657,-105.0075585,1/27/2019 18:05,18:05,12,0,0,SPEER BOULEVARD 2200 BLOCK NORTH & ELITCH CIRCLE,1,3,0,0,1,7,,0,35,0,0,0,0,0,4,2,1
,2019-53943,39.73537783,-104.949171,6/17/2019 12:35,12:35,6,0,0,STEELE STREET 1200 BLOCK NORTH & 12TH AVENUE EAST,1,1,0,0,1,3,,0,25,0,0,0,0,0,4,2,3
,2019-53944,39.74266805,-104.949675,3/11/2019 17:00,17:00,6,0,0,STEELE STREET 1600 BLOCK NORTH & 16TH AVENUE EAST,1,1,0,0,1,4,,0,25,0,0,0,0,0,4,2,1
,2019-53945,39.737259,-104.898753,6/12/2019 20:55,20:55,3,0,0,13TH AVENUE EAST & SYRACUSE STREET NORTH,1,3,0,0,1,1,,0,30,0,0,0,0,0,4,2,13
,2019-53946,39.76960358,-104.949567,1/14/2019 9:50,9:50,6,0,0,STEELE STREET 3800 BLOCK NORTH & 38TH AVENUE EAST,1,1,0,0,1,4,,0,30,0,0,0,0,0,4,2,10
,2019-53947,39.65885564,-104.9000805,6/7/2019 19:19,19:19,3,0,0,TAMARAC DRIVE SOUTH & EASTMAN AVENUE EAST,1,1,0,0,1,2,,0,30,0,0,0,0,0,4,3,14
,2019-53955,39.80201969,-104.7873105,7/14/2019 1:50,1:50,12,0,0,PENA BOULEVARD & 56TH AVENUE,1,3,0,0,1,4,,0,65,0,0,0,0,0,4,2,2
,2019-53956,39.80564337,-104.7873105,7/16/2019 7:19,7:19,12,0,1,PENA BOULEVARD OUTBOUND & 56TH AVENUE EAST,1,1,0,0,1,4,,0,65,0,0,0,0,2,4,2,13
,2019-53957,39.80564337,-104.7873105,7/25/2019 6:50,6:50,9,0,2,PENA BOULEVARD & 56TH AVENUE EAST,1,1,0,0,1,4,,0,65,0,0,0,0,2,4,1,14
,2019-53958,39.80564337,-104.7873105,8/22/2019 9:00,9:00,12,0,0,PENA BOULEVARD 6500 BLOCK & 56TH AVENUE EAST,1,1,0,0,1,4,,0,65,0,0,0,0,0,4,2,13
,2019-53964,39.796308,-104.8472595,9/5/2019 17:23,17:23,1,0,1,PEORIA STREET NORTH & 55TH AVENUE EAST,1,1,0,0,1,1,,0,40,0,0,0,0,1,4,2,7
,2019-53977,39.79629899,-104.8437701,9/5/2019 19:57,19:57,14,0,0,55TH AVENUE EAST & QUENTIN STREET NORTH,1,2,0,0,1,4,,0,25,0,0,0,0,0,4,2,5
,2019-53978,39.69661498,-104.9195866,12/10/2019 7:50,7:50,12,0,0,5600 BLOCK EAST CHERRY CREEK & HOLLY STREET SOUTH,1,1,0,0,1,4,,0,,0,0,0,0,0,4,2,13
,2019-53979,39.83201988,-104.710199,2/6/2019 10:15,10:15,14,0,1,75TH AVENUE 24300 BLOCK EAST & GUN CLUB ROAD NORTH,4,1,1,2,1,4,,0,45,0,0,0,0,1,4,2,14
,2019-53980,39.837546,-104.7192249,3/13/2019 10:09,10:09,8,0,0,78TH AVENUE 23100 BLOCK EAST & 77TH AVENUE EAST,10,1,0,2,1,4,,0,45,0,0,0,0,0,4,2,9
,2019-53982,39.83754599,-104.7178005,6/7/2019 8:25,8:25,15,0,1,78TH AVENUE 7700 BLOCK EAST & 77TH AVENUE EAST,1,1,1,0,1,4,,0,45,0,0,0,0,1,4,2,14
,2019-53983,39.71133,-104.8921966,8/29/2019 15:24,15:24,12,0,0,ALAMEDA AVENUE EAST & FAIRMOUNT DRIVE EAST,1,1,0,0,1,4,,0,35,0,0,0,0,0,4,2,13
,2019-53984,39.71132998,-104.8907748,9/12/2019 6:05,6:05,12,0,1,ALAMEDA AVENUE 8500 BLOCK EAST & FAIRMOUNT DRIVE EAST,2,2,0,0,1,2,,0,35,0,0,0,0,1,4,2,1
,2019-53985,39.71133,-104.8923743,11/5/2019 8:45,8:45,12,0,1,ALAMEDA AVENUE 8600 BLOCK EAST & FAIRMOUNT DRIVE EAST,1,1,0,0,1,4,,0,35,0,0,0,0,1,4,3,13
,2019-53986,39.715272,-104.9582521,7/24/2019 9:56,9:56,12,0,0,CHERRY CREEK SOUTH DRIVE EAST & UNIVERSITY BOULEVARD SOUTH,1,1,0,0,1,4,,0,30,0,0,0,0,0,4,2,13
,2019-53987,39.715272,-104.9582566,11/11/2019 7:59,7:59,6,0,0,CHERRY CREEK DRIVE SOUTHEAST & UNIVERSITY BOULEVARD SOUTH,5,1,1,2,1,4,,0,30,0,0,0,0,0,4,2,7
,2019-53988,39.796308,-104.8472595,9/6/2019 16:36,16:36,1,0,1,PEORIA STREET NORTH & 55TH AVENUE EAST,2,1,0,1,1,1,,0,45,0,0,0,0,1,4,2,14
,2019-53989,39.849363,-104.6735624,1/21/2019 12:00,12:00,15,0,0,PENA BOULEVARD 8400 BLOCK & TERMINAL DOOR 61,1,1,0,0,1,4,,0,15,0,0,0,0,0,4,2,13
,2019-53990,39.83338795,-104.7684183,3/1/2019 19:00,19:00,12,0,0,PENA BOULEVARD OUTBOUND & TOWER ROAD NORTH / 7600 BLOCK,1,4,0,0,1,4,,0,65,0,0,0,0,0,4,2,14
,2019-53991,39.83338791,-104.76735,7/2/2019 19:00,19:00,10,0,0,PENA BOULEVARD & TOWER ROAD NORTH,1,1,0,0,1,2,,0,65,0,0,0,0,0,4,3,13
,2019-53992,39.83338797,-104.7691304,9/29/2019 7:36,7:36,12,0,0,PENA BOULEVARD & TOWER ROAD NORTH,4,1,1,2,1,4,,0,65,0,0,0,0,0,4,3,2
,2019-53993,39.83338799,-104.7701986,10/19/2019 18:01,18:01,12,0,0,PENA BOULEVARD INBOUND 7000 BLOCK & TOWER ROAD NORTH,1,2,0,0,1,4,,0,65,0,0,0,0,0,4,4,13
,2019-53994,39.76766995,-104.9815551,6/13/2019 9:32,9:32,5,0,0,RINGSBY COURT 3300 & 31ST STREET,1,1,0,0,3,4,,0,25,0,0,0,0,0,4,1,1
,2019-54005,39.69539994,-104.9092158,7/21/2019 8:00,8:00,6,0,0,ARIZONA AVENUE EAST & MONACO PARKWAY SOUTH,1,1,0,0,1,4,,0,30,0,0,0,0,0,4,2,13
,2019-54011,39.7731869,-104.8052359,4/12/2019 15:33,15:33,3,0,0,40TH AVENUE 15500 BLOCK EAST & CHAMBERS ROAD NORTH,1,1,0,0,1,1,,0,40,0,0,0,0,0,4,2,13
,2019-54012,39.77287198,-104.9385896,5/13/2019 13:50,13:50,6,0,0,40TH AVENUE EAST & COLORADO BOULEVARD NORTH,1,1,0,0,1,4,,0,25,0,0,0,0,0,4,2,1
,2019-54013,39.72548697,-105.0102643,3/8/2019 16:46,16:46,15,0,0,SIXTH AVENUE WEST & I25,1,2,1,0,1,4,,0,55,0,0,0,0,0,4,2,13
,2019-54014,39.72537894,-105.0018647,2/8/2019 8:23,8:23,12,0,0,SIXTH AVENUE WEST & OSAGE STREET NORTH,5,1,0,0,1,4,,0,55,0,0,0,0,0,4,2,13
,2019-54015,39.72537894,-105.0018647,2/8/2019 8:23,8:23,15,0,0,SIXTH AVENUE WEST & OSAGE STREET NORTH,5,1,0,0,1,4,,0,55,0,0,0,0,0,4,2,13
,2019-54016,39.71134791,-104.8988086,5/10/2019 7:31,7:31,3,0,0,ALAMEDA AVENUE 8500 BLOCK EAST & QUEBEC STREET SOUTH,1,1,0,0,1,2,,0,35,0,0,0,0,0,4,2,13
,2019-54017,39.71134798,-104.9014354,9/5/2019 7:10,7:10,12,0,0,ALAMEDA AVENUE 7500 BLOCK EAST & QUEBEC STREET SOUTH,1,1,0,0,1,4,,0,40,0,0,0,0,0,4,4,13
,2019-54018,39.71134795,-104.8999354,11/29/2019 12:17,12:17,15,0,0,ALAMEDA AVENUE 7400 BLOCK EAST & QUEBEC STREET SOUTH,11,1,0,4,1,4,,0,30,0,0,0,0,0,4,2,13
,2019-54019,39.71527188,-104.9540692,11/11/2019 8:30,8:30,5,0,0,CHERRY CREEK DRIVE SOUTHEAST & UNIVERSITY BOULEVARD SOUTH,6,1,0,2,3,4,,0,35,0,0,0,0,0,4,2,7
,2019-54020,39.61830591,-105.0866944,6/14/2019 7:44,7:44,3,0,0,CRESTLINE AVENUE 8000 BLOCK WEST & WADSWORTH BOULEVARD SOUTH,1,1,0,0,1,2,,0,,0,0,0,0,0,4,2,13
,2019-54048,39.76173448,-105.009372,5/27/2019 4:12,4:12,6,0,0,18TH STREET & 32ND AVENUE WEST,1,3,1,0,1,4,,0,25,0,0,0,0,0,4,3,2
,2019-54049,39.78306496,-104.8295835,5/21/2019 7:40,7:40,15,0,0,CARSON STREET NORTH & ANDREWS DRIVE EAST,4,1,0,2,1,4,,0,25,0,0,0,0,0,4,2,13
,2019-54050,39.74631838,-104.993667,8/20/2019 17:30,17:30,12,0,0,CHAMPA STREET 1600 BLOCK & 16TH STREET,1,1,0,0,1,2,,0,25,0,0,0,0,0,4,2,1
,2019-54051,39.78744694,-104.82228,1/11/2019 13:19,13:19,6,0,0,CHANDLER WAY 5100 BLOCK NORTH & CRYSTAL STREET EAST,6,1,0,2,1,4,,0,25,0,0,0,0,0,4,2,7
,2019-54052,39.75212243,-104.9926095,9/6/2019 23:20,23:20,6,0,0,LARIMER STREET & 20TH STREET,2,3,0,1,1,4,,0,30,0,0,0,0,0,4,2,5
,2019-54053,39.68326336,-105.03531,7/6/2019 16:30,16:30,6,0,0,MABRY WAY SOUTH & COLORADO AVENUE WEST,1,1,1,0,1,4,,0,25,0,0,0,0,0,4,2,1
,2019-54054,39.75534221,-104.9890095,12/14/2019 14:52,14:52,6,0,0,LARIMER STREET & PARK AVENUE WEST,1,1,0,0,1,4,,0,,0,0,0,0,0,4,2,13
,2019-54055,39.74738938,-104.997762,11/19/2019 8:30,8:30,15,0,0,LAWRENCE STREET & 15TH STREET,1,1,0,0,1,4,,0,25,0,0,0,0,0,4,2,13
,2019-54056,39.75199648,-104.991804,9/12/2019 22:13,22:13,6,0,0,LAWRENCE STREET & 20TH STREET,1,3,1,0,1,4,,0,35,0,0,0,0,0,4,4,5
,2019-54057,39.7496675,-104.9982177,11/13/2019 8:15,8:15,15,0,0,MARKET STREET 1600 BLOCK & 17TH STREET,1,1,0,0,1,4,,0,25,0,0,0,0,0,4,2,13
,2019-54058,39.75119095,-104.995872,1/30/2019 18:05,18:05,12,0,0,MARKET STREET & 18TH STREET,5,3,0,0,1,4,,0,30,0,0,0,0,0,4,2,1