id,drcog_id,latitude,longitude,crashtime,time,crashtype,numbkilled,numbinjurd,drcoglocat,rdconditin,lightngcon,roadcntgrd,weatherco,location,roaddescrp,schoolzone,constrzone,splimit,bikeinv,sctrinv,pedinv,motoinv,svrty,rdsystem,ttlvehcls,hcf
,2019-54059,39.75238921,-104.9945773,2/16/2019 0:09,0:09,6,0,0,MARKET STREET 1900 BLOCK & 20TH STREET,1,3,0,0,1,4,,0,30,0,0,0,0,0,4,2,8
,2019-54060,39.75320021,-104.993451,10/25/2019 22:58,22:58,6,0,0,MARKET STREET & 20TH STREET,1,3,0,0,1,4,,0,30,0,0,0,0,0,4,2,13
,2019-54061,39.78935087,-104.7961395,9/21/2019 23:54,23:54,10,0,2,MEMPHIS STREET NORTH & 53RD AVENUE EAST,1,4,0,0,1,4,,0,35,0,0,0,0,2,4,2,7
,2019-54062,39.79729791,-104.7873105,10/18/2019 18:45,18:45,12,0,1,PENA BOULEVARD OUTBOUND 5400 BLOCK & 56TH AVENUE EAST,1,3,0,0,1,4,,0,65,0,0,0,0,1,4,2,13
,2019-54063,39.78648382,-104.7906994,1/23/2019 6:00,6:00,12,0,2,PENA BOULEVARD OUTBOUND & 7400 BLOCK,1,3,0,0,1,4,,0,55,0,0,0,0,2,4,2,14
,2019-54064,39.78730739,-104.7906994,8/7/2019 15:03,15:03,15,0,0,PENA BOULEVARD 7700 BLOCK & 78TH AVENUE EAST,1,1,1,0,1,7,,0,45,0,0,0,0,0,4,2,13
,2019-54065,39.78758191,-104.7906994,10/9/2019 20:10,20:10,15,0,0,PENA BOULEVARD INBOUND 7900 BLOCK & 80TH AVENUE EAST,1,3,1,0,1,4,,0,45,0,0,0,0,0,4,2,13
,2019-54067,39.84725415,-104.673951,1/12/2019 18:04,18:04,12,0,0,PENA BOULEVARD 8300 BLOCK & 84TH AVENUE EAST,1,3,0,0,1,4,,0,15,0,0,0,0,0,4,2,13
,2019-54068,39.77886209,-104.8464495,10/25/2019 15:33,15:33,1,0,0,PEORIA STREET 4600 BLOCK NORTH & 47TH AVENUE EAST,1,1,0,0,1,2,,0,35,0,0,0,0,0,4,2,13
,2019-54069,39.78372148,-104.8466205,2/8/2019 13:46,13:46,15,0,0,PEORIA STREET 4600 BLOCK NORTH & ALBROOK DRIVE EAST,2,1,0,0,1,3,,0,40,0,0,0,0,0,4,2,13
,2019-54070,39.78391364,-104.8466205,4/12/2019 21:00,21:00,12,0,0,PEORIA STREET NORTH & ALBROOK DRIVE EAST,2,3,0,2,1,4,,0,40,0,0,0,0,0,4,2,13
,2019-54071,39.78337832,-104.8466205,7/20/2019 18:27,18:27,1,0,1,PEORIA STREET NORTH & ALBROOK DRIVE EAST,2,1,0,1,1,2,,0,35,0,0,0,0,1,4,2,8
,2019-54072,39.78317243,-104.8466205,10/11/2019 9:15,9:15,1,0,0,PEORIA STREET NORTH & ALBROOK DRIVE EAST,1,1,0,0,1,2,,0,35,0,0,0,0,0,4,3,13
,2019-54073,39.70926432,-104.997132,2/15/2019 2:47,2:47,5,0,1,SANTA FE DRIVE SOUTH 400 BLOCK & ALAMEDA AVENUE WEST,1,3,0,0,3,1,,0,35,0,0,0,0,2,4,1,13
,2019-54074,39.73400199,-104.9945765,5/22/2019 8:25,8:25,12,0,1,SPEER BOULEVARD NORTH 1200 BLOCK & 13TH AVENUE WEST,1,1,0,0,1,4,,0,35,0,0,0,0,1,4,2,14
,2019-54075,39.73482556,-104.9945765,8/21/2019 7:30,7:30,12,0,0,SPEER BOULEVARD 1200 BLOCK NORTH & 13TH AVENUE WEST,1,1,0,0,1,4,,0,35,0,0,0,0,0,4,2,1
,2019-54076,39.73786577,-104.9976405,7/11/2019 16:43,16:43,12,0,0,SPEER BOULEVARD NORTH & 14TH AVENUE EAST,1,1,0,0,1,4,,0,35,0,0,0,0,0,4,2,7
,2019-54077,39.73776969,-104.9976405,8/8/2019 16:47,16:47,12,0,0,SPEER BOULEVARD NORTH & 14TH AVENUE WEST,1,1,0,0,1,4,,0,30,0,0,0,0,0,4,3,13
,2019-54078,39.72866847,-104.9906115,5/26/2019 16:15,16:15,12,0,0,SPEER BOULEVARD NORTH 700 BLOCK & EIGHTH AVENUE WEST,1,1,0,0,1,3,,0,30,0,0,0,0,0,4,2,13
,2019-54080,39.79171833,-104.8097436,1/23/2019 19:35,19:35,12,0,0,CHAMBERS ROAD NORTH & 53RD AVENUE EAST,1,4,0,0,1,4,,0,45,0,0,0,0,0,4,2,13
,2019-54081,39.74907817,-105.0049305,1/12/2019 9:21,9:21,15,0,0,SPEER BOULEVARD 1300 BLOCK NORTH & CHOPPER CIRCLE,2,1,0,0,1,4,,0,35,0,0,0,0,0,4,2,13
,2019-54082,39.73954269,-104.998968,2/7/2019 7:37,7:37,5,0,0,SPEER BOULEVARD NORTH 1400 BLOCK & COLFAX AVENUE WEST,4,1,0,0,3,4,,0,30,0,0,0,0,0,4,1,1
,2019-54083,39.73967995,-104.998968,6/16/2019 2:26,2:26,5,0,1,SPEER BOULEVARD NORTH & COLFAX AVENUE WEST,1,3,0,0,3,4,,0,35,0,0,0,0,2,4,1,5
,2019-54084,39.73262621,-104.99292,9/3/2019 15:05,15:05,12,0,1,SPEER BOULEVARD 1000 BLOCK NORTH & DELAWARE STREET NORTH,1,1,0,0,1,4,,0,30,0,0,0,0,1,4,2,13
,2019-54085,39.75193121,-105.0075585,10/19/2019 22:59,22:59,15,0,0,SPEER BOULEVARD 1700 BLOCK NORTH & ELITCH CIRCLE,1,3,0,0,1,4,,0,35,0,0,0,0,0,4,2,13
,2019-54086,39.75399215,-104.9961015,12/6/2019 17:50,17:50,12,0,0,WAZEE STREET 1900 BLOCK & 20TH STREET,1,3,1,0,1,4,,0,30,0,0,0,0,0,4,2,13
,2019-54087,39.70415022,-104.9568671,8/1/2019 11:39,11:39,12,0,0,WAZEE ALY 700 BLAKE & EXPOSITION AVENUE EAST,1,1,0,0,1,3,,0,30,0,0,0,0,0,4,2,13
,2019-54120,39.79464875,-104.8144239,11/1/2019 6:20,6:20,6,0,0,MAXWELL PLACE EAST & 14825 EAST MAXWELL PLACE,5,3,1,0,1,4,,0,35,0,0,0,0,0,4,2,7
,2019-54126,39.752946,-104.9928762,3/14/2019 14:42,14:42,12,0,0,20TH STREET & LARIMER STREET,1,1,0,0,1,4,,0,30,0,0,0,0,0,4,2,1
,2019-54127,39.752271,-104.9919818,9/20/2019 17:39,17:39,12,0,0,20TH STREET & LAWRENCE STREET,1,1,0,0,1,2,,0,30,0,0,0,0,0,4,2,13
,2019-54129,39.75958797,-105.0046261,5/3/2019 16:14,16:14,12,0,0,20TH STREET & LITTLE RAVEN STREET,1,1,1,0,1,4,,0,30,0,0,0,0,0,4,3,8
,2019-54130,39.759588,-105.0020651,5/4/2019 23:00,23:00,12,0,0,20TH STREET 1800 BLOCK & LITTLE RAVEN STREET,1,3,1,0,1,4,,0,40,0,0,0,0,0,4,2,13
,2019-54131,39.759588,-105.0021362,6/1/2019 15:20,15:20,12,0,0,20TH STREET & LITTLE RAVEN STREET,1,1,1,0,1,4,,0,30,0,0,0,0,0,4,2,3
,2019-54132,39.759588,-105.0024563,10/20/2019 10:50,10:50,12,0,0,20TH STREET 3100 BLOCK & LITTLE RAVEN STREET,1,1,1,0,1,4,,0,30,0,0,0,0,0,4,2,13
,2019-54134,39.783996,-104.8466205,5/9/2019 18:53,18:53,12,0,1,PEORIA STREET NORTH & ALBROOK DRIVE EAST,2,2,0,1,1,1,,0,40,0,0,0,0,2,4,2,13
,2019-54135,39.783996,-104.8466561,6/5/2019 13:30,13:30,12,0,2,ALBROOK DRIVE EAST & PEORIA STREET NORTH,1,1,0,0,1,3,,0,35,0,0,0,0,1,4,2,13
,2019-54136,39.78153898,-104.8444083,8/12/2019 8:15,8:15,15,0,1,ALBROOK DRIVE EAST & TULSA COURT,1,1,0,0,1,4,,0,35,0,0,0,0,1,4,2,13
,2019-54137,39.70191588,-104.881719,4/18/2019 18:42,18:42,1,0,0,ALTON WAY 600 BLOCK SOUTH & CLINTON STREET SOUTH,1,1,0,0,1,2,,0,25,0,0,0,0,0,4,2,1
,2019-54138,39.77378995,-104.8171212,4/27/2019 16:52,16:52,6,0,0,ANDREWS DRIVE 15082 EAST & MITCHELL PLACE EAST,1,1,0,0,1,4,,0,25,0,0,0,0,0,4,2,3
,2019-54139,39.752532,-104.9902185,8/6/2019 10:15,10:15,6,0,0,ARAPAHOE STREET & 21ST STREET,1,1,0,0,1,4,,0,30,0,0,0,0,0,4,2,13
,2019-54140,39.715173,-104.9085742,4/29/2019 7:24,7:24,6,0,0,ARCHER DRIVE 6700 BLOCK EAST & ONEIDA STREET SOUTH,1,1,0,0,1,4,,0,25,0,0,0,0,0,4,2,13
,2019-54141,39.715173,-104.9081299,10/3/2019 10:00,10:00,6,0,0,ARCHER PLACE EAST & ONEIDA STREET SOUTH,1,1,0,0,1,3,,0,25,0,0,0,0,0,4,2,14
,2019-54142,39.757887,-104.9928171,5/4/2019 23:00,23:00,12,0,0,PARK AVENUE WEST & WAZEE STREET,1,3,0,0,1,4,,0,35,0,0,0,0,0,4,2,8
,2019-54143,39.83565145,-104.6753204,5/27/2019 13:20,13:20,15,0,0,PENA BOULEVARD & SHADY GROVE STREET NORTH,1,1,0,0,1,4,,0,45,0,0,0,0,0,4,2,1
,2019-54144,39.849363,-104.6741857,2/15/2019 23:40,23:40,12,0,0,PENA BOULEVARD 8400 BLOCK & 84TH AVENUE EAST,1,3,0,0,1,4,,0,25,0,0,0,0,0,4,2,8
,2019-54145,39.78785643,-104.791589,9/16/2019 4:40,4:40,12,0,1,PENA BOULEVARD 7300 BLOCK & E470 NORTHBOUND ENTRANCE GORE POINT,1,3,0,0,1,4,,0,65,0,0,0,0,1,4,2,7
,2019-54147,39.834414,-104.7159802,2/18/2019 14:40,14:40,12,0,0,PENA BOULEVARD INBOUND & GUN CLUB ROAD NORTH / 7500 BLOCK,1,1,0,0,1,3,,0,45,0,0,0,0,0,4,2,1
,2019-54148,39.834414,-104.7163897,5/18/2019 5:26,5:26,5,0,0,PENA BOULEVARD & GUN CLUB ROAD,1,3,0,0,1,4,,0,65,0,0,0,0,0,4,4,13
,2019-54149,39.83338786,-104.777726,5/17/2019 14:30,14:30,12,0,0,PENA BOULEVARD INBOUND OFF & TOWER ROAD,1,1,0,0,1,4,,0,,0,0,0,0,0,4,2,8
,2019-54150,39.83338795,-104.7755397,6/3/2019 17:05,17:05,15,0,0,PENA BOULEVARD INBOUND & TOWER ROAD NORTH / 7100 BLOCK,2,1,1,1,1,4,,0,65,0,0,0,0,0,4,2,13
,2019-54151,39.83338795,-104.7755397,6/24/2019 17:20,17:20,12,0,0,PENA BOULEVARD INBOUND 7300 BLOCK & TOWER ROAD,1,1,1,0,1,4,,0,65,0,0,0,0,0,4,2,13
,2019-54152,39.83338795,-104.7755397,7/11/2019 6:06,6:06,15,0,0,PENA BOULEVARD & TOWER ROAD NORTH,1,1,1,0,1,4,,0,45,0,0,0,0,0,4,2,1
,2019-54153,39.83338733,-104.7844416,11/5/2019 5:30,5:30,12,0,0,PENA BOULEVARD & TOWER ROAD NORTH,2,3,0,0,1,4,,0,65,0,0,0,0,0,4,2,1
,2019-54154,39.72208499,-104.8841775,5/27/2019 18:15,18:15,6,0,0,SPORTS BOULEVARD & YOSEMITE WAY NORTH,1,1,0,0,1,4,,0,15,0,0,0,0,0,4,2,1
,2019-54155,39.634524,-105.1081609,6/19/2019 7:28,7:28,6,0,0,STANFORD AVENUE WEST & JELLISON STREET SOUTH,1,1,0,0,1,4,,0,25,0,0,0,0,0,4,2,13
,2019-54160,39.76848845,-104.8770198,11/8/2019 3:00,3:00,5,0,1,SMITH ROAD 9300 BLOCK EAST & HAVANA STREET NORTH,1,4,0,0,1,4,,0,25,0,0,0,0,2,4,1,12
,2019-54161,39.77523898,-104.92886,6/24/2019 15:15,15:15,12,0,0,SMITH ROAD 5100 BLOCK EAST & FOREST STREET NORTH,1,1,0,0,1,4,,0,30,0,0,0,0,0,4,2,13
,2019-54162,39.76848862,-104.8751415,1/24/2019 14:46,14:46,12,0,0,SMITH ROAD EAST & HAVANA STREET NORTH / 10100 BLOCK EAST,6,1,0,0,1,4,,0,25,0,0,0,0,0,4,2,13
,2019-54163,39.63505462,-105.091182,8/6/2019 11:15,11:15,3,0,0,STANFORD AVENUE WEST & WADSWORTH BOULEVARD SOUTH,1,1,0,0,1,2,,0,15,0,0,0,0,0,4,2,3
,2019-54171,39.83701194,-104.7718978,4/22/2019 2:00,2:00,12,0,1,PENA BOULEVARD 7000 BLOCK & TOWER ROAD,1,3,0,0,1,4,,0,55,0,0,0,0,1,4,2,13
,2019-54172,39.783996,-104.8466205,7/9/2019 7:51,7:51,15,0,0,PEORIA STREET NORTH & ALBROOK DRIVE EAST,1,1,0,0,1,1,,0,35,0,0,0,0,0,4,2,13
,2019-54186,39.696741,-105.030999,1/25/2019 13:20,13:20,3,0,0,MISSISSIPPI AVENUE WEST & JULIAN STREET SOUTH,1,1,0,0,1,1,,0,25,0,0,0,0,0,4,2,13
,2019-54206,39.73685251,-104.9902304,8/17/2019 17:00,17:00,6,0,0,13TH AVENUE WEST & BANNOCK STREET NORTH,1,1,0,0,1,4,,0,25,0,0,0,0,0,4,2,7
,2019-54207,39.74960254,-104.9882069,8/14/2019 18:00,18:00,12,0,0,20TH STREET & STOUT STREET,1,1,0,0,1,4,,0,30,0,0,0,0,0,4,2,13
,2019-54209,39.77335202,-104.809881,8/3/2019 20:33,20:33,3,0,0,40TH AVENUE EAST & CHAMBERS STREET NORTH,1,3,0,0,1,2,,0,35,0,0,0,0,0,4,2,13
,2019-54210,39.7183588,-104.9875026,9/28/2019 21:49,21:49,3,0,0,BROADWAY STREET NORTH & FIRST AVENUE WEST,1,3,0,0,1,2,,0,30,0,0,0,0,0,4,2,13
,2019-54211,39.7183588,-104.9875026,11/7/2019 18:07,18:07,15,0,0,BROADWAY STREET NORTH & FIRST AVENUE EAST,1,3,0,0,1,4,,0,40,0,0,0,0,0,4,2,13
,2019-54212,39.74891622,-104.987392,10/27/2019 1:20,1:20,12,0,0,BROADWAY STREET NORTH & 20TH STREET,1,3,0,0,1,3,,0,30,0,0,0,0,0,4,2,13
,2019-54213,39.77440348,-104.8827714,10/8/2019 9:05,9:05,15,0,0,CENTRAL PARK BOULEVARD NORTH & 40TH AVENUE EAST,1,1,0,0,1,4,,0,35,0,0,0,0,0,4,2,13
,2019-54214,39.75079971,-104.8884728,12/3/2019 15:28,15:28,12,0,0,CENTRAL PARK BOULEVARD NORTH & XANTHIA WAY NORTH,1,1,0,0,1,4,,0,35,0,0,0,0,0,4,2,13
,2019-54215,39.72439352,-104.9473793,7/3/2019 11:32,11:32,5,0,0,COOK STREET NORTH & FIFTH AVENUE EAST,1,1,0,0,2,2,,0,25,0,0,0,0,0,4,1,13
,2019-54216,39.6736853,-104.9476975,6/6/2019 9:52,9:52,5,0,1,COOK STREET 2300 BLOCK SOUTH & WESLEY AVENUE EAST,1,1,0,0,2,4,,0,25,0,0,0,0,1,4,1,14
,2019-54217,39.70376212,-104.8753378,1/29/2019 5:44,5:44,3,0,0,DAYTON STREET 600 SOUTH & EXPOSITION AVENUE EAST,5,3,0,0,1,2,,0,15,0,0,0,0,0,4,2,3
,2019-54218,39.72097821,-104.9546384,7/1/2019 14:55,14:55,6,0,0,DETROIT STREET NORTH & THIRD AVENUE EAST,1,1,0,0,1,4,,0,25,0,0,0,0,0,4,2,1
,2019-54219,39.7406249,-104.9406115,7/9/2019 9:00,9:00,15,0,0,ESPLANADE PARKWAY NORTH & COLFAX AVENUE EAST,1,1,0,0,1,4,,0,25,0,0,0,0,0,4,2,3
,2019-54220,39.73695189,-104.9428893,9/17/2019 15:30,15:30,14,0,0,JACKSON STREET NORTH & 13TH AVENUE EAST,1,1,0,0,1,4,,0,25,0,0,0,0,0,4,2,13
,2019-54221,39.72711835,-104.9590618,7/19/2019 17:18,17:18,12,0,0,JOSEPHINE STREET NORTH 700 BLOCK & SEVENTH AVENUE EAST,1,1,0,0,1,4,,0,30,0,0,0,0,0,4,3,3
,2019-54222,39.73078248,-104.9592266,2/15/2019 13:48,13:48,10,0,0,JOSEPHINE SOUTH 900 BLOCK NORTH & NINTH AVENUE EAST,1,1,1,0,1,2,,0,30,0,0,0,0,0,4,2,13
,2019-54223,39.73112563,-104.9592499,8/31/2019 17:40,17:40,10,0,0,JOSEPHINE STREET NORTH & NINTH AVENUE EAST,1,1,1,0,1,2,,0,30,0,0,0,0,0,4,2,8
,2019-54224,39.71046278,-104.9176033,7/23/2019 3:20,3:20,6,0,0,KEARNEY STREET SOUTH & DAKOTA AVENUE EAST,1,3,1,0,1,4,,0,25,0,0,0,0,0,4,2,2
,2019-54226,39.74926997,-104.9973481,11/12/2019 9:00,9:00,15,0,0,LARIMER STREET & 16TH STREET,1,1,0,0,1,4,,0,,0,0,0,0,0,4,2,13
,2019-54227,39.75867245,-104.9854915,7/10/2019 20:00,20:00,6,0,0,LARIMER STREET & 26TH STREET,1,1,0,0,1,4,,0,,0,0,0,0,0,4,2,14
,2019-54228,39.70205721,-104.9871568,7/12/2019 13:00,13:00,15,0,0,LINCOLN STREET SOUTH 700 BLOCK & OHIO AVENUE EAST,1,1,0,0,1,4,,0,30,0,0,0,0,0,4,2,13
,2019-54229,39.76226302,-105.034609,7/12/2019 11:45,11:45,6,0,0,LOWELL BOULEVARD NORTH & 32ND AVENUE WEST,1,1,1,0,1,4,,0,25,0,0,0,0,0,4,2,13
,2019-54230,39.75467269,-104.9921116,3/1/2019 23:58,23:58,6,0,0,MARKET STREET 2100 BLOCK & 21ST STREET,1,3,0,0,1,4,,0,30,0,0,0,0,0,4,3,5
,2019-54231,39.67846227,-104.9128921,11/6/2019 14:36,14:36,12,0,0,MONACO STREET 2000 BLOCK SOUTH & EVANS AVENUE EAST,2,1,1,1,1,3,,0,35,0,0,0,0,0,4,2,5
,2019-54232,39.78231396,-105.0064367,3/12/2019 7:56,7:56,12,0,0,PECOS STREET NORTH 4700 BLOCK & 47TH AVENUE WEST,1,1,0,0,1,6,,0,25,0,0,0,0,0,4,2,13
,2019-54233,39.73562656,-104.9034596,10/8/2019 15:45,15:45,5,0,0,QUEBEC STREET NORTH & 12TH AVENUE EAST,1,1,0,0,3,4,,0,35,0,0,0,0,0,4,1,10
,2019-54235,39.76752822,-104.9025364,5/17/2019 20:15,20:15,3,0,0,QUEBEC STREET NORTH & 36TH AVENUE EAST,2,3,0,1,5,2,,0,35,0,0,0,0,0,4,2,13
,2019-54236,39.76766546,-104.902539,6/1/2019 8:59,8:59,15,0,0,QUEBEC STREET NORTH & 36TH AVENUE EAST,1,1,0,0,1,4,,0,45,0,0,0,0,0,4,2,13
,2019-54238,39.77441614,-104.9031727,1/8/2019 16:29,16:29,12,0,0,QUEBEC STREET NORTH & SMITH ROAD EAST,1,1,1,0,1,4,,0,45,0,0,0,0,0,4,3,13
,2019-54239,39.7954575,-104.884155,12/8/2019 17:00,17:00,5,0,0,VERBENA STREET & 1403 NORTH,1,4,0,0,2,4,,0,,0,0,0,0,0,4,1,13
,2019-54240,39.71628507,-104.9499387,10/23/2019 17:32,17:32,12,0,0,STEELE STREET NORTH & ELLSWORTH AVENUE EAST,4,2,0,2,1,3,,0,30,0,0,0,0,0,4,2,1
,2019-54241,39.6388965,-104.892731,8/9/2019 8:01,8:01,1,0,0,TAMARAC STREET SOUTH & QUINCY AVENUE EAST,1,1,0,0,1,2,,0,30,0,0,0,0,0,4,2,13
,2019-54242,39.766105,-105.0112003,12/13/2019 12:28,12:28,3,0,0,TEJON STREET 3500 BLOCK NORTH & 35TH AVENUE WEST,1,1,0,0,1,5,,0,10,0,0,0,0,0,4,2,13
,2019-54243,39.74235649,-104.9906381,2/23/2019 17:30,17:30,12,0,0,TREMONT PLACE 1500 BLOCK & 15TH STREET,1,1,0,0,1,4,,0,25,0,0,0,0,0,4,2,14
,2019-54244,39.75098873,-105.0020748,1/29/2019 16:21,16:21,12,0,0,WYNKOOP STREET 1500 & 15TH STREET,4,1,0,0,1,4,,0,25,0,0,0,0,0,4,2,13
,2019-54245,39.67483769,-104.9604718,11/13/2019 12:20,12:20,14,0,0,YORK STREET 2300 BLOCK NORTH & 23RD AVENUE EAST,1,1,0,0,1,4,,0,30,0,0,0,0,0,4,2,7
,2019-54246,39.75196443,-104.9598006,1/31/2019 16:02,16:02,8,0,3,YORK STREET NORTH & 24TH AVENUE EAST,1,1,0,0,1,4,,0,30,0,0,0,0,2,4,2,10
,2019-54262,39.732894,-104.903469,10/2/2019 12:53,12:53,3,0,0,QUEBEC STREET NORTH & 11TH AVENUE EAST,1,1,0,0,1,1,,0,30,0,0,0,0,0,4,3,8
,2019-54265,39.6931093,-105.009735,6/16/2019 0:30,0:30,6,0,0,SENECA WAY SOUTH & LOUISIANA AVENUE WEST,1,3,1,0,1,4,,0,25,0,0,0,0,0,4,2,13
,2019-54306,39.74163283,-104.9679156,2/27/2019 16:57,16:57,12,0,0,16TH AVENUE EAST & FRANKLIN STREET NORTH / 1500 BLOCK EAST,1,1,0,0,1,4,,0,30,0,0,0,0,0,4,2,1
,2019-54307,39.74146204,-104.9081574,1/24/2019 12:24,12:24,5,0,0,16TH AVENUE EAST & ONEIDA STREET NORTH,4,1,0,2,2,3,,0,30,0,0,0,0,0,4,1,7
,2019-54308,39.75144039,-104.9979314,9/3/2019 1:13,1:13,6,0,0,17TH STREET & BLAKE STREET,1,3,0,0,1,3,,0,25,0,0,0,0,0,4,2,2
,2019-54310,39.7433581,-104.9873762,2/21/2019 12:12,12:12,15,0,0,17TH STREET & BROADWAY STREET NORTH,1,1,1,0,1,4,,0,30,0,0,0,0,0,4,2,14
,2019-54312,39.74322132,-104.9621855,10/30/2019 15:20,15:20,6,0,0,17TH AVENUE EAST & VINE STREET NORTH,5,1,0,0,1,4,,0,30,0,0,0,0,0,4,3,1
,2019-54313,39.75366167,-104.9934094,7/5/2019 23:31,23:31,12,0,1,20TH STREET 1300 BLOCK & MARKET STREET,1,3,0,0,1,4,,0,30,0,0,0,0,1,4,2,7
,2019-54314,39.75618448,-104.9918862,10/21/2019 20:30,20:30,5,0,0,22ND STREET & BLAKE STREET,2,3,0,1,1,3,,0,25,0,0,0,0,0,4,1,13
,2019-54315,39.77296625,-104.9754303,7/2/2019 13:11,13:11,12,0,0,38TH STREET & BRIGHTON BOULEVARD NORTH,1,1,0,0,1,4,,0,30,0,0,0,0,0,4,2,13
,2019-54316,39.79832329,-104.8841141,9/8/2019 9:30,9:30,12,0,0,56TH AVENUE EAST & CENTRAL PARK BOULEVARD NORTH,1,1,0,0,1,1,,0,45,0,0,0,0,0,4,4,13
,2019-54317,39.72570795,-104.9999384,1/19/2019 18:40,18:40,15,0,0,SIXTH AVENUE WEST & KALAMATH STREET NORTH,1,3,0,0,1,4,,0,,0,0,0,0,0,4,2,13
,2019-54318,39.79837073,-104.8660346,9/2/2019 13:00,13:00,12,0,1,56TH AVENUE EAST & HAVANA STREET NORTH,1,1,0,0,1,3,,0,45,0,0,0,0,1,4,2,13
,2019-54319,39.79828904,-104.8482264,4/19/2019 8:11,8:11,12,0,0,56TH AVENUE EAST & OSWEGO STREET NORTH / 12000 BLOCK EAST,1,1,0,0,1,3,,0,45,0,0,0,0,0,4,2,5
,2019-54320,39.72451469,-105.031261,2/19/2019 13:15,13:15,5,0,0,FIFTH AVENUE 3300 BLOCK WEST & JULIAN STREET NORTH,5,1,0,2,2,4,,0,25,0,0,0,0,0,4,1,3
,2019-54321,39.7113034,-104.9316345,3/22/2019 17:15,17:15,15,0,0,ALAMEDA AVENUE EAST & DAHLIA STREET SOUTH / 4800 BLOCK EAST,2,1,0,1,1,1,,0,35,0,0,0,0,0,4,2,1
,2019-54322,39.68029305,-104.9659147,10/9/2019 8:16,8:16,3,0,0,ASBURY AVENUE EAST & WILLIAMS STREET SOUTH,1,1,0,0,1,2,,0,25,0,0,0,0,0,4,2,10
,2019-54323,39.71475106,-104.9847423,10/6/2019 18:11,18:11,6,0,0,BAYAUD AVENUE 200 BLOCK EAST & SHERMAN STREET SOUTH,1,2,0,0,1,4,,0,25,0,0,0,0,0,4,2,14
,2019-54325,39.68223517,-104.9572724,11/21/2019 22:57,22:57,9,0,2,BUCHTEL BOULEVARD 2400 BLOCK EAST & JOSEPHINE STREET SOUTH,5,4,0,2,3,1,,0,35,0,0,0,0,2,4,1,13
,2019-54326,39.67864498,-105.0247656,10/2/2019 15:51,15:51,13,0,2,EVANS AVENUE WEST & FEDERAL BOULEVARD SOUTH,1,1,0,0,1,2,,0,30,0,0,0,0,1,4,3,13
,2019-54327,39.6895467,-105.0532334,8/12/2019 13:22,13:22,12,0,0,FLORIDA AVENUE 5100 BLOCK WEST & SHERIDAN BOULEVARD SOUTH,1,1,0,0,1,4,,0,25,0,0,0,0,0,4,2,13
,2019-54328,39.6895094,-105.0146242,8/22/2019 18:09,18:09,15,0,0,FLORIDA AVENUE WEST & ZUNI STREET SOUTH,1,1,1,0,1,4,,0,35,0,0,0,0,0,4,2,1
,2019-54329,39.69300465,-104.9809761,5/22/2019 13:40,13:40,3,0,1,LOUISIANA AVENUE EAST & PENNSYLVANIA STREET SOUTH,1,1,0,0,1,5,,0,15,0,0,0,0,1,4,2,13
,2019-54330,39.76153568,-104.9427706,10/10/2019 10:10,10:10,12,0,0,MLK BOULEVARD 3800 BLOCK EAST & RICHARD ALLEN COURT,5,1,0,0,1,4,,0,35,0,0,0,0,0,4,2,1
,2019-54331,39.63866853,-105.0484682,6/11/2019 10:37,10:37,12,0,2,QUINCY AVENUE 4700 BLOCK WEST & WOLFF STREET SOUTH,1,1,0,0,1,4,,0,35,0,0,0,0,2,4,2,13
,2019-54332,39.7528961,-104.9996789,10/20/2019 13:41,13:41,6,0,0,WYNKOOP STREET & 17TH STREET,1,1,0,0,1,4,,0,25,0,0,0,0,0,4,2,13
,2019-54333,39.66757174,-104.9406099,5/8/2019 8:38,8:38,1,0,0,YALE AVENUE 4000 BLOCK EAST & COLORADO BOULEVARD SOUTH,2,1,0,1,1,2,,0,35,0,0,0,0,0,4,2,13
,2019-54376,39.79838345,-104.7854316,8/15/2019 17:51,17:51,12,0,0,56TH AVENUE 17000 BLOCK EAST & PENA BOULEVARD,1,1,0,0,1,4,,0,45,0,0,0,0,0,4,2,7
,2019-54377,39.8380826,-104.7098181,5/9/2019 16:05,16:05,1,0,0,78TH AVENUE 23800 BLOCK EAST & GUN CLUB ROAD,1,1,0,0,1,2,,0,,0,0,0,0,0,4,2,8
,2019-54380,39.741964,-104.9453013,2/13/2019 12:06,12:06,6,0,0,MONROE STREET 1600 BLOCK NORTH & 17TH AVENUE EAST,1,1,0,0,1,4,,0,25,0,0,0,0,0,4,2,13
,2019-54400,39.73034857,-105.0028327,11/19/2019 10:03,10:03,3,0,2,NINTH AVENUE WEST & MARIPOSA STREET NORTH,1,1,0,0,1,1,,0,25,0,0,0,0,1,4,2,1
,2019-54401,39.7594534,-104.878866,4/3/2019 0:09,0:09,8,0,0,BEELER STREET 2900 BLOCK NORTH & MLK BOULEVARD EAST,1,3,0,0,1,4,,0,25,0,0,0,0,0,4,2,5
,2019-54402,39.68455724,-104.9373245,9/20/2019 11:40,11:40,15,0,0,BELLAIRE STREET SOUTH & MONTANA PLACE EAST,1,1,0,0,1,4,,0,25,0,0,0,0,0,4,2,1