id,drcog_id,latitude,longitude,crashtime,time,crashtype,numbkilled,numbinjurd,drcoglocat,rdconditin,lightngcon,roadcntgrd,weatherco,location,roaddescrp,schoolzone,constrzone,splimit,bikeinv,sctrinv,pedinv,motoinv,svrty,rdsystem,ttlvehcls,hcf
,2019-54403,39.70214371,-104.9875273,9/24/2019 1:08,1:08,5,0,2,BROADWAY STREET SOUTH & OHIO AVENUE EAST,1,3,0,0,2,1,,0,35,0,0,0,0,1,4,1,5
,2019-54404,39.77643375,-104.8099039,8/31/2019 9:28,9:28,12,0,1,CHAMBERS ROAD NORTH & 46TH AVENUE EAST,1,1,0,0,1,4,,0,30,0,0,0,0,1,4,2,13
,2019-54406,39.73515796,-104.9729987,4/27/2019 22:12,22:12,6,0,0,DOWNING STREET & 12TH AVENUE EAST,1,3,0,0,1,3,,0,35,0,0,0,0,0,4,2,5
,2019-54407,39.73687621,-104.9730403,5/5/2019 2:25,2:25,6,0,0,DOWNING STREET NORTH & 13TH AVENUE EAST,1,3,0,0,1,4,,0,30,0,0,0,0,0,4,2,14
,2019-54408,39.67796239,-105.028805,1/20/2019 1:15,1:15,6,0,0,HOOKER WAY 2100 SOUTH & EVANS AVENUE WEST,1,3,0,0,1,4,,0,25,0,0,0,0,0,4,2,5
,2019-54409,39.68689722,-105.0334248,12/7/2019 22:58,22:58,6,0,0,KING STREET 1600 BLOCK SOUTH & IOWA AVENUE WEST,1,3,0,0,1,4,,0,,0,0,0,0,0,4,2,13
,2019-54410,39.74455346,-104.9709069,7/22/2019 11:20,11:20,6,0,0,LAFAYETTE STREET NORTH & 18TH AVENUE EAST,1,1,0,0,1,4,,0,25,0,0,0,0,0,4,2,13
,2019-54411,39.72483462,-104.9862562,11/15/2019 15:32,15:32,10,0,0,LINCOLN STREET NORTH & SIXTH AVENUE EAST,1,1,0,0,1,2,,0,35,0,0,0,0,0,4,2,8
,2019-54412,39.71114034,-104.98279,6/26/2019 10:44,10:44,15,0,0,LOGAN STREET SOUTH & ALAMEDA AVENUE EAST,1,1,0,0,1,4,,0,30,0,0,0,0,0,4,2,1
,2019-54413,39.7307177,-104.9034649,1/2/2019 13:39,13:39,12,0,0,QUEBEC STREET NORTH & NINTH AVENUE EAST,1,1,1,0,1,4,,0,30,0,0,0,0,0,4,2,1
,2019-54414,39.77835176,-104.9035672,10/21/2019 7:35,7:35,15,0,0,QUEBEC STREET NORTH & I70 EASTBOUND ON/OFF SLIP RAMPS,1,1,0,0,1,4,,0,35,0,0,0,0,0,4,2,13
,2019-54415,39.71116055,-104.9971249,12/14/2019 10:00,10:00,12,0,0,SANTA FE DRIVE SOUTH & ALAMEDA AVENUE WEST,1,1,0,0,1,3,,0,35,0,0,0,0,0,4,2,13
,2019-54416,39.73993649,-104.8975574,12/15/2019 18:53,18:53,6,0,0,SPRUCE STREET 1400 BLOCK NORTH & COLFAX AVENUE EAST,1,4,0,0,1,4,,0,25,0,0,0,0,0,4,3,5
,2019-54417,39.68330318,-104.950809,10/21/2019 6:46,6:46,3,0,0,STREET PAUL STREET SOUTH & COLORADO AVENUE EAST,1,4,0,0,1,2,,0,25,0,0,0,0,0,4,2,13
,2019-54418,39.82243819,-104.771938,11/12/2019 14:40,14:40,15,0,0,TOWER ROAD NORTH & 70TH AVENUE EAST,1,1,0,0,1,4,,0,35,0,0,0,0,0,4,2,13
,2019-54419,39.71791345,-104.9593188,11/21/2019 16:00,16:00,15,0,0,UNIVERSITY BOULEVARD NORTH & FIRST AVENUE EAST,2,2,0,2,1,4,,0,30,0,0,0,0,0,4,2,1
,2019-54420,39.74105686,-104.95978,5/2/2019 9:10,9:10,15,0,0,YORK STREET NORTH & 16TH AVENUE EAST,1,1,0,0,1,4,,0,30,0,0,0,0,0,4,2,13
,2019-54421,39.76551999,-104.9597492,3/15/2019 15:28,15:28,12,0,0,YORK STREET NORTH & 35TH AVENUE EAST,1,1,0,0,1,4,,0,30,0,0,0,0,0,4,3,3
,2019-54422,39.76800027,-104.9597459,6/20/2019 8:04,8:04,12,0,0,YORK STREET NORTH 3700 BLOCK & 38TH AVENUE EAST,1,1,0,0,1,4,,0,30,0,0,0,0,0,4,2,3
,2019-54423,39.65105585,-104.8848208,7/20/2019 22:10,22:10,12,0,0,YOSEMITE STREET SOUTH & JEFFERSON AVENUE EAST,1,3,0,0,1,1,,0,35,0,0,0,0,0,4,2,3
,2019-54424,39.64469252,-104.8850496,7/8/2019 15:27,15:27,12,0,0,YOSEMITE STREET SOUTH 3900 BLOCK & MANSFIELD STREET EAST,1,1,0,0,1,4,,0,35,0,0,0,0,0,4,3,13
,2019-54473,39.70610503,-104.9410347,1/15/2019 17:25,17:25,12,0,0,CHERRY CREEK DRIVE SOUTH & COLORADO BOULEVARD SOUTH,1,3,0,0,1,3,,0,35,0,0,0,0,0,4,2,13
,2019-54474,39.73294164,-105.0323644,1/3/2019 23:45,23:45,5,0,0,10TH AVENUE WEST & KNOX COURT NORTH / 3400 BLOCK WEST,9,3,1,0,2,4,,0,25,0,0,0,0,0,4,1,5
,2019-54475,39.73384811,-104.9862141,10/27/2019 10:48,10:48,1,0,0,11TH AVENUE EAST & LINCOLN STREET NORTH,4,1,0,2,1,1,,0,30,0,0,0,0,0,4,2,13
,2019-54476,39.73687351,-105.0030687,4/25/2019 17:21,17:21,12,0,0,13TH AVENUE WEST & MARIPOSA STREET NORTH / 1200 BLOCK WEST,1,1,1,0,1,4,,0,30,0,0,0,0,0,4,2,13
,2019-54478,39.74166905,-104.9848548,1/24/2019 8:18,8:18,12,0,0,16TH AVENUE EAST & SHERMAN STREET NORTH,4,1,1,2,1,4,,0,30,0,0,0,0,0,4,2,13
,2019-54479,39.75102864,-104.9394475,3/8/2019 16:59,16:59,10,0,0,23RD AVENUE EAST & ALBION STREET NORTH,1,1,0,0,1,5,,0,35,0,0,0,0,0,4,2,13
,2019-54480,39.72025714,-105.0159015,12/6/2019 16:00,16:00,3,0,0,SECOND AVENUE WEST & YUMA STREET NORTH,1,2,0,0,1,2,,0,30,0,0,0,0,0,4,2,3
,2019-54481,39.77051007,-105.0007083,6/16/2019 23:12,23:12,6,0,1,39TH AVENUE WEST & KALAMATH STREET NORTH,1,3,1,0,1,4,,0,25,0,0,0,0,1,4,2,13
,2019-54482,39.76759141,-105.0416865,12/14/2019 21:56,21:56,12,0,0,37TH AVENUE WEST & RALEIGH STREET NORTH,1,3,0,0,1,1,,0,30,0,0,0,0,0,4,2,3
,2019-54483,39.76936523,-105.0476375,2/3/2019 13:15,13:15,12,0,0,38TH AVENUE WEST & WINONA COURT NORTH,1,1,0,0,1,3,,0,30,0,0,0,0,0,4,2,13
,2019-54484,39.76934556,-105.0514389,12/14/2019 12:30,12:30,6,0,0,38TH AVENUE 5000 BLOCK WEST & YATES STREET NORTH,1,1,0,0,1,5,,0,25,0,0,0,0,0,4,2,7
,2019-54485,39.78021372,-105.0383402,7/1/2019 20:36,20:36,6,0,1,46TH AVENUE WEST & OSCEOLA STREET NORTH,1,2,0,0,1,4,,0,30,0,0,0,0,1,4,2,2
,2019-54486,39.72253515,-104.9485886,10/23/2019 21:12,21:12,5,0,0,FOURTH AVENUE EAST & ADAMS STREET NORTH,4,3,0,2,3,3,,0,25,0,0,0,0,0,4,1,13
,2019-54487,39.7894872,-104.7671259,6/29/2019 16:24,16:24,6,0,0,51ST AVENUE EAST & BISCAY STREET NORTH,1,1,0,0,1,1,,0,25,0,0,0,0,0,4,5,5
,2019-54488,39.78863992,-105.0052884,3/4/2019 14:48,14:48,6,0,0,51ST AVENUE 1500 BLOCK WEST & OSAGE STREET NORTH,4,1,0,0,1,4,,0,25,0,0,0,0,0,4,2,9
,2019-54489,39.78671762,-104.8212993,3/3/2019 1:26,1:26,5,0,0,51ST AVENUE EAST & SABLE STREET NORTH,4,3,0,2,2,4,,0,35,0,0,0,0,0,4,1,5
,2019-54490,39.79105197,-104.835586,1/25/2019 9:52,9:52,12,0,0,51ST AVENUE EAST & UVALDA STREET NORTH,5,1,0,0,1,3,,0,25,0,0,0,0,0,4,2,13
,2019-54491,39.7983173,-104.7664876,4/25/2019 8:00,8:00,5,0,0,56TH AVENUE 18900 BLOCK EAST & CATHAY STREET NORTH,1,1,0,0,3,4,,0,45,0,0,0,0,0,4,1,7
,2019-54493,39.7085588,-105.03287,9/4/2019 16:22,16:22,8,0,0,ALASKA PLACE WEST & KNOX COURT SOUTH,1,1,0,0,1,4,,0,25,0,0,0,0,0,4,2,14
,2019-54494,39.71465652,-104.9462406,1/1/2019 5:41,5:41,6,0,0,BAYAUD AVENUE EAST & MADISON STREET SOUTH,3,3,0,2,1,4,,0,25,0,0,0,0,0,4,4,5
,2019-54495,39.76080338,-105.0182716,5/20/2019 20:30,20:30,6,0,0,CAITHNESS PLACE & 2400 WEST,4,3,0,2,1,4,,0,25,0,0,0,0,0,4,2,13
,2019-54496,39.71305188,-105.013011,8/25/2019 10:12,10:12,6,0,0,CEDAR AVENUE WEST & BYERS DRIVE WEST,1,1,0,0,1,4,,0,25,0,0,0,0,0,4,3,14
,2019-54497,39.66213247,-105.0190141,10/2/2019 9:15,9:15,6,0,0,CORNELL AVENUE WEST & BRYANT STREET SOUTH,1,1,1,0,1,4,,0,25,0,0,0,0,0,4,2,3
,2019-54498,39.74013304,-104.9920929,1/12/2019 13:52,13:52,12,0,0,COURT PLACE 1300 BLOCK & 14TH STREET,1,1,0,0,1,3,,0,30,0,0,0,0,0,4,2,13
,2019-54499,39.67851687,-104.9882001,7/3/2019 12:08,12:08,12,0,0,EVANS AVENUE WEST & BROADWAY STREET SOUTH,1,1,0,0,1,3,,0,30,0,0,0,0,0,4,2,13
,2019-54500,39.67849781,-104.9875673,8/13/2019 10:10,10:10,12,0,0,EVANS AVENUE WEST & BROADWAY STREET SOUTH,1,1,0,0,1,1,,0,35,0,0,0,0,0,4,2,14
,2019-54501,39.67838551,-104.9550907,2/19/2019 16:16,16:16,12,0,0,EVANS AVENUE 2500 BLOCK EAST & CLAYTON STREET SOUTH,1,1,0,0,1,4,,0,35,0,0,0,0,0,4,2,2
,2019-54502,39.67848892,-104.9687485,10/15/2019 15:28,15:28,12,0,0,EVANS AVENUE EAST & FRANKLIN STREET NORTH,1,1,1,0,1,4,,0,35,0,0,0,0,0,4,2,13
,2019-54503,39.678453,-104.9222662,5/29/2019 19:05,19:05,12,0,0,EVANS AVENUE EAST & HOLLY STREET SOUTH,1,1,0,0,1,3,,0,35,0,0,0,0,0,4,2,13
,2019-54504,39.67472899,-104.8719267,9/11/2019 7:44,7:44,12,0,1,ILIFF AVENUE 8900 EAST & PARKER ROAD SOUTH,1,1,1,0,1,4,,0,40,0,0,0,0,1,4,2,13
,2019-54505,39.70038843,-105.0298035,4/10/2019 8:20,8:20,12,0,0,KENTUCKY AVENUE WEST & IRVING STREET SOUTH / 300 BLOCK WEST,2,1,0,1,1,3,,0,25,0,0,0,0,0,4,2,5
,2019-54506,39.74575336,-105.0001492,2/17/2019 22:49,22:49,12,0,0,LAWRENCE STREET 1300 BLOCK & 14TH STREET,4,3,0,2,1,4,,0,25,0,0,0,0,0,4,2,13
,2019-54507,39.79192149,-104.8192479,7/11/2019 15:20,15:20,10,0,4,MAXWELL PLACE EAST & SABLE STREET NORTH,1,1,1,0,1,4,,0,30,0,0,0,0,2,4,2,13
,2019-54508,39.68479792,-105.0501851,10/19/2019 2:38,2:38,6,0,0,MEXICO AVENUE WEST & XAVIER STREET SOUTH,1,3,0,0,1,4,,0,25,0,0,0,0,0,4,2,3
,2019-54509,39.76184255,-104.9129317,12/17/2019 15:05,15:05,12,0,0,MLK BOULEVARD EAST & MONACO STREET NORTH,1,1,0,0,1,4,,0,35,0,0,0,0,0,4,2,12
,2019-54510,39.69853264,-105.025268,5/4/2019 18:00,18:00,15,0,0,TENNESSEE AVENUE 3000 BLOCK WEST & FEDERAL BOULEVARD SOUTH,1,1,0,0,1,4,,0,25,0,0,0,0,0,4,2,13
,2019-54511,39.66747294,-104.9316218,6/9/2019 14:00,14:00,12,0,0,YALE AVENUE 4700 BLOCK EAST & DAHLIA STREET SOUTH,1,1,0,0,1,4,,0,30,0,0,0,0,0,4,2,13
,2019-54512,39.66762194,-104.9133139,5/24/2019 7:53,7:53,1,0,0,YALE AVENUE EAST & MONACO STREET SOUTH,1,1,0,0,1,2,,0,35,0,0,0,0,0,4,2,13
,2019-54554,39.66762735,-104.9037967,12/16/2019 18:26,18:26,12,0,1,YALE AVENUE 7200 BLOCK EAST & QUEBEC STREET SOUTH,1,3,1,0,1,4,,0,30,0,0,0,0,1,4,2,13
,2019-54594,39.74551359,-104.990181,4/12/2019 12:12,12:12,15,0,2,17TH STREET & WELTON STREET,1,1,0,0,1,4,,0,30,0,0,0,0,1,4,2,13
,2019-54595,39.71315927,-104.9899861,10/8/2019 9:08,9:08,6,0,0,BANNOCK STREET SOUTH & CEDAR AVENUE WEST,1,1,0,0,1,4,,0,25,0,0,0,0,0,4,2,14
,2019-54596,39.7256384,-104.9874443,9/11/2019 15:18,15:18,15,0,0,BROADWAY STREET NORTH & SIXTH AVENUE EAST,1,1,0,0,1,4,,0,30,0,0,0,0,0,4,2,8
,2019-54598,39.78094996,-104.8828232,1/8/2019 17:35,17:35,12,0,0,CENTRAL PARK BOULEVARD NORTH & 46TH PLACE EAST,1,3,0,0,1,3,,0,45,0,0,0,0,0,4,2,14
,2019-54599,39.7115799,-104.9923927,2/1/2019 11:45,11:45,3,0,0,CHEROKEE STREET 200 BLOCK SOUTH & ALAMEDA AVENUE WEST,5,1,0,0,1,5,,0,15,0,0,0,0,0,4,2,13
,2019-54600,39.74857631,-105.0063411,10/26/2019 16:24,16:24,12,0,0,CHOPPER CIRCLE & 11TH STREET,1,1,0,0,1,4,,0,25,0,0,0,0,0,4,2,13
,2019-54601,39.78678322,-104.8201995,11/8/2019 20:41,20:41,6,0,0,DEEPHAVEN COURT NORTH & 51ST AVENUE EAST,1,3,0,0,1,4,,0,25,0,0,0,0,0,4,2,13
,2019-54603,39.7869167,-104.8140815,6/5/2019 14:05,14:05,6,0,0,ENID STREET NORTH & 51ST PLACE EAST,1,1,0,0,1,4,,0,25,0,0,0,0,0,4,2,13
,2019-54604,39.79479017,-104.8089016,8/17/2019 16:30,16:30,6,0,0,HANNIBAL STREET NORTH & MAXWELL PLACE EAST,1,1,0,0,1,4,,0,25,0,0,0,0,0,4,3,5
,2019-54605,39.66167573,-105.0617623,11/22/2019 15:12,15:12,6,0,0,HARLAN WAY SOUTH & BATES AVENUE WEST,1,1,1,0,1,4,,0,25,0,0,0,0,0,4,2,12
,2019-54607,39.67149151,-104.9605706,11/5/2019 10:00,10:00,6,0,0,HARVARD AVENUE EAST & YORK STREET SOUTH,1,1,0,0,1,4,,0,25,0,0,0,0,0,4,2,7
,2019-54608,39.77639562,-104.9176206,9/19/2019 6:20,6:20,6,0,0,KEARNEY STREET NORTH & 42ND AVENUE EAST,1,1,0,0,1,4,,0,30,0,0,0,0,0,4,2,7
,2019-54609,39.68593035,-105.0156736,10/15/2019 23:40,23:40,6,0,0,MEXICO AVENUE WEST & ZUNI STREET SOUTH,1,3,1,0,1,4,,0,25,0,0,0,0,0,4,2,14
,2019-54610,39.75246782,-104.9914632,7/15/2019 22:00,22:00,12,0,1,LAWRENCE STREET 2000 BLOCK & 20TH STREET,1,3,0,0,1,4,,0,30,0,0,0,0,1,4,2,1
,2019-54611,39.70958852,-104.9863891,8/6/2019 11:15,11:15,12,0,0,LINCOLN STREET SOUTH & DAKOTA AVENUE EAST,1,1,0,0,1,4,,0,30,0,0,0,0,0,4,2,1
,2019-54613,39.71300398,-104.9828037,7/23/2019 12:30,12:30,6,0,0,LOGAN STREET SOUTH & CEDAR AVENUE EAST,1,1,0,0,1,3,,0,25,0,0,0,0,0,4,2,13
,2019-54614,39.70275416,-105.0062486,10/25/2019 15:27,15:27,6,0,1,PECOS STREET SOUTH & OHIO AVENUE WEST,1,1,0,0,1,4,,0,25,0,0,0,0,2,4,3,5
,2019-54615,39.74120609,-104.9994517,8/30/2019 11:54,11:54,12,0,0,SPEER BOULEVARD NORTH & STOUT STREET,1,1,0,0,1,4,,0,30,0,0,0,0,0,4,2,1
,2019-54616,39.769956,-105.0440112,9/8/2019 14:03,14:03,15,0,0,TENNYSON STREET NORTH & 38TH AVENUE WEST,1,1,0,0,1,4,,0,25,0,0,0,0,0,4,2,13
,2019-54617,39.77388927,-105.0439895,6/1/2019 13:11,13:11,14,0,0,TENNYSON STREET & 42ND AVENUE WEST,1,1,0,0,1,4,,0,25,0,0,0,0,0,4,2,2
,2019-54618,39.77051221,-104.8924874,5/31/2019 1:49,1:49,6,0,0,UINTA STREET & 1600 NORTH,1,3,0,0,1,4,,0,,0,0,0,0,0,4,3,13
,2019-54619,39.74022155,-104.8928219,5/4/2019 15:44,15:44,3,0,0,UINTA STREET NORTH & COLFAX AVENUE EAST,1,1,0,0,1,5,,0,15,0,0,0,0,0,4,2,14
,2019-54620,39.76929104,-105.013343,3/17/2019 5:07,5:07,5,0,0,2100 BLOCK WEST 38TH AVENUE & VALLEJO STREET NORTH,1,3,0,0,2,4,,0,,0,0,0,0,0,4,1,13
,2019-54621,39.72928364,-104.8866131,1/30/2019 6:34,6:34,5,0,0,YOSEMITE STREET NORTH & AKRON WAY NORTH,5,1,0,0,3,3,,0,35,0,0,0,0,0,4,1,14
,2019-54655,39.74163281,-104.9679131,10/11/2019 13:31,13:31,9,0,1,16TH AVENUE EAST & HUMBOLDT STREET NORTH,5,1,0,0,1,4,,0,25,0,0,0,0,1,4,1,14
,2019-54656,39.74378873,-104.904911,11/2/2019 18:24,18:24,5,0,1,17TH AVENUE 7100 BLOCK EAST & PONTIAC STREET NORTH,1,3,0,0,2,4,,0,30,0,0,0,0,1,4,1,5
,2019-54657,39.7256219,-104.9785719,10/11/2019 18:45,18:45,6,0,0,SIXTH AVENUE EAST  & WASHINGTON STREET NORTH,1,2,0,0,1,4,,0,35,0,0,0,0,0,4,2,13
,2019-54689,39.73307218,-105.048678,11/25/2019 23:14,23:14,5,0,0,10TH AVENUE WEST & WOLFF STREET NORTH,4,3,0,2,2,3,,0,25,0,0,0,0,0,4,1,7
,2019-54690,39.73682113,-104.9645607,6/13/2019 16:39,16:39,6,0,0,13TH AVENUE EAST & WILLIAMS STREET NORTH,1,1,0,0,1,4,,0,,0,0,0,0,0,4,2,13
,2019-54691,39.73840358,-104.9667848,8/25/2019 21:31,21:31,3,0,1,14TH AVENUE EAST & GILPIN STREET NORTH,1,3,0,0,1,5,,0,30,0,0,0,0,1,4,2,13
,2019-54692,39.74192327,-104.9196137,8/20/2019 11:53,11:53,5,0,1,16TH AVENUE EAST & IVY STREET NORTH,1,1,0,0,1,4,,0,25,0,0,0,0,1,4,1,14
,2019-54693,39.74198529,-104.9522066,9/13/2019 16:58,16:58,6,0,0,16TH AVENUE EAST & MILWAUKEE STREET NORTH,1,1,0,0,1,4,,0,30,0,0,0,0,0,4,2,13
,2019-54694,39.7439582,-105.0380927,3/1/2019 2:04,2:04,6,0,0,17TH AVENUE & 4100 BLOCK EAST,1,3,0,0,3,4,,0,30,0,0,0,0,0,4,2,5
,2019-54695,39.74863119,-104.9043453,9/11/2019 15:00,15:00,6,0,0,21ST AVENUE EAST & POPLAR STREET NORTH,1,1,0,0,1,2,,0,25,0,0,0,0,0,4,2,1
,2019-54696,39.75483124,-105.03056,2/17/2019 11:28,11:28,6,0,0,26TH AVENUE 3300 BLOCK WEST & JAVA COURT WEST,1,1,0,0,1,4,,0,35,0,0,0,0,0,4,2,13
,2019-54697,39.76031935,-105.0438928,4/23/2019 23:20,23:20,6,0,0,30TH AVENUE WEST & TENNYSON STREET NORTH,1,3,0,0,1,4,,0,25,0,0,0,0,0,4,2,13
,2019-54698,39.7583848,-104.8999533,2/7/2019 16:48,16:48,6,0,0,29TH PLACE 7900 BLOCK EAST & ROSLYN STREET NORTH,4,2,0,0,1,4,,0,25,0,0,0,0,0,4,2,3
,2019-54699,39.76575026,-105.0427274,10/15/2019 21:55,21:55,6,0,0,35TH AVENUE WEST & STUART STREET NORTH,1,3,0,0,1,3,,0,25,0,0,0,0,0,4,2,6
,2019-54700,39.76927644,-104.9044153,3/4/2019 17:05,17:05,6,0,0,38TH AVENUE 7200 BLOCK EAST & POPLAR STREET NORTH,4,2,0,0,1,4,,0,25,0,0,0,0,0,4,2,5
,2019-54701,39.77318435,-104.8098783,2/11/2019 9:27,9:27,15,0,0,40TH AVENUE EAST & CHAMBERS ROAD NORTH,1,1,0,0,1,3,,0,40,0,0,0,0,0,4,2,13
,2019-54702,39.77664345,-105.0239696,11/9/2019 2:29,2:29,5,0,1,44TH AVENUE WEST & ELIOT STREET NORTH,1,3,0,0,2,3,,0,35,0,0,0,0,2,4,1,5
,2019-54703,39.79104536,-104.9779613,6/19/2019 13:20,13:20,5,0,0,52ND AVENUE EAST & WASHINGTON STREET NORTH,1,1,0,0,3,4,,0,25,0,0,0,0,0,4,1,3
,2019-54704,39.79838677,-104.7865988,7/1/2019 7:15,7:15,12,0,0,56TH AVENUE EAST & PENA BOULEVARD,1,1,0,0,1,4,,0,45,0,0,0,0,0,4,2,13
,2019-54705,39.6650108,-105.0293501,10/30/2019 21:00,21:00,6,0,0,AMHERST AVENUE WEST & IRVING STREET SOUTH,5,4,0,0,1,4,,0,30,0,0,0,0,0,4,2,7
,2019-54706,39.77805205,-104.8362093,1/14/2019 18:49,18:49,6,0,2,ALBROOK DRIVE 13850 BLOCK EAST & AUCKLAND COURT NORTH,1,3,1,0,1,4,,0,30,0,0,0,0,2,4,2,12
,2019-54707,39.74656154,-105.0075729,11/10/2019 22:09,22:09,12,0,0,AURARIA PARKWAY & NINTH STREET,1,3,0,0,1,1,,0,15,0,0,0,0,0,4,2,5
,2019-54708,39.73210215,-104.9981467,7/5/2019 17:10,17:10,3,0,0,SANTA FE DRIVE NORTH & 10TH AVENUE WEST,1,1,0,0,1,5,,0,35,0,0,0,0,0,4,2,13
,2019-54709,39.67845639,-104.9080119,6/7/2019 17:18,17:18,12,0,0,EVANS AVENUE EAST & ONEIDA STREET SOUTH,1,1,0,0,1,4,,0,35,0,0,0,0,0,4,3,7
,2019-54710,39.67845641,-104.9079586,6/27/2019 7:05,7:05,12,0,1,EVANS AVENUE EAST & ONEIDA STREET SOUTH,1,1,0,0,1,3,,0,35,0,0,0,0,1,4,3,13
,2019-54711,39.70435237,-105.048493,10/8/2019 21:25,21:25,6,0,0,EXPOSITION AVENUE WEST & WOLFF STREET SOUTH,1,3,0,0,1,4,,0,20,0,0,0,0,0,4,3,13
,2019-54712,39.68954593,-105.052994,11/25/2019 18:02,18:02,3,0,0,FLORIDA AVENUE 5100 BLOCK WEST & SHERIDAN BOULEVARD SOUTH,2,3,0,2,1,2,,0,30,0,0,0,0,0,4,2,13
,2019-54713,39.67118956,-104.9463305,5/9/2019 14:47,14:47,14,0,0,HARVARD AVENUE EAST & MADISON STREET SOUTH,1,1,0,0,1,4,,0,25,0,0,0,0,0,4,2,7
,2019-54714,39.68737695,-104.9034929,4/15/2019 13:55,13:55,12,0,0,IOWA AVENUE EAST & QUEBEC STREET SOUTH,1,1,1,0,1,3,,0,35,0,0,0,0,0,4,2,14
,2019-54715,39.71838575,-105.0001863,7/26/2019 11:42,11:42,6,0,0,KALAMATH STREET NORTH & FIRST AVENUE WEST,1,1,0,0,1,3,,0,25,0,0,0,0,0,4,2,13
,2019-54716,39.69658446,-104.9614107,11/23/2019 12:40,12:40,6,0,0,MISSISSIPPI AVENUE EAST & GAYLORD STREET SOUTH,1,1,0,0,1,4,,0,,0,0,0,0,0,4,2,13
,2019-54717,39.69674522,-105.0260445,3/6/2019 1:01,1:01,6,0,0,MISSISSIPPI AVENUE WEST & GROVE STREET SOUTH,2,3,0,0,1,4,,0,25,0,0,0,0,0,4,4,5
,2019-54718,39.69673309,-105.0313683,3/9/2019 19:02,19:02,6,0,0,MISSISSIPPI AVENUE 3460 WEST & KNOX COURT SOUTH,1,3,0,0,1,4,,0,,0,0,0,0,0,4,2,13
,2019-54719,39.69662805,-104.9861709,3/3/2019 1:56,1:56,5,0,0,MISSISSIPPI AVENUE 100 BLOCK EAST & LINCOLN STREET SOUTH,10,3,0,2,2,4,,0,30,0,0,0,0,0,4,1,5
,2019-54720,39.69662334,-104.9122258,7/6/2019 12:25,12:25,6,0,0,MISSISSIPPI AVENUE EAST & MONACO STREET SOUTH,1,1,0,0,1,4,,0,30,0,0,0,0,0,4,2,14
,2019-54721,39.6965911,-104.8917157,1/25/2019 8:20,8:20,12,0,0,MISSISSIPPI AVENUE EAST 8200 BLOCK & VALENTIA STREET SOUTH,5,1,0,0,1,4,,0,45,0,0,0,0,0,4,2,13
,2019-54722,39.79726095,-104.7448466,11/29/2019 13:48,13:48,6,0,0,RANDOLPH PLACE EAST & LISBON STREET NORTH,5,1,0,4,1,4,,0,25,0,0,0,0,0,4,3,13
,2019-54723,39.75028823,-105.0046963,6/26/2019 21:02,21:02,12,0,0,SPEER BOULEVARD NORTH & WEWATTA STREET,1,3,0,0,1,3,,0,35,0,0,0,0,0,4,2,1
,2019-54724,39.66830935,-104.9401161,7/16/2019 14:22,14:22,10,0,1,YALE AVENUE EAST & COLORADO BOULEVARD SOUTH,1,1,0,0,1,2,,0,30,0,0,0,0,1,4,2,13
,2019-54725,39.66662012,-104.8722996,2/6/2019 15:03,15:03,14,0,1,YALE AVENUE 9900 BLOCK EAST & ELMIRA STREET SOUTH,4,1,0,2,1,4,,0,25,0,0,0,0,1,4,2,14
,2019-54742,39.73563,-104.90346,9/25/2019 17:18,17:18,3,0,1,QUEBEC STREET NORTH & 12TH AVENUE EAST,1,1,0,0,1,1,,0,25,0,0,0,0,1,4,2,1
,2019-54758,39.83345803,-104.6891719,5/20/2019 16:15,16:15,12,0,0,PENA BOULEVARD 20699 BLOCK & JACKSON GAP,2,1,0,1,1,4,,0,,0,0,0,0,0,4,2,14
,2019-54761,39.6875245,-104.9875133,4/26/2019 7:54,7:54,12,0,0,BROADWAY STREET 1600 BLOCK SOUTH & IOWA AVENUE EAST,1,1,0,0,1,4,,0,35,0,0,0,0,0,4,2,3
,2019-54775,39.74422723,-104.9934412,11/29/2019 11:43,11:43,12,0,0,15TH STREET 600 BLOCK & CALIFORNIA STREET,6,1,0,0,1,3,,0,30,0,0,0,0,0,4,2,13
,2019-54776,39.76344784,-104.9771848,5/2/2019 13:00,13:00,15,0,0,32ND STREET & LAWRENCE STREET,1,1,0,0,1,3,,0,25,0,0,0,0,0,4,2,1
,2019-54777,39.73205362,-104.990251,8/7/2019 12:41,12:41,6,0,0,BANNOCK STREET NORTH & 11TH AVENUE WEST,1,1,0,0,1,4,,0,30,0,0,0,0,0,4,2,1
,2019-54778,39.74589447,-104.9874078,6/28/2019 23:08,23:08,12,0,0,BROADWAY STREET NORTH & 19TH AVENUE EAST,1,3,0,0,1,4,,0,35,0,0,0,0,0,4,2,1
,2019-54779,39.77405078,-104.8827876,11/2/2019 11:14,11:14,12,0,0,CENTRAL PARK BOULEVARD NORTH & 40TH AVENUE EAST,1,1,0,0,1,3,,0,35,0,0,0,0,0,4,2,13
,2019-54781,39.74243392,-104.9888025,9/30/2019 15:57,15:57,15,0,0,COURT PLACE & 16TH STREET,1,1,0,0,1,4,,0,25,0,0,0,0,0,4,2,13
,2019-54782,39.79599661,-104.82013,11/4/2019 9:45,9:45,6,0,0,CROWN BOULEVARD NORTH & ROBINS DRIVE EAST,1,1,0,0,1,4,,0,25,0,0,0,0,0,4,2,3