id,drcog_id,latitude,longitude,crashtime,time,crashtype,numbkilled,numbinjurd,drcoglocat,rdconditin,lightngcon,roadcntgrd,weatherco,location,roaddescrp,schoolzone,constrzone,splimit,bikeinv,sctrinv,pedinv,motoinv,svrty,rdsystem,ttlvehcls,hcf
,2019-54783,39.67648603,-105.0227176,4/29/2019 13:36,13:36,3,0,0,DECATUR STREET 2200 BLOCK SOUTH & WARREN AVENUE WEST,1,1,0,0,1,2,,0,25,0,0,0,0,0,4,2,13
,2019-54784,39.6781693,-104.9734356,1/2/2019 13:35,13:35,3,0,0,DOWNING STREET 2100 BLOCK SOUTH & EVANS AVENUE EAST,2,1,0,0,1,2,,0,30,0,0,0,0,0,4,2,3
,2019-54785,39.78351456,-104.9222751,12/11/2019 17:30,17:30,3,0,0,HOLLY STREET NORTH & 48TH AVENUE EAST,1,3,0,0,1,2,,0,30,0,0,0,0,0,4,2,1
,2019-54786,39.70200128,-104.9872134,1/4/2019 13:38,13:38,15,0,0,LINCOLN STREET 800 BLOCK SOUTH & OHIO STREET EAST,1,1,0,0,1,4,,0,30,0,0,0,0,0,4,2,13
,2019-54787,39.71935205,-104.9826651,7/26/2019 11:00,11:00,6,0,2,LOGAN STREET NORTH & SECOND AVENUE EAST,1,3,0,0,1,4,,0,30,0,0,0,1,1,4,4,5
,2019-54788,39.72057191,-104.9814472,9/4/2019 11:00,11:00,6,0,0,PENNSYLVANIA STREET NORTH & THIRD AVENUE EAST,1,1,0,0,1,4,,0,25,0,0,0,0,0,4,2,3
,2019-54789,39.69440751,-104.9815621,8/10/2019 11:30,11:30,15,0,0,PENNSYLVANIA STREET SOUTH & ARIZONA AVENUE EAST,1,1,0,0,1,4,,0,25,0,0,0,0,0,4,2,13
,2019-54790,39.7370428,-104.9046405,8/24/2019 13:06,13:06,6,0,0,POPLAR STREET NORTH & 14TH AVENUE EAST,1,1,0,0,1,4,,0,25,0,0,0,0,0,4,2,14
,2019-54791,39.74561559,-104.9034638,8/24/2019 15:18,15:18,12,0,0,QUEBEC STREET NORTH & 19TH AVENUE EAST,1,5,0,0,1,1,,0,30,0,0,0,0,0,4,2,13
,2019-54792,39.71126539,-104.9034965,11/4/2019 4:43,4:43,12,0,0,QUEBEC STREET 300 BLOCK SOUTH & ALAMEDA AVENUE EAST,1,2,0,0,1,4,,0,35,0,0,0,0,0,4,3,3
,2019-54793,39.68222647,-105.0412769,9/9/2019 13:36,13:36,15,0,0,QUITMAN STREET SOUTH & JEWELL AVENUE WEST,1,1,0,0,1,3,,0,25,0,0,0,0,0,4,2,15
,2019-54794,39.76805738,-105.0109741,4/14/2019 19:38,19:38,6,0,0,TEJON STREET 3700 BLOCK NORTH & 38TH AVENUE WEST,1,3,0,0,1,4,,0,35,0,0,0,0,0,4,2,1
,2019-54795,39.74534548,-104.8963813,8/17/2019 13:40,13:40,15,0,0,TRENTON STREET NORTH & 19TH AVENUE EAST,1,1,0,0,1,4,,0,25,0,0,0,0,0,4,3,13
,2019-54796,39.76103795,-104.983728,4/20/2019 14:22,14:22,15,0,0,WALNUT STREET & 28TH STREET,1,1,0,0,1,4,,0,30,0,0,0,0,0,4,2,13
,2019-54797,39.75031117,-104.9781238,9/6/2019 19:00,19:00,6,0,0,WASHINGTON STREET NORTH & 23RD AVENUE EAST,14,5,0,7,1,4,,0,25,0,0,0,0,0,4,2,13
,2019-54800,39.74798787,-104.9597701,9/4/2019 17:55,17:55,5,0,1,YORK STREET NORTH & 21ST AVENUE EAST,1,1,0,0,3,4,,0,30,0,0,0,0,1,4,1,5
,2019-54816,39.82251648,-104.7719365,12/9/2019 6:15,6:15,5,0,0,PENA BOULEVARD INBOUND 6700 BLOCK & TOWER ROAD NORTH,1,3,0,0,3,4,,0,65,0,0,0,0,0,4,1,14
,2019-54840,39.77383522,-104.9405089,11/22/2019 15:00,15:00,12,0,0,41ST AVENUE EAST & COLORADO BOULEVARD NORTH,2,1,0,0,1,4,,0,30,0,0,0,0,0,4,2,13
,2019-54841,39.73515245,-104.9800658,9/13/2019 12:00,12:00,3,0,0,12TH AVENUE EAST & PEARL STREET NORTH,1,1,0,0,1,5,,0,25,0,0,0,0,0,4,2,13
,2019-54842,39.73562615,-104.9036733,10/1/2019 0:45,0:45,6,0,0,12TH AVENUE EAST & QUEBEC STREET NORTH,1,3,1,0,1,4,,0,25,0,0,0,0,0,4,2,7
,2019-54843,39.73844804,-104.990598,6/13/2019 9:14,9:14,15,0,0,14TH AVENUE WEST & BANNOCK STREET NORTH,1,1,0,0,1,4,,0,30,0,0,0,0,0,4,2,13
,2019-54844,39.73840296,-104.9663475,6/28/2019 13:25,13:25,6,0,0,14TH AVENUE EAST & WILLIAMS STREET NORTH,1,1,0,0,3,4,,0,30,0,0,0,0,0,4,2,12
,2019-54845,39.73839061,-104.9607069,2/20/2019 16:39,16:39,3,0,0,14TH AVENUE EAST & YORK STREET NORTH,1,1,0,0,1,5,,0,30,0,0,0,0,0,4,2,8
,2019-54846,39.74551365,-104.9952548,8/22/2019 23:30,23:30,12,0,1,15TH STREET 900 BLOCK & CHAMPA STREET,1,3,0,0,1,4,,0,30,0,0,0,0,2,4,2,1
,2019-54847,39.71781321,-104.9509008,3/7/2019 5:25,5:25,5,0,0,FIRST AVENUE EAST & STEELE STREET NORTH,5,3,0,2,3,4,,0,30,0,0,0,0,0,4,1,13
,2019-54848,39.76561828,-105.0299383,9/7/2019 2:05,2:05,15,0,0,35TH AVENUE WEST & IRVING STREET NORTH,1,3,0,0,1,4,,0,25,0,0,0,0,0,4,2,13
,2019-54849,39.77661797,-105.0251618,4/3/2019 18:37,18:37,6,0,0,44TH AVENUE & 1300 WEST,1,1,0,0,1,1,,0,25,0,0,0,0,0,4,3,13
,2019-54850,39.77657476,-105.0446931,4/26/2019 0:07,0:07,6,0,0,44TH AVENUE 4300 BLOCK WEST & TENNYSON STREET NORTH,1,3,0,0,1,4,,0,30,0,0,0,0,0,4,3,13
,2019-54851,39.78782333,-104.8072178,4/18/2019 7:35,7:35,6,0,0,51ST AVENUE EAST & 51ST PLACE EAST,1,1,1,0,1,4,,0,25,0,0,0,0,0,4,2,3
,2019-54852,39.79314309,-104.8830738,1/18/2019 12:45,12:45,6,0,0,52ND AVENUE 9000 EAST & CENTRAL PARK BOULEVARD NORTH,6,1,0,0,1,4,,0,30,0,0,0,0,0,4,2,7
,2019-54853,39.79345191,-104.7757055,6/26/2019 13:00,13:00,6,0,0,53RD DRIVE EAST & WALDEN COURT NORTH,1,1,0,0,1,4,,0,25,0,0,0,0,0,4,2,13
,2019-54855,39.68749643,-104.9396962,1/1/2019 21:36,21:36,12,0,0,ASH / ALBION ALLEY SOUTH & IOWA AVENUE EAST,4,3,0,0,1,5,,0,25,0,0,0,0,0,4,2,13
,2019-54856,39.68124776,-104.9231402,12/13/2019 3:35,3:35,6,0,0,ATLANTIC PLACE 5500 BLOCK EAST & HOLLY WAY SOUTH,1,3,0,0,1,1,,0,25,0,0,0,0,0,4,4,14
,2019-54857,39.74851505,-105.0033906,8/7/2019 8:06,8:06,12,0,0,AURARIA PARKWAY 1200 BLOCK & SPEER BOULEVARD,1,1,0,0,1,4,,0,35,0,0,0,0,0,4,2,13
,2019-54858,39.67866874,-105.0185538,9/10/2019 17:19,17:19,12,0,1,BRYANT STREET SOUTH & EVANS AVENUE WEST,1,1,0,0,1,4,,0,30,0,0,0,0,1,4,3,2
,2019-54859,39.66189303,-104.9594449,8/9/2019 15:52,15:52,15,0,0,COLUMBIA PLACE EAST & UNIVERSITY BOULEVARD SOUTH,1,1,0,0,1,3,,0,25,0,0,0,0,0,4,2,1
,2019-54860,39.66004395,-104.9025815,6/30/2019 9:00,9:00,15,0,0,CORNELL AVENUE EAST 7100 BLOCK & TAMARAC STREET SOUTH,1,1,0,0,1,4,,0,25,0,0,0,0,0,4,2,1
,2019-54861,39.67844046,-104.941233,9/15/2019 13:40,13:40,1,0,0,EVANS AVENUE 3900 BLOCK EAST & COLORADO BOULEVARD SOUTH,1,1,0,0,1,2,,0,35,0,0,0,0,0,4,2,13
,2019-54862,39.67847278,-104.9655444,8/15/2019 9:02,9:02,15,0,0,EVANS AVENUE EAST & HIGH STREET SOUTH,1,1,0,0,1,3,,0,30,0,0,0,0,0,4,2,13
,2019-54863,39.67320526,-105.0428689,11/12/2019 16:53,16:53,12,0,1,HARVARD AVENUE WEST & STUART STREET SOUTH,1,1,0,0,1,1,,0,25,0,0,0,0,1,4,2,5
,2019-54864,39.68228994,-105.0538416,3/4/2019 7:40,7:40,3,0,0,JEWELL AVENUE 5200 BLOCK WEST & SHERIDAN BOULEVARD SOUTH,5,1,0,0,1,2,,0,,0,0,0,0,0,4,2,13
,2019-54865,39.6822908,-105.0536639,3/29/2019 10:46,10:46,3,0,0,JEWELL AVENUE 5200 BLOCK WEST & SHERIDAN BOULEVARD SOUTH,1,1,0,0,1,2,,0,30,0,0,0,0,0,4,2,13
,2019-54866,39.6931109,-105.026134,1/14/2019 14:40,14:40,3,0,1,LOUISIANA 3100 BLOCK WEST & FEDERAL BOULEVARD SOUTH,1,1,0,0,1,2,,0,30,0,0,0,0,1,4,2,13
,2019-54867,39.69296857,-104.972691,5/25/2019 13:47,13:47,12,0,0,LOUISIANA AVENUE EAST 1200 BLOCK & MARION STREET SOUTH,1,1,0,0,1,4,,0,30,0,0,0,0,0,4,2,3
,2019-54868,39.69663701,-104.9878078,8/28/2019 16:14,16:14,15,0,0,MISSISSIPPI AVENUE 100 BLOCK WEST & BROADWAY STREET SOUTH,1,1,1,0,1,4,,0,35,0,0,0,0,0,4,2,1
,2019-54870,39.76201797,-104.9609815,7/16/2019 15:01,15:01,10,0,1,MLK BOULEVARD EAST & GAYLORD STREET NORTH,1,1,0,0,1,1,,0,30,0,0,0,0,1,4,2,8
,2019-54871,39.74743777,-104.8999982,6/27/2019 13:01,13:01,12,0,0,MONTVIEW BOULEVARD EAST 7400 BLOCK & ROSEMARY STREET NORTH,1,1,0,0,1,4,,0,30,0,0,0,0,0,4,2,13
,2019-54872,39.63860597,-104.9048001,6/19/2019 7:12,7:12,15,0,0,QUINCY AVENUE EAST & QUEBEC STREET SOUTH,1,1,0,0,1,4,,0,35,0,0,0,0,0,4,2,13
,2019-54873,39.74827202,-104.9865099,2/27/2019 9:01,9:01,5,0,0,WELTON STREET & 20TH STREET,1,1,0,0,3,4,,0,30,0,0,0,0,0,4,1,13
,2019-54886,39.711519,-104.9033002,11/8/2019 20:05,20:05,5,0,0,QUEBEC WAY SOUTH & 1939 SOUTH QUEBEC WAY,1,1,0,0,3,2,,0,35,0,0,0,0,0,4,1,13
,2019-54911,39.83206352,-104.720239,3/16/2019 5:40,5:40,15,0,0,75TH AVENUE EAST & GUN CLUB ROAD NORTH / 23100 BLOCK EAST,1,3,0,0,1,4,,0,45,0,0,0,0,0,4,2,13
,2019-54912,39.83803187,-104.7022785,10/2/2019 9:25,9:25,3,0,0,78TH AVENUE EAST & JACKSON GAP STREET,1,1,0,0,1,2,,0,45,0,0,0,0,0,4,2,13
,2019-54913,39.67846312,-104.9153292,8/23/2019 9:57,9:57,3,0,0,EVANS AVENUE EAST & MONACO STREET SOUTH,1,1,0,0,1,2,,0,35,0,0,0,0,0,4,2,13
,2019-54919,39.767319,-104.894361,9/13/2019 7:35,7:35,2,0,0,36TH AVENUE EAST & ULSTER STREET NORTH,1,1,0,0,1,1,,0,35,1,0,0,0,0,4,2,13
,2019-54920,39.75216724,-105.0149207,9/20/2019 8:09,8:09,2,0,0,SEVENTH AVENUE EAST & 200 BLOCK EAST,1,1,0,0,1,5,,0,,1,0,0,0,0,4,2,13
,2019-54924,39.781956,-104.901623,2/12/2019 12:45,12:45,12,0,1,QUEBEC STREET NORTH & SANDCREEK DRIVE SOUTH,1,1,0,0,1,1,,0,45,0,0,0,0,3,2,2,10
,2019-54928,39.7783,-104.903269,5/13/2019 20:59,20:59,12,0,2,I70 & QUEBEC STREET,1,3,1,0,1,4,,1,55,0,0,0,0,3,1,2,5
,2019-54929,39.777095,-104.882471,11/23/2019 20:20,20:20,2,0,0,CENTRAL PARK BOULEVARD NORTH & I70 WB RAMPS,1,3,0,0,1,1,,0,,1,0,0,0,0,1,2,13
,2019-54930,39.679174,-105.053262,1/7/2019 18:32,18:32,11,0,1,EVANS AVENUE WEST & SHERIDAN BOULEVARD SOUTH,1,3,0,0,1,1,,0,30,0,0,1,0,2,2,2,13
,2019-54931,39.681795,-105.053254,3/15/2019 19:12,19:12,1,0,1,SHERIDAN BOULEVARD SOUTH & JEWELL AVENUE WEST,1,1,1,0,1,2,,0,40,0,0,0,0,3,2,4,5
,2019-54933,39.728678,-105.053227,12/25/2019 22:46,22:46,11,1,0,SHERIDAN BOULEVARD  & EIGHTH AVENUE WEST,1,3,0,0,1,4,,0,,0,0,1,0,4,2,2,13
,2019-54935,39.788593,-105.053256,4/18/2019 10:09,10:09,12,0,4,SHERIDAN BOULEVARD 5000 BLOCK NORTH & 51ST AVENUE WEST,1,1,0,0,1,4,,0,35,0,0,0,0,3,2,4,1
,2019-54936,39.73869,-104.90346,5/22/2019 9:34,9:34,3,0,2,QUEBEC STREET NORTH & 14TH AVENUE EAST,1,1,0,0,1,1,,0,30,0,0,0,0,1,4,2,14
,2019-54937,39.652979,-104.917737,8/25/2019 23:38,23:38,1,0,2,HIGHWAY 285 / HAMPDEN AVENUE EAST & I25 NORTHBOUND ON RAMP,1,3,0,0,1,1,,0,35,0,0,0,0,3,2,3,8
,2019-54938,39.751249,-105.025139,10/24/2019 17:01,17:01,11,0,1,FEDERAL BOULEVARD NORTH & 23RD AVENUE WEST,1,1,0,0,1,1,,0,,0,0,1,0,1,2,2,13
,2019-54945,39.7811,-104.749256,8/4/2019 21:46,21:46,9,0,2,GREEN VALLEY RANCH BOULEVARD EAST & JEBEL STREET NORTH,1,3,0,0,3,4,,0,35,0,0,0,0,3,4,1,13
,2019-54989,39.737259,-104.898753,12/21/2019 12:24,12:24,10,0,0,13TH AVENUE EAST & SYRACUSE STREET NORTH,1,1,0,0,1,1,,0,25,0,0,0,0,0,4,2,14
,2019-54995,39.73725,-104.894028,5/30/2019 15:32,15:32,10,0,1,13TH AVENUE EAST & ULSTER STREET NORTH,1,1,0,0,1,1,,0,30,0,0,0,0,2,4,2,8
,2019-54998,39.73725,-104.894028,7/18/2019 12:55,12:55,10,0,0,13TH AVENUE EAST & ULSTER STREET NORTH,1,1,0,0,1,1,,0,30,0,0,0,0,0,4,2,13
,2019-55002,39.736908,-105.012342,6/5/2019 8:29,8:29,3,0,1,13TH AVENUE WEST & UMATILLA STREET NORTH,1,1,0,0,1,1,,0,35,0,0,0,0,1,4,2,14
,2019-55003,39.72112355,-105.0071111,8/21/2019 20:30,20:30,6,0,0,THIRD AVENUE WEST & QUIVAS STREET NORTH,1,3,0,0,1,4,,0,30,0,0,0,0,0,4,2,13
,2019-55004,39.77513988,-104.8098983,1/16/2019 19:20,19:20,12,0,0,CHAMBERS ROAD NORTH & ANDREWS DRIVE EAST,1,3,0,0,1,3,,0,,0,0,0,0,0,4,2,13
,2019-55005,39.738456,-104.9953095,9/17/2019 12:35,12:35,3,0,2,14TH AVENUE WEST & FOX STREET NORTH,1,1,0,0,1,1,,0,30,0,0,0,0,2,4,2,13
,2019-55006,39.737259,-104.8905405,10/7/2019 10:43,10:43,3,0,2,13TH AVENUE EAST & VERBENA STREET NORTH,1,1,0,0,1,1,,0,25,0,0,0,0,2,4,2,8
,2019-55007,39.738456,-104.9953095,11/27/2019 10:35,10:35,3,0,0,14TH AVENUE WEST & FOX STREET NORTH,6,1,0,0,1,1,,0,,0,0,0,0,0,4,2,13
,2019-55008,39.74571222,-105.0357716,1/8/2019 14:41,14:41,6,0,0,MEADE STREET 1800 BLOCK NORTH & 18TH AVENUE WEST,1,1,1,0,1,4,,0,25,0,0,0,0,0,4,2,13
,2019-55010,39.76374337,-104.9499109,3/10/2019 3:20,3:20,6,0,0,STEELE STREET NORTH & 3600 BLOCK,1,3,1,0,1,4,,0,35,0,0,0,0,0,4,3,5
,2019-55012,39.736809,-104.9622615,5/12/2019 13:20,13:20,3,0,2,13TH AVENUE EAST & VINE STREET NORTH,1,1,0,0,1,1,,0,30,0,0,0,1,1,4,2,13
,2019-55016,39.736809,-104.9622615,6/26/2019 9:30,9:30,3,0,0,13TH AVENUE EAST & VINE STREET NORTH,1,1,0,0,1,1,,0,25,0,0,0,0,0,4,2,8
,2019-55017,39.78380864,-104.9066108,4/2/2019 13:34,13:34,6,0,0,48TH AVENUE EAST & OLIVE STREET NORTH,1,1,0,0,1,3,,0,30,0,0,0,0,0,4,4,13
,2019-55019,39.74814833,-104.9863556,11/22/2019 5:49,5:49,5,0,0,20TH STREET & WELTON STREET,4,3,1,2,3,4,,0,30,0,0,0,0,0,4,1,13
,2019-55020,39.71111227,-104.9796723,2/26/2019 15:40,15:40,15,0,0,ALAMEDA AVENUE 600 BLOCK EAST & PEARL STREET SOUTH,1,1,0,0,1,4,,0,30,0,0,0,0,0,4,2,1
,2019-55021,39.736809,-104.9622615,12/5/2019 10:04,10:04,3,0,0,13TH AVENUE EAST & VINE STREET NORTH,2,1,0,1,1,1,,0,25,0,0,0,0,0,4,2,13
,2019-55022,39.737268,-104.8881825,5/21/2019 16:30,16:30,3,0,0,13TH AVENUE EAST & WILLOW STREET NORTH,1,1,0,0,1,1,,0,25,0,0,0,0,0,4,2,1
,2019-55023,39.748032,-105.0006915,4/7/2019 2:09,2:09,6,0,0,14TH STREET & MARKET STREET,1,3,0,0,1,1,,0,20,0,0,0,0,0,4,2,13
,2019-55024,39.737268,-104.8881825,9/19/2019 16:00,16:00,3,0,1,13TH AVENUE EAST & WILLOW STREET NORTH,1,2,0,0,1,1,,0,25,0,0,0,0,1,4,2,1
,2019-55025,39.738411,-104.970681,7/28/2019 21:51,21:51,3,0,0,14TH AVENUE EAST & LAFAYETTE STREET NORTH,1,3,0,0,1,1,,0,25,0,0,0,0,0,4,2,13
,2019-55027,39.74138101,-104.93723,8/28/2019 23:30,23:30,6,0,0,16TH AVENUE EAST & BELLAIRE STREET NORTH,1,3,0,0,1,4,,0,25,0,0,0,0,0,4,2,13
,2019-55028,39.741471,-104.903451,3/26/2019 18:20,18:20,3,0,0,QUEBEC STREET NORTH & 16TH AVENUE EAST,1,1,0,0,1,1,,0,30,0,0,0,0,0,4,2,1
,2019-55030,39.73834753,-104.9527109,6/20/2019 7:22,7:22,15,0,0,14TH AVENUE EAST & 400 BLOCK EAST,1,1,0,0,1,4,,0,,0,0,0,0,0,4,2,13
,2019-55031,39.7385055,-105.0056437,8/21/2019 6:25,6:25,6,0,0,14TH AVENUE WEST & 600 BLOCK WEST,1,2,0,0,1,4,,0,25,0,0,0,0,0,4,2,13
,2019-55033,39.74442991,-104.9960586,2/28/2019 10:58,10:58,6,0,0,14TH STREET & 800 BLOCK,1,1,0,0,1,4,,0,30,0,0,0,0,0,4,2,1
,2019-55034,39.75326015,-104.8905753,11/11/2019 6:09,6:09,6,0,0,CENTRAL PARK BOULEVARD NORTH & 25TH DRIVE EAST,5,2,0,0,1,4,,0,30,0,0,0,0,0,4,2,14
,2019-55035,39.73834753,-104.9527109,3/1/2019 7:44,7:44,6,0,0,14TH AVENUE & 800 BLOCK EAST,1,1,0,0,1,4,,0,35,0,0,0,0,0,4,2,13
,2019-55036,39.70625219,-105.0396907,7/15/2019 8:00,8:00,6,0,0,PERRY STREET SOUTH & MORRISON ROAD,1,1,0,0,1,4,,0,25,0,0,0,0,0,4,2,13
,2019-55037,39.71284882,-105.0452366,1/10/2019 22:02,22:02,6,0,0,VRAIN STREET 200 BLOCK SOUTH & CEDAR AVENUE WEST,1,4,0,0,1,4,,0,25,0,0,0,0,0,4,2,13
,2019-55039,39.738348,-104.9483025,6/19/2019 14:10,14:10,10,0,0,14TH AVENUE EAST & ADAMS STREET NORTH,1,1,0,0,1,1,,0,30,0,0,0,0,0,4,2,8
,2019-55041,39.76322643,-105.0054817,3/16/2019 21:42,21:42,6,0,0,33RD AVENUE WEST 1600 BLOCK & OSAGE STREET NORTH,1,3,1,0,1,4,,0,,0,0,0,0,0,4,2,13
,2019-55042,39.72727908,-104.985234,6/27/2019 16:35,16:35,6,0,0,SEVENTH AVENUE EAST & SHERMAN STREET NORTH,1,1,0,0,1,4,,0,25,0,0,0,0,0,4,2,13
,2019-55045,39.77504868,-104.9486405,9/6/2019 1:45,1:45,6,0,0,ADAMS STREET NORTH & 42ND AVENUE EAST,1,3,0,0,1,4,,0,25,0,0,0,0,0,4,2,1
,2019-55046,39.77724009,-104.7592971,8/18/2019 0:59,0:59,6,0,0,45TH AVENUE EAST & FLANDERS WAY NORTH,1,3,0,0,1,4,,0,30,0,0,0,0,0,4,3,3
,2019-55047,39.77867784,-104.9132298,11/3/2019 4:45,4:45,5,0,0,STAPLETON DRIVE NORTH EAST & MONACO PARKWAY NORTH,1,3,0,0,2,4,,0,35,0,0,0,0,0,4,1,5
,2019-55048,39.738258,-104.9394915,7/3/2019 11:57,11:57,10,0,2,14TH AVENUE EAST & ALBION STREET NORTH,1,1,0,0,1,1,,0,30,0,0,0,0,2,4,2,8
,2019-55049,39.74598,-104.998068,12/5/2019 10:47,10:47,10,0,0,14TH STREET & ARAPAHOE STREET,6,1,0,1,1,1,,0,25,0,0,0,0,0,4,2,14
,2019-55050,39.738267,-104.9383935,8/27/2019 8:51,8:51,10,0,0,14TH AVENUE EAST & ASH STREET NORTH,1,1,1,0,1,1,,0,30,0,0,0,0,0,4,2,3
,2019-55054,39.738267,-104.9383935,9/30/2019 8:29,8:29,10,0,0,14TH AVENUE EAST & ASH STREET NORTH,1,1,0,0,1,1,,0,30,0,0,0,0,0,4,2,13
,2019-55056,39.72933563,-104.9034679,8/30/2019 21:17,21:17,5,0,0,QUEBEC STREET NORTH  & EIGHTH AVENUE EAST,1,3,0,0,3,4,,0,35,0,0,0,0,0,4,1,5
,2019-55057,39.76399318,-104.9803149,7/3/2019 12:49,12:49,6,0,0,WALNUT STREET & 31ST STREET,1,1,0,0,1,4,,0,25,0,0,0,0,0,4,2,1
,2019-55063,39.738267,-104.9383935,10/21/2019 11:45,11:45,15,0,0,14TH AVENUE EAST & ASH STREET NORTH,1,1,0,0,1,1,,0,30,0,0,0,0,0,4,2,7
,2019-55065,39.738465,-104.9902425,1/12/2019 14:44,14:44,5,0,0,14TH AVENUE WEST & BANNOCK STREET,1,1,0,0,3,1,,0,25,0,0,0,0,0,4,1,8
,2019-55066,39.73828472,-104.9354325,7/25/2019 14:08,14:08,3,0,0,14TH AVENUE EAST & BIRCH STREET NORTH,1,1,0,0,1,2,,0,30,0,0,0,0,0,4,2,13
,2019-55067,39.67390086,-105.0458625,7/13/2019 21:05,21:05,6,0,0,HARVARD AVENUE WEST & VRAIN STREET SOUTH,1,2,0,0,1,3,,0,25,0,0,0,0,0,4,2,13
,2019-55068,39.75300812,-104.9854184,2/17/2019 15:10,15:10,6,0,0,PARK AVENUE WEST 800 BLOCK & CHAMPA STREET,1,1,0,0,1,4,,0,30,0,0,0,0,0,4,2,13
,2019-55069,39.70757125,-105.0061954,2/22/2019 18:30,18:30,6,0,0,VIRGINIA AVENUE WEST & PECOS STREET SOUTH,4,4,1,2,1,4,,0,30,0,0,0,0,0,4,2,13
,2019-55071,39.738429,-104.9873895,1/27/2019 10:57,10:57,3,0,0,14TH AVENUE EAST & BROADWAY STREET NORTH,1,1,0,0,1,1,,0,30,0,0,0,0,0,4,2,7
,2019-55076,39.68728102,-105.0203609,7/23/2019 23:41,23:41,6,0,1,CLAY STREET SOUTH & FLORIDA AVENUE WEST,1,3,0,0,1,4,,0,25,0,0,0,1,1,4,2,5
,2019-55077,39.73059408,-105.0350714,2/15/2019 16:11,16:11,6,0,0,LOWELL BOULEVARD NORTH 900 BLOCK & 10TH AVENUE WEST,1,1,1,0,1,4,,0,,0,0,0,0,0,4,2,13
,2019-55078,39.738267,-104.937282,11/8/2019 13:14,13:14,10,0,0,14TH AVENUE EAST & BELLAIRE STREET NORTH,1,1,0,0,1,1,,0,25,0,0,0,0,0,4,2,14
,2019-55084,39.738276,-104.9361435,2/4/2019 12:25,12:25,10,0,1,14TH AVENUE EAST & BIRCH STREET NORTH,1,1,0,0,1,1,,0,30,0,0,0,0,2,4,2,8
,2019-55085,39.71831581,-104.9782298,6/6/2019 10:14,10:14,6,0,0,FIRST AVENUE 700 BLOCK EAST & CLARKSON STREET NORTH,1,1,0,0,1,4,,0,25,0,0,0,0,0,4,3,14
,2019-55086,39.75344428,-104.9884657,7/28/2019 13:10,13:10,6,0,0,22ND STREET & ARAPAHOE STREET,1,1,0,0,1,4,,0,25,0,0,0,0,0,4,2,13
,2019-55087,39.72558626,-104.9648057,11/11/2019 3:27,3:27,5,0,0,SIXTH AVENUE EAST & HIGH STREET NORTH,5,3,0,2,3,4,,0,30,0,0,0,0,0,4,1,5
,2019-55088,39.738276,-104.9361435,3/22/2019 15:57,15:57,12,0,2,14TH AVENUE EAST & BIRCH STREET NORTH,1,1,0,0,1,1,,0,30,0,0,0,0,1,4,2,5
,2019-55090,39.738276,-104.9361435,5/18/2019 9:11,9:11,10,0,0,14TH AVENUE EAST & BIRCH STREET NORTH,1,1,0,0,1,1,,0,30,0,0,0,0,0,4,2,8
,2019-55156,39.740013,-104.970931,7/17/2019 11:41,11:41,2,0,1,COLFAX AVENUE EAST & LAFAYETTE STREET NORTH,1,1,0,0,1,5,,0,,1,0,0,0,1,2,2,13
,2019-55158,39.740009,-104.97298,11/20/2019 17:38,17:38,11,0,1,COLFAX AVENUE EAST & DOWNING STREET,2,3,0,1,1,1,,0,25,0,0,1,0,3,2,2,13
,2019-55159,39.74014,-104.946923,10/22/2019 10:38,10:38,11,0,1,COLFAX AVENUE EAST & MADISON STREET,1,1,0,0,1,5,,0,,0,0,1,0,2,2,2,5
,2019-55187,39.743784,-104.903478,6/21/2019 6:40,6:40,12,0,0,QUEBEC STREET NORTH & 17TH AVENUE EAST,1,1,0,0,1,1,,0,,0,0,0,0,0,4,3,13
,2019-55295,39.718404,-104.9037795,1/6/2019 19:18,19:18,15,0,0,QUEBEC STREET NORTH & FIRST AVENUE EAST,1,3,0,0,1,1,,0,35,0,0,0,0,0,4,2,13
,2019-55336,39.718404,-104.9037795,1/11/2019 7:51,7:51,3,0,2,QUEBEC STREET NORTH & FIRST AVENUE EAST,2,1,0,2,1,1,,0,35,0,0,0,0,1,4,2,1
,2019-55388,39.719943,-104.890932,3/17/2019 3:25,3:25,5,0,1,LOWRY BOULEVARD EAST & UINTA WAY NORTH,1,3,0,0,2,6,,0,30,0,0,0,0,3,4,1,5
,2019-55389,39.761784,-104.956101,3/10/2019 15:30,15:30,5,0,1,MLK BOULEVARD EAST & ELIZABETH STREET NORTH,1,1,0,0,2,1,,0,35,0,0,0,0,3,4,1,7
,2019-55421,39.7538832,-104.9792874,2/23/2019 20:06,20:06,6,0,0,26TH STREET & WELTON STREET,5,3,0,0,1,3,,0,25,0,0,0,0,0,4,2,5
,2019-55476,39.7111792,-104.9086949,4/12/2019 14:42,14:42,3,0,0,ALAMEDA AVENUE EAST  & NEWPORT WAY SOUTH,1,2,0,0,1,1,,0,35,0,0,0,0,0,4,2,13
,2019-55477,39.83352486,-104.7220568,12/28/2019 13:42,13:42,15,0,0,PENA BOULEVARD & 7500 BLOCK,10,1,1,2,1,4,,0,45,0,0,0,0,0,4,2,13