id,drcog_id,latitude,longitude,crashtime,time,crashtype,numbkilled,numbinjurd,drcoglocat,rdconditin,lightngcon,roadcntgrd,weatherco,location,roaddescrp,schoolzone,constrzone,splimit,bikeinv,sctrinv,pedinv,motoinv,svrty,rdsystem,ttlvehcls,hcf
,2019-55478,39.67665968,-104.9710668,1/2/2019 11:50,11:50,3,0,0,WARREN AVENUE EAST & LAFAYETTE STREET SOUTH,4,1,0,0,1,1,,0,25,0,0,0,0,0,4,2,13
,2019-55483,39.66729,-105.081426,9/1/2019 6:04,6:04,11,0,1,HIGHWAY 121 / WADSWORTH BOULEVARD SOUTH & YALE AVENUE WEST,1,3,0,0,1,4,,0,45,0,0,1,0,2,2,2,13
,2019-55514,39.778291,-104.912889,7/27/2019 12:36,12:36,9,0,0,I70 & MONACO STREET NORTH,1,1,1,0,1,4,,0,55,0,0,0,0,0,1,1,13
,2019-55574,39.684265,-104.940475,6/3/2019 3:05,3:05,5,0,0,COLORADO BOULEVARD SOUTH & I25 NORTHBOUND OFF RAMP SLIP,1,3,0,0,2,4,,0,40,0,0,0,0,0,2,1,13
,2019-55576,39.685667,-104.940548,6/25/2019 13:08,13:08,12,0,1,COLORADO BOULEVARD SOUTH & MEXICO AVENUE EAST,1,1,0,0,1,1,,0,,0,0,0,0,1,2,2,13
,2019-55578,39.71149,-104.940627,5/21/2019 17:30,17:30,15,0,0,COLORADO BOULEVARD SOUTH & ALAMEDA AVENUE EAST,1,1,0,0,1,1,,0,35,0,0,0,0,0,2,2,13
,2019-55678,39.725778,-105.00585,7/2/2019 1:34,1:34,5,0,0,HIGHWAY 6 WB ON RAMP & OSAGE STREET NORTH,1,3,0,0,3,7,,0,,0,0,0,0,0,2,1,5
,2019-55696,39.711339,-105.0532605,12/7/2019 12:30,12:30,12,0,2,ALAMEDA AVENUE WEST & SOUTH SHERIDAN BOULEVARD,1,1,1,0,1,1,,0,40,0,0,0,0,1,2,2,14
,2019-5577,39.624201,-104.8853295,9/24/2019 16:52,16:52,12,0,0,BELLEVIEW AVENUE EAST  & YOSEMITE STREET SOUTH,1,1,1,0,1,3,,0,35,0,0,0,0,0,4,2,3
,2019-55829,39.73843402,-104.982696,10/17/2019 18:50,18:50,15,0,0,14TH AVENUE EAST & LOGAN STREET NORTH,1,2,0,0,1,4,,0,30,0,0,0,0,0,4,2,5
,2019-55842,39.670866,-104.8660605,5/18/2019 22:24,22:24,12,0,2,HAVANA STREET SOUTH & PARKER ROAD SOUTH,2,3,0,1,1,3,,0,40,0,0,0,0,1,2,2,7
,2019-55941,39.692817,-105.053193,5/3/2019 16:00,16:00,3,0,0,SHERIDAN BOULEVARD SOUTH & LOUISIANA AVENUE WEST,1,1,0,0,1,1,,0,35,0,0,0,0,0,2,2,7
,2019-55942,39.694977,-105.053211,9/6/2019 13:59,13:59,12,0,1,SHERIDAN BOULEVARD SOUTH & ARIZONA AVENUE WEST,1,1,1,0,1,4,,0,35,0,0,0,0,1,2,3,14
,2019-55943,39.751011,-104.903442,7/17/2019 16:50,16:50,12,0,0,QUEBEC STREET NORTH & 23RD AVENUE EAST,1,1,0,0,1,3,,0,30,0,0,0,0,0,4,2,14
,2019-55944,39.72185802,-105.0532605,9/17/2019 16:38,16:38,3,0,5,SHERIDAN BOULEVARD & 185 BLOCK,1,1,0,0,1,2,,0,35,0,0,0,0,1,2,2,13
,2019-55945,39.72185802,-105.0532605,9/8/2019 18:03,18:03,12,0,0,SHERIDAN BOULEVARD & 155 BLOCK,2,1,0,1,1,3,,0,40,0,0,0,0,0,2,2,5
,2019-55946,39.72564,-105.05313,4/11/2019 12:33,12:33,12,0,0,SHERIDAN BOULEVARD & SIXTH AVENUE WEST,1,1,0,0,1,3,,0,40,0,0,0,0,0,2,2,3
,2019-55947,39.754773,-104.87061,5/16/2019 11:54,11:54,3,0,1,FULTON STREET NORTH & 26TH AVENUE EAST,1,1,0,0,1,1,,0,30,0,0,0,0,1,4,2,13
,2019-55951,39.660363,-104.959431,4/11/2019 17:32,17:32,1,0,0,UNIVERSITY BOULEVARD SOUTH & DARTMOUTH EAST,1,1,0,0,1,1,,0,35,0,0,0,0,0,4,2,13
,2019-55952,39.678696,-105.015681,4/8/2019 4:35,4:35,3,0,0,ZUNI STREET SOUTH & EVANS AVENUE WEST,1,1,0,0,1,1,,0,30,0,0,0,0,0,4,3,1
,2019-55959,39.735612,-104.8846905,10/22/2019 8:30,8:30,3,0,0,YOSEMITE STREET NORTH & 12TH AVENUE EAST,1,1,0,0,1,1,,0,25,0,0,0,1,0,4,2,1
,2019-55969,39.70269206,-104.9298661,10/23/2019 16:46,16:46,12,0,1,CHERRY CREEK DRIVE SOUTH & 4000 BLOCK,2,1,0,2,1,3,,0,35,0,0,0,0,1,4,2,13
,2019-56005,39.791052,-105.0532605,10/1/2019 18:01,18:01,12,0,0,HIGHWAY 95 & 52ND AVENUE,1,1,0,0,1,3,,0,45,0,0,0,0,0,2,2,13
,2019-56006,39.711348,-104.9035005,8/29/2019 17:00,17:00,12,0,1,QUEBEC STREET SOUTH & QUEBEC STREET SOUTH,1,1,0,0,1,3,,0,35,0,0,0,0,1,4,2,3
,2019-56018,39.666321,-104.973498,2/6/2019 14:42,14:42,5,0,1,AMHERST AVENUE EAST & DOWNING STREET SOUTH,4,1,0,2,1,4,,0,30,0,0,0,0,2,4,1,13
,2019-56022,39.653307,-105.032151,6/1/2019 15:35,15:35,12,0,0,KNOX COURT SOUTH & HAMPDEN AVENUE WEST,1,1,0,0,1,1,,0,25,0,0,0,0,0,4,2,8
,2019-56024,39.722616,-104.982624,10/28/2019 15:40,15:40,5,0,0,SPEER BOULEVARD EAST & LOGAN STREET NORTH,5,1,0,0,3,3,,0,30,0,0,0,0,0,4,1,1
,2019-56040,39.72564,-105.05313,5/16/2019 7:49,7:49,12,0,1,SHERIDAN BOULEVARD & SIXTH AVENUE WEST,1,1,1,0,1,4,,0,35,0,0,0,0,1,2,2,10
,2019-56041,39.72564,-105.05313,8/29/2019 6:00,6:00,5,0,0,SHERIDAN BOULEVARD NORTH & SIXTH AVENUE FRONTAGE ROAD WEST,1,1,1,0,1,4,,0,,0,0,0,0,0,2,2,13
,2019-56042,39.72564,-105.05313,1/28/2019 18:08,18:08,12,0,0,SHERIDAN BOULEVARD & SIXTH AVENUE WEST,12,3,1,0,1,4,,0,35,0,0,0,0,0,2,3,14
,2019-56043,39.729465,-105.053238,7/18/2019 22:04,22:04,15,0,0,SHERIDAN BOULEVARD & EIGHTH AVENUE WEST,1,3,1,0,1,4,,0,35,0,0,0,0,0,2,2,13
,2019-56051,39.61836,-105.091119,7/8/2019 13:04,13:04,12,0,0,WADSWORTH BOULEVARD SOUTH & CRESTLINE AVENUE WEST,1,1,0,0,1,3,,0,45,0,0,0,0,0,2,2,7
,2019-56052,39.61836,-105.091119,7/26/2019 12:57,12:57,12,0,0,WADSWORTH BOULEVARD SOUTH & CRESTLINE AVENUE WEST,1,1,0,0,1,3,,0,45,0,0,0,0,0,2,2,14
,2019-56061,39.70269206,-104.9298661,4/8/2019 17:17,17:17,12,0,0,CHERRY CREEK DRIVE & 4200 BLOCK,1,1,0,0,1,4,,0,35,0,0,0,0,0,4,2,14
,2019-56062,39.70269206,-104.9298661,1/23/2019 11:16,11:16,12,0,0,CHERRY CREEK SOUTH & 4300 BLOCK,1,1,0,0,1,4,,0,30,0,0,0,0,0,4,2,13
,2019-56075,39.78228154,-104.9655977,3/9/2019 19:00,19:00,6,0,0,WILLIAMS STREET & 2100 BLOCK SOUTH,1,3,0,0,1,4,,0,25,0,0,0,0,0,4,2,1
,2019-56077,39.72129586,-105.0435903,1/25/2019 10:38,10:38,6,0,0,TENNYSON STREET & STUART STREET,5,1,1,0,1,5,,0,15,0,0,0,0,0,4,2,14
,2019-56117,39.791052,-105.0532605,11/3/2019 18:00,18:00,12,0,1,SHERIDAN BOULEVARD & 52ND AVENUE EAST,1,4,0,0,1,1,,0,35,0,0,0,0,1,2,2,13
,2019-56122,39.791124,-105.0346305,2/7/2019 13:32,13:32,15,0,0,52ND AVENUE & LOWELL BOULEVARD,4,1,0,0,1,4,,0,25,0,0,0,0,0,4,2,13
,2019-56127,39.665556,-105.081462,5/7/2019 16:50,16:50,12,0,1,WADSWORTH BOULEVARD SOUTH & AMHERST AVENUE WEST,2,1,0,1,1,1,,0,35,0,0,0,0,1,2,2,14
,2019-56128,39.624201,-105.0945435,3/2/2019 23:37,23:37,6,0,0,BELLEVIEW AVENUE WEST & DUDLEY STREET SOUTH,4,3,0,2,1,4,,0,40,0,0,0,0,0,4,3,14
,2019-56154,39.707469,-104.8659885,1/25/2019 12:20,12:20,12,0,4,HAVANA STREET SOUTH & VIRGINIA AVENUE EAST,1,1,0,0,1,4,,0,40,0,0,0,0,2,2,4,5
,2019-56155,39.682287,-105.053202,4/19/2019 16:50,16:50,12,0,0,SHERIDAN BOULEVARD SOUTH & JEWELL AVENUE WEST,1,1,0,0,1,4,,0,35,0,0,0,0,0,2,2,3
,2019-56157,39.711339,-105.0532605,9/5/2019 13:39,13:39,15,0,0,ALAMEDA AVENUE WEST & SHERIDAN BOULEVARD SOUTH,1,1,0,0,1,3,,0,40,0,0,0,0,0,2,2,8
,2019-56158,39.718377,-105.0532785,6/15/2019 16:42,16:42,12,0,0,FIRST AVENUE WEST & SHERIDAN BOULEVARD NORTH,1,1,0,0,1,3,,0,35,0,0,0,0,0,2,2,14
,2019-56159,39.718377,-105.0532785,8/1/2019 14:30,14:30,1,0,0,SHERIDAN BOULEVARD & FIRST AVENUE WEST,1,1,0,0,1,2,,0,35,0,0,0,0,0,2,2,1
,2019-56160,39.718377,-105.0532785,8/23/2019 22:00,22:00,12,0,0,SHERIDAN BOULEVARD & FIRST AVENUE WEST,1,3,0,0,1,3,,0,,0,0,0,0,0,2,2,13
,2019-56162,39.72564,-105.05313,9/19/2019 15:40,15:40,12,0,0,SHERIDAN BOULEVARD & SIXTH AVENUE,1,1,1,0,1,3,,0,35,0,0,0,0,0,2,2,13
,2019-56172,39.67866,-105.011028,4/1/2019 7:44,7:44,12,0,0,EVANS WEST & TEJON SOUTH,1,1,0,0,1,3,,0,,0,0,0,0,0,4,2,13
,2019-56173,39.63411,-105.034761,3/3/2019 10:41,10:41,3,0,0,LOWELL BOULEVARD SOUTH & TUFTS AVENUE WEST,4,1,0,2,1,1,,0,30,0,0,0,1,0,4,2,13
,2019-56174,39.745584,-104.884668,10/2/2019 19:30,19:30,8,0,2,YOSEMITE STREET NORTH & 19TH AVENUE EAST,1,4,0,0,1,4,,0,35,0,0,0,0,2,4,4,10
,2019-56178,39.624201,-104.8853295,11/7/2019 12:35,12:35,12,0,0,YOSEMITE STREET SOUTH & BELLEVIEW AVENUE EAST,1,1,0,0,1,1,,0,35,0,0,0,0,0,4,2,13
,2019-56204,39.67866018,-105.0110388,9/27/2019 7:53,7:53,12,0,0,EVANS AVENUE & 2020 WEST,1,1,1,0,1,1,,0,35,0,0,0,0,0,4,2,13
,2019-56236,39.740211,-104.88465,6/12/2019 15:39,15:39,15,0,0,YOSEMITE STREET NORTH & COLFAX AVENUE EAST,1,1,0,0,1,3,,0,25,0,0,0,0,0,4,2,7
,2019-56240,39.7908,-104.9414985,5/27/2019 23:15,23:15,4,0,0,VASQUEZ B & 52ND AVENUE EAST,1,3,0,0,2,4,,0,,0,0,0,0,0,2,1,13
,2019-56273,39.738492,-105.053211,2/12/2019 7:50,7:50,15,0,0,SHERIDAN BOULEVARD & 14TH AVENUE WEST,1,1,0,0,1,4,,0,35,0,0,0,0,0,2,2,13
,2019-56279,39.66021,-104.862312,9/11/2019 13:36,13:36,3,0,0,JAMAICA COURT SOUTH & DARTMOUTH AVENUE EAST,1,1,0,0,1,1,,0,25,0,0,0,0,0,4,2,13
,2019-56287,39.631455,-105.02541,1/24/2019 6:55,6:55,1,0,0,UNION BOULEVARD WEST & FEDRAL BOULEVARD SOUTH,1,2,0,0,1,1,,0,,0,0,0,0,0,4,2,13
,2019-56292,39.798297,-104.8917915,8/4/2019 12:05,12:05,12,0,0,56TH AVENUE EAST & VALENTIA STREET,1,1,0,0,1,4,,0,35,0,0,0,0,0,4,2,13
,2019-56349,39.674763,-104.875281,10/13/2019 19:30,19:30,5,0,1,ILIFF AVENUE EAST & DAYTON WAY SOUTH,1,4,1,0,2,1,,0,40,0,0,0,0,2,4,1,5
,2019-56350,39.674745,-104.87403,7/10/2019 12:30,12:30,12,0,0,ILIFF AVENUE EAST & EMPORIA STREET SOUTH,1,1,0,0,1,1,,0,35,0,0,0,0,0,4,2,3
,2019-56354,39.782043,-104.90184,9/16/2019 20:49,20:49,8,0,1,SANDCREEK DRIVE SOUTH & QUEBEC STREET,1,4,0,0,1,4,,0,,0,0,0,0,2,4,2,7
,2019-56357,39.624183,-105.093171,11/11/2019 10:38,10:38,3,0,3,BELLEVIEW AVENUE WEST & CODY STREET SOUTH,2,1,0,2,1,1,,0,40,0,0,0,0,2,4,2,13
,2019-56378,39.711339,-105.0532605,7/26/2019 16:54,16:54,15,0,0,SHERIDAN BOULEVARD SOUTH & ALAMEDA AVENUE WEST,2,1,0,1,1,3,,0,35,0,0,0,0,0,2,3,7
,2019-56379,39.718377,-105.0532785,5/5/2019 10:45,10:45,3,0,0,FIRST AVENUE WEST & SHERIDAN BOULEVARD NORTH,1,1,0,0,1,2,,0,35,0,0,0,0,0,2,2,7
,2019-56380,39.718377,-105.0532785,8/12/2019 15:59,15:59,12,0,0,SHERIDAN BOULEVARD & FIRST AVENUE WEST,1,1,1,0,1,3,,0,35,0,0,0,0,0,2,2,14
,2019-56381,39.721086,-105.0532605,4/10/2019 12:34,12:34,1,0,0,SHERIDAN BOULEVARD NORTH & THIRD AVENUE WEST,2,1,0,2,1,1,,0,,0,0,0,0,0,2,2,13
,2019-56382,39.72564,-105.05313,5/23/2019 13:05,13:05,5,0,0,SHERIDAN BOULEVARD & SIXTH AVENUE WEST EASTBOUND OFF SLIP RAMP,1,1,0,0,2,1,,0,30,0,0,0,0,0,2,1,14
,2019-56390,39.678696,-105.015681,4/8/2019 9:35,9:35,3,0,0,ZUNI STREET SOUTH & EVANS AVENUE WEST,1,1,0,0,1,1,,0,30,0,0,0,0,0,4,3,1
,2019-56405,39.80034527,-104.884462,10/17/2019 16:18,16:18,12,0,0,CENTRAL PARK BOULEVARD NORTH & 2100 BLOCK NORTH,1,1,0,0,1,4,,0,35,0,0,0,0,0,4,2,13
,2019-56417,39.69476087,-104.9373317,12/3/2019 9:01,9:01,12,0,0,BELLAIRE STREET & 1100 BLOCK,5,1,1,0,1,2,,0,25,0,0,0,0,0,4,2,13
,2019-56434,39.638754,-105.0740685,2/5/2019 12:24,12:24,12,0,2,QUINCY AVENUE WEST & REED STREET SOUTH,1,1,0,0,1,2,,0,40,0,0,0,0,1,4,3,13
,2019-56464,39.674754,-104.870862,9/6/2019 20:15,20:15,1,0,2,HIGHWAY 83 & ILIFF AVENUE EAST,2,2,0,0,1,1,,0,45,0,0,0,0,1,2,2,13
,2019-56500,39.711339,-105.0532605,10/2/2019 18:34,18:34,15,0,0,SHERIDAN BOULEVARD SOUTH & ALAMEDA AVENUE WEST,1,1,0,0,1,4,,0,35,0,0,0,0,0,2,2,13
,2019-56501,39.718377,-105.0532785,5/31/2019 17:28,17:28,3,0,0,FIRST AVENUE WEST & SHERIDAN BOULEVARD NORTH,1,1,1,0,1,2,,0,30,0,0,0,0,0,2,2,14
,2019-56502,39.72042,-105.0532695,8/24/2019 9:40,9:40,12,0,0,SHERIDAN BOULEVARD & SECOND AVENUE WEST,1,1,2,0,1,3,,0,35,0,0,0,0,0,2,2,13
,2019-56503,39.721086,-105.0532605,10/3/2019 16:46,16:46,3,0,0,SHERIDAN BOULEVARD & THIRD AVENUE WEST,1,1,1,0,1,1,,0,,0,0,0,0,0,2,3,13
,2019-56508,39.73311,-105.053238,2/11/2019 7:56,7:56,12,0,1,SHERIDAN BOULEVARD & 10TH AVENUE WEST,1,1,0,0,1,4,,0,40,0,0,0,0,1,2,3,14
,2019-56509,39.738492,-105.053211,7/26/2019 18:54,18:54,3,0,1,SHERIDAN BOULEVARD NORTH & 14TH AVENUE WEST,1,1,0,0,1,1,,0,35,0,0,0,0,1,2,2,14
,2019-56528,39.667689,-104.9923125,9/27/2019 0:00,0:00,6,0,0,DELAWARE AVENUE 2719 SOUTH & YALE AVENUE WEST,1,5,1,0,1,4,,0,,0,0,0,0,0,4,2,13
,2019-56529,39.70269206,-104.9298661,11/21/2019 11:59,11:59,12,0,1,CHERRY CREEK DRIVE & 4100 BLOCK SOUTH,1,1,1,2,1,4,,0,35,0,0,0,0,1,4,2,13
,2019-56530,39.70269206,-104.9298661,4/22/2019 18:28,18:28,12,0,0,CHERRY CREEK DRIVE & 4100 BLOCK,1,1,0,0,1,4,,0,35,0,0,0,0,0,4,2,13
,2019-56531,39.711339,-105.0532605,6/22/2019 9:26,9:26,3,0,0,SHERIDAN BOULEVARD SOUTH & ALAMEDA AVENUE WEST,1,1,0,0,1,1,,0,35,0,0,0,0,0,2,2,14
,2019-56548,39.667707,-104.9863095,2/7/2019 16:03,16:03,3,0,0,LINCOLN STREET & YALE AVENUE EAST,4,1,0,0,1,1,,0,30,0,0,0,0,0,4,2,13
,2019-56570,39.667779,-105.060132,9/16/2019 13:24,13:24,5,0,0,FENTON COURT SOUTH & YALE AVENUE WEST,1,1,1,0,3,4,,0,30,0,0,0,0,0,4,1,13
,2019-56586,39.624201,-105.0945435,10/28/2019 10:24,10:24,12,0,0,DUDLEY STREET 5000 BLOCK SOUTH & BELLEVIEW AVENUE WEST,5,1,0,2,1,3,,0,30,0,0,0,0,0,4,2,13
,2019-56633,39.66759,-104.9165685,12/20/2019 18:00,18:00,12,0,0,KRAMERIA STREET SOUTH & YALE AVENUE EAST,1,3,0,0,1,1,,0,35,0,0,0,0,0,4,2,13
,2019-56635,39.667626,-104.9036085,8/1/2019 14:50,14:50,12,0,0,QUEBEC STREET SOUTH  & YALE AVENUE EAST,1,1,0,0,1,4,,0,30,0,0,0,0,0,4,2,13
,2019-56717,39.696309,-104.8974705,3/2/2019 17:15,17:15,10,0,0,MISSISSIPPI 7800 BLOCK EAST & PARKER ROAD SOUTH,4,3,0,2,1,2,,0,35,0,0,0,0,0,4,2,13
,2019-56751,39.75549151,-105.0014443,1/29/2019 6:40,6:40,6,0,0,CHESTNUT PLACE & 2000 BLOCK,5,1,0,0,1,4,,0,,0,0,0,0,0,4,3,13
,2019-56778,39.706056,-104.9408685,12/21/2019 2:42,2:42,3,0,0,COLORADO BOULEVARD SOUTH & CHERRY CREEK DRIVE NORTHEAST,1,3,0,1,1,1,,0,40,0,0,0,0,0,2,2,14
,2019-56823,39.791052,-105.0532605,5/26/2019 14:42,14:42,12,0,1,SHERIDAN BOULEVARD NORTH & 52ND AVENUE,1,1,0,0,1,4,,0,40,0,0,0,0,1,2,3,3
,2019-56830,39.73311,-105.053238,12/14/2019 11:44,11:44,12,0,0,HIGHWAY 95 & MM 10,1,1,1,0,1,3,,0,45,0,0,0,0,0,2,2,14
,2019-56839,39.624201,-104.8853295,11/19/2019 6:35,6:35,15,0,0,YOSEMITE STREET SOUTH & BELLEVIEW AVENUE EAST,1,1,0,0,1,4,,0,35,0,0,0,0,0,4,2,13
,2019-56851,39.63692503,-104.8899236,12/6/2019 12:10,12:10,12,0,1,I225 & MM 3,1,1,0,0,1,4,,0,55,0,0,0,0,1,1,2,13
,2019-56891,39.73311,-105.053238,3/5/2019 14:36,14:36,12,0,1,HIGHWAY 95 & MM 10,1,1,0,0,1,4,,0,45,0,0,0,0,1,2,2,13
,2019-56901,39.667779,-105.0532605,10/30/2019 18:10,18:10,12,0,1,SHERIDAN BOULEVARD SOUTH & YALE AVENUE WEST,2,2,0,0,1,1,,0,35,0,0,0,0,1,2,2,3
,2019-56904,39.667626,-104.9036085,4/11/2019 16:49,16:49,12,0,1,YALE AVENUE EAST & QUEBEC STREET SOUTH,1,1,0,0,1,3,,0,35,0,0,0,0,1,4,3,12
,2019-56950,39.689343,-104.9035995,3/1/2019 8:57,8:57,6,0,0,FLORIDA AVENUE 7300 BLOCK EAST & QUEBEC STREET SOUTH,1,1,0,0,1,4,,0,25,0,0,0,0,0,4,2,2
,2019-56958,39.73311,-105.053238,1/17/2019 16:44,16:44,15,0,0,HIGHWAY 95 & MM 10,1,2,1,0,1,3,,0,45,0,0,0,0,0,2,2,3
,2019-56968,39.667779,-105.0532605,10/24/2019 9:35,9:35,12,0,0,YALE AVENUE WEST & SHERIDAN BOULEVARD SOUTH,2,1,1,0,1,1,,0,30,0,0,0,0,0,2,2,7
,2019-57027,39.667779,-105.0532605,5/20/2019 14:43,14:43,12,0,0,SHERIDAN BOULEVARD SOUTH & YALE AVENUE WEST,1,1,1,0,1,1,,0,,0,0,0,0,0,2,2,13
,2019-57028,39.667779,-105.0532605,11/22/2019 4:10,4:10,3,0,1,SHERIDAN BOULEVARD SOUTH & YALE AVENUE WEST,4,3,1,2,1,1,,0,30,0,0,0,0,1,2,2,13
,2019-57029,39.618243,-105.091119,6/1/2019 13:19,13:19,12,0,0,WADSWORTH BOULEVARD SOUTH & CRESTLINE AVENUE WEST,1,1,0,0,1,4,,0,40,0,0,0,0,0,2,2,13
,2019-57035,39.689343,-104.9035995,11/12/2019 8:05,8:05,15,0,0,FLORIDA AVENUE EAST & QUEBEC STREET SOUTH,1,1,0,0,1,4,,0,30,0,0,0,0,0,4,2,13
,2019-57070,39.639222,-104.885208,6/11/2019 23:00,23:00,5,0,1,I225 & YOSEMITE STREET SOUTH,1,3,0,0,3,4,,0,65,0,0,0,0,2,1,1,7
,2019-57083,39.725406,-105.053139,10/1/2019 6:11,6:11,12,0,0,SIXTH AVENUE WEST & SHERIDAN BOULEVARD NORTH,2,3,1,1,1,4,,0,55,0,0,0,0,0,2,3,7
,2019-57086,39.740427,-105.053202,8/21/2019 13:30,13:30,1,0,1,SHERIDAN BOULEVARD NORTH & COLFAX AVENUE WEST,1,1,0,0,1,2,,0,35,0,0,0,0,1,2,2,13
,2019-57116,39.78753924,-104.9025913,4/13/2019 16:24,16:24,15,0,0,I270 & QUEBEC STREET,1,1,0,0,1,4,,0,,0,0,0,0,0,1,2,13
,2019-57121,39.703284,-105.053238,10/27/2019 19:42,19:42,12,0,0,SHERIDAN BOULEVARD SOUTH & EXPOSITION AVENUE WEST,5,3,1,2,1,3,,0,40,0,0,0,0,0,2,2,13
,2019-57270,39.740427,-105.053202,5/19/2019 12:34,12:34,5,0,0,SHERIDAN BOULEVARD & COLFAX AVENUE WEST,1,1,0,0,3,1,,0,35,0,0,0,0,0,2,1,8
,2019-57308,39.743766,-104.884668,1/3/2019 17:39,17:39,12,0,0,YOSEMITE STREET NORTH & 17TH AVENUE EAST,1,2,0,0,1,3,,0,,0,0,0,0,0,4,2,13
,2019-57333,39.653073,-104.9453415,3/23/2019 1:31,1:31,5,0,0,HAMPDEN AVENUE EAST 3600 BLOCK & MONROE STREET,2,3,0,0,3,4,,0,40,0,0,0,0,0,2,1,2
,2019-57381,39.72564,-105.05313,11/8/2019 21:00,21:00,15,0,0,HIGHWAY 6 & SHERIDAN BOULEVARD,1,3,0,0,1,4,,0,,0,0,0,0,0,2,2,13
,2019-57429,39.696759,-105.05322,10/12/2019 21:02,21:02,3,0,0,SHERIDAN BOULEVARD SOUTH & MISSISSIPPI AVENUE WEST,1,3,1,0,1,2,,0,40,0,0,0,0,0,2,2,13
,2019-57477,39.740211,-104.88465,8/29/2019 7:40,7:40,3,0,0,COLFAX AVENUE EAST & YOSEMITE STREET NORTH,1,1,0,0,1,1,,0,30,0,0,0,0,0,2,2,7
,2019-57478,39.698361,-104.8659795,1/28/2019 14:52,14:52,5,0,0,HAVANA STREET SOUTH & TENNESSEE AVENUE EAST,5,1,0,2,2,1,,0,35,0,0,0,0,0,2,1,13
,2019-57479,39.696921,-105.053229,10/28/2019 14:56,14:56,15,0,0,SHERIDAN BOULEVARD SOUTH & MORRISON ROAD,1,1,0,0,1,1,,0,35,0,0,0,0,0,2,2,7
,2019-57480,39.706056,-104.9408685,5/29/2019 9:22,9:22,3,0,1,COLORADO BOULEVARD SOUTH & CHERRY CREEK DRIVE SOUTHEAST,1,1,0,0,1,1,,0,30,0,0,0,0,1,2,3,8
,2019-57481,39.706056,-104.9408685,2/19/2019 14:55,14:55,15,0,0,CHERRY CREEK DRIVE SOUTHEAST & COLORADO BOULEVARD SOUTH,4,1,0,2,1,1,,0,30,0,0,0,0,0,2,2,13
,2019-57484,39.653064,-104.8815315,7/29/2019 14:50,14:50,15,0,1,HAMPDEN AVENUE EAST & AKRON STREET SOUTH,1,1,0,0,1,4,,0,40,0,0,0,0,1,2,2,13
,2019-57485,39.740427,-105.053202,6/12/2019 9:56,9:56,12,0,0,SHERIDAN BOULEVARD & COLFAX AVENUE WEST,1,1,0,0,1,4,,0,35,0,0,0,0,0,2,2,3
,2019-57486,39.740427,-105.053202,8/15/2019 20:50,20:50,1,0,0,HIGHWAY 95 / SHERIDAN BOULEVARD NORTH & HIGHWAY 40 / COLFAX AVENUE WEST,1,3,0,0,1,1,,0,35,0,0,0,0,0,2,2,7
,2019-57487,39.624201,-104.908932,11/14/2019 8:48,8:48,15,0,0,BELLEVIEW AVENUE EAST & NIAGARA STREET SOUTH,1,5,1,0,1,4,,0,40,0,0,0,0,0,2,2,13
,2019-57489,39.696759,-105.05322,5/17/2019 23:04,23:04,12,0,1,SHERIDAN BOULEVARD SOUTH & MISSISSIPPI AVENUE WEST,1,3,1,0,1,4,,0,35,0,0,0,0,1,2,2,5
,2019-57490,39.696921,-105.053229,12/2/2019 15:51,15:51,3,0,0,SHERIDAN BOULEVARD SOUTH & MORRISON ROAD,2,1,0,0,1,2,,0,,0,0,0,0,0,2,2,13
,2019-57491,39.700431,-105.053238,4/5/2019 8:54,8:54,3,0,0,SHERIDAN BOULEVARD SOUTH & KENTUCKY AVENUE WEST,1,1,0,0,1,1,,0,35,0,0,0,0,0,2,2,13
,2019-57492,39.700431,-105.053238,8/16/2019 18:13,18:13,3,0,0,SHERIDAN BOULEVARD SOUTH & KENTUCKY AVENUE WEST,1,1,1,0,1,1,,0,35,0,0,0,0,0,2,2,3
,2019-57493,39.718386,-105.0532785,12/21/2019 17:55,17:55,1,0,0,FIRST AVENUE WEST & SHERIDAN BOULEVARD NORTH,1,4,0,0,1,1,,0,35,0,0,0,0,0,2,2,1
,2019-57494,39.703986,-105.053238,12/20/2019 12:18,12:18,12,0,3,SHERIDAN BOULEVARD 600 BLOCK SOUTH & GILL PLACE WEST,1,1,1,0,1,4,,0,30,0,0,0,0,1,2,2,7
,2019-57495,39.740427,-105.053202,1/18/2019 8:35,8:35,12,0,2,SHERIDAN BOULEVARD NORTH & COLFAX AVENUE WEST,1,1,0,0,1,1,,0,35,0,0,0,0,1,2,2,13
,2019-57496,39.750561,-105.04827,1/4/2019 12:06,12:06,12,0,1,SHERIDAN BOULEVARD 2400 BLOCK NORTH & 24TH AVENUE WEST,1,1,1,0,1,4,,0,35,0,0,0,0,1,2,2,13
,2019-57497,39.7531575,-105.0531942,4/11/2019 6:30,6:30,12,0,0,SHERIDAN BOULEVARD 2500 BLOCK NORTH & 25TH AVENUE WEST,5,1,1,0,1,4,,0,35,0,0,0,0,0,2,2,1
,2019-57499,39.76767,-105.052905,1/9/2019 9:05,9:05,1,0,0,SHERIDAN BOULEVARD 3700 BLOCK NORTH & 38TH AVENUE WEST,1,1,0,0,1,2,,0,35,0,0,0,0,0,2,2,13
,2019-57502,39.653046,-104.9316705,8/28/2019 15:40,15:40,12,0,0,HIGHWAY 285 / HAMPDEN AVENUE EAST & DAHLIA STREET SOUTH / HAPPY CANYON ROAD,1,1,0,0,1,1,,0,35,0,0,0,0,0,2,2,3
,2019-57510,39.732831,-104.8847265,7/17/2019 21:17,21:17,15,0,0,YOSEMITE STREET NORTH & 11TH AVENUE EAST,1,3,0,0,1,4,,0,30,0,0,0,0,0,4,2,13