id,drcog_id,latitude,longitude,crashtime,time,crashtype,numbkilled,numbinjurd,drcoglocat,rdconditin,lightngcon,roadcntgrd,weatherco,location,roaddescrp,schoolzone,constrzone,splimit,bikeinv,sctrinv,pedinv,motoinv,svrty,rdsystem,ttlvehcls,hcf
,2019-57761,39.703842,-104.940738,5/27/2019 9:20,9:20,1,0,0,COLORADO BOULEVARD SOUTH & EXPOSITION AVENUE EAST,1,1,1,0,1,1,,0,35,0,0,0,0,0,2,2,13
,2019-57762,39.725406,-105.053139,3/25/2019 13:53,13:53,12,0,4,SIXTH AVENUE WEST & SHERIDAN BOULEVARD NORTH,1,1,0,0,1,4,,0,65,0,0,0,0,1,2,4,1
,2019-57763,39.725406,-105.053139,4/7/2019 20:40,20:40,12,0,0,SIXTH AVENUE WEST & SHERIDAN BOULEVARD NORTH,1,3,1,0,1,4,,0,35,0,0,0,0,0,2,2,13
,2019-57767,39.653064,-104.8815315,7/24/2019 7:47,7:47,12,0,0,HAMPDEN AVENUE EAST & AKRON STREET SOUTH,1,1,0,0,1,4,,0,35,0,0,0,0,0,2,3,13
,2019-57768,39.653046,-104.8756995,5/2/2019 16:49,16:49,14,0,1,HAMPDEN AVENUE EAST & DAYTON STREET SOUTH,1,1,0,0,1,4,,0,40,0,0,0,0,1,2,3,1
,2019-57769,39.706632,-104.996592,6/21/2019 15:00,15:00,12,0,0,SANTA FE DRIVE SOUTH & I25,2,1,1,0,1,4,,0,40,0,0,0,0,0,2,2,3
,2019-57770,39.624219,-104.91192,10/9/2019 8:30,8:30,15,0,0,BELLEVIEW AVENUE EAST & MONACO STREET SOUTH,1,1,1,0,1,4,,0,40,0,0,0,0,0,2,2,1
,2019-57772,39.696759,-105.05322,5/5/2019 19:00,19:00,12,0,0,SHERIDAN BOULEVARD SOUTH & MISSISSIPPI AVENUE WEST,1,1,0,0,1,1,,0,45,0,0,0,0,0,2,2,13
,2019-57773,39.718386,-105.0532785,12/30/2019 10:25,10:25,15,0,0,SHERIDAN BOULEVARD NORTH & FIRST AVENUE WEST,1,1,1,0,1,1,,0,,0,0,0,0,0,2,2,13
,2019-57775,39.7784463,-105.0531942,3/15/2019 11:03,11:03,12,0,0,SHERIDAN BOULEVARD 4500 BLOCK NORTH & 46TH AVENUE WEST,1,1,0,0,1,4,,0,35,0,0,0,0,0,2,2,13
,2019-57780,39.653046,-104.9316705,9/29/2019 5:10,5:10,12,0,0,HAMPDEN AVENUE EAST & HAPPY CANYON ROAD / DAHLIA SOUTH,1,3,0,0,1,1,,0,40,0,0,0,0,0,2,2,13
,2019-57781,39.660372,-104.959431,8/2/2019 15:15,15:15,15,0,0,UNIVERSITY BOULEVARD SOUTH  & DARTMOUTH AVENUE EAST,1,1,0,0,1,4,,0,35,0,0,0,0,0,4,2,1
,2019-57782,39.732831,-104.8847265,5/16/2019 16:30,16:30,3,0,0,YOSEMITE STREET NORTH & 11TH AVENUE EAST,1,1,0,0,1,2,,0,25,0,0,0,0,0,4,2,1
,2019-57786,39.700188,-104.940801,7/5/2019 14:12,14:12,15,0,0,COLORADO BOULEVARD SOUTH & KENTUCKY AVENUE EAST,1,1,0,0,1,3,,0,35,0,0,0,0,0,2,2,13
,2019-57788,39.774213,-104.84712,5/7/2019 9:15,9:15,12,0,0,I70 EASTBOUND OFF RAMP & PEORIA STREET NORTH,1,1,0,0,1,7,,1,55,0,0,0,0,0,1,2,13
,2019-57789,39.671964,-104.8674105,7/12/2019 14:34,14:34,1,0,0,PARKER ROAD SOUTH & 3257 SOUTH PARKER ROAD,1,1,0,0,1,2,,0,30,0,0,0,0,0,2,2,14
,2019-57793,39.74001,-104.99202,6/12/2019 21:40,21:40,3,0,0,STANFORD AVENUE WEST & KIPLING STREET SOUTH,1,3,0,0,1,1,,0,45,0,0,0,0,0,4,2,1
,2019-57794,39.732831,-104.8847265,8/16/2019 1:55,1:55,5,0,0,YOSEMITE STREET NORTH & 11TH AVENUE EAST,1,3,0,0,3,4,,0,35,0,0,0,0,0,4,1,1
,2019-57795,39.700206,-104.927229,10/9/2019 11:33,11:33,6,0,1,KENTUCKY AVENUE EAST & CHERRY CREEK DRIVE SOUTH EAST,1,1,0,0,1,4,,1,25,0,0,0,0,1,4,2,3
,2019-57796,39.706056,-104.9408685,4/20/2019 22:20,22:20,1,0,0,CHERRY CREEK DRIVE NORTHEAST & COLORADO BOULEVARD SOUTH,1,3,0,0,1,1,,0,30,0,0,0,0,0,2,2,13
,2019-57797,39.706056,-104.9408685,5/22/2019 19:29,19:29,1,0,0,COLORADO BOULEVARD SOUTH & CHERRY CREEK DRIVE NORTHEAST,1,2,0,0,1,1,,0,40,0,0,0,0,0,2,2,13
,2019-57798,39.706056,-104.9408685,12/22/2019 17:38,17:38,1,0,0,CHERRY CREEK DRIVE NORTHEAST & COLORADO BOULEVARD SOUTH,1,3,0,0,1,1,,0,35,0,0,0,0,0,2,2,7
,2019-57799,39.706056,-104.9408685,9/3/2019 11:10,11:10,12,0,0,HIGHWAY 2 / COLORADO BOULEVARD SOUTH & CHERRY CREEK DRIVE NORTHEAST,1,1,0,0,1,3,,1,35,0,0,0,0,0,2,2,1
,2019-57800,39.706056,-104.9408685,10/6/2019 16:09,16:09,3,0,0,COLORADO BOULEVARD SOUTH & CHERRY CREEK DRIVE NORTH / VIRGINIA AVENUE,1,1,0,0,1,1,,0,45,0,0,0,0,0,2,2,13
,2019-57801,39.706056,-104.9408685,8/29/2019 16:30,16:30,12,0,0,HIGHWAY 2 / COLORADO BOULEVARD SOUTH & CHERRY CREEK DRIVE NORTH / VIRGINIA AVENUE,1,1,0,0,1,4,,0,40,0,0,0,0,0,2,2,13
,2019-57811,39.709611,-105.0532605,5/1/2019 18:40,18:40,3,0,0,SHERIDAN BOULEVARD SOUTH & DAKOTA AVENUE WEST,2,2,1,0,1,1,,0,35,0,0,0,0,0,2,2,3
,2019-57874,39.80663165,-104.7873105,11/19/2019 14:58,14:58,5,0,0,PENA BOULEVARD & 56TH AVENUE EAST,1,1,0,0,3,4,,0,65,0,0,0,0,0,4,1,12
,2019-57875,39.76988852,-104.847408,8/9/2019 12:15,12:15,12,0,0,PEORIA STREET NORTH & 38TH AVENUE,1,1,0,0,1,4,,0,35,0,0,0,0,0,4,2,3
,2019-57889,39.74602669,-104.9980008,5/1/2019 18:16,18:16,15,0,0,14TH STREET & ARAPAHOE STREET,1,1,0,0,1,3,,0,30,0,0,0,0,0,4,2,8
,2019-57890,39.71848411,-104.9745927,1/29/2019 10:01,10:01,12,0,0,CORONA STREET NORTH 100 BLOCK & SPEER BOULEVARD,5,1,0,0,1,1,,0,25,0,0,0,0,0,4,2,13
,2019-57891,39.73997408,-104.9610115,10/28/2019 10:20,10:20,6,0,0,GAYLORD STREET NORTH & COLFAX AVENUE EAST,5,1,0,2,1,4,,0,25,0,0,0,0,0,4,2,5
,2019-57892,39.75258868,-105.0268233,6/13/2019 2:51,2:51,6,0,0,GROVE STREET NORTH & 24TH AVENUE WEST,1,3,0,0,1,4,,0,25,0,0,0,0,0,4,2,5
,2019-57893,39.70205721,-104.9871568,5/30/2019 1:36,1:36,15,0,0,LINCOLN STREET SOUTH & OHIO AVENUE EAST,1,1,0,0,1,4,,0,30,0,0,0,0,0,4,2,1
,2019-57894,39.70388246,-104.903502,10/5/2019 3:47,3:47,5,0,0,QUEBEC STREET 600 BLOCK SOUTH & EXPOSITION AVENUE EAST,1,3,0,0,2,4,,0,35,0,0,0,0,0,4,1,2
,2019-57895,39.75359063,-104.9969673,1/21/2019 12:45,12:45,6,0,0,WAZEE STREET 1800 BLOCK & 18TH STREET,1,1,0,0,1,4,,0,,0,0,0,0,0,4,2,13
,2019-57903,39.72033956,-105.0448401,7/6/2019 1:00,1:00,6,0,0,SECOND AVENUE WEST & VRAIN STREET SOUTH,1,4,0,0,1,4,,0,30,0,0,0,0,0,4,2,13
,2019-57914,39.69309473,-105.0344851,7/19/2019 21:48,21:48,5,0,0,LOUISIANA AVENUE WEST & LOWELL BOULEVARD SOUTH,1,3,0,0,4,3,,0,25,0,0,0,0,0,4,1,13
,2019-57915,39.69823238,-104.9803821,10/14/2019 12:45,12:45,6,0,0,PEARL STREET SOUTH & TENNESSEE AVENUE EAST,1,4,0,0,1,4,,0,25,0,0,0,0,0,4,2,13
,2019-57916,39.83805881,-104.7067033,2/27/2019 14:40,14:40,15,0,0,78TH AVENUE 24000 BLOCK EAST & CALAWBA STREET NORTH,1,1,0,0,1,4,,0,45,0,0,0,0,0,4,2,14
,2019-57917,39.71120591,-104.9083425,10/18/2019 8:00,8:00,15,0,0,ALAMEDA AVENUE EAST  & NEWPORT AVENUE SOUTH,1,1,0,0,1,4,,0,35,0,0,0,0,0,4,2,1
,2019-57918,39.75984676,-104.9870214,10/29/2019 13:21,13:21,6,0,0,BLAKE STREET & 26TH STREET,4,1,1,2,1,4,,0,25,0,0,0,0,0,4,2,14
,2019-57919,39.70487913,-105.0035041,1/4/2019 12:30,12:30,5,0,0,GILL PLACE WEST & NAVAJO STREET SOUTH,5,1,1,0,3,3,,0,25,0,0,0,0,0,4,1,1
,2019-57920,39.78363313,-104.7701228,5/18/2019 10:18,10:18,1,0,0,GREEN VALLEY RANCH BOULEVARD EAST & TOWER ROAD NORTH,1,1,0,0,1,2,,0,35,0,0,0,0,0,4,2,13
,2019-57921,39.6965845,-104.9614817,8/14/2019 19:36,19:36,6,0,0,MISSISSIPPI AVENUE EAST & GAYLORD STREET SOUTH,1,3,0,0,1,4,,0,25,0,0,0,0,0,4,2,1
,2019-57922,39.75238753,-104.9828756,9/13/2019 9:53,9:53,6,0,0,STOUT STREET & PARK AVENUE,1,1,0,0,1,4,,0,25,0,0,0,0,0,4,2,14
,2019-57923,39.66778431,-105.0529052,6/9/2019 20:33,20:33,12,0,0,YALE AVENUE WEST & SHERIDAN BOULEVARD SOUTH,1,1,0,0,1,4,,0,35,0,0,0,0,0,4,2,1
,2019-57933,39.72922557,-104.9394687,1/18/2019 12:00,12:00,6,0,0,EIGHTH AVENUE EAST & ALBION STREET NORTH,4,1,0,2,1,4,,0,30,0,0,0,0,0,4,2,7
,2019-57934,39.72409154,-104.9908461,1/19/2019 14:22,14:22,12,0,0,FIFTH AVENUE WEST & BANNOCK STREET NORTH,1,1,0,0,1,4,,0,25,0,0,0,0,0,4,2,5
,2019-57935,39.68339413,-104.9899347,10/15/2019 14:20,14:20,6,0,0,BANNOCK STREET 1800 BLOCK SOUTH & COLORADO AVENUE WEST,1,1,0,0,1,4,,0,30,0,0,0,0,0,4,2,13
,2019-57936,39.70723098,-104.9780753,12/8/2019 3:00,3:00,6,0,0,CLARKSON STREET 500 BLOCK SOUTH & VIRGINIA AVENUE EAST,1,3,0,0,1,4,,0,,0,0,0,0,0,4,2,13
,2019-57937,39.75930932,-104.993627,1/8/2019 15:30,15:30,15,0,0,DELGANY STREET & PARK AVENUE WEST,1,1,0,0,1,3,,0,35,0,0,0,0,0,4,2,13
,2019-57938,39.68744173,-104.9769444,4/13/2019 11:42,11:42,6,0,0,EMERSON STREET 1601 SOUTH & IOWA AVENUE EAST,1,1,0,0,1,4,,0,25,0,0,0,0,0,4,2,14
,2019-57939,39.73527416,-104.9861719,1/2/2019 16:19,16:19,12,0,3,LINCOLN STREET NORTH & 12TH AVENUE EAST,1,2,0,0,1,4,,0,30,0,0,0,0,1,4,2,3
,2019-57940,39.72785164,-104.9861507,7/16/2019 18:05,18:05,6,0,2,LINCOLN STREET NORTH & EIGHTH AVENUE EAST,1,1,0,0,1,4,,0,35,0,0,0,0,2,4,7,10
,2019-57941,39.74007155,-105.0509341,6/19/2019 15:06,15:06,6,0,0,YATES STREET 1400 BLOCK NORTH & COLFAX AVENUE WEST,1,1,1,0,1,4,,0,,0,0,0,0,0,4,2,13
,2019-57942,39.68154164,-104.9001639,9/10/2019 10:05,10:05,6,0,0,ROSEMARY STREET SOUTH & JEWELL AVENUE EAST,1,1,0,0,1,4,,0,25,0,0,0,0,0,4,2,13
,2019-57943,39.67834612,-104.9851812,10/9/2019 17:00,17:00,6,0,0,SHERMAN STREET SOUTH & EVANS AVENUE EAST,1,1,0,0,1,4,,0,25,0,0,0,0,0,4,2,10
,2019-57944,39.75162624,-105.0146827,6/3/2019 9:10,9:10,15,0,0,WATER STREET & SEVENTH STREET,1,1,0,0,1,4,,0,25,0,0,0,0,0,4,2,13
,2019-57948,39.68750106,-104.936039,2/24/2019 2:14,2:14,6,0,0,IOWA AVENUE EAST & BIRCH STREET SOUTH,5,4,0,0,1,4,,0,25,0,0,0,0,0,4,2,5
,2019-57949,39.71301112,-105.0204112,3/23/2019 23:53,23:53,6,0,0,CEDAR AVENUE WEST & CLAY STREET SOUTH,1,4,0,0,1,4,,0,,0,0,0,0,0,4,2,13
,2019-57954,39.73203754,-104.9828018,6/29/2019 11:10,11:10,6,0,0,10TH AVENUE EAST & LOGAN STREET NORTH,1,1,0,0,1,4,,0,30,0,0,0,0,0,4,2,13
,2019-57955,39.736862,-104.9921937,2/22/2019 16:30,16:30,12,0,0,13TH AVENUE WEST & CHEROKEE STREET NORTH,1,1,0,0,1,4,,0,25,0,0,0,0,0,4,2,13
,2019-57956,39.74323694,-104.9677895,11/19/2019 10:25,10:25,10,0,2,17TH AVENUE EAST & GILPIN STREET NORTH,1,1,0,0,1,5,,0,30,0,0,0,0,1,4,2,13
,2019-57957,39.744889,-104.986299,7/2/2019 13:45,13:45,15,0,0,18TH AVENUE WEST & LINCOLN STREET NORTH,1,1,0,0,1,4,,0,25,0,0,0,0,0,4,2,14
,2019-57958,39.74862596,-104.9071654,9/12/2019 12:10,12:10,6,0,0,21ST AVENUE EAST & OLIVE STREET NORTH,1,1,0,0,1,4,,0,25,0,0,0,0,0,4,2,1
,2019-57959,39.68208976,-104.9202608,6/14/2019 13:54,13:54,6,0,0,JEWELL AVENUE EAST & IVY STREET SOUTH,1,1,0,0,1,4,,0,25,0,0,0,0,0,4,2,3
,2019-57960,39.70218253,-105.0444761,10/29/2019 21:02,21:02,6,0,0,OHIO AVENUE WEST & JAY COURT SOUTH,4,3,0,2,1,4,,0,25,0,0,0,0,0,4,2,5
,2019-57965,39.71031567,-105.0320215,3/11/2019 6:32,6:32,6,0,0,NEVADA PLACE 3400 BLOCK WEST & KNOX COURT SOUTH,1,3,0,0,1,4,,0,25,0,0,0,0,0,4,2,13
,2019-57969,39.73662714,-105.0415389,8/12/2019 5:01,5:01,6,0,0,13TH AVENUE WEST & RALEIGH STREET NORTH,1,3,0,0,1,3,,0,25,0,0,0,0,0,4,2,13
,2019-57973,39.77504561,-104.7594177,1/29/2019 9:04,9:04,6,0,0,42ND AVENUE EAST & ENSENADA STREET NORTH,5,1,1,0,1,4,,0,25,0,0,0,0,0,4,2,13
,2019-57974,39.66776185,-104.9875821,1/30/2019 8:12,8:12,12,0,1,BROADWAY SOUTH & YALE AVENUE EAST,1,1,0,0,1,3,,0,35,0,0,0,0,1,4,2,14
,2019-57975,39.7443909,-104.9897283,3/3/2019 13:05,13:05,12,0,0,GLENARM PLACE 1600 BLOCK & 16TH STREET,4,1,0,2,1,4,,0,30,0,0,0,0,0,4,2,13
,2019-57976,39.76604791,-105.0017685,6/26/2019 2:09,2:09,6,0,0,LIPAN STREET NORTH & 35TH AVENUE WEST,1,3,0,0,1,4,,0,25,0,0,0,0,0,4,4,5
,2019-57978,39.68830669,-104.959376,5/30/2019 16:15,16:15,15,0,0,UNIVERSITY BOULEVARD SOUTH & IOWA AVENUE EAST,1,1,0,0,1,4,,0,30,0,0,0,0,0,4,2,13
,2019-57979,39.74062052,-105.0486724,10/30/2019 11:48,11:48,6,0,0,WOLFF STREET NORTH & COLFAX AVENUE WEST,5,1,1,0,1,4,,0,25,0,0,0,0,0,4,2,13
,2019-57983,39.66419407,-105.0049117,11/22/2019 9:52,9:52,5,0,0,PLATTE RIVER 2800 BLOCK SOUTH & DARTMOUTH AVENUE WEST,2,1,0,0,2,3,,0,,0,0,0,0,0,4,1,13
,2019-57987,39.71915243,-104.9425458,10/4/2019 11:33,11:33,6,0,0,JACKSON STREET NORTH & SECOND AVENUE EAST,1,1,0,0,1,4,,0,25,0,0,0,0,0,4,2,5
,2019-57989,39.74323946,-104.9703991,9/1/2019 12:04,12:04,6,0,0,17TH AVENUE EAST & LAFAYETTE STREET NORTH,1,1,0,0,1,4,,0,30,0,0,0,0,0,4,2,13
,2019-57995,39.74939452,-104.9902181,10/24/2019 10:26,10:26,6,0,0,19TH STREET & CHAMPA STREET,1,1,0,0,1,4,,0,30,0,0,0,0,0,4,2,13
,2019-57996,39.7581963,-104.9427696,2/27/2019 11:46,11:46,12,0,0,29TH AVENUE 3700 BLOCK EAST & JACKSON STREET NORTH,1,1,0,0,1,4,,0,30,0,0,0,0,0,4,2,13
,2019-57997,39.76926683,-105.020305,10/17/2019 12:15,12:15,6,0,0,38TH AVENUE WEST & CLAY STREET NORTH,1,1,1,0,1,4,,0,30,0,0,0,0,0,4,2,13
,2019-57998,39.78560673,-105.0345798,12/22/2019 0:32,0:32,6,0,0,49TH AVENUE 3500 BLOCK WEST & LOWELL BOULEVARD NORTH,1,3,0,0,1,4,,0,35,0,0,0,0,0,4,3,13
,2019-57999,39.77864236,-104.7673052,7/30/2019 21:00,21:00,6,0,0,CHAFFEE PLACE EAST & BISCAY STREET NORTH,1,4,0,0,1,4,,0,25,0,0,0,0,0,4,3,13
,2019-58000,39.67846387,-104.9312567,3/7/2019 6:29,6:29,15,0,0,EVANS AVENUE EAST & DAHLIA STREET SOUTH,5,1,0,0,1,3,,0,30,0,0,0,0,0,4,2,13
,2019-58001,39.67864629,-105.0107617,5/22/2019 8:09,8:09,6,0,0,EVANS AVENUE WEST & TEJON STREET SOUTH,1,1,0,0,1,4,,0,35,0,0,0,0,0,4,3,13
,2019-58002,39.68924642,-105.0002286,9/20/2019 8:55,8:55,12,0,0,FLORIDA AVENUE 1000 BLOCK WEST & PLATTE RIVER DRIVE SOUTH,1,1,0,0,1,4,,0,25,0,0,0,0,0,4,2,13
,2019-58003,39.69672772,-105.0080799,3/10/2019 6:59,6:59,15,0,0,MISSISSIPPI AVENUE 1800 BLOCK WEST & RARITAN STREET SOUTH,1,1,0,0,1,4,,0,30,0,0,0,0,0,4,2,13
,2019-58004,39.75229018,-104.98448,10/27/2019 20:53,20:53,6,0,0,PARK AVENUE WEST & STOUT STREET,4,3,0,2,1,3,,0,30,0,0,0,0,0,4,2,14
,2019-58017,39.79517402,-104.8253156,7/15/2019 16:27,16:27,15,0,1,ATCHISON STREET NORTH & AUCKLAND WAY NORTH,1,1,1,0,1,2,,0,25,0,0,0,0,1,4,2,13
,2019-58018,39.79333227,-104.826388,9/1/2019 22:00,22:00,6,0,0,ATCHISON STREET NORTH & MAXWELL PLACE EAST,1,3,0,0,1,4,,0,25,0,0,0,0,0,4,2,14
,2019-58019,39.63137316,-105.0898653,2/18/2019 11:54,11:54,12,0,0,BALSAM WAY SOUTH & UNION AVENUE WEST,5,1,0,0,1,4,,0,25,0,0,0,0,0,4,2,13
,2019-58020,39.67747415,-104.9899576,5/21/2019 17:00,17:00,6,0,0,BANNOCK STREET SOUTH & EVANS AVENUE WEST,1,1,0,0,1,4,,0,25,0,0,0,0,0,4,2,3
,2019-58021,39.69431984,-105.0174622,11/23/2019 10:44,10:44,12,0,0,BEACH COURT SOUTH & MOSIER PLACE WEST,1,1,0,0,1,2,,0,25,0,0,0,0,0,4,2,14
,2019-58022,39.7400588,-104.9361389,11/29/2019 13:30,13:30,12,0,0,BIRCH STREET NORTH & COLFAX AVENUE EAST,5,1,0,0,1,2,,0,30,0,0,0,0,0,4,2,13
,2019-58023,39.71292151,-104.9875435,2/17/2019 0:09,0:09,6,0,0,BROADWAY STREET SOUTH & CEDAR AVENUE EAST,1,3,0,0,1,4,,0,30,0,0,0,0,0,4,4,5
,2019-58024,39.75418042,-104.9874918,6/7/2019 18:20,18:20,15,0,0,BROADWAY STREET NORTH & ARAPAHOE STREET,1,1,0,0,1,4,,0,35,0,0,0,0,0,4,2,5
,2019-58025,39.67107411,-104.9875841,1/21/2019 7:13,7:13,6,0,0,BROADWAY 2500 SOUTH & HARVARD AVENUE EAST,1,1,0,0,1,4,,0,30,0,0,0,0,0,4,3,2
,2019-58026,39.69061193,-104.9874864,4/5/2019 15:53,15:53,12,0,0,BROADWAY STREET 1400 BLOCK SOUTH & ARKANSAS AVENUE EAST,1,1,0,7,1,4,,0,30,0,0,0,0,0,4,2,3
,2019-58027,39.70021351,-104.9875086,5/24/2019 15:34,15:34,12,0,0,BROADWAY STREET SOUTH & KENTUCKY AVENUE WEST,1,1,0,0,1,4,,0,30,0,0,0,0,0,4,2,13
,2019-58028,39.69663426,-104.9874308,12/6/2019 17:09,17:09,12,0,0,BROADWAY STREET 1000 BLOCK SOUTH & MISSISSIPPI AVENUE EAST,1,3,0,0,1,3,,0,30,0,0,0,0,0,4,2,14
,2019-58029,39.76517686,-104.9948459,6/27/2019 18:10,18:10,15,0,0,BROADWAY STREET NORTH & PARK AVENUE WEST,1,1,1,0,1,3,,0,35,0,0,0,0,0,4,2,1
,2019-58030,39.74972911,-104.987393,2/24/2019 15:40,15:40,15,0,0,BROADWAY SOUTH NORTH 2000 BLOCK NORTH & STOUT STREET,1,1,0,0,1,4,,0,30,0,0,0,0,0,4,2,13
,2019-58035,39.78005842,-104.8098533,6/1/2019 15:40,15:40,12,0,0,CHAMBERS ROAD NORTH & BOLLING DRIVE EAST,1,1,0,0,1,4,,0,40,0,0,0,0,0,4,2,7
,2019-58036,39.78359615,-104.8097998,2/6/2019 15:39,15:39,12,0,2,CHAMBERS ROAD NORTH & GREEN VALLEY RANCH BOULEVARD EAST,5,1,0,2,1,3,,0,40,0,0,0,0,1,4,3,13
,2019-58037,39.76101717,-104.9350183,1/16/2019 6:57,6:57,6,0,0,CLERMONT STREET 3000 NORTH & MLK BOULEVARD EAST,1,4,0,0,1,4,,0,,0,0,0,0,0,4,2,13
,2019-58038,39.66683222,-105.0227735,5/24/2019 9:00,9:00,6,0,0,DECATUR STREET 2700 BLOCK SOUTH & YALE AVENUE WEST,1,1,0,0,1,4,,0,,0,0,0,0,0,4,2,13
,2019-58039,39.67393948,-104.8753049,6/3/2019 9:59,9:59,12,0,0,DAYTON WAY 2300 BLOCK SOUTH & ILIFF AVENUE EAST,1,1,1,0,1,2,,0,25,0,0,0,0,0,4,2,13
,2019-58040,39.75604176,-105.0219186,3/19/2019 8:55,8:55,6,0,0,DECATUR STREET 2700 BLOCK NORTH & 28TH AVENUE WEST,1,1,0,0,1,4,,0,25,0,0,0,0,0,4,2,13
,2019-58041,39.66354159,-105.0227963,1/2/2019 13:13,13:13,12,0,0,DECATUR STREET 2900 BLOCK SOUTH & BATES AVENUE WEST,4,1,0,0,1,2,,0,25,0,0,0,0,0,4,2,13
,2019-58042,39.67015554,-105.0227558,1/4/2019 17:40,17:40,6,0,0,DECATUR STREET 2600 BLOCK SOUTH & VASSAR AVENUE WEST,1,3,0,0,1,4,,0,25,0,0,0,0,0,4,2,13
,2019-58043,39.73989138,-104.9541633,1/10/2019 16:05,16:05,6,0,0,DETROIT STREET 1400 BLOCK NORTH & COLFAX AVENUE EAST,1,1,0,0,1,4,,0,25,0,0,0,0,0,4,2,13
,2019-58044,39.78940081,-104.8209957,4/16/2019 13:25,13:25,12,0,0,DILLON STREET 5200 BLOCK NORTH & 52ND AVENUE EAST,1,1,0,0,1,2,,0,25,0,0,0,0,0,4,2,13
,2019-58052,39.74153617,-104.9733936,5/28/2019 11:40,11:40,15,0,0,DOWNING STREET NORTH & 16TH AVENUE EAST,1,1,0,0,1,2,,0,30,0,0,0,0,0,4,2,13
,2019-58053,39.72824541,-104.9729371,3/1/2019 5:00,5:00,6,0,0,DOWNING STREET 700 NORTH & EIGHTH AVENUE EAST,1,4,1,0,1,4,,0,30,0,0,0,0,0,4,2,10
,2019-58054,39.7110089,-104.973392,2/4/2019 13:38,13:38,12,0,0,DOWNING STREET 200 BLOCK SOUTH & ALAMEDA AVENUE EAST,1,1,0,0,1,4,,0,30,0,0,0,0,0,4,2,13
,2019-58055,39.71431114,-104.9733935,2/7/2019 6:29,6:29,5,0,0,DOWNING STREET 100 BLOCK SOUTH & BAYAUD AVENUE EAST,4,2,0,0,2,4,,0,30,0,0,0,0,0,4,1,14
,2019-58056,39.63544115,-104.8938428,4/4/2019 23:25,23:25,5,0,0,DTC BOULEVARD SOUTH & I225 NORTHBOUND RAMPS,1,3,1,0,2,4,,0,30,0,0,0,0,0,4,1,5
,2019-58057,39.74001132,-104.9952999,2/5/2019 9:36,9:36,6,0,0,FOX STREET 1400 BLOCK & COLFAX AVENUE WEST,1,1,0,0,1,4,,0,,0,0,0,0,0,4,2,14
,2019-58058,39.66191235,-105.0575973,9/3/2019 7:30,7:30,15,0,1,GOLDEN WAY SOUTH & AMHERST AVENUE WEST,1,1,0,0,1,4,,0,20,0,0,0,0,1,4,2,3
,2019-58059,39.72717715,-104.9836225,6/26/2019 20:34,20:34,5,0,0,GRANT STREET & SEVENTH AVENUE EAST,1,2,0,0,2,1,,0,,0,0,0,0,0,4,1,14
,2019-58060,39.71266418,-104.9211257,7/2/2019 17:44,17:44,8,0,0,IVY STREET SOUTH 200 BLOCK & CEDAR AVENUE EAST,1,1,0,0,1,4,,0,25,0,0,0,0,0,4,3,3
,2019-58061,39.73049529,-104.9592561,9/22/2019 12:30,12:30,10,0,0,JOSEPHINE STREET NORTH & NINTH AVENUE EAST,1,1,0,0,1,2,,0,30,0,0,0,0,0,4,2,8
,2019-58062,39.70367202,-104.9862761,3/9/2019 12:45,12:45,15,0,0,LINCOLN STREET SOUTH & EXPOSITION AVENUE EAST,1,1,0,0,1,4,,0,30,0,0,0,0,0,4,3,13
,2019-58063,39.72564267,-104.9862486,11/18/2019 13:00,13:00,15,0,0,LINCOLN STREET NORTH & SPEER BOULEVARD,1,1,0,0,1,3,,0,30,0,0,0,0,0,4,2,3
,2019-58064,39.70731444,-104.9863144,8/28/2019 8:00,8:00,12,0,0,LINCOLN SOUTH 500 BLOCK SOUTH & VIRGINIA AVENUE EAST,1,1,0,0,1,4,,0,30,0,0,0,0,0,4,2,3
,2019-58065,39.75599357,-105.0042555,12/12/2019 14:44,14:44,6,0,0,LITTLE RAVEN STREET & BASSETT STREET,1,1,0,0,1,4,,0,30,0,0,0,0,0,4,2,13
,2019-58066,39.65413731,-104.9153423,7/11/2019 5:15,5:15,5,0,0,LOCUST STREET SOUTH 3400 BLOCK & GIRARD PLACE EAST,1,4,1,0,2,4,,0,25,0,0,0,0,0,4,1,2
,2019-58067,39.74413238,-104.9823284,12/17/2019 15:30,15:30,15,0,0,LOGAN STREET NORTH & 18TH AVENUE EAST,1,1,0,0,1,4,,0,30,0,0,0,0,0,4,2,8
,2019-58068,39.7871595,-105.0345718,10/4/2019 2:30,2:30,6,0,0,LOWELL BOULEVARD NORTH & 50TH AVENUE WEST,1,3,0,0,1,4,,0,25,0,0,0,0,0,4,3,5
,2019-58069,39.70675429,-105.035039,2/9/2019 11:00,11:00,6,0,0,LOWELL BOULEVARD 500 BLOCK SOUTH & CLUSTER PLACE WEST,6,1,0,0,3,4,,0,25,0,0,0,0,0,4,3,7
,2019-58070,39.76807991,-105.0346412,6/10/2019 8:12,8:12,6,0,0,LOWELL BOULEVARD 3700 BLOCK NORTH & CLYDE PLACE WEST,1,1,0,0,1,4,,0,30,0,0,0,0,0,4,2,13