id,drcog_id,latitude,longitude,crashtime,time,crashtype,numbkilled,numbinjurd,drcoglocat,rdconditin,lightngcon,roadcntgrd,weatherco,location,roaddescrp,schoolzone,constrzone,splimit,bikeinv,sctrinv,pedinv,motoinv,svrty,rdsystem,ttlvehcls,hcf
,2019-58071,39.7717857,-105.0061776,9/19/2019 1:05,1:05,6,0,0,PECOS STREET 4000 BLOCK NORTH & 41ST AVENUE WEST,1,3,0,0,1,4,,0,30,0,0,0,0,0,4,2,1
,2019-58072,39.73982509,-105.0028211,4/19/2019 11:39,11:39,3,0,0,MARIPOSA STREET NORTH 1400 BLOCK & COLFAX AVENUE WEST,1,1,1,0,1,2,,0,25,0,0,0,0,0,4,2,13
,2019-58073,39.75545251,-104.9910953,8/13/2019 2:53,2:53,6,0,0,MARKET STREET & 22ND STREET,1,3,0,0,1,4,,0,30,0,0,0,0,0,4,2,13
,2019-58074,39.75108127,-104.91286,2/9/2019 22:24,22:24,12,0,1,MONACO STREET NORTH & 23RD AVENUE EAST,5,3,0,0,1,4,,0,30,0,0,0,0,1,4,2,5
,2019-58075,39.72927933,-104.9128112,5/3/2019 7:10,7:10,12,0,0,MONACO STREET NORTH & EIGHTH AVENUE EAST,1,1,0,0,1,3,,0,30,0,0,0,0,0,4,2,13
,2019-58076,39.65238477,-104.9129864,8/8/2019 16:43,16:43,3,0,0,MONACO STREET 3500 BLOCK SOUTH & HAMPDEN AVENUE EAST,1,1,0,0,1,2,,0,10,0,0,0,0,0,4,2,13
,2019-58077,39.78211929,-104.8470114,9/19/2019 12:00,12:00,12,0,1,PEORIA STREET NORTH & 47TH AVENUE EAST,1,1,0,0,1,1,,0,35,0,0,0,0,1,4,3,13
,2019-58078,39.71115629,-105.046089,2/6/2019 14:08,14:08,6,0,0,UTICA STREET SOUTH & ALAMEDA AVENUE WEST,4,1,1,2,1,4,,0,25,0,0,0,0,0,4,2,9
,2019-58124,39.76503184,-104.8892392,9/26/2019 16:19,16:19,12,0,0,CENTRAL PARK BOULEVARD 3800 BLOCK NORTH & 40TH AVENUE EAST,1,1,1,0,1,3,,0,35,0,0,0,0,0,4,2,13
,2019-58125,39.79250196,-104.9033281,5/10/2019 18:06,18:06,12,0,0,QUEBEC STREET 5400 BLOCK NORTH & 56TH AVENUE EAST,1,1,0,0,1,4,,0,45,0,0,0,0,0,4,3,13
,2019-58127,39.70759702,-104.9970117,6/26/2019 6:45,6:45,15,0,0,SANTA FE DRIVE SOUTH  & ALAMEDA AVENUE WEST,1,1,0,0,1,3,,0,35,0,0,0,0,0,4,2,1
,2019-58131,39.74340016,-104.9290156,7/18/2019 11:38,11:38,6,0,0,17TH AVENUE EAST & FAIRFAX STREET NORTH,1,1,0,0,3,4,,0,30,0,0,0,0,0,4,2,12
,2019-58132,39.75121826,-105.022068,9/28/2019 21:00,21:00,6,0,0,23RD AVENUE WEST & DECATUR STREET NORTH,1,3,0,0,1,4,,0,25,0,0,0,0,0,4,2,3
,2019-58133,39.76397841,-105.035279,4/2/2019 7:30,7:30,6,0,0,33RD AVENUE WEST 3600 BLOCK & LOWELL BOULEVARD NORTH,1,2,0,0,1,4,,0,,0,0,0,0,0,4,2,13
,2019-58134,39.67915912,-105.0536958,2/27/2019 15:34,15:34,6,0,0,EVANS AVENUE WEST & SHERIDAN BOULEVARD SOUTH,1,1,0,0,1,4,,0,25,0,0,0,0,0,4,2,1
,2019-58135,39.76641394,-104.9738013,5/23/2019 8:26,8:26,6,0,0,LAWRENCE STREET & DOWNING STREET,1,1,0,0,1,3,,0,30,0,0,0,0,0,4,2,14
,2019-58136,39.73970219,-105.0169911,1/3/2019 8:07,8:07,5,0,0,OLD COLFAX AVENUE  & ZUNI STREET,1,1,0,0,1,4,,0,30,0,0,0,0,0,4,1,13
,2019-58171,39.74379506,-104.8952334,12/5/2019 23:09,23:09,5,0,0,17TH AVENUE 7900 BLOCK EAST & TAMARAC STREET,5,3,0,0,3,4,,0,,0,0,0,0,0,4,1,13
,2019-58172,39.76209581,-105.0290363,4/23/2019 19:26,19:26,12,0,0,32ND AVENUE WEST & SPEER BOULEVARD NORTH,1,3,0,0,1,4,,0,25,0,0,0,0,0,4,2,13
,2019-58173,39.725707,-104.9986967,8/20/2019 15:09,15:09,12,0,0,SIXTH AVENUE 900 EAST & SANTA FE DRIVE SOUTH,1,1,0,0,1,4,,0,30,0,0,0,0,0,4,2,13
,2019-58175,39.68940075,-104.9879374,11/17/2019 13:03,13:03,6,0,0,FLORIDA AVENUE & BROADWAY STREET SOUTH,1,1,0,0,1,4,,0,,0,0,0,0,0,4,2,13
,2019-58176,39.75021264,-104.9874201,3/31/2019 0:40,0:40,5,0,0,STOUT STREET 2000 BLOCK & BROADWAY STREET NORTH,1,3,0,0,2,3,,0,30,0,0,0,0,0,4,1,13
,2019-58180,39.653089,-104.914899,6/3/2019 1:00,1:00,15,0,0,HAMPDEN AVENUE EAST & LOCUST STREET SOUTH,1,3,0,0,1,4,,0,,0,0,0,0,0,2,2,13
,2019-58183,39.740344,-105.047467,8/26/2019 8:21,8:21,12,0,0,COLFAX AVENUE WEST & WINONA COURT NORTH,1,1,0,0,1,3,,0,30,0,0,0,0,0,2,2,3
,2019-58184,39.740082,-105.005223,1/27/2019 2:29,2:29,5,0,1,SEVENTH STREET & COLFAX AVENUE WEST,1,3,1,0,3,3,,0,15,0,0,0,0,1,2,1,5
,2019-58192,39.711328,-104.936473,8/5/2019 13:45,13:45,3,0,0,LEETSDALE DRIVE & ALAMEDA AVENUE EAST,1,1,0,0,1,1,,0,35,0,0,0,0,0,2,2,3
,2019-58194,39.674451,-104.994268,3/27/2019 17:55,17:55,12,0,0,SANTA FE DRIVE NORTHBOUND OFF RAMP GORE POINT TO & EVANS AVENUE WEST,1,1,0,0,1,7,,0,15,0,0,0,0,0,2,2,12
,2019-58195,39.697173,-104.991765,1/20/2019 14:49,14:49,12,0,0,PLATTE RIVER DRIVE SOUTH 1000 BLOCK & MISSISSIPPI AVENUE WEST,1,1,0,0,1,3,,0,35,0,0,0,0,0,2,2,3
,2019-58196,39.706954,-104.996396,3/11/2019 17:49,17:49,8,0,2,SANTA FE DRS & 500 SOUTH SANTA FE DRIVE,1,1,0,0,1,4,,0,30,0,0,0,0,2,2,2,1
,2019-58226,39.690898,-105.025049,2/7/2019 15:48,15:48,12,0,0,FEDERAL BOULEVARD SOUTH & ARKANSAS AVENUE WEST,2,1,0,0,1,4,,0,40,0,0,0,0,0,2,2,3
,2019-58227,39.667554,-105.025112,4/17/2019 16:50,16:50,12,0,0,FEDERAL BOULEVARD SOUTH & YALE AVENUE WEST,1,1,0,0,1,3,,0,40,0,0,0,0,0,2,2,3
,2019-58236,39.677755,-105.053264,2/13/2019 17:56,17:56,12,0,0,SHERIDAN BOULEVARD 2000 BLOCK SOUTH & WARREN AVENUE WEST,1,3,0,0,1,3,,0,40,0,0,0,0,0,2,2,13
,2019-58237,39.679174,-105.053262,11/6/2019 14:32,14:32,1,0,1,SHERIDAN BOULEVARD SOUTH & EVANS AVENUE WEST,1,1,0,0,1,1,,0,35,0,0,0,0,1,2,2,3
,2019-58238,39.68224,-105.053199,4/10/2019 22:25,22:25,3,0,0,SHERIDAN BOULEVARD SOUTH & JEWELL AVENUE WEST,4,3,1,2,1,1,,0,40,0,0,0,0,0,2,2,7
,2019-58239,39.68224,-105.053199,7/20/2019 17:00,17:00,15,0,0,JEWELL AVENUE WEST & SHERIDAN BOULEVARD SOUTH,1,1,0,0,1,1,,0,40,0,0,0,0,0,2,2,14
,2019-58240,39.694967,-105.053217,1/24/2019 12:35,12:35,3,0,0,SHERIDAN BOULEVARD SOUTH & ARIZONA AVENUE WEST,2,1,0,0,1,1,,0,35,0,0,0,0,0,2,2,7
,2019-58241,39.694967,-105.053217,7/27/2019 14:59,14:59,12,0,1,SHERIDAN BOULEVARD SOUTH & ARIZONA AVENUE WEST,1,1,0,0,1,1,,0,40,0,0,0,0,1,2,3,7
,2019-58249,39.762056,-105.053242,2/14/2019 7:40,7:40,3,0,0,SHERIDAN BOULEVARD NORTH & 32ND AVENUE WEST,1,1,0,0,1,1,,0,35,0,0,0,0,0,2,2,13
,2019-58307,39.634171,-104.901837,12/3/2019 15:36,15:36,15,0,0,I225 & I25 ON RAMP SPLIT,1,1,0,0,1,4,,0,,0,0,0,0,0,1,2,13
,2019-58317,39.630121,-105.086797,12/28/2019 14:56,14:56,5,0,0,WADSWORTH WAY SOUTH & LAYTON AVENUE WEST,5,1,0,2,2,4,,0,40,0,0,0,0,0,2,1,14
,2019-58338,39.639275,-104.885096,12/9/2019 12:39,12:39,12,0,1,YOSEMITE STREET 4000 BLOCK SOUTH & I225 NORTHBOUND OFF RAMP,1,1,1,0,1,1,,0,35,0,0,0,0,1,1,2,13
,2019-58339,39.639353,-104.884937,9/5/2019 7:34,7:34,5,0,1,I225 WB OFF RAMP & YOSEMITE STREET SOUTH,1,1,0,0,1,7,,1,35,0,0,0,0,2,1,1,13
,2019-58340,39.640035,-104.883546,11/1/2019 19:14,19:14,15,0,0,I225 SOUTHBOUND/WESTBOUND OFF RAMP & YOSEMITE STREET SOUTH,1,3,1,0,1,7,,0,35,0,0,0,0,0,1,2,14
,2019-58341,39.640573,-104.88247,6/28/2019 11:47,11:47,12,0,1,I225 & MM 1.5,1,1,0,0,1,4,,0,55,0,0,0,0,1,1,2,13
,2019-58347,39.641112,-104.881395,8/13/2019 17:17,17:17,15,0,0,I225 & YOSEMITE STREET SOUTH WB EXIT GORE POINT,1,1,0,0,1,4,,0,65,0,0,0,0,0,1,3,12
,2019-58354,39.783116,-104.900964,4/10/2019 6:07,6:07,15,0,0,I270 WB ON RAMP & NORTHFIELD QUEBEC STREET,2,2,1,1,1,7,,0,35,0,0,0,0,0,1,2,13
,2019-58466,39.787758,-105.02522,10/21/2019 3:40,3:40,5,0,0,FEDERAL BOULEVARD 5000 BLOCK NORTH & 50TH AVENUE WEST,1,3,0,0,3,4,,0,,0,0,0,0,0,2,1,13
,2019-58474,39.750129,-104.9962005,7/26/2019 11:26,11:26,11,0,1,LARIMER STREET & 17TH STREET,1,1,0,0,1,1,,0,30,0,0,1,0,2,4,2,13
,2019-58478,39.736836,-104.990229,7/17/2019 23:36,23:36,3,0,1,13TH AVENUE WEST & BANNOCK STREET,1,3,1,0,1,1,,0,30,0,0,0,0,1,4,2,13
,2019-58479,39.744855,-104.9873895,9/13/2019 17:15,17:15,15,0,0,18TH AVENUE EAST & BROADWAY STREET NORTH,1,1,0,0,1,1,,0,30,0,0,0,0,0,4,2,13
,2019-58480,39.694878,-105.0041205,4/11/2019 15:22,15:22,6,0,0,ARIZONA AVENUE WEST & 3200 BLOCK WEST,1,1,0,0,1,4,,0,25,0,0,0,0,0,4,2,13
,2019-58481,39.764511,-104.9733495,9/13/2019 21:10,21:10,3,0,0,BRUCE RANDOLPH AVENUE EAST & DOWNING STREET NORTH,1,3,0,0,1,1,,0,30,0,0,0,0,0,4,2,14
,2019-58483,39.749616,-104.8866795,9/24/2019 18:00,18:00,3,0,0,CENTRAL PARK BOULEVARD NORTH & 23RD AVENUE EAST,1,1,0,0,1,1,,0,30,0,0,0,0,0,4,2,14
,2019-58484,39.754818,-105.0205095,10/10/2019 8:45,8:45,3,0,1,CLAY STREET NORTH & 26TH AVENUE WEST,5,1,1,2,1,1,,0,25,0,0,0,0,1,4,2,13
,2019-58485,39.78816049,-105.021621,12/16/2019 15:42,15:42,5,0,0,CLAY DECATUR & 3300 BLOCK NORTH,1,1,0,0,3,5,,0,10,0,0,0,0,0,4,1,13
,2019-58486,39.754647,-104.9851395,6/12/2019 17:50,17:50,3,0,1,CURTIS STREET & 24TH STREET,1,1,0,0,1,1,,0,25,0,0,0,0,1,4,2,7
,2019-58487,39.708846,-104.8701195,11/16/2019 7:43,7:43,3,0,1,DAKOTA AVENUE EAST & GALENA WAY SOUTH,1,1,0,0,1,1,,0,25,0,0,0,0,1,4,2,13
,2019-58488,39.709314,-104.9863905,1/16/2019 8:11,8:11,3,0,1,DAKOTA AVENUE EAST & LINCOLN STREET SOUTH,1,1,0,0,1,1,,0,30,0,0,0,0,1,4,2,7
,2019-58489,39.661713,-105.0371595,1/12/2019 18:24,18:24,5,0,0,DARTMOUTH AVENUE WEST & MEADE STREET SOUTH,6,3,0,2,3,1,,0,30,0,0,0,0,0,4,1,12
,2019-58490,39.66183,-105.0773985,1/18/2019 13:34,13:34,14,0,0,DARTMOUTH AVENUE WEST & TELLER STREET SOUTH,2,1,0,2,1,1,,0,25,0,0,0,0,0,4,2,1
,2019-58491,39.728943,-104.9928615,9/13/2019 13:35,13:35,1,0,1,DELAWARE STREET NORTH & EIGHTH AVENUE WEST,1,1,1,0,1,1,,0,25,0,0,0,0,1,4,2,13
,2019-58492,39.759426,-104.993739,3/30/2019 2:09,2:09,12,0,0,DELGANY STREET & PARK AVENUE WEST,1,2,0,0,1,1,,0,25,0,0,0,0,0,4,2,14
,2019-58493,39.638727,-104.904081,8/9/2019 21:19,21:19,1,0,0,EASTMOOR DRIVE EAST & QUINCY AVENUE EAST,1,3,0,0,1,1,,0,30,0,0,0,0,0,4,2,7
,2019-58494,39.78788888,-105.0239385,9/20/2019 18:15,18:15,6,0,0,ELIOT STREET & 2400 BLOCK NORTH,1,1,0,0,1,4,,0,30,0,0,0,0,0,4,2,13
,2019-58495,39.752343,-105.0075585,7/20/2019 18:45,18:45,12,0,0,ELITCH CIRCLE & SPEER BOULEVARD NORTH,2,1,0,1,1,1,,0,35,0,0,0,0,0,4,2,13
,2019-58496,39.718332,-104.9769405,5/28/2019 8:02,8:02,3,0,0,EMERSON STREET NORTH & FIRST AVENUE EAST,2,1,0,1,1,1,,0,25,0,0,0,0,0,4,2,3
,2019-58497,39.678453,-104.9222295,10/17/2019 20:14,20:14,15,0,0,EVANS AVENUE EAST & HOLLY STREET SOUTH,1,3,0,0,1,3,,0,,0,0,0,0,0,4,2,13
,2019-58498,39.743217,-104.968422,9/10/2019 10:00,10:00,3,0,2,FRANKLIN STREET NORTH & 17TH AVENUE EAST,1,1,0,0,1,1,,0,25,0,0,0,0,1,4,2,13
,2019-58499,39.685716,-104.968728,5/27/2019 13:45,13:45,3,0,0,FRANKLIN STREET SOUTH & MEXICO AVENUE EAST,1,1,0,0,1,1,,0,25,0,0,0,0,0,4,2,3
,2019-58500,39.738375,-104.961006,4/14/2019 12:19,12:19,12,0,0,GAYLORD STREET NORTH & 14TH AVENUE EAST,1,1,0,0,1,1,,0,25,0,0,0,0,0,4,2,3
,2019-58501,39.738375,-104.961006,8/26/2019 14:55,14:55,1,0,0,GAYLORD STREET NORTH & 14TH AVENUE EAST,1,1,0,0,1,1,,0,30,0,0,0,0,0,4,2,13
,2019-58502,39.741588,-104.9610105,7/13/2019 15:32,15:32,3,0,1,GAYLORD STREET NORTH & 16TH AVENUE EAST,1,1,0,0,1,1,,0,30,0,0,0,0,1,4,2,14
,2019-58503,39.655782,-104.867883,6/30/2019 3:20,3:20,6,0,0,GIRARD AVENUE EAST & 10210 EAST GIRARD AVENUE,1,3,0,0,1,4,,0,30,0,0,0,0,0,4,3,5
,2019-58504,39.729996,-104.925762,6/16/2019 9:32,9:32,3,0,0,GLENCOE STREET NORTH & HALE PARKWAY EAST,1,1,0,0,1,1,,0,25,0,0,0,0,0,4,2,13
,2019-58505,39.682071,-104.9259015,2/22/2019 19:02,19:02,5,0,0,GLENCOE STREET SOUTH & JEWELL AVENUE EAST,5,4,0,2,3,1,,0,25,0,0,0,0,0,4,1,13
,2019-58506,39.683736,-104.925888,7/3/2019 10:30,10:30,8,0,0,GLENCOE STREET SOUTH & UTAH PLACE EAST,1,1,0,0,1,1,,0,25,0,0,0,0,0,4,2,13
,2019-58507,39.71835,-104.9837715,2/5/2019 16:16,16:16,3,0,0,GRANT STREET NORTH & FIRST AVENUE EAST,1,1,0,0,1,1,,0,25,0,0,0,0,0,4,2,13
,2019-58508,39.704013,-105.0275295,2/22/2019 16:11,16:11,3,0,0,HAZEL COURT SOUTH & EXPOSITION AVENUE WEST,2,1,0,2,1,1,,0,30,0,0,0,0,0,4,2,5
,2019-58509,39.79518882,-104.8436934,12/16/2019 15:49,15:49,12,0,0,HICKMAN PLACE & 12632 EAST,1,1,0,0,1,4,,0,25,0,0,0,0,0,4,2,13
,2019-58510,39.77073,-104.753493,4/12/2019 19:40,19:40,3,0,0,HIMALAYA ROAD NORTH & 40TH AVENUE EAST,2,3,0,2,1,1,,0,25,0,0,0,0,0,4,2,13
,2019-58511,39.777993,-104.9223105,9/25/2019 16:00,16:00,12,0,0,HOLLY STREET NORTH & STAPLETON DRIVE EAST,1,1,0,0,1,1,,0,30,0,0,0,0,0,4,2,14
,2019-58512,39.751218,-105.0299325,9/30/2019 15:23,15:23,3,0,0,IRVING STREET NORTH & 23RD AVENUE WEST,1,1,0,0,1,1,,0,25,0,0,0,0,0,4,2,13
,2019-58514,39.71655,-105.030009,3/9/2019 12:25,12:25,5,0,0,IRVING STREET & 3031 SOUTH IRVING STREET,1,1,1,0,2,4,,0,25,0,0,0,0,0,4,1,3
,2019-58515,39.70494,-105.02982,8/19/2019 11:20,11:20,3,0,0,IRVING STREET SOUTH & GILL PLACE WEST,1,1,0,0,1,1,,0,25,0,0,0,0,0,4,2,12
,2019-58516,39.700359,-105.029802,6/15/2019 18:23,18:23,12,0,0,IRVING STREET 900 BLOCK SOUTH & KENTUCKY AVENUE WEST,1,1,0,0,1,4,,0,30,0,0,0,0,0,4,2,1
,2019-58517,39.693105,-105.02973,1/12/2019 15:45,15:45,3,0,0,IRVING STREET SOUTH & LOUISIANA AVENUE WEST,1,1,0,0,1,1,,0,25,0,0,0,0,0,4,2,3
,2019-58518,39.741507,-105.03306,11/8/2019 7:50,7:50,3,0,0,KING STREET NORTH & CONEJOS PLACE WEST,1,1,0,0,1,1,,0,30,0,0,0,0,0,4,2,13
,2019-58520,39.685689,-104.9373495,2/7/2019 21:35,21:35,8,0,0,MEXICO AVENUE EAST & BELLAIRE STREET SOUTH,5,3,0,0,1,1,,0,25,0,0,0,0,0,4,2,6
,2019-58521,39.658221,-104.9374305,2/22/2019 7:45,7:45,12,0,1,MILK BOULEVARD EAST & BELLAIRE STREET NORTH,1,1,0,0,1,4,,0,,0,0,0,0,1,4,2,13
,2019-58522,39.658869,-104.931657,3/22/2019 17:40,17:40,12,0,0,MILK BOULEVARD EAST & DAHLIA STREET NORTH,1,1,0,0,1,1,,0,35,0,0,0,0,0,4,2,1
,2019-58523,39.658743,-104.912991,4/30/2019 13:06,13:06,3,0,0,MILK BOULEVARD EAST & MONACO STREET NORTH,1,1,0,0,1,1,,0,35,0,0,0,0,0,4,2,12
,2019-58524,39.658743,-104.912991,5/22/2019 17:55,17:55,12,0,0,MILK BOULEVARD EAST & MONACO STREET NORTH,1,1,0,0,1,1,,0,30,0,0,0,0,0,4,2,1
,2019-58525,39.735153,-104.975271,7/21/2019 15:30,15:30,3,0,0,ODGEN STREET NORTH & 12TH AVENUE EAST,1,1,0,0,1,1,,0,25,0,0,0,0,0,4,2,3
,2019-58526,39.702222,-105.02982,3/7/2019 8:13,8:13,3,0,0,OHIO AVENUE WEST & IRVING STREET SOUTH,5,1,0,0,1,1,,0,25,0,0,0,1,0,4,2,13
,2019-58527,39.75977886,-104.9069184,11/22/2019 8:16,8:16,6,0,0,OLIVE STREET & 2500 NORTH,4,1,0,2,1,4,,0,25,0,0,0,0,0,4,2,7
,2019-58528,39.747528,-104.9782995,11/12/2019 6:20,6:20,5,0,1,PARK AVENUE WEST & 1130 WEST PARK AVENUE,1,1,0,0,3,4,,0,35,0,0,0,0,1,4,1,13
,2019-58529,39.753063,-104.9854905,2/10/2019 18:42,18:42,12,0,0,PARK AVENUE WEST & CHAMPA STREET NORTH,2,3,0,0,1,3,,0,30,0,0,0,0,0,4,2,13
,2019-58530,39.658509,-105.038712,5/26/2019 18:08,18:08,6,0,0,PATTON COURT SOUTH & 1465 SOUTH PATTON COURT,1,1,0,0,1,4,,0,,0,0,0,0,0,4,2,13
,2019-58531,39.789288,-104.844672,11/25/2019 6:44,6:44,3,0,0,QUENTIN STREET NORTH & 51ST AVENUE EAST,1,1,0,0,1,1,,0,25,0,0,0,0,0,4,2,3
,2019-58532,39.639771,-105.05331,4/16/2019 9:30,9:30,1,0,0,QUINCY AVENUE WEST & SHERIDAN BOULEVARD SOUTH,1,1,0,0,1,1,,0,35,0,0,0,0,0,4,2,13
,2019-58533,39.736872,-104.9964795,12/9/2019 20:18,20:18,3,0,0,SPEER BOULEVARD NORTH & 13TH AVENUE WEST,1,3,0,0,1,1,,0,35,0,0,0,0,0,4,3,13
,2019-58534,39.728943,-104.9906115,7/17/2019 15:20,15:20,15,0,1,SPEER BOULEVARD NORTH & EIGHTH AVENUE WEST,1,1,1,0,1,3,,0,30,0,0,0,0,1,4,2,7
,2019-58535,39.718287,-104.9737815,3/27/2019 19:28,19:28,5,0,1,SPEER BOULEVARD EAST & DOWNING STREET NORTH,1,3,0,0,3,1,,0,30,0,0,0,0,2,4,1,13
,2019-58536,39.730473,-104.9625,9/25/2019 10:40,10:40,12,0,0,VINE STREET NORTH & NINTH AVENUE EAST,1,1,0,0,1,1,,0,25,0,0,0,0,0,4,2,13
,2019-58537,39.630978,-105.0348015,8/31/2019 18:00,18:00,5,0,0,WAGON TRAIL DRIVE WEST & 4001 WEST WAGON TRAIL DRIVE,1,1,1,0,3,4,,0,25,0,0,0,0,0,4,1,5
,2019-58538,39.7829094,-104.7762003,11/1/2019 7:30,7:30,6,0,0,WALDEN COURT NORTH & 4445 NORTH WALDEN COURT,1,1,1,0,1,4,,0,25,0,0,0,0,0,4,2,14
,2019-58585,39.7179029,-104.9512118,4/17/2019 20:35,20:35,1,0,2,FIRST AVENUE EAST & STREET PAUL STREET NORTH,1,3,0,0,1,1,,0,35,0,0,0,0,3,4,2,13
,2019-58586,39.77695465,-104.7383168,4/6/2019 15:18,15:18,6,1,0,PERTH CIRCLE 4400 NORTH & 44TH AVENUE EAST,1,1,0,0,1,4,,0,25,0,0,0,0,4,4,3,14
,2019-58587,39.75095012,-104.969041,1/13/2019 20:30,20:30,11,0,1,HUMBOLDT STREET FRANKLIN STREET ALLEY NORTH & 22ND AVENUE EAST,8,3,0,0,1,5,,0,15,0,0,1,0,2,4,2,13
,2019-58588,39.782988,-104.777559,7/3/2019 8:00,8:00,3,0,1,WALDEN STREET NORTH & 47TH DRIVE EAST,1,1,0,0,1,1,,0,25,0,0,0,0,1,4,2,13
,2019-58589,39.760128,-104.9850315,9/11/2019 7:19,7:19,3,0,0,WALNUT STREET & 27TH STREET,1,1,0,0,1,1,,0,25,0,0,0,0,0,4,2,13
,2019-58590,39.762027,-104.9826015,2/15/2019 9:13,9:13,10,0,0,WALNUT STREET & 29TH STREET,1,1,0,0,1,1,,0,30,0,0,0,0,0,4,2,13
,2019-58591,39.76466363,-104.9791964,5/5/2019 11:51,11:51,1,0,1,WALNUT STREET & 300 BLOCK,1,1,1,0,1,2,,0,25,0,0,0,0,1,4,2,3
,2019-58593,39.765744,-104.9777505,9/25/2019 11:15,11:15,10,0,0,WALNUT STREET & 33RD STREET,1,1,0,0,1,1,,0,25,0,0,0,0,0,4,2,7
,2019-58602,39.74544,-105.003639,2/17/2019 2:13,2:13,5,0,0,11TH STREET & LARIMER STREET,8,3,0,0,3,1,,0,25,0,0,0,0,0,4,1,13
,2019-58607,39.741606,-104.98995,5/31/2019 9:50,9:50,2,0,0,15TH STREET & COURT PLACE,1,1,0,0,1,1,,0,25,1,0,0,0,0,4,2,13
,2019-58608,39.78594,-104.818518,5/8/2019 16:35,16:35,2,0,0,51ST AVENUE EAST & DURHAM COURT NORTH,2,1,0,1,1,1,,0,30,1,0,0,0,0,4,2,3
,2019-58612,39.741642,-104.9672205,1/11/2019 13:15,13:15,11,0,2,GILPIN STREET NORTH & 16TH AVENUE EAST,2,1,0,2,1,2,,0,25,0,0,1,0,1,4,2,13
,2019-58614,39.75171257,-104.9854596,10/23/2019 13:19,13:19,2,0,1,STOUT STREET & 21ST STREET,2,1,0,6,1,5,,0,5,1,0,0,0,1,4,2,14
,2019-58615,39.77690312,-104.9486323,12/27/2019 15:58,15:58,6,0,0,43RD AVENUE EAST & ADAMS STREET NORTH,1,1,0,0,1,4,,0,,0,0,0,0,0,4,2,13
,2019-58616,39.685985,-104.940548,11/1/2019 13:41,13:41,11,0,1,COLORADO BOULEVARD SOUTH & MEXICO AVENUE EAST,2,1,0,0,1,2,,0,35,0,0,1,0,1,2,2,13
,2019-58665,39.69306528,-104.9405419,8/22/2019 16:32,16:32,12,0,0,COLORADO BOULEVARD SOUTH & 300 BLOCK SOUTH,1,1,0,0,1,4,,0,35,0,0,0,0,0,2,4,13
,2019-58667,39.725541,-104.940801,11/22/2019 17:20,17:20,12,0,0,COLORADO BOULEVARD NORTH & SIXTH AVENUE EAST / 600 BLOCK NORTH,2,3,1,0,1,4,,0,35,0,0,0,0,0,2,2,13
,2019-58690,39.624201,-104.8853295,10/16/2019 21:42,21:42,12,0,0,BELLEVIEW AVENUE EAST  & YOSEMITE STREET SOUTH / 8900 BLOCK EAST,1,3,0,0,1,1,,0,35,0,0,0,0,0,4,2,13
,2019-58691,39.624201,-104.8853295,2/21/2019 10:11,10:11,3,0,5,BELLEVIEW AVENUE 8800 EAST & YOSEMITE STREET,1,1,0,0,1,1,,0,35,0,0,0,0,1,4,3,14
,2019-58692,39.70269206,-104.9298661,6/18/2019 10:54,10:54,12,0,0,CHERRY CREEK DRIVE & 4300 BLOCK SOUTH,1,1,1,0,1,4,,0,35,0,0,0,0,0,4,2,13
,2019-58693,39.64566016,-104.8803092,4/25/2019 16:59,16:59,12,0,0,BOSTON STREET & 6500 SOUTH,1,1,0,0,1,4,,0,35,0,0,0,0,0,4,2,14
,2019-58694,39.624201,-104.8853295,2/21/2019 14:33,14:33,3,0,0,BELLEVIEW AVENUE EAST  & YOSEMITE STREET SOUTH,1,1,0,0,1,1,,0,35,0,0,0,0,0,4,2,14
,2019-58695,39.624201,-104.8853295,7/26/2019 21:37,21:37,3,0,0,BELLEVIEW AVENUE & YOSEMITE STREET SOUTH,1,3,1,0,1,1,,0,35,0,0,0,0,0,4,2,13
,2019-58709,39.64566016,-104.8803092,8/15/2019 16:41,16:41,12,0,0,BOSTON STREET & 6500 SOUTH,1,1,1,0,1,1,,0,35,0,0,0,0,0,4,2,13
,2019-58710,39.64566016,-104.8803092,11/4/2019 15:20,15:20,3,0,0,BOSTON STREET SOUTH & 6500 BLOCK SOUTH,1,1,0,0,1,2,,0,35,0,0,0,0,0,4,2,14
,2019-58711,39.64566016,-104.8803092,7/27/2019 11:51,11:51,12,0,0,BOSTON STREET & 6700 SOUTH,1,1,0,0,1,1,,0,40,0,0,0,0,0,4,2,13
,2019-58712,39.624201,-104.8853295,10/28/2019 12:37,12:37,3,0,3,YOSEMITE STREET 5100 SOUTH & BELLEVIEW AVENUE EAST,2,1,0,2,1,1,,0,35,0,0,0,0,1,4,3,14
,2019-58713,39.64566016,-104.8803092,10/17/2019 15:50,15:50,12,0,0,BOSTON STREET SOUTH & 6500 BLOCK SOUTH,1,1,1,0,1,4,,0,35,0,0,0,0,0,4,4,13
,2019-58714,39.64566016,-104.8803092,4/12/2019 11:31,11:31,12,0,0,BOSTON STREET & 6650 SOUTH,1,1,0,0,1,2,,0,30,0,0,0,0,0,4,2,13
,2019-58715,39.64566016,-104.8803092,7/22/2019 14:02,14:02,3,0,0,BOSTON STREET & 6600 SOUTH,1,1,0,0,1,2,,0,30,0,0,0,0,0,4,2,14
,2019-58719,39.667779,-105.0651,3/3/2019 5:38,5:38,3,0,0,KNOXVILLE WAY SOUTH & YALE AVENUE WEST,4,2,0,2,1,1,,0,30,0,0,0,0,0,4,2,13