id,drcog_id,latitude,longitude,crashtime,time,crashtype,numbkilled,numbinjurd,drcoglocat,rdconditin,lightngcon,roadcntgrd,weatherco,location,roaddescrp,schoolzone,constrzone,splimit,bikeinv,sctrinv,pedinv,motoinv,svrty,rdsystem,ttlvehcls,hcf
,2019-58721,39.66777,-105.066549,10/8/2019 10:00,10:00,12,0,0,YALE AVENUE WEST & LAMAR STREET SOUTH,1,1,0,0,1,1,,0,30,0,0,0,0,0,4,2,13
,2019-58863,39.7847834,-105.0298941,5/22/2019 14:30,14:30,6,0,0,IRVING STREET NORTH & 49TH AVENUE WEST,1,1,0,0,1,4,,0,25,0,0,0,0,0,4,2,13
,2019-59274,39.780085,-104.934197,1/18/2019 12:02,12:02,5,0,1,I70 & MM 276,4,1,0,2,3,4,,0,65,0,0,0,0,2,1,1,2
,2019-59411,39.720979,-105.008132,1/12/2019 21:35,21:35,12,0,0,I25 & THIRD AVENUE EAST,1,3,0,0,1,4,,0,65,0,0,0,0,0,1,2,13
,2019-59427,39.729014,-105.014706,1/10/2019 6:50,6:50,15,0,0,I25 & SIXTH AVENUE WEST INTCH,1,1,0,0,1,4,,0,55,0,0,0,0,0,1,2,13
,2019-59428,39.737517,-105.013923,2/19/2019 2:22,2:22,5,0,1,AURARIA PARKWAY DIRECT CONNECT TO & I25,5,3,1,2,2,7,,0,45,0,0,0,0,1,1,1,13
,2019-59430,39.738697,-105.013832,5/15/2019 11:14,11:14,12,0,0,I25 & COLFAX AVENUE WEST,1,1,0,0,1,4,,0,65,0,0,0,0,0,1,2,3
,2019-59431,39.74035,-105.013939,7/8/2019 11:34,11:34,15,0,0,I25 & COLFAX AVENUE WEST,1,1,0,0,1,4,,0,55,0,0,0,0,0,1,2,1
,2019-59432,39.750765,-105.016809,2/5/2019 14:06,14:06,12,0,0,I25 & 23RD AVENUE WEST,1,1,0,0,1,4,,0,55,0,0,0,0,0,1,2,13
,2019-59433,39.750765,-105.016809,2/17/2019 10:08,10:08,12,0,0,I25 & 23RD AVENUE WEST,1,1,0,0,1,4,,0,65,0,0,0,0,0,1,3,5
,2019-59434,39.755141,-105.012706,10/4/2019 11:47,11:47,15,0,0,I25 & SPEER BOULEVARD NORTH,1,1,0,0,1,4,,0,55,0,0,0,0,0,1,2,13
,2019-59437,39.760997,-105.004275,7/3/2019 11:27,11:27,12,0,0,I25 & 20TH STREET,1,1,1,0,1,4,,0,55,0,0,0,0,0,1,2,13
,2019-59439,39.772044,-104.990065,8/13/2019 18:00,18:00,15,0,0,I25 & I70,1,1,0,0,1,4,,0,55,0,0,0,0,0,1,2,13
,2019-59739,39.774429,-104.8518585,11/9/2019 23:37,23:37,12,0,0,I70 & MM 281.50,1,3,0,0,1,4,,0,55,0,0,0,0,0,1,2,13
,2019-59765,39.773997,-104.8469535,3/11/2019 6:16,6:16,12,0,1,I70 WB OFF RAMP & PEORIA STREET,1,3,0,0,1,7,,0,65,0,0,0,0,1,1,2,1
,2019-59798,39.730892,-105.015365,5/1/2019 21:30,21:30,5,0,0,I25 SOUTHBOUND OFF RAMP LOOP & ZUNI STREET NORTH,1,3,0,0,2,7,,0,,0,0,0,0,0,1,1,13
,2019-59800,39.751291,-105.016572,10/19/2019 16:59,16:59,2,0,1,23RD AVENUE WEST & I25 SOUTHBOUND RAMPS,1,1,0,0,1,1,,0,30,1,0,0,0,2,1,2,13
,2019-59801,39.74,-104.977412,3/5/2019 22:22,22:22,11,0,1,COLFAX AVENUE 800 BLOCK EAST & CLARKSON STREET NORTH,1,3,0,0,1,4,,0,,0,0,1,1,2,2,2,13
,2019-59804,39.711241,-104.998918,3/3/2019 18:24,18:24,5,0,1,I25 & ALAMEDA AVENUE WEST,5,4,1,2,2,4,,0,65,0,0,0,0,2,1,1,14
,2019-59806,39.732969,-105.036969,12/31/2019 19:13,19:13,11,0,1,10TH AVENUE WEST & NEWTON STREET NORTH,1,3,2,0,1,4,,0,30,0,0,1,0,3,4,2,13
,2019-59812,39.741651,-104.9861295,9/11/2019 12:34,12:34,2,0,0,16TH AVENUE EAST & LINCOLN STREET NORTH,1,1,0,0,1,1,,0,,1,0,0,0,0,4,2,1
,2019-59813,39.750129,-104.9962005,8/28/2019 12:58,12:58,2,0,0,17TH STREET & LARIMER STREET,1,1,0,0,1,1,,0,25,1,0,0,1,0,4,2,14
,2019-59814,39.7512,-105.0268095,9/12/2019 7:50,7:50,2,0,1,23RD AVENUE WEST & GROVE STREET NORTH,1,1,0,0,1,1,,0,30,1,0,0,1,2,4,2,13
,2019-59815,39.75696,-104.98743,8/21/2019 20:20,20:20,11,0,1,BROADWAY STREET NORTH & LARIMER STREET,2,3,0,1,1,1,,0,30,0,0,1,0,2,4,2,14
,2019-59816,39.755565,-104.987439,6/27/2019 3:14,3:14,2,0,0,BROADWAY STREET NORTH & LAWRENCE STREET,1,3,0,0,1,1,,0,30,1,0,0,0,0,4,2,13
,2019-59817,39.756456,-105.009309,8/8/2019 13:00,13:00,11,0,1,PLATTE STREET & 15TH STREET,1,1,0,0,1,1,,0,,0,0,1,0,1,4,2,13
,2019-59818,39.745845,-104.993028,5/17/2019 9:39,9:39,2,0,1,STOUT STREET & 16TH STREET,1,1,0,0,1,1,,0,,1,0,0,0,1,4,2,13
,2019-59819,39.751875,-105.0008985,10/14/2019 12:45,12:45,2,0,0,WYNKOOP STREET & 16TH STREET,1,1,0,0,1,1,,0,25,1,0,0,0,0,4,2,14
,2019-59939,39.75017849,-105.0010652,5/31/2019 9:26,9:26,2,0,1,15TH STREET & BLAKE STREET,1,1,0,0,1,4,,0,,1,0,0,0,2,4,2,13
,2019-59955,39.75881096,-104.9999464,4/14/2019 22:36,22:36,5,0,2,20TH STREET 2000 BLOCK & CHESTNUT PLACE,1,3,1,0,2,4,,0,25,0,0,0,0,3,4,1,1
,2019-60060,39.72606476,-104.9902402,6/21/2019 13:04,13:04,11,0,1,BANNOCK STREET NORTH & SIXTH AVENUE WEST,1,1,0,0,1,4,,0,25,0,0,1,0,2,4,2,8
,2019-60061,39.76085247,-104.9878999,2/7/2019 18:19,18:19,11,0,1,BROADWAY STREET NORTH & BLAKE STREET,5,3,1,0,1,4,,0,,0,0,1,0,2,4,2,13
,2019-60072,39.75398487,-104.9860101,8/31/2019 15:15,15:15,11,0,1,CURTIS STREET & PARK AVENUE WEST,1,1,0,0,1,4,,0,,0,0,1,0,1,4,2,13
,2019-60084,39.74133861,-104.9569222,10/20/2019 10:30,10:30,11,0,1,ESPLANADE STREET NORTH & COLFAX AVENUE EAST,1,1,0,0,1,4,,0,25,0,0,1,0,2,4,2,13
,2019-60085,39.73737379,-104.966874,3/20/2019 14:50,14:50,11,0,2,GILPIN STREET NORTH 1300 BLOCK & ALLEY NORTH,1,1,0,0,1,5,,0,,0,0,1,0,3,4,3,13
,2019-60124,39.74987538,-104.9947413,10/1/2019 11:00,11:00,2,0,1,LAWRENCE STREET & 17TH STREET,1,1,0,0,1,2,,0,,1,0,0,0,3,4,2,13
,2019-60167,39.75289945,-104.9943871,4/23/2019 17:49,17:49,2,0,1,MARKET STREET & 19TH STREET,1,1,0,0,1,4,,0,30,1,0,0,0,3,4,2,13
,2019-60168,39.75569277,-104.9907436,4/7/2019 16:15,16:15,2,0,1,MARKET STREET & 22ND STREET,1,1,0,0,1,4,,0,30,1,0,0,0,1,4,2,3
,2019-60169,39.69878663,-105.0504263,10/16/2019 11:10,11:10,12,0,1,MORRISON ROAD 4900 BLOCK & YATES STREET WEST,1,1,1,0,1,4,,0,30,0,0,0,0,3,4,3,7
,2019-60188,39.664988,-104.9406,4/5/2019 10:35,10:35,12,0,1,COLORADO BOULEVARD SOUTH & AMHERST AVENUE EAST,1,1,0,0,1,2,,0,35,0,0,0,0,1,2,2,13
,2019-60189,39.665533,-104.940602,9/30/2019 18:30,18:30,1,0,0,COLORADO BOULEVARD SOUTH & AMHERST AVENUE EAST,1,1,0,0,1,1,,0,35,0,0,0,0,0,2,2,8
,2019-60190,39.667466,-104.940609,1/8/2019 18:14,18:14,3,0,0,COLORADO BOULEVARD SOUTH & YALE AVENUE EAST,1,3,0,0,1,1,,0,35,0,0,0,0,0,2,2,13
,2019-60191,39.67333,-104.940631,9/25/2019 11:10,11:10,10,0,0,COLORADO BOULEVARD SOUTH & WESLEY AVENUE EAST,1,1,0,0,1,1,,0,35,0,0,0,0,0,2,2,13
,2019-60192,39.673743,-104.940633,7/25/2019 11:16,11:16,12,0,0,COLORADO BOULEVARD SOUTH & ILIFF AVENUE EAST,1,1,0,0,1,4,,0,40,0,0,0,0,0,2,2,13
,2019-60193,39.673743,-104.940633,7/25/2019 11:54,11:54,15,0,0,COLORADO BOULEVARD SOUTH & ILIFF AVENUE EAST,1,1,0,0,1,3,,0,40,0,0,0,0,0,2,2,13
,2019-60194,39.67488,-104.940644,7/2/2019 19:10,19:10,12,0,0,COLORADO BOULEVARD SOUTH & ILIFF AVENUE EAST,1,1,0,0,1,1,,0,35,0,0,0,0,0,2,3,3
,2019-60195,39.676627,-104.940637,8/16/2019 13:24,13:24,1,0,0,COLORADO BOULEVARD SOUTH & WARREN AVENUE EAST,1,1,0,0,1,1,,0,30,0,0,0,0,0,2,2,13
,2019-60196,39.678409,-104.940629,10/11/2019 15:45,15:45,10,0,0,EVANS AVENUE EAST & COLORADO BOULEVARD SOUTH,1,1,0,0,1,1,,0,35,0,0,0,0,0,2,2,13
,2019-60197,39.680122,-104.94064,2/2/2019 4:00,4:00,12,0,0,COLORADO BOULEVARD SOUTH & BUCHTEL BOULEVARD EAST,1,3,0,0,1,1,,0,35,0,0,0,0,0,2,2,5
,2019-60198,39.680122,-104.94064,3/14/2019 14:45,14:45,12,0,0,COLORADO BOULEVARD SOUTH & BUCHTEL BOULEVARD EAST,2,1,0,0,1,1,,0,35,0,0,0,0,0,2,2,12
,2019-60199,39.680122,-104.94064,3/14/2019 15:40,15:40,12,0,0,COLORADO BOULEVARD SOUTH & BUCHTEL BOULEVARD EAST,2,1,0,0,1,1,,0,35,0,0,0,0,0,2,2,13
,2019-60200,39.680122,-104.94064,8/16/2019 12:44,12:44,12,0,2,COLORADO BOULEVARD SOUTH & COLORADO CENTER DRIVE EAST,1,1,0,0,1,1,,0,40,0,0,0,0,1,2,4,13
,2019-60201,39.682961,-104.940372,10/3/2019 9:51,9:51,12,0,0,COLORADO BOULEVARD SOUTH & I25,1,1,1,0,1,4,,0,40,0,0,0,0,0,2,2,1
,2019-60202,39.680122,-104.94064,9/23/2019 8:15,8:15,12,0,0,BUCHTEL BOULEVARD EAST & COLORADO BOULEVARD SOUTH,1,1,0,0,1,1,,0,30,0,0,0,0,0,2,2,13
,2019-60203,39.680122,-104.94064,9/27/2019 10:30,10:30,12,0,0,COLORADO BOULEVARD SOUTH & COLORADO CENTER DRIVE EAST,1,1,0,0,1,1,,0,40,0,0,0,0,0,2,2,12
,2019-60204,39.680097,-104.940683,12/19/2019 16:36,16:36,8,0,0,COLORADO CENTER DRIVE EAST & COLORADO BOULEVARD SOUTH,1,3,0,0,1,1,,0,25,0,0,0,0,0,2,2,1
,2019-60205,39.680097,-104.940683,12/26/2019 12:31,12:31,3,0,0,COLORADO BOULEVARD SOUTH & BUCHTELL BOULEVARD EAST,1,1,0,0,1,1,,0,35,0,0,0,0,0,2,2,13
,2019-60206,39.680248,-104.940641,4/6/2019 21:46,21:46,12,0,0,COLORADO BOULEVARD SOUTH & BUCHTEL BOULEVARD EAST,1,3,0,0,1,4,,0,40,0,0,0,0,0,2,3,1
,2019-60207,39.680248,-104.940641,10/17/2019 14:35,14:35,12,0,1,COLORADO BOULEVARD SOUTH & BUCHTEL BOULEVARD EAST,1,1,0,0,1,4,,0,40,0,0,0,0,1,2,3,13
,2019-60208,39.680946,-104.940632,9/30/2019 9:03,9:03,15,0,0,HIGHWAY 2 SOUTHBOUND FROM & I25 SOUTHBOUND OFF RAMP SLIP,1,1,0,0,1,4,,0,35,0,0,0,0,0,2,2,1
,2019-60212,39.680097,-104.940711,12/30/2019 16:04,16:04,15,0,0,COLORADO BOULEVARD SOUTH & BUCHTEL BOULEVARD EAST,1,1,0,0,1,4,,0,35,0,0,0,0,0,2,2,13
,2019-60213,39.681544,-104.940529,10/2/2019 16:25,16:25,3,0,1,COLORADO BOULEVARD SOUTH & I25 SOUTHBOUND ON RAMP,1,1,0,0,1,1,,0,40,0,0,0,0,1,2,2,8
,2019-60214,39.682867,-104.940373,4/3/2019 8:06,8:06,12,0,0,COLORADO BOULEVARD SOUTH & MEXICO AVENUE EAST / 1800 BLOCK SOUTH,1,1,1,0,1,4,,0,40,0,0,0,0,0,2,2,13
,2019-60216,39.683673,-104.940414,10/10/2019 8:30,8:30,12,0,0,COLORADO BOULEVARD SOUTH & I25 NORTHBOUND OFF RAMP,5,1,1,0,1,1,,0,40,0,0,0,0,0,2,2,13
,2019-60217,39.683673,-104.940414,10/18/2019 9:24,9:24,1,0,0,COLORADO BOULEVARD SOUTH & I25 NORTHBOUND ON RAMP,1,1,1,0,1,1,,0,40,0,0,0,0,0,2,2,1
,2019-60218,39.683673,-104.940414,11/2/2019 11:22,11:22,15,0,0,COLORADO BOULEVARD SOUTH & I25 NORTHBOUND ON RAMP,1,1,0,0,1,1,,0,45,0,0,0,0,0,2,2,3
,2019-60219,39.684265,-104.940475,1/25/2019 15:24,15:24,12,0,0,COLORADO BOULEVARD SOUTH & I25 NORTHBOUND SLIP RAMPS,1,1,0,0,1,4,,0,35,0,0,0,0,0,2,2,1
,2019-60220,39.684265,-104.940475,7/2/2019 17:29,17:29,15,0,0,COLORADO BOULEVARD SOUTH & I25 NORTHBOUND OFF RAMP SLIP,1,1,0,0,1,4,,0,35,0,0,0,0,0,2,2,3
,2019-60225,39.684265,-104.940475,10/9/2019 11:33,11:33,15,0,0,COLORADO BOULEVARD SOUTH & I25 NORTHBOUND OFF RAMP SLIP,1,1,0,0,1,4,,0,25,0,0,0,0,0,2,2,1
,2019-60226,39.684615,-104.940519,7/23/2019 19:30,19:30,15,0,0,COLORADO 1700 BLOCK SOUTH & MEXICO AVENUE EAST,1,2,1,0,1,4,,0,40,0,0,0,0,0,2,2,13
,2019-60227,39.684789,-104.940541,11/20/2019 15:47,15:47,12,0,0,COLORADO BOULEVARD SOUTH & I25 NORTHBOUND SLIP RAMPS / 1900 BLOCK SOUTH,1,1,1,1,1,4,,0,,0,0,0,0,0,2,2,13
,2019-60235,39.685316,-104.940546,5/13/2019 7:48,7:48,12,0,1,COLORADO BOULEVARD SOUTH & MEXICO AVENUE EAST,1,1,0,0,1,4,,0,35,0,0,0,0,1,2,2,10
,2019-60236,39.685316,-104.940546,6/2/2019 10:49,10:49,12,0,0,COLORADO BOULEVARD SOUTH & MEXICO AVENUE EAST,1,1,0,0,1,4,,0,35,0,0,0,0,0,2,2,13
,2019-60237,39.685491,-104.940547,2/3/2019 8:27,8:27,12,0,0,COLORADO BOULEVARD SOUTH & MEXICO AVENUE SOUTH / 1700 BLOCK SOUTH,1,1,0,0,1,3,,0,35,0,0,0,0,0,2,2,13
,2019-60238,39.685491,-104.940547,3/8/2019 8:50,8:50,12,0,0,COLORADO BOULEVARD SOUTH & MEXICO AVENUE SOUTH / 1700 BLOCK SOUTH,1,1,1,0,1,3,,0,35,0,0,0,0,0,2,2,13
,2019-60255,39.685491,-104.940547,7/27/2019 16:04,16:04,12,0,0,COLORADO BOULEVARD SOUTH & MEXICO AVENUE EAST,1,1,0,0,1,3,,0,45,0,0,0,0,0,2,2,5
,2019-60256,39.685667,-104.940548,1/21/2019 14:30,14:30,12,0,0,COLORADO BOULEVARD SOUTH & MEXICO AVENUE EAST,1,1,0,0,1,1,,0,35,0,0,0,0,0,2,2,13
,2019-60257,39.685667,-104.940548,3/21/2019 10:08,10:08,12,0,1,MEXICO AVENUE EAST & COLORADO BOULEVARD SOUTH,1,1,0,0,1,1,,0,40,0,0,0,0,1,2,2,13
,2019-60258,39.778704,-104.9787225,10/8/2019 7:39,7:39,12,0,1,WASHINGTON STREET 4500 BLOCK NORTH & 45TH AVENUE WEST,1,1,1,0,1,4,,0,30,0,0,0,0,1,4,2,13
,2019-60259,39.685667,-104.940548,10/15/2019 15:00,15:00,12,0,0,COLORADO BOULEVARD SOUTH & MEXICO AVENUE EAST,1,1,0,0,1,1,,0,35,0,0,0,0,0,2,2,3
,2019-60260,39.685667,-104.940548,12/7/2019 8:59,8:59,12,0,0,COLORADO BOULEVARD SOUTH & MEXICO AVENUE EAST,1,1,0,0,1,1,,0,35,0,0,0,0,0,2,2,7
,2019-60261,39.685667,-104.940548,12/11/2019 18:45,18:45,3,0,0,COLORADO BOULEVARD SOUTH & MEXICO AVENUE EAST,1,3,0,0,1,1,,0,35,0,0,0,0,0,2,2,8
,2019-60262,39.686619,-104.940548,9/10/2019 14:15,14:15,15,0,0,HIGHWAY 2 / COLORADO BOULEVARD SOUTH & MEXICO AVENUE EAST,1,1,1,0,1,3,,0,35,0,0,0,0,0,2,2,15
,2019-60263,39.686619,-104.940548,9/20/2019 16:04,16:04,3,0,0,HIGHWAY 2 / COLORADO BOULEVARD SOUTH & MEXICO AVENUE EAST,1,1,0,0,1,2,,0,35,0,0,0,0,0,2,2,1
,2019-60264,39.687411,-104.940549,4/22/2019 16:56,16:56,12,0,0,COLORADO BOULEVARD SOUTH & IOWA AVENUE EAST / 1500 BLOCK SOUTH,1,1,1,0,1,3,,0,30,0,0,0,0,0,2,2,13
,2019-60265,39.68715,-104.940239,7/13/2019 20:53,20:53,3,0,0,COLORADO BOULEVARD SOUTH & IOWA AVENUE EAST,1,3,0,0,1,2,,0,40,0,0,0,0,0,2,2,14
,2019-60266,39.738276,-104.9338395,7/26/2019 10:35,10:35,10,0,2,14TH AVENUE EAST & CHERRY STREET NORTH,1,1,0,0,1,1,,0,25,0,0,0,0,1,4,2,14
,2019-60267,39.687564,-104.940549,7/20/2019 16:20,16:20,1,0,0,COLORADO BOULEVARD SOUTH & IOWA AVENUE EAST,1,1,0,0,1,1,,0,35,0,0,0,0,0,2,2,13
,2019-60268,39.687564,-104.940549,8/28/2019 14:20,14:20,3,0,0,HIGHWAY 2 / COLORADO BOULEVARD SOUTH & IOWA AVENUE EAST,1,1,0,0,1,1,,0,35,0,0,0,0,0,2,2,3
,2019-60269,39.687564,-104.940549,9/29/2019 0:54,0:54,3,0,1,COLORADO BOULEVARD SOUTH & IOWA AVENUE,1,3,0,0,1,1,,0,35,0,0,0,0,2,2,1,1
,2019-60278,39.687564,-104.940549,10/2/2019 18:18,18:18,3,0,0,COLORADO BOULEVARD SOUTH & IOWA AVENUE,1,2,0,0,1,1,,0,35,0,0,0,0,0,2,2,3
,2019-60279,39.687564,-104.940549,10/17/2019 17:43,17:43,12,0,0,COLORADO BOULEVARD SOUTH & IOWA AVENUE EAST,1,2,0,0,1,1,,0,35,0,0,0,0,0,2,2,5
,2019-60280,39.687564,-104.940549,10/18/2019 8:55,8:55,1,0,0,COLORADO BOULEVARD SOUTH & IOWA AVENUE EAST,1,1,0,0,1,1,,0,35,0,0,0,0,0,2,3,13
,2019-60281,39.687564,-104.940549,11/1/2019 19:10,19:10,10,0,0,COLORADO BOULEVARD SOUTH & IOWA AVENUE EAST,1,3,0,0,1,1,,0,35,0,0,0,0,0,2,2,13
,2019-60282,39.687564,-104.940549,12/3/2019 18:40,18:40,10,0,0,COLORADO BOULEVARD SOUTH & IOWA AVENUE EAST,1,3,0,0,1,1,,0,35,0,0,0,0,0,2,2,3
,2019-60285,39.68815,-104.940549,7/12/2019 9:30,9:30,12,0,0,COLORADO BOULEVARD SOUTH & IOWA AVENUE EAST,1,1,1,0,1,4,,0,35,0,0,0,0,0,2,2,3
,2019-60286,39.689028,-104.940549,10/7/2019 8:04,8:04,15,0,0,COLORADO BOULEVARD SOUTH & FLORIDA AVENUE EAST,1,1,0,0,1,4,,0,30,0,0,0,0,0,2,2,13
,2019-60287,39.689321,-104.940549,2/25/2019 12:35,12:35,12,0,4,FLORIDA AVENUE EAST & COLORADO BOULEVARD SOUTH,1,1,0,0,1,1,,0,35,0,0,0,0,2,2,3,1
,2019-60288,39.689321,-104.940549,3/30/2019 23:11,23:11,12,0,0,COLORADO BOULEVARD SOUTH & FLORIDA AVENUE EAST,1,3,0,0,1,1,,0,45,0,0,0,0,0,2,2,13
,2019-60289,39.689321,-104.940549,9/8/2019 7:52,7:52,3,0,0,HIGHWAY 2 / COLORADO BOULEVARD SOUTH & FLORIDA AVENUE EAST,1,1,0,0,1,1,,0,35,0,0,0,0,0,2,2,3
,2019-60290,39.689321,-104.940549,10/5/2019 7:14,7:14,3,0,0,COLORADO BOULEVARD SOUTH & FLORIDA AVENUE EAST,1,1,0,0,1,1,,0,45,0,0,0,0,0,2,2,2
,2019-60291,39.692997,-104.94055,5/29/2019 11:38,11:38,3,0,0,COLORADO BOULEVARD SOUTH & LOUISIANA AVENUE EAST,1,1,0,0,1,1,,0,35,0,0,0,0,0,2,2,13
,2019-60294,39.71149,-104.940627,2/12/2019 11:10,11:10,1,0,2,ALAMEDA AVENUE EAST & COLORADO BOULEVARD SOUTH,1,1,0,0,1,1,,0,35,0,0,0,0,1,2,2,13
,2019-60297,39.768995,-104.940493,11/29/2019 7:30,7:30,15,0,0,COLORADO BOULEVARD NORTH & 38TH AVENUE EAST,5,1,1,4,1,4,,0,40,0,0,0,0,0,2,3,7
,2019-60298,39.784908,-104.940443,12/21/2019 15:43,15:43,15,0,0,COLORADO BOULEVARD NORTH & 48TH AVENUE EAST / 4800 BLOCK NORTH,1,1,0,0,1,4,,0,45,0,0,0,0,0,2,2,13
,2019-60300,39.72581,-105.035097,8/26/2019 18:14,18:14,5,0,0,HIGHWAY 6 WB OFF RAMP TO & LOWELL BOULEVARD NORTH,1,1,0,0,3,1,,0,25,0,0,0,0,0,2,1,13
,2019-60301,39.725552,-105.039373,3/3/2019 12:26,12:26,5,0,0,SIXTH AVENUE WEST & PERRY STREET NORTH,2,1,0,2,2,4,,0,55,0,0,0,0,0,2,1,3
,2019-60302,39.725414,-105.023982,5/11/2019 6:53,6:53,15,0,0,SIXTH AVENUE WEST & FEDERAL BOULEVARD NORTH,1,1,0,0,1,4,,0,55,0,0,0,0,0,2,2,13
,2019-60303,39.725211,-105.017879,8/14/2019 7:09,7:09,15,0,0,SIXTH AVENUE WEST & I25,1,1,0,0,1,4,,0,55,0,0,0,0,0,2,2,13
,2019-60304,39.725211,-105.017879,12/25/2019 19:54,19:54,15,0,0,SIXTH AVENUE & BRYANT STREET NORTH,1,3,0,0,1,4,,0,50,0,0,0,0,0,2,2,13
,2019-60305,39.725604,-105.016075,1/12/2019 22:26,22:26,5,0,0,SIXTH AVENUE WEST WB COLLECTOR RAMP  & I25 SB/NB OFF RAMP MERGE POINT NEW CONFIG,1,4,1,0,3,7,,0,45,0,0,0,0,0,2,1,13
,2019-60306,39.725512,-105.013153,9/24/2019 13:52,13:52,15,0,0,SIXTH AVENUE WEST & I25,1,1,1,0,1,4,,0,55,0,0,0,0,0,2,2,13
,2019-60307,39.725541,-105.012748,8/18/2019 20:00,20:00,12,0,0,SIXTH AVENUE WEST & I25,1,3,0,0,1,4,,0,65,0,0,0,0,0,2,2,7
,2019-60308,39.725373,-105.015286,11/12/2019 5:30,5:30,15,0,0,HIGHWAY 6 COLLECTOR RAMP & I25 SB/NB OFF RAMP MERGE POINT NEW CONFIG,5,2,1,0,1,7,,0,55,0,0,0,0,0,2,2,14
,2019-60309,39.725435,-105.014317,10/19/2019 15:33,15:33,12,0,0,SIXTH AVENUE WEST & I25,1,1,0,0,1,4,,0,55,0,0,0,0,0,2,2,7
,2019-60310,39.72546,-105.01393,12/3/2019 18:17,18:17,15,0,1,SIXTH AVENUE WB ON RAMP & I25,5,3,1,0,1,7,,0,65,0,0,0,0,1,2,2,13
,2019-60311,39.725499,-105.013349,5/15/2019 15:24,15:24,12,0,0,SIXTH AVENUE WEST & I25,1,1,0,0,1,4,,0,55,0,0,0,0,0,2,2,7
,2019-60317,39.725512,-105.013153,2/8/2019 8:00,8:00,12,0,0,SIXTH AVENUE & I25,5,1,0,0,1,3,,0,55,0,0,0,0,0,2,2,13
,2019-60318,39.790815,-104.941495,10/29/2019 11:02,11:02,12,0,0,VASQUEZ BOULEVARD NORTH & 52ND AVENUE EAST,5,1,0,4,1,1,,0,45,0,0,0,0,0,2,2,13
,2019-60572,39.74011,-104.958744,7/4/2019 3:37,3:37,5,0,0,COLFAX AVENUE EAST & JOSEPHINE STREET NORTH,1,3,0,0,3,1,,0,30,0,0,0,0,0,2,1,2
,2019-60573,39.740139,-104.946384,5/31/2019 22:16,22:16,6,0,0,COLFAX AVENUE EAST & MONROE STREET,1,3,0,0,1,3,,0,35,0,0,0,0,0,2,3,13
,2019-60731,39.7402,-104.988197,12/9/2019 7:52,7:52,5,0,0,COLFAX AVENUE WEST & CHEYENNE PLACE,5,1,0,0,2,1,,0,30,0,0,0,0,0,2,1,3
,2019-60748,39.740083,-104.89451,7/31/2019 21:30,21:30,4,0,0,COLFAX AVENUE EAST & ULSTER STREET NORTH,1,1,0,0,1,4,,0,30,0,0,0,0,0,2,1,1
,2019-60751,39.633244,-104.906325,9/12/2019 21:08,21:08,12,0,0,I25 & I225,1,3,0,0,1,4,,0,55,0,0,0,0,0,1,2,14
,2019-60752,39.632191,-104.90594,5/15/2019 1:25,1:25,5,0,0,I25 & BELLEVIEW AVENUE EAST,1,3,0,0,3,4,,0,55,0,0,0,0,0,1,1,9
,2019-60753,39.639767,-104.910596,9/13/2019 20:45,20:45,15,0,0,I25 & HAMPDEN AVENUE,1,1,0,0,1,4,,0,65,0,0,0,0,0,1,2,14
,2019-60754,39.65847,-104.920658,2/12/2019 15:30,15:30,15,0,0,I25 & MM 202,1,1,0,0,1,4,,0,60,0,0,0,0,0,1,2,7
,2019-60755,39.667843,-104.925754,2/15/2019 21:10,21:10,5,0,0,I25 SOUTHBOUND OFF RAMP & YALE AVENUE EAST,1,3,0,0,3,7,,0,65,0,0,0,0,0,1,1,13
,2019-60756,39.683488,-104.942037,1/8/2019 7:36,7:36,12,0,0,I25 & COLORADO BOULEVARD SOUTH,1,1,0,0,1,4,,0,50,0,0,0,0,0,1,2,3
,2019-60757,39.70084,-104.98668,9/29/2019 17:51,17:51,12,0,0,BROADWAY STREET SOUTH & KENTUCKY AVENUE EAST,1,1,0,0,1,1,,0,35,0,0,0,0,0,1,2,1
,2019-60758,39.684905,-104.954806,4/5/2019 7:16,7:16,15,0,0,I25 SOUTHBOUND & I25 SOUTHBOUND ON RAMP FROM UNIVERSITY BOULEVARD SOUTH G,1,1,0,0,1,4,,0,60,0,0,0,0,0,1,2,13
,2019-60759,39.68492,-104.959512,3/23/2019 22:12,22:12,5,0,0,I25 NORTHBOUND OFF RAMP & UNIVERSITY BOULEVARD SOUTH,1,3,1,0,4,4,,0,25,0,0,0,0,0,1,1,14
,2019-60760,39.68734,-104.96797,6/11/2019 9:35,9:35,12,0,0,I25 & FRANKLIN STREET SOUTH,1,1,0,0,1,4,,0,60,0,0,0,0,0,1,3,3
,2019-60761,39.687563,-104.968436,5/20/2019 7:51,7:51,12,0,0,I25 & MM 205.60,2,1,0,1,1,4,,0,55,0,0,0,0,0,1,2,13
,2019-60762,39.688486,-104.970278,6/19/2019 7:27,7:27,12,0,0,I25 & FRANKLIN STREET SOUTH,1,1,0,0,1,4,,0,50,0,0,0,0,0,1,3,3
,2019-60763,39.688563,-104.970432,3/15/2019 15:29,15:29,12,0,0,I25 SOUTHBOUND ON RAMP & DOWNING STREET SOUTH,1,1,0,0,1,7,,0,35,0,0,0,0,0,1,3,13