id,drcog_id,latitude,longitude,crashtime,time,crashtype,numbkilled,numbinjurd,drcoglocat,rdconditin,lightngcon,roadcntgrd,weatherco,location,roaddescrp,schoolzone,constrzone,splimit,bikeinv,sctrinv,pedinv,motoinv,svrty,rdsystem,ttlvehcls,hcf
,2019-60764,39.688868,-104.971048,6/11/2019 9:25,9:25,15,0,0,I25 & DOWNING STREET SOUTH,1,1,0,0,1,4,,0,,0,0,0,0,0,1,2,13
,2019-60765,39.688945,-104.971202,3/12/2019 17:00,17:00,15,0,0,I25 & I25 SOUTHBOUND EXIT GORE POINT TO UNIVERSITY BOULEVARD,1,3,0,0,1,4,,0,65,0,0,0,0,0,1,2,1
,2019-60766,39.689327,-104.971973,10/20/2019 4:11,4:11,8,0,1,I25 & EMERSON STREET SOUTH,1,3,0,0,1,4,,0,60,0,0,0,0,1,1,2,5
,2019-60780,39.689862,-104.973051,4/16/2019 18:25,18:25,12,0,0,I25 SOUTHBOUND ON RAMP & DOWNING STREET SOUTH,1,1,1,0,1,7,,0,35,0,0,0,0,0,1,2,3
,2019-60794,39.689939,-104.973205,4/12/2019 17:15,17:15,12,0,0,I25 & DOWNING STREET SOUTH,1,1,0,0,1,4,,0,55,0,0,0,0,0,1,2,13
,2019-60795,39.689939,-104.973205,6/5/2019 7:30,7:30,12,0,0,I25 & DOWNING STREET SOUTH,1,1,0,0,1,4,,0,60,0,0,0,1,0,1,2,3
,2019-60796,39.689939,-104.973205,9/19/2019 15:36,15:36,12,0,1,I25 & DOWNING STREET SOUTH,1,1,0,0,1,4,,0,60,0,0,0,0,1,1,2,13
,2019-60798,39.693275,-104.977965,8/6/2019 8:40,8:40,12,0,0,I25 & EMERSON STREET SOUTH,1,1,0,0,1,4,,0,55,0,0,0,0,0,1,2,14
,2019-60799,39.697473,-104.982744,3/22/2019 15:50,15:50,12,0,0,I25 SOUTHBOUND & LOGAN STREET SOUTH,1,1,1,0,1,4,,0,55,0,0,0,0,0,1,2,2
,2019-60800,39.697473,-104.982744,4/9/2019 22:19,22:19,15,0,1,I25 & LOGAN STREET SOUTH,1,3,0,0,1,4,,0,60,0,0,0,0,1,1,3,13
,2019-60801,39.701452,-104.987435,5/22/2019 8:46,8:46,12,0,0,I25 & BROADWAY STREET SOUTH,1,1,1,0,1,4,,0,65,0,0,0,0,0,1,2,2
,2019-60802,39.697473,-104.982744,3/24/2019 20:39,20:39,12,0,0,I25 NORTHBOUND ON RAMP & LOGAN STREET SOUTH,1,4,0,0,1,7,,0,65,0,0,0,0,0,1,2,13
,2019-60804,39.698464,-104.983868,8/20/2019 6:24,6:24,12,0,0,I25 & LOGAN STREET SOUTH,1,1,0,0,1,4,,0,50,0,0,0,0,0,1,2,1
,2019-60805,39.698464,-104.983868,9/4/2019 15:45,15:45,12,0,0,I25 & LOGAN STREET SOUTH,1,1,1,0,1,4,,0,60,0,0,0,0,0,1,2,2
,2019-60806,39.698575,-104.983992,10/1/2019 8:20,8:20,12,0,0,I25 & LOGAN STREET SOUTH,1,1,0,0,1,4,,0,55,0,0,0,0,0,1,2,3
,2019-60807,39.700317,-104.986018,1/2/2019 7:00,7:00,12,0,0,I25 NORTHBOUND OFF RAMP & KENTUCKY AVENUE EAST,5,1,0,0,1,7,,0,35,0,0,0,0,0,1,2,1
,2019-60834,39.700224,-104.9875,3/1/2019 18:22,18:22,3,0,1,KENTUCKY AVENUE WEST & BROADWAY SOUTH,1,3,0,0,1,1,,0,35,0,0,0,0,1,1,3,13
,2019-60848,39.700944,-104.986812,7/18/2019 15:52,15:52,15,0,0,I25 NORTHBOUND OFF RAMP & OHIO AVENUE EAST / LINCOLN STREET SOUTH,1,1,0,0,1,7,,0,30,0,0,0,0,0,1,2,1
,2019-60849,39.70115,-104.987076,7/6/2019 21:15,21:15,14,0,0,I25 NORTHBOUND OFF RAMP & OHIO AVENUE EAST / LINCOLN STREET SOUTH,1,3,0,0,1,7,,0,35,0,0,0,0,0,1,2,13
,2019-60860,39.701251,-104.987199,1/31/2019 14:54,14:54,12,0,1,I25 & BROADWAY STREET SOUTH,1,1,0,0,1,4,,0,65,0,0,0,0,1,1,2,3
,2019-60861,39.701251,-104.987199,5/28/2019 4:26,4:26,12,0,0,I25 & BROADWAY STREET SOUTH,6,3,0,2,1,4,,0,60,0,0,0,0,0,1,2,7
,2019-60862,39.70137,-104.9874,12/16/2019 11:59,11:59,12,0,0,I25 SOUTHBOUND ON RAMP FROM & BROADWAY STREET SOUTH,1,1,1,0,1,7,,0,35,0,0,0,0,0,1,2,3
,2019-60863,39.701251,-104.987199,1/9/2019 15:36,15:36,15,0,0,LINCOLN STREET SOUTH & OHIO AVENUE EAST,1,1,0,0,1,1,,0,30,0,0,0,0,0,1,2,3
,2019-60864,39.701251,-104.987199,2/2/2019 10:31,10:31,3,0,0,OHIO AVENUE EAST & LINCOLN STREET SOUTH,1,1,0,0,1,1,,0,25,0,0,0,0,0,1,2,13
,2019-60865,39.701251,-104.987199,11/12/2019 8:32,8:32,3,0,1,LINCOLN STREET SOUTH & OHIO AVENUE EAST,1,1,0,0,1,1,,0,30,0,0,0,0,2,1,2,13
,2019-60866,39.701452,-104.987435,1/3/2019 16:14,16:14,12,0,0,I25 & BROADWAY SOUTH INTCH,1,1,1,0,1,4,,0,55,0,0,0,0,0,1,3,13
,2019-60867,39.701452,-104.987435,1/17/2019 8:27,8:27,15,0,0,I25 & BROADWAY SOUTH,1,1,1,0,1,4,,0,60,0,0,0,0,0,1,2,13
,2019-60869,39.701452,-104.987435,1/24/2019 7:50,7:50,15,0,0,I25 & BROADWAY STREET SOUTH,10,1,1,2,1,4,,0,55,0,0,0,0,0,1,2,3
,2019-60874,39.701452,-104.987435,2/7/2019 7:29,7:29,12,0,0,I25 & BROADWAY STREET SOUTH,10,1,1,0,1,4,,0,65,0,0,0,0,0,1,2,13
,2019-60875,39.701452,-104.987435,2/7/2019 7:29,7:29,12,0,0,I25 & BROADWAY STREET SOUTH,10,1,0,0,1,4,,0,55,0,0,0,0,0,1,2,3
,2019-60876,39.701452,-104.987435,2/20/2019 7:24,7:24,12,0,0,I25 & BROADWAY STREET SOUTH,1,1,0,0,1,4,,0,55,0,0,0,0,0,1,2,13
,2019-60877,39.701452,-104.987435,3/6/2019 15:53,15:53,12,0,0,I25 & BROADWAY STREET NORTH,2,1,1,0,1,4,,0,55,0,0,0,0,0,1,2,13
,2019-60892,39.701452,-104.987435,6/26/2019 17:10,17:10,12,0,0,I25 & BROADWAY STREET SOUTH,1,1,1,0,1,4,,0,60,0,0,0,0,0,1,2,13
,2019-60893,39.701452,-104.987435,7/19/2019 6:48,6:48,12,0,0,I25 & BROADWAY STREET SOUTH,1,1,0,0,1,4,,0,65,0,0,0,0,0,1,2,3
,2019-60894,39.701452,-104.987435,8/2/2019 15:28,15:28,12,0,1,I25 & BROADWAY STREET SOUTH,1,1,1,0,1,4,,0,60,0,0,0,0,1,1,2,3
,2019-60904,39.701452,-104.987435,8/5/2019 15:18,15:18,12,0,0,I25 & BROADWAY STREET SOUTH,1,1,0,0,1,4,,0,55,0,0,0,0,0,1,3,7
,2019-60905,39.701452,-104.987435,8/13/2019 8:45,8:45,12,0,0,I25 & BROADWAY STREET SOUTH,1,1,0,0,1,4,,0,55,0,0,0,0,0,1,2,13
,2019-60906,39.701452,-104.987435,8/20/2019 7:42,7:42,12,0,1,I25 & BROADWAY STREET SOUTH,1,1,0,0,1,4,,0,55,0,0,0,0,1,1,3,1
,2019-60907,39.701452,-104.987435,8/23/2019 17:40,17:40,12,0,1,I25 & BROADWAY STREET SOUTH,1,1,1,0,1,4,,0,60,0,0,0,0,1,1,2,12
,2019-60908,39.701452,-104.987435,9/23/2019 11:25,11:25,12,0,0,I25 & BROADWAY STREET SOUTH,1,1,0,0,1,4,,0,60,0,0,0,0,0,1,2,3
,2019-60909,39.701452,-104.987435,9/26/2019 15:18,15:18,12,0,0,I25 & BROADWAY STREET SOUTH,1,1,0,0,1,4,,0,55,0,0,0,0,0,1,2,13
,2019-60911,39.701452,-104.987435,10/7/2019 6:33,6:33,12,0,0,I25 & BROADWAY STREET SOUTH,1,1,1,0,1,4,,0,55,0,0,0,0,0,1,3,13
,2019-60912,39.701452,-104.987435,11/8/2019 10:54,10:54,12,0,0,I25 & BROADWAY STREET SOUTH,1,1,0,0,1,4,,0,65,0,0,0,0,0,1,2,3
,2019-60913,39.701452,-104.987435,6/13/2019 4:30,4:30,1,0,1,BROADWAY STREET SOUTH & I25 SOUTHBOUND ON RAMP,1,3,0,0,1,1,,0,40,0,0,0,0,2,1,3,13
,2019-60914,39.701665,-104.987686,6/30/2019 18:50,18:50,5,0,1,I25 & BROADWAY STREET SOUTH,1,1,0,0,1,4,,0,65,0,0,0,0,2,1,1,13
,2019-60915,39.702089,-104.988204,1/10/2019 14:58,14:58,15,0,0,I25 NORTHBOUND MERGE LANE & BROADWAY SOUTH,1,1,1,0,1,4,,0,55,0,0,0,0,0,1,2,13
,2019-60916,39.702186,-104.988345,5/23/2019 8:45,8:45,12,0,0,I25 & UNIVERSITY BOULEVARD SOUTH,1,1,0,0,1,4,,0,55,0,0,0,0,0,1,2,13
,2019-60917,39.703508,-104.991216,5/20/2019 5:49,5:49,15,0,1,I25 & SANTA FE DRIVE SOUTH,2,1,0,1,1,4,,0,60,0,0,0,0,1,1,2,13
,2019-60918,39.702477,-104.988768,2/28/2019 14:30,14:30,12,0,0,I25 & OHIO AVENUE EAST,1,1,0,0,1,4,,0,55,0,0,0,0,0,1,3,7
,2019-60919,39.702477,-104.988768,3/11/2019 15:54,15:54,15,0,0,I25 & BROADWAY STREET SOUTH,1,1,1,0,1,4,,0,55,0,0,0,0,0,1,2,3
,2019-60920,39.702477,-104.988768,10/8/2019 14:38,14:38,15,0,0,I25 & BROADWAY STREET SOUTH,1,1,0,0,1,4,,0,55,0,0,0,0,0,1,2,13
,2019-60947,39.70145,-104.9875,11/14/2019 17:54,17:54,12,0,0,I25 SOUTHBOUND EXIT GORE POINT TO & BROADWAY STREET SOUTH,1,3,1,0,1,4,,0,55,0,0,0,0,0,1,2,13
,2019-60948,39.703072,-104.989834,8/3/2019 11:45,11:45,15,0,0,I25 & SANTA FE DRIVE SOUTH,1,1,1,0,1,4,,0,60,0,0,0,0,0,1,3,14
,2019-60949,39.72491,-105.012638,4/26/2019 20:15,20:15,9,0,1,I25 NORTHBOUND ON RAMP & SIXTH AVENUE WEST,1,4,1,0,1,7,,0,40,0,0,0,0,2,1,1,14
,2019-60951,39.706603,-104.996514,2/2/2019 15:51,15:51,12,0,0,I25 & SANTA FE DRIVE SOUTH,1,1,0,0,1,4,,0,55,0,0,0,0,0,1,2,13
,2019-60952,39.707122,-104.996782,3/28/2019 13:55,13:55,12,0,0,I25 & SANTA FE DRIVE SOUTH,1,1,1,0,1,4,,0,55,0,0,0,0,0,1,2,13
,2019-60953,39.707122,-104.996782,4/1/2019 15:14,15:14,12,0,2,I25 & SANTA FE DRIVE SOUTH,1,1,1,0,1,4,,0,55,0,0,0,0,1,1,3,3
,2019-60954,39.707122,-104.996782,4/2/2019 8:38,8:38,12,0,0,I25 & SANTA FE DRIVE SOUTH,1,1,1,0,1,4,,0,65,0,0,0,0,0,1,2,1
,2019-60955,39.707122,-104.996782,4/5/2019 14:09,14:09,12,0,1,I25 & SANTA FE DRIVE SOUTH,1,1,1,0,1,4,,0,55,0,0,0,0,1,1,2,7
,2019-60956,39.707122,-104.996782,4/23/2019 16:00,16:00,12,0,0,I25 & SANTA FE DRIVE SOUTH,1,1,0,0,1,4,,0,55,0,0,0,0,0,1,2,3
,2019-60957,39.707122,-104.996782,6/3/2019 17:15,17:15,12,0,1,I25 & SANTA FE DRIVE SOUTH,1,1,1,0,1,4,,0,60,0,0,0,0,1,1,2,3
,2019-60958,39.707122,-104.996782,8/4/2019 14:48,14:48,15,0,0,I25 & SANTA FE DRIVE SOUTH,1,1,0,0,1,4,,0,60,0,0,0,0,0,1,2,7
,2019-61044,39.707122,-104.996782,9/27/2019 14:48,14:48,12,0,0,I25 & SANTA FE DRIVE SOUTH,1,1,1,0,1,4,,0,55,0,0,0,0,0,1,2,3
,2019-61045,39.707122,-104.996782,10/14/2019 8:26,8:26,15,0,0,I25 & SANTA FE DRIVE SOUTH,1,1,1,0,1,4,,0,50,0,0,0,0,0,1,2,13
,2019-61055,39.707122,-104.996782,10/30/2019 6:00,6:00,12,0,0,I25 & SANTA FE DRIVE SOUTH,5,4,1,2,1,4,,0,55,0,0,0,0,0,1,2,1
,2019-61056,39.707122,-104.996782,12/13/2019 12:09,12:09,12,0,0,I25 NORTHBOUND & SANTA FE DRIVE 500 BLOCK SOUTH,1,1,0,0,1,4,,0,35,0,0,0,0,0,1,3,8
,2019-61057,39.707122,-104.996782,12/13/2019 18:37,18:37,12,0,0,I25 & SANTA FE DRIVE SOUTH,1,4,0,0,1,4,,0,55,0,0,0,0,0,1,2,1
,2019-61058,39.707122,-104.996782,1/19/2019 11:00,11:00,12,0,0,I25 NORTHBOUND ON RAMP & SANTA FE DRIVE SOUTH,1,1,0,0,1,7,,0,45,0,0,0,0,0,1,2,3
,2019-61065,39.707122,-104.996782,4/4/2019 12:03,12:03,12,0,1,I25 NORTHBOUND & SANTA FE DRIVE SOUTH,1,1,0,0,1,7,,0,55,0,0,0,0,1,1,2,1
,2019-61066,39.707122,-104.996782,12/12/2019 12:35,12:35,15,0,0,I25 & SANTA FE FLYOVER,1,1,0,0,1,7,,0,,0,0,0,0,0,1,2,13
,2019-61067,39.709088,-104.997734,9/23/2019 10:57,10:57,12,0,0,I25 & SIXTH AVENUE WEST,1,1,1,0,1,4,,0,55,0,0,0,0,0,1,2,3
,2019-61068,39.707253,-104.996845,8/1/2019 14:02,14:02,12,0,0,I25 NORTHBOUND ON RAMP LOOP & SANTA FE DRIVE NORTH,1,1,1,0,1,7,,0,55,0,0,0,0,0,1,2,13
,2019-61074,39.707253,-104.996845,8/2/2019 16:12,16:12,15,0,0,I25 NORTHBOUND ON RAMP LOOP & SANTA FE DRIVE NORTH,1,1,1,0,1,7,,0,55,0,0,0,0,0,1,2,13
,2019-61075,39.707253,-104.996845,8/20/2019 7:40,7:40,12,0,0,I25 NORTHBOUND ON RAMP LOOP ENTRANCE GORE POINT FROM & HIGHWAY 85 NORTHBOUND,1,1,1,0,1,7,,0,45,0,0,0,0,0,1,2,13
,2019-61076,39.707908,-104.997162,9/17/2019 17:30,17:30,12,0,0,I25 & SANTA FE DRIVE SOUTH,1,1,1,0,1,4,,0,55,0,0,0,0,0,1,2,13
,2019-61078,39.709481,-104.997924,9/28/2019 18:06,18:06,12,0,0,I25 & HIGHWAY 26 / ALAMEDA AVENUE WEST,1,2,1,0,1,4,,0,50,0,0,0,0,0,1,3,12
,2019-61079,39.709874,-104.998115,5/22/2019 10:33,10:33,15,0,0,I25 & SANTA FE DRIVE SOUTH,1,1,0,0,1,4,,0,55,0,0,0,0,0,1,2,1
,2019-61080,39.710004,-104.998183,5/16/2019 7:00,7:00,12,0,0,I25 NORTHBOUND ENTRANCE GORE POINT & SANTA FE DRIVE SOUTH,1,1,1,0,1,4,,0,55,0,0,0,0,0,1,3,14
,2019-61112,39.73842,-104.9776695,9/21/2019 13:46,13:46,10,0,0,14TH AVENUE EAST & CLARKSON STREET NORTH,1,1,0,0,1,1,,0,30,0,0,0,0,0,4,2,8
,2019-61126,39.710004,-104.998183,11/6/2019 9:56,9:56,12,0,0,I25 NORTHBOUND ON RAMP ENTRANCE GORE POINT FROM & HIGHWAY 85 NORTHBOUND,1,1,0,0,1,7,,0,60,0,0,0,0,0,1,2,13
,2019-61141,39.710004,-104.998183,2/14/2019 9:15,9:15,15,0,0,I25 NORTHBOUND ON RAMP & SANTA FE AVENUE,1,1,0,0,1,7,,0,45,0,0,0,0,0,1,2,13
,2019-61155,39.710004,-104.998183,6/3/2019 9:16,9:16,15,0,0,I25 NORTHBOUND ON RAMP LOOP ENTRANCE GORE POINT & SANTA FE DRIVE SOUTH,1,1,0,0,1,7,,0,55,0,0,0,0,0,1,2,1
,2019-61168,39.710258,-104.998334,9/23/2019 11:17,11:17,12,0,0,I25 & ALAMEDA AVENUE WEST,1,1,0,0,1,4,,0,55,0,0,0,0,0,1,2,13
,2019-61169,39.711241,-104.998918,6/3/2019 13:01,13:01,15,0,0,I25 & ALAMEDA AVENUE WEST,1,2,1,0,1,4,,0,55,0,0,0,0,0,1,2,13
,2019-61170,39.711241,-104.998918,7/12/2019 16:29,16:29,12,0,0,I25 & ALAMEDA AVENUE WEST,1,1,0,0,1,4,,0,55,0,0,0,0,0,1,2,1
,2019-61171,39.711241,-104.998918,9/30/2019 15:30,15:30,15,0,0,I25 & HIGHWAY 26 / ALAMEDA AVENUE WEST,1,1,0,0,1,4,,0,55,0,0,0,0,0,1,2,3
,2019-61172,39.711241,-104.998918,10/5/2019 12:20,12:20,12,0,0,I25 & HIGHWAY 26 / ALAMEDA AVENUE WEST,1,1,0,0,1,4,,0,55,0,0,0,0,0,1,2,13
,2019-61240,39.711241,-104.998918,10/11/2019 13:21,13:21,15,0,0,I25 & ALAMEDA AVENUE WEST,1,1,0,0,1,4,,0,55,0,0,0,0,0,1,2,3
,2019-61301,39.711241,-104.998918,10/19/2019 17:50,17:50,15,0,0,I25 & ALAMEDA AVENUE WEST,1,1,0,0,1,4,,0,65,0,0,0,0,0,1,2,2
,2019-61302,39.713599,-105.000331,11/29/2019 2:35,2:35,5,0,1,I25 & ALAMEDA AVENUE WEST,5,3,0,0,3,4,,0,50,0,0,0,0,1,1,1,5
,2019-61303,39.711241,-104.998918,11/27/2019 15:20,15:20,12,0,1,I25 & ALAMEDA AVENUE WEST,2,1,1,0,1,4,,0,55,0,0,0,0,1,1,2,3
,2019-61314,39.711241,-104.998918,12/7/2019 17:35,17:35,15,0,0,I25 & ALAMEDA AVENUE EAST,1,3,0,0,1,4,,0,55,0,0,0,0,0,1,2,13
,2019-61342,39.711206,-104.999133,12/19/2019 16:24,16:24,12,0,0,I25 & ALAMEDA AVENUE WEST,1,2,0,0,1,4,,0,55,0,0,0,0,0,1,2,8
,2019-61343,39.711206,-104.998903,12/27/2019 17:48,17:48,12,0,0,I25 & ALAMEDA AVENUE WEST,1,3,1,0,1,4,,0,55,0,0,0,0,0,1,2,3
,2019-61344,39.711721,-104.999203,1/3/2019 10:14,10:14,12,0,0,I25 & ALAMEDA AVENUE WEST INTCH,1,1,0,0,1,4,,0,50,0,0,0,0,0,1,2,13
,2019-61345,39.711721,-104.999203,1/7/2019 15:41,15:41,12,0,2,I25 & ALAMEDA AVENUE WEST INTCH,1,1,0,0,1,4,,0,55,0,0,0,0,1,1,3,3
,2019-61346,39.711206,-104.999133,12/18/2019 15:28,15:28,12,0,0,I25 SOUTHBOUND OFF RAMP & ALAMEDA AVENUE WEST,1,1,0,0,1,7,,0,55,0,0,0,0,0,1,3,13
,2019-61347,39.711855,-104.999283,1/6/2019 2:18,2:18,15,0,0,I25 & ALAMEDA AVENUE WEST,1,4,1,0,1,4,,0,55,0,0,0,1,0,1,2,13
,2019-61348,39.711855,-104.999283,6/29/2019 21:40,21:40,15,0,0,I25 & ALAMEDA AVENUE WEST,1,3,0,0,1,4,,0,65,0,0,0,0,0,1,3,13
,2019-61349,39.714922,-105.001188,9/1/2019 7:14,7:14,15,0,0,I25 & ALAMEDA AVENUE WEST,1,1,0,0,1,4,,0,65,0,0,0,0,0,1,2,13
,2019-61350,39.712393,-104.999602,6/6/2019 16:39,16:39,15,0,0,I25 & ALAMEDA AVENUE WEST,1,1,0,0,1,4,,0,55,0,0,0,0,0,1,2,13
,2019-61351,39.713065,-105.000002,7/25/2019 16:51,16:51,12,0,0,I25 & ALAMEDA AVENUE WEST,1,1,0,0,1,4,,0,55,0,0,0,0,0,1,4,1
,2019-61352,39.713065,-105.000002,3/28/2019 10:00,10:00,15,0,0,CEDAR AVENUE WEST & KALAMATH STREET SOUTH,1,1,0,0,1,1,,0,25,0,0,0,0,0,1,2,1
,2019-61353,39.713065,-105.000002,4/10/2019 9:18,9:18,10,0,0,I25 NORTHBOUND ON RAMP & KALAMATH STREET SOUTH,1,1,0,0,1,1,,0,25,0,0,0,0,0,1,2,8
,2019-61354,39.713065,-105.000002,4/17/2019 12:45,12:45,15,0,0,KALAMATH STREET SOUTH & CEDAR AVENUE WEST,1,1,0,0,1,1,,0,35,0,0,0,0,0,1,2,13
,2019-61355,39.713599,-105.000331,5/18/2019 3:05,3:05,15,0,0,I25 & ALAMEDA AVENUE WEST,1,4,0,0,1,4,,0,60,0,0,0,0,0,1,2,13
,2019-61356,39.713599,-105.000331,7/28/2019 10:50,10:50,15,0,0,I25 & ALAMEDA AVENUE WEST,1,1,0,0,1,4,,0,65,0,0,0,1,0,1,2,13
,2019-61367,39.713599,-105.000331,9/20/2019 8:00,8:00,15,0,0,I25 & ALAMEDA AVENUE WEST,1,1,0,0,1,4,,0,55,0,0,0,0,0,1,2,13
,2019-61368,39.713733,-105.000413,8/1/2019 8:10,8:10,12,0,0,I25 & ALAMEDA AVENUE WEST,1,1,0,0,1,4,,0,55,0,0,0,0,0,1,2,13
,2019-61370,39.714922,-105.001188,1/9/2019 7:25,7:25,15,0,0,I25 & ALAMEDA AVENUE WEST,1,1,0,0,1,4,,0,60,0,0,0,0,0,1,2,13
,2019-61371,39.714922,-105.001188,1/14/2019 17:07,17:07,12,0,0,I25 & ALAMEDA AVENUE WEST,1,2,0,0,1,4,,0,65,0,0,0,0,0,1,2,13
,2019-61372,39.714922,-105.001188,1/19/2019 12:18,12:18,15,0,0,I25 & ALAMEDA AVENUE WEST,1,1,0,0,1,4,,0,55,0,0,0,0,0,1,2,13
,2019-61373,39.714922,-105.001188,2/8/2019 11:15,11:15,12,0,0,I25 & ALAMEDA AVENUE WEST,1,1,0,0,1,4,,0,65,0,0,0,0,0,1,2,13
,2019-61374,39.714922,-105.001188,3/12/2019 16:11,16:11,12,0,1,I25 & ALAMEDA AVENUE WEST,1,1,1,0,1,4,,0,55,0,0,0,0,1,1,2,13
,2019-61375,39.714922,-105.001188,9/9/2019 14:49,14:49,12,0,0,I25 & ALAMEDA AVENUE WEST,1,1,0,0,1,4,,0,55,0,0,0,0,0,1,2,13
,2019-61376,39.714922,-105.001188,11/8/2019 10:50,10:50,12,0,0,I25 & BAYAUD AVENUE WEST,1,1,0,0,1,4,,0,65,0,0,0,0,0,1,2,13
,2019-61377,39.714922,-105.001188,12/2/2019 18:15,18:15,12,0,0,I25 & ALAMEDA AVENUE WEST,6,4,0,1,1,4,,0,55,0,0,0,0,0,1,2,13
,2019-61378,39.711203,-104.998903,12/12/2019 14:05,14:05,12,0,0,I25 & ALAMEDA AVENUE WEST,1,1,0,0,1,4,,0,65,0,0,0,0,0,1,2,3
,2019-61379,39.715054,-105.001274,1/1/2019 19:22,19:22,5,0,1,I25 & ALAMEDA AVENUE WEST SOUTHBOUND EXIT GORE,6,3,0,0,2,4,,0,65,0,0,0,0,2,1,1,13
,2019-61380,39.715186,-105.00136,3/5/2019 5:40,5:40,12,0,0,I25 & BAYAUD AVENUE WEST,1,4,0,0,1,4,,0,55,0,0,0,0,0,1,2,13
,2019-61383,39.715318,-105.00145,3/2/2019 4:03,4:03,5,0,0,I25 & ALAMEDA AVENUE WEST,1,3,0,0,3,4,,0,55,0,0,0,0,0,1,1,5
,2019-61384,39.717716,-105.004259,9/15/2019 14:15,14:15,12,0,0,I25 & HIGHWAY 26 / ALAMEDA AVENUE WEST,1,1,0,0,1,4,,0,55,0,0,0,0,0,1,2,1
,2019-61385,39.725135,-105.012815,1/5/2019 1:30,1:30,5,0,1,SIXTH AVENUE WEST FLYOVER & I25 INTCH APPROXIMATELY,1,3,1,0,3,7,,0,55,0,0,0,0,1,1,1,1
,2019-61387,39.725247,-105.012893,2/25/2019 15:29,15:29,12,0,2,I25 NORTHBOUND OFF RAMP & SIXTH AVENUE WEST,1,1,0,0,1,7,,0,55,0,0,0,0,1,1,2,13
,2019-61388,39.725339,-105.012957,8/26/2019 20:56,20:56,5,0,1,I25 NORTHBOUND OFF RAMP & SIXTH AVENUE WEST,1,3,0,0,2,7,,0,45,0,0,0,0,2,1,1,13
,2019-61389,39.725339,-105.012957,12/19/2019 18:23,18:23,12,0,0,I25 SOUTHBOUND ON RAMP FROM & HIGHWAY 6 EASTBOUND,1,2,0,0,1,7,,0,55,0,0,0,0,0,1,2,13
,2019-61390,39.72543,-105.013021,4/13/2019 11:01,11:01,12,0,0,I25 & SIXTH AVENUE WEST,1,1,0,0,1,4,,0,65,0,0,0,0,0,1,2,3
,2019-61392,39.72543,-105.013021,7/15/2019 16:03,16:03,12,0,0,I25 & SIXTH AVENUE WEST,1,1,0,0,1,4,,0,55,0,0,0,0,0,1,2,2
,2019-61393,39.760898,-105.00442,6/24/2019 18:31,18:31,12,0,0,I25 NORTHBOUND OFF RAMP & 20TH STREET,1,1,1,0,1,7,,0,30,0,0,0,0,0,1,2,13
,2019-61394,39.726769,-105.013835,3/5/2019 7:08,7:08,12,0,0,I25 & SEVENTH AVENUE,1,1,0,0,1,4,,0,65,0,0,0,0,0,1,2,3
,2019-61395,39.74035,-105.013939,9/29/2019 14:27,14:27,5,0,1,I25 & COLFAX AVENUE WEST,1,1,0,0,2,4,,0,55,0,0,0,0,2,1,1,1
,2019-61396,39.742182,-105.014789,3/1/2019 5:07,5:07,15,0,0,I25 & 17TH AVENUE WEST,2,3,1,0,1,4,,0,65,0,0,0,0,0,1,2,13
,2019-61397,39.743813,-105.016448,1/29/2019 14:31,14:31,15,0,0,I25 & 17TH AVENUE WEST,2,1,0,0,1,4,,0,55,0,0,0,0,0,1,2,1
,2019-61398,39.749671,-105.01727,12/7/2019 19:05,19:05,12,0,3,I25 NORTHBOUND EXIT GORE POINT TO & 23RD AVENUE WEST,1,3,0,0,1,4,,0,,0,0,0,0,2,1,2,13
,2019-61399,39.764163,-105.001312,1/25/2019 6:00,6:00,15,0,0,I25 & 20TH STREET,1,1,0,0,1,4,,0,,0,0,0,0,0,1,2,13
,2019-61401,39.755141,-105.012706,8/20/2019 16:13,16:13,1,0,0,SPEER BOULEVARD NORTH & I25 SOUTHBOUND ON RAMP,1,1,0,0,1,1,,0,45,0,0,0,0,0,1,2,13
,2019-61402,39.757394,-105.009633,5/3/2019 8:34,8:34,12,0,1,I25 & 15TH STREET,1,1,0,0,1,4,,0,55,0,0,0,0,1,1,2,1
,2019-61404,39.763616,-105.001709,7/19/2019 6:42,6:42,12,0,1,I25 SOUTHBOUND EXIT GORE POINT & 20TH STREET,1,1,0,0,1,4,,0,55,0,0,0,0,1,1,2,2
,2019-61405,39.779391,-104.989165,2/23/2019 0:36,0:36,15,0,0,I25 & I70,4,3,0,2,1,4,,0,55,0,0,0,0,0,1,2,13
,2019-61435,39.783785,-105.052585,3/10/2019 0:24,0:24,15,0,0,I70 & SHERIDAN BOULEVARD NORTH,1,3,1,0,1,4,,0,55,0,0,0,0,0,1,2,14
,2019-61437,39.779895,-104.967089,8/6/2019 6:54,6:54,12,0,0,I70 & BRIGHTON BOULEVARD,1,1,0,0,1,4,,0,55,0,0,0,0,0,1,2,13
,2019-62194,39.711271,-105.051006,5/21/2019 16:35,16:35,12,0,1,WASHINGTON STREET SOUTH & ALAMEDA AVENUE EAST,1,1,0,0,1,1,,0,,0,0,0,0,1,2,2,13
,2019-62195,39.711094,-105.029896,5/14/2019 17:35,17:35,12,0,0,ALAMEDA AVENUE WEST & IRVING STREET SOUTH,1,1,1,0,1,1,,0,35,0,0,0,0,0,2,2,12
,2019-62196,39.711096,-105.028811,1/19/2019 15:23,15:23,12,0,1,ALAMEDA AVENUE & 3200 WEST,2,1,0,0,1,4,,0,,0,0,0,0,1,2,2,13
,2019-62197,39.711078,-105.024877,3/18/2019 20:08,20:08,12,0,0,ALAMEDA AVENUE WEST & FEDERAL BOULEVARD SOUTH,1,3,1,0,1,4,,0,35,0,0,0,0,0,2,2,13
,2019-62198,39.711086,-105.023753,8/1/2019 16:16,16:16,12,0,0,ALAMEDA AVENUE WEST & ELIOT STREET SOUTH,1,1,0,0,1,1,,0,40,0,0,0,0,0,2,2,1