id,drcog_id,latitude,longitude,crashtime,time,crashtype,numbkilled,numbinjurd,drcoglocat,rdconditin,lightngcon,roadcntgrd,weatherco,location,roaddescrp,schoolzone,constrzone,splimit,bikeinv,sctrinv,pedinv,motoinv,svrty,rdsystem,ttlvehcls,hcf
,2019-62199,39.711127,-105.015907,3/20/2019 8:18,8:18,12,0,0,ALAMEDA AVENUE WEST 2400 BLOCK & ZUNI STREET SOUTH,1,1,0,0,1,4,,0,30,0,0,0,0,0,2,2,13
,2019-62201,39.71118,-105.006348,12/18/2019 8:20,8:20,3,0,0,ALAMEDA AVENUE WEST & PECOS STREET SOUTH,1,1,0,0,1,1,,0,35,0,0,0,0,0,2,2,3
,2019-62202,39.7112,-104.999748,11/10/2019 9:00,9:00,3,0,1,ALAMEDA AVENUE WEST & I25 SOUTHBOUND OFF RAMP,1,1,0,0,1,1,,0,25,0,0,0,0,1,2,2,13
,2019-62203,39.711208,-104.998391,3/26/2019 17:20,17:20,12,0,1,ALAMEDA AVENUE WEST & KALAMATH STREET SOUTH,1,1,0,0,1,1,,0,35,0,0,0,0,1,2,2,3
,2019-62204,39.711208,-104.998391,4/8/2019 11:39,11:39,1,0,0,ALAMEDA AVENUE WEST & KALAMATH STREET SOUTH,1,1,0,0,1,1,,0,35,0,0,0,0,0,2,2,13
,2019-62205,39.711208,-104.998391,4/28/2019 16:50,16:50,1,0,0,KALAMATH STREET SOUTH & ALAMEDA AVENUE WEST,1,1,0,6,1,1,,0,35,0,0,0,0,0,2,2,13
,2019-62206,39.711208,-104.998391,5/7/2019 7:13,7:13,15,0,0,ALAMEDA AVENUE WEST & KALAMATH STREET SOUTH,1,1,0,0,1,1,,0,30,0,0,0,0,0,2,2,1
,2019-62207,39.711208,-104.998391,7/9/2019 12:21,12:21,1,0,0,ALAMEDA AVENUE WEST & KALAMATH STREET SOUTH,1,1,0,0,1,1,,0,35,0,0,0,0,0,2,2,13
,2019-62208,39.711208,-104.998391,7/27/2019 23:55,23:55,10,0,1,ALAMEDA AVENUE EAST & KALAMATH STREET SOUTH,1,3,0,0,1,1,,0,35,0,0,0,1,1,2,2,13
,2019-62209,39.711208,-104.998391,9/26/2019 6:00,6:00,15,0,0,ALAMEDA AVENUE EAST & KALAMATH STREET SOUTH,1,4,0,0,1,1,,0,35,0,0,0,0,0,2,2,7
,2019-62210,39.653091,-104.916814,11/1/2019 8:02,8:02,12,0,0,HIGHWAY 30 / HAMPDEN AVENUE EAST & I25 NORTHBOUND ON RAMP SLIP,1,1,0,0,1,3,,0,35,0,0,0,0,0,2,2,13
,2019-62211,39.653089,-104.915614,12/25/2019 12:44,12:44,1,0,0,HAMPDEN AVENUE 6300 BLOCK EAST & LOCUST STREET SOUTH,1,1,0,0,1,3,,0,,0,0,0,0,0,2,2,13
,2019-62212,39.653094,-104.912878,6/21/2019 21:16,21:16,12,0,0,MONACO STREET SOUTH & HAMPDEN AVENUE EAST,2,3,0,1,1,3,,0,30,0,0,0,0,0,2,2,13
,2019-62213,39.653094,-104.912878,2/20/2019 12:45,12:45,3,0,0,HAMPDEN AVENUE EAST & MONACO STREET SOUTH,1,1,0,0,1,1,,0,35,0,0,0,0,0,2,2,13
,2019-62214,39.653094,-104.912878,3/3/2019 11:17,11:17,3,0,0,HAMPDEN AVENUE EAST & MONACO STREET SOUTH,2,1,0,2,1,1,,0,40,0,0,0,0,0,2,2,13
,2019-62215,39.653094,-104.912878,11/27/2019 9:10,9:10,12,0,0,HAMPDEN AVENUE EAST & MONACO STREET SOUTH,5,1,0,0,1,1,,0,35,0,0,0,0,0,2,2,13
,2019-62217,39.653094,-104.912878,9/20/2019 7:35,7:35,12,0,0,HAMPDEN AVENUE EAST & MONACO STREET SOUTH,1,1,0,0,1,1,,0,40,0,0,0,0,0,2,2,13
,2019-62218,39.653118,-104.904632,7/21/2019 19:38,19:38,1,0,0,HAMPDEN AVENUE EAST & POPLAR STREET SOUTH,1,2,1,0,1,1,,0,40,0,0,0,0,0,2,2,13
,2019-62219,39.653096,-104.90154,2/4/2019 10:10,10:10,1,0,2,HAMPDEN AVENUE 7500 EAST & POPLAR STREET SOUTH,1,1,1,0,1,1,,0,40,0,0,0,0,1,2,3,13
,2019-62220,39.653092,-104.900827,11/30/2019 0:25,0:25,3,0,1,HAMPDEN AVENUE 7500 EAST & ROSLYN STREET,5,3,1,6,1,1,,0,45,0,0,0,0,2,2,2,7
,2019-62221,39.65309,-104.90059,10/18/2019 12:24,12:24,1,0,0,HAMPDEN AVENUE EAST & TAMARAC STREET SOUTH,2,1,1,1,1,2,,0,40,0,0,0,0,0,2,2,13
,2019-62222,39.653087,-104.900114,6/15/2019 21:54,21:54,12,0,0,HAMPDEN AVENUE EAST & 7500 EAST,1,3,0,0,1,1,,0,45,0,0,0,0,0,2,2,13
,2019-62223,39.653084,-104.899639,4/18/2019 6:54,6:54,1,0,0,HAMPDEN AVENUE 7700 BLOCK EAST & TAMARAC DRIVE SOUTH,1,1,0,0,1,2,,0,45,0,0,0,0,0,2,2,13
,2019-62224,39.653077,-104.898688,3/16/2019 16:35,16:35,3,0,0,TAMARAC DRIVE SOUTH & HAMPDEN AVENUE EAST,1,1,0,0,1,1,,0,25,0,0,0,0,0,2,2,1
,2019-62225,39.653077,-104.898688,4/16/2019 14:10,14:10,12,0,0,HAMPDEN AVENUE 7900 BLOCK EAST & TAMARAC DRIVE SOUTH,1,1,1,0,1,4,,0,40,0,0,0,0,0,2,2,13
,2019-62237,39.653077,-104.898688,4/17/2019 15:00,15:00,12,0,0,HAMPDEN AVENUE EAST & TAMARAC DRIVE SOUTH,1,1,0,0,1,1,,0,35,0,0,0,0,0,2,2,12
,2019-62239,39.653077,-104.898688,12/2/2019 15:26,15:26,12,0,0,HAMPDEN AVENUE 7800 BLOCK EAST & TAMARAC DRIVE SOUTH,2,1,1,0,1,4,,0,35,0,0,0,0,0,2,2,13
,2019-62240,39.653077,-104.898688,12/13/2019 8:59,8:59,1,0,0,HAMPDEN AVENUE EAST & TAMARAC DRIVE SOUTH,1,1,1,0,1,1,,0,40,0,0,0,0,0,2,2,13
,2019-62241,39.653111,-104.898761,12/20/2019 15:00,15:00,12,0,0,HAMPDEN AVENUE EAST & TAMARAC DRIVE SOUTH,1,1,1,0,1,1,,0,45,0,0,0,0,0,2,2,13
,2019-62243,39.653025,-104.881113,6/5/2019 8:57,8:57,12,0,0,HAMPDEN AVENUE EAST & AKRON STREET SOUTH,1,1,0,0,1,3,,0,35,0,0,0,0,0,2,2,3
,2019-62244,39.653028,-104.872409,1/29/2019 8:30,8:30,12,0,0,HAVANA STREET NORTH & FLORENCE STREET NORTH,1,1,0,2,1,4,,0,,0,0,0,0,0,2,2,13
,2019-62451,39.779506,-104.903351,9/20/2019 17:41,17:41,12,0,0,HIGHWAY 35 / QUEBEC STREET NORTH & I70 WB RAMPS,1,1,0,0,1,3,,0,35,0,0,0,1,0,2,2,13
,2019-62452,39.787102,-104.901473,11/30/2019 10:15,10:15,12,0,1,QUEBEC STREET & 49TH AVENUE EAST / 5000 BLOCK NORTH,2,1,0,0,1,4,,0,,0,0,0,0,1,2,2,13
,2019-62499,39.697374,-104.900334,5/23/2019 8:53,8:53,1,0,0,PARKER ROAD SOUTH & 1060 SOUTH PARKER ROAD,1,1,0,0,1,2,,0,35,0,0,0,0,0,2,2,13
,2019-62536,39.740342,-105.036101,11/23/2019 16:30,16:30,12,0,0,COLFAX AVENUE WEST & MEADE STREET NORTH,1,1,0,0,1,4,,0,35,0,0,0,0,0,2,2,13
,2019-62537,39.740082,-105.005223,7/9/2019 20:21,20:21,12,0,0,SEVENTH STREET & COLFAX AVENUE WEST,1,3,0,0,1,1,,0,30,0,0,0,0,0,2,2,3
,2019-62539,39.739999,-104.990376,9/30/2019 19:54,19:54,5,0,0,COLFAX AVENUE WEST & BANNOCK STREET NORTH / 14TH STREET,1,3,0,0,3,1,,0,30,0,0,0,0,0,2,1,5
,2019-62540,39.740002,-104.987333,4/19/2019 11:29,11:29,12,0,1,COLFAX AVENUE EAST & BROADWAY STREET NORTH,1,1,0,0,1,1,,0,35,0,0,0,0,1,2,2,13
,2019-62541,39.740008,-104.97989,10/15/2019 13:20,13:20,3,0,0,COLFAX AVENUE EAST & PEARL STREET NORTH,1,1,0,0,1,1,,0,30,0,0,0,0,0,2,2,13
,2019-62542,39.740162,-104.954771,9/21/2019 16:50,16:50,6,0,0,COLFAX AVENUE EAST & CLAYTON STREET NORTH,1,1,0,0,1,4,,0,30,0,0,0,0,0,2,2,13
,2019-62543,39.73998,-104.962294,9/11/2019 11:05,11:05,3,0,1,COLFAX AVENUE EAST & VINE STREET NORTH,1,1,0,0,1,1,,0,25,0,0,0,0,1,2,2,14
,2019-62544,39.73998,-104.962294,11/11/2019 17:45,17:45,6,0,0,COLFAX AVENUE EAST & VINE STREET NORTH,4,3,0,0,1,4,,0,,0,0,0,0,0,2,2,13
,2019-62545,39.740163,-104.955048,6/10/2019 11:56,11:56,5,0,0,COLFAX AVENUE EAST & CLAYTON STREET NORTH,1,1,0,0,3,1,,0,30,0,0,0,0,0,2,2,1
,2019-62546,39.740156,-104.952408,12/9/2019 7:25,7:25,3,0,0,COLFAX AVENUE EAST & MILWAUKEE STREET NORTH,1,1,0,0,1,1,,0,25,0,0,0,0,0,2,2,7
,2019-62547,39.740147,-104.949392,6/24/2019 14:45,14:45,12,0,0,COLFAX AVENUE EAST & STEELE STREET NORTH,1,1,0,0,1,1,,0,30,0,0,0,0,0,2,2,13
,2019-62548,39.74014,-104.94675,2/22/2019 9:45,9:45,15,0,0,MADISON STREET NORTH & COLFAX AVENUE EAST,1,1,0,0,1,4,,0,30,0,0,0,0,0,2,2,7
,2019-62549,39.74013,-104.943379,1/1/2019 1:48,1:48,12,0,0,COLFAX AVENUE EAST & GARFIELD STREET NORTH,5,3,0,2,1,4,,0,30,0,0,0,0,0,2,2,14
,2019-62550,39.740072,-104.94077,10/2/2019 15:05,15:05,12,0,0,COLFAX AVENUE EAST & COLORADO BOULEVARD NORTH,1,1,0,0,1,3,,0,30,0,0,0,0,0,2,2,1
,2019-62551,39.740058,-104.935503,12/11/2019 8:10,8:10,12,0,0,COLFAX AVENUE EAST & CLERMONT STREET NORTH,1,1,0,0,1,3,,0,30,0,0,0,0,0,2,2,13
,2019-62552,39.696932,-104.991801,7/10/2019 5:45,5:45,4,0,0,SANTA FE DRIVE SOUTH & MISSISSIPPI AVENUE WEST,1,2,0,0,1,4,,0,45,0,0,0,0,0,2,1,13
,2019-62553,39.740079,-104.903501,7/16/2019 14:08,14:08,12,0,0,QUEBEC STREET NORTH & COLFAX AVENUE,1,1,0,0,1,1,,0,30,0,0,0,0,0,2,2,5
,2019-62554,39.74008,-104.897512,2/19/2019 14:10,14:10,3,0,0,COLFAX AVENUE EAST & SPRUCE STREET NORTH,1,1,0,0,1,1,,0,25,0,0,0,0,0,2,2,1
,2019-62768,39.696696,-104.991872,6/24/2019 0:09,0:09,3,0,0,SANTA FE DRIVE SOUTH & MISSISSIPPI AVENUE WEST,1,3,0,0,1,1,,0,30,0,0,0,0,0,2,2,13
,2019-62770,39.696696,-104.991872,11/16/2019 18:35,18:35,12,0,0,MISSISSIPPI AVENUE WEST & SANTA FE DRIVE SOUTH,1,3,0,0,1,4,,0,30,0,0,0,0,0,2,2,14
,2019-62771,39.696661,-104.991875,12/30/2019 13:33,13:33,12,0,0,SANTA FE DRIVE SOUTH & MISSISSIPPI AVENUE WEST,1,1,0,0,1,3,,0,35,0,0,0,0,0,2,2,13
,2019-62877,39.724541,-105.025215,1/1/2019 8:51,8:51,5,0,0,FEDERAL BOULEVARD NORTH & FIFTH AVENUE WEST,2,1,0,2,2,3,,0,35,0,0,0,0,0,2,1,13
,2019-62880,39.711589,-105.025185,10/20/2019 19:28,19:28,12,0,1,FEDERAL BOULEVARD SOUTH & ALAMEDA AVENUE WEST,1,3,0,0,1,3,,0,35,0,0,0,0,2,2,2,9
,2019-62881,39.696764,-105.025061,11/10/2019 18:36,18:36,3,0,1,FEDERAL BOULEVARD SOUTH & MISSISSIPPI AVENUE WEST,1,3,0,0,1,1,,0,,0,0,0,0,2,2,2,5
,2019-62882,39.696764,-105.025061,12/13/2019 17:54,17:54,1,0,1,FEDERAL BOULEVARD SOUTH & MISSISSIPPI AVENUE WEST,1,3,0,0,1,1,,0,40,0,0,0,0,1,2,2,13
,2019-62892,39.711401,-105.05326,11/12/2019 20:32,20:32,3,0,0,SHERIDAN BOULEVARD SOUTH & ALAMEDA AVENUE WEST,1,3,0,0,1,1,,0,,0,0,0,0,0,2,2,13
,2019-62959,39.733137,-105.053226,7/30/2019 12:47,12:47,3,0,0,SHERIDAN BOULEVARD NORTH & 10TH AVENUE WEST,1,1,1,0,1,1,,0,35,0,0,0,0,0,2,2,13
,2019-62960,39.657879,-105.053224,7/8/2019 0:00,0:00,3,0,0,SHERIDAN BOULEVARD SOUTH & COLUMBIA PLACE WEST,1,3,0,0,1,1,,0,35,0,0,0,0,0,2,2,13
,2019-62998,39.784627,-105.046949,3/19/2019 8:13,8:13,5,0,1,I70 WB & SHERIDAN BOULEVARD NORTH,1,1,1,0,3,4,,0,65,0,0,0,0,1,1,1,14
,2019-62999,39.783673,-105.052869,10/10/2019 6:33,6:33,5,0,0,I70 & SHERIDAN BOULEVARD NORTH,5,3,1,2,2,4,,0,55,0,0,0,0,0,1,1,13
,2019-63005,39.783655,-105.020445,4/22/2019 22:02,22:02,15,0,0,I70 & FEDERAL BOULEVARD NORTH,1,3,1,0,1,4,,0,55,0,0,0,0,0,1,2,13
,2019-63009,39.783559,-105.05321,4/9/2019 18:10,18:10,15,0,1,I70 & SHERIDAN BOULEVARD NORTH,1,1,0,0,1,4,,0,55,0,0,0,0,1,1,2,1
,2019-63010,39.784813,-105.050301,8/4/2019 2:41,2:41,5,0,0,I70 & SHERIDAN BOULEVARD NORTH,1,3,1,0,2,4,,0,55,0,0,0,0,0,1,1,13
,2019-63011,39.783567,-105.01552,1/29/2019 14:00,14:00,12,0,1,I70 & PECOS STREET NORTH,2,1,1,0,1,4,,0,55,0,0,0,0,1,1,2,13
,2019-63012,39.783138,-105.006328,9/8/2019 17:00,17:00,5,0,0,PECOS STREET NORTH & I70 WB RAMPS / 48TH AVENUE WEST,2,1,0,1,3,6,,0,30,0,0,0,0,0,1,1,13
,2019-63013,39.782676,-104.99935,9/23/2019 9:12,9:12,12,0,0,I70 & JASON STREET NORTH,1,1,1,0,1,4,,0,55,0,0,0,0,0,1,2,3
,2019-63014,39.780052,-104.989434,5/13/2019 7:35,7:35,12,0,0,I70 WB OFF RAMP LOOP TO & I25 SOUTHBOUND,1,1,1,0,1,7,,0,55,0,0,0,0,0,1,2,13
,2019-63015,39.780031,-104.93177,8/22/2019 14:18,14:18,12,0,0,I70 & DAHLIA STREET NORTH,1,1,0,0,1,4,,0,55,0,0,0,0,0,1,2,13
,2019-63016,39.779945,-104.940799,7/4/2019 2:24,2:24,12,0,1,I70 & COLORADO BOULEVARD NORTH,1,3,1,0,1,4,,0,60,0,0,0,0,2,1,2,13
,2019-63017,39.779956,-104.939439,5/29/2019 10:25,10:25,12,0,0,I70 & COLORADO BOULEVARD NORTH,1,1,0,0,1,4,,0,,0,0,0,0,0,1,2,13
,2019-63018,39.778341,-104.922379,4/18/2019 9:01,9:01,12,0,1,I70 & HOLLY STREET NORTH,1,1,0,0,1,4,,0,55,0,0,0,0,1,1,2,13
,2019-63019,39.7783,-104.90346,5/17/2019 9:23,9:23,12,0,2,I70 & QUEBEC STREET,1,1,0,0,1,4,,0,55,0,0,0,0,1,1,4,12
,2019-63020,39.7783,-104.902316,4/15/2019 8:58,8:58,12,0,0,I70 & QUEBEC STREET NORTH,1,1,0,0,1,4,,0,55,0,0,0,0,0,1,2,13
,2019-63021,39.778299,-104.900406,6/6/2019 14:34,14:34,15,0,0,I70 EASTBOUND ON RAMP MERGE POINT FROM & NORTHFIELD QUEBEC STREET NORTH,1,1,1,0,1,7,,0,45,0,0,0,0,0,1,3,13
,2019-63022,39.778271,-104.89681,6/5/2019 17:35,17:35,12,0,0,I70 & I270,1,1,3,0,1,4,,0,65,0,0,0,0,0,1,2,12
,2019-63023,39.777,-104.881436,7/2/2019 16:08,16:08,12,0,0,I70 & CENTRAL PARK BOULEVARD NORTH,1,1,0,0,1,4,,0,55,0,0,0,0,0,1,2,13
,2019-63024,39.777095,-104.882471,6/28/2019 16:56,16:56,12,0,0,I70 & CENTRAL PARK BOULEVARD NORTH,1,1,1,0,1,4,,0,55,0,0,0,0,0,1,2,13
,2019-63025,39.777079,-104.882298,9/17/2019 6:06,6:06,15,0,0,I70 & CENTRAL PARK BOULEVARD NORTH,1,3,0,0,1,4,,0,65,0,0,0,0,0,1,2,14
,2019-63026,39.777,-104.881436,9/18/2019 7:27,7:27,12,0,0,I70 & CENTRAL PARK BOULEVARD NORTH,1,1,0,0,1,4,,0,55,0,0,0,0,0,1,3,1
,2019-63027,39.776953,-104.880919,4/19/2019 13:52,13:52,15,0,0,I70 & CENTRAL PARK BOULEVARD NORTH,1,1,0,1,1,4,,0,55,0,0,0,0,0,1,2,5
,2019-63028,39.776213,-104.872594,1/26/2019 19:22,19:22,15,0,0,I70 & CENTRAL PARK BOULEVARD NORTH,1,3,1,0,1,4,,0,55,0,0,0,0,0,1,2,8
,2019-63029,39.776198,-104.87242,1/8/2019 9:14,9:14,12,0,0,I70 & HAVANA STREET NORTH,1,1,1,0,1,4,,0,55,0,0,0,0,0,1,2,2
,2019-63030,39.776002,-104.870154,7/6/2019 14:49,14:49,12,0,0,I70 & HAVANA STREET NORTH,1,1,0,0,1,4,,0,65,0,0,0,0,0,1,2,13
,2019-63031,39.775911,-104.869108,9/25/2019 6:30,6:30,12,0,2,I70 & HAVANA STREET NORTH,1,1,0,0,1,4,,1,55,0,0,0,0,2,1,3,14
,2019-63032,39.775911,-104.869108,12/13/2019 6:23,6:23,12,0,0,I70 & HAVANA STREET NORTH,1,4,0,0,1,4,,1,65,0,0,0,0,0,1,2,1
,2019-63033,39.775262,-104.861594,7/28/2019 16:40,16:40,5,0,0,I70 WB EXIT GORE POINT & HAVANA STREET NORTH,1,1,0,0,3,4,,0,55,0,0,0,0,0,1,1,14
,2019-63034,39.775572,-104.865191,8/14/2019 19:20,19:20,12,0,0,I70 & HAVANA STREET NORTH,1,2,0,0,1,4,,0,55,0,0,0,0,0,1,2,13
,2019-63036,39.775572,-104.865191,9/4/2019 17:35,17:35,12,0,0,I70 & HAVANA STREET NORTH,1,1,1,0,1,4,,0,55,0,0,0,0,0,1,3,3
,2019-63037,39.774397,-104.851574,8/18/2019 13:50,13:50,15,0,0,I70 EASTBOUND EXIT GORE POINT & PEORIA STREET NORTH,1,1,0,0,1,4,,1,55,0,0,0,0,0,1,2,13
,2019-63038,39.774037,-104.847397,3/9/2019 13:28,13:28,15,0,0,I70 & PEORIA STREET NORTH,1,1,0,0,1,4,,0,55,0,0,0,0,0,1,2,1
,2019-63039,39.774021,-104.847216,4/2/2019 6:57,6:57,12,0,0,I70 EASTBOUND OFF RAMP & PEORIA STREET NORTH,1,1,0,0,1,7,,0,55,0,0,0,0,0,1,2,13
,2019-63040,39.774021,-104.847216,5/15/2019 8:53,8:53,12,0,0,I70 EASTBOUND OFF RAMP SLIP & PEORIA STREET NORTH,1,1,0,0,1,7,,0,55,0,0,0,0,0,1,2,13
,2019-63041,39.774021,-104.847216,5/24/2019 7:15,7:15,12,0,0,I70 EASTBOUND OFF RAMP SLIP & PEORIA STREET NORTH,1,1,0,0,1,7,,0,35,0,0,0,0,0,1,2,13
,2019-63043,39.773989,-104.846848,7/13/2019 12:38,12:38,12,0,0,I70 WB OFF RAMP & PEORIA STREET NORTH,1,1,1,0,1,7,,0,45,0,0,0,0,0,1,2,13
,2019-63044,39.773941,-104.846287,9/5/2019 16:40,16:40,15,0,1,I70 & PEORIA STREET NORTH,1,1,0,1,1,4,,0,55,0,0,0,0,1,1,2,7
,2019-63045,39.773392,-104.839897,4/18/2019 8:18,8:18,12,0,0,I70 & PEORIA STREET NORTH,1,1,0,0,1,4,,0,55,0,0,0,0,0,1,2,13
,2019-6305,39.74046192,-105.0531885,1/6/2019 20:28,20:28,11,0,1,SHERIDAN 1500 BLOCK NORTH & COLFAX AVENUE WEST,1,3,0,0,1,4,,0,35,0,0,1,0,2,2,2,13
,2019-63063,39.754323,-105.0065595,4/6/2019 22:43,22:43,12,0,0,15TH STREET & LITTLE RAVEN STREET,1,3,0,0,1,1,,0,30,0,0,0,0,0,4,2,13
,2019-6328,39.7183868,-104.9037012,8/26/2019 15:50,15:50,8,0,3,QUEBEC STREET 050 BLOCK NORTH & FIRST AVENUE EAST,1,1,0,0,1,3,,0,35,0,0,0,0,3,4,4,15
,2019-63329,39.671019,-104.866144,4/29/2019 16:53,16:53,12,0,0,PARKER ROAD SOUTH & HAVANA STREET SOUTH,1,1,0,0,1,3,,0,35,0,0,0,0,0,2,2,1
,2019-63330,39.674747,-104.870792,9/15/2019 8:34,8:34,12,0,1,HIGHWAY 83 / PARKER ROAD SOUTH & ILIFF AVENUE EAST,1,1,0,0,1,1,,0,45,0,0,0,0,2,2,2,3
,2019-63331,39.698614,-104.903604,1/25/2019 18:20,18:20,12,0,0,LEETSDALE DRIVE & QUEBEC STREET SOUTH,1,3,0,0,1,1,,0,35,0,0,0,0,0,2,4,12
,2019-63332,39.698614,-104.903604,2/11/2019 17:30,17:30,12,0,0,LEETSDALE DRIVE & QUEBEC STREET SOUTH,1,3,0,0,1,3,,0,30,0,0,0,0,0,2,2,13
,2019-63333,39.698614,-104.903604,2/24/2019 13:40,13:40,12,0,0,LEETSDALE DRIVE & QUEBEC STREET SOUTH,1,1,0,0,1,1,,0,,0,0,0,0,0,2,2,13
,2019-63334,39.698614,-104.903604,3/19/2019 16:40,16:40,1,0,0,LEETSDALE DRIVE & QUEBEC STREET SOUTH,1,1,0,0,1,1,,0,30,0,0,0,0,0,2,2,8
,2019-63471,39.698614,-104.903604,8/13/2019 20:45,20:45,12,0,1,HIGHWAY 83 & QUEBEC STREET,1,4,0,0,1,1,,0,35,0,0,0,0,1,2,2,5
,2019-63472,39.698614,-104.903604,8/24/2019 11:17,11:17,15,0,0,QUEBEC STREET SOUTH & LEETSDALE DRIVE,1,1,0,0,1,1,,0,35,0,0,0,0,0,2,2,1
,2019-63482,39.699568,-104.906206,10/1/2019 7:30,7:30,12,0,0,LEETSDALE DRIVE & ONEIDA STREET SOUTH,1,1,0,0,1,3,,0,35,0,0,0,0,0,2,2,13
,2019-63483,39.699892,-104.907117,7/14/2019 12:19,12:19,12,0,2,LEETSDALE DRIVE EAST 7200 BLOCK & ONEIDA STREET SOUTH,1,1,1,0,1,4,,0,40,0,0,0,1,1,2,2,13
,2019-63484,39.699892,-104.907117,10/10/2019 16:03,16:03,12,0,0,LEETSDALE DRIVE & ONEIDA STREET SOUTH,2,1,0,0,1,3,,0,35,0,0,0,0,0,2,2,13
,2019-63485,39.699956,-104.9073,2/8/2019 19:24,19:24,12,0,1,LEETSDALE DRIVE & 7000 BLOCK,1,3,0,0,1,4,,0,30,0,0,0,0,1,2,2,13
,2019-63486,39.700019,-104.907483,11/18/2019 7:32,7:32,15,0,0,LEETSDALE DRIVE & ONEIDA STREET SOUTH / 7200 BLOCK,1,1,0,0,1,4,,0,35,0,0,0,0,0,2,2,13
,2019-63490,39.700211,-104.908031,10/1/2019 7:30,7:30,12,0,0,LEETSDALE DRIVE & ONEIDA STREET SOUTH,1,1,0,0,1,3,,0,35,0,0,0,0,0,2,2,1
,2019-63491,39.700274,-104.908215,11/30/2019 13:19,13:19,12,0,0,LEETSDALE DRIVE & ONEIDA STREET SOUTH,2,1,0,0,1,1,,0,30,0,0,0,0,0,2,2,14
,2019-63492,39.700335,-104.908402,3/15/2019 8:57,8:57,12,0,0,LEETSDALE DRIVE & ONEIDA STREET SOUTH,1,1,0,0,1,3,,0,35,0,0,0,0,0,2,2,13
,2019-63493,39.700395,-104.908588,3/3/2019 17:06,17:06,15,0,2,LEETSDALE DRIVE 6900 BLOCK EAST & ONEIDA STREET SOUTH,4,1,1,2,1,4,,0,30,0,0,0,0,1,2,2,13
,2019-63494,39.708138,-104.926875,11/18/2019 8:54,8:54,12,0,0,LEETSDALE DRIVE & HOLLY STREET SOUTH,1,1,0,0,1,3,,0,35,0,0,0,0,0,2,2,13
,2019-63495,39.700434,-104.908776,9/6/2019 16:28,16:28,9,0,0,HIGHWAY 83 / LEETSDALE DRIVE & 6875 LEETSDALE DRIVE,1,1,1,0,1,4,,0,35,0,0,0,0,0,2,3,13
,2019-63496,39.7007,-104.909521,1/28/2019 16:56,16:56,5,0,0,LEETSDALE DRIVE & 6800 BLOCK,5,2,0,0,3,4,,0,30,0,0,0,0,0,2,1,3
,2019-63499,39.738438,-104.992929,6/20/2019 10:44,10:44,6,0,0,14TH AVENUE WEST & DELAWARE STREET NORTH,1,1,0,0,1,4,,0,25,0,0,0,0,0,4,2,14
,2019-63500,39.701074,-104.910408,5/2/2019 7:56,7:56,3,0,0,LEETSDALE DRIVE & NIAGRA STREET SOUTH,1,1,0,0,1,1,,0,25,0,0,0,0,0,2,2,13
,2019-63502,39.702406,-104.912317,12/12/2019 12:49,12:49,15,0,0,LEETSDALE 6600 BL & NIAGARA STREET SOUTH,1,1,0,0,1,4,,0,45,0,0,0,0,0,2,2,1
,2019-63503,39.701258,-104.910697,5/11/2019 19:30,19:30,15,0,0,LEETSDALE DRIVE & NIAGARA STREET SOUTH,1,3,0,0,1,4,,0,35,0,0,0,0,0,2,2,9
,2019-63504,39.702079,-104.911706,4/27/2019 13:40,13:40,3,0,0,LEETSDALE DRIVE & 6600 BLOCK,1,1,0,0,1,2,,0,35,0,0,0,0,0,2,2,13
,2019-63505,39.702894,-104.912828,12/19/2019 13:30,13:30,3,0,0,LEETSDALE DRIVE 6600 BLOCK & MONACO STREET SOUTH,1,1,0,0,1,2,,0,35,0,0,0,0,0,2,2,13
,2019-63506,39.703992,-104.91484,8/21/2019 10:29,10:29,12,0,2,LEETSDALE DRIVE & EXPOSITION AVENUE EAST,1,1,1,0,1,3,,0,35,0,0,0,0,1,2,2,5
,2019-63507,39.707347,-104.922286,2/4/2019 8:08,8:08,3,0,0,LEETSDALE DRIVE & HOLLY STREET SOUTH,1,1,0,0,1,1,,0,30,0,0,0,0,0,2,3,13
,2019-63509,39.711333,-104.936564,10/25/2019 7:21,7:21,12,0,1,LEETSDALE DRIVE & ALAMEDA AVENUE EAST,1,1,0,0,1,1,,0,,0,0,0,0,1,2,2,13
,2019-63526,39.689259,-104.992024,1/2/2019 13:33,13:33,12,0,0,SANTA FE DRIVE SOUTH & FLORIDA AVENUE WEST,9,1,0,0,1,4,,0,40,0,0,0,0,0,2,3,13
,2019-63538,39.689371,-104.992053,12/4/2019 9:00,9:00,3,0,0,SANTA FE DRIVE SOUTH & FLORIDA AVENUE WEST,5,3,0,0,1,3,,0,35,0,0,0,0,0,2,2,13
,2019-63601,39.74496839,-104.9941908,2/27/2019 17:30,17:30,6,0,0,STOUT STREET 1500 BLOCK & 15TH STREET,1,3,0,0,1,4,,0,,0,0,0,0,0,4,2,13
,2019-63608,39.689542,-104.992096,4/18/2019 13:34,13:34,12,0,0,SANTA FE DRIVE 1400 BLOCK SOUTH & FLORIDA AVENUE WEST,1,1,0,0,1,4,,0,45,0,0,0,0,0,2,3,1
,2019-63609,39.689542,-104.992096,6/3/2019 8:48,8:48,12,0,0,SANTA FE DRIVE SOUTH & FLORIDA AVENUE WEST,1,1,0,0,1,3,,0,45,0,0,0,0,0,2,2,1
,2019-63610,39.689542,-104.992096,6/4/2019 7:21,7:21,12,0,0,SANTA FE DRIVE SOUTH & FLORIDA AVENUE WEST,1,1,0,0,1,3,,0,45,0,0,0,0,0,2,2,13