id,drcog_id,latitude,longitude,crashtime,time,crashtype,numbkilled,numbinjurd,drcoglocat,rdconditin,lightngcon,roadcntgrd,weatherco,location,roaddescrp,schoolzone,constrzone,splimit,bikeinv,sctrinv,pedinv,motoinv,svrty,rdsystem,ttlvehcls,hcf
,2019-63629,39.725488,-105.025206,4/7/2019 15:42,15:42,10,0,0,FEDERAL BOULEVARD NORTH & SIXTH AVENUE WEST,1,1,0,0,1,3,,0,30,0,0,0,0,0,2,2,13
,2019-63630,39.725488,-105.025206,9/29/2019 13:53,13:53,15,0,0,FEDERAL BOULEVARD NORTH & HIGHWAY 6 WB RAMPS,1,1,0,0,1,3,,0,35,0,0,0,0,0,2,2,13
,2019-63631,39.725035,-105.025208,2/28/2019 21:05,21:05,12,0,0,FEDERAL BOULEVARD NORTH & SIXTH AVENUE WEST,1,3,0,0,1,3,,0,35,0,0,0,0,0,2,2,5
,2019-63632,39.725035,-105.025208,4/15/2019 12:42,12:42,15,0,0,FEDERAL BOULEVARD NORTH & SIXTH AVENUE EASTBOUND RAMPS,1,1,1,0,1,1,,0,35,0,0,0,0,0,2,3,13
,2019-63633,39.725035,-105.025208,4/26/2019 15:03,15:03,12,0,1,FEDERAL BOULEVARD 500 BLOCK NORTH & FIFTH AVENUE WEST,1,1,1,0,1,4,,0,35,0,0,0,0,1,2,2,13
,2019-63662,39.725035,-105.025208,6/30/2019 7:26,7:26,15,0,0,FEDERAL BOULEVARD NORTH & HIGHWAY 6 EASTBOUND ON RAMP,1,1,0,0,1,1,,0,30,0,0,0,0,0,2,2,3
,2019-63673,39.725035,-105.025208,7/1/2019 5:51,5:51,3,0,0,FEDERAL BOULEVARD NORTH & HIGHWAY 6 EASTBOUND OFF RAMP,1,1,0,0,1,1,,0,30,0,0,0,0,0,2,2,13
,2019-63674,39.725144,-105.025125,7/1/2019 18:42,18:42,3,0,1,HIGHWAY 88 / FEDERAL BOULEVARD NORTH & HIGHWAY 6 EASTBOUND OFF RAMP,1,1,0,0,1,1,,0,35,0,0,0,0,2,2,2,5
,2019-63685,39.705637,-105.025084,1/14/2019 13:31,13:31,10,0,0,FEDERAL BOULEVARD SOUTH & CENTER AVENUE WEST,1,1,1,0,1,4,,0,30,0,0,0,0,0,2,2,13
,2019-63686,39.703863,-105.025084,6/1/2019 21:35,21:35,3,0,2,FEDERAL BOULEVARD SOUTH & EXPOSITION AVENUE,1,3,0,0,1,1,,0,30,0,0,0,0,2,2,2,3
,2019-63687,39.70041,-105.025085,12/8/2019 13:00,13:00,12,0,0,FEDERAL BOULEVARD SOUTH & KENTUCKY AVENUE WEST,1,1,0,0,1,1,,0,35,0,0,0,0,0,2,3,13
,2019-63688,39.696764,-105.025061,3/26/2019 15:34,15:34,1,0,3,FEDERAL BOULEVARD SOUTH & MISSISSIPPI AVENUE WEST,1,1,0,0,1,1,,0,40,0,0,0,0,1,2,2,3
,2019-63689,39.6931,-105.025036,4/15/2019 18:24,18:24,1,0,0,FEDERAL BOULEVARD SOUTH & LOUISIANA AVENUE WEST,1,1,0,0,1,1,,0,35,0,0,0,0,0,2,2,1
,2019-63690,39.6931,-105.025036,10/15/2019 14:41,14:41,1,0,0,FEDERAL BOULEVARD SOUTH & LOUISIANA AVENUE WEST,1,1,0,0,1,1,,0,40,0,0,0,0,0,2,2,1
,2019-63691,39.689402,-105.02506,5/20/2019 0:05,0:05,15,0,0,FLORIDA AVENUE WEST & FEDERAL BOULEVARD SOUTH,1,3,0,0,1,4,,0,35,0,0,0,0,0,2,2,14
,2019-63692,39.682271,-105.025016,12/2/2019 18:18,18:18,1,0,1,FEDERAL BOULEVARD SOUTH & JEWELL AVENUE WEST,1,3,0,0,1,1,,0,35,0,0,0,0,1,2,2,2
,2019-63693,39.682271,-105.025016,12/14/2019 17:31,17:31,1,0,0,FEDERAL BOULEVARD SOUTH & JEWELL AVENUE WEST,1,3,0,0,1,1,,0,40,0,0,0,0,0,2,2,7
,2019-63694,39.682269,-105.025039,12/29/2019 11:26,11:26,3,0,0,FEDERAL BOULEVARD SOUTH & JEWELL AVENUE WEST,6,1,0,0,1,3,,0,40,0,0,0,0,0,2,2,1
,2019-63695,39.68212,-105.025017,7/14/2019 0:43,0:43,3,0,0,FEDERAL BOULEVARD SOUTH & JEWELL AVENUE WEST,1,3,0,0,1,2,,0,35,0,0,0,0,0,2,2,13
,2019-63696,39.680802,-105.025024,1/4/2019 17:35,17:35,14,0,0,FEDERAL BOULEVARD SOUTH & ASBURY AVENUE WEST,1,2,0,0,1,4,,0,40,0,0,0,0,0,2,2,14
,2019-63697,39.68052,-105.025025,2/12/2019 14:51,14:51,3,0,1,FEDERAL BOULEVARD SOUTH & ASBURY AVENUE WEST,1,1,0,0,1,1,,0,25,0,0,0,0,1,2,2,3
,2019-63698,39.68052,-105.025025,3/20/2019 2:04,2:04,5,0,1,FEDERAL BOULEVARD SOUTH & ASBURY AVENUE WEST,1,3,0,0,3,1,,0,35,0,0,0,0,2,2,1,2
,2019-63699,39.68052,-105.025025,7/31/2019 18:38,18:38,3,0,0,FEDERAL BOULEVARD SOUTH & ASBURY AVENUE WEST,1,1,0,0,1,1,,0,25,0,0,0,0,0,2,2,7
,2019-63700,39.680374,-105.025027,5/10/2019 10:52,10:52,12,0,0,FEDERAL BOULEVARD & ASBURY AVENUE WEST,1,1,0,0,1,4,,0,40,0,0,0,0,0,2,2,13
,2019-63701,39.680374,-105.025027,5/29/2019 16:56,16:56,12,0,2,FEDERAL BOULEVARD SOUTH & ASBURY AVENUE WEST,1,1,0,0,1,4,,0,35,0,0,0,0,1,2,2,10
,2019-63702,39.679055,-105.025043,9/12/2019 15:22,15:22,12,0,0,FEDERAL BOULEVARD SOUTH & EVANS AVENUE WEST,1,1,0,0,1,4,,0,40,0,0,0,0,0,2,2,13
,2019-63703,39.679055,-105.025043,9/26/2019 14:10,14:10,12,0,0,FEDERAL BOULEVARD SOUTH & EVANS AVENUE WEST,1,1,0,0,1,4,,0,30,0,0,0,0,0,2,2,13
,2019-63704,39.678616,-105.025049,6/15/2019 17:30,17:30,12,0,0,EVANS AVENUE WEST & FEDERAL BOULEVARD SOUTH,1,1,0,0,1,1,,0,,0,0,0,0,0,2,2,13
,2019-63705,39.667681,-105.025108,7/16/2019 17:57,17:57,12,0,0,YALE AVENUE WEST  & FEDERAL BOULEVARD SOUTH,1,1,0,0,1,1,,0,30,0,0,0,0,0,2,2,3
,2019-63706,39.657675,-105.025198,11/11/2019 7:05,7:05,15,0,0,FEDERAL BOULEVARD SOUTH & FLOYD AVENUE,5,1,1,2,1,4,,0,35,0,0,0,0,0,2,6,13
,2019-63707,39.657425,-105.025201,1/24/2019 12:05,12:05,6,0,0,FEDERAL BOULEVARD SOUTH & FLOYD AVENUE WEST,6,1,1,2,1,1,,0,25,0,0,0,0,0,2,2,13
,2019-63708,39.657425,-105.025201,5/16/2019 13:28,13:28,3,0,1,FEDERAL BOULEVARD SOUTH & FLOYD AVENUE WEST,1,1,1,0,1,1,,0,30,0,0,0,0,2,2,2,13
,2019-63712,39.778382,-104.896877,9/19/2019 10:08,10:08,5,0,0,I270 & I70,1,1,1,0,1,4,,0,55,0,0,0,0,0,1,1,1
,2019-63782,39.630943,-104.90509,6/21/2019 10:14,10:14,12,0,0,I225 & QUEBEC STREET SOUTH,1,1,1,0,1,7,,0,35,0,0,0,0,0,1,2,1
,2019-6384,39.684564,-105.049169,10/19/2019 2:38,2:38,6,0,0,MEXICO AVENUE WEST & XAVIER STREET SOUTH,1,3,0,0,1,4,,0,25,0,0,0,0,0,4,2,3
,2019-63954,39.783818,-104.901443,11/27/2019 2:20,2:20,5,0,0,I270 & MM 4,10,3,0,2,3,4,,0,55,0,0,0,0,0,1,1,13
,2019-6428,39.78635407,-104.8548746,9/6/2019 23:00,23:00,6,0,0,MOLINE STREET & 4900 BLOCK NORTH,1,3,0,0,1,4,,0,35,0,0,0,0,0,4,2,13
,2019-64320,39.655743,-105.05322,10/4/2019 7:24,7:24,1,0,0,SHERIDAN BOULEVARD SOUTH & HAMPDEN AVENUE WEST,1,1,0,0,1,2,,0,35,0,0,0,0,0,2,2,13
,2019-64321,39.655743,-105.05322,10/11/2019 8:45,8:45,12,0,0,SHERIDAN BOULEVARD SOUTH & DARTMOUTH AVENUE WEST,1,1,0,0,1,3,,0,40,0,0,0,0,0,2,4,3
,2019-64322,39.655963,-105.053223,7/2/2019 8:30,8:30,15,0,0,SHERIDAN BOULEVARD SOUTH & DARTMOUTH AVENUE WEST,1,1,0,0,1,3,,0,35,0,0,0,0,0,2,2,1
,2019-64331,39.665548,-105.053238,3/19/2019 15:56,15:56,3,0,0,AMHERST AVENUE WEST & SHERIDAN BOULEVARD SOUTH,1,1,0,0,1,1,,0,25,0,0,0,0,0,2,2,3
,2019-64338,39.617869,-105.091113,5/24/2019 15:05,15:05,12,0,0,WADSWORTH BOULEVARD SOUTH & CRESTLINE AVENUE WEST,1,1,0,0,1,4,,0,35,0,0,0,0,0,2,3,13
,2019-64339,39.61833,-105.091109,4/11/2019 9:03,9:03,3,0,0,CRESTLINE AVENUE WEST & WADSWORTH BOULEVARD SOUTH,4,1,0,0,1,1,,0,45,0,0,0,0,0,2,2,13
,2019-64340,39.61833,-105.091109,4/11/2019 9:10,9:10,3,0,1,CRESTLINE AVENUE WEST & WADSWORTH BOULEVARD SOUTH,4,1,0,0,1,1,,0,45,0,0,0,0,2,2,3,13
,2019-64462,39.712896,-104.9763539,5/26/2019 4:00,4:00,5,0,0,CEDAR AVENUE & 6001 EAST,1,3,0,0,3,1,,0,,0,0,0,0,0,4,1,13
,2019-65076,39.826014,-104.746659,6/18/2019 17:05,17:05,5,0,0,E470 & MM 27,2,1,1,1,2,4,,0,75,0,0,0,0,0,2,1,1
,2019-65134,39.717092,-105.01725,11/13/2019 1:09,1:09,6,0,0,ALCOTT STREET SOUTH & ELLSWORTH AVENUE WEST,1,3,0,0,1,4,,0,25,0,0,0,0,0,4,2,13
,2019-65135,39.7613,-104.9852,12/29/2019 10:30,10:30,6,0,0,BLAKE STREET & 27TH STREET,5,1,1,0,1,4,,0,25,0,0,0,0,0,4,3,13
,2019-65136,39.727297,-104.981139,12/5/2019 15:00,15:00,6,0,0,PENNSYLVANIA 700 BLOCK NORTH & EIGHTH AVENUE EAST,2,1,0,1,1,4,,0,,0,0,0,0,0,4,2,13
,2019-65137,39.778667,-104.886144,11/6/2019 20:45,20:45,5,0,0,XENIA STREET & 46TH PLACE EAST,1,4,0,0,3,4,,0,40,0,0,0,0,0,4,1,14
,2019-65138,39.638094,-104.885131,12/27/2019 16:00,16:00,12,0,0,YOSEMITE STREET SOUTH & RADCLIFF AVENUE EAST,1,1,0,0,1,3,,0,30,0,0,0,0,0,4,2,1
,2019-65402,39.72506396,-104.9497949,12/11/2019 17:20,17:20,6,0,1,STEELE STREET NORTH & SIXTH AVENUE EAST,1,3,1,0,1,4,,0,25,0,0,0,0,1,4,2,10
,2019-65478,39.674106,-104.9036895,2/21/2019 10:10,10:10,3,0,1,QUEBEC STREET SOUTH & WESLEY AVENUE EAST,1,1,0,0,1,1,,0,35,0,0,0,0,1,4,2,13
,2019-66478,39.634066,-104.902282,6/26/2019 13:38,13:38,12,0,0,I225 & TAMARAC STREET SOUTH,1,1,0,0,1,4,,0,65,0,0,0,0,0,1,2,14
,2019-66479,39.634305,-104.901145,6/21/2019 10:32,10:32,12,0,0,I225 & MM 0.40,1,1,1,0,1,4,,0,55,0,0,0,1,0,1,3,13
,2019-66486,39.781915,-104.9667,5/28/2019 8:08,8:08,5,0,0,BRIGHTON BOULEVARD NORTH & 47TH AVENUE EAST,1,1,0,0,3,1,,0,25,0,0,0,0,0,2,1,13
,2019-66492,39.782113,-104.900279,10/22/2019 16:38,16:38,12,0,0,I270 & QUEBEC STREET NORTH,1,1,1,0,1,4,,0,65,0,0,0,0,0,1,2,1
,2019-66493,39.776869,-104.891324,1/8/2019 15:05,15:05,5,0,0,I270 EASTBOUND FLYOVER & CENTRAL PARK EXIT,1,1,1,0,3,4,,0,55,0,0,0,0,0,1,1,14
,2019-66502,39.653092,-104.920458,12/9/2019 13:15,13:15,12,0,0,HAMPDEN AVENUE EAST & IVY WAY SOUTH,1,1,0,0,1,3,,0,35,0,0,0,0,0,2,2,13
,2019-66503,39.754994,-105.025129,7/29/2019 14:47,14:47,12,0,0,FEDERAL BOULEVARD NORTH & 26TH AVENUE WEST,1,1,0,0,1,3,,0,35,0,0,0,0,0,2,4,13
,2019-66504,39.774106,-105.025172,2/27/2019 9:00,9:00,12,0,0,FEDERAL BOULEVARD 4200 BLOCK NORTH & 42ND AVENUE WEST,1,1,0,0,1,4,,0,35,0,0,0,0,0,2,2,13
,2019-66505,39.780246,-105.025146,5/18/2019 12:35,12:35,12,0,0,FEDERAL BOULEVARD NORTH & 46TH AVENUE WEST,1,1,0,0,1,1,,0,35,0,0,0,0,0,2,2,14
,2019-66506,39.785977,-105.025204,5/17/2019 15:59,15:59,1,0,0,FEDERAL BOULEVARD NORTH & 49TH AVENUE WEST,1,1,0,0,1,2,,0,35,0,0,0,0,0,2,2,13
,2019-66534,39.752267,-104.979572,12/31/2019 11:28,11:28,3,0,1,25TH STREET & GLENARM PLACE,5,1,1,0,1,1,,0,25,0,0,0,0,1,4,2,5
,2019-66535,39.782383,-104.849017,12/30/2019 10:20,10:20,12,0,0,47TH AVENUE EAST & PARIS STREET NORTH,2,1,0,0,1,1,,0,30,0,0,0,0,0,4,2,13
,2019-66536,39.800967,-104.769125,12/28/2019 13:59,13:59,3,0,1,57TH AVENUE EAST & ARGONNE STREET NORTH,4,1,1,2,1,1,,0,25,0,0,0,0,1,4,2,13
,2019-66537,39.713925,-105.016808,12/27/2019 8:15,8:15,6,0,0,ALCOTT STREET 100 BLOCK SOUTH & CEDAR AVENUE WEST,1,1,0,0,1,4,,0,,0,0,0,0,0,4,2,13
,2019-66538,39.689489,-105.024114,12/20/2019 15:00,15:00,3,0,0,FLORIDA AVENUE 2900 BLOCK WEST & FEDERAL BOULEVARD SOUTH,1,1,0,0,1,2,,0,25,0,0,0,0,0,4,2,13
,2019-66539,39.67847,-104.9222,12/11/2019 9:42,9:42,15,0,0,HOLLY STREET SOUTH & EVANS AVENUE EAST,1,1,0,0,1,1,,0,35,0,0,0,0,0,4,2,13
,2019-66540,39.784942,-104.985811,12/14/2019 4:41,4:41,5,0,0,LINCOLN STREET 4800 BLOCK NORTH & 48TH AVENUE EAST,1,3,0,0,1,4,,0,25,0,0,0,0,0,4,1,14
,2019-66541,39.730711,-104.903464,12/23/2019 14:40,14:40,12,0,0,QUEBEC STREET NORTH & NINTH AVENUE EAST,1,1,0,0,1,3,,0,25,0,0,0,0,0,4,2,3
,2019-66542,39.71349,-104.9982,12/8/2019 3:21,3:21,5,0,0,SANTA FE DRIVE SOUTH & CEDAR AVENUE WEST,1,3,0,0,2,4,,0,25,0,0,0,0,0,4,1,13
,2019-66586,39.7809585,-104.8861395,1/14/2019 9:40,9:40,6,0,0,XENIA STREET & 1425 BLOCK NORTH,1,3,0,0,1,4,,0,20,0,0,0,0,0,4,2,13
,2019-66596,39.76443079,-105.0052904,5/4/2019 17:42,17:42,6,0,0,OSAGE STREET NORTH & 34TH AVENUE WEST,1,1,0,0,1,3,,0,30,0,0,0,0,0,4,2,5
,2019-66624,39.76927851,-105.0191541,12/11/2019 9:35,9:35,5,0,0,38TH AVENUE & 2700 BLOCK WEST,1,1,0,0,2,4,,0,30,0,0,0,0,0,4,1,3
,2019-66626,39.735153,-104.982318,3/22/2019 16:07,16:07,1,0,2,12TH AVENUE EAST & LOGAN STREET NORTH,1,1,0,0,1,1,,0,30,0,0,0,0,2,4,2,13
,2019-66629,39.736476,-104.930379,8/26/2019 21:11,21:11,15,0,0,13TH AVENUE 4900 EAST & EUDORA STREET,1,3,0,0,1,4,,0,30,0,0,0,0,0,4,2,13
,2019-66639,39.738456,-105.0016005,3/15/2019 15:43,15:43,3,0,0,14TH AVENUE WEST & LIPAN STREET NORTH,1,1,0,0,1,1,,0,15,0,0,0,0,0,4,3,14
,2019-66640,39.738681,-104.906952,11/22/2019 16:22,16:22,10,0,0,14TH AVENUE EAST & OLIVE STREET NORTH,1,1,0,0,1,1,,0,30,0,0,0,0,0,4,2,8
,2019-66641,39.753945,-105.0034635,6/16/2019 12:46,12:46,15,0,0,16TH STREET & CHESTNUT PLACE,1,1,0,0,1,1,,0,30,0,0,0,0,0,4,2,14
,2019-66642,39.741642,-104.969691,10/18/2019 11:29,11:29,3,0,1,16TH AVENUE EAST & HUMBOLDT STREET NORTH,2,1,0,1,1,1,,0,25,0,0,0,0,1,4,2,1
,2019-66643,39.743208,-104.9696685,10/18/2019 12:49,12:49,10,0,0,17TH AVENUE EAST & HUMBOLDT STREET NORTH,1,1,0,0,1,1,,0,30,0,0,0,0,0,4,2,13
,2019-66644,39.744828,-104.9775615,9/26/2019 17:34,17:34,3,0,0,18TH AVENUE EAST & CLARKSON STREET NORTH,1,1,0,0,1,1,,0,35,0,0,0,0,0,4,2,14
,2019-66646,39.75066,-104.991984,5/13/2019 19:00,19:00,10,0,0,19TH STREET & ARAPAHOE STREET,1,2,0,0,1,1,,0,30,0,0,0,0,0,4,2,3
,2019-66647,39.717819,-104.947371,10/7/2019 11:23,11:23,15,0,0,FIRST AVENUE EAST & COOK STREET NORTH,1,1,1,0,1,1,,0,30,0,0,0,0,0,4,2,13
,2019-66648,39.748896,-104.9874525,12/1/2019 19:30,19:30,15,0,0,20TH STREET & BROADWAY STREET NORTH,6,3,0,0,1,1,,0,30,0,0,0,0,0,4,2,13
,2019-66649,39.759588,-105.0017805,1/1/2019 12:45,12:45,12,0,0,20TH STREET WEST & LITTLE RAVEN COURT,1,3,1,0,1,3,,0,30,0,0,0,0,0,4,2,13
,2019-66650,39.753612,-104.993451,6/20/2019 7:11,7:11,10,0,0,20TH STREET & MARKET STREET,1,1,0,0,1,1,,0,30,0,0,0,0,0,4,2,13
,2019-66651,39.753612,-104.993451,11/3/2019 19:46,19:46,15,0,0,20TH STREET & MARKET STREET,1,3,0,0,1,1,,0,25,0,0,0,0,0,4,2,14
,2019-66652,39.749976,-104.97906,9/8/2019 21:12,21:12,5,0,0,24TH STREET & COURT PLACE,1,3,0,0,4,1,,0,25,0,0,0,0,0,4,2,5
,2019-66653,39.751308,-104.980761,2/28/2019 9:04,9:04,3,0,2,24TH STREET & GLENARM PLACE,1,1,0,0,1,1,,0,30,0,0,0,0,1,4,2,13
,2019-66654,39.752928,-104.9804685,10/8/2019 8:29,8:29,12,0,0,25TH STREET & WELTON STREET,1,1,0,0,1,1,,0,25,0,0,0,0,0,4,2,3
,2019-66655,39.765843,-104.9884875,1/29/2019 8:35,8:35,5,0,0,29TH STREET & ARKINS COURT,5,1,0,2,3,1,,0,30,0,0,0,0,0,4,1,3
,2019-66656,39.71934,-104.9825227,1/24/2019 8:11,8:11,6,0,0,SECOND AVENUE & 4800 WEST,4,1,1,2,4,4,,0,,0,0,0,0,0,4,2,13
,2019-66657,39.762954,-104.9813685,5/11/2019 14:36,14:36,12,0,0,30TH STREET & WALNUT STREET,1,1,0,0,1,1,,0,25,0,0,0,0,0,4,2,13
,2019-66658,39.76390191,-105.0341047,4/7/2019 11:50,11:50,6,0,0,33RD AVENUE WEST & 3300 BLOCK,1,1,0,0,1,4,,0,25,0,0,0,0,0,4,2,3
,2019-66659,39.769281,-105.0064515,7/16/2019 7:38,7:38,3,0,0,38TH AVENUE WEST & PECOS STREET NORTH,1,1,0,0,1,1,,0,30,0,0,0,0,0,4,2,3
,2019-66660,39.76938,-105.0486795,5/11/2019 19:24,19:24,12,0,1,38TH AVENUE WEST & WOLFF STREET NORTH,2,2,0,1,1,1,,0,35,0,0,0,0,1,4,2,5
,2019-66663,39.807369,-104.779611,8/8/2019 7:30,7:30,15,0,0,61ST AVENUE EAST & SALIDA STREET NORTH,1,1,0,0,1,1,,0,35,0,0,0,0,0,4,2,14
,2019-66664,39.798396,-104.7873105,5/14/2019 18:22,18:22,1,0,0,56TH AVENUE EAST & PENA BOULEVARD NORTH,1,1,0,0,1,1,,0,45,0,0,0,0,0,4,2,13
,2019-66665,39.725658,-104.990868,1/17/2019 16:19,16:19,15,0,0,SIXTH AVENUE WEST & BANNOCK STREET NORTH,1,1,0,0,1,1,,0,35,0,0,0,0,0,4,2,13
,2019-66667,39.72933,-105.0192315,2/4/2019 12:39,12:39,15,0,0,EIGHTH AVENUE WEST & BRYANT STREET NORTH,1,1,1,0,1,1,,0,30,0,0,0,0,0,4,2,5
,2019-66669,39.729078,-104.982399,6/21/2019 6:00,6:00,3,0,0,EIGHTH AVENUE EAST & LOGAN STREET NORTH,1,1,0,0,1,1,,0,25,0,0,0,0,0,4,2,13
,2019-66670,39.730464,-104.971788,6/27/2019 16:28,16:28,3,0,0,NINTH AVENUE EAST 1200 BLOCK & MARION STREET,1,1,0,0,1,5,,0,15,0,0,0,0,0,4,2,13
,2019-66671,39.709026,-104.8754385,6/9/2019 17:41,17:41,15,0,0,ALAMEDA AVENUE EAST & DAYTON STREET SOUTH,1,1,0,0,1,1,,0,40,0,0,0,0,0,4,2,8
,2019-66673,39.711177,-104.928138,2/7/2019 17:20,17:20,12,0,0,ALAMEDA AVENUE EAST & FAIRFAX STREET SOUTH,2,1,0,0,1,3,,0,30,0,0,0,0,0,4,2,2
,2019-66674,39.711186,-104.997132,3/12/2019 20:23,20:23,1,0,0,ALAMEDA AVENUE WEST & SANTA FE DRIVE SOUTH,1,3,0,0,1,1,,0,30,0,0,0,0,0,4,2,1
,2019-66675,39.63265226,-105.0415534,10/24/2019 15:28,15:28,1,0,0,ANDES STREET NORTH & PERRY STREET SOUTH,1,1,0,0,1,1,,0,25,0,0,0,0,0,4,2,1
,2019-66676,39.800214,-104.7691215,1/24/2019 8:00,8:00,3,0,0,ARGONNE STREET NORTH & 57TH AVENUE EAST,4,1,0,2,1,1,,0,,0,0,0,0,0,4,2,13
,2019-66677,39.79622592,-104.8235381,6/5/2019 7:00,7:00,12,0,0,BLACKHAWK WAY NORTH & 4800 BLOCK NORTH,1,1,0,0,1,2,,0,25,0,0,0,0,0,4,2,13
,2019-66678,39.71115,-104.987592,4/28/2019 3:42,3:42,3,0,4,BROADWAY STREET SOUTH & ALAMEDA AVENUE EAST,1,3,0,0,1,1,,0,30,0,0,0,0,2,4,2,13
,2019-66679,39.703887,-104.9875425,6/19/2019 17:40,17:40,12,0,0,BROADWAY STREET SOUTH & EXPOSITION AVENUE EAST,1,1,0,0,1,1,,0,30,0,0,0,0,0,4,2,3
,2019-66680,39.718035,-104.9339362,6/26/2019 19:10,19:10,6,0,0,CHERRY STREET NORTH & 25 NORTH CHERRY STREET,1,1,0,0,1,4,,0,25,0,0,0,0,0,4,2,13
,2019-66681,39.773187,-104.809932,7/22/2019 16:21,16:21,1,0,0,CHAMBERS ROAD NORTH & 40TH AVENUE EAST,1,1,1,0,1,1,,0,40,0,0,0,0,0,4,2,8
,2019-66682,39.757662,-104.9986305,2/22/2019 19:02,19:02,15,0,0,CHESTNUT PLACE & 20TH STREET,4,3,0,2,1,1,,0,30,0,0,0,0,0,4,3,8
,2019-66683,39.7385231,-104.9573905,11/22/2019 13:45,13:45,6,0,0,COLUMBINE STREET & 200 BLOCK NORTH,1,1,0,0,1,8,,0,,0,0,0,0,0,4,2,13
,2019-66684,39.68208,-104.931648,11/27/2019 11:07,11:07,12,0,0,DAHLIA STREET SOUTH & JEWELL AVENUE EAST,5,1,0,0,1,1,,0,,0,0,0,0,0,4,2,13
,2019-66685,39.678885,-105.052473,2/14/2019 21:40,21:40,5,0,0,EVANS AVENUE 5100 BLOCK EAST & EVA 5100 BLOCK EAST,1,3,0,0,3,4,,0,,0,0,0,0,0,4,1,13
,2019-66686,39.678444,-104.9251905,11/8/2019 12:44,12:44,15,0,0,EVANS AVENUE EAST & GRAPE STREET SOUTH,1,1,0,0,1,1,,0,30,0,0,0,0,0,4,2,13
,2019-66687,39.78564246,-104.8975206,5/3/2019 21:01,21:01,6,0,0,NORTHFIELD BOULEVARD & 8271 EAST ,1,3,0,0,1,4,,0,25,0,0,0,0,0,4,2,3
,2019-66688,39.678561,-104.9828715,3/12/2019 6:23,6:23,1,0,0,EVANS AVENUE EAST & LOGAN STREET SOUTH,1,3,0,0,1,1,,0,35,0,0,0,0,0,4,2,13
,2019-66689,39.67848,-104.998509,9/16/2019 7:00,7:00,1,0,0,EVANS AVENUE WEST & PLATTE RIVER DRIVE SOUTH,1,1,0,0,1,1,,0,35,0,0,0,0,0,4,2,13
,2019-66690,39.717081,-104.8955512,2/27/2019 15:30,15:30,15,0,0,FAIRMOUNT DRIVE EAST & LOWRY BOULEVARD EAST,1,1,0,0,1,1,,0,25,0,0,0,0,0,4,2,13
,2019-66691,39.689343,-104.912901,12/7/2019 11:43,11:43,5,0,0,FLORIDA AVENUE EAST & MONACO STREET SOUTH,1,1,1,0,4,1,,0,25,0,0,0,0,0,4,1,13
,2019-66692,39.783609,-104.791392,6/22/2019 15:48,15:48,12,0,0,GREEN VALLEY RANCH BOULEVARD EAST & PENA BOULEVARD NORTH INBOUND,2,1,0,1,1,3,,0,45,0,0,0,0,0,4,2,7
,2019-66693,39.783609,-104.791392,9/20/2019 16:43,16:43,1,0,0,GREEN VALLEY RANCH BOULEVARD EAST & PENA BOULEVARD,1,1,0,0,1,1,,0,45,0,0,0,0,0,4,2,13
,2019-66694,39.783609,-104.772222,8/9/2019 19:06,19:06,15,0,0,GREEN VALLEY RANCH BOULEVARD EAST & TOWER ROAD NORTH,1,1,0,0,1,1,,0,40,0,0,0,0,0,4,2,14
,2019-66695,39.76448748,-104.941419,11/7/2019 2:59,2:59,6,0,0,HARRISON STREET NORTH & 3400 BLOCK NORTH,2,3,0,0,1,4,,0,25,0,0,0,0,0,4,2,1
,2019-66696,39.77865,-104.865912,6/9/2019 18:50,18:50,5,0,0,HAVANA STREET NORTH  & 45TH AVENUE EAST,1,1,0,0,3,1,,0,40,0,0,0,0,0,4,1,1
,2019-66697,39.729123,-104.959071,10/12/2019 11:45,11:45,3,0,1,JOSEPHINE STREET NORTH & EIGHTH AVENUE EAST,1,1,0,0,1,1,,0,30,0,0,0,0,1,4,2,13
,2019-66698,39.700359,-105.034491,10/28/2019 18:40,18:40,12,0,0,KENTUCKY AVENUE 3500 BLOCK WEST & LOWELL BOULEVARD SOUTH,5,3,0,0,1,3,,0,,0,0,0,0,0,4,2,13
,2019-66699,39.7694565,-104.970015,7/6/2019 11:00,11:00,6,0,0,LAFAYETTE STREET NORTH & HUMBOLDT STREET NORTH,1,1,0,0,1,5,,0,25,0,0,0,0,0,4,2,13
,2019-66700,39.73383,-104.986161,11/25/2019 8:25,8:25,12,0,0,LINCOLN STREET NORTH & 11TH AVENUE EAST,1,1,0,0,1,1,,0,30,0,0,0,0,0,4,2,13
,2019-66701,39.729087,-104.986152,10/14/2019 12:06,12:06,10,0,0,LINCOLN STREET NORTH & EIGHTH AVENUE EAST,1,1,0,0,1,1,,0,35,0,0,0,0,0,4,2,13
,2019-66702,39.707505,-104.98635,11/20/2019 8:56,8:56,3,0,0,LINCOLN STREET SOUTH & VIRGINIA AVENUE EAST,1,1,0,0,1,1,,0,30,0,0,0,0,0,4,2,13
,2019-66703,39.7237095,-104.8837095,5/31/2019 7:44,7:44,10,0,0,LOWRY BOULEVARD EAST & YOSEMITE WAY NORTH,1,1,0,0,1,6,,0,15,0,0,0,0,0,4,2,13
,2019-66704,39.738339,-104.9461605,6/17/2019 17:15,17:15,3,0,0,MADISON STREET NORTH & 14TH AVENUE EAST,2,1,0,0,1,1,,0,25,0,0,0,0,0,4,2,1