id,drcog_id,latitude,longitude,crashtime,time,crashtype,numbkilled,numbinjurd,drcoglocat,rdconditin,lightngcon,roadcntgrd,weatherco,location,roaddescrp,schoolzone,constrzone,splimit,bikeinv,sctrinv,pedinv,motoinv,svrty,rdsystem,ttlvehcls,hcf
,2019-66705,39.747582,-105.022062,11/24/2019 23:13,23:13,5,0,0,MILE HIGH STADIUM CIRCLE & DECATUR STREET NORTH,1,3,0,0,3,1,,0,30,0,0,0,0,0,4,1,5
,2019-66706,39.696732,-105.006591,3/8/2019 20:59,20:59,3,0,1,MISSISSIPPI AVENUE WEST & QUIVAS STREET SOUTH,2,3,0,0,1,1,,0,30,0,0,0,0,2,4,2,13
,2019-66707,39.696588,-104.9628915,6/9/2019 14:44,14:44,3,0,0,MISSISSIPPI AVENUE EAST & VINE STREET SOUTH,1,1,0,0,1,1,,0,25,0,0,0,1,0,4,2,13
,2019-66708,39.761928,-104.9027625,11/17/2019 12:55,12:55,3,0,3,MLK BOULEVARD EAST & QUEBEC STREET NORTH,1,5,0,0,1,1,,0,35,0,0,0,0,2,4,2,13
,2019-66709,39.762018,-104.959773,12/10/2019 23:16,23:16,15,0,0,MLK BOULEVARD 2300 BLOCK EAST & YORK STREET NORTH,1,3,0,0,1,4,,0,,0,0,0,0,0,4,2,13
,2019-6673,39.63799683,-104.9126781,12/8/2019 21:34,21:34,12,0,0,MONACO STREET & 1400 BLOCK NORTH,1,3,0,0,1,3,,0,,0,0,0,0,0,4,3,13
,2019-66893,39.79894504,-104.7873105,3/11/2019 18:01,18:01,5,0,0,PENA BOULEVARD 5600 BLOCK & 56TH AVENUE EAST,1,1,0,0,1,4,,0,55,0,0,0,0,0,4,1,13
,2019-66898,39.70840392,-104.9035111,11/27/2019 11:36,11:36,5,0,0,QUEBEC STREET 400 BLOCK SOUTH & VIRGINIA AVENUE EAST,9,1,0,0,3,4,,0,35,0,0,0,0,0,4,1,13
,2019-66900,39.73923775,-105.0295226,8/11/2019 18:05,18:05,6,0,0,14TH AVENUE WEST & IRVING STREET NORTH,1,1,0,0,1,4,,0,25,0,0,0,0,0,4,2,13
,2019-66902,39.68055367,-105.0153348,1/13/2019 13:30,13:30,6,0,0,ASBURY AVENUE 2300 BLOCK WEST & ZUNI STREET SOUTH,14,5,0,0,1,4,,0,30,0,0,0,0,0,4,2,13
,2019-66905,39.68185721,-105.0500249,9/9/2019 8:00,8:00,6,0,0,XAVIER STREET SOUTH & JEWELL AVENUE WEST,1,1,1,0,1,4,,0,,0,0,0,0,0,4,2,13
,2019-66908,39.70567351,-104.973381,9/10/2019 17:38,17:38,12,0,0,DOWNING STREET SOUTH & CENTER AVENUE EAST,1,1,0,0,1,3,,0,30,0,0,0,0,0,4,4,13
,2019-66910,39.70034927,-105.0482187,5/12/2019 12:34,12:34,12,0,0,MORRISON ROAD & KENTUCKY AVENUE WEST,1,1,0,0,1,4,,0,30,0,0,0,0,0,4,2,13
,2019-66911,39.75236678,-104.9863748,11/20/2019 8:14,8:14,3,0,0,PARK AVENUE WEST 900 BLOCK & CURTIS STREET,1,1,0,0,1,5,,0,5,0,0,0,0,0,4,2,14
,2019-6699,39.741921,-104.912793,4/29/2019 8:13,8:13,12,0,0,MONACO STREET & 16TH AVENUE EAST,1,1,0,0,1,1,,0,30,0,0,0,1,0,4,2,13
,2019-6712,39.743478,-104.912811,4/24/2019 14:03,14:03,3,0,0,MONACO STREET NORTH & 17TH AVENUE EAST,1,1,0,0,1,1,,0,30,0,0,0,0,0,4,3,13
,2019-67394,39.740002,-104.987333,10/25/2019 0:05,0:05,12,0,0,COLFAX AVENUE WEST & BROADWAY STREET NORTH,1,3,0,0,1,1,,0,30,0,0,0,0,0,2,2,13
,2019-67454,39.798243,-104.7721815,4/26/2019 21:19,21:19,15,0,0,56TH AVENUE EAST & TOWER ROAD NORTH,1,3,0,0,1,1,,0,40,0,0,0,0,0,4,2,12
,2019-67513,39.725649,-104.912811,7/8/2019 7:53,7:53,3,0,1,SIXTH AVENUE PARKWAY  & MONACO PARKWAY NORTH,1,1,0,0,1,1,,0,35,0,0,0,0,1,4,2,13
,2019-67522,39.733668,-104.998689,5/22/2019 6:55,6:55,15,0,1,11TH AVENUE WEST & SANTA FE DRIVE NORTH,1,1,0,0,1,1,,0,35,0,0,0,0,2,4,2,13
,2019-67524,39.7618065,-105.0054907,1/26/2019 1:48,1:48,5,0,1,20TH STREET & OSAGE STREET NORTH,1,3,1,0,3,1,,0,30,0,0,0,0,2,4,1,5
,2019-67525,39.746367,-104.988861,7/2/2019 9:12,9:12,15,0,0,18TH STREET & WELTON STREET,1,1,0,0,1,1,,0,25,0,0,0,0,0,4,2,14
,2019-67526,39.758274,-104.975262,5/21/2019 15:35,15:35,10,0,0,30TH STREET & CALIFORNIA STREET,1,1,0,0,1,1,,0,25,0,0,0,0,0,4,2,1
,2019-67527,39.763242,-104.979312,4/2/2019 13:31,13:31,6,0,0,31ST STREET & LARIMER STREET,1,1,1,0,1,5,,0,,0,0,0,0,0,4,3,13
,2019-67529,39.7728218,-104.8958625,4/1/2019 8:29,8:29,5,0,0,40TH AVENUE EAST & 7300 BLOCK,1,1,0,0,3,4,,0,,0,0,0,0,0,4,1,13
,2019-6753,39.76919055,-104.9126891,1/23/2019 15:20,15:20,5,0,1,MONACO PARKWAY & 2200 SOUTH,1,1,0,0,3,4,,0,30,0,0,0,0,1,4,1,3
,2019-67530,39.725586,-104.965848,3/18/2019 15:00,15:00,12,0,0,SIXTH AVENUE EAST & WILLIAMS STREET NORTH,1,1,0,0,1,1,,0,35,0,0,0,0,0,4,2,3
,2019-67531,39.730437,-104.9752485,9/17/2019 13:27,13:27,14,0,0,NINTH AVENUE EAST & ODGEN STREET NORTH,1,1,0,0,1,1,,0,25,0,0,0,0,0,4,2,3
,2019-67532,39.71133,-104.8929075,10/31/2019 8:10,8:10,1,0,0,ALAMEDA AVENUE EAST  & FAIRMOUNT DRIVE EAST,12,1,0,0,1,1,,0,35,0,0,0,0,0,4,2,13
,2019-67533,39.711402,-104.9111505,4/24/2019 7:45,7:45,3,0,0,ALAMEDA AVENUE & MAGNOLIA STREET,1,1,0,0,1,1,,0,35,0,0,0,0,0,4,2,13
,2019-6754,39.67659193,-104.910654,12/24/2019 16:51,16:51,1,0,0,MONACO STREET SOUTH & 2200 SOUTH,1,3,0,0,1,1,,0,35,0,0,0,0,0,4,2,13
,2019-67566,39.744027,-105.0006105,7/29/2019 9:26,9:26,10,0,0,ARAPAHOE STREET & SPEER BOULEVARD,1,1,0,0,1,1,,0,30,0,0,0,0,0,4,2,3
,2019-67567,39.76343143,-104.9824998,8/22/2019 13:32,13:32,12,0,0,BLAKE STREET & 2100 BLOCK,1,1,0,0,1,4,,0,30,0,0,0,0,0,4,2,13
,2019-67568,39.7615185,-104.988069,6/6/2019 10:55,10:55,5,0,0,BROADWAY STREET & 134 SOUTH,1,1,0,0,6,5,,0,25,0,0,0,0,0,3,1,7
,2019-67569,39.702159,-104.9875605,5/16/2019 1:00,1:00,5,0,0,BROADWAY STREET SOUTH & OHIO AVENUE EAST,1,3,0,0,2,1,,0,35,0,0,0,0,0,4,1,13
,2019-67571,39.79763549,-104.7662602,1/14/2019 5:38,5:38,6,0,0,CATHAY STREET & 4952BLK NORTH,1,3,0,0,1,4,,0,25,0,0,0,0,0,4,2,3
,2019-67572,39.759876,-104.8907475,6/5/2019 15:25,15:25,12,0,0,CENTRAL PARK BOULEVARD NORTH & MLK BOULEVARD EAST,1,1,0,1,1,1,,0,,0,0,0,0,0,4,2,13
,2019-67573,39.748401,-104.9915115,7/24/2019 15:26,15:26,6,0,0,CHAMPA STREET & 18TH STREET,1,1,0,0,1,1,,0,25,0,0,0,0,0,4,2,14
,2019-67574,39.7415343,-105.0377814,10/6/2019 14:20,14:20,6,0,0,CONEJOS PLACE WEST & 4100 BLOCK WEST,1,1,0,0,1,4,,0,25,0,0,0,0,0,4,2,3
,2019-67575,39.769272,-105.0205185,11/28/2019 13:00,13:00,12,0,0,CLAY STREET NORTH & 38TH AVENUE WEST,5,1,0,0,1,3,,0,30,0,0,0,0,0,4,2,13
,2019-67576,39.79473036,-104.8174861,12/7/2019 3:28,3:28,6,0,0,DEARBORN STREET & 5215 NORTH,1,3,0,0,1,4,,0,,0,0,0,0,0,4,2,13
,2019-67577,39.733659,-104.9764185,4/17/2019 21:27,21:27,5,0,0,EMERSON STREET NORTH & 11TH AVENUE EAST,1,3,0,0,3,1,,0,30,0,0,0,0,0,4,1,8
,2019-67578,39.729078,-104.9836095,3/1/2019 9:55,9:55,3,0,0,GRANT STREET NORTH & EIGHTH AVENUE EAST,1,1,0,0,1,1,,0,30,0,0,0,0,0,4,2,13
,2019-67579,39.714993,-105.027552,6/22/2019 18:28,18:28,3,0,0,HAZEL COURT SOUTH & BAYAUD AVENUE WEST,2,1,0,0,1,1,,0,25,0,0,0,0,0,4,2,3
,2019-67580,39.730518,-105.0001695,2/25/2019 8:49,8:49,3,0,0,KALAMATH STREET NORTH & NINTH AVENUE WEST,1,1,0,0,1,1,,0,35,0,0,0,0,0,4,2,14
,2019-67581,39.7669703,-104.9712231,2/8/2019 9:15,9:15,6,0,0,LAFAYETTE STREET & 3557 NORTH,5,2,0,0,1,4,,0,25,0,0,0,0,0,4,2,13
,2019-67582,39.71115,-104.9827905,3/24/2019 20:40,20:40,6,0,0,LOGAN STREET SOUTH 300 BLOCK & ALAMEDA AVENUE EAST,2,3,0,0,1,4,,0,,0,0,0,0,0,4,2,13
,2019-67583,39.783789,-104.9823585,6/9/2019 4:55,4:55,6,0,0,LOGAN STREET NORTH & 48TH AVENUE EAST,1,4,1,0,1,4,,0,25,0,0,0,0,0,4,2,14
,2019-67584,39.717054,-104.9037885,10/15/2019 12:01,12:01,12,0,0,LOWRY BOULEVARD EAST & QUEBEC STREET NORTH,1,1,0,0,1,1,,0,,0,0,0,0,0,4,2,13
,2019-67585,39.72987446,-104.9461871,1/7/2019 5:10,5:10,6,0,0,MADISON STREET & 3600 BLOCK NORTH,1,2,0,0,1,4,,0,25,0,0,0,0,0,4,4,13
,2019-67586,39.794463,-104.8322025,9/22/2019 0:10,0:10,5,0,0,MAXWELL PLACE EAST & WHEELING STREET NORTH,2,4,0,1,4,1,,0,25,0,0,0,0,0,4,1,13
,2019-67587,39.7165275,-104.975748,8/21/2019 22:57,22:57,5,0,0,OGDEN STREET NORTH & 1090 NORTH OGDEN STREET,2,3,0,0,3,2,,0,30,0,0,0,0,0,4,1,13
,2019-67588,39.782403,-104.8489515,8/16/2019 20:22,20:22,3,0,0,PARIS STREET NORTH & 47TH AVENUE EAST,1,3,0,0,1,1,,0,25,0,0,0,0,0,4,2,13
,2019-67589,39.713508,-104.9982795,3/4/2019 10:46,10:46,5,0,0,SANTA FE DRIVE & CEDAR AVENUE WEST,2,1,0,0,1,4,,0,,0,0,0,0,0,4,1,13
,2019-67590,39.741228,-104.999508,4/2/2019 23:59,23:59,15,0,0,SPEER BOULEVARD NORTH & STOUT STREET,1,3,1,0,1,1,,0,45,0,0,0,0,0,4,2,13
,2019-67591,39.73860019,-104.9970264,4/26/2019 13:17,13:17,15,0,0,SPEER BOULEVARD & 500 BLOCK EAST,1,1,1,0,1,4,,0,30,0,0,0,0,0,4,2,13
,2019-67592,39.720456,-104.9791185,1/23/2019 2:04,2:04,8,0,0,SPEER BOULEVARD EAST & WASHINGTON STREET NORTH,1,3,0,0,1,3,,0,,0,0,0,0,0,4,2,13
,2019-67593,39.761667,-104.8987957,1/28/2019 13:52,13:52,5,0,0,SYRACUSE STREET NORTH & 32ND AVENUE EAST,6,1,1,0,3,6,,0,25,0,0,0,0,0,4,1,13
,2019-67594,39.67400199,-104.9594049,9/9/2019 15:50,15:50,9,0,0,UNIVERSITY BOULEVARD SOUTH & 1100 BLOCK SOUTH,1,1,0,0,1,3,,0,30,0,0,0,0,0,4,1,13
,2019-67595,39.746934,-104.959809,5/21/2019 9:10,9:10,5,0,0,YORK STREET NORTH & 4935 NORTH YORK STREET,2,1,0,2,3,4,,0,35,0,0,0,0,0,4,1,10
,2019-67650,39.78690327,-104.791392,3/4/2019 11:13,11:13,9,0,0,PENA BOULEVARD 5000 BLOCK & GREEN VALLEY RANCH BOULEVARD,8,1,0,0,1,4,,0,55,0,0,0,0,0,4,1,13
,2019-67830,39.77122056,-105.0428666,5/25/2019 13:00,13:00,6,0,0,STUART STREET NORTH & 39TH AVENUE WEST,1,1,0,0,1,4,,0,25,0,0,0,0,0,4,2,13
,2019-68058,39.73682777,-104.9669804,3/27/2019 21:06,21:06,6,0,0,13TH AVENUE EAST & GILPIN STREET NORTH,1,3,0,0,1,4,,0,30,0,0,0,0,0,4,2,2
,2019-68079,39.7203746,-105.048536,1/24/2019 21:02,21:02,6,0,0,SECOND AVENUE 4800 WEST & WOLFF STREET NORTH,5,3,1,0,1,4,,0,25,0,0,0,0,0,4,2,13
,2019-68080,39.76804751,-105.0080285,1/31/2019 12:00,12:00,6,0,0,37TH AVENUE WEST & QUIVAS STREET NORTH / 1800 BLOCK WEST,6,1,0,0,1,4,,0,25,0,0,0,0,0,4,2,13
,2019-68090,39.72890433,-104.9973153,11/14/2019 12:12,12:12,6,0,1,EIGHTH AVENUE WEST & INCA STREET NORTH,1,1,1,0,1,4,,0,35,0,0,0,0,1,4,2,10
,2019-68343,39.74896161,-105.0012056,6/14/2019 15:44,15:44,6,0,0,BLAKE STREET & 14TH STREET,1,1,0,0,1,4,,1,35,0,0,0,0,0,4,2,14
,2019-68344,39.77572175,-104.742413,11/4/2019 15:43,15:43,6,0,0,MALAYA STREET NORTH & 42ND AVENUE EAST,1,1,0,0,1,4,,0,25,0,0,0,0,0,4,2,5
,2019-68443,39.73937224,-105.0015607,1/16/2019 7:00,7:00,5,0,0,LIPAN STREET 1400 NORTH & COLFAX AVENUE WEST,1,1,0,0,3,4,,0,,0,0,0,0,0,4,2,13
,2019-68444,39.73990926,-104.9551279,10/15/2019 9:00,9:00,6,0,0,CLAYTON STREET NORTH & COLFAX AVENUE EAST,1,1,0,0,1,4,,0,25,0,0,0,0,0,4,2,13
,2019-68445,39.72181273,-104.9729107,8/9/2019 22:35,22:35,15,0,0,DOWNING STREET NORTH & FOURTH AVENUE EAST,1,4,0,0,1,4,,0,25,0,0,0,0,0,4,2,14
,2019-68446,39.78016447,-105.0016995,6/19/2019 18:01,18:01,6,0,0,LIPAN STREET NORTH & 46TH AVENUE WEST,1,1,0,0,1,4,,0,35,0,0,0,0,0,4,2,3
,2019-68447,39.71920283,-104.9825758,8/22/2019 23:45,23:45,6,0,0,LOGAN STREET NORTH & SECOND AVENUE EAST,1,3,0,0,1,3,,0,25,0,0,0,0,0,4,2,13
,2019-68585,39.73682507,-104.9664098,2/18/2019 14:25,14:25,6,0,0,13TH AVENUE 1700 BLOCK EAST & WILLIAMS STREET NORTH,1,1,0,0,1,4,,0,30,0,0,0,0,0,4,2,13
,2019-68586,39.776608,-104.8110547,3/30/2019 22:24,22:24,5,0,0,46TH AVENUE EAST & GRANBY WAY NORTH,1,3,0,0,2,4,,0,35,0,0,0,0,0,4,1,13
,2019-68587,39.68833515,-105.0132987,12/16/2019 16:11,16:11,5,0,0,GUNNISON PLACE WEST & UMATILLA STREET SOUTH,1,1,0,0,3,4,,0,25,0,0,0,0,0,4,1,14
,2019-68588,39.67305486,-104.9623245,11/14/2019 19:00,19:00,6,0,0,WESLEY AVENUE EAST & GAYLORD STREET SOUTH,1,1,0,0,1,5,,0,15,0,0,0,0,0,4,2,3
,2019-68592,39.77652243,-104.9865914,9/21/2019 16:30,16:30,5,0,0,44TH AVENUE 100 BLOCK EAST & LINCOLN STREET NORTH,1,1,0,0,3,4,,0,25,0,0,0,0,0,4,1,14
,2019-68745,39.78597235,-104.8328088,10/12/2019 2:54,2:54,6,0,1,BILLINGS STREET NORTH & BLACKHAWK WAY NORTH,1,3,0,0,1,4,,0,25,0,0,0,0,2,4,7,5
,2019-68746,39.69507194,-104.9362165,12/11/2019 20:10,20:10,6,0,0,BIRCH STREET SOUTH & ARIZONA AVENUE EAST,1,3,1,0,1,4,,0,25,0,0,0,0,0,4,2,2
,2019-68747,39.76768126,-105.0276029,11/27/2019 23:58,23:58,6,0,0,GROVE STREET 3700 BLOCK NORTH & 37TH AVENUE WEST,5,3,0,0,1,4,,0,25,0,0,0,0,0,4,2,13
,2019-68748,39.77676786,-105.0158533,9/15/2019 11:50,11:50,6,0,0,ZUNI STREET NORTH & 44TH AVENUE WEST,1,1,0,0,1,4,,0,25,0,0,0,0,0,4,2,1
,2019-68757,39.7384831,-105.0486761,9/12/2019 9:02,9:02,6,0,0,14TH AVENUE WEST & WOLFF STREET NORTH,1,1,1,0,1,4,,0,25,0,0,0,0,0,4,2,13
,2019-68887,39.73688612,-104.9820897,6/20/2019 4:15,4:15,6,0,0,13TH AVENUE EAST & LOGAN STREET NORTH,1,3,0,0,1,4,,0,30,0,0,0,0,0,4,2,3
,2019-68888,39.74493392,-104.9942336,1/14/2019 11:58,11:58,5,0,1,15TH STREET & STOUT STREET,1,1,0,0,2,3,,0,35,0,0,0,0,2,4,1,5
,2019-68889,39.71475309,-104.9780364,8/16/2019 14:30,14:30,5,0,0,BAYAUD AVENUE & CLARKSON STREET SOUTH,1,1,0,0,1,4,,0,25,0,0,0,0,0,4,1,14
,2019-68890,39.6893162,-104.952384,12/1/2019 20:58,20:58,5,0,0,FLORIDA AVENUE & 3500 BLOCK WEST,5,3,0,0,2,4,,0,,0,0,0,0,0,4,1,13
,2019-68891,39.63185689,-105.0378672,6/5/2019 18:00,18:00,6,0,0,NEWTON STREET SOUTH & UNION AVENUE WEST,1,2,1,0,1,4,,0,25,0,0,0,0,0,4,2,2
,2019-68893,39.77274372,-104.9659369,6/13/2019 4:16,4:16,6,0,0,WILLIAMS STREET NORTH & 40TH AVENUE EAST,1,3,0,0,1,4,,0,25,0,0,0,0,0,4,2,13
,2019-69026,39.74061617,-104.9911425,5/18/2019 12:35,12:35,5,0,0,14TH STREET 200 BLOCK & COURT PLACE,1,1,0,0,3,4,,0,30,0,0,0,0,0,4,1,14
,2019-69027,39.73844393,-104.9861396,7/13/2019 2:11,2:11,15,0,0,14TH AVENUE EAST & LINCOLN STREET NORTH,1,3,0,0,1,3,,0,30,0,0,0,0,0,4,2,13
,2019-69028,39.74184176,-104.9547693,11/1/2019 14:55,14:55,6,0,0,DETROIT STREET NORTH & 16TH AVENUE EAST,2,1,0,0,1,4,,0,20,0,0,0,0,0,4,2,13
,2019-69029,39.72891058,-104.9228091,4/1/2019 11:08,11:08,12,0,1,HOLLY STREET 700 BLOCK NORTH & EIGHTH AVENUE EAST,1,1,0,0,1,4,,0,30,0,0,0,0,2,4,2,5
,2019-69030,39.70397182,-105.0430622,10/7/2019 14:00,14:00,6,0,0,MORRISON ROAD & WALSH PLACE WEST,1,1,0,0,1,4,,0,30,0,0,0,0,0,4,2,13
,2019-69031,39.7679097,-105.0064495,1/6/2019 19:45,19:45,6,0,0,PECOS STREET 3700 BLOCK NORTH & 38TH AVENUE WEST,1,3,0,0,1,4,,0,25,0,0,0,0,0,4,2,14
,2019-69032,39.77622693,-104.8470291,10/22/2019 15:44,15:44,15,0,0,PEORIA STREET NORTH & 44TH AVENUE EAST,1,1,0,0,1,4,,1,35,0,0,0,0,0,4,2,1
,2019-69168,39.75483094,-105.026111,7/19/2019 6:40,6:40,5,0,0,26TH AVENUE WEST 3000 BLOCK & FEDERAL BOULEVARD NORTH,1,3,0,0,2,4,,0,,0,0,0,0,0,4,1,13
,2019-69169,39.72568732,-105.0007029,4/1/2019 1:10,1:10,5,0,0,SIXTH AVENUE WEST  & KALAMATH AVENUE NORTH,1,3,0,0,2,4,,0,65,0,0,0,0,0,4,1,5
,2019-69170,39.72931018,-105.019484,3/8/2019 20:43,20:43,5,0,0,EIGHTH AVENUE WEST & ZUNI STREET NORTH,2,3,0,1,4,3,,0,30,0,0,0,0,0,4,1,5
,2019-69171,39.69134769,-105.0497304,3/3/2019 16:00,16:00,6,0,0,ARKANSAS AVENUE 4900 BLOCK WEST & XAVIER STREET SOUTH,5,1,0,1,1,4,,0,25,0,0,0,0,0,4,2,1
,2019-69172,39.67473644,-104.8716428,10/25/2019 8:03,8:03,13,0,1,ILIFF AVENUE EAST & PARKER ROAD SOUTH,1,1,0,0,1,3,,0,,0,0,0,0,2,4,2,13
,2019-69173,39.68554755,-105.0501227,3/22/2019 9:00,9:00,6,0,0,YATES WAY 1666 SOUTH & XAVIER STREET SOUTH,1,1,0,0,1,3,,0,25,0,0,0,0,0,4,2,13
,2019-69193,39.625497,-104.9040405,11/18/2019 7:30,7:30,11,0,1,QUEBEC STREET SOUTH & CHENANGO AVENUE EAST,1,1,0,0,1,1,,0,25,0,0,1,0,1,4,2,13
,2019-69219,39.740086,-104.940612,10/19/2019 13:24,13:24,15,0,1,COLFAX AVENUE EAST & COLORADO BOULEVARD NORTH,1,1,0,0,1,1,,0,35,0,0,0,0,2,2,2,14
,2019-69277,39.691919,-104.976427,10/14/2019 12:00,12:00,15,0,0,I25 & UNIVERSITY BOULEVARD SOUTH,1,1,0,0,1,4,,0,65,0,0,0,0,0,1,2,13
,2019-69297,39.711155,-105.022584,10/12/2019 7:01,7:01,9,0,0,ALAMEDA AVENUE WEST & DECATUR STREET SOUTH,1,2,0,0,1,1,,0,40,0,0,0,0,0,2,1,13
,2019-69300,39.667802,-104.866125,7/10/2019 6:25,6:25,12,0,1,HIGHWAY 30 / HAVANA STREET SOUTH & YALE AVENUE EAST,1,1,0,0,1,4,,0,35,0,0,0,0,1,2,2,13
,2019-69329,39.740039,-104.980325,6/20/2019 12:00,12:00,6,0,0,COLFAX AVENUE EAST & 551 EAST COLFAX AVENUE,1,1,0,0,1,4,,0,30,0,0,0,0,0,2,2,13
,2019-69330,39.740083,-104.893946,11/5/2019 17:05,17:05,6,0,0,COLFAX AVENUE EAST & ULSTER STREET NORTH,1,2,0,0,1,4,,0,35,0,0,0,0,0,2,2,1
,2019-69511,39.726183,-105.053139,8/18/2019 22:01,22:01,12,0,0,SHERIDAN BOULEVARD NORTH & HIGHWAY 6 WB RAMPS,1,3,0,0,1,1,,0,35,0,0,0,0,0,2,2,13
,2019-69570,39.635523,-104.89346,11/18/2019 0:23,0:23,12,0,1,I225 & TAMARAC STREET SOUTH,1,3,0,0,1,4,,1,65,0,0,0,0,1,1,2,1
,2019-69661,39.75821851,-104.980067,5/27/2019 21:21,21:21,6,0,0,28TH STREET & 1100 BLOCK,1,3,0,0,1,4,,0,,0,0,0,0,0,4,2,13
,2019-69796,39.735621,-104.890572,11/25/2019 0:30,0:30,5,0,0,12TH AVENUE EAST & VERBENA STREET NORTH,4,3,0,2,3,1,,0,,0,0,0,0,0,4,1,13
,2019-69797,39.758337,-105.009291,8/23/2019 20:00,20:00,12,0,0,16TH STREET & CENTRAL STREET,1,1,0,0,1,1,,0,30,0,0,0,0,0,4,2,13
,2019-69798,39.77087,-104.9727042,11/29/2019 8:53,8:53,5,0,0,38TH STREET & 1700 BLOCK,5,1,1,0,3,4,,0,30,0,0,0,0,0,4,1,13
,2019-69800,39.762,-105.0205095,4/4/2019 20:23,20:23,3,0,0,32ND AVENUE WEST & CLAY STREET NORTH,1,3,0,0,1,1,,0,25,0,0,0,0,0,4,2,13
,2019-69801,39.75712117,-105.0029148,4/1/2019 9:39,9:39,6,0,0,BASSETT STREET & 1700 BLOCK,1,1,0,0,1,4,,0,25,0,0,0,0,0,4,2,3
,2019-69922,39.75511755,-104.9740933,7/24/2019 15:03,15:03,6,0,0,TREMONT STREET & 1600 BLOCK,1,1,0,0,1,4,,0,25,0,0,0,0,0,4,2,13
,2019-69923,39.720456,-104.9791185,7/13/2019 14:52,14:52,3,0,1,WASHINGTON STREET NORTH & SPEER BOULEVARD EAST,1,1,0,0,1,1,,0,30,0,0,0,0,2,4,2,1
,2019-69924,39.739986,-104.963455,1/12/2019 21:00,21:00,6,0,0,COLFAX AVENUE EAST & RACE STREET NORTH,1,3,0,0,1,4,,0,35,0,0,0,0,0,2,2,13
,2019-69930,39.74006,-104.930214,5/31/2019 17:10,17:10,5,0,0,COLFAX AVENUE EAST & ELM STREET NORTH,1,1,0,0,3,2,,0,30,0,0,0,0,0,2,1,13
,2019-69985,39.71133,-104.8921966,12/4/2019 2:35,2:35,5,0,0,ALAMEDA AVENUE EAST & FAIRMOUNT DRIVE,1,3,0,0,3,4,,0,35,0,0,0,0,0,4,1,13
,2019-70014,39.73712467,-104.962251,4/17/2019 15:43,15:43,6,0,0,VINE STREET NORTH & 13TH AVENUE EAST,1,1,0,0,1,4,,0,25,0,0,0,0,0,4,2,8
,2019-70036,39.68395863,-104.969012,4/6/2019 4:00,4:00,6,0,0,COLORADO AVENUE 1500 BLOCK EAST & FRANKLIN STREET SOUTH,1,5,1,0,1,4,,0,30,0,0,0,0,0,4,2,13
,2019-70061,39.73642423,-104.9902445,4/20/2019 19:20,19:20,12,0,0,BANNOCK STREET NORTH & 13TH AVENUE WEST,1,3,0,0,1,4,,0,,0,0,0,0,0,4,2,13
,2019-70081,39.757233,-104.999236,12/15/2019 14:47,14:47,2,0,1,CHESTNUT PLACE 1900 BLOCK & 20TH STREET,1,1,0,0,1,2,,0,,1,0,0,0,2,4,2,14
,2019-70082,39.743358,-104.987375,12/30/2019 8:27,8:27,5,0,1,COURT PLACE & BROADWAY STREET NORTH,5,1,0,0,2,4,,0,25,0,0,0,0,1,4,2,13
,2019-70093,39.748397,-104.998911,12/28/2019 0:50,0:50,6,0,0,15TH STREET & MARKET STREET,1,3,0,0,1,4,,0,30,0,0,0,0,0,4,2,13
,2019-70098,39.741064,-104.953392,11/26/2019 9:22,9:22,6,0,0,FILLMORE STREET & 1542 NORTH,4,1,0,2,1,4,,0,,0,0,0,0,0,4,2,13
,2019-70104,39.736584,-105.0357915,7/31/2019 9:30,9:30,6,0,0,13TH AVENUE WEST & MEADE STREET NORTH,1,1,1,0,1,1,,0,25,0,0,0,0,0,4,2,13
,2019-70105,39.738285,-104.9303835,1/2/2019 17:02,17:02,3,0,0,14TH AVENUE 4900 BLOCK EAST & EUDORA STREET / ELM,1,2,0,0,1,5,,0,15,0,0,0,0,0,4,2,13
,2019-70106,39.753774,-104.998509,1/29/2019 9:35,9:35,12,0,0,18TH STREET & WYNKOOP STREET,5,1,0,0,1,1,,0,,0,0,0,0,0,4,2,13
,2019-70107,39.76018246,-104.9223298,3/17/2019 12:15,12:15,6,0,0,30TH AVENUE & 4435 WEST,1,1,0,0,1,4,,0,,0,0,0,0,0,4,2,13
,2019-70108,39.760767,-104.9737815,7/4/2019 0:00,0:00,3,0,0,32ND STREET & STOUT STREET,2,1,0,1,1,1,,0,25,0,0,0,0,0,4,2,8
,2019-70109,39.768093,-104.8486005,3/18/2019 8:00,8:00,6,0,0,37TH AVENUE EAST & PARIS STREET NORTH,1,4,0,0,1,4,,0,,0,0,0,0,0,4,2,13
,2019-70110,39.782511,-104.876289,10/28/2019 5:45,5:45,3,0,1,NORTHFIELD BOULEVARD EAST & DALLAS STREET NORTH,4,3,0,2,1,1,,0,35,0,0,0,0,1,4,2,13
,2019-70132,39.696625,-104.940562,4/12/2019 16:00,16:00,1,0,0,MISSISSIPPI AVENUE EAST & COLORADO BOULEVARD SOUTH,1,1,0,0,1,1,,0,35,0,0,0,0,0,2,2,13
,2019-70133,39.696625,-104.940562,5/6/2019 21:30,21:30,3,0,0,COLORADO BOULEVARD SOUTH & MISSISSIPPI AVENUE EAST,2,3,0,1,1,1,,0,35,0,0,0,0,0,2,2,13