id,drcog_id,latitude,longitude,crashtime,time,crashtype,numbkilled,numbinjurd,drcoglocat,rdconditin,lightngcon,roadcntgrd,weatherco,location,roaddescrp,schoolzone,constrzone,splimit,bikeinv,sctrinv,pedinv,motoinv,svrty,rdsystem,ttlvehcls,hcf
,2019-70158,39.639767,-104.910596,5/3/2019 12:58,12:58,12,0,0,I25 & HAMPDEN AVENUE EAST,1,1,0,0,1,4,,0,65,0,0,0,0,0,1,2,13
,2019-70211,39.711332,-105.053258,2/5/2019 19:00,19:00,12,0,0,HAMPDEN AVENUE & JEFFERSON AVENUE WEST,1,3,0,0,1,3,,0,45,0,0,0,0,0,2,2,3
,2019-70212,39.711339,-105.053253,3/23/2019 23:03,23:03,12,0,0,ALAMEDA AVENUE WEST & SHERIDAN BOULEVARD SOUTH,1,3,0,0,1,1,,0,40,0,0,0,0,0,2,2,13
,2019-70213,39.711332,-105.053258,3/27/2019 17:04,17:04,3,0,0,SHERIDAN BOULEVARD SOUTH & ALAMEDA AVENUE WEST,1,1,1,0,1,1,,0,40,0,0,0,0,0,2,2,5
,2019-70214,39.711332,-105.053258,5/19/2019 20:35,20:35,12,0,0,ALAMEDA AVENUE WEST & SHERIDAN BOULEVARD SOUTH,2,3,0,1,1,1,,0,,0,0,0,0,0,2,3,13
,2019-70224,39.777546,-104.903402,2/25/2019 6:20,6:20,15,0,0,QUEBEC STREET & I70 EASTBOUND RAMPS,1,2,1,0,1,4,,0,40,0,0,0,0,0,2,2,13
,2019-70227,39.777393,-104.903402,1/19/2019 16:15,16:15,15,0,0,QUEBEC STREET & I70 EASTBOUND RAMPS,1,3,0,0,1,1,,0,45,0,0,0,0,0,2,2,13
,2019-70229,39.776593,-104.903445,7/28/2019 12:40,12:40,15,0,1,QUEBEC STREET / NORTHFIELD NORTH & I70 EASTBOUND OFF RAMP SLIP GORE POINT,1,1,1,0,1,4,,0,45,0,0,0,0,1,2,2,1
,2019-70236,39.74034,-105.025196,1/2/2019 20:50,20:50,15,0,0,COLFAX AVENUE WEST & FEDERAL BOULEVARD NORTH,1,3,0,0,1,1,,0,35,0,0,0,0,0,2,2,13
,2019-70237,39.740349,-105.048711,9/10/2019 11:47,11:47,3,0,0,COLFAX AVENUE WEST & WOLFF STREET NORTH,1,1,0,0,1,1,,0,35,0,0,0,0,0,2,2,9
,2019-70238,39.739996,-104.96569,6/23/2019 17:14,17:14,1,0,0,COLFAX AVENUE EAST & WILLIAMS STREET NORTH,1,1,0,0,1,4,,0,,0,0,0,0,0,2,2,13
,2019-70277,39.772653,-104.831288,2/20/2019 7:15,7:15,12,0,0,I70 EASTBOUND OFF RAMP TO & I225 SOUTHBOUND,9,1,1,0,1,7,,0,55,0,0,0,0,0,1,2,13
,2019-70283,39.674747,-104.870792,9/18/2019 7:08,7:08,3,0,0,PARKER ROAD SOUTH & ILIFF AVENUE EAST,1,1,0,0,1,1,,0,35,0,0,0,1,0,2,3,3
,2019-70284,39.708173,-104.927063,5/10/2019 13:11,13:11,12,0,0,LEETSDALE DRIVE 4100 BLOCK & FOREST STREET SOUTH,1,1,0,0,1,1,,0,35,0,0,0,0,0,2,2,13
,2019-70285,39.708173,-104.927063,5/30/2019 8:47,8:47,12,0,0,LEETSDALE DRIVE & FOREST STREET SOUTH,1,1,0,0,1,1,,0,35,0,0,0,0,0,2,2,13
,2019-70307,39.718462,-105.053276,3/4/2019 15:30,15:30,12,0,1,SHERIDAN BOULEVARD & FIRST AVENUE WEST,1,1,0,0,1,1,,0,35,0,0,0,0,1,2,2,13
,2019-70308,39.691389,-105.053202,11/11/2019 17:34,17:34,15,0,0,SHERIDAN BOULEVARD SOUTH & ARKANSAS AVENUE WEST,1,3,0,0,1,4,,0,40,0,0,0,0,0,2,2,14
,2019-70309,39.729853,-105.053227,7/31/2019 12:30,12:30,15,0,0,SHERIDAN BOULEVARD NORTH & EIGHTH AVENUE WEST,1,1,1,0,1,4,,0,35,0,0,0,0,0,2,2,13
,2019-70310,39.691389,-105.053202,11/14/2019 16:11,16:11,14,0,2,ARKANSAS AVENUE WEST & SHERIDAN BOULEVARD SOUTH,1,1,0,0,1,2,,0,30,0,0,0,0,1,2,2,7
,2019-70311,39.692506,-105.053209,3/31/2019 15:32,15:32,6,0,0,SHERIDAN BOULEVARD SOUTH & WYOMING PLACE WEST,1,1,0,0,1,3,,0,25,0,0,0,0,0,2,2,5
,2019-70312,39.692782,-105.053211,10/20/2019 8:58,8:58,12,0,0,SHERIDAN BOULEVARD SOUTH & LOUISIANA AVENUE,1,1,0,0,1,1,,0,45,0,0,0,0,0,2,2,13
,2019-70313,39.693175,-105.053194,11/23/2019 9:49,9:49,10,0,0,LOUISIANA AVENUE WEST & SHERIDAN BOULEVARD SOUTH,1,1,0,0,1,1,,0,,0,0,0,0,0,2,2,13
,2019-70314,39.694967,-105.053217,10/21/2019 21:28,21:28,5,0,0,SHERIDAN BOULEVARD & 1195 SOUTH,1,3,0,0,2,1,,0,40,0,0,0,0,0,2,1,14
,2019-70315,39.694967,-105.053217,11/22/2019 7:45,7:45,3,0,0,ARIZONA AVENUE WEST & SHERIDAN BOULEVARD SOUTH,5,1,0,2,1,1,,0,35,0,0,0,0,0,2,2,1
,2019-70316,39.695928,-105.053222,12/26/2019 7:59,7:59,12,0,0,SHERIDAN BOULEVARD 1100 BLOCK SOUTH & ARIZONA AVENUE WEST,1,1,0,0,1,4,,0,40,0,0,0,0,0,2,2,13
,2019-70317,39.69558,-105.053225,7/30/2019 17:30,17:30,14,0,0,SHERIDAN BOULEVARD SOUTH & ARIZONA AVENUE WEST,1,1,0,0,1,4,,0,35,0,0,0,0,0,2,2,13
,2019-70326,39.711401,-105.05326,3/21/2019 22:29,22:29,1,0,0,ALAMEDA AVENUE WEST & SHERIDAN BOULEVARD SOUTH,1,3,1,0,1,1,,0,35,0,0,0,0,0,2,2,13
,2019-70331,39.718462,-105.053276,8/1/2019 11:35,11:35,3,0,1,SHERIDAN BOULEVARD NORTH & FIRST AVENUE,1,1,0,0,1,1,,0,35,0,0,0,0,1,2,2,1
,2019-70332,39.719422,-105.053278,11/8/2019 9:36,9:36,12,0,0,SHERIDAN BOULEVARD 100 BLOCK NORTH & FIRST AVENUE WEST,1,1,0,0,1,4,,0,35,0,0,0,0,0,2,2,13
,2019-70336,39.7254,-105.053138,7/12/2019 4:55,4:55,12,0,0,SHERIDAN BOULEVARD NORTH & HIGHWAY 6 EASTBOUND RAMPS,1,3,1,0,1,1,,0,35,0,0,0,1,0,2,2,13
,2019-70338,39.729577,-105.053227,9/8/2019 19:27,19:27,1,0,0,SHERIDAN BOULEVARD NORTH & EIGHTH AVENUE,2,3,0,1,1,1,,0,35,0,0,0,0,0,2,2,13
,2019-70339,39.738453,-105.053214,4/16/2019 12:14,12:14,12,0,0,SHERIDAN BOULEVARD NORTH & 14TH AVENUE WEST,1,1,0,0,1,1,,0,30,0,0,0,0,0,2,2,3
,2019-70340,39.738453,-105.053214,7/1/2019 7:38,7:38,3,0,1,SHERIDAN BOULEVARD NORTH & 14TH AVENUE WEST,1,1,0,0,1,1,,0,35,0,0,0,0,1,2,2,13
,2019-70416,39.740794,-104.970906,12/26/2019 13:15,13:15,6,0,0,LAFAYETTE & 1500 BLOCK NORTH,1,1,0,0,1,4,,0,25,0,0,0,0,0,4,2,13
,2019-70436,39.693114,-105.039644,12/18/2019 11:17,11:17,12,0,0,LOUISIANA 3900 BLOCK WEST & PATTON COUNTY ROAD SOUTH,2,1,1,0,1,4,,0,25,0,0,0,0,0,4,2,13
,2019-70450,39.749202,-104.997402,10/2/2019 9:33,9:33,6,0,0,16TH STREET & LARIMER STREET,1,1,0,0,1,1,,0,25,0,0,0,0,0,4,2,14
,2019-70451,39.74751,-104.977557,2/26/2019 11:00,11:00,3,0,0,20TH AVENUE EAST & CLARKSON COURT NORTH,1,1,0,0,1,1,,0,30,0,0,0,0,0,4,3,13
,2019-70452,39.772368,-104.847579,1/22/2019 8:16,8:16,8,0,0,40TH AVENUE EAST & PEORIA WAY NORTH,10,1,0,2,1,4,,0,25,0,0,0,0,0,4,2,14
,2019-70453,39.6386775,-104.9040855,11/11/2019 14:25,14:25,15,0,1,40TH AVENUE EAST & QUEBEC STREET NORTH,2,1,0,0,1,1,,0,30,0,0,0,0,1,4,2,13
,2019-70454,39.772908,-104.949819,3/19/2019 15:38,15:38,10,0,0,40TH AVENUE EAST & STEELE STREET NORTH,1,1,0,0,1,1,,0,30,0,0,0,0,0,4,2,1
,2019-70455,39.767391,-104.902533,7/9/2019 7:10,7:10,1,0,0,QUEBEC STREET NORTH & 36TH AVENUE EAST,1,1,0,0,1,1,,0,35,0,0,0,0,0,4,2,13
,2019-70456,39.76312069,-104.902749,4/25/2019 2:30,2:30,5,0,0,QUEBEC STREET & 400 SOUTH,1,4,0,0,1,4,,0,,0,0,0,0,0,4,1,8
,2019-70485,39.75993318,-104.9166681,8/9/2019 11:00,11:00,5,0,0,20TH AVENUE EAST & KEARNEY STREET,1,1,0,0,3,5,,0,5,0,0,0,0,0,4,1,13
,2019-70486,39.783294,-104.8219477,9/25/2019 9:15,9:15,6,0,0,BOLLING DRIVE EAST & DILLON STREET NORTH,1,1,0,0,1,4,,0,20,0,0,0,0,0,4,2,1
,2019-70490,39.78588156,-105.0216402,5/26/2019 20:00,20:00,5,0,0,DECATUR STREET NORTH & 49TH AVENUE WEST,1,3,0,0,2,4,,0,,0,0,0,0,0,4,1,13
,2019-70491,39.66899634,-104.9090063,10/4/2019 8:10,8:10,12,0,0,NEWPORT STREET SOUTH & VILLANOVA PLACE EAST,1,1,0,0,1,2,,0,25,0,0,0,0,0,4,2,8
,2019-70492,39.78028574,-104.978493,10/1/2019 9:53,9:53,15,0,0,WASHINGTON STREET 4600 BLOCK NORTH & 47TH AVENUE EAST,1,1,0,0,1,4,,0,30,0,0,0,0,0,4,2,13
,2019-70526,39.76454351,-104.9794559,6/1/2019 17:10,17:10,6,0,0,WALNUT STREET 3165 & 32ND,1,1,0,0,1,4,,0,25,0,0,0,0,0,4,2,1
,2019-70543,39.75372,-104.98635,4/30/2019 8:00,8:00,5,0,0,CURTIS STREET & PARK AVENUE WEST,1,1,0,0,3,5,,0,15,0,0,0,0,0,4,1,14
,2019-70558,39.729087,-104.986152,6/18/2019 8:45,8:45,10,0,0,EIGHTH AVENUE EAST & LINCOLN STREET NORTH,1,1,0,0,1,1,,0,30,0,0,0,0,0,4,2,1
,2019-70559,39.730428,-104.9902515,1/16/2019 13:00,13:00,12,0,0,BANNOCK STREET NORTH & NINTH AVENUE WEST,1,1,0,0,1,4,,0,25,0,0,0,0,0,4,2,14
,2019-70560,39.744018,-104.989779,1/26/2019 14:50,14:50,15,0,0,GLENARM 1600 BLOCK & 17TH STREET,1,1,0,0,1,4,,0,,0,0,0,0,0,4,2,13
,2019-70561,39.75987208,-104.9819017,6/12/2019 12:33,12:33,12,0,1,LARWRENCE STREET & 1300 BLOCK,1,1,0,0,1,3,,0,35,0,0,0,0,1,4,3,12
,2019-70562,39.748446,-105.003369,2/14/2019 14:10,14:10,12,0,1,SPEER BOULEVARD 1600 BLOCK NORTH & AURARIA PARKWAY,1,1,1,0,1,4,,0,35,0,0,0,0,1,4,2,13
,2019-70563,39.71835,-104.9745915,1/12/2019 0:50,0:50,12,0,0,SPEER BOULEVARD & CORONA STREET NORTH,1,1,0,0,1,4,,0,30,0,0,0,0,0,4,2,13
,2019-70564,39.673017,-104.9593905,6/15/2019 11:25,11:25,1,0,2,UNIVERSITY BOULEVARD SOUTH & WESLEY AVENUE EAST,1,1,0,0,1,1,,0,30,0,0,0,0,1,4,2,8
,2019-70568,39.667716,-104.9804652,4/11/2019 8:20,8:20,6,0,0,YALE AVENUE & 2020 WEST,10,1,1,0,1,2,,0,30,0,0,0,0,0,4,2,7
,2019-70589,39.759588,-105.0017805,3/17/2019 13:30,13:30,12,0,1,20TH STREET & LITTLE RAVEN STREET,1,1,0,0,1,4,,0,30,0,0,0,0,1,4,2,3
,2019-70668,39.773187,-104.809932,9/28/2019 13:05,13:05,12,0,1,CHAMBERS ROAD NORTH & 40TH AVENUE EAST,1,1,0,0,1,1,,0,40,0,0,0,0,1,4,2,3
,2019-70719,39.660219,-104.864481,6/28/2019 11:59,11:59,12,0,0,DARTMOUTH AVENUE EAST & BETHANY DRIVE EAST,1,1,0,0,1,4,,0,35,0,0,0,0,0,4,2,13
,2019-70724,39.72555,-104.8753485,2/25/2019 7:10,7:10,12,0,0,DAYTON STREET NORTH & SIXTH AVENUE EAST,1,1,0,0,1,4,,0,30,0,0,0,0,0,4,2,3
,2019-70768,39.776571,-105.0509205,5/23/2019 13:00,13:00,6,0,0,44TH AVENUE WEST & YATES STREET NORTH,1,1,0,0,1,4,,0,30,0,0,0,0,0,4,2,13
,2019-71033,39.741327,-104.9919615,5/14/2019 11:15,11:15,15,0,0,14TH STREET 500 BLOCK & TREMONT PLACE,1,1,0,0,1,4,,0,25,0,0,0,0,0,4,2,13
,2019-71034,39.740895,-104.9889735,1/27/2019 11:20,11:20,15,0,0,15TH STREET 200 BLOCK & CLEVELAND PLACE,1,1,0,0,1,4,,0,30,0,0,0,0,0,4,2,13
,2019-71035,39.752298,-105.0038685,5/9/2019 22:09,22:09,15,0,0,15TH STREET 2000 BLOCK & DELGANY STREET,1,3,0,0,1,4,,0,30,0,0,0,0,0,4,2,7
,2019-71036,39.748797,-104.994459,12/18/2019 17:10,17:10,6,0,0,17TH STREET 1100 BLOCK & ARAPAHOE STREET,1,1,0,0,1,4,,0,25,0,0,0,0,0,4,2,13
,2019-71037,39.744081,-104.9882805,4/20/2019 13:30,13:30,6,0,0,17TH STREET & TREMONT PLACE,1,1,0,0,1,4,,0,25,0,0,0,0,0,4,2,3
,2019-71038,39.752163,-104.998842,8/18/2019 13:47,13:47,12,0,0,17TH STREET & WAZEE STREET,1,1,0,0,1,4,,0,30,0,0,0,0,0,4,2,3
,2019-71039,39.75579,-104.998761,3/16/2019 12:00,12:00,15,0,0,19TH STREET & WEWATTA STREET,1,1,0,0,1,4,,0,,0,0,0,0,0,4,2,13
,2019-71040,39.718188,-104.9593095,10/28/2019 18:45,18:45,12,0,0,FIRST AVENUE 2400 BLOCK EAST & UNIVERSITY BOULEVARD NORTH,2,3,0,0,1,1,,0,30,0,0,0,0,0,4,2,5
,2019-71041,39.759588,-105.0017805,9/24/2019 13:50,13:50,12,0,0,20TH STREET 2100 BLOCK & LITTLE RAVEN STREET,1,1,1,0,1,4,,0,30,0,0,0,0,0,4,2,13
,2019-71042,39.755997,-104.986881,9/30/2019 7:50,7:50,12,0,0,24TH STREET & LAWRENCE STREET,1,1,0,0,1,2,,0,25,0,0,0,0,0,4,2,13
,2019-71043,39.753855,-104.9792715,6/14/2019 15:08,15:08,6,0,0,26TH STREET & WELTON STREET,1,1,0,0,1,3,,0,25,0,0,0,0,0,4,2,8
,2019-71044,39.75813,-104.98239,4/22/2019 8:45,8:45,3,0,0,27TH STREET 1100 BLOCK & ARAPAHOE STREET,1,1,0,0,1,5,,0,15,0,0,0,0,0,4,2,13
,2019-71045,39.76695,-104.9745015,5/19/2019 15:00,15:00,6,0,0,35TH STREET & LARIMER STREET,1,1,0,0,1,4,,0,,0,0,0,0,0,4,2,13
,2019-71046,39.770946,-104.9728005,2/11/2019 14:30,14:30,15,0,0,38TH STREET 1400 BLOCK & BLAKE STREET,1,1,0,0,1,4,,0,30,0,0,0,0,0,4,2,1
,2019-71047,39.772971,-104.975442,7/5/2019 12:23,12:23,12,0,0,38TH STREET & BRIGHTON BOULEVARD NORTH,1,1,0,0,1,1,,0,35,0,0,0,0,0,4,2,9
,2019-71048,39.76938,-105.0486795,8/15/2019 7:45,7:45,12,0,1,38TH AVENUE 4800 WEST & WOLFF STREET NORTH,1,1,0,0,1,4,,0,35,0,0,0,0,2,4,2,13
,2019-71049,39.798396,-104.7873105,1/15/2019 7:05,7:05,15,0,0,56TH AVENUE EAST EASTBOUND ON RAMP & PENA BOULEVARD ENTRANCE GORE,1,1,1,0,1,7,,0,55,0,0,0,0,0,4,2,13
,2019-71050,39.707064,-104.8854105,3/15/2019 7:15,7:15,5,0,1,ALAMEDA AVENUE EAST 8600 BLOCK & XENIA STREET SOUTH,11,1,0,0,2,4,,0,40,0,0,0,0,1,4,1,1
,2019-71051,39.678426,-104.93631,11/22/2019 12:00,12:00,12,0,0,BIRCH STREET 2100 BLOCK & EVANS AVENUE EAST,2,1,0,0,1,2,,0,30,0,0,0,0,0,4,2,13
,2019-71052,39.75239329,-104.9966472,4/22/2019 10:10,10:10,6,0,0,BLAKE STREET 1800 BLOCK & 18TH STREET,1,1,0,0,1,4,,0,25,0,0,0,0,0,4,2,13
,2019-71053,39.754458,-104.993892,2/20/2019 13:48,13:48,6,0,0,BLAKE STREET 2000 BLOCK & 20TH STREET,1,1,0,0,1,4,,0,25,0,0,0,0,0,4,2,14
,2019-71054,39.751713,-104.98374,1/11/2019 9:40,9:40,12,0,0,CALIFORNIA STREET & PARK AVENUE WEST / 2200 BLOCK,6,1,0,2,1,4,,0,30,0,0,0,0,0,4,2,13
,2019-71055,39.700431,-105.0192135,6/15/2019 7:45,7:45,6,0,1,CANOSA COURT 900 BLOCK SOUTH & KENTUCKY AVENUE WEST,1,1,0,0,1,4,,0,25,0,0,0,0,1,4,2,10
,2019-71056,39.696606,-104.921901,12/9/2019 7:45,7:45,12,0,0,CHERRY CREEK EAST DRIVE SOUTH & HOLLY STREET SOUTH,1,1,0,0,1,4,,0,35,0,0,0,0,0,4,2,14
,2019-71057,39.75669,-104.9998815,7/30/2019 8:40,8:40,15,0,0,CHESTNUT STREET & 19TH STREET,1,1,0,0,1,4,,0,25,0,0,0,0,0,4,2,13
,2019-71058,39.74157205,-104.9880189,3/4/2019 9:40,9:40,15,0,0,CLEVELAND PLACE 1500 BLOCK & 16TH STREET,6,1,0,0,1,4,,0,25,0,0,0,0,0,4,2,13
,2019-71059,39.666699,-104.872608,1/12/2019 11:27,11:27,6,0,0,DAYTON WAY 2600 BLOCK SOUTH & ELMIRA STREET SOUTH,5,3,0,2,1,4,,0,25,0,0,0,0,0,4,2,13
,2019-71060,39.783933,-104.818608,12/1/2019 8:00,8:00,6,0,0,DURHAM COURT 4900 BLOCK NORTH & DURHAM CIRCLE NORTH,5,1,0,0,1,4,,0,,0,0,0,0,0,4,2,13
,2019-71061,39.65508,-104.870268,6/9/2019 13:00,13:00,15,0,0,GIRARD AVENUE 10000 BLOCK EAST & GALENA STREET SOUTH,1,1,0,0,1,4,,0,25,0,0,0,0,0,4,2,13
,2019-71062,39.742929,-104.991642,9/16/2019 10:20,10:20,6,0,0,GLENARM PLACE & 15TH STREET,1,1,0,0,1,4,,0,25,0,0,0,0,0,4,2,14
,2019-71063,39.690414,-104.99922,11/23/2019 10:30,10:30,6,0,0,JASON STREET SOUTH & PLATTE RIVER DRIVE SOUTH,1,1,0,0,1,4,,1,30,0,0,0,0,0,4,2,3
,2019-71064,39.75199747,-104.9937177,4/16/2019 14:15,14:15,12,0,0,LARIMER STREET 1900 BLOCK & 19TH STREET,1,1,0,0,1,4,,0,25,0,0,0,0,0,4,2,3
,2019-71065,39.748941,-104.999247,8/13/2019 11:10,11:10,15,0,0,MARKET STREET 1500 BLOCK & 15TH STREET,1,1,0,0,1,4,,0,25,0,0,0,0,0,4,2,13
,2019-71066,39.75266374,-104.9945773,5/28/2019 8:30,8:30,12,0,0,MARKET STREET 1900 BLOCK & 20TH STREET,1,1,0,0,1,4,,0,25,0,0,0,0,0,4,2,14
,2019-71067,39.794661,-104.802588,3/15/2019 15:30,15:30,15,0,0,MAXWELL PLACE EAST & KITTREDGE STREET NORTH,1,1,0,0,1,4,,0,25,0,0,0,0,0,4,2,3
,2019-71068,39.710367,-105.0339915,2/17/2019 2:28,2:28,6,0,0,MORRISON ROAD 3500 & NEVADA PLACE WEST,1,3,0,0,1,4,,0,30,0,0,0,0,0,4,2,13
,2019-71069,39.702204,-105.045579,1/5/2019 19:38,19:38,15,0,1,MORRISON ROAD 4400 BLOCK & OHIO AVENUE WEST,1,3,0,0,1,4,,0,35,0,0,0,0,2,4,2,13
,2019-71070,39.702204,-105.045579,3/25/2019 18:14,18:14,10,0,1,MORRISON ROAD 4400 BLOCK & OHIO AVENUE WEST,1,1,0,0,1,4,,0,35,0,0,0,0,2,4,2,1
,2019-71071,39.702087,-105.04575,12/4/2019 21:17,21:17,6,0,0,MORRISON ROAD 4400 BLOCK & UTICA STREET SOUTH,1,3,0,0,1,4,,0,,0,0,0,0,0,4,2,13
,2019-71072,39.740994,-104.9697315,2/1/2019 18:25,18:25,12,0,1,PARK AVENUE WEST 1500 BLOCK & HUMBOLDT STREET,1,2,0,0,1,4,,0,30,0,0,0,0,1,4,2,10
,2019-71073,39.751056,-104.9828805,5/10/2019 19:41,19:41,12,0,0,PARK AVENUE 500 BLOCK & WELTON STREET,1,2,0,0,1,4,,0,35,0,0,0,0,0,4,2,13
,2019-71074,39.83354995,-104.7221005,8/15/2019 8:10,8:10,12,0,1,PENA BOULEVARD 7500 BLOCK & 75TH AVENUE EAST,1,1,0,0,1,4,,0,55,0,0,0,0,1,4,3,14
,2019-71075,39.73563,-104.90346,3/7/2019 8:10,8:10,12,0,2,QUEBEC STREET NORTH & 12TH AVENUE EAST,1,1,0,0,1,4,,0,40,0,0,0,0,1,4,3,3
,2019-71076,39.638664,-104.89266,7/27/2019 13:15,13:15,12,0,0,QUINCY AVENUE EAST & TAMARAC STREET SOUTH,1,1,0,0,1,4,,0,25,0,0,0,0,0,4,2,13
,2019-71077,39.738726,-104.9968575,1/8/2019 8:30,8:30,15,0,0,SPEER BOULEVARD NORTH 1400 BLOCK & 14TH AVENUE WEST,1,1,0,0,1,4,,0,30,0,0,0,0,0,4,2,13
,2019-71078,39.73537461,-104.9945765,2/4/2019 9:25,9:25,15,0,0,SPEER BOULEVARD 1200 BLOCK NORTH & 14TH AVENUE EAST,1,1,0,0,1,3,,0,30,0,0,0,0,0,4,2,13
,2019-71079,39.748518,-105.0031305,11/15/2019 15:55,15:55,15,0,0,SPEER BOULEVARD 1500 BLOCK NORTH & BLAKE STREET,1,1,0,0,1,4,,0,5,0,0,0,0,0,4,2,13
,2019-71080,39.750039,-105.0049305,9/18/2019 23:12,23:12,12,0,1,SPEER BOULEVARD NORTH & CHOPER CIRCLE,1,3,2,0,1,4,,0,35,0,0,0,0,2,4,2,7
,2019-71081,39.71835,-104.9745915,9/6/2019 13:10,13:10,15,0,0,SPEER BOULEVARD EAST & CORONA STREET NORTH,1,1,0,0,1,3,,0,35,0,0,0,0,0,4,2,13
,2019-71082,39.723435,-104.9837895,10/26/2019 12:50,12:50,15,0,1,SPEER BOULEVARD 200 BLOCK EAST & GRANT STREET NORTH,1,1,0,0,1,4,,0,35,0,0,0,0,1,4,2,1
,2019-71083,39.755214,-105.0129315,11/13/2019 10:30,10:30,15,0,0,SPEER BOULEVARD NORTH & I25 NORTHBOUND OFF RAMP,1,1,1,0,1,4,,0,35,0,0,0,0,0,4,2,1
,2019-71084,39.750201,-105.0047415,10/26/2019 13:20,13:20,12,0,0,SPEER BOULEVARD NORTH & WEWATTA STREET,1,1,1,0,1,4,,0,35,0,0,0,0,0,4,3,13
,2019-71085,39.791844,-104.8377825,4/6/2019 23:00,23:00,6,0,1,TOPEKA COURT NORTH & ELMENDORF PLACE EAST,1,3,0,0,1,2,,0,25,0,0,0,0,1,4,2,5
,2019-71086,39.74131453,-104.9918683,3/4/2019 10:00,10:00,12,0,0,TREMONT PLACE 1400 BLOCK & 14TH STREET,6,1,0,0,1,4,,0,25,0,0,0,0,0,4,2,14
,2019-71087,39.74954696,-105.0020299,2/2/2019 17:55,17:55,12,0,1,WAZEE STREET 1400 BLOCK & 15TH,1,3,1,0,1,4,,0,30,0,0,0,0,1,4,2,13
,2019-71088,39.74544,-104.9900985,3/18/2019 13:55,13:55,6,0,0,WELTON STREET & 17TH STREET,1,1,0,0,1,4,,0,25,0,0,0,0,0,4,2,13
,2019-71090,39.752883,-104.9993775,12/10/2019 12:10,12:10,6,0,0,WYNKOOP STREET 1700 BLOCK & 17TH STREET,1,1,0,0,1,4,,0,25,0,0,0,0,0,4,2,13
,2019-71259,39.701862,-105.004251,4/9/2019 11:57,11:57,1,0,0,OSAGE STREET 700 BLOCK SOUTH & OHIO AVENUE WEST,1,1,1,0,1,2,,0,25,0,0,0,0,0,4,2,3
,2019-71277,39.791034,-105.00642,6/23/2019 17:28,17:28,12,0,0,PECOS STREET & 52ND AVENUE,1,1,0,0,1,1,,0,35,0,0,0,0,0,4,3,13
,2019-71332,39.732084,-104.940783,11/16/2019 9:00,9:00,15,0,0,COLORADO BOULEVARD NORTH & 10TH AVENUE EAST,1,1,1,0,1,4,,0,30,0,0,0,0,0,4,2,7
,2019-71333,39.744657,-104.996358,7/5/2019 10:28,10:28,12,0,0,14TH STREET & CHAMPA STREET,1,1,0,0,1,4,,0,25,0,0,0,0,0,4,3,14
,2019-71334,39.751623,-105.002991,4/17/2019 13:51,13:51,6,0,0,15TH STREET & WEWATTA STREET,1,2,0,0,1,4,,0,25,0,0,0,0,0,4,2,13
,2019-71335,39.748131,-104.9935905,7/11/2019 13:43,13:43,15,0,0,17TH STREET & CURTIS STREET,1,1,0,0,1,3,,0,25,0,0,0,0,0,4,2,14
,2019-71336,39.75417,-104.9893335,9/3/2019 11:45,11:45,6,0,0,22ND STREET & LAWRENCE STREET,1,1,0,0,1,3,,0,25,0,0,0,0,0,4,2,14
,2019-71337,39.773394,-104.938344,9/24/2019 0:00,0:00,6,0,0,40TH AVENUE EAST & ALBION STREET NORTH,1,3,0,0,1,4,,0,30,0,0,0,0,0,4,2,5
,2019-71338,39.778425,-104.9683995,2/13/2019 8:37,8:37,15,0,0,BRIGHTON BOULEVARD NORTH & 44TH AVENUE EAST,1,3,0,0,1,4,,0,35,0,0,0,0,0,4,2,13
,2019-71339,39.733839,-104.9873895,4/9/2019 11:10,11:10,12,0,0,BROADWAY STREET NORTH & 11TH AVENUE EAST,1,1,0,0,1,3,,0,30,0,0,0,0,0,4,3,13
,2019-71340,39.719349,-104.987502,5/22/2019 17:20,17:20,15,0,0,BROADWAY NORTH & SECOND AVENUE EAST,1,1,0,0,1,3,,0,30,0,0,0,0,0,4,2,5
,2019-71341,39.72564,-104.9874435,10/4/2019 12:06,12:06,12,0,0,BROADWAY STREET NORTH & SIXTH AVENUE EAST,1,1,0,0,1,3,,0,35,0,0,0,0,0,4,3,13
,2019-71342,39.729087,-104.987412,2/22/2019 11:32,11:32,6,0,0,BROADWAY STREET 899 NORTH & EIGHTH AVENUE WEST,1,1,0,0,1,4,,0,30,0,0,0,0,0,4,2,14
,2019-71343,39.73383,-104.99166,5/2/2019 7:12,7:12,6,0,0,CHEROKEE NORTH & 11TH AVENUE WEST,1,1,0,0,1,4,,0,25,0,0,0,0,0,4,2,14
,2019-71344,39.743811,-104.9566815,4/14/2019 17:28,17:28,12,0,0,CITY PARK ROAD 9 & 17TH AVENUE EAST,1,1,0,0,1,4,,0,10,0,0,0,0,0,4,2,13
,2019-71345,39.782511,-104.876289,4/22/2019 12:23,12:23,6,0,0,DALLAS STREET NORTH & 47TH AVENUE EAST,1,1,0,1,1,4,,0,35,0,0,0,0,0,4,2,7
,2019-71346,39.7369113,-104.9928717,3/7/2019 10:56,10:56,6,0,0,DELAWARE STREET 1300 BLOCK NORTH & 13TH AVENUE,6,1,0,0,1,4,,0,25,0,0,0,0,0,4,2,14
,2019-71347,39.678507,-104.9734395,7/22/2019 17:10,17:10,15,0,0,DOWNING STREET SOUTH & EVANS AVENUE EAST,1,1,0,0,1,3,,0,30,0,0,0,0,0,4,4,13