id,drcog_id,latitude,longitude,crashtime,time,crashtype,numbkilled,numbinjurd,drcoglocat,rdconditin,lightngcon,roadcntgrd,weatherco,location,roaddescrp,schoolzone,constrzone,splimit,bikeinv,sctrinv,pedinv,motoinv,svrty,rdsystem,ttlvehcls,hcf
,2019-71348,39.713058,-104.99355,9/18/2019 14:00,14:00,6,0,0,ELATI STREET SOUTH & CEDAR AVENUE EAST,1,1,0,0,1,4,,0,25,0,0,0,0,0,4,2,8
,2019-71349,39.738375,-104.961006,9/4/2019 17:01,17:01,15,0,0,GAYLORD STREET NORTH & 14TH AVENUE EAST / 1400 BLOCK NORTH,1,1,0,0,1,4,,0,25,0,0,0,0,0,4,2,14
,2019-71350,39.70566,-104.9617125,2/6/2019 10:06,10:06,6,0,0,GAYLORD SOUTH 600 BLOCK SOUTH & CENTER AVENUE EAST,4,1,0,2,1,4,,0,25,0,0,0,0,0,4,2,14
,2019-71351,39.705705,-104.9839605,5/14/2019 15:20,15:20,6,0,0,GRANT STREET SOUTH & CENTER AVENUE EAST,1,1,0,0,1,3,,0,25,0,0,0,0,0,4,2,7
,2019-71352,39.758499,-105.026841,4/21/2019 11:16,11:16,6,0,0,GROVE STREET NORTH & 29TH AVENUE WEST,1,1,0,0,1,4,,0,25,0,0,0,0,0,4,2,3
,2019-71353,39.741948,-104.941881,4/2/2019 20:55,20:55,6,0,0,HARRISON STREET 1640 NORTH & 16TH AVENUE EAST,1,3,0,0,1,4,,0,25,0,0,0,0,0,4,3,13
,2019-71354,39.681243,-104.922252,11/13/2019 16:00,16:00,6,0,1,HOLLY STREET SOUTH & ATLANTIC PLACE EAST,1,1,0,0,1,3,,0,25,0,0,0,0,1,4,4,2
,2019-71355,39.740409,-105.0298605,4/15/2019 16:40,16:40,15,0,0,IRVING STREET 1500 BLOCK NORTH & COLFAX AVENUE WEST,1,1,1,0,1,4,,0,30,0,0,0,0,0,4,2,13
,2019-71356,39.711447,-104.9425605,10/19/2019 15:00,15:00,15,0,0,JACKSON STREET SOUTH & ALAMEDA AVENUE EAST,1,1,0,0,1,3,,0,25,0,0,0,0,0,4,2,13
,2019-71357,39.833469,-104.692932,7/7/2019 9:40,9:40,10,0,0,JACKSON GAP STREET NORTH & PENA BOULEVARD,1,1,0,0,1,4,,0,30,0,0,0,0,0,4,2,13
,2019-71358,39.735072,-104.958648,3/5/2019 18:04,18:04,6,0,0,JOSEPHINE STREET NORTH & 12TH AVENUE EAST,1,3,0,0,1,4,,0,30,0,0,0,0,0,4,2,7
,2019-71360,39.747474,-104.9746905,7/15/2019 12:16,12:16,6,0,0,OGDEN STREET NORTH & 20TH AVENUE EAST,1,1,0,0,1,4,,0,25,0,0,0,0,0,4,2,13
,2019-71361,39.7494414,-104.9952252,2/20/2019 12:34,12:34,15,0,2,LAWRENCE STREET 1700 BLOCK & 17TH STREET,1,1,0,0,1,4,,0,25,0,0,0,0,1,4,2,14
,2019-71362,39.730419,-104.9861385,2/13/2019 14:45,14:45,10,0,0,LINCOLN STREET 900 BLOCK NORTH & NINTH AVENUE EAST,1,1,0,0,1,2,,0,30,0,0,0,0,0,4,2,14
,2019-71363,39.722616,-104.982624,2/10/2019 7:00,7:00,6,0,0,LOGAN STREET NORTH & SPEER BOULEVARD,1,1,0,0,1,4,,0,25,0,0,0,0,0,4,2,3
,2019-71364,39.738456,-105.034608,6/2/2019 19:34,19:34,14,0,0,LOWELL BOULEVARD NORTH & 14TH AVENUE WEST,1,1,0,0,1,4,,0,25,0,0,0,0,0,4,2,13
,2019-71365,39.768147,-104.972121,3/22/2019 19:02,19:02,15,0,0,MARION STREET NORTH & 37TH AVENUE EAST,2,3,0,1,1,4,,0,30,0,0,0,0,0,4,2,1
,2019-71366,39.762027,-104.97213,4/15/2019 13:25,13:25,6,0,0,MARION STREET NORTH & MLK BOULEVARD EAST,1,1,0,0,1,4,,0,25,0,0,0,0,0,4,2,7
,2019-71367,39.76929,-105.0029595,3/13/2019 12:00,12:00,6,0,0,MARIPOSA STREET NORTH & 38TH AVENUE WEST,4,1,0,2,1,4,,0,25,0,0,0,0,0,4,2,1
,2019-71368,39.755457,-104.991048,8/7/2019 16:35,16:35,6,0,0,MARKET STREET & 22ND AVENUE,1,1,0,0,1,4,,0,35,0,0,0,0,0,4,2,14
,2019-71369,39.795768,-104.76567,7/11/2019 3:20,3:20,6,0,0,MAXWELL PLACE EAST & CATHAY STREET NORTH,1,3,0,0,1,4,,0,20,0,0,0,0,0,4,3,7
,2019-71370,39.624219,-104.91192,8/10/2019 9:28,9:28,5,0,0,MONACO STREET SOUTH & BELLEVIEW AVENUE EAST,1,1,0,1,2,4,,0,35,0,0,0,0,0,4,1,1
,2019-71371,39.6954,-104.9129685,8/23/2019 8:34,8:34,3,0,0,MONACO STREET SOUTH & ARIZONA AVENUE EAST,1,1,0,0,1,2,,0,35,0,0,0,0,0,4,2,13
,2019-71372,39.691431,-104.912901,3/8/2019 13:01,13:01,6,0,0,MONACO STREET 1200 BLOCK SOUTH & CHERRY CREEK DRIVE,1,1,0,0,1,4,,0,35,0,0,0,0,0,4,2,14
,2019-71373,39.703887,-104.9129595,9/9/2019 7:57,7:57,15,0,0,MONACO STREET SOUTH & EXPOSITION AVENUE EAST,1,1,0,0,1,3,,0,35,0,0,0,0,0,4,2,13
,2019-71374,39.689343,-104.912901,1/28/2019 15:49,15:49,12,0,0,MONACO STREET 1400 BLOCK SOUTH & FLORIDA AVENUE EAST,5,1,0,0,1,4,,0,35,0,0,0,0,0,4,2,1
,2019-71375,39.765726,-104.9948415,7/30/2019 22:47,22:47,12,0,0,PARK AVENUE WEST & GLOBEVILLE ROAD NORTH,1,3,0,0,1,3,,0,,0,0,0,0,0,4,3,13
,2019-71376,39.798396,-104.7873105,3/4/2019 11:35,11:35,12,0,0,PENA BOULEVARD & 56TH AVENUE EAST,2,1,0,0,1,4,,0,65,0,0,0,0,0,4,2,13
,2019-71377,39.798396,-104.7873105,10/10/2019 8:10,8:10,12,0,0,PENA BOULEVARD & 56TH AVENUE,4,1,0,2,1,4,,0,,0,0,0,0,0,4,2,13
,2019-71378,39.711213,-105.00066,7/2/2019 15:30,15:30,5,0,0,PLATTE RIVER DRIVE SOUTH & ALAMEDA AVENUE WEST,1,1,0,0,3,3,,0,25,0,0,0,0,0,4,1,3
,2019-71379,39.752217,-104.903433,2/1/2019 9:30,9:30,12,0,0,QUEBEC STREET & 24TH AVENUE EAST,1,1,0,0,1,4,,0,35,0,0,0,0,0,4,3,7
,2019-71380,39.758445,-105.021369,3/6/2019 23:37,23:37,14,0,0,SPEER BOULEVARD NORTH & 29TH AVENUE WEST,5,3,0,2,1,4,,0,35,0,0,0,0,0,4,2,13
,2019-71381,39.756339,-105.015852,3/5/2019 7:32,7:32,15,0,0,SPEER BOULEVARD NORTH & ZUNI STREET NORTH / 2400 BLOCK NORTH,1,1,1,0,1,4,,0,35,0,0,0,0,0,4,3,13
,2019-71382,39.821868,-104.7720285,5/3/2019 7:25,7:25,12,0,0,TOWER ROAD NORTH & 69TH AVENUE EAST,1,1,0,0,1,4,,0,40,0,0,0,0,0,4,3,3
,2019-71383,39.77172,-105.012369,9/18/2019 20:17,20:17,6,0,0,UMATILLA STREET NORTH & 40TH AVENUE WEST,1,3,0,0,1,4,,0,,0,0,0,0,0,4,2,13
,2019-71384,39.733866,-104.97852,3/8/2019 7:56,7:56,12,0,1,WASHINGTON STREET 1100 BLOCK NORTH & 11TH AVENUE EAST,1,1,0,0,1,4,,0,25,0,0,0,0,1,4,2,14
,2019-71385,39.750201,-105.0047415,7/30/2019 8:14,8:14,15,0,0,WEWATTA STREET & SPEER BOULEVARD NORTH,1,1,0,0,1,3,,0,30,0,0,0,0,0,4,2,3
,2019-71386,39.738366,-104.959818,2/20/2019 11:12,11:12,15,0,0,YORK STREET NORTH & 14TH AVENUE EAST,1,1,0,0,1,4,,0,25,0,0,0,0,0,4,2,12
,2019-71387,39.753216,-104.9598,5/10/2019 10:37,10:37,14,0,0,YORK STREET NORTH & 25TH AVENUE EAST,1,1,0,0,1,4,,0,35,0,0,0,0,0,4,2,14
,2019-71388,39.773943,-104.959431,6/7/2019 14:40,14:40,12,0,0,YORK STREET NORTH & 41ST AVENUE EAST,1,1,0,0,1,3,,0,35,0,0,0,0,0,4,2,3
,2019-71443,39.755457,-104.991048,9/16/2019 6:44,6:44,15,0,0,22ND STREET 1400 BLOCK & MARKET STREET,1,1,0,0,1,4,,0,25,0,0,0,0,0,4,2,13
,2019-71445,39.725658,-104.9863095,7/1/2019 11:05,11:05,15,0,0,LINCOLN STREET NORTH 600 BLOCK & SIXTH AVENUE EAST,1,1,0,0,1,3,,0,30,0,0,0,0,0,4,2,13
,2019-71446,39.798396,-104.7873105,6/22/2019 11:55,11:55,15,0,0,PENA BOULEVARD & 56TH AVENUE EAST,1,1,0,0,1,4,,0,60,0,0,0,0,0,4,2,1
,2019-71447,39.798396,-104.7873105,12/18/2019 9:10,9:10,15,0,0,PENA BOULEVARD 6500 BLOCK & 56TH AVENUE EAST,1,1,0,0,1,4,,0,65,0,0,0,0,0,4,2,14
,2019-71448,39.783609,-104.791392,11/14/2019 15:15,15:15,12,0,0,PENA BOULEVARD 4900 BLOCK & GREEN VALLEY RANCH BOULEVARD,1,1,0,0,1,4,,0,,0,0,0,0,0,4,2,7
,2019-71449,39.8356515,-104.6717595,6/6/2019 17:15,17:15,15,0,0,PENA BOULEVARD 8400 BLOCK & SHADY GROVE STREET,1,1,0,0,1,4,,0,,0,0,0,0,0,4,2,7
,2019-71450,39.719421,-104.95944,7/1/2019 16:13,16:13,12,0,0,UNIVERSITY BOULEVARD NORTH 200 BLOCK & SECOND AVENUE EAST,1,1,0,1,1,4,,0,30,0,0,0,0,0,4,2,8
,2019-71451,39.715272,-104.959323,1/17/2019 18:13,18:13,12,0,0,UNIVERSITY & CHERRY CREEK,1,3,0,0,1,4,,0,30,0,0,0,0,0,4,4,13
,2019-71454,39.77172,-105.0171668,4/27/2019 23:00,23:00,6,0,0,40TH AVENUE & 20941 EAST,1,1,0,0,1,4,,0,25,0,0,0,0,0,4,2,13
,2019-71455,39.736476,-104.931531,9/10/2019 22:38,22:38,5,0,0,13TH AVENUE EAST & DAHLIA STREET NORTH,1,3,1,0,2,3,,0,30,0,0,0,0,0,4,1,13
,2019-71541,39.7255275,-105.0361785,7/13/2019 5:26,5:26,5,0,0,HIGHWAY 6 FRONTAGE ROAD SOUTH  & MEADE STREET NORTH,1,2,0,0,3,4,,0,30,0,0,0,0,0,4,1,13
,2019-71548,39.73383,-104.9902515,6/25/2019 16:49,16:49,3,0,1,11TH AVENUE WEST & BANNOCK STREET SOUTH,1,1,0,0,1,5,,0,15,0,0,0,0,1,4,2,13
,2019-71549,39.736782,-104.956272,7/3/2019 14:50,14:50,3,0,0,13TH AVENUE EAST & ELIZABETH STREET NORTH,1,1,0,0,1,5,,0,30,0,0,0,0,0,4,3,1
,2019-71550,39.738402,-104.96844,7/11/2019 12:48,12:48,15,0,0,14TH AVENUE EAST & FRANKLIN STREET NORTH,1,1,0,0,1,1,,0,30,0,0,0,0,0,4,2,14
,2019-71551,39.747357,-104.999841,3/7/2019 9:16,9:16,6,0,0,14TH STREET & LARIMER STREET,6,1,0,0,1,1,,0,25,0,0,0,0,0,4,2,14
,2019-71552,39.747456,-104.992722,6/24/2019 16:31,16:31,15,0,0,17TH STREET & CHAMPA STREET / 800 BLOCK,1,1,0,0,1,4,,0,25,0,0,0,0,0,4,2,3
,2019-71553,39.754323,-104.99427,6/10/2019 18:50,18:50,15,0,0,20TH STREET & BLAKE STREET,1,1,0,0,1,3,,0,35,0,0,0,0,0,4,2,13
,2019-71554,39.747537,-104.9799015,11/10/2019 17:51,17:51,6,0,0,20TH AVENUE EAST & PEARL STREET NORTH,1,1,0,0,1,4,,0,30,0,0,0,0,0,4,2,14
,2019-71555,39.750705,-104.960988,9/19/2019 17:58,17:58,12,0,0,23RD AVENUE EAST & GAYLORD STREET NORTH,1,1,0,0,1,4,,0,25,0,0,0,0,0,4,2,7
,2019-71556,39.77019,-105.025239,8/3/2019 11:30,11:30,14,0,0,DENVER PLACE WEST & FEDERAL BOULEVARD NORTH,1,1,0,0,1,3,,0,25,0,0,0,0,0,4,2,13
,2019-71557,39.763242,-105.0112305,11/8/2019 9:18,9:18,6,0,0,33RD AVENUE WEST & TEJON STREET NORTH / 2000 BLOCK WEST,1,1,0,0,1,4,,0,25,0,0,0,0,0,4,2,14
,2019-71558,39.775338,-105.006438,7/8/2019 19:59,19:59,3,0,0,43RD AVENUE WEST & PECOS STREET NORTH,1,1,0,0,1,5,,0,25,0,0,0,0,0,4,2,13
,2019-71559,39.782376,-104.854851,2/19/2019 7:01,7:01,12,0,0,47TH AVENUE & MOLINE STREET NORTH,1,1,0,0,1,2,,0,20,0,0,0,0,0,4,2,1
,2019-71560,39.798396,-104.7873105,5/16/2019 9:24,9:24,14,0,0,56TH AVENUE EAST & PENA BOULEVARD,1,1,0,0,1,3,,0,40,0,0,0,0,0,4,2,14
,2019-71561,39.725631,-104.9775615,10/19/2019 10:20,10:20,6,0,0,SIXTH AVENUE EAST  & CLARKSON STREET NORTH,1,1,0,0,1,3,,0,35,0,0,0,0,0,4,2,3
,2019-71562,39.725487,-104.9035005,11/15/2019 10:07,10:07,12,0,0,SIXTH AVENUE EAST  & QUEBEC STREET SOUTH,1,1,0,0,1,4,,0,30,0,0,0,0,0,4,2,8
,2019-71563,39.727323,-104.998608,4/19/2019 17:33,17:33,6,0,0,SEVENTH AVENUE WEST & SANTA FE DRIVE NORTH,1,1,0,0,1,4,,0,25,0,0,0,0,0,4,2,3
,2019-71564,39.729087,-104.987412,3/7/2019 16:19,16:19,15,0,0,EIGHTH AVENUE EAST & BROADWAY STREET NORTH,1,1,0,0,1,4,,0,30,0,0,0,0,0,4,2,14
,2019-71565,39.72933,-105.0197985,3/18/2019 7:30,7:30,15,0,0,EIGHTH AVENUE WEST & CANOSA COURT NORTH,1,1,0,0,1,4,,0,35,0,0,0,0,0,4,2,14
,2019-71566,39.729123,-104.9439825,2/8/2019 12:06,12:06,15,0,0,EIGHTH AVENUE 3700 BLOCK EAST & GARFIELD STREET NORTH,6,1,0,0,1,4,,0,25,0,0,0,0,0,4,2,14
,2019-71567,39.711348,-104.9035005,1/6/2019 10:45,10:45,12,0,2,ALAMEDA AVENUE 7300 BLOCK EAST & QUEBEC STREET,1,1,0,0,1,4,,0,40,0,0,0,0,2,4,2,13
,2019-71568,39.776031,-104.8297005,2/12/2019 11:21,11:21,6,0,0,ALBROOK DRIVE EAST & DILLON STREET NORTH,1,1,0,0,1,4,,0,25,0,0,0,0,0,4,3,14
,2019-71569,39.730986,-104.9383305,4/30/2019 9:40,9:40,6,0,0,ASH STREET NORTH & NINTH AVENUE EAST,1,1,0,0,1,1,,0,25,0,0,0,0,0,4,2,5
,2019-71570,39.714732,-104.9803515,10/16/2019 18:35,18:35,6,0,0,BAYAUD AVENUE EAST & PEARL STREET SOUTH,1,1,0,0,1,3,,0,25,0,0,0,0,0,4,2,14
,2019-71571,39.780648,-104.813451,11/5/2019 7:01,7:01,6,0,0,BOLLING DRIVE EAST & FONTANA COURT NORTH,1,1,0,0,1,4,,0,25,0,0,0,0,0,4,2,14
,2019-71572,39.764448,-104.9404995,5/9/2019 17:05,17:05,15,0,0,BRUCE RANDOLPH AVENUE EAST & COLORADO BOULEVARD NORTH,2,1,0,1,1,3,,0,25,0,0,0,0,0,4,2,1
,2019-71573,39.682764,-104.959332,2/17/2019 7:17,7:17,12,0,0,BUCHTEL BOULEVARD & UNIVERSITY BOULEVARD SOUTH,1,2,1,0,1,4,,0,55,0,0,0,0,0,4,2,14
,2019-71574,39.705642,-104.992218,3/4/2019 19:20,19:20,6,0,0,CETNER AVENUE WEST & CHEROKEE STREET SOUTH,5,3,0,0,1,4,,0,25,0,0,0,0,0,4,2,1
,2019-71575,39.668544,-105.0250815,7/10/2019 13:29,13:29,6,0,0,COLLEGE AVENUE WEST & FEDERAL BOULEVARD SOUTH,1,1,0,0,1,4,,0,25,0,0,0,0,0,4,2,3
,2019-71576,39.668544,-105.0250815,12/12/2019 7:58,7:58,10,0,0,COLLEGE AVENUE 2900 BLOCK WEST & FEDERAL BOULEVARD SOUTH,1,1,0,0,1,4,,0,25,0,0,0,0,0,4,2,13
,2019-71577,39.709287,-104.9803695,10/23/2019 10:21,10:21,15,0,0,DAKOTA AVENUE EAST & PEARL STREET SOUTH,1,1,0,0,1,4,,0,25,0,0,0,0,0,4,2,13
,2019-71578,39.678426,-104.9339308,10/7/2019 13:40,13:40,12,0,0,EVANS AVENUE EAST & I25 NORTHBOUND OFF RAMP SLIP,1,1,0,0,1,7,,0,30,0,0,0,0,0,4,2,14
,2019-71579,39.678633,-105.025032,11/13/2019 15:59,15:59,3,0,0,EVANS AVENUE WEST & FEDERAL BOULEVARD SOUTH,1,1,0,0,1,2,,0,15,0,0,0,0,0,4,2,7
,2019-71580,39.678426,-104.9336685,8/14/2019 6:40,6:40,12,0,0,EVANS AVENUE EAST & I25,1,1,1,0,1,4,,0,35,0,0,0,0,0,4,2,12
,2019-71581,39.689487,-105.0250815,2/25/2019 18:22,18:22,12,0,1,FLORIDA AVENUE WEST & FEDERAL BOULEVARD SOUTH,1,3,0,0,1,4,,0,30,0,0,0,0,1,4,2,7
,2019-71582,39.689397,-104.992092,7/30/2019 14:30,14:30,3,0,0,FLORIDA AVENUE WEST & SANTA FE DRIVE SOUTH,1,1,0,0,1,2,,0,25,0,0,0,1,0,4,2,3
,2019-71583,39.671568,-104.875299,4/19/2019 20:44,20:44,6,0,0,HARVARD AVENUE EAST & DAYTON WAY SOUTH,1,4,1,0,1,4,,0,30,0,0,0,0,0,4,2,13
,2019-71584,39.687588,-104.98878,5/9/2019 15:00,15:00,5,0,0,IOWA AVENUE WEST & ACOMA STREET SOUTH,1,1,0,0,3,5,,0,15,0,0,0,0,0,4,1,13
,2019-71585,39.687678,-105.025059,7/14/2019 21:38,21:38,6,0,0,IOWA AVENUE WEST & FEDERAL BOULEVARD SOUTH,1,3,0,0,1,4,,0,25,0,0,0,0,0,4,2,13
,2019-71586,39.753891,-104.99139,9/6/2019 14:45,14:45,15,0,0,LARIMER STREET & 21ST STREET,1,1,0,0,1,4,,0,25,0,0,0,0,0,4,2,14
,2019-71587,39.719943,-104.890932,10/23/2019 6:45,6:45,12,0,0,LOWRY BOULEVARD EAST & UINTA STREET NORTH,1,2,0,0,1,4,,0,35,0,0,0,0,0,4,2,13
,2019-71588,39.76047189,-104.9828977,2/9/2019 19:15,19:15,6,0,0,MARKET STREET 1400 BLOCK & LARIMER STREET ALLE,1,4,0,0,1,5,,0,15,0,0,0,0,0,4,2,14
,2019-71589,39.685689,-104.9373495,11/22/2019 14:10,14:10,12,0,0,MEXICO AVENUE EAST & BELLAIRE STREET SOUTH,2,1,0,0,1,2,,0,25,0,0,0,0,0,4,2,3
,2019-71590,39.69657,-104.940738,11/4/2019 17:00,17:00,1,0,0,MISSISSIPPI AVENUE EAST & COLORADO BOULEVARD SOUTH,1,1,0,0,1,2,,0,25,0,0,0,0,0,4,2,3
,2019-71591,39.696768,-105.0264,5/2/2019 12:35,12:35,15,0,0,MISSISSIPPI AVENUE WEST & GROVE STREET SOUTH,1,1,0,0,1,5,,0,10,0,0,0,0,0,4,2,13
,2019-71592,39.762027,-104.97213,3/21/2019 14:15,14:15,12,0,0,MLK BOULEVARD EAST & MARION STREET NORTH,1,1,0,0,1,3,,0,30,0,0,0,0,0,4,2,1
,2019-71593,39.686274,-105.0520905,11/9/2019 12:32,12:32,6,0,0,OREGON PLACE WEST & ZENOBIA STREET SOUTH,1,1,0,0,1,3,,0,25,0,0,0,1,0,4,2,12
,2019-71594,39.78785643,-104.7906994,5/9/2019 23:01,23:01,15,0,0,PENA BOULEVARD 7300 BLOCK & E470 NORTHBOUND ENTRANCE GORE POINT,1,4,0,0,1,4,,0,65,0,0,0,0,0,4,2,13
,2019-71595,39.78785643,-104.7906994,6/15/2019 11:15,11:15,15,0,1,PENA BOULEVARD 7400 BLOCK & E470 NORTHBOUND ENTRANCE GORE POINT,1,1,0,0,1,4,,0,65,0,0,0,0,1,4,2,8
,2019-71596,39.696633,-104.985081,2/10/2019 0:13,0:13,3,0,0,SHERMAN STREET SOUTH & MISSISSIPPI AVENUE EAST,1,3,0,0,1,1,,0,25,0,0,0,0,0,4,2,13
,2019-71597,39.772296,-104.906601,2/19/2019 12:53,12:53,12,0,0,SMITH ROAD 7000 EAST & OLIVE STREET NORTH,1,1,0,2,1,4,,0,35,0,0,0,0,0,4,2,1
,2019-71598,39.755214,-105.0129315,10/11/2019 9:47,9:47,15,0,0,SPEER BOULEVARD NORTH & I25 NORTHBOUND ON RAMP,1,1,1,0,1,4,,0,35,0,0,0,0,0,4,2,13
,2019-71599,39.778686,-104.912874,4/2/2019 11:13,11:13,12,0,0,STAPLETON NORTH EAST 6500 BLOCK & MONACO STREET NORTH,1,1,0,0,1,3,,0,35,0,0,0,0,0,4,3,13
,2019-71601,39.770262,-104.9719725,5/20/2019 8:22,8:22,15,0,0,WALNUT STREET & 38TH STREET,2,1,0,0,1,3,,0,30,0,0,0,0,0,4,2,13
,2019-71602,39.667689,-104.971158,2/20/2019 7:22,7:22,1,0,0,YALE AVENUE 1100 BLOCK EAST & LAFAYETTE STREET SOUTH,2,1,0,0,1,2,,0,30,0,0,0,0,0,4,2,13
,2019-71607,39.667707,-104.9863095,2/20/2019 20:01,20:01,6,0,0,YALE AVENUE EAST & LINCOLN STREET SOUTH,1,4,0,0,1,4,,0,30,0,0,0,0,0,4,2,13
,2019-71617,39.624201,-104.8853295,11/6/2019 8:27,8:27,3,0,0,BELLEVIEW AVENUE EAST  & YOSEMITE STREET SOUTH,1,1,1,0,1,2,,0,30,0,0,0,0,0,4,2,13
,2019-71622,39.718377,-105.0532785,3/18/2019 8:14,8:14,3,0,0,FIRST AVENUE WEST & SHERIDAN BOULEVARD,1,1,0,0,1,2,,0,30,0,0,0,0,0,4,2,13
,2019-71664,39.650508,-105.0530805,1/18/2019 18:08,18:08,5,0,0,KENYON AVENUE WEST & SHERIDAN BOULEVARD SOUTH,5,3,1,2,2,4,,0,25,0,0,0,0,0,4,1,13
,2019-71665,39.833469,-104.692932,7/3/2019 15:00,15:00,15,0,0,PENA BOULEVARD OUTBOUND 7600 BLOCK & JACKSON GAP STREET,1,1,0,0,1,4,,0,,0,0,0,0,0,4,3,7
,2019-71669,39.75948,-104.959782,10/5/2019 9:00,9:00,5,0,0,YORK STREET NORTH & 30TH AVENUE EAST,1,4,0,0,2,3,,0,35,0,0,0,0,0,4,1,1
,2019-71747,39.733947,-105.046929,4/30/2019 9:00,9:00,6,0,0,11TH AVENUE WEST & WINONA COURT,1,1,0,0,1,4,,0,25,0,0,0,0,0,4,2,14
,2019-71748,39.742506,-104.988681,11/4/2019 16:18,16:18,15,0,0,16TH STREET & COURT PLACE,1,1,0,0,1,3,,0,30,0,0,0,0,0,4,2,3
,2019-71749,39.74544,-104.9900985,6/26/2019 9:38,9:38,6,0,1,17TH STREET & WELTON STREET,1,1,0,0,1,4,,0,25,0,0,0,0,1,4,2,14
,2019-71750,39.745206,-105.009579,9/5/2019 13:54,13:54,10,0,2,SEVENTH STREET & AURARIA PARKWAY,1,1,0,0,1,3,,0,30,0,0,0,0,1,4,2,8
,2019-71751,39.730437,-104.988852,2/18/2019 7:30,7:30,6,0,0,ACOMA STREET NORTH & NINTH AVENUE WEST,4,1,0,2,1,4,,0,25,0,0,0,0,0,4,2,14
,2019-71752,39.719412,-104.9485815,10/28/2019 14:00,14:00,6,0,0,ADAMS STREET NORTH & SECOND AVENUE EAST,4,1,0,0,1,3,,0,25,0,0,0,0,0,4,3,3
,2019-71753,39.747627,-105.0053805,4/5/2019 20:34,20:34,15,0,0,AURARIA PARKWAY & 11TH STREET,1,3,0,0,1,4,,0,,0,0,0,0,0,4,2,1
,2019-71754,39.720933,-104.987502,10/29/2019 17:00,17:00,6,0,0,BROADWAY STREET NORTH & THIRD AVENUE EAST,5,1,0,2,1,3,,0,30,0,0,0,0,0,4,2,1
,2019-71755,39.719349,-104.987502,11/5/2019 17:00,17:00,10,0,0,BROADWAY STREET NORTH & SECOND AVENUE WEST,1,1,0,0,1,2,,0,30,0,0,0,0,0,4,2,3
,2019-71756,39.700251,-104.987511,4/23/2019 12:45,12:45,15,0,0,BROADWAY STREET SOUTH & KENTUCKY AVENUE WEST,1,1,0,0,1,4,,0,35,0,0,0,0,0,4,2,13
,2019-71757,39.775041,-104.8099185,3/24/2019 11:03,11:03,5,0,0,CHAMBERS ROAD NORTH 4400 BLOCK & ANDREWS DRIVE EAST,1,1,0,0,3,4,,0,30,0,0,0,0,0,4,1,7
,2019-71758,39.746772,-104.9921286,2/9/2019 9:23,9:23,6,0,0,17TH STREET 818 BLOCK & STOUT STREET,12,4,0,0,1,4,,0,35,0,0,0,0,0,4,2,13
,2019-71759,39.741939,-104.99985,11/4/2019 17:10,17:10,15,0,0,CHAMPA STREET & SPEER BOULEVARD NORTH,1,4,0,0,1,3,,0,35,0,0,0,0,0,4,2,13
,2019-71760,39.733686,-104.977602,11/14/2019 2:10,2:10,6,0,1,CLARKSON STREET NORTH & 11TH AVENUE EAST,1,3,0,0,1,4,,0,30,0,0,0,0,2,4,8,5
,2019-71761,39.740013,-104.97762,2/8/2019 2:35,2:35,6,0,0,CLARKSON STREET NORTH & COLFAX AVENUE EAST,5,3,0,0,1,4,,0,30,0,0,0,0,0,4,2,8
,2019-71762,39.740193,-104.9574015,8/30/2019 13:30,13:30,15,0,0,COLUMBINE STREET 1400 NORTH & COLFAX AVENUE EAST,1,1,0,0,1,4,,0,30,0,0,0,0,0,4,2,8
,2019-71763,39.776391,-104.947533,6/13/2019 11:26,11:26,6,0,0,COOK STREET NORTH & 43RD AVENUE EAST,1,1,0,0,1,4,,0,25,0,0,0,0,0,4,3,13
,2019-71764,39.740013,-104.9929515,3/14/2019 12:57,12:57,12,0,0,DELAWARE STREET NORTH & COLFAX AVENUE WEST,1,1,0,0,1,4,,0,25,0,0,0,0,0,4,2,14
,2019-71765,39.738402,-104.973039,5/5/2019 0:01,0:01,6,0,0,DOWNING STREET NORTH & 14TH AVENUE EAST,1,3,0,0,1,3,,0,25,0,0,0,0,0,4,3,1
,2019-71766,39.63569368,-104.8937998,12/20/2019 17:10,17:10,15,0,0,DTC BOULEVARD & I225 NORTHBOUND ON SLIP RAMP,1,2,0,0,1,4,,0,25,0,0,0,0,0,4,2,13
,2019-71767,39.716226,-104.9485815,4/17/2019 16:00,16:00,6,0,0,ELLSWORTH AVENUE EAST & ADAMS STREET SOUTH,1,1,0,0,1,4,,0,25,0,0,0,0,0,4,2,13
,2019-71768,39.764502,-104.9683815,4/28/2019 14:30,14:30,6,0,1,FRANKLIN STREET NORTH & BRUCE RANDOLPH AVENUE EAST,1,1,0,0,1,4,,0,25,0,0,0,0,1,4,3,10
,2019-71769,39.772863,-104.8658895,9/20/2019 14:09,14:09,3,0,0,HAVANA STREET NORTH  & 40TH AVENUE EAST,1,1,0,0,1,2,,0,35,0,0,0,0,0,4,2,13
,2019-71770,39.768489,-104.86575,3/21/2019 8:02,8:02,1,0,0,HAVANA STREET NORTH & SMITH ROAD,1,1,0,0,1,2,,0,35,0,0,0,0,0,4,2,13
,2019-71771,39.783789,-104.9222295,5/24/2019 9:17,9:17,3,0,0,HOLLY STREET NORTH & 48TH AVENUE EAST,1,1,0,0,1,2,,0,5,0,0,0,0,0,4,2,14