id,drcog_id,latitude,longitude,crashtime,time,crashtype,numbkilled,numbinjurd,drcoglocat,rdconditin,lightngcon,roadcntgrd,weatherco,location,roaddescrp,schoolzone,constrzone,splimit,bikeinv,sctrinv,pedinv,motoinv,svrty,rdsystem,ttlvehcls,hcf
,2019-71772,39.687525,-104.915331,5/6/2019 18:50,18:50,6,0,0,IOWA AVENUE EAST & LEYDEN STREET,1,1,0,0,1,4,,0,25,0,0,0,0,0,4,2,13
,2019-71773,39.831858,-104.69295,1/11/2019 21:54,21:54,15,0,0,JACKSON GAP ROAD SOUTHBOUND MERGE LANE & 75TH AVENUE,4,3,0,2,1,3,,0,35,0,0,0,0,0,4,2,7
,2019-71774,39.764466,-104.942862,6/28/2019 21:52,21:52,6,0,0,JACKSON STREET NORTH & BRUCE RANDOLPH AVENUE EAST,1,4,0,0,1,4,,0,25,0,0,0,0,0,4,2,5
,2019-71775,39.68568,-104.9430195,6/26/2019 12:52,12:52,12,0,0,JACKSON STREET SOUTH & MEXICO STREET EAST,1,1,0,0,1,2,,0,25,0,0,0,0,0,4,2,13
,2019-71776,39.794517,-104.86134,9/20/2019 9:10,9:10,6,0,0,JOLIET STREET NORTH & 54TH AVENUE EAST,1,1,0,0,1,2,,0,25,0,0,0,0,0,4,2,13
,2019-71777,39.73221945,-104.9589931,5/4/2019 21:35,21:35,6,0,0,JOSEPHINE STREET 1000 BLOCK NORTH & 11TH AVENUE EAST,1,3,0,0,1,4,,0,30,0,0,0,0,0,4,2,5
,2019-71778,39.740112,-104.9588415,9/23/2019 12:30,12:30,3,0,0,JOSEPHINE STREET NORTH & COLFAX AVENUE EAST,1,1,0,0,1,2,,0,15,0,0,0,0,0,4,2,1
,2019-71779,39.732093,-105.0001695,5/1/2019 13:40,13:40,6,0,1,KALAMATH STREET NORTH & 10TH AVENUE WEST,2,1,0,0,1,4,,0,35,0,0,0,0,2,4,5,3
,2019-71780,39.667698,-105.031881,4/22/2019 8:15,8:15,6,0,0,KNOX COURT & YALE STREET WEST,1,1,1,1,1,4,,0,25,0,0,0,0,0,4,2,14
,2019-71781,39.760425,-104.982948,6/29/2019 1:10,1:10,1,0,0,LARIMER STREET & 28TH STREET,1,3,0,0,1,4,,0,,0,0,0,0,0,4,3,13
,2019-71782,39.760461,-104.9815665,4/6/2019 0:03,0:03,6,0,0,LAWRENCE STREET 2837 BLOCK & 28TH AVENUE EAST,1,3,0,0,1,4,,0,25,0,0,0,0,0,4,2,13
,2019-71783,39.71115,-104.9863905,5/21/2019 15:38,15:38,12,0,0,LINCOLN STREET SOUTH & ALAMEDA AVENUE EAST,1,1,0,0,1,3,,0,30,0,0,0,0,0,4,2,3
,2019-71784,39.746187,-104.9861025,9/11/2019 13:36,13:36,6,0,0,LINCOLN STREET NORTH & 19TH AVENUE EAST,1,1,0,0,1,4,,0,25,0,0,0,0,0,4,2,14
,2019-71785,39.737196,-104.981967,2/1/2019 9:49,9:49,6,0,0,LOGAN STREET 1300 BLOCK NORTH & 14TH AVENUE EAST,1,1,0,0,1,4,,0,25,0,0,0,0,0,4,2,14
,2019-71786,39.741678,-104.9823495,4/8/2019 10:04,10:04,15,0,1,LOGAN STREET NORTH & 16TH AVENUE EAST,1,1,0,0,1,4,,0,25,0,0,0,0,1,4,2,14
,2019-71787,39.69117,-104.9827905,9/6/2019 14:00,14:00,6,0,0,LOGAN STREET SOUTH & ARKANSAS AVENUE EAST,1,1,0,0,1,4,,0,30,0,0,0,0,0,4,2,13
,2019-71789,39.740364,-105.034599,3/7/2019 10:39,10:39,6,0,0,LOWELL BOULEVARD 1500 BLOCK NORTH & COLFAX AVENUE WEST,1,1,1,0,1,5,,0,25,0,0,0,0,0,4,2,13
,2019-71790,39.667698,-105.0349725,7/27/2019 21:00,21:00,6,0,0,LOWELL BOULEVARD SOUTH & YALE AVENUE WEST,1,3,0,0,1,4,,0,,0,0,0,0,0,4,2,5
,2019-71791,39.71466,-104.9461695,11/4/2019 16:00,16:00,6,0,0,MADISON STREET SOUTH & BAYAUD AVENUE EAST,1,1,0,0,1,4,,0,25,0,0,0,0,0,4,2,13
,2019-71792,39.740085,-105.0052095,4/30/2019 10:40,10:40,1,0,3,OSAGE STREET 1400 BLOCK NORTH & COLFAX AVENUE WEST,1,1,0,0,1,2,,0,35,0,0,0,0,1,4,2,14
,2019-71793,39.759291,-104.993892,11/21/2019 7:16,7:16,5,0,0,PARK AVENUE WEST & WEWATTA STREET,5,1,0,2,2,3,,0,30,0,0,0,0,0,4,4,14
,2019-71794,39.78785643,-104.7906994,3/2/2019 18:26,18:26,5,0,0,PENA BOULEVARD & 80TH AVENUE EAST,4,3,0,2,3,4,,0,45,0,0,0,0,0,4,1,7
,2019-71797,39.774213,-104.84712,5/9/2019 17:48,17:48,12,0,0,PEORIA STREET NORTH & I70 EASTBOUND RAMPS,2,2,1,1,1,4,,0,30,0,0,0,0,0,4,4,5
,2019-71798,39.774213,-104.84712,5/23/2019 21:23,21:23,15,0,1,PEORIA STREET NORTH & I70 EASTBOUND RAMPS,2,3,0,0,1,4,,1,35,0,0,0,0,1,4,2,8
,2019-71799,39.711312,-105.039702,7/31/2019 8:00,8:00,5,0,0,PERRY STREET SOUTH & ALAMEDA AVENUE WEST,1,1,1,0,2,4,,0,30,0,0,0,0,0,4,1,14
,2019-71800,39.74022,-104.903469,12/12/2019 12:10,12:10,12,0,0,QUEBEC STREET NORTH & COLFAX AVENUE EAST,1,1,1,0,1,3,,0,30,0,0,0,0,0,4,2,13
,2019-71801,39.738483,-105.0416685,9/3/2019 6:00,6:00,6,0,0,RALEIGH STREET NORTH & 14TH AVENUE WEST,1,1,0,0,1,4,,0,25,0,0,0,0,0,4,2,13
,2019-71802,39.711186,-104.997132,4/18/2019 15:15,15:15,15,0,0,SANTA FE DRIVE SOUTH & ALAMEDA AVENUE EAST,1,1,0,0,1,3,,0,35,0,0,0,0,0,4,2,3
,2019-71803,39.728943,-104.9906115,10/20/2019 14:11,14:11,15,0,0,SPEER BOULEVARD NORTH & EIGHTH AVENUE WEST,1,1,0,0,1,3,,0,35,0,0,0,0,0,4,2,13
,2019-71804,39.740229,-104.998968,2/20/2019 7:35,7:35,12,0,0,SPEER BOULEVARD NORTHBOUND & COLFAX AVENUE WEST,1,1,0,0,1,4,,0,35,0,0,0,0,0,4,2,14
,2019-71805,39.740229,-104.998968,12/6/2019 19:08,19:08,15,0,0,SPEER BOULEVARD NORTH & COLFAX AVENUE WEST,1,3,0,0,1,4,,0,30,0,0,0,0,0,4,2,13
,2019-71806,39.752343,-105.0075585,8/10/2019 6:00,6:00,5,0,0,SPEER BOULEVARD & ELITCH CIRCLE,1,2,0,0,3,4,,0,35,0,0,0,0,0,4,1,13
,2019-71807,39.737871,-104.9964615,9/11/2019 17:50,17:50,15,0,0,SPEER BOULEVARD NORTH & GALAPAGO STREET NORTH,1,1,0,0,1,4,,0,30,0,0,0,0,0,4,2,1
,2019-71808,39.740211,-104.8975695,10/1/2019 16:50,16:50,8,0,0,SPRUCE STREET NORTH & COLFAX AVENUE EAST,1,1,0,0,1,4,,0,25,0,0,0,0,0,4,2,7
,2019-71810,39.716244,-104.9499585,5/6/2019 12:00,12:00,12,0,0,STEELE STREET & ELLSWORTH AVENUE EAST,1,1,0,0,1,4,,0,25,0,0,0,0,0,4,2,13
,2019-71811,39.71466,-104.949972,2/18/2019 6:35,6:35,15,0,0,STEELE STREET SOUTH & BAYAUD AVENUE EAST,5,1,0,2,1,4,,0,30,0,0,0,0,0,4,2,13
,2019-71813,39.667743,-105.044832,5/1/2019 11:20,11:20,6,0,0,UTICA STREET 2700 BLOCK SOUTH & YALE AVENUE WEST,1,1,1,0,1,4,,0,25,0,0,0,0,0,4,2,3
,2019-71814,39.771126,-105.04629,9/20/2019 17:27,17:27,6,0,0,VRAIN STREET NORTH & 39TH AVENUE WEST,1,1,0,0,1,3,,0,25,0,0,0,0,0,4,2,13
,2019-71815,39.763881,-104.9801895,10/11/2019 23:00,23:00,6,0,0,WALNUT STREET & 31ST STREET,1,3,0,0,1,4,,0,35,0,0,0,0,0,4,4,13
,2019-71816,39.779478,-104.9792895,3/4/2019 13:17,13:17,15,0,0,WASHINGTON STREET NORTH & I70,1,1,1,0,1,4,,0,35,0,0,0,0,0,4,2,13
,2019-71818,39.750138,-104.9841,5/29/2019 8:12,8:12,15,0,0,WELTON STREET & 22ND STREET,1,1,0,0,1,4,,0,25,0,0,0,0,0,4,2,14
,2019-71819,39.731274,-105.0140925,2/18/2019 10:42,10:42,5,0,0,WYANDOT STREET 930 NORTH & MULBERRY PLACE WEST,2,1,0,0,3,4,,0,35,0,0,0,0,0,4,2,14
,2019-71820,39.693168,-105.051879,1/29/2019 10:13,10:13,12,0,0,ZENOBIA STREET SOUTH & LOUISIANA AVENUE WEST,5,1,0,0,1,3,,0,25,0,0,0,0,0,4,2,7
,2019-71825,39.63411,-105.034761,8/25/2019 4:30,4:30,6,0,0,LOWELL BOULEVARD SOUTH & TUFTS AVENUE WEST,1,2,0,0,1,4,,0,35,0,0,0,0,0,4,3,5
,2019-71885,39.7448673,-104.9860632,8/21/2019 12:01,12:01,12,0,0,LINCOLN STREET 1800 BLOCK NORTH & 19TH AVENUE EAST,1,1,0,0,1,4,,0,30,0,0,0,0,0,4,2,13
,2019-71886,39.833388,-104.771979,3/4/2019 9:50,9:50,12,0,1,PENA BOULEVARD 7100 BLOCK & TOWER ROAD,1,1,1,0,1,4,,0,65,0,0,0,0,2,4,2,13
,2019-71887,39.833388,-104.771979,12/28/2019 7:30,7:30,5,0,0,PENA BOULEVARD 7000 BLOCK & TOWER ROAD NORTH,4,1,1,2,2,4,,0,65,0,0,0,0,0,4,1,7
,2019-71893,39.743793,-104.947659,7/7/2019 1:45,1:45,6,0,0,17TH AVENUE EAST & COOK STREET NORTH,1,3,0,0,1,4,,0,30,0,0,0,0,0,4,2,5
,2019-71894,39.743748,-104.941881,4/14/2019 3:16,3:16,6,0,0,17TH AVENUE EAST & HARRISON STREET NORTH,1,3,0,0,1,4,,0,35,0,0,0,0,0,4,2,5
,2019-71895,39.708144,-104.879142,6/25/2019 19:43,19:43,15,0,0,ALAMEDA AVENUE EAST  & CLINTON STREET SOUTH,1,1,0,0,1,4,,0,35,0,0,0,0,0,4,2,1
,2019-71940,39.771126,-105.0497595,1/25/2019 9:22,9:22,6,0,0,39TH AVENUE WEST & XAVIER STREET NORTH,4,1,0,0,1,4,,0,25,0,0,0,0,0,4,2,14
,2019-71944,39.704913,-105.0250815,8/9/2019 17:37,17:37,6,0,0,GILL PLACE WEST & FEDERAL BOULEVARD SOUTH,1,1,0,0,1,3,,0,25,0,0,0,0,0,4,2,5
,2019-71969,39.73383,-104.9848695,11/22/2019 6:16,6:16,6,0,0,11TH AVENUE EAST & SHERMAN STREET NORTH,4,1,2,2,1,3,,0,25,0,0,0,0,0,4,3,13
,2019-71970,39.738438,-104.992929,4/19/2019 10:20,10:20,15,0,0,14TH AVENUE & DELAWARE STREET,1,1,0,0,1,4,,0,30,0,0,0,0,0,4,2,13
,2019-71971,39.745566,-104.995152,2/6/2019 12:07,12:07,6,0,0,15TH STREET & CHAMPA STREET,4,1,0,2,1,1,,0,25,0,0,0,0,0,4,2,14
,2019-71972,39.741462,-104.9077215,11/12/2019 11:43,11:43,3,0,0,16TH AVENUE EAST & STREET PAUL STREET NORTH,1,1,1,0,1,5,,0,25,0,0,0,0,0,4,2,14
,2019-71973,39.751308,-104.980761,5/7/2019 18:24,18:24,6,0,0,24TH STREET & GLENARM TREMONT,1,1,0,0,1,5,,0,25,0,0,0,0,0,4,3,13
,2019-71974,39.758814,-104.86305,10/28/2019 11:50,11:50,6,0,0,29TH AVENUE EAST & HAVANA STREET NORTH,2,1,0,2,1,4,,0,30,0,0,0,0,0,4,2,13
,2019-71975,39.762126,-105.035769,7/2/2019 9:10,9:10,15,0,0,32ND AVENUE WEST & MEADE STREET NORTH,1,1,0,0,1,3,,0,25,0,0,0,0,0,4,2,13
,2019-71976,39.763791,-104.9240115,9/15/2019 1:00,1:00,6,0,0,33RD AVENUE EAST & HUDSON STREET NORTH,1,3,0,0,1,4,,0,30,0,0,0,0,0,4,3,1
,2019-71977,39.765636,-105.0041025,2/26/2019 15:42,15:42,6,0,0,35TH AVENUE WEST & NAVAJO STREET NORTH,1,1,1,0,1,4,,0,25,0,0,0,0,0,4,2,3
,2019-71978,39.768129,-104.958558,10/11/2019 7:17,7:17,10,0,0,37TH AVENUE EAST & JOSEPHINE STREET NORTH,1,1,0,0,1,2,,0,25,0,0,0,0,0,4,2,14
,2019-71979,39.76929,-105.025239,4/8/2019 14:18,14:18,12,0,0,38TH AVENUE WEST & FEDERAL BOULEVARD NORTH,1,1,0,0,1,3,,0,30,0,0,0,0,0,4,2,3
,2019-71980,39.720933,-104.9837985,10/15/2019 15:40,15:40,6,0,0,THIRD AVENUE EAST & GRANT STREET NORTH,1,1,0,0,1,3,,0,25,0,0,0,0,0,4,2,14
,2019-71981,39.774024,-104.912829,6/18/2019 7:48,7:48,12,0,0,42ND AVENUE 6200 BLOCK EAST & MONACO STREET NORTH,1,1,0,0,1,4,,0,30,0,0,0,0,0,4,2,14
,2019-71982,39.77793,-104.8506705,10/28/2019 12:00,12:00,14,0,0,45TH AVENUE EAST & PARIS STREET,11,1,0,2,1,4,,0,25,0,0,0,0,0,4,2,7
,2019-71983,39.798387,-104.8612995,2/14/2019 15:17,15:17,15,0,2,56TH AVENUE EAST & JOLIET STREET NORTH,1,1,0,0,1,4,,0,35,0,0,0,0,2,4,5,13
,2019-71984,39.724146,-104.989203,11/13/2019 14:00,14:00,14,0,0,FIFTH AVENUE EAST & ACOMA STREET NORTH,1,1,0,0,1,3,,0,25,0,0,0,0,0,4,2,13
,2019-71985,39.7258065,-105.002829,3/7/2019 13:45,13:45,12,0,0,SIXTH AVENUE WEST & MARIPOSA STREET NORTH,1,1,0,0,1,4,,0,35,0,0,0,0,0,4,2,7
,2019-71987,39.728241,-105.039459,6/12/2019 14:57,14:57,6,0,0,SEVENTH AVENUE WEST & PERRY STREET NORTH,1,1,0,0,1,2,,0,25,0,0,0,0,0,4,2,3
,2019-71988,39.729132,-104.9407785,6/23/2019 10:17,10:17,6,0,0,EIGHTH AVENUE EAST & COLORADO BOULEVARD NORTH,1,1,0,0,1,4,,0,30,0,0,0,0,0,4,2,13
,2019-71989,39.728907,-104.996439,7/20/2019 17:00,17:00,6,0,0,EIGHTH AVENUE WEST & GALAPAGO STREET NORTH,2,1,0,0,1,4,,0,35,0,0,0,0,0,4,2,1
,2019-71990,39.729321,-105.0132105,8/23/2019 7:35,7:35,15,0,0,EIGHTH AVENUE WEST & VALLEJO STREET NORTH,1,1,1,0,1,3,,0,30,0,0,0,0,0,4,2,1
,2019-71991,39.729456,-105.051042,3/5/2019 9:34,9:34,12,0,0,EIGHTH AVENUE WEST & YATES STREET NORTH,5,1,1,0,1,4,,0,25,0,0,0,0,0,4,2,13
,2019-71992,39.725649,-105.0057585,5/17/2019 7:55,7:55,12,0,0,HIGHWAY 6 WB ON RAMP & SEMINOLE STREET NORTH,1,1,0,0,1,7,,0,25,0,0,0,0,0,4,2,7
,2019-71993,39.711123,-104.968692,2/18/2019 9:02,9:02,12,0,0,ALAMEDA AVENUE EAST & FRANKLIN STREET SOUTH,2,1,0,0,1,3,,0,30,0,0,0,0,0,4,3,13
,2019-71994,39.775041,-104.8099185,9/5/2019 0:00,0:00,12,0,1,ANDREWS DRIVE EAST & CHAMBERS ROAD NORTH,1,1,0,0,1,3,,0,25,0,0,0,0,1,4,2,12
,2019-71995,39.780297,-104.8253895,11/4/2019 7:35,7:35,5,0,0,ANDREWS DRIVE EAST & DAVENPORT STREET NORTH,1,1,0,0,2,3,,0,30,0,0,0,0,0,4,1,10
,2019-71996,39.678435,-104.9407425,4/14/2019 10:00,10:00,3,0,0,EVANS AVENUE EAST & COLORADO BOULEVARD SOUTH,1,1,0,0,1,2,,0,35,0,0,0,0,0,4,2,12
,2019-71998,39.678444,-104.912892,7/17/2019 13:12,13:12,3,0,0,EVANS AVENUE EAST & MONACO PARKWAY SOUTH,1,1,0,0,1,2,,0,15,0,0,0,0,0,4,2,13
,2019-72000,39.689487,-105.0250815,5/16/2019 5:16,5:16,3,0,0,FLORIDA AVENUE WEST & FEDERAL BOULEVARD SOUTH,1,1,0,0,1,2,,0,30,0,0,0,0,0,4,2,7
,2019-72001,39.784887,-104.815188,2/26/2019 13:10,13:10,5,0,2,GATEWAY AVENUE EAST & ENID WAY NORTH,1,1,0,0,2,4,,0,25,0,0,0,0,2,4,1,14
,2019-72002,39.741057,-104.9940225,11/14/2019 9:13,9:13,6,0,0,GLENARM PLACE & 13TH STREET,1,1,0,0,1,3,,0,25,0,0,0,0,0,4,2,13
,2019-72003,39.68226,-105.025032,12/6/2019 9:20,9:20,15,0,0,JEWELL AVENUE 3000 BLOCK WEST & FEDERAL BOULEVARD SOUTH,1,1,0,0,1,4,,0,30,0,0,0,0,0,4,2,13
,2019-72004,39.682287,-105.053202,6/7/2019 12:46,12:46,15,0,0,JEWELL AVENUE 5200 BLOCK WEST & SHERIDAN BOULEVARD SOUTH,1,1,0,0,1,3,,0,30,0,0,0,0,0,4,2,13
,2019-72005,39.624219,-104.9117722,5/28/2019 2:00,2:00,5,0,0,KIRKWOOD COURT EAST & MONACO STREET SOUTH,2,3,0,1,3,4,,0,25,0,0,0,0,0,4,1,1
,2019-72007,39.692997,-104.9769585,2/6/2019 16:20,16:20,5,0,0,LOUISIANA AVENUE EAST & EMERSON STREET SOUTH,5,1,0,2,2,4,,0,25,0,0,0,0,0,4,1,14
,2019-72008,39.692997,-104.9769585,2/6/2019 17:55,17:55,6,0,0,LOUISIANA AVENUE EAST & EMERSON STREET SOUTH,5,1,0,2,1,4,,0,25,0,0,0,0,0,4,2,14
,2019-72009,39.794841,-104.8064782,8/24/2019 11:55,11:55,10,0,1,MAXWELL PLACE EAST & OLMSTEAD DRIVE EAST,1,1,0,0,1,4,,0,35,0,0,0,0,1,4,2,8
,2019-72010,39.696633,-104.9874525,10/10/2019 8:00,8:00,15,0,0,MISSISSIPPI AVENUE EAST & BROADWAY STREET SOUTH,1,1,0,0,1,3,,0,30,0,0,0,0,0,4,2,7
,2019-72011,39.696588,-104.9617305,10/14/2019 16:00,16:00,3,0,0,MISSISSIPPI AVENUE EAST & GAYLORD STREET SOUTH,1,1,0,0,1,5,,0,,0,0,0,0,0,4,2,13
,2019-72013,39.665034,-105.0253203,6/4/2019 0:05,0:05,6,0,0,REED STREET & AMHERST AVENUE WEST,1,4,0,0,1,4,,0,25,0,0,0,0,0,4,2,13
,2019-72014,39.638763,-104.9066595,4/27/2019 20:25,20:25,5,0,1,QUINCY AVENUE EAST & OLIVE STREET SOUTH,1,4,0,0,2,4,,0,30,0,0,0,0,2,4,1,5
,2019-72015,39.722616,-104.982624,4/16/2019 6:47,6:47,15,0,0,SPEER BOULEVARD EAST & LOGAN STREET NORTH,1,1,0,0,1,4,,0,30,0,0,0,0,0,4,2,1
,2019-72016,39.779766,-104.931729,4/1/2019 11:32,11:32,12,0,1,STAPLETON SOUTH DRIVE EAST & DAHLIA STREET NORTH,1,1,0,0,1,4,,0,40,0,0,0,0,1,4,2,13
,2019-72017,39.741327,-104.9919615,1/31/2019 8:32,8:32,12,0,0,TREMONT PLACE & 14TH STREET,1,1,0,0,1,2,,0,25,0,0,0,0,0,4,2,14
,2019-72018,39.673458,-105.030882,7/17/2019 5:21,5:21,6,0,0,WESLEY AVENUE WEST & JULIAN STREET SOUTH,1,2,0,0,3,3,,0,25,0,0,0,0,0,4,2,3
,2019-72019,39.751875,-105.0008985,7/3/2019 12:06,12:06,6,0,0,WYNKOOP STREET & 16TH STREET,1,1,0,0,1,4,,0,25,0,0,0,0,0,4,2,14
,2019-72020,39.667464,-104.936211,2/13/2019 19:00,19:00,3,0,0,YALE AVENUE EAST & CLERMONT DRIVE SOUTH,1,3,0,0,1,2,,0,30,0,0,0,0,0,4,2,13
,2019-72038,39.729465,-105.053238,7/5/2019 17:00,17:00,6,0,0,EIGHTH AVENUE WEST & SHERIDAN BOULEVARD NORTH,1,1,0,0,1,3,,0,,0,0,0,0,0,4,2,13
,2019-72039,39.700431,-105.053238,3/15/2019 12:34,12:34,3,0,0,KENTUCKY AVENUE & SHERIDAN BOULEVARD SOUTH,1,1,1,0,1,2,,0,30,0,0,0,0,0,4,2,14
,2019-72078,39.833388,-104.771979,12/2/2019 15:40,15:40,12,0,1,PENA BOULEVARD 7400 BLOCK & TOWER ROAD,1,1,0,0,1,4,,0,,0,0,0,0,1,4,2,7
,2019-72079,39.833388,-104.771979,12/11/2019 12:25,12:25,5,0,0,PENA BOULEVARD INBOUND 7000 BLOCK & TOWER ROAD,1,1,0,0,3,4,,0,,0,0,0,0,0,4,1,3
,2019-72087,39.78216136,-104.9872455,2/9/2019 1:57,1:57,6,0,0,BROADWAY 4700 BLOCK NORTH & 47TH AVENUE WEST,1,3,0,0,1,4,,0,30,0,0,0,0,0,4,2,13
,2019-72088,39.76418479,-104.92758,4/2/2019 11:38,11:38,6,0,0,FOREST STREET NORTH & 33RD AVENUE EAST,1,1,3,0,1,4,,0,25,0,0,0,0,0,4,2,13
,2019-72089,39.75081695,-104.8889974,1/24/2019 13:30,13:30,5,0,0,PARK AVENUE 2300 WEST & XANTHIA WAY,6,1,0,2,3,4,,0,,0,0,0,0,0,4,1,13
,2019-72090,39.78593066,-104.8830885,9/22/2019 10:20,10:20,5,0,0,CENTRAL PARK BOULEVARD NORTH & NORTHFIELD BOULEVARD EAST,1,1,0,0,3,4,,0,35,0,0,0,0,0,4,1,5
,2019-72091,39.71537889,-104.905269,8/3/2019 1:25,1:25,5,0,0,PONTIAC STREET SOUTH & ARCHER PLACE EAST,1,4,0,0,1,4,,0,25,0,0,0,0,0,4,1,14
,2019-72216,39.75854852,-104.975262,2/15/2019 9:20,9:20,6,0,0,CALIFORNIA STREET & 30TH STREET,1,1,0,0,1,4,,0,30,0,0,0,0,0,4,2,13
,2019-72269,39.74490407,-104.996358,7/22/2019 3:25,3:25,6,0,0,14TH STREET & CHAMPA STREET,1,3,0,0,1,4,,0,25,0,0,0,0,0,4,3,13
,2019-72270,39.74423852,-104.9954625,5/17/2019 0:53,0:53,6,0,0,14TH STREET & STOUT STREET,1,3,0,0,1,4,,0,30,0,0,0,0,0,4,2,5
,2019-72271,39.74506652,-104.989203,3/28/2019 15:36,15:36,15,0,0,17TH STREET & GLENARM PLACE,1,1,0,0,1,4,,0,,0,0,0,0,0,4,2,13
,2019-72272,39.75878262,-105.0105015,1/21/2019 7:44,7:44,6,0,0,15TH STREET 2500 BLOCK & CENTRAL STREET,1,1,0,0,1,4,,0,25,0,0,0,0,0,4,2,14
,2019-72273,39.74901662,-104.994459,3/19/2019 10:25,10:25,15,0,0,17TH STREET 1100 BLOCK & ARAPAHOE STREET,1,1,0,0,1,4,,0,30,0,0,0,0,0,4,2,7
,2019-72274,39.74593414,-104.9900985,10/6/2019 10:06,10:06,15,0,0,17TH STREET 600 BLOCK & WELTON STREET,1,1,0,0,1,4,,0,25,0,0,0,0,0,4,2,13
,2019-72275,39.75365714,-104.993811,10/9/2019 7:48,7:48,15,0,0,19TH STREET & LARIMER STREET,1,1,0,0,1,4,,0,25,0,0,0,0,0,4,2,14
,2019-72276,39.75240157,-104.990841,10/28/2019 19:30,19:30,10,0,1,20TH STREET & ARAPAHOE STREET,5,4,0,2,1,2,,0,25,0,0,0,0,1,4,2,13
,2019-72277,39.75821105,-104.9986305,3/2/2019 12:16,12:16,15,0,4,20TH STREET 2000 BLOCK & CHESTNUT PLACE,1,1,0,0,1,4,,0,35,0,0,0,0,2,4,2,5
,2019-72278,39.75898324,-104.9853915,10/30/2019 10:50,10:50,12,0,0,26TH STREET & LARIMER STREET,5,1,0,0,1,5,,0,25,0,0,0,0,0,4,2,7
,2019-72279,39.76648989,-104.9736285,7/29/2019 4:00,4:00,6,0,0,35TH STREET & LAWRENCE STREET,1,3,0,0,1,4,,0,25,0,0,0,0,0,4,3,13
,2019-72280,39.77455907,-104.9772015,2/22/2019 9:19,9:19,15,0,0,38TH STREET 2000 BLOCK & CHESTNUT STREET,1,1,1,0,1,4,,0,30,0,0,0,0,0,4,2,13
,2019-72281,39.72175426,-104.9078205,5/31/2019 18:54,18:54,5,0,0,THIRD AVENUE EAST & ONEIDA COURT NORTH,1,1,0,0,3,4,,0,25,0,0,0,0,0,4,1,13
,2019-72282,39.77548229,-104.791482,5/29/2019 17:10,17:10,15,0,0,40TH AVENUE EAST & PENA BOULEVARD OUTBOUND,1,1,1,0,1,4,,0,45,0,0,0,0,0,4,2,1
,2019-72283,39.78628204,-104.8830885,7/13/2019 7:20,7:20,5,0,0,CENTRAL 4900 BLOCK NORTH & NORTHFIELD BOULEVARD EAST,1,2,0,1,3,3,,0,35,0,0,0,0,0,4,1,13
,2019-72284,39.7624595,-104.9775615,4/3/2019 14:21,14:21,6,0,0,ARAPAHOE STREET & 31ST STREET,1,1,0,0,1,4,,0,,0,0,0,0,0,4,3,13
,2019-72285,39.65421379,-104.881392,6/4/2019 8:48,8:48,1,0,0,AKRON STREET SOUTH & GIRARD AVENUE EAST,1,1,1,0,1,4,,0,20,0,0,0,0,0,4,2,13
,2019-72286,39.71187231,-104.997132,1/13/2019 20:50,20:50,15,0,0,SANTA FE DRIVE SOUTH & ALAMEDA AVENUE WEST,1,3,0,0,1,4,,0,35,0,0,0,0,0,4,2,13
,2019-72287,39.74982843,-104.8868505,7/22/2019 16:00,16:00,6,0,0,CENTRAL PARK BOULEVARD NORTH & 21ST AVENUE,1,1,0,0,1,4,,0,35,0,0,0,0,0,4,2,13
,2019-72288,39.74325305,-105.013188,7/26/2019 11:12,11:12,1,0,1,AURARIA PARKWAY 1000 BLOCK & AURARIA PARKWAY,1,1,0,0,1,2,,0,25,0,0,0,0,2,4,2,8
,2019-72290,39.7507321,-105.0003405,7/12/2019 19:42,19:42,15,0,0,BLAKE STREET & 15TH STREET,1,2,0,0,1,4,,0,25,0,0,0,0,0,4,2,8
,2019-72291,39.75514657,-104.99427,9/13/2019 14:40,14:40,15,0,0,BLAKE STREET & 20TH STREET,1,1,0,0,1,4,,0,20,0,0,0,0,0,4,2,13
,2019-72292,39.74899842,-105.0031305,7/12/2019 15:34,15:34,12,0,0,BLAKE STREET & SPEER BOULEVARD NORTH,1,1,0,0,1,4,,0,30,0,0,0,0,0,4,2,12
,2019-72293,39.7666539,-104.983236,2/6/2019 18:25,18:25,12,0,1,BRIGHTON BOULEVARD 3100 BLOCK NORTH & 31ST STREET,4,3,0,2,1,4,,0,30,0,0,0,0,1,4,2,13
,2019-72294,39.77319062,-104.975442,12/6/2019 6:44,6:44,12,0,0,BRIGHTON BOULEVARD NORTH & 38TH STREET,5,2,0,0,1,4,,0,35,0,0,0,0,0,4,2,13
,2019-72295,39.73243681,-104.9870295,2/24/2019 13:20,13:20,12,0,2,BROADWAY 1000 BLOCK NORTH & 10TH AVENUE EAST,1,1,0,0,1,3,,0,30,0,0,0,0,2,4,2,13
,2019-72299,39.75741024,-104.8907205,5/18/2019 5:40,5:40,5,0,0,CENTRAL PARK BOULEVARD NORTH & 26TH AVENUE EAST,1,2,0,0,3,4,,0,35,0,0,0,0,0,4,2,14
,2019-72300,39.74361398,-104.9945276,2/10/2019 15:05,15:05,12,0,1,CALIFORNIA 1400 BLOCK & 14TH STREET,1,1,0,0,1,4,,0,30,0,0,0,0,1,4,2,13