id,drcog_id,latitude,longitude,crashtime,time,crashtype,numbkilled,numbinjurd,drcoglocat,rdconditin,lightngcon,roadcntgrd,weatherco,location,roaddescrp,schoolzone,constrzone,splimit,bikeinv,sctrinv,pedinv,motoinv,svrty,rdsystem,ttlvehcls,hcf
,2019-72301,39.75959343,-105.008112,10/2/2019 13:07,13:07,6,0,0,CENTRAL STREET & 17TH STREET,1,1,0,0,1,4,,0,25,0,0,0,0,0,4,2,13
,2019-72302,39.76537893,-104.8902935,6/20/2019 17:32,17:32,12,0,0,CENTRAL PARK BOULEVARD 3500 BLOCK & 35TH AVENUE EAST,1,1,0,0,1,3,,0,30,0,0,0,0,0,4,2,13
,2019-72303,39.78732378,-104.88285,9/19/2019 12:50,12:50,10,0,0,CENTRAL PARK BOULEVARD NORTH & 49TH AVENUE EAST,1,1,0,0,1,2,,0,30,0,0,0,0,0,4,2,13
,2019-72304,39.79626526,-104.883003,9/17/2019 15:38,15:38,12,0,0,CENTRAL PARK BOULEVARD 5400 BLOCK NORTH & 54TH AVENUE EAST,1,1,0,0,1,4,,0,35,0,0,0,0,0,4,3,13
,2019-72305,39.78655657,-104.8830885,3/7/2019 20:50,20:50,12,0,0,CENTRAL PARK 4900 BLOCK NORTH & NORTHFIELD BOULEVARD EAST,1,3,0,0,1,4,,0,35,0,0,0,0,0,4,2,13
,2019-72306,39.77194767,-104.887831,10/10/2019 7:50,7:50,12,0,0,CENTRAL PARK BOULEVARD NORTH & SMITH ROAD EAST,5,1,1,2,1,4,,0,35,0,0,0,0,0,4,2,13
,2019-72307,39.77541866,-104.8096812,8/31/2019 8:40,8:40,15,0,0,CHAMBERS ROAD 4300 BLOCK NORTH & 40TH AVENUE EAST,1,1,0,0,1,2,,0,40,0,0,0,0,0,4,2,13
,2019-72308,39.7772369,-104.8096935,1/19/2019 10:43,10:43,12,0,0,CHAMBERS ROAD 4600 BLOCK NORTH & 46TH AVENUE EAST,1,1,0,0,1,4,,0,40,0,0,0,0,0,4,3,3
,2019-72309,39.77685257,-104.8096935,2/8/2019 21:00,21:00,12,0,0,CHAMBERS ROAD 4600 BLOCK NORTH & 46TH AVENUE EAST,5,3,0,0,1,3,,0,45,0,0,0,0,0,4,2,1
,2019-72310,39.77688002,-104.8096935,2/13/2019 17:03,17:03,15,0,0,CHAMBERS ROAD 4600 BLOCK NORTH & 46TH AVENUE EAST,1,1,0,0,1,4,,0,45,0,0,0,0,0,4,2,14
,2019-72311,39.75412344,-105.0034635,8/1/2019 13:11,13:11,3,0,0,CHESTNUT PLACE & 16TH STREET,1,1,0,0,1,2,,0,30,0,0,0,0,0,4,2,1
,2019-72313,39.74201129,-104.9880189,8/25/2019 13:40,13:40,12,0,0,CLEVELAND PLACE 1500 BLOCK & 15TH STREET,1,1,0,0,1,4,,0,30,0,0,0,0,0,4,2,13
,2019-72315,39.74083431,-104.947272,9/16/2019 18:55,18:55,6,0,0,COOK STREET NORTH & COLFAX AVENUE EAST,1,2,0,0,1,4,,0,25,0,0,0,0,0,4,2,1
,2019-72316,39.71867943,-104.9745915,6/26/2019 14:14,14:14,15,0,1,CORONA STREET NORTH 100 BLOCK & SPEER BOULEVARD EAST,1,1,0,0,1,3,,0,30,0,0,0,0,1,4,2,1
,2019-72317,39.79080452,-104.762808,7/15/2019 10:22,10:22,12,0,0,DANUBE COURT NORTH & DUNKIRK WAY NORTH,1,1,0,0,1,2,,0,20,0,0,0,0,0,4,2,13
,2019-72318,39.67096964,-104.873661,8/17/2019 2:00,2:00,6,0,0,DAYTON WAY SOUTH & VASSAR AVENUE EAST,1,3,0,0,1,4,,0,30,0,0,0,0,0,4,2,13
,2019-72319,39.78526057,-104.820408,5/29/2019 21:10,21:10,6,0,0,DEEPHAVEN COURT NORTH & DILLON STREET NORTH,1,3,1,0,1,4,,0,25,0,0,0,0,0,4,2,13
,2019-72321,39.75392107,-104.9848523,7/3/2019 21:15,21:15,12,0,1,DENARGO STREET & PARK AVENUE WEST,1,3,0,0,1,4,,0,20,0,0,0,0,1,4,2,13
,2019-72323,39.71499753,-104.9734395,5/9/2019 0:47,0:47,6,0,0,DOWNING STREET SOUTH & BAYAUD AVENUE EAST,2,3,1,1,1,4,,0,30,0,0,0,0,0,4,4,6
,2019-72324,39.78324457,-104.820489,9/3/2019 15:25,15:25,6,0,0,DURHAM COURT 4900 BLOCK NORTH & BOLLING DRIVE EAST,1,1,0,0,1,4,,0,25,0,0,0,0,0,4,2,7
,2019-72325,39.69089236,-104.9766435,10/25/2019 16:55,16:55,12,0,0,EMERSON STREET 1400 BLOCK NORTH & 14TH AVENUE WEST,1,1,0,0,1,4,,0,25,0,0,0,0,0,4,2,13
,2019-72326,39.74802979,-104.9755545,4/24/2019 15:37,15:37,6,0,0,EMERSON STREET 2000 BLOCK NORTH & 20TH AVENUE EAST,1,1,0,0,1,4,,0,15,0,0,0,0,0,4,2,14
,2019-72327,39.72652919,-104.9928512,3/29/2019 12:58,12:58,11,0,0,DELAWARE STREET & 790 NORTH,1,1,1,0,1,2,,0,,0,0,1,0,0,4,2,13
,2019-72328,39.78495904,-104.813532,9/26/2019 19:58,19:58,6,0,0,FONTANA COURT NORTH & GATEWAY PARKWAY EAST,1,3,0,0,1,4,,0,25,0,0,0,0,0,4,2,7
,2019-72330,39.77873561,-104.8140495,5/12/2019 20:05,20:05,6,0,0,FREEPORT WAY NORTH & 46TH AVENUE EAST,1,1,0,0,1,4,,0,25,0,0,0,0,0,4,3,6
,2019-72332,39.74055979,-104.9953095,4/12/2019 20:20,20:20,6,0,0,GLENARM PLACE 1300 BLOCK & COLFAX AVENUE WEST,2,3,0,2,1,4,,0,,0,0,0,0,0,4,2,13
,2019-72333,39.7908279,-104.984721,4/5/2019 20:38,20:38,12,0,0,GRANT STREET & 700 BLOCK NORTH,1,3,0,0,1,3,,0,25,0,0,0,0,0,4,2,13
,2019-72334,39.7395365,-104.969853,1/3/2019 17:33,17:33,6,0,0,HUMBOLDT STREET NORTH 1427 BLOCK & 14TH AVENUE EAST,1,3,0,0,1,4,,0,30,0,0,0,0,0,4,2,1
,2019-72335,39.78745703,-104.865971,3/20/2019 18:08,18:08,12,0,0,HAVANA STREET NORTH & 2600 BLOCK NORTH,1,1,0,0,1,4,,0,25,0,0,0,0,0,4,2,6
,2019-72336,39.80083987,-104.8666905,4/19/2019 11:30,11:30,12,0,0,HANOVER STREET NORTH & 57TH PLACE EAST,1,1,0,0,1,3,,0,25,0,0,0,0,0,4,2,7
,2019-72338,39.78338626,-104.7547485,12/5/2019 15:20,15:20,5,0,0,HIMALAYA ROAD 4800 BLOCK NORTH & 48TH DRIVE EAST,2,1,1,1,3,4,,0,30,0,0,0,0,0,4,1,13
,2019-72340,39.73379631,-105.0283305,10/31/2019 9:14,9:14,6,0,0,HOOKER STREET 1000 BLOCK NORTH & 10TH AVENUE WEST,6,1,1,0,1,4,,0,,0,0,0,0,0,4,2,13
,2019-72342,39.74436574,-105.029739,10/24/2019 14:40,14:40,6,0,0,IRVING STREET 1700 BLOCK NORTH & 17TH AVENUE WEST,1,1,0,0,1,4,,0,25,0,0,0,0,0,4,2,7
,2019-72344,39.74158362,-104.920542,11/27/2019 9:24,9:24,12,0,0,IVY STREET 1500 BLOCK NORTH & COLFAX AVENUE EAST,5,1,0,0,1,2,,0,25,0,0,0,0,0,4,2,13
,2019-72345,39.70523263,-104.920578,9/26/2019 22:30,22:30,6,0,0,IVY STREET SOUTH & EXPOSITION AVENUE EAST,1,4,0,0,1,4,,0,25,0,0,0,0,0,4,2,5
,2019-72349,39.76628852,-104.975712,8/24/2019 2:30,2:30,12,0,0,LARIMER STREET & 34TH STREET,1,3,0,0,1,3,,0,35,0,0,0,0,0,4,2,5
,2019-72350,39.74442752,-105.031134,6/13/2019 10:30,10:30,6,0,0,JULIAN STREET 1700 BLOCK NORTH & 17TH AVENUE WEST,1,1,1,0,1,4,,0,25,0,0,0,0,0,4,2,13
,2019-72351,39.75513189,-104.917203,4/8/2019 15:30,15:30,6,0,0,KEARNEY STREET 2600 BLOCK NORTH & 26TH AVENUE EAST,1,1,0,0,1,4,,0,25,0,0,0,1,0,4,2,1
,2019-72353,39.73721405,-105.0318225,1/21/2019 17:00,17:00,12,0,0,KNOX COURT NORTH 1300 BLOCK & 13TH AVENUE WEST,1,1,1,0,1,4,,0,25,0,0,0,0,0,4,3,13
,2019-72354,39.74445452,-104.97123,1/7/2019 10:40,10:40,5,0,0,LAFAYETTE STREET 1745 BLOCK NORTH & 17TH AVENUE EAST,1,1,0,0,2,5,,0,25,0,0,0,0,0,4,1,13
,2019-72355,39.74476957,-105.037011,7/31/2019 22:58,22:58,6,0,2,LAKESHORE DRIVE 3600 BLOCK WEST & 17TH AVENUE WEST,1,3,1,0,1,4,,0,,0,0,0,0,1,4,2,13
,2019-72356,39.74947652,-104.997402,10/26/2019 21:58,21:58,15,0,0,LARIMER STREET & 16TH STREET,1,3,0,0,1,4,,0,30,0,0,0,0,0,4,2,1
,2019-72357,39.75154069,-104.9950215,2/15/2019 16:51,16:51,6,0,0,LARIMER STREET & 18TH STREET,1,1,0,0,1,4,,0,35,0,0,0,0,0,4,3,1
,2019-72358,39.75134852,-104.9950215,3/1/2019 11:46,11:46,15,0,0,LARIMER STREET & 18TH STREET,1,1,0,0,1,4,,0,25,0,0,0,0,0,4,2,14
,2019-72359,39.75337298,-104.9925163,2/17/2019 2:30,2:30,6,0,1,LARIMER STREET 2000 BLOCK & 20TH STREET,1,3,0,0,1,4,,0,,0,0,0,0,1,4,2,13
,2019-72360,39.75817856,-104.9862555,6/6/2019 11:26,11:26,12,0,0,LARIMER STREET 2500 BLOCK & 25TH STREET,1,1,0,0,1,4,,0,30,0,0,0,0,0,4,2,1
,2019-72361,39.75499357,-104.9893335,6/24/2019 16:03,16:03,15,0,0,LAWRENCE STREET & 22ND STREET,1,1,0,0,1,4,,0,30,0,0,0,0,0,4,2,8
,2019-72362,39.76182789,-104.9796495,1/24/2019 11:54,11:54,3,0,0,LAWRENCE STREET & 30TH STREET,4,1,0,2,1,2,,0,30,0,0,0,0,0,4,2,1
,2019-72363,39.73587345,-104.985729,6/28/2019 14:43,14:43,12,0,0,LINCOLN STREET NORTH 1200 BLOCK & 12TH AVENUE EAST,1,1,0,0,1,4,,0,30,0,0,0,0,0,4,2,13
,2019-72364,39.73605189,-104.985729,7/9/2019 9:25,9:25,15,0,0,LINCOLN STREET NORTH 1200 BLOCK & 12TH AVENUE EAST,1,1,0,0,1,4,,0,30,0,0,0,0,0,4,2,13
,2019-72365,39.74377862,-104.9858955,7/30/2019 13:40,13:40,15,0,0,LINCOLN STREET NORTH 1700 BLOCK & 17TH AVENUE EAST,1,1,0,0,1,4,,0,30,0,0,0,0,0,4,2,13
,2019-72367,39.73311593,-104.981922,11/3/2019 14:35,14:35,12,0,0,LOGAN STREET 1000 BLOCK NORTH & 10TH AVENUE EAST,1,1,0,0,1,1,,0,30,0,0,0,0,0,4,2,12
,2019-72369,39.66077021,-105.034815,10/25/2019 17:35,17:35,6,0,0,LOWELL BOULEVARD 3200 BLOCK NORTH & 33RD AVENUE WEST,1,2,0,0,1,4,,0,30,0,0,0,0,0,4,2,13
,2019-72370,39.74384479,-105.0171795,11/22/2019 9:24,9:24,5,0,0,MILE HIGH STADIUM DRIVE & 17TH AVENUE WEST,5,1,1,2,3,4,,0,30,0,0,0,0,0,4,1,13
,2019-72371,39.65814815,-105.03468,10/16/2019 8:09,8:09,3,0,0,LOWELL BOULEVARD SOUTH & GIRARD AVENUE WEST,1,1,0,0,1,2,,0,15,0,0,0,0,0,4,2,13
,2019-72372,39.6916202,-104.971932,3/12/2019 3:00,3:00,6,0,0,MARION STREET 1400 BLOCK NORTH & 14TH AVENUE EAST,1,4,1,0,1,4,,0,25,0,0,0,0,0,4,3,13
,2019-72373,39.74962731,-104.999247,6/2/2019 10:55,10:55,15,0,0,MARKET STREET 1500 BLOCK & 15TH STREET,1,1,0,0,1,4,,0,30,0,0,0,0,0,4,2,13
,2019-72374,39.75107852,-104.997069,11/13/2019 22:04,22:04,12,0,0,MARKET STREET & 17TH STREET,1,3,1,0,1,2,,0,20,0,0,0,0,0,4,2,1
,2019-72375,39.75348731,-104.9945773,5/10/2019 22:07,22:07,12,0,0,MARKET STREET 1900 BLOCK & 19TH STREET,1,3,0,0,1,4,,0,30,0,0,0,0,0,4,3,13
,2019-72376,39.75388652,-104.993451,5/31/2019 14:41,14:41,12,0,1,MARKET STREET & 20TH STREET,1,1,0,0,1,4,,0,30,0,0,0,0,2,4,3,13
,2019-72377,39.74064642,-104.95179,7/14/2019 9:38,9:38,6,0,0,MILWAUKEE STREET NORTH & COLFAX AVENUE EAST,1,1,0,0,1,4,,0,25,0,0,0,0,0,4,2,13
,2019-72378,39.76760026,-104.9128695,4/28/2019 0:09,0:09,6,0,0,MONACO PARKWAY NORTH & 36TH AVENUE EAST,1,3,0,0,1,4,,0,35,0,0,0,1,0,4,2,1
,2019-72379,39.77406452,-104.8135635,9/1/2019 10:22,10:22,10,0,0,MITCHELL PLACE EAST & ANDREWS DRIVE EAST,1,1,0,0,1,2,,0,25,0,0,0,0,0,4,2,13
,2019-72380,39.76111082,-104.9001109,2/17/2019 3:41,3:41,6,0,0,MLK BOULEVARD EAST & STREET PAUL STREET NORTH,1,4,0,0,1,4,,0,25,0,0,0,0,0,4,3,5
,2019-72381,39.75486099,-104.912829,10/1/2019 6:43,6:43,15,0,1,MONACO STREET & 26TH AVENUE EAST,2,2,0,1,1,3,,0,30,0,0,0,0,1,4,2,14
,2019-72382,39.72619805,-104.912811,5/7/2019 16:45,16:45,15,0,0,MONACO STREET NORTH & SIXTH AVENUE EAST,2,1,0,1,1,4,,0,30,0,0,0,0,0,4,2,1
,2019-72384,39.76211252,-104.9128605,8/19/2019 8:32,8:32,12,0,0,MONACO STREET & MLK BOULEVARD,1,1,0,0,1,3,,0,35,0,0,0,0,0,4,2,5
,2019-72385,39.70728905,-105.0391395,4/1/2019 19:37,19:37,5,0,0,MORRISON ROAD 3900 BLOCK & PATTON COURT SOUTH,1,1,0,0,3,4,,0,30,0,0,0,0,0,4,1,8
,2019-72387,39.76503979,-105.0038595,5/7/2019 8:30,8:30,15,0,0,NAVAJO STREET 3400 BLOCK NORTH & 34TH AVENUE WEST,1,1,0,0,1,4,,0,30,0,0,0,0,0,4,2,14
,2019-72390,39.74997152,-104.981121,10/14/2019 21:55,21:55,15,0,1,PARK AVENUE WEST 400 BLOCK & TREMONT PLACE,1,3,0,0,1,4,,0,30,0,0,0,0,1,4,2,13
,2019-72392,39.74787226,-105.039108,3/16/2019 21:55,21:55,6,0,0,PERRY STREET 2000 BLOCK NORTH & 20TH AVENUE WEST,1,3,0,0,1,4,,0,25,0,0,0,0,0,4,2,5
,2019-72393,39.70257712,-104.9631173,1/22/2019 9:58,9:58,14,0,0,PEARLWASHI 700 SOUTH & OHIO AVENUE EAST,2,1,0,0,1,4,,0,25,0,0,0,0,0,4,2,13
,2019-72395,39.77356062,-104.791482,1/23/2019 5:00,5:00,15,0,0,PENA BOULEVARD & 40TH AVENUE EAST,1,3,0,0,1,4,,0,55,0,0,0,0,0,4,2,13
,2019-72397,39.75901431,-105.00687,6/28/2019 12:25,12:25,6,0,0,PLATTE STREET & 17TH STREET,1,1,0,0,1,2,,0,30,0,0,0,0,0,4,2,13
,2019-72398,39.73716136,-104.980842,10/1/2019 6:56,6:56,5,0,0,PENNSYLVANIA STREET 1300 BLOCK NORTH & 13TH AVENUE EAST,2,1,0,1,3,4,,0,30,0,0,0,0,0,4,1,10
,2019-72399,39.77898978,-104.846229,1/25/2019 11:55,11:55,12,0,0,PEORIA STREET 4500 BLOCK NORTH & 45TH AVENUE EAST,1,1,0,0,1,4,,0,40,0,0,0,0,0,4,2,1
,2019-72401,39.77871526,-104.846229,2/28/2019 13:24,13:24,15,0,0,PEORIA STREET 4500 BLOCK NORTH & 45TH AVENUE EAST,1,1,0,0,1,3,,0,35,0,0,0,0,0,4,3,13
,2019-72403,39.78052295,-104.8464495,4/15/2019 10:45,10:45,15,0,0,PEORIA STREET 4600 BLOCK NORTH & 46TH AVENUE EAST,1,1,0,0,1,4,,0,35,0,0,0,0,0,4,2,13
,2019-72404,39.78223763,-104.8465395,6/1/2019 17:53,17:53,3,0,0,PEORIA STREET 4700 BLOCK NORTH & 47TH AVENUE EAST,1,1,0,0,1,1,,0,40,0,0,0,0,0,4,2,7
,2019-72405,39.78454505,-104.8466205,6/7/2019 2:12,2:12,3,0,0,PEORIA STREET NORTH & ALBROOK DRIVE EAST,1,3,0,0,1,2,,0,35,0,0,0,0,0,4,2,13
,2019-72406,39.78454505,-104.8466205,11/4/2019 11:09,11:09,15,0,0,PEORIA STREET NORTH & ALBROOK DRIVE EAST,1,1,0,0,1,4,,0,40,0,0,0,0,0,4,2,13
,2019-72407,39.68977505,-105.0003,5/12/2019 3:32,3:32,5,0,0,PLATTE RIVER DRIVE SOUTH & FLORIDA AVENUE WEST,1,3,0,0,2,4,,1,30,0,0,0,0,0,4,1,1
,2019-72408,39.68993977,-105.0003,6/26/2019 15:23,15:23,3,0,0,PLATTE RIVER DRIVE SOUTH & FLORIDA AVENUE WEST,1,1,0,0,1,2,,1,25,0,0,0,0,0,4,2,14
,2019-72409,39.69087316,-105.0003,9/13/2019 22:05,22:05,12,0,1,PLATTE RIVER 1300 BLOCK SOUTH & FLORIDA AVENUE WEST,1,3,0,0,1,2,,0,40,0,0,0,0,2,4,2,1
,2019-72410,39.75549305,-104.905431,3/5/2019 1:45,1:45,6,0,0,PONTIAC STREET 2600 BLOCK NORTH & 26TH AVENUE EAST,4,3,0,0,1,4,,0,25,0,0,0,0,0,4,2,1
,2019-72411,39.73380979,-104.90274,12/17/2019 8:41,8:41,12,0,0,QUEBEC STREET 1100 BLOCK NORTH & 11TH AVENUE EAST,1,1,0,0,1,3,,0,35,0,0,0,0,0,4,3,12
,2019-72412,39.73895708,-104.903208,3/6/2019 7:10,7:10,12,0,0,QUEBEC STREET 1400 BLOCK NORTH & 14TH AVENUE EAST,1,1,0,0,1,4,,0,30,0,0,0,0,0,4,2,7
,2019-72413,39.77229623,-104.9019615,12/20/2019 17:23,17:23,12,0,0,QUEBEC STREET 3800 BLOCK NORTH & 36TH AVENUE EAST,1,3,1,0,1,4,,0,45,0,0,0,0,0,4,2,14
,2019-72416,39.77344131,-104.901714,7/15/2019 16:39,16:39,15,0,0,QUEBEC STREET NORTH 4000 BLOCK & 40TH AVENUE EAST,1,1,0,0,1,4,,0,35,0,0,0,0,0,4,2,13
,2019-72417,39.77412762,-104.901714,8/3/2019 17:19,17:19,12,0,1,QUEBEC STREET 4000 BLOCK NORTH & 40TH AVENUE EAST,1,1,0,0,1,4,,0,,0,0,0,0,2,4,2,13
,2019-72418,39.66047553,-104.902281,6/8/2019 8:34,8:34,5,0,0,QUEBEC STREET SOUTH & DARTMOUTH AVENUE EAST,1,1,0,0,3,4,,0,30,0,0,0,0,0,4,1,1
,2019-72419,39.74466847,-104.9911092,4/7/2019 12:35,12:35,5,0,0,WELTON STREET 1600 BLOCK & 16TH STREET,1,1,0,0,1,4,,0,30,0,0,0,0,0,4,1,13
,2019-72420,39.76267279,-105.0413355,6/24/2019 12:51,12:51,6,0,1,RALEIGH STREET 3200 BLOCK NORTH & 32ND AVENUE WEST,1,1,1,0,1,4,,0,25,0,0,0,0,2,4,2,13
,2019-72421,39.77212278,-104.9030235,5/10/2019 16:10,16:10,15,0,0,QUEBEC STREET 4100 BLOCK NORTH & SMITH ROAD EAST,1,1,0,1,1,4,,0,40,0,0,0,0,0,4,2,7
,2019-72422,39.77212278,-104.9030235,6/26/2019 9:03,9:03,15,0,0,QUEBEC STREET 4000 BLOCK NORTH & SMITH ROAD EAST,1,1,0,0,1,4,,0,35,0,0,0,0,0,4,3,1
,2019-72423,39.73719379,-105.041394,2/19/2019 16:47,16:47,6,0,0,RALEIGH STREET 1300 BLOCK NORTH & 13TH AVENUE WEST,5,1,1,0,1,4,,0,25,0,0,0,0,0,4,2,13
,2019-72424,39.63395847,-105.0433053,10/15/2019 15:49,15:49,6,0,0,RALEIGH STREET 4600 BLOCK NORTH & 46TH AVENUE WEST,1,1,0,0,1,4,,0,25,0,0,0,0,0,4,2,13
,2019-72427,39.73801505,-104.8996575,4/22/2019 10:42,10:42,14,0,0,ROSEMARY STREET 1300 BLOCK NORTH & 13TH AVENUE EAST,1,1,0,0,1,4,,0,30,0,0,0,0,0,4,2,13
,2019-72428,39.77828509,-104.8257592,4/13/2019 8:17,8:17,6,0,0,SABLE STREET 4500 BLOCK NORTH & 45TH AVENUE EAST,1,3,0,0,1,4,,0,25,0,0,0,0,0,4,2,14
,2019-72429,39.74339331,-104.9386597,8/16/2019 11:00,11:00,6,0,0,17TH AVENUE EAST & ALBION STREET NORTH,1,1,0,0,1,4,,0,30,0,0,0,0,0,4,2,13
,2019-72430,39.73264879,-104.9844825,12/16/2019 0:23,0:23,6,0,0,SHERMAN STREET 1000 BLOCK NORTH & 10TH AVENUE EAST,1,3,0,0,1,4,,0,35,0,0,0,0,0,4,2,8
,2019-72431,39.75854623,-105.0144802,4/20/2019 20:00,20:00,6,0,0,WYANDOT STREET NORTH & 29TH AVENUE WEST,1,3,1,0,1,4,,0,,0,0,0,0,0,4,2,13
,2019-72432,39.77226005,-104.903019,3/21/2019 13:57,13:57,12,0,0,SMITH ROAD EAST & QUEBEC STREET NORTH,1,1,3,0,1,4,,0,35,0,0,0,0,0,4,2,7
,2019-72433,39.77226005,-104.903019,4/24/2019 19:17,19:17,5,0,0,SMITH ROAD EAST & QUEBEC STREET NORTH,1,1,1,0,2,4,,0,30,0,0,0,0,0,4,2,10
,2019-72434,39.73913779,-104.9968575,7/15/2019 12:05,12:05,12,0,3,SPEER BOULEVARD NORTH 1400 BLOCK & 14TH AVENUE WEST,1,1,0,0,1,3,,0,30,0,0,0,0,1,4,3,12
,2019-72435,39.73038512,-104.9904941,3/23/2019 19:01,19:01,15,0,0,SPEER BOULEVARD NORTH & NINTH AVENUE WEST,1,2,0,0,1,4,,0,35,0,0,0,1,0,4,2,13
,2019-72436,39.73026605,-104.991219,3/5/2019 7:26,7:26,15,0,0,SPEER BOULEVARD 100 BLOCK NORTH & BANNOCK STREET NORTH,1,1,0,0,1,4,,0,35,0,0,0,0,0,4,2,13
,2019-72437,39.74248805,-104.99985,11/28/2019 8:10,8:10,5,0,0,SPEER BOULEVARD 900 BLOCK NORTH & CHAMPA STREET,5,1,0,0,3,4,,0,35,0,0,0,0,0,4,1,13
,2019-72439,39.72135489,-104.980302,12/16/2019 10:54,10:54,15,0,0,SPEER BOULEVARD 300 BLOCK EAST & PEARL STREET NORTH,1,1,0,0,1,4,,0,35,0,0,0,0,0,4,3,1
,2019-72441,39.75047552,-105.0047415,2/16/2019 22:27,22:27,12,0,1,SPEER BOULEVARD NORTH 1600 BLOCK & WEWATTA STREET,1,3,2,0,1,4,,0,40,0,0,0,0,1,4,3,13
,2019-72442,39.74451305,-104.9954625,10/13/2019 14:15,14:15,7,0,0,STOUT STREET & 14TH STREET,1,1,0,0,1,2,,0,30,0,0,0,0,0,4,2,13
,2019-72443,39.73918998,-104.894901,7/11/2019 12:40,12:40,6,0,0,TAMARAC STREET NORTH 1400 BLOCK & 14TH AVENUE EAST,1,1,0,0,1,4,,0,,0,0,0,0,0,4,3,13
,2019-72445,39.77137352,-105.043698,4/4/2019 14:30,14:30,6,0,0,TENNYSON STREET 3900 BLOCK NORTH & 39TH AVENUE WEST,1,1,0,0,1,4,,0,30,0,0,0,0,0,4,2,13
,2019-72446,39.77596427,-104.771916,1/4/2019 15:25,15:25,15,0,0,TOWER ROAD 4300 BLOCK NORTH & 43RD AVENUE EAST,1,2,0,0,1,4,,0,40,0,0,0,0,0,4,2,1
,2019-72447,39.78091805,-104.771835,6/5/2019 13:43,13:43,5,0,0,TOWER ROAD 4600 BLOCK NORTH & 46TH AVENUE EAST,1,1,0,0,2,4,,0,40,0,0,0,0,0,4,1,13
,2019-72448,39.78113918,-104.841288,1/20/2019 19:12,19:12,3,0,0,TULSA COURT NORTH & ALBROOK DRIVE EAST,1,3,0,0,1,1,,0,35,0,0,0,0,0,4,2,13
,2019-72449,39.78118036,-104.841288,7/3/2019 19:20,19:20,6,0,1,TULSA COURT NORTH & ALBROOK DRIVE EAST,1,1,1,0,1,3,,0,30,0,0,0,0,1,4,2,1
,2019-72451,39.70318511,-105.04575,1/10/2019 23:13,23:13,6,0,0,UTICA STREET 767 BLOCK SOUTH & MORRISON ROAD WEST,1,4,0,0,1,4,,0,,0,0,0,0,0,4,2,13
,2019-72452,39.76693652,-104.9765805,2/15/2019 1:11,1:11,6,0,0,WALNUT STREET & 34TH STREET,1,3,0,0,1,4,,0,35,0,0,0,0,0,4,3,13
,2019-72453,39.75669452,-104.9898285,3/5/2019 21:50,21:50,6,0,3,WALNUT STREET 2300 BLOCK & PARK AVENUE WEST,1,3,0,0,1,4,,0,35,0,0,0,0,1,4,3,5
,2019-72457,39.77645585,-104.9787495,3/20/2019 8:00,8:00,12,0,0,WASHINGTON STREET NORTH & RINGSBY COURT,1,1,1,0,1,4,,0,30,0,0,0,0,0,4,2,13
,2019-72458,39.77653272,-104.9787495,3/20/2019 8:00,8:00,12,0,0,WASHINGTON STREET NORTH & RINGSBY COURT,1,1,1,0,1,4,,0,30,0,0,0,0,0,4,2,13
,2019-72459,39.75375157,-104.9804685,1/19/2019 19:37,19:37,15,0,0,WELTON STREET & 25TH STREET,1,3,0,0,1,4,,0,30,0,0,0,0,0,4,2,13
,2019-72460,39.68578539,-105.0467895,10/11/2019 14:43,14:43,6,0,0,WINONA COURT SOUTH & MEXICO AVENUE WEST,1,1,0,0,1,4,,0,25,0,0,0,0,0,4,2,13
,2019-72461,39.75075005,-105.0047415,10/9/2019 15:20,15:20,12,0,0,WEWATTA STREET 1300 BLOCK & SPEER BOULEVARD NORTH,1,1,0,0,1,4,,0,30,0,0,0,0,0,4,2,13
,2019-72463,39.75228679,-105.0008985,7/8/2019 13:55,13:55,15,0,0,WYNKOOP STREET & 16TH STREET,1,1,0,0,1,4,,0,25,0,0,0,0,0,4,2,13
,2019-72464,39.75228679,-105.0008985,7/8/2019 13:55,13:55,6,0,0,WYNKOOP STREET & 16TH STREET,1,1,0,0,1,4,,0,25,0,0,0,0,0,4,2,13
,2019-72465,39.75241077,-105.0006195,11/25/2019 15:45,15:45,6,0,0,WYNKOOP STREET 1600 BLOCK & 16TH STREET,2,1,0,2,1,4,,0,30,0,0,0,0,0,4,2,13
,2019-72466,39.75308552,-104.999751,9/18/2019 16:32,16:32,6,0,2,WYNKOOP STREET & 17TH STREET,1,1,0,0,1,4,,0,25,0,0,0,1,2,4,3,5
,2019-72468,39.77434554,-104.9590665,11/12/2019 8:30,8:30,15,0,0,YORK STREET 4100 BLOCK NORTH & 41ST AVENUE EAST,1,1,0,0,1,4,,0,30,0,0,0,0,0,4,2,1
,2019-72469,39.73113064,-104.9602185,4/20/2019 11:45,11:45,15,0,0,YORK STREET 900 BLOCK NORTH & NINTH AVENUE EAST,1,1,0,0,1,2,,0,30,0,0,0,0,0,4,2,7
,2019-72471,39.73052263,-104.88672,11/19/2019 8:00,8:00,12,0,0,YOSEMITE STREET NORTH & AKRON WAY NORTH,1,1,0,0,1,4,,0,30,0,0,0,0,0,4,2,13
,2019-72474,39.73426657,-105.015762,6/8/2019 23:40,23:40,15,0,0,ZUNI STREET NORTH & 800 BLOCK / I25 SOUTHBOUND ON,1,3,0,1,1,4,,0,35,0,0,0,0,0,4,2,1