id,drcog_id,latitude,longitude,crashtime,time,crashtype,numbkilled,numbinjurd,drcoglocat,rdconditin,lightngcon,roadcntgrd,weatherco,location,roaddescrp,schoolzone,constrzone,splimit,bikeinv,sctrinv,pedinv,motoinv,svrty,rdsystem,ttlvehcls,hcf
,2019-72475,39.78207005,-105.015483,2/6/2019 21:26,21:26,6,0,0,ZUNI STREET NORTH 4700 BLOCK & 47TH AVENUE WEST,4,3,0,2,1,4,,0,,0,0,0,0,0,4,2,13
,2019-72527,39.73067417,-104.9418346,5/19/2019 8:00,8:00,6,0,0,HARRISON STREET NORTH & NINTH AVENUE EAST,1,3,0,0,1,4,,0,30,0,0,0,0,0,4,2,13
,2019-72529,39.74621446,-104.9823205,10/19/2019 14:48,14:48,6,0,0,LOGAN STREET NORTH & 19TH AVENUE EAST,1,1,0,0,1,4,,0,30,0,0,0,0,0,4,2,13
,2019-72541,39.71192628,-105.0372848,7/22/2019 23:36,23:36,6,0,0,NEWTON STREET SOUTH & BYES PLACE WEST,1,4,2,0,1,4,,0,25,0,0,0,0,0,4,2,13
,2019-72561,39.785247,-104.902848,8/24/2019 11:04,11:04,12,0,0,SANDCREEK DRIVE SOUTH & 49TH AVENUE EAST,1,1,0,0,1,4,,0,45,0,0,0,0,0,4,2,12
,2019-72563,39.707714,-104.876388,5/12/2019 14:00,14:00,6,0,0,ALTON WAY SOUTH & CLINTON STREET SOUTH,1,1,0,0,1,4,,0,30,0,0,0,0,0,4,3,3
,2019-72564,39.714518,-104.9674905,11/25/2019 9:00,9:00,6,0,0,CEDAR AVENUE 1600 EAST & GILPIN STREET SOUTH,2,1,0,0,1,4,,0,15,0,0,0,0,0,4,2,13
,2019-72565,39.76015976,-104.9973862,11/11/2019 13:58,13:58,5,0,0,WEWATTA STREET & 1900 BLOCK,1,1,0,0,2,4,,0,30,0,0,0,0,0,4,1,8
,2019-72573,39.803652,-104.8715554,8/9/2019 5:34,5:34,6,0,0,59TH AVENUE EAST & ELMIRA COURT NORTH,1,3,0,0,1,4,,0,25,0,0,0,0,0,4,2,13
,2019-72592,39.711348,-104.9035005,7/4/2019 13:00,13:00,12,0,0,QUEBEC STREET SOUTH & QUEBEC STREET SOUTH,1,1,0,0,1,2,,0,35,0,0,0,0,0,4,2,13
,2019-72597,39.76229255,-105.0158407,9/3/2019 11:00,11:00,6,0,0,ZUNI STREET NORTH & 32ND AVENUE WEST,1,1,0,0,1,4,,0,30,0,0,0,0,0,4,2,13
,2019-72653,39.71016,-104.8707495,2/4/2019 17:37,17:37,15,0,0,ALAMEDA AVENUE EAST & GALENA WAY SOUTH,1,2,0,0,1,2,,0,40,0,0,0,0,0,4,2,8
,2019-72668,39.77880299,-104.8235606,11/22/2019 7:30,7:30,6,0,0,46TH AVENUE 14500 BLOCK EAST & ANDREWS DRIVE EAST,2,4,0,2,1,4,,0,,0,0,0,0,0,4,2,13
,2019-72730,39.667583,-104.920929,11/26/2019 18:00,18:00,6,0,0,HOLLY STREET SOUTH & YALE AVENUE EAST,4,3,0,2,1,4,,0,25,0,0,0,0,0,4,2,13
,2019-72740,39.78006028,-104.7735916,12/7/2019 23:06,23:06,5,0,0,46TH AVENUE EAST & MAIN STREET NORTH,1,3,0,0,1,4,,0,20,0,0,0,0,0,4,1,5
,2019-72756,39.738465,-104.9891757,1/14/2019 17:30,17:30,15,0,0,14TH AVENUE 100 BLOCK WEST & BANNOCK STREET NORTH,1,1,0,0,1,4,,1,30,0,0,0,0,0,4,2,13
,2019-72757,39.7467,-104.9984658,9/9/2019 12:10,12:10,6,0,0,14TH STREET & LAWRANCE STREET,1,1,0,0,1,4,,0,30,0,0,0,0,0,4,2,13
,2019-72758,39.748032,-105.0003359,3/28/2019 23:20,23:20,6,0,0,14TH STREET 1300 BLOCK & MARKET STREET,2,3,1,0,1,4,,0,30,0,0,0,0,0,4,2,13
,2019-72759,39.746898,-104.9961597,6/22/2019 16:58,16:58,15,0,0,15TH STREET 1000 BLOCK & ARAPAHOE STREET,2,1,0,1,1,4,,0,25,0,0,0,0,0,4,2,13
,2019-72760,39.749634,-105.0000631,1/30/2019 12:47,12:47,15,0,0,15TH STREET & BLAKE STREET,6,1,0,0,1,4,,0,30,0,0,0,0,0,4,2,1
,2019-72761,39.749634,-104.9999849,6/2/2019 16:25,16:25,15,0,0,15TH STREET 1300 BLOCK & BLAKE STREET,1,1,0,0,1,4,,0,30,0,0,0,0,0,4,2,14
,2019-72762,39.747609,-104.9973352,12/4/2019 18:22,18:22,15,0,0,15TH STREET & LAWRENCE STREET,5,3,0,0,1,4,,0,25,0,0,0,0,0,4,2,8
,2019-72763,39.761649,-105.0107938,7/5/2019 11:26,11:26,6,0,0,17TH STREET & TEJON STREET NORTH,1,1,2,0,1,4,,0,25,0,0,0,0,0,4,2,13
,2019-72764,39.744081,-104.9877293,10/20/2019 14:00,14:00,5,0,0,17TH STREET & TREMONT STREET,1,1,0,0,1,4,,1,30,0,0,0,0,0,4,1,13
,2019-72765,39.747015,-104.9894054,11/12/2019 16:08,16:08,3,0,0,18TH AVENUE & CALIFORNIA STREET,1,2,0,0,1,2,,0,30,0,0,0,0,0,4,2,13
,2019-72766,39.75669,-104.9988571,3/7/2019 18:53,18:53,6,0,0,19TH STREET & CHESTNUT PLACE,1,3,0,0,1,4,,0,,0,0,0,0,0,4,2,13
,2019-72767,39.718881,-104.875794,8/16/2019 17:32,17:32,10,0,0,FIRST AVENUE EAST & DAYTON STREET NORTH,1,1,0,0,1,2,,0,35,0,0,0,0,0,4,2,1
,2019-72768,39.718341,-104.966424,6/14/2019 16:30,16:30,12,0,0,FIRST AVENUE 1700 BLOCK EAST & GILPIN STREET NORTH,1,1,0,0,1,4,,0,35,0,0,0,0,0,4,3,8
,2019-72769,39.718368,-104.971383,4/4/2019 7:53,7:53,12,0,0,FIRST AVENUE 1200 BLOCK EAST & MARION STREET NORTH,1,1,0,0,1,4,,0,30,0,0,0,0,0,4,2,1
,2019-72770,39.71835,-104.9614367,5/9/2019 20:00,20:00,12,0,0,FIRST AVENUE EAST & VINE STREET SOUTH,1,1,0,0,1,4,,0,30,0,0,0,0,0,4,2,13
,2019-72772,39.748887,-104.9869724,4/16/2019 14:35,14:35,12,0,0,20TH STREET 600 BLOCK & CALIFORNIA STREET,1,1,0,0,1,2,,0,30,0,0,0,0,0,4,2,13
,2019-72773,39.757662,-104.9977769,2/11/2019 1:30,1:30,5,0,2,1600 BLOCK 20TH STREET & CHESTNUT STREET,1,3,1,1,3,4,,0,40,0,0,0,0,2,4,1,5
,2019-72774,39.757662,-104.9979191,11/2/2019 1:30,1:30,12,0,0,20TH STREET & CHESTNUT PLACE,1,3,0,0,1,4,,0,35,0,0,0,0,0,4,2,13
,2019-72775,39.75092099,-104.9887052,7/31/2019 17:05,17:05,12,0,1,20TH STREET & CURTIS STREET,1,1,0,0,1,4,,0,30,0,0,0,0,1,4,2,1
,2019-72776,39.75615,-104.9915563,4/5/2019 10:26,10:26,12,0,0,22ND STREET & BLAKE STREET,1,1,0,0,1,4,,0,30,0,0,0,0,0,4,2,13
,2019-72777,39.752127,-104.986127,4/9/2019 7:50,7:50,12,0,0,22ND STREET & CHAMPA STREET,1,1,0,0,1,4,,0,25,0,0,0,0,0,4,3,5
,2019-72778,39.75417,-104.9889778,3/24/2019 12:10,12:10,15,0,0,22ND STREET 1100 BLOCK & LAWRENCE STREET,1,1,0,0,1,4,,0,30,0,0,0,0,0,4,2,13
,2019-72779,39.75069598,-104.9578124,1/3/2019 8:15,8:15,5,0,0,23RD AVENUE 2400 BLOCK EAST & YORK STREET NORTH,1,1,1,0,2,4,,0,25,0,0,0,0,0,4,1,2
,2019-72780,39.759498,-104.9837848,7/5/2019 14:21,14:21,6,0,0,27TH STREET & LARIMER STREET,1,1,0,0,1,5,,0,10,0,0,0,0,0,4,2,13
,2019-72781,39.764556,-104.9801687,3/31/2019 13:15,13:15,6,0,0,31ST STREET 1400 BLOCK & BLAKE STREET,1,1,0,0,1,5,,0,15,0,0,0,0,0,4,2,7
,2019-72782,39.72564,-104.917977,2/28/2019 7:54,7:54,12,0,0,SIXTH AVENUE WEST & I25 SIXTH AVENUE INTERCHANGE,1,1,0,0,1,4,,0,55,0,0,0,0,0,4,2,3
,2019-72784,39.765096,-104.9763754,5/30/2019 18:05,18:05,15,0,0,33RD STREET & LARIMER STREET,1,1,0,0,1,4,,0,25,0,0,0,0,0,4,2,1
,2019-72785,39.76076713,-104.972121,12/7/2019 23:11,23:11,6,0,0,31ST AVENUE EAST & MARION STREET NORTH,1,3,0,0,1,4,,0,,0,0,0,0,0,4,2,13
,2019-72786,39.77027956,-104.8989352,4/13/2019 14:45,14:45,3,0,0,36TH AVENUE EAST & SYRACUSE STREET NORTH,1,1,0,0,1,2,,0,30,0,0,0,0,0,4,2,13
,2019-72787,39.76692448,-104.9532837,7/11/2019 20:00,20:00,6,0,0,36TH AVENUE EAST & FILLMORE STREET NORTH,1,1,0,0,1,4,,0,25,0,0,0,0,0,4,2,13
,2019-72788,39.77027955,-104.8979568,8/22/2019 18:04,18:04,3,0,0,36TH AVENUE EAST & SYRACUSE STREET NORTH,1,1,0,0,1,2,,0,35,0,0,0,0,0,4,3,12
,2019-72789,39.772971,-104.9747305,6/25/2019 9:27,9:27,12,0,1,38TH STREET 1700 BLOCK & BRIGHTON BOULEVARD NORTH,1,1,0,0,1,3,,0,30,0,0,0,0,1,4,2,14
,2019-72791,39.769038,-105.0207673,7/17/2019 17:28,17:28,15,0,0,38TH AVENUE WEST 2700 BLOCK & ELLIOTT STREET NORTH,1,1,0,0,1,3,,0,35,0,0,0,0,0,4,2,13
,2019-72792,39.77109,-104.9030952,3/16/2019 21:02,21:02,15,0,0,39TH AVENUE EAST & QUEBEC STREET NORTH,1,3,0,0,1,4,,0,,0,0,0,0,0,4,2,13
,2019-72793,39.78758191,-104.7906994,9/17/2019 21:42,21:42,5,0,0,PENA BOULEVARD INBOUND 6700 BLOCK & 68TH AVENUE EAST,1,3,0,0,2,4,,0,55,0,0,0,0,0,4,1,13
,2019-72796,39.7963195,-104.8871145,2/8/2019 15:46,15:46,8,0,0,45TH AVENUE 8500 BLOCK EAST & WILLOW STREET,4,1,0,0,1,4,,0,35,0,0,0,0,0,4,2,14
,2019-72797,39.78063,-104.8412358,8/9/2019 14:35,14:35,15,0,0,46TH AVENUE EAST & TULSA COURT NORTH,1,1,1,0,1,4,,0,25,0,0,0,0,0,4,2,13
,2019-72798,39.78380697,-104.9377634,10/29/2019 11:02,11:02,15,0,0,48TH AVENUE EAST & COLORADO BOULEVARD NORTH,5,1,1,2,1,4,,0,30,0,0,0,0,0,4,2,14
,2019-72799,39.78545395,-104.7943137,10/27/2019 19:05,19:05,3,0,0,49TH AVENUE EAST & MEMPHIS STREET NORTH,4,3,0,2,1,2,,0,15,0,0,0,0,0,4,3,5
,2019-72800,39.722481,-104.9734699,7/24/2019 14:53,14:53,15,0,0,FOURTH AVENUE 1100 BLOCK EAST & CORONA STREET NORTH,1,1,0,0,1,4,,0,25,0,0,0,0,0,4,2,1
,2019-72801,39.790674,-104.8243531,1/12/2019 9:00,9:00,6,0,0,52ND AVENUE 14200 BLOCK EAST & CROWN BOULEVARD NORTH,14,5,0,0,1,4,,0,25,0,0,0,0,0,4,2,13
,2019-72802,39.78902699,-104.8004406,5/4/2019 1:36,1:36,5,0,0,53RD AVENUE EAST & KITTREDGE STREET NORTH,1,3,0,0,3,4,,0,35,0,0,0,0,0,4,1,5
,2019-72804,39.798486,-104.8744823,5/24/2019 16:55,16:55,12,0,0,56TH AVENUE EAST & DALLAS STREET NORTH / 9500 BLOCK EAST,1,1,0,0,1,4,,0,45,0,0,0,0,0,4,2,7
,2019-72805,39.798522,-104.8684598,12/28/2019 8:10,8:10,15,0,0,56TH AVENUE EAST & GALENA STREET NORTH,10,1,0,2,1,3,,0,40,0,0,0,0,0,4,2,13
,2019-72806,39.72265199,-104.8777515,8/10/2019 10:00,10:00,6,0,0,FIFTH AVENUE EAST & ALTON WAY NORTH,1,1,0,0,1,4,,0,25,0,0,0,0,0,4,2,1
,2019-72807,39.80421,-104.8719878,9/27/2019 11:30,11:30,6,0,0,59TH DRIVE EAST & ELMIRA COURT NORTH,1,1,0,0,1,5,,0,25,0,0,0,0,0,4,2,13
,2019-72808,39.803661,-104.8689263,11/14/2019 0:54,0:54,6,0,0,59TH AVENUE EAST & TOWER ROAD NORTH,1,3,0,0,1,4,,0,25,0,0,0,0,0,4,2,13
,2019-72809,39.725622,-104.9333724,1/26/2019 17:53,17:53,12,0,0,SIXTH AVENUE 4600 EAST & CHERRY STREET NORTH,1,3,0,0,1,4,,0,,0,0,0,0,0,4,3,13
,2019-72811,39.725658,-104.9055154,3/12/2019 10:57,10:57,6,0,0,SIXTH AVENUE 7100 BLOCK EAST & PONTIAC STREET NORTH,1,1,0,0,1,4,,0,30,0,0,0,0,0,4,2,13
,2019-72812,39.725541,-104.9403388,1/21/2019 12:30,12:30,15,0,0,SIXTH AVENUE 4000 EAST & COLORADO BOULEVARD NORTH,1,1,0,0,1,3,,0,30,0,0,0,0,0,4,2,7
,2019-72813,39.725541,-104.9404455,7/4/2019 11:42,11:42,12,0,0,SIXTH AVENUE EAST 4000 BLOCK & COLORADO BOULEVARD NORTH,1,1,0,0,1,4,,0,30,0,0,0,0,0,4,2,3
,2019-72814,39.825144,-104.6908069,10/18/2019 22:21,22:21,10,0,0,71ST AVENUE EAST & JACKSON GAP STREET,1,3,0,0,1,4,,0,45,0,0,0,0,0,4,2,7
,2019-72817,39.77252174,-104.9005299,3/3/2019 0:43,0:43,3,0,0,80TH AVENUE 27100 BLOCK EAST & SANDDOWN ROAD,4,3,1,2,1,2,,0,35,0,0,0,0,0,4,2,7
,2019-72818,39.718917,-104.896773,3/8/2019 9:03,9:03,6,0,0,ACADEMY BOULEVARD 7500 BLOCK EAST & RAMPART WAY NORTH,1,1,0,0,1,4,,0,25,0,0,0,0,0,4,3,1
,2019-72819,39.70902599,-104.8737857,8/14/2019 6:51,6:51,12,0,0,ALAMEDA AVENUE EAST  & DAYTON STREET SOUTH,1,1,0,0,1,4,,0,40,0,0,0,0,0,4,2,13
,2019-72820,39.70902599,-104.8736969,8/14/2019 7:30,7:30,12,0,0,ALAMEDA AVENUE EAST & DAYTON STREET SOUTH,1,1,0,0,1,4,,0,40,0,0,0,0,0,4,2,3
,2019-72821,39.71133,-104.8918412,1/25/2019 9:25,9:25,12,0,0,ALAMEDA AVENUE 8300 BLOCK EAST & FAIRMOUNT DRIVE EAST,1,1,0,0,1,4,,0,35,0,0,0,0,0,4,2,5
,2019-72822,39.71132999,-104.8911303,5/31/2019 7:42,7:42,10,0,0,ALAMEDA AVENUE EAST & FAIRMOUNT DRIVE EAST,1,1,0,0,1,2,,0,30,0,0,0,0,0,4,2,13
,2019-72824,39.711366,-104.913788,6/25/2019 13:02,13:02,15,0,0,ALAMEDA AVENUE EAST & LOCUST STREET SOUTH,1,1,0,0,1,4,,0,35,0,0,0,0,0,4,2,3
,2019-72825,39.711366,-104.9140013,10/23/2019 8:50,8:50,12,0,0,ALAMEDA AVENUE 6400 BLOCK EAST & LOCUST STREET SOUTH,1,1,0,0,1,4,,0,35,0,0,0,0,0,4,3,13
,2019-72826,39.71134795,-104.899946,2/6/2019 7:40,7:40,12,0,0,ALAMEDA AVENUE EAST 7700 BLOCK & QUEBEC STREET SOUTH,2,1,0,2,1,4,,0,40,0,0,0,0,0,4,2,1
,2019-72827,39.78399599,-104.8453929,6/8/2019 10:18,10:18,1,0,0,ALBROOK DRIVE EAST & PEORIA STREET NORTH,1,1,0,0,1,2,,0,25,0,0,0,0,0,4,2,13
,2019-72828,39.78399599,-104.8454463,4/13/2019 15:00,15:00,12,0,0,ALBROOK DRIVE EAST & PEORIA STREET NORTH / 12300 BLOCK EAST,1,1,0,0,1,4,,0,25,0,0,0,0,0,4,3,3
,2019-72829,39.756339,-104.9840839,11/1/2019 9:13,9:13,12,0,0,ARAPAHOE STREET 2500 BLOCK & 25TH STREET,5,1,0,0,1,4,,0,25,0,0,0,0,0,4,2,13
,2019-72830,39.760254,-104.9772924,2/4/2019 15:15,15:15,12,0,0,ARAPAHOE CURTIS ALY & 30TH STREET,2,1,0,0,1,5,,0,15,0,0,0,0,0,4,2,13
,2019-72831,39.737943,-105.0291178,2/19/2019 0:00,0:00,6,0,0,AVONDALE DRIVE 3200 BLOCK WEST & HOWARD PLACE WEST,2,3,1,2,1,4,,0,30,0,0,0,0,0,4,2,1
,2019-72833,39.751461,-104.9976933,10/3/2019 11:44,11:44,15,0,0,BLAKE STREET & 17TH STREET,1,1,0,0,1,4,,0,30,0,0,0,0,0,4,2,13
,2019-72834,39.767382,-104.976552,1/12/2019 10:26,10:26,15,0,0,BLAKE STREET 3400 BLOCK & 34TH STREET,1,2,0,0,1,4,,0,30,0,0,0,0,0,4,2,13
,2019-72835,39.79331999,-104.9552442,10/18/2019 2:21,2:21,5,0,0,BRIGHTON BOULEVARD NORTH & COLUMBINE STREET NORTH,1,3,0,0,1,4,,0,35,0,0,0,0,0,4,1,5
,2019-72836,39.68058598,-104.9431759,6/6/2019 7:55,7:55,1,0,0,BUCHTEL BOULEVARD EAST 3700 BLOCK & MONROE STREET SOUTH,1,1,0,0,1,2,,0,30,0,0,0,1,0,4,2,13
,2019-72837,39.746097,-104.9904454,6/9/2019 23:45,23:45,12,0,0,CALIFORNIA STREET 1700 BLOCK & 17TH STREET,1,3,0,0,1,4,,0,30,0,0,0,0,0,4,2,13
,2019-72839,39.75211622,-104.9862118,12/16/2019 10:30,10:30,3,0,0,CHAMPA STREET 2200 BLOCK & 22ND STREET,1,1,0,0,1,5,,0,,0,0,0,0,0,4,2,13
,2019-72841,39.690378,-104.9125014,9/4/2019 8:54,8:54,12,0,1,CHERRY CREEK SOUTH DRIVE EAST & MONACO STREET SOUTH,1,1,0,1,1,3,,0,35,0,0,0,0,1,4,2,13
,2019-72842,39.712329,-104.9485051,8/17/2019 12:47,12:47,12,0,0,CHERRY CREEK 3100 BLOCK EAST & STEELE STREET SOUTH,1,1,0,0,1,4,,0,30,0,0,0,0,0,4,3,13
,2019-72843,39.741525,-105.0312806,8/21/2019 8:01,8:01,6,0,0,CONEJOS PLACE WEST & JULIAN STREET NORTH,1,1,0,0,1,4,,0,25,0,0,0,0,0,4,2,14
,2019-72845,39.784167,-104.8305864,2/13/2019 6:50,6:50,12,0,0,CROWN BOULEVARD NORTH & ANDREWS DRIVE EAST,1,2,0,0,1,4,,0,25,0,0,0,0,0,4,2,13
,2019-72846,39.72034989,-105.0456576,5/4/2019 3:20,3:20,6,0,0,SECOND AVENUE WEST & VRAIN STREET NORTH,1,4,0,0,1,4,,0,25,0,0,0,0,0,4,2,13
,2019-72847,39.785994,-105.0082616,9/26/2019 6:30,6:30,6,0,0,DIXIE PLACE WEST & RARITAN STREET NORTH,1,4,0,0,1,4,,0,25,0,0,0,0,0,4,2,13
,2019-72848,39.657348,-104.9088726,8/2/2019 12:56,12:56,5,0,0,EASTMAN AVENUE EAST & NEWPORT STREET SOUTH,1,1,0,0,1,4,,0,25,0,0,0,0,0,4,1,13
,2019-72849,39.689226,-104.9994117,7/26/2019 7:25,7:25,12,0,0,FLORIDA AVENUE WEST & PLATTE RIVER DRIVE SOUTH,2,1,0,0,1,1,,0,30,0,0,0,0,0,4,2,13
,2019-72850,39.65508,-104.8692025,8/16/2019 8:59,8:59,3,0,0,GIRARD AVENUE EAST & GALENA STREET SOUTH,1,1,0,0,1,2,,0,25,0,0,0,0,0,4,2,13
,2019-72851,39.6542295,-104.9069959,11/22/2019 6:17,6:17,6,0,0,GIRARD AVENUE EAST & OLEANDER COURT SOUTH,5,1,0,2,1,4,,0,25,0,0,0,0,0,4,2,13
,2019-72852,39.783636,-104.8089414,1/24/2019 11:06,11:06,12,0,0,GREEN VALLEY RANCH BOULEVARD 15300 BLOCK EAST & CHAMBERS ROAD NORTH,4,1,0,2,1,4,,0,40,0,0,0,0,0,4,2,13
,2019-72853,39.78363599,-104.8082511,3/10/2019 14:00,14:00,3,0,1,GREEN VALLEY RANCH BOULEVARD 15600 BLOCK EAST & CHAMBERS ROAD NORTH,1,1,0,0,1,2,,0,30,0,0,0,0,1,4,2,7
,2019-72854,39.65375699,-105.0580232,5/28/2019 22:21,22:21,3,0,0,HAMPDEN AVENUE WEST  & FENTON STREET SOUTH,2,3,0,1,1,2,,0,25,0,0,0,1,0,4,2,14
,2019-72855,39.68217,-105.0014747,3/8/2019 23:50,23:50,9,0,0,JEWELL AVENUE WEST & PLATTE RIVER SOUTH,1,4,1,0,4,4,,0,35,0,0,0,0,0,4,1,13
,2019-72856,39.75199747,-104.993202,3/12/2019 11:35,11:35,15,0,0,LARIMER STREET 1900 BLOCK & 19TH STREET,1,1,0,0,1,4,,0,30,0,0,0,0,0,4,2,13
,2019-72857,39.75293374,-104.991805,3/16/2019 6:41,6:41,6,0,0,LARIMER STREET 2000 BLOCK & 20TH STREET,1,1,0,0,1,4,,0,25,0,0,0,0,0,4,2,12
,2019-72858,39.758553,-104.9847894,3/5/2019 1:20,1:20,6,0,0,LARIMER STREET 2600 BLOCK & 26TH STREET,4,3,0,0,1,4,,0,,0,0,0,0,0,4,2,13
,2019-72859,39.717081,-104.8951958,5/7/2019 5:49,5:49,15,0,0,LOWRY BOULEVARD 8000 BLOCK EAST & FAIRMOUNT DRIVE EAST,2,3,0,1,1,6,,0,30,0,0,0,0,0,4,2,13
,2019-72860,39.74796,-104.9999934,11/24/2019 10:04,10:04,12,0,0,MARKET STREET 1400 BLOCK & 14TH STREET,1,1,0,0,1,4,,0,25,0,0,0,0,0,4,2,13
,2019-72861,39.695121,-104.9215666,11/1/2019 8:55,8:55,6,0,0,MINNESOTA DRIVE EAST & HOLLY STREET SOUTH,2,1,0,0,1,4,,0,25,0,0,0,0,0,4,2,13
,2019-72863,39.697956,-104.8820525,1/29/2019 10:05,10:05,15,0,0,MISSISSIPPI AVENUE 9100 BLOCK EAST & ALTON STREET SOUTH,5,1,0,0,1,4,,0,35,0,0,0,0,0,4,2,7
,2019-72865,39.761982,-104.9066852,11/12/2019 16:33,16:33,12,0,0,MLK BOULEVARD EAST & OLIVE STREET NORTH,1,2,0,0,1,4,,0,35,0,0,0,0,0,4,2,3
,2019-72866,39.761982,-104.9066852,11/12/2019 16:33,16:33,12,0,0,MLK BOULEVARD EAST & OLIVE STREET NORTH,1,2,0,0,1,4,,0,35,0,0,0,0,0,4,3,1
,2019-72867,39.696921,-105.0523761,6/24/2019 15:03,15:03,12,0,0,MORRISON ROAD 5100 BLOCK & SHERIDAN BOULEVARD SOUTH,1,1,0,0,1,4,,0,25,0,0,0,0,0,4,2,12
,2019-72868,39.703968,-105.0427351,8/28/2019 16:41,16:41,9,0,0,MORRISON ROAD & STUART STREET SOUTH,1,1,0,0,1,4,,0,30,0,0,0,0,0,4,1,13
,2019-72870,39.69855,-105.0503635,12/5/2019 10:59,10:59,3,0,0,MORRISON ROAD 5000 BLOCK & YATES STREET SOUTH,2,1,0,1,1,2,,0,35,0,0,0,0,0,4,2,13
,2019-72871,39.753063,-104.9846013,10/22/2019 12:39,12:39,6,0,0,PARK AVENUE WEST & CHAMPA STREET,1,1,1,0,1,4,,0,30,0,0,0,0,0,4,2,1
,2019-72872,39.759426,-104.9930276,10/10/2019 15:01,15:01,12,0,0,PARK AVENUE WEST 1800 BLOCK & DELGANY STREET,5,1,0,2,1,4,,0,30,0,0,0,0,0,4,3,13
,2019-72873,39.750372,-104.9812692,9/20/2019 20:03,20:03,12,0,0,PARK AVENUE WEST 500 BLOCK & GLENARM PLACE,1,3,0,0,1,4,,0,30,0,0,0,0,0,4,2,13
,2019-72874,39.78785643,-104.7899521,5/26/2019 12:46,12:46,5,0,1,PENA BOULEVARD & 78TH AVENUE EAST,1,1,0,0,3,4,,1,65,0,0,0,0,2,4,1,13
,2019-72875,39.78785625,-104.7842942,1/10/2019 18:54,18:54,15,0,0,PENA BOULEVARD INBOUND 8300 BLOCK & g,1,1,0,0,1,4,,0,45,0,0,0,0,0,4,2,10
,2019-72876,39.78785642,-104.7889202,9/14/2019 11:55,11:55,5,0,0,PENA CIRCLE 7500 BLOCK & PENA BOULEVARD OUTBOUND,1,1,1,0,2,4,,0,35,0,0,0,0,0,4,1,14
,2019-72877,39.83338799,-104.7701986,5/24/2019 11:30,11:30,5,0,0,PENA BOULEVARD EAST & TOWER ROAD NORTH,1,1,0,0,1,4,,0,,0,0,0,0,0,4,2,13
,2019-72878,39.76848898,-104.8633665,12/13/2019 16:15,16:15,12,0,0,SMITH ROAD 10500 BLOCK EAST & HAVANA STREET NORTH,1,2,0,0,1,4,,0,35,0,0,0,0,0,4,2,13
,2019-72879,39.669597,-104.8731637,1/1/2019 18:00,18:00,6,0,0,VASSAR DRIVE EAST & DAYTON WAY SOUTH,4,1,1,0,1,4,,0,25,0,0,0,0,0,4,2,13
,2019-72880,39.723435,-104.983434,11/29/2019 7:18,7:18,12,0,0,SPEER BOULEVARD EAST & GRANT STREET NORTH,6,1,0,0,1,4,,0,,0,0,0,0,0,4,2,13
,2019-72881,39.629466,-104.8944409,9/5/2019 17:42,17:42,15,0,0,ULSTER STREET SOUTH & UNION AVENUE EAST,1,1,0,0,1,3,,0,30,0,0,0,0,0,4,3,1
,2019-72882,39.83553,-104.6677133,8/27/2019 10:40,10:40,5,0,1,UNDERGROVE STREET 7654 NORTH & HARRY B COMBS,1,1,0,0,3,4,,0,25,0,0,0,0,1,4,1,3
,2019-72883,39.7593,-104.9858248,1/30/2019 13:52,13:52,6,0,0,WALNUT STREET 2600 BLOCK & 26TH STREET,1,1,0,0,1,4,,0,30,0,0,0,0,0,4,2,13
,2019-72884,39.7611,-104.9832559,9/27/2019 11:50,11:50,10,0,0,WALNUT STREET & 28TH STREET,1,1,0,0,1,2,,0,30,0,0,0,0,0,4,2,13
,2019-72885,39.745467,-104.9889666,6/30/2019 11:38,11:38,12,0,0,WELTON STREET 1700 BLOCK & 17TH STREET,1,1,0,0,1,4,,0,30,0,0,0,0,0,4,2,13
,2019-72886,39.667356,-104.9499732,10/8/2019 16:50,16:50,6,0,0,YALE AVENUE EAST & STEELE STREET SOUTH,1,1,0,0,1,4,,0,35,0,0,0,0,0,4,2,5
,2019-72887,39.6681525,-104.937463,11/15/2019 12:07,12:07,12,0,0,YALE AVENUE 5500 BLOCK EAST & VASSAR AVENUE EAST,1,1,0,0,1,4,,0,30,0,0,0,0,0,4,2,13
,2019-72889,39.7657082,-104.94285,6/11/2019 16:39,16:39,6,0,0,35TH AVENUE EAST & JACKSON STREET NORTH,1,1,0,0,1,4,,0,25,0,0,0,0,0,4,2,13
,2019-72892,39.72296701,-105.0426959,9/1/2019 2:25,2:25,5,0,0,FOURTH AVENUE WEST & STUART STREET NORTH,1,3,0,0,3,4,,0,25,0,0,0,0,0,4,1,13
,2019-72923,39.759615,-104.9773682,6/8/2019 18:46,18:46,6,0,0,30TH STREET & CHAMPA STREET,1,1,0,0,1,4,,0,30,0,0,0,0,0,4,2,13
,2019-72975,39.75069598,-104.9578907,5/15/2019 12:50,12:50,15,0,1,23RD AVENUE EAST & YORK STREET NORTH,1,1,0,0,1,4,,0,25,0,0,0,0,1,4,2,1
,2019-72976,39.80473196,-104.869908,10/7/2019 8:39,8:39,5,0,0,60TH AVENUE EAST & FULTON STREET,1,1,0,0,2,4,,1,10,0,0,0,0,0,4,1,14