id,drcog_id,latitude,longitude,crashtime,time,crashtype,numbkilled,numbinjurd,drcoglocat,rdconditin,lightngcon,roadcntgrd,weatherco,location,roaddescrp,schoolzone,constrzone,splimit,bikeinv,sctrinv,pedinv,motoinv,svrty,rdsystem,ttlvehcls,hcf
,2019-72978,39.67594191,-104.9175715,8/26/2019 13:39,13:39,3,0,0,ILIFF AVENUE 6000 BLOCK EAST & HOLLY STREET SOUTH,1,1,0,0,1,2,,0,25,0,0,0,0,0,4,2,13
,2019-72979,39.83338794,-104.7682188,4/18/2019 17:00,17:00,15,0,0,PENA BOULEVARD OUTBOUND 7500 BLOCK & TOWER ROAD,1,1,0,0,1,4,,0,,0,0,0,0,0,4,2,8
,2019-72980,39.8344139,-104.7107992,10/26/2019 2:35,2:35,5,0,0,PENA BOULEVARD & GUN CLUB ROAD,1,3,0,0,3,4,,0,55,0,0,0,0,0,4,1,2
,2019-72982,39.83338762,-104.7625786,2/8/2019 4:20,4:20,15,0,0,PENA BOULEVARD 7000 BLOCK & TOWER ROAD,1,3,0,0,1,4,,0,65,0,0,0,0,0,4,2,7
,2019-72983,39.83338762,-104.7625786,5/10/2019 5:00,5:00,12,0,0,PENA BOULEVARD & TOWER ROAD,1,2,0,0,1,4,,0,65,0,0,0,0,0,4,2,13
,2019-72984,39.8333879,-104.7672788,5/27/2019 4:54,4:54,5,0,0,PENA BOULEVARD & TOWER ROAD,1,3,0,0,3,4,,0,65,0,0,0,0,0,4,1,3
,2019-72994,39.78321606,-104.7547485,4/25/2019 20:18,20:18,5,0,1,HIMALAYA ROAD 4800 BLOCK NORTH & 48TH DRIVE EAST,1,3,1,0,2,4,,0,40,0,0,0,0,2,4,1,10
,2019-72998,39.78825522,-104.8502295,3/20/2019 13:50,13:50,6,0,0,OAKLAND STREET NORTH 5000 BLOCK & 51ST AVENUE EAST,1,1,0,0,1,4,,0,35,0,0,0,0,0,4,2,13
,2019-72999,39.75318443,-104.996412,2/7/2019 23:50,23:50,6,0,0,WAZEE STREET 1800 & 19TH STREET,4,3,0,2,1,4,,0,25,0,0,0,0,0,4,2,3
,2019-73084,39.653046,-104.875704,10/14/2019 16:49,16:49,3,0,0,DAYTON STREET SOUTH & HAMPDEN AVENUE EAST,1,1,0,0,1,2,,0,25,0,0,0,0,0,4,2,1
,2019-73091,39.6621266,-105.0179922,8/12/2019 15:59,15:59,6,0,0,CORNELL AVENUE WEST & BRYANT STREET SOUTH,1,1,1,0,1,3,,0,25,0,0,0,0,0,4,2,13
,2019-73148,39.71813601,-104.9737815,12/28/2019 11:14,11:14,5,0,0,DOWNING STREET NORTH & SPEER BOULEVARD,6,1,0,2,3,3,,0,35,0,0,0,0,0,4,1,7
,2019-73149,39.69770395,-104.9800635,9/22/2019 23:30,23:30,6,0,0,PEARL STREET 1000 BLOCK NORTH & 11TH AVENUE EAST,1,5,0,0,1,4,,0,25,0,0,0,0,0,4,2,13
,2019-73150,39.74513007,-104.9971905,10/10/2019 16:50,16:50,15,0,0,14TH STREET & CURTIS STREET,2,1,0,0,1,4,,0,30,0,0,0,0,0,4,4,13
,2019-73151,39.74935948,-105.0003405,10/4/2019 8:57,8:57,10,0,0,15TH STREET & BLAKE STREET,1,1,0,0,1,5,,0,30,0,0,0,0,0,4,2,13
,2019-73152,39.74332948,-104.9925195,11/22/2019 11:10,11:10,12,0,1,15TH STREET & WELTON STREET,2,1,0,0,1,4,,0,30,0,0,0,0,1,4,3,5
,2019-73153,39.74276921,-104.9895405,3/18/2019 7:24,7:24,6,0,0,16TH STREET 300 BLOCK & TREMONT PLACE,1,1,0,0,1,4,,0,10,0,0,0,0,0,4,2,13
,2019-73154,39.74725011,-104.992722,4/17/2019 17:37,17:37,15,0,0,17TH STREET & CHAMPA STREET,1,1,0,0,1,4,,0,30,0,0,0,0,0,4,2,8
,2019-73155,39.75087731,-104.9929605,11/5/2019 9:25,9:25,3,0,0,19TH STREET & LAWRENCE STREET,1,1,0,0,1,5,,0,25,0,0,0,0,0,4,2,13
,2019-73156,39.75683843,-104.9986305,8/4/2019 2:43,2:43,12,0,0,20TH STREET & CHESTNUT STREET,1,3,0,0,1,4,,0,35,0,0,0,0,0,4,2,5
,2019-73157,39.75738748,-104.9986305,3/19/2019 18:25,18:25,15,0,0,20TH STREET 1900 BLOCK & CHESTNUT PLACE,1,2,1,0,1,4,,0,25,0,0,0,0,0,4,2,13
,2019-73158,39.75857226,-105.0017805,8/18/2019 15:30,15:30,12,0,0,20TH STREET 2900 BLOCK & LITTLE RAVEN STREET,1,1,0,0,1,4,,0,30,0,0,0,0,0,4,2,12
,2019-73159,39.75091648,-104.987889,8/18/2019 22:00,22:00,6,0,0,21ST STREET & CHAMPA STREET,1,3,0,0,1,4,,0,25,0,0,0,0,0,4,3,13
,2019-73160,39.75321711,-104.988402,10/4/2019 15:18,15:18,15,0,0,22ND STREET & ARAPAHOE STREET,1,1,0,0,1,4,,0,30,0,0,0,0,0,4,2,13
,2019-73161,39.77076457,-104.747616,1/25/2019 8:16,8:16,14,0,0,40TH AVENUE 7700 EAST & 41ST AVENUE EAST,5,1,0,0,1,4,,0,25,0,0,0,0,0,4,2,13
,2019-73162,39.83789146,-104.7020979,3/25/2019 10:55,10:55,5,0,0,78TH AVENUE EAST 24500 BLOCK & THE SOUTH CURBL,1,1,1,0,3,4,,0,45,0,0,0,0,0,4,1,14
,2019-73163,39.7693397,-104.887831,8/23/2019 17:10,17:10,12,0,0,CENTRAL PARK BOULEVARD 3900 NORTH & SMITH ROAD EAST,1,1,0,0,1,4,,0,40,0,0,0,0,0,4,2,1
,2019-73164,39.701916,-104.876388,1/9/2019 8:39,8:39,6,0,0,ALTON WAY 600 BLOCK SOUTH & CLINTON STREET SOUTH,1,1,0,0,1,4,,0,25,0,0,0,0,0,4,2,13
,2019-73165,39.71452947,-104.992173,2/13/2019 5:15,5:15,6,0,0,CHEROKEE STREET 100 BLOCK SOUTH & BAYAUD STREET WEST,1,3,0,0,1,4,,0,25,0,0,0,0,0,4,2,13
,2019-73166,39.72453516,-104.878611,7/14/2019 1:00,1:00,6,0,0,ALTON WAY NORTH & LOWRY BOULEVARD EAST,1,4,0,0,1,4,,0,,0,0,0,0,0,4,3,13
,2019-73167,39.78098995,-104.8176405,2/14/2019 12:56,12:56,6,0,0,ALTURA STREET NORTH & BOLLING DRIVE EAST,1,1,0,0,1,4,,0,25,0,0,0,0,0,4,3,7
,2019-73168,39.74918395,-104.9928525,3/31/2019 19:50,19:50,6,0,0,ARAPAHOE STREET 1800 BLOCK & 19TH STREET,1,3,0,0,3,4,,0,25,0,0,0,0,0,4,2,6
,2019-73169,39.75960273,-104.9798845,11/15/2019 18:37,18:37,6,0,0,ARAPAHOE STREET 2900 BLOCK & 30TH STREET,1,3,0,0,1,4,,0,25,0,0,0,0,0,4,2,13
,2019-73170,39.73215593,-105.02064,6/25/2019 3:20,3:20,6,0,0,CLAY WAY NORTH & 10TH AVENUE WEST,1,3,0,0,1,4,,0,25,0,0,0,0,0,4,2,14
,2019-73171,39.63056841,-105.089868,1/10/2019 19:00,19:00,5,0,1,BALSAM WAY 4875 BLOCK SOUTH & UNION AVENUE WEST,1,3,0,0,2,4,,0,30,0,0,0,0,2,4,1,14
,2019-73172,39.76070706,-104.9659532,8/18/2019 21:52,21:52,6,0,0,WILLIAMS STREET NORTH & 31ST AVENUE EAST,1,3,0,0,1,3,,0,,0,0,0,0,0,4,2,13
,2019-73173,39.66613183,-105.0601275,9/6/2019 14:00,14:00,6,0,0,FENTON STREET SOUTH & YALE AVENUE WEST,1,3,0,0,1,4,,0,25,0,0,0,0,0,4,2,7
,2019-73175,39.76172321,-104.958216,9/15/2019 4:35,4:35,6,0,0,JOSEPHINE STREET 3200 BLOCK NORTH & 33RD AVENUE WEST,1,4,0,0,1,4,,0,25,0,0,0,0,0,4,2,13
,2019-73176,39.75056195,-104.9986767,4/12/2019 12:46,12:46,5,0,2,BLAKE STREET 1600 BLOCK & 17TH STREET,1,1,0,0,4,5,,0,20,0,0,0,0,2,4,1,15
,2019-73177,39.76502395,-104.9845185,3/17/2019 13:00,13:00,12,0,0,BRIGHTON BOULEVARD 3000 BLOCK NORTH & 31ST STREET,1,1,0,0,1,4,,0,35,0,0,0,0,0,4,2,13
,2019-73178,39.77185849,-104.9765361,10/4/2019 22:30,22:30,3,0,1,BRIGHTON BOULEVARD NORTH  & 42ND STREET,1,3,0,0,1,2,,0,35,0,0,0,0,1,4,2,8
,2019-73179,39.69977938,-104.987196,8/19/2019 12:50,12:50,5,0,0,BROADWAY SOUTH 900 BLOCK NORTH & 10TH AVENUE WEST,1,1,0,0,3,4,,0,30,0,0,0,0,0,4,1,7
,2019-73180,39.77524722,-105.04628,7/31/2019 7:30,7:30,6,0,0,VRAIN STREET NORTH & 43RD AVENUE WEST,1,1,0,0,1,4,,0,25,0,0,0,0,0,4,2,13
,2019-73183,39.83466329,-104.7097123,2/8/2019 20:58,20:58,6,0,0,CALAWABA STREET 7700 BLOCK & 78TH AVENUE EAST,2,3,0,0,1,4,,0,25,0,0,0,0,0,4,2,3
,2019-73184,39.74301002,-104.9945276,8/15/2019 22:16,22:16,12,0,0,CALIFORNIA STREET 1400 BLOCK & 15TH STREET,1,3,0,0,1,4,,0,30,0,0,0,0,0,4,2,13
,2019-73185,39.76118321,-105.005691,12/6/2019 2:05,2:05,5,0,0,CENTRAL STREET 1900 BLOCK & 20TH STREET,5,3,0,0,3,4,,0,25,0,0,0,0,0,4,1,5
,2019-73186,39.77592965,-104.8334085,8/28/2019 3:33,3:33,6,0,0,CARSON STREET NORTH & ALBROOK DRIVE EAST,1,3,0,0,1,4,,0,25,0,0,0,0,0,4,2,1
,2019-73187,39.77135977,-104.882868,12/12/2019 16:10,16:10,5,0,0,CENTRAL PARK BOULEVARD NORTH & 40TH AVENUE EAST,1,2,0,0,3,4,,0,40,0,0,0,0,0,4,2,7
,2019-73188,39.77111544,-104.882868,12/20/2019 16:46,16:46,8,0,1,CENTRAL PARK BOULEVARD NORTH & 40TH AVENUE EAST,1,2,1,0,5,4,,0,35,0,0,0,0,1,4,3,2
,2019-73190,39.75151721,-104.889852,10/30/2019 18:35,18:35,6,0,0,CENTRAL PARK BOULEVARD NORTH & WABASH STREET NORTH,5,3,0,0,1,4,,0,30,0,0,0,0,0,4,3,13
,2019-73191,39.75040348,-104.88852,6/13/2019 14:50,14:50,12,0,1,CENTRAL PARK BOULEVARD NORTH & XANTHIA WAY NORTH,1,1,0,0,1,4,,0,30,0,0,0,0,1,4,2,13
,2019-73192,39.66537057,-104.9360805,2/18/2019 7:30,7:30,6,0,0,CLERMONT DRIVE SOUTH & BROOK DRIVE SOUTH,5,1,0,2,1,4,,0,20,0,0,0,0,0,4,2,13
,2019-73193,39.74515421,-104.995152,5/28/2019 11:25,11:25,6,0,0,CHAMPA STREET & 15TH STREET,1,1,0,0,1,4,,0,25,0,0,0,0,0,4,2,14
,2019-73194,39.711177,-104.9339385,2/6/2019 9:31,9:31,15,0,0,CHERRY CREEK 5700 BLOCK EAST & ALAMEDA AVENUE EAST,4,1,0,2,1,4,,0,30,0,0,0,0,0,4,2,7
,2019-73195,39.69051521,-104.9762205,3/4/2019 8:40,8:40,12,0,0,CLARKSON STREET 1300 BLOCK NORTH & 14TH AVENUE EAST,5,1,0,0,1,4,,0,25,0,0,0,0,0,4,2,13
,2019-73196,39.68693185,-104.9778,8/15/2019 11:45,11:45,15,0,0,CLARKSON STREET 1600 BLOCK NORTH & 17TH AVENUE EAST,1,1,0,0,1,4,,0,30,0,0,0,0,0,4,2,13
,2019-73198,39.78381012,-104.831298,6/19/2019 9:00,9:00,15,0,0,CROWN BOULEVARD NORTH & ANDREWS DRIVE EAST,1,1,0,0,1,2,,0,25,0,0,0,0,0,4,2,1
,2019-73199,39.74791138,-104.9935905,7/4/2019 14:15,14:15,6,0,0,CURTIS STREET & 17TH STREET,1,1,0,0,1,4,,0,25,0,0,0,0,0,4,2,14
,2019-73202,39.69229942,-105.021549,11/26/2019 11:42,11:42,6,0,0,DALE COURT SOUTH & LOUISIANA AVENUE WEST,4,1,0,2,1,4,,0,25,0,0,0,0,0,4,2,3
,2019-73203,39.77677393,-104.8201695,3/16/2019 11:25,11:25,6,0,0,DEARBORN STREET NORTH 4500 BLOCK & SCOTT PLACE EAST,1,1,0,0,1,4,,0,,0,0,0,0,0,4,2,13
,2019-73204,39.76084793,-104.990994,2/16/2019 0:45,0:45,5,0,0,DELGANY STREET 2300 BLOCK & WEWATTA WAY,4,3,0,0,3,4,,0,30,0,0,0,0,0,4,1,13
,2019-73206,39.73500448,-104.9727645,6/11/2019 0:05,0:05,6,0,0,DOWNING STREET 1200 BLOCK NORTH & 13TH AVENUE,1,3,0,0,1,4,,0,,0,0,0,0,0,4,3,2
,2019-73207,39.68011664,-104.9731965,5/8/2019 15:10,15:10,12,0,0,DOWNING STREET 2000 BLOCK NORTH & 21ST AVENUE EAST,1,1,0,1,1,4,,0,30,0,0,0,0,0,4,2,13
,2019-73208,39.71624847,-104.97339,6/29/2019 3:25,3:25,6,0,0,DOWNING STREET SOUTH & DOWNING STREET SOUTH,1,3,0,0,1,4,,0,30,0,0,0,0,0,4,6,13
,2019-73209,39.63259341,-104.893272,11/12/2019 17:36,17:36,12,0,1,DTC BOULEVARD 4800 BLOCK SOUTH & TUFTS AVENUE EAST,1,2,0,0,1,4,,0,35,0,0,0,0,1,4,3,3
,2019-73210,39.78511648,-104.761872,9/30/2019 15:01,15:01,15,0,3,DUNKIRK STREET NORTH & 49TH AVENUE EAST,1,1,0,0,1,4,,0,25,0,0,0,0,1,4,2,13
,2019-73211,39.78536848,-105.059061,5/23/2019 16:45,16:45,12,0,0,EATON STREET NORTH & 49TH AVENUE WEST,1,1,1,0,1,2,,0,25,0,0,0,0,0,4,2,13
,2019-73212,39.73520921,-104.9962545,11/5/2019 7:30,7:30,6,0,0,GALAPAGO STREET 1200 BLOCK NORTH & 13TH AVENUE WEST,1,1,0,0,1,4,,0,,0,0,0,0,0,4,2,13
,2019-73213,39.70320742,-104.9995665,1/28/2019 0:48,0:48,6,0,0,ELLIOTT STREET 700 SOUTH & EXPOSITION AVENUE WEST,1,4,1,0,1,4,,0,30,0,0,0,0,0,4,5,13
,2019-73215,39.74310221,-104.975928,1/6/2019 15:25,15:25,15,0,0,EMERSON STREET 1700 BLOCK NORTH & 18TH AVENUE EAST,1,1,0,0,1,4,,0,30,0,0,0,0,0,4,2,13
,2019-73216,39.78724274,-104.9534415,5/24/2019 19:33,19:33,6,0,0,FILLMORE STREET NORTH & 50TH AVENUE EAST,1,2,0,0,1,4,,0,25,0,0,0,0,0,4,3,12
,2019-73217,39.73507195,-104.9962545,3/6/2019 8:56,8:56,12,0,0,GALAPAGO STREET NORTH 1200 BLOCK & 13TH AVENUE WEST,1,1,0,0,1,4,,0,25,0,0,0,0,0,4,2,14
,2019-73218,39.73981138,-104.9976315,4/30/2019 12:27,12:27,6,0,0,INCA STREET NORTH & COLFAX AVENUE WEST,1,1,0,0,1,4,,0,25,0,0,0,0,0,4,2,5
,2019-73219,39.69379342,-104.967342,4/27/2019 11:05,11:05,12,0,0,GILPIN STREET 1200 BLOCK NORTH & 13TH AVENUE EAST,1,1,0,0,1,4,,0,25,0,0,0,0,0,4,2,13
,2019-73221,39.74132177,-104.983209,12/16/2019 13:10,13:10,3,0,1,GRANT STREET 1600 BLOCK NORTH & 17TH AVENUE EAST,1,1,0,0,1,2,,0,30,0,0,0,0,2,4,2,13
,2019-73222,39.77723692,-104.98401,1/13/2019 3:24,3:24,6,0,0,GRANT STREET 4459 BLOCK NORTH & 45TH AVENUE WEST,1,3,0,0,1,4,,0,25,0,0,0,0,0,4,4,5
,2019-73223,39.76928699,-104.7522492,5/9/2019 12:50,12:50,6,0,0,IRELAND STREET 3900 BLOCK NORTH & 39TH AVENUE EAST,1,1,0,0,1,4,,0,,0,0,0,0,0,4,2,13
,2019-73224,39.64659475,-104.92398,8/29/2019 0:30,0:30,5,0,1,HAPPY CANYON EAST & MANSFIELD AVENUE EAST,1,3,0,0,1,4,,0,30,0,0,0,0,2,4,1,13
,2019-73225,39.78075329,-104.864778,1/13/2019 23:26,23:26,12,0,0,HAVANA STREET 4600 BLOCK NORTH & 47TH AVENUE EAST,1,3,0,0,1,4,,0,40,0,0,0,1,0,4,2,2
,2019-73226,39.78200248,-104.865921,7/19/2019 14:40,14:40,15,0,2,HAVANA STREET NORTH  & 47TH AVENUE EAST,1,1,0,0,1,3,,0,40,0,0,0,0,1,4,2,13
,2019-73228,39.77667895,-104.75406,5/11/2019 9:13,9:13,5,0,0,HIMALAYA ROAD 4300 BLOCK NORTH & MITHCELL PLACE EAST,1,1,0,0,2,4,,0,40,0,0,0,0,0,4,1,12
,2019-73230,39.65936615,-104.92047,7/12/2019 8:31,8:31,6,0,0,HOLLY PLACE SOUTH & DARTMOUTH AVENUE EAST,1,1,1,0,1,4,,0,25,0,0,0,0,0,4,2,12
,2019-73231,39.73975648,-104.9697405,9/4/2019 7:55,7:55,6,0,0,HUMBOLDT STREET NORTH & COLFAX AVENUE EAST,1,1,0,0,1,4,,0,25,0,0,0,0,0,4,2,13
,2019-73232,39.79702339,-104.7873105,3/7/2019 6:00,6:00,5,0,0,INBOUND PENA BOULEVARD & 56TH AVENUE EAST,5,1,0,0,2,4,,0,65,0,0,0,0,0,4,1,13
,2019-73233,39.64927126,-104.9070195,8/20/2019 12:05,12:05,6,0,0,JARVIS PLACE EAST & ONEIDA STREET SOUTH,1,1,1,0,1,2,,0,25,0,0,0,0,0,4,2,13
,2019-73234,39.73967095,-104.9175495,5/15/2019 12:20,12:20,5,0,1,KEARNEY STREET NORTH & COLFAX AVENUE EAST,1,1,0,0,3,4,,0,25,0,0,0,0,2,4,1,13
,2019-73236,39.75173548,-104.993811,8/20/2019 13:45,13:45,6,0,0,LARIMER STREET & 19TH STREET,1,1,0,0,1,4,,0,25,0,0,0,0,0,4,2,13
,2019-73237,39.76274084,-104.9771488,6/14/2019 12:10,12:10,6,0,0,LAWRENCE STREET 3200 BLOCK & 33RD STREET,14,1,0,0,1,4,,0,30,0,0,0,0,0,4,2,13
,2019-73238,39.75481348,-104.9881095,10/9/2019 19:01,19:01,15,0,0,LAWRENCE STREET & PARK AVENUE WEST,1,3,0,0,1,4,,0,30,0,0,0,0,0,4,2,13
,2019-73239,39.73019621,-104.9859585,10/2/2019 8:45,8:45,12,0,1,LINCOLN STREET 900 BLOCK NORTH & 10TH AVENUE EAST,1,1,0,0,1,3,,0,35,0,0,0,0,1,4,4,13
,2019-73240,39.73166095,-104.985738,1/23/2019 7:45,7:45,12,0,1,LINCOLN STREET 1000 BLOCK NORTH & 11TH AVENUE EAST,1,1,0,0,1,4,,0,30,0,0,0,0,1,4,3,13
,2019-73241,39.77816395,-105.0010245,2/13/2019 2:31,2:31,6,0,0,LIPAN STREET 4500 BLOCK NORTH & 46TH AVENUE WEST,1,3,0,0,1,4,,0,25,0,0,0,0,0,4,2,13
,2019-73244,39.65293574,-104.9153535,7/6/2019 0:55,0:55,3,0,0,LOCUST STREET SOUTH 3500 BLOCK & HAMPDEN AVENUE EAST,2,3,0,0,1,2,,0,10,0,0,0,0,0,4,2,12
,2019-73245,39.73707246,-104.981967,6/26/2019 13:44,13:44,12,0,1,LOGAN STREET NORTH 1300 BLOCK & 14TH AVENUE EAST,1,1,0,0,1,4,,0,30,0,0,0,0,2,4,2,13
,2019-73246,39.78534731,-105.03432,7/10/2019 15:45,15:45,6,0,1,LOWELL BOULEVARD NORTH 4900 BLOCK & 50TH AVENUE WEST,1,1,0,0,1,4,,0,30,0,0,0,0,2,4,2,9
,2019-73247,39.65715985,-105.03468,1/30/2019 7:43,7:43,3,0,0,LOWELL BOULEVARD SOUTH 3400 BLOCK & GIRARD AVENUE WEST,1,1,0,0,1,2,,0,15,0,0,0,0,0,4,2,13
,2019-73249,39.69217461,-104.971923,4/22/2019 10:25,10:25,6,0,0,MARION STREET 1300 BLOCK NORTH & 14TH AVENUE EAST,1,1,0,0,1,4,,0,30,0,0,0,0,0,4,2,13
,2019-73250,39.74840095,-104.9995305,6/3/2019 13:00,13:00,6,0,0,MARKET STREET & 15TH STREET,1,1,0,0,1,4,,0,25,0,0,0,0,0,4,2,13
,2019-73257,39.72913874,-104.912811,1/17/2019 8:15,8:15,15,0,0,MONACO STREET NORTH & EIGHTH AVENUE EAST,1,1,0,0,1,4,,0,30,0,0,0,0,0,4,2,13
,2019-73258,39.68175179,-104.9760683,8/26/2019 7:48,7:48,15,0,0,MONACO1900 BLOCK SOUTH & JEWELL AVENUE EAST,1,1,0,0,1,4,,0,30,0,0,0,0,0,4,2,13
,2019-73259,39.73990093,-104.9453325,4/16/2019 21:50,21:50,6,0,0,MONROE STREET 1400 BLOCK NORTH & COLFAX AVENUE EAST,1,3,0,0,1,4,,0,25,0,0,0,0,0,4,2,13
,2019-73260,39.73987348,-104.9453325,10/13/2019 18:00,18:00,6,0,0,MONROE STREET NORTH & COLFAX AVENUE EAST,1,1,0,0,1,4,,0,25,0,0,0,0,0,4,2,5
,2019-73263,39.77150622,-105.0038415,4/25/2019 14:22,14:22,6,0,0,NAVAJO STREET 4000 BLOCK NORTH & 41ST AVENUE WEST,1,1,1,0,1,4,,0,25,0,0,0,0,0,4,2,13
,2019-73264,39.75344548,-104.98635,4/22/2019 18:10,18:10,12,0,0,PARK AVENUE WEST 900 BLOCK & CURTIS STREET,1,1,0,0,1,4,,0,30,0,0,0,0,0,4,2,13
,2019-73265,39.69756668,-104.9800635,2/1/2019 8:20,8:20,6,0,0,PEARL STREET 1000 BLOCK NORTH & 11TH AVENUE EAST,1,1,0,0,1,4,,0,25,0,0,0,0,0,4,2,13
,2019-73266,39.68712889,-104.980131,2/11/2019 13:35,13:35,6,0,0,PEARL STREET 1600 BLOCK NORTH & 17TH AVENUE EAST,1,1,0,0,1,4,,0,30,0,0,0,0,0,4,3,10
,2019-73267,39.76184021,-105.0063255,1/12/2019 17:00,17:00,6,0,0,PECOS STREET 3200 BLOCK NORTH & 33RD AVENUE WEST,1,4,0,0,1,4,,0,25,0,0,0,0,0,4,2,13
,2019-73268,39.78069074,-105.0058125,11/27/2019 8:25,8:25,12,0,2,PECOS STREET 4600 BLOCK NORTH & 47TH AVENUE WEST,5,1,1,0,1,4,,0,35,0,0,0,0,1,4,2,13
,2019-73269,39.8461094,-104.673951,4/28/2019 14:45,14:45,6,0,0,PENA BOULEVARD 8300 BLOCK & 84TH AVENUE,1,1,1,0,1,4,,0,45,0,0,0,0,0,4,2,14
,2019-73270,39.78340311,-104.791392,4/16/2019 7:50,7:50,12,0,0,PENA BOULEVARD 4700 BLOCK & GREEN VALLEY RANCH BOULEVARD NORTH,1,1,0,0,1,4,,0,45,0,0,0,0,0,4,2,8
,2019-73271,39.78314231,-104.791392,9/4/2019 15:40,15:40,12,0,1,PENA BOULEVARD 4700 BLOCK & GREEN VALLEY RANCH BOULEVARD NORTH,1,1,1,0,1,7,,0,45,0,0,0,0,1,4,2,13
,2019-73272,39.74332948,-104.9925195,5/25/2019 5:54,5:54,6,0,0,WELTON STREET & 15TH STREET,1,1,0,0,1,4,,0,25,0,0,0,0,0,4,2,2
,2019-73274,39.76910322,-104.846562,4/5/2019 7:30,7:30,12,0,0,PEORIA STREET 3800 BLOCK NORTH & 39TH AVENUE,1,1,0,0,1,4,,0,35,0,0,0,0,0,4,2,5
,2019-73275,39.76947382,-104.846562,4/24/2019 9:50,9:50,12,0,0,PEORIA STREET 3800 BLOCK NORTH & 39TH AVENUE EAST,1,1,0,0,1,4,,0,35,0,0,0,0,0,4,2,5
,2019-73276,39.75538269,-105.0075225,10/17/2019 13:27,13:27,5,0,0,PLATTE STREET 1800 BLOCK & 19TH AVENUE WEST,1,1,1,0,3,4,,0,30,0,0,0,0,0,4,1,13
,2019-73277,39.77936995,-104.8464495,1/10/2019 8:44,8:44,1,0,0,PEORIA STREET 4600 BLOCK NORTH & 47TH AVENUE EAST,1,1,0,0,1,2,,0,45,0,0,0,0,0,4,2,13
,2019-73278,39.77884836,-104.8464495,1/11/2019 13:40,13:40,1,0,0,PEORIA STREET 4600 BLOCK NORTH & 47TH AVENUE EAST,2,1,0,2,1,2,,0,40,0,0,0,0,0,4,2,8
,2019-73279,39.77936995,-104.8464495,4/16/2019 15:56,15:56,1,0,0,PEORIA STREET 4600 BLOCK NORTH & 47TH AVENUE EAST,1,1,0,0,1,2,,0,40,0,0,0,0,0,4,2,8
,2019-73280,39.77942486,-104.8464495,10/21/2019 5:30,5:30,15,0,0,PEORIA STREET 4600 BLOCK NORTH & 47TH AVENUE EAST,1,4,0,0,1,3,,0,35,0,0,0,0,0,4,2,13
,2019-73281,39.69525137,-105.0399675,9/30/2019 18:16,18:16,12,0,0,PERRY STREET 1100 BLOCK NORTH & 12TH AVENUE WEST,1,1,0,0,1,4,,0,30,0,0,0,0,0,4,2,13
,2019-73282,39.75618148,-105.009309,8/21/2019 13:30,13:30,12,0,0,PLATTE STREET & 15TH STREET,1,1,0,0,1,4,,0,25,0,0,0,0,0,4,2,1
,2019-73283,39.75618148,-105.009309,12/21/2019 12:35,12:35,12,0,0,PLATTE STREET & 15TH STREET,1,1,0,0,1,2,,0,25,0,0,0,0,0,4,2,13
,2019-73284,39.73054274,-104.9032125,1/12/2019 14:15,14:15,12,0,0,QUEBEC STREET 900 BLOCK NORTH & 10TH AVENUE EAST,2,2,0,0,1,4,,0,35,0,0,0,1,0,4,2,13
,2019-73285,39.73741537,-104.9029875,4/1/2019 22:20,22:20,10,0,0,QUEBEC STREET 1300 BLOCK NORTH & 14TH AVENUE EAST,1,3,0,0,1,2,,0,30,0,0,0,0,0,4,2,7
,2019-73288,39.74851574,-104.9031315,6/7/2019 17:07,17:07,12,0,0,QUEBEC STREET NORTH 2100 BLOCK & 22ND AVENUE EAST,1,1,0,0,1,4,,0,30,0,0,0,0,0,4,2,5
,2019-73291,39.73628786,-105.041394,1/4/2019 8:37,8:37,6,0,0,RALEIGH STREET 1300 BLOCK NORTH & 14TH AVENUE WEST,1,1,0,0,1,4,,0,25,0,0,0,0,0,4,2,13
,2019-73292,39.69522784,-104.902542,10/12/2019 14:07,14:07,5,0,0,QUEBEC WAY 1211 SOUTH & MISSISSIPPI AVENUE EAST,1,1,0,0,2,4,,0,45,0,0,0,0,0,4,1,1
,2019-73293,39.74427538,-104.991291,3/14/2019 19:30,19:30,6,0,0,WELTON STREET & 16TH STREET,4,3,0,0,1,4,,0,25,0,0,0,0,0,4,2,14
,2019-73294,39.68356489,-104.8923495,7/20/2019 9:30,9:30,3,0,1,QUEBEC WAY SOUTH & COLORADO AVENUE EAST,1,1,0,0,1,2,,0,35,0,0,0,0,1,4,3,3
,2019-73295,39.77362259,-104.8993506,1/3/2019 13:09,13:09,12,0,0,ROSEMARY STREET 3800 BLOCK NORTH & SMITH ROAD EAST,1,1,0,0,1,4,,0,25,0,0,0,0,0,4,2,13
,2019-73297,39.73067301,-104.9983515,9/27/2019 14:40,14:40,12,0,0,SANTA FE DRIVE 900 BLOCK NORTH & 10TH AVENUE WEST,1,1,0,0,1,3,,0,35,0,0,0,0,0,4,2,1
,2019-73298,39.73821793,-104.999382,6/30/2019 10:52,10:52,12,0,0,SANTA FE DRIVE NORTH & 14TH AVENUE WEST,1,1,0,0,1,2,,0,30,0,0,0,0,0,4,2,13
,2019-73300,39.70985455,-104.997132,6/7/2019 13:11,13:11,15,0,0,SANTA FE DRIVE SOUTH 300 BLOCK & ALAMEDA AVENUE WEST,2,1,0,1,1,4,,0,35,0,0,0,0,0,4,3,1