id,drcog_id,latitude,longitude,crashtime,time,crashtype,numbkilled,numbinjurd,drcoglocat,rdconditin,lightngcon,roadcntgrd,weatherco,location,roaddescrp,schoolzone,constrzone,splimit,bikeinv,sctrinv,pedinv,motoinv,svrty,rdsystem,ttlvehcls,hcf
,2019-73690,39.783609,-104.8020663,10/9/2019 13:44,13:44,12,0,0,GREEN VALLEY RANCH BOULEVARD EAST & KITTREDGE STREET NORTH,1,1,0,0,1,4,,0,40,0,0,0,0,0,4,2,7
,2019-73691,39.671784,-105.0257074,8/19/2019 7:41,7:41,6,0,1,HARVARD AVENUE ROAD WEST & FEDERAL BOULEVARD SOUTH,1,1,0,0,1,4,,0,25,0,0,0,0,2,4,2,13
,2019-73692,39.675942,-104.9233268,1/22/2019 11:17,11:17,6,0,0,ILIFF AVENUE 6000 EAST & HOLLY STREET SOUTH,5,1,0,0,1,4,,0,25,0,0,0,0,0,4,4,13
,2019-73693,39.675942,-104.9233268,1/22/2019 12:39,12:39,6,0,0,ILIFF AVENUE 6000 EAST & HOLLY STREET SOUTH,5,1,0,0,1,4,,0,,0,0,0,0,0,4,2,13
,2019-73694,39.651759,-105.0531975,9/6/2019 20:00,20:00,5,0,1,HAMPDEN AVENUE SERVICE ROAD  & SHERIDAN BOULEVARD SOUTH,1,3,0,0,2,4,,0,35,0,0,0,0,2,4,1,1
,2019-73696,39.65050795,-105.0566318,10/18/2019 16:36,16:36,5,0,1,KENYON AVENUE WEST & SHERIDAN BOULEVARD SOUTH,1,1,0,0,3,4,,0,35,0,0,0,0,2,4,1,7
,2019-73697,39.755754,-104.9894363,6/23/2019 11:24,11:24,6,0,0,LARIMER STREET & PARK AVENUE WEST,1,1,0,0,1,4,,0,25,0,0,0,0,0,4,2,13
,2019-73698,39.747609,-104.9981176,6/29/2019 8:00,8:00,6,0,0,LAWRENCE STREET & 15TH STREET,1,1,0,0,1,4,,0,30,0,0,0,0,0,4,2,13
,2019-73699,39.757887,-104.9855361,1/13/2019 17:32,17:32,6,0,0,LAWRENCE STREET & 26TH STREET,1,3,0,0,1,4,,0,25,0,0,0,0,0,4,3,5
,2019-73700,39.72408878,-105.0058009,11/24/2019 20:44,20:44,6,0,1,ODYSSEY WAY & OSAGE WAY NORTH,1,3,1,0,1,4,,0,25,0,0,0,0,1,4,3,10
,2019-73701,39.719943,-104.891515,12/11/2019 7:17,7:17,15,0,0,LOWRY BOULEVARD EAST & UINTA WAY NORTH,1,1,0,0,1,6,,0,30,0,0,0,0,0,4,2,13
,2019-73702,39.753612,-104.9938067,8/30/2019 2:00,2:00,12,0,1,MARKET STREET & 20TH STREET,1,3,0,0,1,1,,0,25,0,0,0,0,1,4,2,1
,2019-73703,39.657348,-104.910446,3/16/2019 14:10,14:10,12,0,0,MILK BOULEVARD EAST & NEWPORT STREET NORTH / 6700 BLOCK EAST,1,1,0,0,1,4,,0,35,0,0,0,0,0,4,2,5
,2019-73704,39.75984941,-104.9437534,11/24/2019 16:03,16:03,12,0,0,MILK BOULEVARD EAST & RICHARD ALLEN COURT NORTH,1,1,0,0,1,4,,0,35,0,0,0,0,0,4,2,5
,2019-73705,39.761982,-104.9071299,7/17/2019 17:52,17:52,12,0,0,MLK BOULEVARD EAST & OLIVE STREET NORTH,1,1,0,0,1,3,,0,35,0,0,0,0,0,4,2,13
,2019-73706,39.709629,-105.0353509,7/31/2019 11:40,11:40,6,0,0,MORRISON ROAD & LOWELL BOULEVARD SOUTH,1,1,0,0,1,4,,0,30,0,0,0,0,0,4,3,1
,2019-73707,39.709629,-105.0355286,7/22/2019 15:36,15:36,3,0,0,MORRISON ROAD & LOWELL BOULEVARD SOUTH,1,1,0,0,1,2,,0,25,0,0,0,0,0,4,2,13
,2019-73708,39.706362,-105.0400439,10/13/2019 14:28,14:28,1,0,0,MORRISON ROAD & PERRY STREET SOUTH,1,1,0,0,1,2,,0,30,0,0,0,0,0,4,2,13
,2019-73709,39.703968,-105.0433571,5/21/2019 15:20,15:20,12,0,0,MORRISON ROAD & STUART STREET SOUTH,1,1,0,0,1,4,,0,30,0,0,0,0,0,4,3,1
,2019-73710,39.751713,-104.9840957,10/3/2019 17:21,17:21,6,0,0,PARK AVENUE WEST & CALIFORNIA STREET,1,1,0,0,1,4,,0,,0,0,0,0,0,4,2,13
,2019-73711,39.798243,-104.7725374,6/27/2019 13:10,13:10,12,0,0,TOWER ROAD NORTH & 56TH AVENUE EAST,1,1,0,0,1,3,,0,45,0,0,0,0,0,4,2,3
,2019-73712,39.750372,-104.9823361,9/6/2019 22:50,22:50,12,0,1,PARK AVENUE WEST 500 BLOCK & GLENARM PLACE,2,3,1,1,1,4,,0,30,0,0,0,0,1,4,3,3
,2019-73713,39.755754,-104.9893652,12/17/2019 9:00,9:00,12,0,0,PARK AVENUE WEST 1200 BLOCK & LARIMER STREET,1,1,0,0,1,5,,0,25,0,0,0,0,0,4,2,13
,2019-73714,39.757887,-104.9924614,4/27/2019 18:40,18:40,15,0,1,PARK AVENUE WEST 1800 BLOCK & WAZEE STREET,1,1,0,0,1,4,,0,30,0,0,0,0,1,4,2,5
,2019-73715,39.78785643,-104.7908595,1/21/2019 6:54,6:54,15,0,0,PENA BOULEVARD INBOUND 8400 BLOCK & TERMINAL,1,2,0,0,1,4,,0,15,0,0,0,0,0,4,2,13
,2019-73716,39.63977099,-105.0550854,1/13/2019 15:55,15:55,9,0,0,QUINCY AVENUE WEST & SHERIDAN BOULEVARD SOUTH,5,1,0,0,1,4,,0,40,0,0,0,0,0,4,1,7
,2019-73717,39.729717,-104.9919301,6/19/2019 17:05,17:05,12,0,0,SPEER BOULEVARD NORTH & BANNOCK STREET NORTH,1,1,0,0,1,4,,0,30,0,0,0,0,0,4,2,1
,2019-73718,39.726603,-104.9879453,10/28/2019 11:11,11:11,5,0,0,SPEER BOULEVARD NORTH & BROADWAY,6,1,1,0,2,4,,0,35,0,0,0,0,0,4,2,13
,2019-73719,39.720114,-104.9779791,6/14/2019 14:14,14:14,12,0,1,SPEER BOULEVARD EAST & CLARKSON STREET NORTH,2,1,0,1,1,4,,0,30,0,0,0,0,1,4,2,8
,2019-73720,39.752343,-105.0082698,11/14/2019 8:34,8:34,12,0,0,SPEER BOULEVARD 2100 BLOCK NORTH & ELITCH CIRCLE,1,1,1,0,1,4,,0,35,0,0,0,0,0,4,2,13
,2019-73721,39.73860019,-104.997382,11/8/2019 16:02,16:02,15,0,0,SPEER BOULEVARD 2300 BLOCK EAST & UNIVERSITY BOULEVARD SOUTH,1,1,0,0,1,4,,0,35,0,0,0,0,0,4,2,14
,2019-73722,39.720456,-104.979474,10/4/2019 23:11,23:11,15,0,0,SPEER BOULEVARD 600 BLOCK & WASHINGTON STREET NORTH,1,3,0,0,1,4,,0,35,0,0,0,1,0,4,2,8
,2019-73723,39.666177,-105.0435232,1/24/2019 15:15,15:15,6,0,0,TENNYSON 2500 SOUTH & STUART STREET SOUTH,5,1,0,0,1,4,,0,20,0,0,0,0,0,4,2,7
,2019-73724,39.798243,-104.7723594,1/2/2019 8:25,8:25,12,0,1,TOWER ROAD NORTH & 56TH AVENUE EAST,5,1,0,0,1,4,,0,45,0,0,0,0,1,4,3,13
,2019-73725,39.781098,-104.8414659,7/20/2019 11:32,11:32,12,0,1,TULSA COURT & ALBROOK DRIVE EAST,1,1,0,0,1,4,,0,30,0,0,0,0,1,4,3,13
,2019-73726,39.707487,-105.0253926,12/1/2019 12:54,12:54,6,0,0,VIRGINIA AVENUE 3000 BLOCK WEST & FEDERAL BOULEVARD SOUTH,5,1,0,0,1,4,,0,,0,0,0,0,0,4,2,13
,2019-73727,39.770262,-104.9723282,11/11/2019 18:12,18:12,12,0,0,WALNUT STREET & 38TH STREET,1,3,0,0,1,4,,0,30,0,0,0,0,0,4,2,3
,2019-73728,39.75831,-104.9877745,1/18/2019 22:48,22:48,5,0,0,WALNUT STREET & BROADWAY NORTH,9,3,0,0,1,4,,0,35,0,0,0,0,0,4,1,5
,2019-73729,39.70960244,-104.9867459,3/2/2019 8:38,8:38,15,0,0,WALSH PLACE EAST & LINCOLN STREET SOUTH,1,1,0,0,1,4,,0,30,0,0,0,0,0,4,2,14
,2019-73730,39.667725,-104.9211066,11/23/2019 21:32,21:32,12,0,2,YALE AVENUE EAST & HOLLY STREET SOUTH,1,3,0,0,1,3,,0,30,0,0,0,0,1,4,3,1
,2019-73731,39.63496361,-104.8857106,9/6/2019 12:30,12:30,12,0,0,YOSEMITE STREET SOUTH & BROADMOOR ROAD SOUTH,1,1,1,0,1,2,,0,25,0,0,0,0,0,4,2,13
,2019-73743,39.73703853,-104.9183601,11/9/2019 0:01,0:01,6,0,0,JASMINE STREET NORTH & 13TH AVENUE EAST,1,3,0,0,1,4,,0,25,0,0,0,0,0,4,2,13
,2019-73749,39.68965121,-105.0231686,9/24/2019 20:44,20:44,6,0,0,ELIOT STREET SOUTH & FLORIDA AVENUE WEST,1,2,0,0,1,4,,0,25,0,0,0,0,0,4,2,13
,2019-73790,39.76848862,-104.8751415,11/3/2019 18:38,18:38,5,0,0,SMITH ROAD EAST & HAVANA STREET NORTH,1,4,0,0,3,4,,0,35,0,0,0,0,0,4,1,5
,2019-73810,39.8318579,-104.6976501,11/15/2019 17:50,17:50,9,0,0,75TH AVENUE EAST & JACKSON GAP ROAD,1,3,1,0,3,4,,0,45,0,0,0,0,0,4,1,2
,2019-73811,39.75760377,-105.0047539,2/25/2019 8:25,8:25,12,0,0,20TH STREET 2400 BLOCK & I25,5,1,0,0,1,4,,0,25,0,0,0,0,0,4,2,13
,2019-73812,39.77792994,-104.8544276,3/19/2019 18:12,18:12,12,0,1,45TH AVENUE EAST & PARIS STREET NORTH,1,1,0,0,1,4,,0,25,0,0,0,0,1,4,2,7
,2019-73813,39.79852198,-104.8704101,12/13/2019 10:55,10:55,5,0,0,56TH AVENUE EAST & GALENA STREET NORTH,1,1,0,0,3,4,,0,40,0,0,0,0,0,4,1,13
,2019-73814,39.82514398,-104.6933988,3/6/2019 23:06,23:06,15,0,1,71ST AVENUE 7200 BLOCK EAST & JACKSON GAP ROAD,5,3,0,2,1,4,,0,45,0,0,0,0,2,4,2,7
,2019-73815,39.83805802,-104.7305006,1/21/2019 23:14,23:14,12,0,1,78TH AVENUE 22000 EAST & GUN CLUB ROAD,10,3,0,2,1,4,,0,45,0,0,0,0,1,4,2,7
,2019-73816,39.70736091,-104.9455511,3/29/2019 16:15,16:15,10,0,1,CHERRY CREEK NORTH DRIVE EAST & COLORADO BOULEVARD SOUTH,1,1,1,0,1,4,,0,30,0,0,0,0,1,4,2,13
,2019-73817,39.65111062,-104.8942146,4/30/2019 7:19,7:19,3,0,1,JEFFERSON AVENUE 8500 BLOCK EAST & YOSEMITE STREET SOUTH,1,1,0,0,1,2,,0,30,0,0,0,0,1,4,2,13
,2019-73818,39.83325138,-104.6890679,8/31/2019 1:05,1:05,12,0,3,PENA BOULEVARD & 75TH AVENUE,1,3,0,0,1,4,,0,65,0,0,0,0,2,4,2,12
,2019-73819,39.8344139,-104.7201998,5/28/2019 1:56,1:56,15,0,0,PENA BOULEVARD & GUN CLUB ROAD,1,3,0,2,1,4,,0,55,0,0,0,0,0,4,2,7
,2019-73820,39.63977062,-105.0626841,12/7/2019 2:18,2:18,5,0,0,QUINCY AVENUE 6100 BLOCK WEST & SHERIDAN BOULEVARD SOUTH,1,3,0,0,2,4,,0,30,0,0,0,0,0,4,1,13
,2019-73826,39.738438,-104.9799105,10/1/2019 22:47,22:47,11,0,1,14TH AVENUE EAST & PEARL STREET NORTH,2,3,0,1,1,1,,0,25,0,0,1,0,1,4,2,1
,2019-73827,39.75615,-104.991912,7/19/2019 11:30,11:30,2,0,0,22ND STREET & BLAKE STREET,1,1,0,0,1,1,,0,30,1,0,0,0,0,4,2,13
,2019-73828,39.687564,-104.940549,3/6/2019 19:07,19:07,11,0,1,COLORADO BOULEVARD SOUTH & IOWA AVENUE EAST,1,3,0,0,1,1,,0,35,0,0,1,0,2,2,2,13
,2019-73838,39.653116,-104.904394,6/23/2019 19:45,19:45,2,0,1,HAMPDEN AVENUE EAST & POPLAR STREET SOUTH,1,2,1,0,1,2,,0,40,1,0,0,0,1,2,2,13
,2019-73841,39.777393,-104.903402,1/27/2019 2:51,2:51,12,0,1,QUEBEC STREET NORTH & I70 EASTBOUND RAMPS,1,3,0,0,1,1,,0,,0,0,0,0,3,2,5,13
,2019-73842,39.777393,-104.903402,4/29/2019 2:33,2:33,3,0,1,QUEBEC STREET & I70 EASTBOUND OFF RAMP,1,3,0,0,1,1,,0,35,0,0,0,0,3,2,2,5
,2019-73846,39.740129,-104.942995,10/15/2019 12:50,12:50,11,0,1,JACKSON STREET NORTH & COLFAX AVENUE EAST,1,1,0,0,1,1,,0,30,0,0,1,0,2,2,2,13
,2019-73857,39.779944,-104.940633,12/12/2019 9:00,9:00,12,0,1,I70 & COLORADO BOULEVARD NORTH,1,1,0,0,1,4,,0,55,0,0,0,0,3,1,2,3
,2019-73858,39.778287,-104.912805,5/30/2019 12:15,12:15,12,0,2,I70 & MONACO STREET NORTH,1,1,0,0,1,4,,0,55,0,0,0,0,3,1,2,3
,2019-73863,39.696302,-104.897376,7/20/2019 9:56,9:56,2,0,1,MISSISSIPPI AVENUE EAST & PARKER ROAD SOUTH,1,1,0,0,1,1,,0,,1,0,0,0,2,2,2,8
,2019-73864,39.698677,-104.90377,12/8/2019 14:55,14:55,11,0,1,LEETSDALE DRIVE 7200 BLOCK & QUEBEC STREET SOUTH,1,1,0,0,1,1,,0,,0,0,1,0,2,2,2,13
,2019-73868,39.65728,-105.025202,11/14/2019 17:50,17:50,11,0,1,FEDERAL BOULEVARD SOUTH & FLOYD AVENUE,1,3,1,0,1,3,,0,35,0,0,1,0,2,2,2,3
,2019-73873,39.675721,-105.053261,9/29/2019 20:07,20:07,11,0,1,SHERIDAN BOULEVARD SOUTH & WARREN AVENUE WEST,1,2,0,0,1,1,,0,40,0,0,1,0,2,2,2,13
,2019-73874,39.721023,-105.053265,7/18/2019 17:22,17:22,3,0,2,SHERIDAN BOULEVARD NORTH & THIRD AVENUE WEST,1,1,1,0,1,1,,0,35,0,0,0,0,3,2,2,1
,2019-73895,39.78363,-104.7904,12/9/2019 16:26,16:26,1,0,3,PENA BOULEVARD & GREEN VALLEY RANCH BOULEVARD EAST,1,1,0,0,1,1,,0,40,0,0,0,0,3,4,2,13
,2019-73905,39.747627,-105.0053805,9/12/2019 13:37,13:37,2,0,0,11TH STREET & AURARIA PARKWAY,1,1,0,0,1,1,,0,,1,0,0,0,0,4,2,1
,2019-73906,39.753333,-104.995521,4/2/2019 6:15,6:15,11,0,1,19TH STREET & BLAKE STREET,1,2,0,0,1,1,,0,25,0,0,1,0,2,4,2,13
,2019-73907,39.750003,-104.9911515,7/31/2019 13:30,13:30,11,0,1,19TH STREET & CURTIS STREET,1,1,0,0,1,1,,0,,0,1,1,1,2,4,2,3
,2019-73908,39.764826,-104.9789835,10/19/2019 19:40,19:40,2,0,1,32ND STREET & WALNUT STREET,1,4,0,0,1,1,,0,,1,0,0,0,3,4,2,10
,2019-73909,39.720933,-104.9826105,10/11/2019 14:20,14:20,11,0,0,THIRD AVENUE EAST & LOGAN STREET NORTH,1,1,0,0,1,1,,1,25,0,0,1,0,0,4,2,14
,2019-73910,39.772881,-104.8016205,11/28/2019 22:23,22:23,12,0,4,40TH AVENUE EAST & KITTREDGE STREET NORTH,5,3,0,0,1,1,,0,40,0,0,0,0,3,4,2,13
,2019-73911,39.783798,-104.79465,11/21/2019 7:16,7:16,2,0,0,AIRPORT WAY NORTH & GREEN VALLEY RANCH BOULEVARD EAST,2,1,1,2,1,1,,0,,1,0,0,0,0,4,2,13
,2019-73912,39.695661,-104.9035905,7/19/2019 6:48,6:48,11,0,1,QUEBEC STREET SOUTH & MISSISSIPPI AVENUE EAST,1,1,0,0,1,1,,0,25,0,0,1,0,3,4,2,13
,2019-73913,39.769281,-105.008031,10/7/2019 12:03,12:03,11,0,1,QUIVAS STREET NORTH & 38TH AVENUE WEST,1,1,1,0,1,1,,0,25,0,0,1,0,1,4,2,13
,2019-73914,39.7584,-104.900508,9/30/2019 15:59,15:59,11,0,1,ROSLYN STREET NORTH & 29TH PLACE EAST,1,1,0,0,1,1,,0,25,0,0,1,0,2,4,2,14
,2019-73915,39.788595,-104.8401675,10/28/2019 16:25,16:25,11,0,2,TITAN COURT NORTH & 5325 NORTH TITAN COURT,9,1,1,0,2,2,,0,5,0,0,1,0,1,4,4,13
,2019-73916,39.741606,-104.959809,6/26/2019 7:22,7:22,2,0,1,YORK STREET NORTH & 16TH AVENUE EAST,1,1,0,0,1,1,,0,30,1,0,0,0,1,4,2,14
,2019-73932,39.75290694,-104.9926517,12/5/2019 18:43,18:43,2,0,1,20TH STREET & LARIMER STREET,2,3,0,1,1,1,,0,,1,0,0,0,2,4,2,13
,2019-73936,39.76044461,-105.0072087,10/2/2019 17:05,17:05,11,0,1,18TH STREET & CENTRAL STREET,1,1,1,0,1,4,,0,,0,0,1,0,1,4,2,13
,2019-73937,39.75502241,-104.9742048,11/18/2019 20:07,20:07,5,0,1,OGDEN STREET NORTH & 26TH AVENUE EAST,1,3,0,0,2,4,,0,25,0,0,0,0,3,4,1,5
,2019-73938,39.75223519,-105.0004572,10/25/2019 17:40,17:40,11,0,0,WYNKOOP STREET & 16TH STREET,1,2,0,0,1,4,,0,25,0,1,1,0,0,4,2,13
,2019-73941,39.75865507,-104.9830521,9/21/2019 18:20,18:20,14,0,1,27TH STREET & LAWRENCE STREET,1,2,0,0,1,4,,0,25,0,0,0,0,3,4,2,5
,2019-73942,39.75776758,-105.0075546,7/19/2019 16:05,16:05,2,0,1,PLATTE STREET & 16TH STREET,1,1,0,0,1,5,,0,25,1,0,0,0,2,4,2,13
,2019-73943,39.7480712,-104.9988976,8/10/2019 16:50,16:50,11,0,0,LARIMER STREET & 15TH STREET,1,1,0,0,1,5,,0,15,0,1,1,0,0,4,2,14
,2019-73944,39.65274357,-104.9153535,12/6/2019 8:38,8:38,5,0,1,LOCUST STREET SOUTH & HAMPDEN AVENUE EAST,1,1,0,0,3,4,,0,25,0,0,0,0,3,4,4,10
,2019-73948,39.76137802,-104.9910228,8/3/2019 18:14,18:14,9,0,1,DENARGO STREET & DELGANY STREET,1,1,0,0,1,4,,0,30,0,0,0,0,3,4,2,7
,2019-73950,39.76183906,-104.9363253,6/25/2019 22:38,22:38,11,0,1,MLK BOULEVARD EAST & BIRCH STREET NORTH,1,3,0,0,1,4,,0,,0,0,1,0,3,4,2,13
,2019-73951,39.77231891,-104.8475841,11/30/2019 5:10,5:10,11,0,1,PEORIA WAY 3900 BLOCK NORTH & 39TH AVENUE EAST,10,3,0,2,1,4,,0,,0,0,1,0,2,4,2,13
,2019-73972,39.77291869,-104.7921468,7/13/2019 20:43,20:43,15,0,2,40TH AVENUE EAST & PENA BOULEVARD,2,3,0,1,1,4,,0,40,0,0,0,0,1,4,3,13
,2019-7522,39.7339009,-105.0145405,3/8/2019 8:04,8:04,6,0,0,11TH AVENUE 2330 WEST & YUMA STREET NORTH,1,1,0,0,1,4,,0,25,0,0,0,0,0,4,2,13
,2019-8118,39.72301,-105.010662,8/19/2019 11:08,11:08,12,0,1,I25 NORTHBOUND EXIT GORE POINT & SIXTH AVENUE WEST,1,1,0,0,1,4,,0,55,0,0,0,0,1,1,2,13
,2019-8538,39.75471,-104.912829,11/9/2019 15:35,15:35,3,0,0,MONACO STREET NORTH & 26TH AVENUE EAST,1,1,0,0,1,1,,0,30,0,0,0,0,0,4,2,13
,2019-8539,39.655422,-104.912829,11/14/2019 9:10,9:10,6,0,0,MONACO STREET SOUTH & 3530 SOUTH MONACO STREET,1,1,0,0,1,4,,0,30,0,0,0,0,0,4,2,13
,2019-8540,39.76348056,-104.946264,5/10/2019 19:30,19:30,6,0,0,MADISON STREET NORTH & 33RD AVENUE EAST,1,1,1,0,1,4,,0,25,0,0,0,0,0,4,2,13
,2019-8601,39.76726277,-105.0127763,6/26/2019 15:42,15:42,6,0,0,VALLEJO STREET NORTH & 36TH AVENUE WEST,1,1,1,0,1,4,,0,25,0,0,0,0,0,4,2,13
,2019-8732,39.72564,-105.05313,3/23/2019 4:30,4:30,5,0,0,SHERIDAN BOULEVARD & SIXTH AVENUE EASTBOUND ON RAMP,1,3,1,0,2,4,,0,40,0,0,0,0,0,2,1,13
,2019-8793,39.77439748,-105.0463045,1/2/2019 11:15,11:15,5,0,0,VRAIN STREET & 3050 BLOCK SOUTH,4,1,1,0,4,3,,0,25,0,0,0,0,0,4,1,13
,2019-9002,39.725649,-104.912811,11/29/2019 18:27,18:27,3,0,1,MONACO STREET NORTH & SIXTH AVENUE EAST,5,3,0,2,1,1,,0,30,0,0,0,0,1,4,2,13
,2019-9016,39.729276,-104.912811,4/3/2019 13:07,13:07,3,0,0,MONACO STREET NORTH & EIGHTH AVENUE EAST,1,1,0,0,1,1,,0,35,0,0,0,0,0,4,2,1
,2019-9017,39.624219,-104.9117722,5/31/2019 11:35,11:35,3,0,0,MONACO STREET SOUTH & 900 BLOCK SOUTH,1,1,0,0,1,2,,0,30,0,0,0,0,0,4,2,13
,2019-9045,39.665556,-105.081462,7/17/2019 22:52,22:52,1,0,0,WADSWORTH BOULEVARD SOUTH & AMHERST AVENUE WEST,1,4,0,0,1,1,,0,45,0,0,0,0,0,2,2,14
,2019-9046,39.711366,-104.9129595,9/6/2019 9:03,9:03,1,0,0,MONACO PARKWAY SOUTH & ALAMEDA AVENUE EAST,1,1,0,0,1,1,,0,35,0,0,0,0,0,4,2,15
,2019-9096,39.711366,-104.9129595,11/20/2019 16:55,16:55,12,0,0,MONACO STREET SOUTH & ALAMEDA AVENUE EAST,1,3,0,0,1,1,,0,40,0,0,0,0,0,4,2,13
,2019-9110,39.711366,-104.9129595,11/30/2019 11:58,11:58,3,0,0,MONACO STREET SOUTH & ALAMEDA AVENUE EAST,5,1,0,6,1,1,,0,35,0,0,0,0,0,4,2,14
,2019-9171,39.6954,-104.9129685,9/9/2019 14:24,14:24,3,0,0,MONACO STREET SOUTH & ARIZONA AVENUE EAST,1,1,0,0,1,1,,0,35,0,0,0,0,0,4,2,13
,2019-9342,39.680028,-104.912982,9/24/2019 14:45,14:45,12,0,1,MONACO STREET 2000 BLOCK SOUTH & ASBURY AVENUE EAST,1,1,0,0,1,3,,0,35,0,0,0,0,1,4,3,13
,2019-9355,39.714768,-104.912892,2/27/2019 15:20,15:20,14,0,0,MONACO STREET SOUTH & BAYAUD AVENUE EAST,1,1,0,0,1,2,,0,30,0,0,0,0,0,4,2,13
,2019-9356,39.713103,-104.9129415,6/26/2019 10:59,10:59,6,0,0,MONACO STREET SOUTH & CEDAR AVENUE EAST,1,1,0,0,2,3,,0,35,0,0,0,0,0,4,2,7
,2019-9395,39.691431,-104.912901,8/9/2019 10:03,10:03,1,0,0,MONACO STREET SOUTH & CHERRY CREEK DRIVE NORTH EAST,1,1,0,0,1,1,,0,35,0,0,0,0,0,4,2,13
,2019-9396,39.66273,-104.912991,2/27/2019 8:56,8:56,12,0,0,MONACO STREET SOUTH & CORNELL AVENUE EAST,1,1,0,0,1,3,,0,30,0,0,0,0,0,4,2,3
,2019-9491,39.678435,-104.912892,10/11/2019 6:54,6:54,3,0,0,MONACO STREET SOUTH & EVANS AVENUE EAST,9,1,0,0,1,1,,0,35,0,0,0,0,0,4,2,7
,2019-9492,39.703887,-104.9129595,4/3/2019 7:30,7:30,12,0,0,MONACO STREET SOUTH & EXPOSITION AVENUE EAST,1,1,1,0,1,1,,0,30,0,0,0,0,0,4,2,13
,2019-9493,39.703887,-104.9129595,6/24/2019 12:40,12:40,15,0,0,MONACO STREET SOUTH & EXPOSITION AVENUE EAST,1,1,0,0,1,1,,0,35,0,0,0,0,0,4,2,13
,2019-9543,39.786219,-104.8469715,6/9/2019 13:37,13:37,3,0,0,PEORIA STREET NORTH & ANDREWS DRIVE EAST,1,1,0,0,1,1,,0,45,0,0,0,0,0,4,2,13
,2019-9699,39.689343,-104.912901,6/18/2019 18:17,18:17,1,0,1,MONACO STREET SOUTH & FLORIDA AVENUE EAST,1,1,0,0,1,1,,0,35,0,0,0,0,1,4,3,1
,2019-9700,39.689343,-104.912901,7/9/2019 18:15,18:15,1,0,0,MONACO STREET SOUTH & FLORIDA AVENUE EAST,1,1,0,0,1,1,,0,35,0,0,0,0,0,4,2,13
,2019-9713,39.654054,-104.91282,7/31/2019 14:50,14:50,5,0,0,MONACO STREET SOUTH & GIRARD AVENUE EAST,1,1,0,0,1,1,,0,35,0,0,0,0,0,4,2,7
,2019-9735,39.638052,-104.912379,5/16/2019 16:35,16:35,1,0,0,MONACO STREET SOUTH & HAPPY CANYON ROAD EAST,1,1,0,0,1,1,,0,30,0,0,0,0,0,4,2,14
,2019-9736,39.670794,-104.912802,2/4/2019 7:51,7:51,15,0,0,MONACO STREET & HARVARD AVENUE EAST,1,1,0,0,1,1,,0,30,0,0,0,0,0,4,2,14
,2019-9745,39.674844,-104.9129685,6/30/2019 1:20,1:20,3,0,0,MONACO PARKWAY SOUTH & ILIFF AVENUE EAST,1,3,1,0,1,1,,0,30,0,0,0,0,0,4,2,13
,2019-9746,39.682062,-104.912811,2/26/2019 11:42,11:42,3,0,1,MONACO STREET SOUTH & JEWELL AVENUE EAST,1,1,0,0,1,1,,0,35,0,0,0,0,1,4,2,3
,2019-9747,39.682062,-104.912811,3/21/2019 15:18,15:18,1,0,2,MONACO STREET SOUTH & JEWELL AVENUE EAST,1,1,0,0,1,1,,0,35,0,0,0,0,1,4,2,1
,2019-9783,39.747429,-104.912442,1/18/2019 16:51,16:51,3,0,0,MONACO STREET NORTH & MONTVIEW BOULEVARD EAST,2,3,0,0,1,1,,0,30,0,0,0,0,0,4,2,1
,2019-9784,39.651156,-104.912901,3/17/2019 19:42,19:42,12,0,0,MONACO STREET SOUTH & NARCISSUS WAY SOUTH,1,3,0,0,1,1,,0,40,0,0,0,0,0,4,2,3
,2019-9785,39.774024,-104.912829,9/18/2019 15:41,15:41,3,0,0,MONACO STREET NORTH & SANDOWN ROAD EAST,1,1,0,0,1,1,,0,30,0,0,0,1,0,4,2,13
,2019-9793,39.74835816,-105.0268198,10/18/2019 7:10,7:10,6,0,0,GROVE STREET NORTH & 21ST AVENUE WEST,1,1,0,0,1,4,,0,25,0,0,0,0,0,4,2,13
,2019-9870,39.778686,-104.912874,11/9/2019 7:55,7:55,12,0,0,MONACO STREET NORTH & STAPLETON NORTH DRIVE EAST,1,1,0,0,1,1,,0,,0,0,0,0,0,4,2,13
,2019-9878,39.707487,-104.9129415,6/3/2019 16:10,16:10,15,0,0,MONACO STREET SOUTH & VIRGINIA AVENUE EAST,1,1,0,0,1,1,,0,25,0,0,0,0,0,4,2,3
,2019-9879,39.707487,-104.9129415,12/1/2019 17:30,17:30,3,0,0,MONACO STREET SOUTH & VIRGINIA AVENUE EAST,2,3,0,0,1,1,,0,30,0,0,0,1,0,4,2,14
,2019-9887,39.709116,-104.9315805,11/16/2019 16:42,16:42,3,0,0,LEETSDALE DRIVE & DAHLIA STREET SOUTH,1,2,1,0,1,3,,0,35,0,0,0,0,0,2,2,13
,2019-9888,39.631455,-105.02541,3/7/2019 10:02,10:02,1,0,0,FEDERAL BOULEVARD SOUTH & UNION AVENUE WEST,1,1,0,0,1,1,,0,35,0,0,0,0,0,2,2,13
,2019-9952,39.73831969,-104.9695313,6/5/2019 15:00,15:00,6,0,0,HUMBOLDT STREET NORTH & 14TH AVENUE EAST,1,1,0,0,1,3,,0,,0,0,0,0,0,4,2,13